,hidden_layer_1_neurons,hidden_layer_2_neurons,hidden_layer_3_neurons,total_hidden_neurons,neurons_per_layer,activation,model_ID,config_name,precision,bits_per_weight,dynamic_calibration,weight_only,metric,value,runtime,base_metric,relative,eval_run
0,599,334,32,965,"[599, 334, 32]",gelu,model_1,Int8WeightOnlyConfig,int8,8.0,False,False,pytorch_quantized_MAE,8.303744010171684,pytorch,MAE,False,1.0
1,599,334,32,965,"[599, 334, 32]",gelu,model_1,Float8WeightOnlyConfig,float8,8.0,False,False,pytorch_quantized_MAE,8.327026517909312,pytorch,MAE,False,1.0
2,599,334,32,965,"[599, 334, 32]",gelu,model_1,Int8DynamicActivationInt8WeightConfig,int8,8.0,True,False,pytorch_quantized_MAE,8.312660683805047,pytorch,MAE,False,1.0
3,599,334,32,965,"[599, 334, 32]",gelu,model_1,Int8WeightOnlyConfig,int8,8.0,False,False,pytorch_relative_MAE,1.0017846130143981,pytorch,MAE,True,1.0
4,599,334,32,965,"[599, 334, 32]",gelu,model_1,Float8WeightOnlyConfig,float8,8.0,False,False,pytorch_relative_MAE,1.0045934734483633,pytorch,MAE,True,1.0
5,599,334,32,965,"[599, 334, 32]",gelu,model_1,Int8DynamicActivationInt8WeightConfig,int8,8.0,True,False,pytorch_relative_MAE,1.0028603430024894,pytorch,MAE,True,1.0
6,599,334,32,965,"[599, 334, 32]",gelu,model_1,Int8WeightOnlyConfig,int8,8.0,False,False,pytorch_quantized_model_size,260271.0,pytorch,model_size,False,1.0
7,599,334,32,965,"[599, 334, 32]",gelu,model_1,Float8WeightOnlyConfig,float8,8.0,False,False,pytorch_quantized_model_size,260271.0,pytorch,model_size,False,1.0
8,599,334,32,965,"[599, 334, 32]",gelu,model_1,Int8DynamicActivationInt8WeightConfig,int8,8.0,True,False,pytorch_quantized_model_size,260271.0,pytorch,model_size,False,1.0
9,599,334,32,965,"[599, 334, 32]",gelu,model_1,Int8WeightOnlyConfig,int8,8.0,False,False,pytorch_quantized_median_latency,0.00048072822391986847,pytorch,median_latency,False,1.0
10,599,334,32,965,"[599, 334, 32]",gelu,model_1,Float8WeightOnlyConfig,float8,8.0,False,False,pytorch_quantized_median_latency,0.0005322583019733429,pytorch,median_latency,False,1.0
11,599,334,32,965,"[599, 334, 32]",gelu,model_1,Int8DynamicActivationInt8WeightConfig,int8,8.0,True,False,pytorch_quantized_median_latency,0.012210806831717491,pytorch,median_latency,False,1.0
12,599,334,32,965,"[599, 334, 32]",gelu,model_1,Int8WeightOnlyConfig,int8,8.0,False,False,pytorch_quantized_p95_latency,0.000491744838654995,pytorch,p95_latency,False,1.0
13,599,334,32,965,"[599, 334, 32]",gelu,model_1,Float8WeightOnlyConfig,float8,8.0,False,False,pytorch_quantized_p95_latency,0.0005417792126536369,pytorch,p95_latency,False,1.0
14,599,334,32,965,"[599, 334, 32]",gelu,model_1,Int8DynamicActivationInt8WeightConfig,int8,8.0,True,False,pytorch_quantized_p95_latency,0.012405787780880927,pytorch,p95_latency,False,1.0
15,599,334,32,965,"[599, 334, 32]",gelu,model_1,Int8WeightOnlyConfig,int8,8.0,False,False,pytorch_quantized_p99_latency,0.000496625229716301,pytorch,p99_latency,False,1.0
16,599,334,32,965,"[599, 334, 32]",gelu,model_1,Float8WeightOnlyConfig,float8,8.0,False,False,pytorch_quantized_p99_latency,0.0005462076514959335,pytorch,p99_latency,False,1.0
17,599,334,32,965,"[599, 334, 32]",gelu,model_1,Int8DynamicActivationInt8WeightConfig,int8,8.0,True,False,pytorch_quantized_p99_latency,0.01405666910111904,pytorch,p99_latency,False,1.0
18,599,334,32,965,"[599, 334, 32]",gelu,model_1,Int8WeightOnlyConfig,int8,8.0,False,False,pytorch_relative_model_size,0.25,pytorch,model_size,True,1.0
19,599,334,32,965,"[599, 334, 32]",gelu,model_1,Float8WeightOnlyConfig,float8,8.0,False,False,pytorch_relative_model_size,0.25,pytorch,model_size,True,1.0
20,599,334,32,965,"[599, 334, 32]",gelu,model_1,Int8DynamicActivationInt8WeightConfig,int8,8.0,True,False,pytorch_relative_model_size,0.25,pytorch,model_size,True,1.0
21,599,334,32,965,"[599, 334, 32]",gelu,model_1,Int8WeightOnlyConfig,int8,8.0,False,False,pytorch_relative_median_latency,3.096262971627377,pytorch,median_latency,True,1.0
22,599,334,32,965,"[599, 334, 32]",gelu,model_1,Float8WeightOnlyConfig,float8,8.0,False,False,pytorch_relative_median_latency,3.4281566792633917,pytorch,median_latency,True,1.0
23,599,334,32,965,"[599, 334, 32]",gelu,model_1,Int8DynamicActivationInt8WeightConfig,int8,8.0,True,False,pytorch_relative_median_latency,78.64707576030231,pytorch,median_latency,True,1.0
24,599,334,32,965,"[599, 334, 32]",gelu,model_1,Int8WeightOnlyConfig,int8,8.0,False,False,pytorch_relative_p95_latency,2.951418506713829,pytorch,p95_latency,True,1.0
25,599,334,32,965,"[599, 334, 32]",gelu,model_1,Float8WeightOnlyConfig,float8,8.0,False,False,pytorch_relative_p95_latency,3.251721358484154,pytorch,p95_latency,True,1.0
26,599,334,32,965,"[599, 334, 32]",gelu,model_1,Int8DynamicActivationInt8WeightConfig,int8,8.0,True,False,pytorch_relative_p95_latency,74.45868012972653,pytorch,p95_latency,True,1.0
27,599,334,32,965,"[599, 334, 32]",gelu,model_1,Int8WeightOnlyConfig,int8,8.0,False,False,pytorch_relative_p99_latency,2.942633231192767,pytorch,p99_latency,True,1.0
28,599,334,32,965,"[599, 334, 32]",gelu,model_1,Float8WeightOnlyConfig,float8,8.0,False,False,pytorch_relative_p99_latency,3.2364219339840257,pytorch,p99_latency,True,1.0
29,599,334,32,965,"[599, 334, 32]",gelu,model_1,Int8DynamicActivationInt8WeightConfig,int8,8.0,True,False,pytorch_relative_p99_latency,83.28940847500351,pytorch,p99_latency,True,1.0
30,599,334,32,965,"[599, 334, 32]",gelu,model_1,Int8WeightOnlyConfig,int8,8.0,False,False,pytorch_quantized_MAE,8.135924962816212,pytorch,MAE,False,2.0
31,599,334,32,965,"[599, 334, 32]",gelu,model_1,Float8WeightOnlyConfig,float8,8.0,False,False,pytorch_quantized_MAE,8.168849697453956,pytorch,MAE,False,2.0
32,599,334,32,965,"[599, 334, 32]",gelu,model_1,Int8DynamicActivationInt8WeightConfig,int8,8.0,True,False,pytorch_quantized_MAE,8.154726439338749,pytorch,MAE,False,2.0
33,599,334,32,965,"[599, 334, 32]",gelu,model_1,Int8WeightOnlyConfig,int8,8.0,False,False,pytorch_relative_MAE,1.0021741246391447,pytorch,MAE,True,2.0
34,599,334,32,965,"[599, 334, 32]",gelu,model_1,Float8WeightOnlyConfig,float8,8.0,False,False,pytorch_relative_MAE,1.0062297565759386,pytorch,MAE,True,2.0
35,599,334,32,965,"[599, 334, 32]",gelu,model_1,Int8DynamicActivationInt8WeightConfig,int8,8.0,True,False,pytorch_relative_MAE,1.0044900694594339,pytorch,MAE,True,2.0
36,599,334,32,965,"[599, 334, 32]",gelu,model_1,Int8WeightOnlyConfig,int8,8.0,False,False,pytorch_quantized_model_size,260271.0,pytorch,model_size,False,2.0
37,599,334,32,965,"[599, 334, 32]",gelu,model_1,Float8WeightOnlyConfig,float8,8.0,False,False,pytorch_quantized_model_size,260271.0,pytorch,model_size,False,2.0
38,599,334,32,965,"[599, 334, 32]",gelu,model_1,Int8DynamicActivationInt8WeightConfig,int8,8.0,True,False,pytorch_quantized_model_size,260271.0,pytorch,model_size,False,2.0
39,599,334,32,965,"[599, 334, 32]",gelu,model_1,Int8WeightOnlyConfig,int8,8.0,False,False,pytorch_quantized_median_latency,0.00045990943908691406,pytorch,median_latency,False,2.0
40,599,334,32,965,"[599, 334, 32]",gelu,model_1,Float8WeightOnlyConfig,float8,8.0,False,False,pytorch_quantized_median_latency,0.0005029141902923584,pytorch,median_latency,False,2.0
41,599,334,32,965,"[599, 334, 32]",gelu,model_1,Int8DynamicActivationInt8WeightConfig,int8,8.0,True,False,pytorch_quantized_median_latency,0.011982118710875511,pytorch,median_latency,False,2.0
42,599,334,32,965,"[599, 334, 32]",gelu,model_1,Int8WeightOnlyConfig,int8,8.0,False,False,pytorch_quantized_p95_latency,0.0004711611196398735,pytorch,p95_latency,False,2.0
43,599,334,32,965,"[599, 334, 32]",gelu,model_1,Float8WeightOnlyConfig,float8,8.0,False,False,pytorch_quantized_p95_latency,0.0005122734233736992,pytorch,p95_latency,False,2.0
44,599,334,32,965,"[599, 334, 32]",gelu,model_1,Int8DynamicActivationInt8WeightConfig,int8,8.0,True,False,pytorch_quantized_p95_latency,0.012058706022799015,pytorch,p95_latency,False,2.0
45,599,334,32,965,"[599, 334, 32]",gelu,model_1,Int8WeightOnlyConfig,int8,8.0,False,False,pytorch_quantized_p99_latency,0.00047521732747554776,pytorch,p99_latency,False,2.0
46,599,334,32,965,"[599, 334, 32]",gelu,model_1,Float8WeightOnlyConfig,float8,8.0,False,False,pytorch_quantized_p99_latency,0.0005180259421467781,pytorch,p99_latency,False,2.0
47,599,334,32,965,"[599, 334, 32]",gelu,model_1,Int8DynamicActivationInt8WeightConfig,int8,8.0,True,False,pytorch_quantized_p99_latency,0.012700607813894746,pytorch,p99_latency,False,2.0
48,599,334,32,965,"[599, 334, 32]",gelu,model_1,Int8WeightOnlyConfig,int8,8.0,False,False,pytorch_relative_model_size,0.25,pytorch,model_size,True,2.0
49,599,334,32,965,"[599, 334, 32]",gelu,model_1,Float8WeightOnlyConfig,float8,8.0,False,False,pytorch_relative_model_size,0.25,pytorch,model_size,True,2.0
50,599,334,32,965,"[599, 334, 32]",gelu,model_1,Int8DynamicActivationInt8WeightConfig,int8,8.0,True,False,pytorch_relative_model_size,0.25,pytorch,model_size,True,2.0
51,599,334,32,965,"[599, 334, 32]",gelu,model_1,Int8WeightOnlyConfig,int8,8.0,False,False,pytorch_relative_median_latency,2.927058265662972,pytorch,median_latency,True,2.0
52,599,334,32,965,"[599, 334, 32]",gelu,model_1,Float8WeightOnlyConfig,float8,8.0,False,False,pytorch_relative_median_latency,3.2007586983581295,pytorch,median_latency,True,2.0
53,599,334,32,965,"[599, 334, 32]",gelu,model_1,Int8DynamicActivationInt8WeightConfig,int8,8.0,True,False,pytorch_relative_median_latency,76.25927330922886,pytorch,median_latency,True,2.0
54,599,334,32,965,"[599, 334, 32]",gelu,model_1,Int8WeightOnlyConfig,int8,8.0,False,False,pytorch_relative_p95_latency,2.808133119298035,pytorch,p95_latency,True,2.0
55,599,334,32,965,"[599, 334, 32]",gelu,model_1,Float8WeightOnlyConfig,float8,8.0,False,False,pytorch_relative_p95_latency,3.053163570481779,pytorch,p95_latency,True,2.0
56,599,334,32,965,"[599, 334, 32]",gelu,model_1,Int8DynamicActivationInt8WeightConfig,int8,8.0,True,False,pytorch_relative_p95_latency,71.87021667743504,pytorch,p95_latency,True,2.0
57,599,334,32,965,"[599, 334, 32]",gelu,model_1,Int8WeightOnlyConfig,int8,8.0,False,False,pytorch_relative_p99_latency,2.8034879987411627,pytorch,p99_latency,True,2.0
58,599,334,32,965,"[599, 334, 32]",gelu,model_1,Float8WeightOnlyConfig,float8,8.0,False,False,pytorch_relative_p99_latency,3.0560323201173745,pytorch,p99_latency,True,2.0
59,599,334,32,965,"[599, 334, 32]",gelu,model_1,Int8DynamicActivationInt8WeightConfig,int8,8.0,True,False,pytorch_relative_p99_latency,74.92572245233262,pytorch,p99_latency,True,2.0
60,599,334,32,965,"[599, 334, 32]",gelu,model_1,Int8WeightOnlyConfig,int8,8.0,False,False,pytorch_quantized_MAE,8.320237670209423,pytorch,MAE,False,3.0
61,599,334,32,965,"[599, 334, 32]",gelu,model_1,Float8WeightOnlyConfig,float8,8.0,False,False,pytorch_quantized_MAE,8.345232937544557,pytorch,MAE,False,3.0
62,599,334,32,965,"[599, 334, 32]",gelu,model_1,Int8DynamicActivationInt8WeightConfig,int8,8.0,True,False,pytorch_quantized_MAE,8.342998626651566,pytorch,MAE,False,3.0
63,599,334,32,965,"[599, 334, 32]",gelu,model_1,Int8WeightOnlyConfig,int8,8.0,False,False,pytorch_relative_MAE,1.002207059054529,pytorch,MAE,True,3.0
64,599,334,32,965,"[599, 334, 32]",gelu,model_1,Float8WeightOnlyConfig,float8,8.0,False,False,pytorch_relative_MAE,1.0052178424430755,pytorch,MAE,True,3.0
65,599,334,32,965,"[599, 334, 32]",gelu,model_1,Int8DynamicActivationInt8WeightConfig,int8,8.0,True,False,pytorch_relative_MAE,1.0049487104497556,pytorch,MAE,True,3.0
66,599,334,32,965,"[599, 334, 32]",gelu,model_1,Int8WeightOnlyConfig,int8,8.0,False,False,pytorch_quantized_model_size,260271.0,pytorch,model_size,False,3.0
67,599,334,32,965,"[599, 334, 32]",gelu,model_1,Float8WeightOnlyConfig,float8,8.0,False,False,pytorch_quantized_model_size,260271.0,pytorch,model_size,False,3.0
68,599,334,32,965,"[599, 334, 32]",gelu,model_1,Int8DynamicActivationInt8WeightConfig,int8,8.0,True,False,pytorch_quantized_model_size,260271.0,pytorch,model_size,False,3.0
69,599,334,32,965,"[599, 334, 32]",gelu,model_1,Int8WeightOnlyConfig,int8,8.0,False,False,pytorch_quantized_median_latency,0.00041930563747882843,pytorch,median_latency,False,3.0
70,599,334,32,965,"[599, 334, 32]",gelu,model_1,Float8WeightOnlyConfig,float8,8.0,False,False,pytorch_quantized_median_latency,0.0005741380155086517,pytorch,median_latency,False,3.0
71,599,334,32,965,"[599, 334, 32]",gelu,model_1,Int8DynamicActivationInt8WeightConfig,int8,8.0,True,False,pytorch_quantized_median_latency,0.01223909854888916,pytorch,median_latency,False,3.0
72,599,334,32,965,"[599, 334, 32]",gelu,model_1,Int8WeightOnlyConfig,int8,8.0,False,False,pytorch_quantized_p95_latency,0.00043230187147855756,pytorch,p95_latency,False,3.0
73,599,334,32,965,"[599, 334, 32]",gelu,model_1,Float8WeightOnlyConfig,float8,8.0,False,False,pytorch_quantized_p95_latency,0.000581417977809906,pytorch,p95_latency,False,3.0
74,599,334,32,965,"[599, 334, 32]",gelu,model_1,Int8DynamicActivationInt8WeightConfig,int8,8.0,True,False,pytorch_quantized_p95_latency,0.012379876151680945,pytorch,p95_latency,False,3.0
75,599,334,32,965,"[599, 334, 32]",gelu,model_1,Int8WeightOnlyConfig,int8,8.0,False,False,pytorch_quantized_p99_latency,0.00044076036661863324,pytorch,p99_latency,False,3.0
76,599,334,32,965,"[599, 334, 32]",gelu,model_1,Float8WeightOnlyConfig,float8,8.0,False,False,pytorch_quantized_p99_latency,0.0005878697708249092,pytorch,p99_latency,False,3.0
77,599,334,32,965,"[599, 334, 32]",gelu,model_1,Int8DynamicActivationInt8WeightConfig,int8,8.0,True,False,pytorch_quantized_p99_latency,0.012964374348521232,pytorch,p99_latency,False,3.0
78,599,334,32,965,"[599, 334, 32]",gelu,model_1,Int8WeightOnlyConfig,int8,8.0,False,False,pytorch_relative_model_size,0.25,pytorch,model_size,True,3.0
79,599,334,32,965,"[599, 334, 32]",gelu,model_1,Float8WeightOnlyConfig,float8,8.0,False,False,pytorch_relative_model_size,0.25,pytorch,model_size,True,3.0
80,599,334,32,965,"[599, 334, 32]",gelu,model_1,Int8DynamicActivationInt8WeightConfig,int8,8.0,True,False,pytorch_relative_model_size,0.25,pytorch,model_size,True,3.0
81,599,334,32,965,"[599, 334, 32]",gelu,model_1,Int8WeightOnlyConfig,int8,8.0,False,False,pytorch_relative_median_latency,2.6577685950413223,pytorch,median_latency,True,3.0
82,599,334,32,965,"[599, 334, 32]",gelu,model_1,Float8WeightOnlyConfig,float8,8.0,False,False,pytorch_relative_median_latency,3.6391735537190084,pytorch,median_latency,True,3.0
83,599,334,32,965,"[599, 334, 32]",gelu,model_1,Int8DynamicActivationInt8WeightConfig,int8,8.0,True,False,pytorch_relative_median_latency,77.57752066115702,pytorch,median_latency,True,3.0
84,599,334,32,965,"[599, 334, 32]",gelu,model_1,Int8WeightOnlyConfig,int8,8.0,False,False,pytorch_relative_p95_latency,2.547743928409904,pytorch,p95_latency,True,3.0
85,599,334,32,965,"[599, 334, 32]",gelu,model_1,Float8WeightOnlyConfig,float8,8.0,False,False,pytorch_relative_p95_latency,3.426550335688348,pytorch,p95_latency,True,3.0
86,599,334,32,965,"[599, 334, 32]",gelu,model_1,Int8DynamicActivationInt8WeightConfig,int8,8.0,True,False,pytorch_relative_p95_latency,72.96002256949781,pytorch,p95_latency,True,3.0
87,599,334,32,965,"[599, 334, 32]",gelu,model_1,Int8WeightOnlyConfig,int8,8.0,False,False,pytorch_relative_p99_latency,2.5481392223500072,pytorch,p99_latency,True,3.0
88,599,334,32,965,"[599, 334, 32]",gelu,model_1,Float8WeightOnlyConfig,float8,8.0,False,False,pytorch_relative_p99_latency,3.3986132468416317,pytorch,p99_latency,True,3.0
89,599,334,32,965,"[599, 334, 32]",gelu,model_1,Int8DynamicActivationInt8WeightConfig,int8,8.0,True,False,pytorch_relative_p99_latency,74.95009368498584,pytorch,p99_latency,True,3.0
90,207,190,81,478,"[207, 190, 81]",leaky_relu,model_10,Int8WeightOnlyConfig,int8,8.0,False,False,pytorch_quantized_MAE,8.349535248577876,pytorch,MAE,False,1.0
91,207,190,81,478,"[207, 190, 81]",leaky_relu,model_10,Float8WeightOnlyConfig,float8,8.0,False,False,pytorch_quantized_MAE,8.29448826270404,pytorch,MAE,False,1.0
92,207,190,81,478,"[207, 190, 81]",leaky_relu,model_10,Int8DynamicActivationInt8WeightConfig,int8,8.0,True,False,pytorch_quantized_MAE,8.357566151659329,pytorch,MAE,False,1.0
93,207,190,81,478,"[207, 190, 81]",leaky_relu,model_10,Int8WeightOnlyConfig,int8,8.0,False,False,pytorch_relative_MAE,0.9999113740274473,pytorch,MAE,True,1.0
94,207,190,81,478,"[207, 190, 81]",leaky_relu,model_10,Float8WeightOnlyConfig,float8,8.0,False,False,pytorch_relative_MAE,0.9933191379756799,pytorch,MAE,True,1.0
95,207,190,81,478,"[207, 190, 81]",leaky_relu,model_10,Int8DynamicActivationInt8WeightConfig,int8,8.0,True,False,pytorch_relative_MAE,1.000873127118582,pytorch,MAE,True,1.0
96,207,190,81,478,"[207, 190, 81]",leaky_relu,model_10,Int8WeightOnlyConfig,int8,8.0,False,False,pytorch_quantized_model_size,72047.0,pytorch,model_size,False,1.0
97,207,190,81,478,"[207, 190, 81]",leaky_relu,model_10,Float8WeightOnlyConfig,float8,8.0,False,False,pytorch_quantized_model_size,72047.0,pytorch,model_size,False,1.0
98,207,190,81,478,"[207, 190, 81]",leaky_relu,model_10,Int8DynamicActivationInt8WeightConfig,int8,8.0,True,False,pytorch_quantized_model_size,72047.0,pytorch,model_size,False,1.0
99,207,190,81,478,"[207, 190, 81]",leaky_relu,model_10,Int8WeightOnlyConfig,int8,8.0,False,False,pytorch_quantized_median_latency,0.000414237380027771,pytorch,median_latency,False,1.0
100,207,190,81,478,"[207, 190, 81]",leaky_relu,model_10,Float8WeightOnlyConfig,float8,8.0,False,False,pytorch_quantized_median_latency,0.0005116164684295654,pytorch,median_latency,False,1.0
101,207,190,81,478,"[207, 190, 81]",leaky_relu,model_10,Int8DynamicActivationInt8WeightConfig,int8,8.0,True,False,pytorch_quantized_median_latency,0.00814903900027275,pytorch,median_latency,False,1.0
102,207,190,81,478,"[207, 190, 81]",leaky_relu,model_10,Int8WeightOnlyConfig,int8,8.0,False,False,pytorch_quantized_p95_latency,0.00042676832526922226,pytorch,p95_latency,False,1.0
103,207,190,81,478,"[207, 190, 81]",leaky_relu,model_10,Float8WeightOnlyConfig,float8,8.0,False,False,pytorch_quantized_p95_latency,0.000521090067923069,pytorch,p95_latency,False,1.0
104,207,190,81,478,"[207, 190, 81]",leaky_relu,model_10,Int8DynamicActivationInt8WeightConfig,int8,8.0,True,False,pytorch_quantized_p95_latency,0.00838201455771923,pytorch,p95_latency,False,1.0
105,207,190,81,478,"[207, 190, 81]",leaky_relu,model_10,Int8WeightOnlyConfig,int8,8.0,False,False,pytorch_quantized_p99_latency,0.00043072834610939024,pytorch,p99_latency,False,1.0
106,207,190,81,478,"[207, 190, 81]",leaky_relu,model_10,Float8WeightOnlyConfig,float8,8.0,False,False,pytorch_quantized_p99_latency,0.0005383695289492607,pytorch,p99_latency,False,1.0
107,207,190,81,478,"[207, 190, 81]",leaky_relu,model_10,Int8DynamicActivationInt8WeightConfig,int8,8.0,True,False,pytorch_quantized_p99_latency,0.016897276788949964,pytorch,p99_latency,False,1.0
108,207,190,81,478,"[207, 190, 81]",leaky_relu,model_10,Int8WeightOnlyConfig,int8,8.0,False,False,pytorch_relative_model_size,0.25,pytorch,model_size,True,1.0
109,207,190,81,478,"[207, 190, 81]",leaky_relu,model_10,Float8WeightOnlyConfig,float8,8.0,False,False,pytorch_relative_model_size,0.25,pytorch,model_size,True,1.0
110,207,190,81,478,"[207, 190, 81]",leaky_relu,model_10,Int8DynamicActivationInt8WeightConfig,int8,8.0,True,False,pytorch_relative_model_size,0.25,pytorch,model_size,True,1.0
111,207,190,81,478,"[207, 190, 81]",leaky_relu,model_10,Int8WeightOnlyConfig,int8,8.0,False,False,pytorch_relative_median_latency,2.595581284065312,pytorch,median_latency,True,1.0
112,207,190,81,478,"[207, 190, 81]",leaky_relu,model_10,Float8WeightOnlyConfig,float8,8.0,False,False,pytorch_relative_median_latency,3.2057515668584635,pytorch,median_latency,True,1.0
113,207,190,81,478,"[207, 190, 81]",leaky_relu,model_10,Int8DynamicActivationInt8WeightConfig,int8,8.0,True,False,pytorch_relative_median_latency,51.06128546585591,pytorch,median_latency,True,1.0
114,207,190,81,478,"[207, 190, 81]",leaky_relu,model_10,Int8WeightOnlyConfig,int8,8.0,False,False,pytorch_relative_p95_latency,2.493939839230221,pytorch,p95_latency,True,1.0
115,207,190,81,478,"[207, 190, 81]",leaky_relu,model_10,Float8WeightOnlyConfig,float8,8.0,False,False,pytorch_relative_p95_latency,3.045135271931686,pytorch,p95_latency,True,1.0
116,207,190,81,478,"[207, 190, 81]",leaky_relu,model_10,Int8DynamicActivationInt8WeightConfig,int8,8.0,True,False,pytorch_relative_p95_latency,48.982641870894355,pytorch,p95_latency,True,1.0
117,207,190,81,478,"[207, 190, 81]",leaky_relu,model_10,Int8WeightOnlyConfig,int8,8.0,False,False,pytorch_relative_p99_latency,2.40122064327585,pytorch,p99_latency,True,1.0
118,207,190,81,478,"[207, 190, 81]",leaky_relu,model_10,Float8WeightOnlyConfig,float8,8.0,False,False,pytorch_relative_p99_latency,3.001297774573089,pytorch,p99_latency,True,1.0
119,207,190,81,478,"[207, 190, 81]",leaky_relu,model_10,Int8DynamicActivationInt8WeightConfig,int8,8.0,True,False,pytorch_relative_p99_latency,94.19879190042461,pytorch,p99_latency,True,1.0
120,207,190,81,478,"[207, 190, 81]",leaky_relu,model_10,Int8WeightOnlyConfig,int8,8.0,False,False,pytorch_quantized_MAE,8.082903606310724,pytorch,MAE,False,2.0
121,207,190,81,478,"[207, 190, 81]",leaky_relu,model_10,Float8WeightOnlyConfig,float8,8.0,False,False,pytorch_quantized_MAE,8.041177388978026,pytorch,MAE,False,2.0
122,207,190,81,478,"[207, 190, 81]",leaky_relu,model_10,Int8DynamicActivationInt8WeightConfig,int8,8.0,True,False,pytorch_quantized_MAE,8.087737635184546,pytorch,MAE,False,2.0
123,207,190,81,478,"[207, 190, 81]",leaky_relu,model_10,Int8WeightOnlyConfig,int8,8.0,False,False,pytorch_relative_MAE,0.9999566982399817,pytorch,MAE,True,2.0
124,207,190,81,478,"[207, 190, 81]",leaky_relu,model_10,Float8WeightOnlyConfig,float8,8.0,False,False,pytorch_relative_MAE,0.9947946410701458,pytorch,MAE,True,2.0
125,207,190,81,478,"[207, 190, 81]",leaky_relu,model_10,Int8DynamicActivationInt8WeightConfig,int8,8.0,True,False,pytorch_relative_MAE,1.0005547283275964,pytorch,MAE,True,2.0
126,207,190,81,478,"[207, 190, 81]",leaky_relu,model_10,Int8WeightOnlyConfig,int8,8.0,False,False,pytorch_quantized_model_size,72047.0,pytorch,model_size,False,2.0
127,207,190,81,478,"[207, 190, 81]",leaky_relu,model_10,Float8WeightOnlyConfig,float8,8.0,False,False,pytorch_quantized_model_size,72047.0,pytorch,model_size,False,2.0
128,207,190,81,478,"[207, 190, 81]",leaky_relu,model_10,Int8DynamicActivationInt8WeightConfig,int8,8.0,True,False,pytorch_quantized_model_size,72047.0,pytorch,model_size,False,2.0
129,207,190,81,478,"[207, 190, 81]",leaky_relu,model_10,Int8WeightOnlyConfig,int8,8.0,False,False,pytorch_quantized_median_latency,0.00048810243606567383,pytorch,median_latency,False,2.0
130,207,190,81,478,"[207, 190, 81]",leaky_relu,model_10,Float8WeightOnlyConfig,float8,8.0,False,False,pytorch_quantized_median_latency,0.0005946848541498184,pytorch,median_latency,False,2.0
131,207,190,81,478,"[207, 190, 81]",leaky_relu,model_10,Int8DynamicActivationInt8WeightConfig,int8,8.0,True,False,pytorch_quantized_median_latency,0.008305646479129791,pytorch,median_latency,False,2.0
132,207,190,81,478,"[207, 190, 81]",leaky_relu,model_10,Int8WeightOnlyConfig,int8,8.0,False,False,pytorch_quantized_p95_latency,0.0004994217306375504,pytorch,p95_latency,False,2.0
133,207,190,81,478,"[207, 190, 81]",leaky_relu,model_10,Float8WeightOnlyConfig,float8,8.0,False,False,pytorch_quantized_p95_latency,0.0006027502939105033,pytorch,p95_latency,False,2.0
134,207,190,81,478,"[207, 190, 81]",leaky_relu,model_10,Int8DynamicActivationInt8WeightConfig,int8,8.0,True,False,pytorch_quantized_p95_latency,0.009315866045653815,pytorch,p95_latency,False,2.0
135,207,190,81,478,"[207, 190, 81]",leaky_relu,model_10,Int8WeightOnlyConfig,int8,8.0,False,False,pytorch_quantized_p99_latency,0.0005209255963563919,pytorch,p99_latency,False,2.0
136,207,190,81,478,"[207, 190, 81]",leaky_relu,model_10,Float8WeightOnlyConfig,float8,8.0,False,False,pytorch_quantized_p99_latency,0.0006105460599064827,pytorch,p99_latency,False,2.0
137,207,190,81,478,"[207, 190, 81]",leaky_relu,model_10,Int8DynamicActivationInt8WeightConfig,int8,8.0,True,False,pytorch_quantized_p99_latency,0.01009185206145048,pytorch,p99_latency,False,2.0
138,207,190,81,478,"[207, 190, 81]",leaky_relu,model_10,Int8WeightOnlyConfig,int8,8.0,False,False,pytorch_relative_model_size,0.25,pytorch,model_size,True,2.0
139,207,190,81,478,"[207, 190, 81]",leaky_relu,model_10,Float8WeightOnlyConfig,float8,8.0,False,False,pytorch_relative_model_size,0.25,pytorch,model_size,True,2.0
140,207,190,81,478,"[207, 190, 81]",leaky_relu,model_10,Int8DynamicActivationInt8WeightConfig,int8,8.0,True,False,pytorch_relative_model_size,0.25,pytorch,model_size,True,2.0
141,207,190,81,478,"[207, 190, 81]",leaky_relu,model_10,Int8WeightOnlyConfig,int8,8.0,False,False,pytorch_relative_median_latency,2.9623667461761944,pytorch,median_latency,True,2.0
142,207,190,81,478,"[207, 190, 81]",leaky_relu,model_10,Float8WeightOnlyConfig,float8,8.0,False,False,pytorch_relative_median_latency,3.609231395335692,pytorch,median_latency,True,2.0
143,207,190,81,478,"[207, 190, 81]",leaky_relu,model_10,Int8DynamicActivationInt8WeightConfig,int8,8.0,True,False,pytorch_relative_median_latency,50.40821171390135,pytorch,median_latency,True,2.0
144,207,190,81,478,"[207, 190, 81]",leaky_relu,model_10,Int8WeightOnlyConfig,int8,8.0,False,False,pytorch_relative_p95_latency,2.8404696878846885,pytorch,p95_latency,True,2.0
145,207,190,81,478,"[207, 190, 81]",leaky_relu,model_10,Float8WeightOnlyConfig,float8,8.0,False,False,pytorch_relative_p95_latency,3.4281526697501765,pytorch,p95_latency,True,2.0
146,207,190,81,478,"[207, 190, 81]",leaky_relu,model_10,Int8DynamicActivationInt8WeightConfig,int8,8.0,True,False,pytorch_relative_p95_latency,52.9841484576448,pytorch,p95_latency,True,2.0
147,207,190,81,478,"[207, 190, 81]",leaky_relu,model_10,Int8WeightOnlyConfig,int8,8.0,False,False,pytorch_relative_p99_latency,2.89605108701145,pytorch,p99_latency,True,2.0
148,207,190,81,478,"[207, 190, 81]",leaky_relu,model_10,Float8WeightOnlyConfig,float8,8.0,False,False,pytorch_relative_p99_latency,3.3942900729589596,pytorch,p99_latency,True,2.0
149,207,190,81,478,"[207, 190, 81]",leaky_relu,model_10,Int8DynamicActivationInt8WeightConfig,int8,8.0,True,False,pytorch_relative_p99_latency,56.104978017872334,pytorch,p99_latency,True,2.0
150,207,190,81,478,"[207, 190, 81]",leaky_relu,model_10,Int8WeightOnlyConfig,int8,8.0,False,False,pytorch_quantized_MAE,8.485448074699681,pytorch,MAE,False,3.0
151,207,190,81,478,"[207, 190, 81]",leaky_relu,model_10,Float8WeightOnlyConfig,float8,8.0,False,False,pytorch_quantized_MAE,8.43842758867725,pytorch,MAE,False,3.0
152,207,190,81,478,"[207, 190, 81]",leaky_relu,model_10,Int8DynamicActivationInt8WeightConfig,int8,8.0,True,False,pytorch_quantized_MAE,8.491060230043399,pytorch,MAE,False,3.0
153,207,190,81,478,"[207, 190, 81]",leaky_relu,model_10,Int8WeightOnlyConfig,int8,8.0,False,False,pytorch_relative_MAE,0.9999962386172814,pytorch,MAE,True,3.0
154,207,190,81,478,"[207, 190, 81]",leaky_relu,model_10,Float8WeightOnlyConfig,float8,8.0,False,False,pytorch_relative_MAE,0.994454950903721,pytorch,MAE,True,3.0
155,207,190,81,478,"[207, 190, 81]",leaky_relu,model_10,Int8DynamicActivationInt8WeightConfig,int8,8.0,True,False,pytorch_relative_MAE,1.0006576219861794,pytorch,MAE,True,3.0
156,207,190,81,478,"[207, 190, 81]",leaky_relu,model_10,Int8WeightOnlyConfig,int8,8.0,False,False,pytorch_quantized_model_size,72047.0,pytorch,model_size,False,3.0
157,207,190,81,478,"[207, 190, 81]",leaky_relu,model_10,Float8WeightOnlyConfig,float8,8.0,False,False,pytorch_quantized_model_size,72047.0,pytorch,model_size,False,3.0
158,207,190,81,478,"[207, 190, 81]",leaky_relu,model_10,Int8DynamicActivationInt8WeightConfig,int8,8.0,True,False,pytorch_quantized_model_size,72047.0,pytorch,model_size,False,3.0
159,207,190,81,478,"[207, 190, 81]",leaky_relu,model_10,Int8WeightOnlyConfig,int8,8.0,False,False,pytorch_quantized_median_latency,0.00043123774230480194,pytorch,median_latency,False,3.0
160,207,190,81,478,"[207, 190, 81]",leaky_relu,model_10,Float8WeightOnlyConfig,float8,8.0,False,False,pytorch_quantized_median_latency,0.0005343686789274216,pytorch,median_latency,False,3.0
161,207,190,81,478,"[207, 190, 81]",leaky_relu,model_10,Int8DynamicActivationInt8WeightConfig,int8,8.0,True,False,pytorch_quantized_median_latency,0.00830136239528656,pytorch,median_latency,False,3.0
162,207,190,81,478,"[207, 190, 81]",leaky_relu,model_10,Int8WeightOnlyConfig,int8,8.0,False,False,pytorch_quantized_p95_latency,0.0004468753933906555,pytorch,p95_latency,False,3.0
163,207,190,81,478,"[207, 190, 81]",leaky_relu,model_10,Float8WeightOnlyConfig,float8,8.0,False,False,pytorch_quantized_p95_latency,0.0005442148074507713,pytorch,p95_latency,False,3.0
164,207,190,81,478,"[207, 190, 81]",leaky_relu,model_10,Int8DynamicActivationInt8WeightConfig,int8,8.0,True,False,pytorch_quantized_p95_latency,0.011098026297986499,pytorch,p95_latency,False,3.0
165,207,190,81,478,"[207, 190, 81]",leaky_relu,model_10,Int8WeightOnlyConfig,int8,8.0,False,False,pytorch_quantized_p99_latency,0.0005168397352099415,pytorch,p99_latency,False,3.0
166,207,190,81,478,"[207, 190, 81]",leaky_relu,model_10,Float8WeightOnlyConfig,float8,8.0,False,False,pytorch_quantized_p99_latency,0.0005914766713976859,pytorch,p99_latency,False,3.0
167,207,190,81,478,"[207, 190, 81]",leaky_relu,model_10,Int8DynamicActivationInt8WeightConfig,int8,8.0,True,False,pytorch_quantized_p99_latency,0.016840884946286678,pytorch,p99_latency,False,3.0
168,207,190,81,478,"[207, 190, 81]",leaky_relu,model_10,Int8WeightOnlyConfig,int8,8.0,False,False,pytorch_relative_model_size,0.25,pytorch,model_size,True,3.0
169,207,190,81,478,"[207, 190, 81]",leaky_relu,model_10,Float8WeightOnlyConfig,float8,8.0,False,False,pytorch_relative_model_size,0.25,pytorch,model_size,True,3.0
170,207,190,81,478,"[207, 190, 81]",leaky_relu,model_10,Int8DynamicActivationInt8WeightConfig,int8,8.0,True,False,pytorch_relative_model_size,0.25,pytorch,model_size,True,3.0
171,207,190,81,478,"[207, 190, 81]",leaky_relu,model_10,Int8WeightOnlyConfig,int8,8.0,False,False,pytorch_relative_median_latency,2.6569844840249726,pytorch,median_latency,True,3.0
172,207,190,81,478,"[207, 190, 81]",leaky_relu,model_10,Float8WeightOnlyConfig,float8,8.0,False,False,pytorch_relative_median_latency,3.2924049761292693,pytorch,median_latency,True,3.0
173,207,190,81,478,"[207, 190, 81]",leaky_relu,model_10,Int8DynamicActivationInt8WeightConfig,int8,8.0,True,False,pytorch_relative_median_latency,51.147172236503856,pytorch,median_latency,True,3.0
174,207,190,81,478,"[207, 190, 81]",leaky_relu,model_10,Int8WeightOnlyConfig,int8,8.0,False,False,pytorch_relative_p95_latency,2.540440775492095,pytorch,p95_latency,True,3.0
175,207,190,81,478,"[207, 190, 81]",leaky_relu,model_10,Float8WeightOnlyConfig,float8,8.0,False,False,pytorch_relative_p95_latency,3.093805360336559,pytorch,p95_latency,True,3.0
176,207,190,81,478,"[207, 190, 81]",leaky_relu,model_10,Int8DynamicActivationInt8WeightConfig,int8,8.0,True,False,pytorch_relative_p95_latency,63.091141181366375,pytorch,p95_latency,True,3.0
177,207,190,81,478,"[207, 190, 81]",leaky_relu,model_10,Int8WeightOnlyConfig,int8,8.0,False,False,pytorch_relative_p99_latency,2.676640829804686,pytorch,p99_latency,True,3.0
178,207,190,81,478,"[207, 190, 81]",leaky_relu,model_10,Float8WeightOnlyConfig,float8,8.0,False,False,pytorch_relative_p99_latency,3.0631751018464715,pytorch,p99_latency,True,3.0
179,207,190,81,478,"[207, 190, 81]",leaky_relu,model_10,Int8DynamicActivationInt8WeightConfig,int8,8.0,True,False,pytorch_relative_p99_latency,87.21659188793532,pytorch,p99_latency,True,3.0
180,310,291,211,812,"[310, 291, 211]",leaky_relu,model_11,Int8WeightOnlyConfig,int8,8.0,False,False,pytorch_quantized_MAE,8.355865406743334,pytorch,MAE,False,1.0
181,310,291,211,812,"[310, 291, 211]",leaky_relu,model_11,Float8WeightOnlyConfig,float8,8.0,False,False,pytorch_quantized_MAE,8.47669261598632,pytorch,MAE,False,1.0
182,310,291,211,812,"[310, 291, 211]",leaky_relu,model_11,Int8DynamicActivationInt8WeightConfig,int8,8.0,True,False,pytorch_quantized_MAE,8.381638542168115,pytorch,MAE,False,1.0
183,310,291,211,812,"[310, 291, 211]",leaky_relu,model_11,Int8WeightOnlyConfig,int8,8.0,False,False,pytorch_relative_MAE,1.0015505914865275,pytorch,MAE,True,1.0
184,310,291,211,812,"[310, 291, 211]",leaky_relu,model_11,Float8WeightOnlyConfig,float8,8.0,False,False,pytorch_relative_MAE,1.0160331803022014,pytorch,MAE,True,1.0
185,310,291,211,812,"[310, 291, 211]",leaky_relu,model_11,Int8DynamicActivationInt8WeightConfig,int8,8.0,True,False,pytorch_relative_MAE,1.0046398105886352,pytorch,MAE,True,1.0
186,310,291,211,812,"[310, 291, 211]",leaky_relu,model_11,Int8WeightOnlyConfig,int8,8.0,False,False,pytorch_quantized_model_size,177745.0,pytorch,model_size,False,1.0
187,310,291,211,812,"[310, 291, 211]",leaky_relu,model_11,Float8WeightOnlyConfig,float8,8.0,False,False,pytorch_quantized_model_size,177745.0,pytorch,model_size,False,1.0
188,310,291,211,812,"[310, 291, 211]",leaky_relu,model_11,Int8DynamicActivationInt8WeightConfig,int8,8.0,True,False,pytorch_quantized_model_size,177745.0,pytorch,model_size,False,1.0
189,310,291,211,812,"[310, 291, 211]",leaky_relu,model_11,Int8WeightOnlyConfig,int8,8.0,False,False,pytorch_quantized_median_latency,0.0004763249307870865,pytorch,median_latency,False,1.0
190,310,291,211,812,"[310, 291, 211]",leaky_relu,model_11,Float8WeightOnlyConfig,float8,8.0,False,False,pytorch_quantized_median_latency,0.0005219187587499619,pytorch,median_latency,False,1.0
191,310,291,211,812,"[310, 291, 211]",leaky_relu,model_11,Int8DynamicActivationInt8WeightConfig,int8,8.0,True,False,pytorch_quantized_median_latency,0.010620299726724625,pytorch,median_latency,False,1.0
192,310,291,211,812,"[310, 291, 211]",leaky_relu,model_11,Int8WeightOnlyConfig,int8,8.0,False,False,pytorch_quantized_p95_latency,0.0004890009760856628,pytorch,p95_latency,False,1.0
193,310,291,211,812,"[310, 291, 211]",leaky_relu,model_11,Float8WeightOnlyConfig,float8,8.0,False,False,pytorch_quantized_p95_latency,0.0005340171977877617,pytorch,p95_latency,False,1.0
194,310,291,211,812,"[310, 291, 211]",leaky_relu,model_11,Int8DynamicActivationInt8WeightConfig,int8,8.0,True,False,pytorch_quantized_p95_latency,0.010829538851976394,pytorch,p95_latency,False,1.0
195,310,291,211,812,"[310, 291, 211]",leaky_relu,model_11,Int8WeightOnlyConfig,int8,8.0,False,False,pytorch_quantized_p99_latency,0.0004962741583585739,pytorch,p99_latency,False,1.0
196,310,291,211,812,"[310, 291, 211]",leaky_relu,model_11,Float8WeightOnlyConfig,float8,8.0,False,False,pytorch_quantized_p99_latency,0.0005462188646197318,pytorch,p99_latency,False,1.0
197,310,291,211,812,"[310, 291, 211]",leaky_relu,model_11,Int8DynamicActivationInt8WeightConfig,int8,8.0,True,False,pytorch_quantized_p99_latency,0.011344505734741685,pytorch,p99_latency,False,1.0
198,310,291,211,812,"[310, 291, 211]",leaky_relu,model_11,Int8WeightOnlyConfig,int8,8.0,False,False,pytorch_relative_model_size,0.25,pytorch,model_size,True,1.0
199,310,291,211,812,"[310, 291, 211]",leaky_relu,model_11,Float8WeightOnlyConfig,float8,8.0,False,False,pytorch_relative_model_size,0.25,pytorch,model_size,True,1.0
200,310,291,211,812,"[310, 291, 211]",leaky_relu,model_11,Int8DynamicActivationInt8WeightConfig,int8,8.0,True,False,pytorch_relative_model_size,0.25,pytorch,model_size,True,1.0
201,310,291,211,812,"[310, 291, 211]",leaky_relu,model_11,Int8WeightOnlyConfig,int8,8.0,False,False,pytorch_relative_median_latency,2.8466710451615778,pytorch,median_latency,True,1.0
202,310,291,211,812,"[310, 291, 211]",leaky_relu,model_11,Float8WeightOnlyConfig,float8,8.0,False,False,pytorch_relative_median_latency,3.119154430999744,pytorch,median_latency,True,1.0
203,310,291,211,812,"[310, 291, 211]",leaky_relu,model_11,Int8DynamicActivationInt8WeightConfig,int8,8.0,True,False,pytorch_relative_median_latency,63.470328275800654,pytorch,median_latency,True,1.0
204,310,291,211,812,"[310, 291, 211]",leaky_relu,model_11,Int8WeightOnlyConfig,int8,8.0,False,False,pytorch_relative_p95_latency,2.7338458830965835,pytorch,p95_latency,True,1.0
205,310,291,211,812,"[310, 291, 211]",leaky_relu,model_11,Float8WeightOnlyConfig,float8,8.0,False,False,pytorch_relative_p95_latency,2.9855169806841007,pytorch,p95_latency,True,1.0
206,310,291,211,812,"[310, 291, 211]",leaky_relu,model_11,Int8DynamicActivationInt8WeightConfig,int8,8.0,True,False,pytorch_relative_p95_latency,60.54443989724012,pytorch,p95_latency,True,1.0
207,310,291,211,812,"[310, 291, 211]",leaky_relu,model_11,Int8WeightOnlyConfig,int8,8.0,False,False,pytorch_relative_p99_latency,2.7324586790674927,pytorch,p99_latency,True,1.0
208,310,291,211,812,"[310, 291, 211]",leaky_relu,model_11,Float8WeightOnlyConfig,float8,8.0,False,False,pytorch_relative_p99_latency,3.007451530897937,pytorch,p99_latency,True,1.0
209,310,291,211,812,"[310, 291, 211]",leaky_relu,model_11,Int8DynamicActivationInt8WeightConfig,int8,8.0,True,False,pytorch_relative_p99_latency,62.462235102373675,pytorch,p99_latency,True,1.0
210,310,291,211,812,"[310, 291, 211]",leaky_relu,model_11,Int8WeightOnlyConfig,int8,8.0,False,False,pytorch_quantized_MAE,8.738160012246075,pytorch,MAE,False,2.0
211,310,291,211,812,"[310, 291, 211]",leaky_relu,model_11,Float8WeightOnlyConfig,float8,8.0,False,False,pytorch_quantized_MAE,8.877811977354177,pytorch,MAE,False,2.0
212,310,291,211,812,"[310, 291, 211]",leaky_relu,model_11,Int8DynamicActivationInt8WeightConfig,int8,8.0,True,False,pytorch_quantized_MAE,8.76146672877745,pytorch,MAE,False,2.0
213,310,291,211,812,"[310, 291, 211]",leaky_relu,model_11,Int8WeightOnlyConfig,int8,8.0,False,False,pytorch_relative_MAE,1.0018597513176022,pytorch,MAE,True,2.0
214,310,291,211,812,"[310, 291, 211]",leaky_relu,model_11,Float8WeightOnlyConfig,float8,8.0,False,False,pytorch_relative_MAE,1.01787132387271,pytorch,MAE,True,2.0
215,310,291,211,812,"[310, 291, 211]",leaky_relu,model_11,Int8DynamicActivationInt8WeightConfig,int8,8.0,True,False,pytorch_relative_MAE,1.004531945600544,pytorch,MAE,True,2.0
216,310,291,211,812,"[310, 291, 211]",leaky_relu,model_11,Int8WeightOnlyConfig,int8,8.0,False,False,pytorch_quantized_model_size,177745.0,pytorch,model_size,False,2.0
217,310,291,211,812,"[310, 291, 211]",leaky_relu,model_11,Float8WeightOnlyConfig,float8,8.0,False,False,pytorch_quantized_model_size,177745.0,pytorch,model_size,False,2.0
218,310,291,211,812,"[310, 291, 211]",leaky_relu,model_11,Int8DynamicActivationInt8WeightConfig,int8,8.0,True,False,pytorch_quantized_model_size,177745.0,pytorch,model_size,False,2.0
219,310,291,211,812,"[310, 291, 211]",leaky_relu,model_11,Int8WeightOnlyConfig,int8,8.0,False,False,pytorch_quantized_median_latency,0.0004351027309894562,pytorch,median_latency,False,2.0
220,310,291,211,812,"[310, 291, 211]",leaky_relu,model_11,Float8WeightOnlyConfig,float8,8.0,False,False,pytorch_quantized_median_latency,0.0005261227488517761,pytorch,median_latency,False,2.0
221,310,291,211,812,"[310, 291, 211]",leaky_relu,model_11,Int8DynamicActivationInt8WeightConfig,int8,8.0,True,False,pytorch_quantized_median_latency,0.01065872237086296,pytorch,median_latency,False,2.0
222,310,291,211,812,"[310, 291, 211]",leaky_relu,model_11,Int8WeightOnlyConfig,int8,8.0,False,False,pytorch_quantized_p95_latency,0.00046577826142311094,pytorch,p95_latency,False,2.0
223,310,291,211,812,"[310, 291, 211]",leaky_relu,model_11,Float8WeightOnlyConfig,float8,8.0,False,False,pytorch_quantized_p95_latency,0.0005885161459445954,pytorch,p95_latency,False,2.0
224,310,291,211,812,"[310, 291, 211]",leaky_relu,model_11,Int8DynamicActivationInt8WeightConfig,int8,8.0,True,False,pytorch_quantized_p95_latency,0.011124552786350248,pytorch,p95_latency,False,2.0
225,310,291,211,812,"[310, 291, 211]",leaky_relu,model_11,Int8WeightOnlyConfig,int8,8.0,False,False,pytorch_quantized_p99_latency,0.00048738691955804817,pytorch,p99_latency,False,2.0
226,310,291,211,812,"[310, 291, 211]",leaky_relu,model_11,Float8WeightOnlyConfig,float8,8.0,False,False,pytorch_quantized_p99_latency,0.0006042271852493286,pytorch,p99_latency,False,2.0
227,310,291,211,812,"[310, 291, 211]",leaky_relu,model_11,Int8DynamicActivationInt8WeightConfig,int8,8.0,True,False,pytorch_quantized_p99_latency,0.011831797100603579,pytorch,p99_latency,False,2.0
228,310,291,211,812,"[310, 291, 211]",leaky_relu,model_11,Int8WeightOnlyConfig,int8,8.0,False,False,pytorch_relative_model_size,0.25,pytorch,model_size,True,2.0
229,310,291,211,812,"[310, 291, 211]",leaky_relu,model_11,Float8WeightOnlyConfig,float8,8.0,False,False,pytorch_relative_model_size,0.25,pytorch,model_size,True,2.0
230,310,291,211,812,"[310, 291, 211]",leaky_relu,model_11,Int8DynamicActivationInt8WeightConfig,int8,8.0,True,False,pytorch_relative_model_size,0.25,pytorch,model_size,True,2.0
231,310,291,211,812,"[310, 291, 211]",leaky_relu,model_11,Int8WeightOnlyConfig,int8,8.0,False,False,pytorch_relative_median_latency,2.631837488874117,pytorch,median_latency,True,2.0
232,310,291,211,812,"[310, 291, 211]",leaky_relu,model_11,Float8WeightOnlyConfig,float8,8.0,False,False,pytorch_relative_median_latency,3.182396881372737,pytorch,median_latency,True,2.0
233,310,291,211,812,"[310, 291, 211]",leaky_relu,model_11,Int8DynamicActivationInt8WeightConfig,int8,8.0,True,False,pytorch_relative_median_latency,64.47218810910688,pytorch,median_latency,True,2.0
234,310,291,211,812,"[310, 291, 211]",leaky_relu,model_11,Int8WeightOnlyConfig,int8,8.0,False,False,pytorch_relative_p95_latency,2.624545936386488,pytorch,p95_latency,True,2.0
235,310,291,211,812,"[310, 291, 211]",leaky_relu,model_11,Float8WeightOnlyConfig,float8,8.0,False,False,pytorch_relative_p95_latency,3.3161437260242344,pytorch,p95_latency,True,2.0
236,310,291,211,812,"[310, 291, 211]",leaky_relu,model_11,Int8DynamicActivationInt8WeightConfig,int8,8.0,True,False,pytorch_relative_p95_latency,62.684118662657355,pytorch,p95_latency,True,2.0
237,310,291,211,812,"[310, 291, 211]",leaky_relu,model_11,Int8WeightOnlyConfig,int8,8.0,False,False,pytorch_relative_p99_latency,2.6780637411935113,pytorch,p99_latency,True,2.0
238,310,291,211,812,"[310, 291, 211]",leaky_relu,model_11,Float8WeightOnlyConfig,float8,8.0,False,False,pytorch_relative_p99_latency,3.3200704641949623,pytorch,p99_latency,True,2.0
239,310,291,211,812,"[310, 291, 211]",leaky_relu,model_11,Int8DynamicActivationInt8WeightConfig,int8,8.0,True,False,pytorch_relative_p99_latency,65.01263274980258,pytorch,p99_latency,True,2.0
240,310,291,211,812,"[310, 291, 211]",leaky_relu,model_11,Int8WeightOnlyConfig,int8,8.0,False,False,pytorch_quantized_MAE,8.360017670625128,pytorch,MAE,False,3.0
241,310,291,211,812,"[310, 291, 211]",leaky_relu,model_11,Float8WeightOnlyConfig,float8,8.0,False,False,pytorch_quantized_MAE,8.491900572323733,pytorch,MAE,False,3.0
242,310,291,211,812,"[310, 291, 211]",leaky_relu,model_11,Int8DynamicActivationInt8WeightConfig,int8,8.0,True,False,pytorch_quantized_MAE,8.38121701991457,pytorch,MAE,False,3.0
243,310,291,211,812,"[310, 291, 211]",leaky_relu,model_11,Int8WeightOnlyConfig,int8,8.0,False,False,pytorch_relative_MAE,1.0018558518235903,pytorch,MAE,True,3.0
244,310,291,211,812,"[310, 291, 211]",leaky_relu,model_11,Float8WeightOnlyConfig,float8,8.0,False,False,pytorch_relative_MAE,1.01766056205602,pytorch,MAE,True,3.0
245,310,291,211,812,"[310, 291, 211]",leaky_relu,model_11,Int8DynamicActivationInt8WeightConfig,int8,8.0,True,False,pytorch_relative_MAE,1.004396359867623,pytorch,MAE,True,3.0
246,310,291,211,812,"[310, 291, 211]",leaky_relu,model_11,Int8WeightOnlyConfig,int8,8.0,False,False,pytorch_quantized_model_size,177745.0,pytorch,model_size,False,3.0
247,310,291,211,812,"[310, 291, 211]",leaky_relu,model_11,Float8WeightOnlyConfig,float8,8.0,False,False,pytorch_quantized_model_size,177745.0,pytorch,model_size,False,3.0
248,310,291,211,812,"[310, 291, 211]",leaky_relu,model_11,Int8DynamicActivationInt8WeightConfig,int8,8.0,True,False,pytorch_quantized_model_size,177745.0,pytorch,model_size,False,3.0
249,310,291,211,812,"[310, 291, 211]",leaky_relu,model_11,Int8WeightOnlyConfig,int8,8.0,False,False,pytorch_quantized_median_latency,0.00047177262604236603,pytorch,median_latency,False,3.0
250,310,291,211,812,"[310, 291, 211]",leaky_relu,model_11,Float8WeightOnlyConfig,float8,8.0,False,False,pytorch_quantized_median_latency,0.0005176644772291183,pytorch,median_latency,False,3.0
251,310,291,211,812,"[310, 291, 211]",leaky_relu,model_11,Int8DynamicActivationInt8WeightConfig,int8,8.0,True,False,pytorch_quantized_median_latency,0.010506933555006981,pytorch,median_latency,False,3.0
252,310,291,211,812,"[310, 291, 211]",leaky_relu,model_11,Int8WeightOnlyConfig,int8,8.0,False,False,pytorch_quantized_p95_latency,0.00048229191452264786,pytorch,p95_latency,False,3.0
253,310,291,211,812,"[310, 291, 211]",leaky_relu,model_11,Float8WeightOnlyConfig,float8,8.0,False,False,pytorch_quantized_p95_latency,0.0005261844024062156,pytorch,p95_latency,False,3.0
254,310,291,211,812,"[310, 291, 211]",leaky_relu,model_11,Int8DynamicActivationInt8WeightConfig,int8,8.0,True,False,pytorch_quantized_p95_latency,0.011041594669222832,pytorch,p95_latency,False,3.0
255,310,291,211,812,"[310, 291, 211]",leaky_relu,model_11,Int8WeightOnlyConfig,int8,8.0,False,False,pytorch_quantized_p99_latency,0.0004860985279083252,pytorch,p99_latency,False,3.0
256,310,291,211,812,"[310, 291, 211]",leaky_relu,model_11,Float8WeightOnlyConfig,float8,8.0,False,False,pytorch_quantized_p99_latency,0.0005308173224329949,pytorch,p99_latency,False,3.0
257,310,291,211,812,"[310, 291, 211]",leaky_relu,model_11,Int8DynamicActivationInt8WeightConfig,int8,8.0,True,False,pytorch_quantized_p99_latency,0.011676133647561066,pytorch,p99_latency,False,3.0
258,310,291,211,812,"[310, 291, 211]",leaky_relu,model_11,Int8WeightOnlyConfig,int8,8.0,False,False,pytorch_relative_model_size,0.25,pytorch,model_size,True,3.0
259,310,291,211,812,"[310, 291, 211]",leaky_relu,model_11,Float8WeightOnlyConfig,float8,8.0,False,False,pytorch_relative_model_size,0.25,pytorch,model_size,True,3.0
260,310,291,211,812,"[310, 291, 211]",leaky_relu,model_11,Int8DynamicActivationInt8WeightConfig,int8,8.0,True,False,pytorch_relative_model_size,0.25,pytorch,model_size,True,3.0
261,310,291,211,812,"[310, 291, 211]",leaky_relu,model_11,Int8WeightOnlyConfig,int8,8.0,False,False,pytorch_relative_median_latency,2.9327829369398577,pytorch,median_latency,True,3.0
262,310,291,211,812,"[310, 291, 211]",leaky_relu,model_11,Float8WeightOnlyConfig,float8,8.0,False,False,pytorch_relative_median_latency,3.2180704476505873,pytorch,median_latency,True,3.0
263,310,291,211,812,"[310, 291, 211]",leaky_relu,model_11,Int8DynamicActivationInt8WeightConfig,int8,8.0,True,False,pytorch_relative_median_latency,65.3165396818045,pytorch,median_latency,True,3.0
264,310,291,211,812,"[310, 291, 211]",leaky_relu,model_11,Int8WeightOnlyConfig,int8,8.0,False,False,pytorch_relative_p95_latency,2.769801257344942,pytorch,p95_latency,True,3.0
265,310,291,211,812,"[310, 291, 211]",leaky_relu,model_11,Float8WeightOnlyConfig,float8,8.0,False,False,pytorch_relative_p95_latency,3.021875705344411,pytorch,p95_latency,True,3.0
266,310,291,211,812,"[310, 291, 211]",leaky_relu,model_11,Int8DynamicActivationInt8WeightConfig,int8,8.0,True,False,pytorch_relative_p95_latency,63.41185053491181,pytorch,p95_latency,True,3.0
267,310,291,211,812,"[310, 291, 211]",leaky_relu,model_11,Int8WeightOnlyConfig,int8,8.0,False,False,pytorch_relative_p99_latency,2.705812581027514,pytorch,p99_latency,True,3.0
268,310,291,211,812,"[310, 291, 211]",leaky_relu,model_11,Float8WeightOnlyConfig,float8,8.0,False,False,pytorch_relative_p99_latency,2.954734702544523,pytorch,p99_latency,True,3.0
269,310,291,211,812,"[310, 291, 211]",leaky_relu,model_11,Int8DynamicActivationInt8WeightConfig,int8,8.0,True,False,pytorch_relative_p99_latency,64.99387985657037,pytorch,p99_latency,True,3.0
270,865,95,36,996,"[865, 95, 36]",celu,model_12,,,,,,,,,,,
271,764,235,99,1098,"[764, 235, 99]",celu,model_13,,,,,,,,,,,
272,406,64,148,618,"[406, 64, 148]",leaky_relu,model_14,,,,,,,,,,,
273,128,387,32,547,"[128, 387, 32]",leaky_relu,model_15,,,,,,,,,,,
274,651,139,194,984,"[651, 139, 194]",relu,model_16,,,,,,,,,,,
275,632,374,75,1081,"[632, 374, 75]",elu,model_17,,,,,,,,,,,
276,128,123,123,374,"[128, 123, 123]",gelu,model_18,,,,,,,,,,,
277,424,252,32,708,"[424, 252, 32]",relu,model_19,,,,,,,,,,,
278,128,79,179,386,"[128, 79, 179]",relu,model_2,Int8WeightOnlyConfig,int8,8.0,False,False,pytorch_quantized_MAE,8.339412298049998,pytorch,MAE,False,1.0
279,128,79,179,386,"[128, 79, 179]",relu,model_2,Float8WeightOnlyConfig,float8,8.0,False,False,pytorch_quantized_MAE,8.305638741235741,pytorch,MAE,False,1.0
280,128,79,179,386,"[128, 79, 179]",relu,model_2,Int8DynamicActivationInt8WeightConfig,int8,8.0,True,False,pytorch_quantized_MAE,8.344754001046843,pytorch,MAE,False,1.0
281,128,79,179,386,"[128, 79, 179]",relu,model_2,Int8WeightOnlyConfig,int8,8.0,False,False,pytorch_relative_MAE,1.0020488461520103,pytorch,MAE,True,1.0
282,128,79,179,386,"[128, 79, 179]",relu,model_2,Float8WeightOnlyConfig,float8,8.0,False,False,pytorch_relative_MAE,0.9979906760524112,pytorch,MAE,True,1.0
283,128,79,179,386,"[128, 79, 179]",relu,model_2,Int8DynamicActivationInt8WeightConfig,int8,8.0,True,False,pytorch_relative_MAE,1.002690695617317,pytorch,MAE,True,1.0
284,128,79,179,386,"[128, 79, 179]",relu,model_2,Int8WeightOnlyConfig,int8,8.0,False,False,pytorch_quantized_model_size,35187.0,pytorch,model_size,False,1.0
285,128,79,179,386,"[128, 79, 179]",relu,model_2,Float8WeightOnlyConfig,float8,8.0,False,False,pytorch_quantized_model_size,35187.0,pytorch,model_size,False,1.0
286,128,79,179,386,"[128, 79, 179]",relu,model_2,Int8DynamicActivationInt8WeightConfig,int8,8.0,True,False,pytorch_quantized_model_size,35187.0,pytorch,model_size,False,1.0
287,128,79,179,386,"[128, 79, 179]",relu,model_2,Int8WeightOnlyConfig,int8,8.0,False,False,pytorch_quantized_median_latency,0.000402769073843956,pytorch,median_latency,False,1.0
288,128,79,179,386,"[128, 79, 179]",relu,model_2,Float8WeightOnlyConfig,float8,8.0,False,False,pytorch_quantized_median_latency,0.0004943683743476868,pytorch,median_latency,False,1.0
289,128,79,179,386,"[128, 79, 179]",relu,model_2,Int8DynamicActivationInt8WeightConfig,int8,8.0,True,False,pytorch_quantized_median_latency,0.007438385859131813,pytorch,median_latency,False,1.0
290,128,79,179,386,"[128, 79, 179]",relu,model_2,Int8WeightOnlyConfig,int8,8.0,False,False,pytorch_quantized_p95_latency,0.0004152055829763412,pytorch,p95_latency,False,1.0
291,128,79,179,386,"[128, 79, 179]",relu,model_2,Float8WeightOnlyConfig,float8,8.0,False,False,pytorch_quantized_p95_latency,0.0005031019449234009,pytorch,p95_latency,False,1.0
292,128,79,179,386,"[128, 79, 179]",relu,model_2,Int8DynamicActivationInt8WeightConfig,int8,8.0,True,False,pytorch_quantized_p95_latency,0.0075356332585215565,pytorch,p95_latency,False,1.0
293,128,79,179,386,"[128, 79, 179]",relu,model_2,Int8WeightOnlyConfig,int8,8.0,False,False,pytorch_quantized_p99_latency,0.000417553149163723,pytorch,p99_latency,False,1.0
294,128,79,179,386,"[128, 79, 179]",relu,model_2,Float8WeightOnlyConfig,float8,8.0,False,False,pytorch_quantized_p99_latency,0.0005071817338466644,pytorch,p99_latency,False,1.0
295,128,79,179,386,"[128, 79, 179]",relu,model_2,Int8DynamicActivationInt8WeightConfig,int8,8.0,True,False,pytorch_quantized_p99_latency,0.008615885935723782,pytorch,p99_latency,False,1.0
296,128,79,179,386,"[128, 79, 179]",relu,model_2,Int8WeightOnlyConfig,int8,8.0,False,False,pytorch_relative_model_size,0.25,pytorch,model_size,True,1.0
297,128,79,179,386,"[128, 79, 179]",relu,model_2,Float8WeightOnlyConfig,float8,8.0,False,False,pytorch_relative_model_size,0.25,pytorch,model_size,True,1.0
298,128,79,179,386,"[128, 79, 179]",relu,model_2,Int8DynamicActivationInt8WeightConfig,int8,8.0,True,False,pytorch_relative_model_size,0.25,pytorch,model_size,True,1.0
299,128,79,179,386,"[128, 79, 179]",relu,model_2,Int8WeightOnlyConfig,int8,8.0,False,False,pytorch_relative_median_latency,2.6945842887050144,pytorch,median_latency,True,1.0
300,128,79,179,386,"[128, 79, 179]",relu,model_2,Float8WeightOnlyConfig,float8,8.0,False,False,pytorch_relative_median_latency,3.307397069085834,pytorch,median_latency,True,1.0
301,128,79,179,386,"[128, 79, 179]",relu,model_2,Int8DynamicActivationInt8WeightConfig,int8,8.0,True,False,pytorch_relative_median_latency,49.763894427275446,pytorch,median_latency,True,1.0
302,128,79,179,386,"[128, 79, 179]",relu,model_2,Int8WeightOnlyConfig,int8,8.0,False,False,pytorch_relative_p95_latency,2.5885302478540373,pytorch,p95_latency,True,1.0
303,128,79,179,386,"[128, 79, 179]",relu,model_2,Float8WeightOnlyConfig,float8,8.0,False,False,pytorch_relative_p95_latency,3.136505518189588,pytorch,p95_latency,True,1.0
304,128,79,179,386,"[128, 79, 179]",relu,model_2,Int8DynamicActivationInt8WeightConfig,int8,8.0,True,False,pytorch_relative_p95_latency,46.97965399836498,pytorch,p95_latency,True,1.0
305,128,79,179,386,"[128, 79, 179]",relu,model_2,Int8WeightOnlyConfig,int8,8.0,False,False,pytorch_relative_p99_latency,2.565418755381526,pytorch,p99_latency,True,1.0
306,128,79,179,386,"[128, 79, 179]",relu,model_2,Float8WeightOnlyConfig,float8,8.0,False,False,pytorch_relative_p99_latency,3.1160908138354824,pytorch,p99_latency,True,1.0
307,128,79,179,386,"[128, 79, 179]",relu,model_2,Int8DynamicActivationInt8WeightConfig,int8,8.0,True,False,pytorch_relative_p99_latency,52.93542970039235,pytorch,p99_latency,True,1.0
308,128,79,179,386,"[128, 79, 179]",relu,model_2,Int8WeightOnlyConfig,int8,8.0,False,False,pytorch_quantized_MAE,8.399739664675263,pytorch,MAE,False,2.0
309,128,79,179,386,"[128, 79, 179]",relu,model_2,Float8WeightOnlyConfig,float8,8.0,False,False,pytorch_quantized_MAE,8.383508023740207,pytorch,MAE,False,2.0
310,128,79,179,386,"[128, 79, 179]",relu,model_2,Int8DynamicActivationInt8WeightConfig,int8,8.0,True,False,pytorch_quantized_MAE,8.40288542983449,pytorch,MAE,False,2.0
311,128,79,179,386,"[128, 79, 179]",relu,model_2,Int8WeightOnlyConfig,int8,8.0,False,False,pytorch_relative_MAE,1.001938407867294,pytorch,MAE,True,2.0
312,128,79,179,386,"[128, 79, 179]",relu,model_2,Float8WeightOnlyConfig,float8,8.0,False,False,pytorch_relative_MAE,1.0000022639956052,pytorch,MAE,True,2.0
313,128,79,179,386,"[128, 79, 179]",relu,model_2,Int8DynamicActivationInt8WeightConfig,int8,8.0,True,False,pytorch_relative_MAE,1.0023136412746358,pytorch,MAE,True,2.0
314,128,79,179,386,"[128, 79, 179]",relu,model_2,Int8WeightOnlyConfig,int8,8.0,False,False,pytorch_quantized_model_size,35187.0,pytorch,model_size,False,2.0
315,128,79,179,386,"[128, 79, 179]",relu,model_2,Float8WeightOnlyConfig,float8,8.0,False,False,pytorch_quantized_model_size,35187.0,pytorch,model_size,False,2.0
316,128,79,179,386,"[128, 79, 179]",relu,model_2,Int8DynamicActivationInt8WeightConfig,int8,8.0,True,False,pytorch_quantized_model_size,35187.0,pytorch,model_size,False,2.0
317,128,79,179,386,"[128, 79, 179]",relu,model_2,Int8WeightOnlyConfig,int8,8.0,False,False,pytorch_quantized_median_latency,0.0004657004028558731,pytorch,median_latency,False,2.0
318,128,79,179,386,"[128, 79, 179]",relu,model_2,Float8WeightOnlyConfig,float8,8.0,False,False,pytorch_quantized_median_latency,0.0005143098533153534,pytorch,median_latency,False,2.0
319,128,79,179,386,"[128, 79, 179]",relu,model_2,Int8DynamicActivationInt8WeightConfig,int8,8.0,True,False,pytorch_quantized_median_latency,0.007580591365695,pytorch,median_latency,False,2.0
320,128,79,179,386,"[128, 79, 179]",relu,model_2,Int8WeightOnlyConfig,int8,8.0,False,False,pytorch_quantized_p95_latency,0.0004763765260577202,pytorch,p95_latency,False,2.0
321,128,79,179,386,"[128, 79, 179]",relu,model_2,Float8WeightOnlyConfig,float8,8.0,False,False,pytorch_quantized_p95_latency,0.000523221306502819,pytorch,p95_latency,False,2.0
322,128,79,179,386,"[128, 79, 179]",relu,model_2,Int8DynamicActivationInt8WeightConfig,int8,8.0,True,False,pytorch_quantized_p95_latency,0.007957187294960021,pytorch,p95_latency,False,2.0
323,128,79,179,386,"[128, 79, 179]",relu,model_2,Int8WeightOnlyConfig,int8,8.0,False,False,pytorch_quantized_p99_latency,0.0004790538176894188,pytorch,p99_latency,False,2.0
324,128,79,179,386,"[128, 79, 179]",relu,model_2,Float8WeightOnlyConfig,float8,8.0,False,False,pytorch_quantized_p99_latency,0.0005277421325445176,pytorch,p99_latency,False,2.0
325,128,79,179,386,"[128, 79, 179]",relu,model_2,Int8DynamicActivationInt8WeightConfig,int8,8.0,True,False,pytorch_quantized_p99_latency,0.013415331766009321,pytorch,p99_latency,False,2.0
326,128,79,179,386,"[128, 79, 179]",relu,model_2,Int8WeightOnlyConfig,int8,8.0,False,False,pytorch_relative_model_size,0.25,pytorch,model_size,True,2.0
327,128,79,179,386,"[128, 79, 179]",relu,model_2,Float8WeightOnlyConfig,float8,8.0,False,False,pytorch_relative_model_size,0.25,pytorch,model_size,True,2.0
328,128,79,179,386,"[128, 79, 179]",relu,model_2,Int8DynamicActivationInt8WeightConfig,int8,8.0,True,False,pytorch_relative_model_size,0.25,pytorch,model_size,True,2.0
329,128,79,179,386,"[128, 79, 179]",relu,model_2,Int8WeightOnlyConfig,int8,8.0,False,False,pytorch_relative_median_latency,3.0310719394806394,pytorch,median_latency,True,2.0
330,128,79,179,386,"[128, 79, 179]",relu,model_2,Float8WeightOnlyConfig,float8,8.0,False,False,pytorch_relative_median_latency,3.347452901098368,pytorch,median_latency,True,2.0
331,128,79,179,386,"[128, 79, 179]",relu,model_2,Int8DynamicActivationInt8WeightConfig,int8,8.0,True,False,pytorch_relative_median_latency,49.33926969425114,pytorch,median_latency,True,2.0
332,128,79,179,386,"[128, 79, 179]",relu,model_2,Int8WeightOnlyConfig,int8,8.0,False,False,pytorch_relative_p95_latency,2.894544619089872,pytorch,p95_latency,True,2.0
333,128,79,179,386,"[128, 79, 179]",relu,model_2,Float8WeightOnlyConfig,float8,8.0,False,False,pytorch_relative_p95_latency,3.1791814551907716,pytorch,p95_latency,True,2.0
334,128,79,179,386,"[128, 79, 179]",relu,model_2,Int8DynamicActivationInt8WeightConfig,int8,8.0,True,False,pytorch_relative_p95_latency,48.349220433515015,pytorch,p95_latency,True,2.0
335,128,79,179,386,"[128, 79, 179]",relu,model_2,Int8WeightOnlyConfig,int8,8.0,False,False,pytorch_relative_p99_latency,2.846658356582311,pytorch,p99_latency,True,2.0
336,128,79,179,386,"[128, 79, 179]",relu,model_2,Float8WeightOnlyConfig,float8,8.0,False,False,pytorch_relative_p99_latency,3.13597657769298,pytorch,p99_latency,True,2.0
337,128,79,179,386,"[128, 79, 179]",relu,model_2,Int8DynamicActivationInt8WeightConfig,int8,8.0,True,False,pytorch_relative_p99_latency,79.71727782533455,pytorch,p99_latency,True,2.0
338,128,79,179,386,"[128, 79, 179]",relu,model_2,Int8WeightOnlyConfig,int8,8.0,False,False,pytorch_quantized_MAE,7.838055564901903,pytorch,MAE,False,3.0
339,128,79,179,386,"[128, 79, 179]",relu,model_2,Float8WeightOnlyConfig,float8,8.0,False,False,pytorch_quantized_MAE,7.811875656429374,pytorch,MAE,False,3.0
340,128,79,179,386,"[128, 79, 179]",relu,model_2,Int8DynamicActivationInt8WeightConfig,int8,8.0,True,False,pytorch_quantized_MAE,7.848884553810615,pytorch,MAE,False,3.0
341,128,79,179,386,"[128, 79, 179]",relu,model_2,Int8WeightOnlyConfig,int8,8.0,False,False,pytorch_relative_MAE,1.002103628419678,pytorch,MAE,True,3.0
342,128,79,179,386,"[128, 79, 179]",relu,model_2,Float8WeightOnlyConfig,float8,8.0,False,False,pytorch_relative_MAE,0.9987564996509698,pytorch,MAE,True,3.0
343,128,79,179,386,"[128, 79, 179]",relu,model_2,Int8DynamicActivationInt8WeightConfig,int8,8.0,True,False,pytorch_relative_MAE,1.0034881260144808,pytorch,MAE,True,3.0
344,128,79,179,386,"[128, 79, 179]",relu,model_2,Int8WeightOnlyConfig,int8,8.0,False,False,pytorch_quantized_model_size,35187.0,pytorch,model_size,False,3.0
345,128,79,179,386,"[128, 79, 179]",relu,model_2,Float8WeightOnlyConfig,float8,8.0,False,False,pytorch_quantized_model_size,35187.0,pytorch,model_size,False,3.0
346,128,79,179,386,"[128, 79, 179]",relu,model_2,Int8DynamicActivationInt8WeightConfig,int8,8.0,True,False,pytorch_quantized_model_size,35187.0,pytorch,model_size,False,3.0
347,128,79,179,386,"[128, 79, 179]",relu,model_2,Int8WeightOnlyConfig,int8,8.0,False,False,pytorch_quantized_median_latency,0.0004570167511701584,pytorch,median_latency,False,3.0
348,128,79,179,386,"[128, 79, 179]",relu,model_2,Float8WeightOnlyConfig,float8,8.0,False,False,pytorch_quantized_median_latency,0.0005109347403049469,pytorch,median_latency,False,3.0
349,128,79,179,386,"[128, 79, 179]",relu,model_2,Int8DynamicActivationInt8WeightConfig,int8,8.0,True,False,pytorch_quantized_median_latency,0.0075571779161691666,pytorch,median_latency,False,3.0
350,128,79,179,386,"[128, 79, 179]",relu,model_2,Int8WeightOnlyConfig,int8,8.0,False,False,pytorch_quantized_p95_latency,0.0004677841439843178,pytorch,p95_latency,False,3.0
351,128,79,179,386,"[128, 79, 179]",relu,model_2,Float8WeightOnlyConfig,float8,8.0,False,False,pytorch_quantized_p95_latency,0.0005351737141609192,pytorch,p95_latency,False,3.0
352,128,79,179,386,"[128, 79, 179]",relu,model_2,Int8DynamicActivationInt8WeightConfig,int8,8.0,True,False,pytorch_quantized_p95_latency,0.007601021416485309,pytorch,p95_latency,False,3.0
353,128,79,179,386,"[128, 79, 179]",relu,model_2,Int8WeightOnlyConfig,int8,8.0,False,False,pytorch_quantized_p99_latency,0.0004712250083684921,pytorch,p99_latency,False,3.0
354,128,79,179,386,"[128, 79, 179]",relu,model_2,Float8WeightOnlyConfig,float8,8.0,False,False,pytorch_quantized_p99_latency,0.0005692829564213752,pytorch,p99_latency,False,3.0
355,128,79,179,386,"[128, 79, 179]",relu,model_2,Int8DynamicActivationInt8WeightConfig,int8,8.0,True,False,pytorch_quantized_p99_latency,0.007894932404160499,pytorch,p99_latency,False,3.0
356,128,79,179,386,"[128, 79, 179]",relu,model_2,Int8WeightOnlyConfig,int8,8.0,False,False,pytorch_relative_model_size,0.25,pytorch,model_size,True,3.0
357,128,79,179,386,"[128, 79, 179]",relu,model_2,Float8WeightOnlyConfig,float8,8.0,False,False,pytorch_relative_model_size,0.25,pytorch,model_size,True,3.0
358,128,79,179,386,"[128, 79, 179]",relu,model_2,Int8DynamicActivationInt8WeightConfig,int8,8.0,True,False,pytorch_relative_model_size,0.25,pytorch,model_size,True,3.0
359,128,79,179,386,"[128, 79, 179]",relu,model_2,Int8WeightOnlyConfig,int8,8.0,False,False,pytorch_relative_median_latency,2.996751145038168,pytorch,median_latency,True,3.0
360,128,79,179,386,"[128, 79, 179]",relu,model_2,Float8WeightOnlyConfig,float8,8.0,False,False,pytorch_relative_median_latency,3.350302290076336,pytorch,median_latency,True,3.0
361,128,79,179,386,"[128, 79, 179]",relu,model_2,Int8DynamicActivationInt8WeightConfig,int8,8.0,True,False,pytorch_relative_median_latency,49.55394198473282,pytorch,median_latency,True,3.0
362,128,79,179,386,"[128, 79, 179]",relu,model_2,Int8WeightOnlyConfig,int8,8.0,False,False,pytorch_relative_p95_latency,2.8374096996730325,pytorch,p95_latency,True,3.0
363,128,79,179,386,"[128, 79, 179]",relu,model_2,Float8WeightOnlyConfig,float8,8.0,False,False,pytorch_relative_p95_latency,3.2461704978635235,pytorch,p95_latency,True,3.0
364,128,79,179,386,"[128, 79, 179]",relu,model_2,Int8DynamicActivationInt8WeightConfig,int8,8.0,True,False,pytorch_relative_p95_latency,46.10505116924377,pytorch,p95_latency,True,3.0
365,128,79,179,386,"[128, 79, 179]",relu,model_2,Int8WeightOnlyConfig,int8,8.0,False,False,pytorch_relative_p99_latency,2.8160631151132183,pytorch,p99_latency,True,3.0
366,128,79,179,386,"[128, 79, 179]",relu,model_2,Float8WeightOnlyConfig,float8,8.0,False,False,pytorch_relative_p99_latency,3.4020620874756444,pytorch,p99_latency,True,3.0
367,128,79,179,386,"[128, 79, 179]",relu,model_2,Int8DynamicActivationInt8WeightConfig,int8,8.0,True,False,pytorch_relative_p99_latency,47.180492428964776,pytorch,p99_latency,True,3.0
368,753,64,219,1036,"[753, 64, 219]",relu,model_20,,,,,,,,,,,
369,881,301,142,1324,"[881, 301, 142]",celu,model_21,,,,,,,,,,,
370,301,111,106,518,"[301, 111, 106]",leaky_relu,model_22,,,,,,,,,,,
371,190,432,186,808,"[190, 432, 186]",gelu,model_23,,,,,,,,,,,
372,533,177,32,742,"[533, 177, 32]",gelu,model_24,,,,,,,,,,,
373,486,260,173,919,"[486, 260, 173]",celu,model_25,,,,,,,,,,,
374,128,64,32,224,"[128, 64, 32]",gelu,model_26,,,,,,,,,,,
375,249,361,155,765,"[249, 361, 155]",leaky_relu,model_27,,,,,,,,,,,
376,818,164,92,1074,"[818, 164, 92]",gelu,model_28,,,,,,,,,,,
377,692,417,43,1152,"[692, 417, 43]",leaky_relu,model_29,,,,,,,,,,,
378,360,400,84,844,"[360, 400, 84]",celu,model_3,Int8WeightOnlyConfig,int8,8.0,False,False,pytorch_quantized_MAE,9.113926511604832,pytorch,MAE,False,1.0
379,360,400,84,844,"[360, 400, 84]",celu,model_3,Float8WeightOnlyConfig,float8,8.0,False,False,pytorch_quantized_MAE,9.118189756980172,pytorch,MAE,False,1.0
380,360,400,84,844,"[360, 400, 84]",celu,model_3,Int8DynamicActivationInt8WeightConfig,int8,8.0,True,False,pytorch_quantized_MAE,9.116800855491258,pytorch,MAE,False,1.0
381,360,400,84,844,"[360, 400, 84]",celu,model_3,Int8WeightOnlyConfig,int8,8.0,False,False,pytorch_relative_MAE,0.9997645740394486,pytorch,MAE,True,1.0
382,360,400,84,844,"[360, 400, 84]",celu,model_3,Float8WeightOnlyConfig,float8,8.0,False,False,pytorch_relative_MAE,1.0002322365437792,pytorch,MAE,True,1.0
383,360,400,84,844,"[360, 400, 84]",celu,model_3,Int8DynamicActivationInt8WeightConfig,int8,8.0,True,False,pytorch_relative_MAE,1.0000798791044605,pytorch,MAE,True,1.0
384,360,400,84,844,"[360, 400, 84]",celu,model_3,Int8WeightOnlyConfig,int8,8.0,False,False,pytorch_quantized_model_size,207689.0,pytorch,model_size,False,1.0
385,360,400,84,844,"[360, 400, 84]",celu,model_3,Float8WeightOnlyConfig,float8,8.0,False,False,pytorch_quantized_model_size,207689.0,pytorch,model_size,False,1.0
386,360,400,84,844,"[360, 400, 84]",celu,model_3,Int8DynamicActivationInt8WeightConfig,int8,8.0,True,False,pytorch_quantized_model_size,207689.0,pytorch,model_size,False,1.0
387,360,400,84,844,"[360, 400, 84]",celu,model_3,Int8WeightOnlyConfig,int8,8.0,False,False,pytorch_quantized_median_latency,0.0004262365400791168,pytorch,median_latency,False,1.0
388,360,400,84,844,"[360, 400, 84]",celu,model_3,Float8WeightOnlyConfig,float8,8.0,False,False,pytorch_quantized_median_latency,0.0005202516913414001,pytorch,median_latency,False,1.0
389,360,400,84,844,"[360, 400, 84]",celu,model_3,Int8DynamicActivationInt8WeightConfig,int8,8.0,True,False,pytorch_quantized_median_latency,0.007903935387730598,pytorch,median_latency,False,1.0
390,360,400,84,844,"[360, 400, 84]",celu,model_3,Int8WeightOnlyConfig,int8,8.0,False,False,pytorch_quantized_p95_latency,0.00043832212686538695,pytorch,p95_latency,False,1.0
391,360,400,84,844,"[360, 400, 84]",celu,model_3,Float8WeightOnlyConfig,float8,8.0,False,False,pytorch_quantized_p95_latency,0.000528755784034729,pytorch,p95_latency,False,1.0
392,360,400,84,844,"[360, 400, 84]",celu,model_3,Int8DynamicActivationInt8WeightConfig,int8,8.0,True,False,pytorch_quantized_p95_latency,0.008062516525387763,pytorch,p95_latency,False,1.0
393,360,400,84,844,"[360, 400, 84]",celu,model_3,Int8WeightOnlyConfig,int8,8.0,False,False,pytorch_quantized_p99_latency,0.00044159878045320507,pytorch,p99_latency,False,1.0
394,360,400,84,844,"[360, 400, 84]",celu,model_3,Float8WeightOnlyConfig,float8,8.0,False,False,pytorch_quantized_p99_latency,0.0005345494672656059,pytorch,p99_latency,False,1.0
395,360,400,84,844,"[360, 400, 84]",celu,model_3,Int8DynamicActivationInt8WeightConfig,int8,8.0,True,False,pytorch_quantized_p99_latency,0.008649363778531547,pytorch,p99_latency,False,1.0
396,360,400,84,844,"[360, 400, 84]",celu,model_3,Int8WeightOnlyConfig,int8,8.0,False,False,pytorch_relative_model_size,0.25,pytorch,model_size,True,1.0
397,360,400,84,844,"[360, 400, 84]",celu,model_3,Float8WeightOnlyConfig,float8,8.0,False,False,pytorch_relative_model_size,0.25,pytorch,model_size,True,1.0
398,360,400,84,844,"[360, 400, 84]",celu,model_3,Int8DynamicActivationInt8WeightConfig,int8,8.0,True,False,pytorch_relative_model_size,0.25,pytorch,model_size,True,1.0
399,360,400,84,844,"[360, 400, 84]",celu,model_3,Int8WeightOnlyConfig,int8,8.0,False,False,pytorch_relative_median_latency,2.637369476523062,pytorch,median_latency,True,1.0
400,360,400,84,844,"[360, 400, 84]",celu,model_3,Float8WeightOnlyConfig,float8,8.0,False,False,pytorch_relative_median_latency,3.2190950372265634,pytorch,median_latency,True,1.0
401,360,400,84,844,"[360, 400, 84]",celu,model_3,Int8DynamicActivationInt8WeightConfig,int8,8.0,True,False,pytorch_relative_median_latency,48.90617292487841,pytorch,median_latency,True,1.0
402,360,400,84,844,"[360, 400, 84]",celu,model_3,Int8WeightOnlyConfig,int8,8.0,False,False,pytorch_relative_p95_latency,2.5435447347799065,pytorch,p95_latency,True,1.0
403,360,400,84,844,"[360, 400, 84]",celu,model_3,Float8WeightOnlyConfig,float8,8.0,False,False,pytorch_relative_p95_latency,3.0683232901883426,pytorch,p95_latency,True,1.0
404,360,400,84,844,"[360, 400, 84]",celu,model_3,Int8DynamicActivationInt8WeightConfig,int8,8.0,True,False,pytorch_relative_p95_latency,46.78607398600264,pytorch,p95_latency,True,1.0
405,360,400,84,844,"[360, 400, 84]",celu,model_3,Int8WeightOnlyConfig,int8,8.0,False,False,pytorch_relative_p99_latency,2.503940924783404,pytorch,p99_latency,True,1.0
406,360,400,84,844,"[360, 400, 84]",celu,model_3,Float8WeightOnlyConfig,float8,8.0,False,False,pytorch_relative_p99_latency,3.030987282242624,pytorch,p99_latency,True,1.0
407,360,400,84,844,"[360, 400, 84]",celu,model_3,Int8DynamicActivationInt8WeightConfig,int8,8.0,True,False,pytorch_relative_p99_latency,49.04337805502464,pytorch,p99_latency,True,1.0
408,360,400,84,844,"[360, 400, 84]",celu,model_3,Int8WeightOnlyConfig,int8,8.0,False,False,pytorch_quantized_MAE,8.848394026087908,pytorch,MAE,False,2.0
409,360,400,84,844,"[360, 400, 84]",celu,model_3,Float8WeightOnlyConfig,float8,8.0,False,False,pytorch_quantized_MAE,8.87576163319743,pytorch,MAE,False,2.0
410,360,400,84,844,"[360, 400, 84]",celu,model_3,Int8DynamicActivationInt8WeightConfig,int8,8.0,True,False,pytorch_quantized_MAE,8.842998895797658,pytorch,MAE,False,2.0
411,360,400,84,844,"[360, 400, 84]",celu,model_3,Int8WeightOnlyConfig,int8,8.0,False,False,pytorch_relative_MAE,0.9997195651675507,pytorch,MAE,True,2.0
412,360,400,84,844,"[360, 400, 84]",celu,model_3,Float8WeightOnlyConfig,float8,8.0,False,False,pytorch_relative_MAE,1.0028116440463326,pytorch,MAE,True,2.0
413,360,400,84,844,"[360, 400, 84]",celu,model_3,Int8DynamicActivationInt8WeightConfig,int8,8.0,True,False,pytorch_relative_MAE,0.9991100062699825,pytorch,MAE,True,2.0
414,360,400,84,844,"[360, 400, 84]",celu,model_3,Int8WeightOnlyConfig,int8,8.0,False,False,pytorch_quantized_model_size,207689.0,pytorch,model_size,False,2.0
415,360,400,84,844,"[360, 400, 84]",celu,model_3,Float8WeightOnlyConfig,float8,8.0,False,False,pytorch_quantized_model_size,207689.0,pytorch,model_size,False,2.0
416,360,400,84,844,"[360, 400, 84]",celu,model_3,Int8DynamicActivationInt8WeightConfig,int8,8.0,True,False,pytorch_quantized_model_size,207689.0,pytorch,model_size,False,2.0
417,360,400,84,844,"[360, 400, 84]",celu,model_3,Int8WeightOnlyConfig,int8,8.0,False,False,pytorch_quantized_median_latency,0.0004292745143175125,pytorch,median_latency,False,2.0
418,360,400,84,844,"[360, 400, 84]",celu,model_3,Float8WeightOnlyConfig,float8,8.0,False,False,pytorch_quantized_median_latency,0.0005266834050416946,pytorch,median_latency,False,2.0
419,360,400,84,844,"[360, 400, 84]",celu,model_3,Int8DynamicActivationInt8WeightConfig,int8,8.0,True,False,pytorch_quantized_median_latency,0.00797956995666027,pytorch,median_latency,False,2.0
420,360,400,84,844,"[360, 400, 84]",celu,model_3,Int8WeightOnlyConfig,int8,8.0,False,False,pytorch_quantized_p95_latency,0.00044154562056064606,pytorch,p95_latency,False,2.0
421,360,400,84,844,"[360, 400, 84]",celu,model_3,Float8WeightOnlyConfig,float8,8.0,False,False,pytorch_quantized_p95_latency,0.0005832785740494728,pytorch,p95_latency,False,2.0
422,360,400,84,844,"[360, 400, 84]",celu,model_3,Int8DynamicActivationInt8WeightConfig,int8,8.0,True,False,pytorch_quantized_p95_latency,0.008095915243029595,pytorch,p95_latency,False,2.0
423,360,400,84,844,"[360, 400, 84]",celu,model_3,Int8WeightOnlyConfig,int8,8.0,False,False,pytorch_quantized_p99_latency,0.0004478459060192107,pytorch,p99_latency,False,2.0
424,360,400,84,844,"[360, 400, 84]",celu,model_3,Float8WeightOnlyConfig,float8,8.0,False,False,pytorch_quantized_p99_latency,0.0005885007232427597,pytorch,p99_latency,False,2.0
425,360,400,84,844,"[360, 400, 84]",celu,model_3,Int8DynamicActivationInt8WeightConfig,int8,8.0,True,False,pytorch_quantized_p99_latency,0.008871795497834678,pytorch,p99_latency,False,2.0
426,360,400,84,844,"[360, 400, 84]",celu,model_3,Int8WeightOnlyConfig,int8,8.0,False,False,pytorch_relative_model_size,0.25,pytorch,model_size,True,2.0
427,360,400,84,844,"[360, 400, 84]",celu,model_3,Float8WeightOnlyConfig,float8,8.0,False,False,pytorch_relative_model_size,0.25,pytorch,model_size,True,2.0
428,360,400,84,844,"[360, 400, 84]",celu,model_3,Int8DynamicActivationInt8WeightConfig,int8,8.0,True,False,pytorch_relative_model_size,0.25,pytorch,model_size,True,2.0
429,360,400,84,844,"[360, 400, 84]",celu,model_3,Int8WeightOnlyConfig,int8,8.0,False,False,pytorch_relative_median_latency,2.622974141855595,pytorch,median_latency,True,2.0
430,360,400,84,844,"[360, 400, 84]",celu,model_3,Float8WeightOnlyConfig,float8,8.0,False,False,pytorch_relative_median_latency,3.218166712191569,pytorch,median_latency,True,2.0
431,360,400,84,844,"[360, 400, 84]",celu,model_3,Int8DynamicActivationInt8WeightConfig,int8,8.0,True,False,pytorch_relative_median_latency,48.7571587908586,pytorch,median_latency,True,2.0
432,360,400,84,844,"[360, 400, 84]",celu,model_3,Int8WeightOnlyConfig,int8,8.0,False,False,pytorch_relative_p95_latency,2.50513331832703,pytorch,p95_latency,True,2.0
433,360,400,84,844,"[360, 400, 84]",celu,model_3,Float8WeightOnlyConfig,float8,8.0,False,False,pytorch_relative_p95_latency,3.3092630108351853,pytorch,p95_latency,True,2.0
434,360,400,84,844,"[360, 400, 84]",celu,model_3,Int8DynamicActivationInt8WeightConfig,int8,8.0,True,False,pytorch_relative_p95_latency,45.932619582803625,pytorch,p95_latency,True,2.0
435,360,400,84,844,"[360, 400, 84]",celu,model_3,Int8WeightOnlyConfig,int8,8.0,False,False,pytorch_relative_p99_latency,2.4994156761783612,pytorch,p99_latency,True,2.0
436,360,400,84,844,"[360, 400, 84]",celu,model_3,Float8WeightOnlyConfig,float8,8.0,False,False,pytorch_relative_p99_latency,3.2844063400953836,pytorch,p99_latency,True,2.0
437,360,400,84,844,"[360, 400, 84]",celu,model_3,Int8DynamicActivationInt8WeightConfig,int8,8.0,True,False,pytorch_relative_p99_latency,49.51324650980603,pytorch,p99_latency,True,2.0
438,360,400,84,844,"[360, 400, 84]",celu,model_3,Int8WeightOnlyConfig,int8,8.0,False,False,pytorch_quantized_MAE,9.172739305253984,pytorch,MAE,False,3.0
439,360,400,84,844,"[360, 400, 84]",celu,model_3,Float8WeightOnlyConfig,float8,8.0,False,False,pytorch_quantized_MAE,9.194409583047776,pytorch,MAE,False,3.0
440,360,400,84,844,"[360, 400, 84]",celu,model_3,Int8DynamicActivationInt8WeightConfig,int8,8.0,True,False,pytorch_quantized_MAE,9.180955924521273,pytorch,MAE,False,3.0
441,360,400,84,844,"[360, 400, 84]",celu,model_3,Int8WeightOnlyConfig,int8,8.0,False,False,pytorch_relative_MAE,0.9996275865014581,pytorch,MAE,True,3.0
442,360,400,84,844,"[360, 400, 84]",celu,model_3,Float8WeightOnlyConfig,float8,8.0,False,False,pytorch_relative_MAE,1.001989171930733,pytorch,MAE,True,3.0
443,360,400,84,844,"[360, 400, 84]",celu,model_3,Int8DynamicActivationInt8WeightConfig,int8,8.0,True,False,pytorch_relative_MAE,1.0005230179548144,pytorch,MAE,True,3.0
444,360,400,84,844,"[360, 400, 84]",celu,model_3,Int8WeightOnlyConfig,int8,8.0,False,False,pytorch_quantized_model_size,207689.0,pytorch,model_size,False,3.0
445,360,400,84,844,"[360, 400, 84]",celu,model_3,Float8WeightOnlyConfig,float8,8.0,False,False,pytorch_quantized_model_size,207689.0,pytorch,model_size,False,3.0
446,360,400,84,844,"[360, 400, 84]",celu,model_3,Int8DynamicActivationInt8WeightConfig,int8,8.0,True,False,pytorch_quantized_model_size,207689.0,pytorch,model_size,False,3.0
447,360,400,84,844,"[360, 400, 84]",celu,model_3,Int8WeightOnlyConfig,int8,8.0,False,False,pytorch_quantized_median_latency,0.00048634782433509827,pytorch,median_latency,False,3.0
448,360,400,84,844,"[360, 400, 84]",celu,model_3,Float8WeightOnlyConfig,float8,8.0,False,False,pytorch_quantized_median_latency,0.0005357377231121063,pytorch,median_latency,False,3.0
449,360,400,84,844,"[360, 400, 84]",celu,model_3,Int8DynamicActivationInt8WeightConfig,int8,8.0,True,False,pytorch_quantized_median_latency,0.008148839697241783,pytorch,median_latency,False,3.0
450,360,400,84,844,"[360, 400, 84]",celu,model_3,Int8WeightOnlyConfig,int8,8.0,False,False,pytorch_quantized_p95_latency,0.0004947973415255546,pytorch,p95_latency,False,3.0
451,360,400,84,844,"[360, 400, 84]",celu,model_3,Float8WeightOnlyConfig,float8,8.0,False,False,pytorch_quantized_p95_latency,0.0005440058186650277,pytorch,p95_latency,False,3.0
452,360,400,84,844,"[360, 400, 84]",celu,model_3,Int8DynamicActivationInt8WeightConfig,int8,8.0,True,False,pytorch_quantized_p95_latency,0.008267292007803916,pytorch,p95_latency,False,3.0
453,360,400,84,844,"[360, 400, 84]",celu,model_3,Int8WeightOnlyConfig,int8,8.0,False,False,pytorch_quantized_p99_latency,0.0004972762614488601,pytorch,p99_latency,False,3.0
454,360,400,84,844,"[360, 400, 84]",celu,model_3,Float8WeightOnlyConfig,float8,8.0,False,False,pytorch_quantized_p99_latency,0.0005521489307284355,pytorch,p99_latency,False,3.0
455,360,400,84,844,"[360, 400, 84]",celu,model_3,Int8DynamicActivationInt8WeightConfig,int8,8.0,True,False,pytorch_quantized_p99_latency,0.008548978343605993,pytorch,p99_latency,False,3.0
456,360,400,84,844,"[360, 400, 84]",celu,model_3,Int8WeightOnlyConfig,int8,8.0,False,False,pytorch_relative_model_size,0.25,pytorch,model_size,True,3.0
457,360,400,84,844,"[360, 400, 84]",celu,model_3,Float8WeightOnlyConfig,float8,8.0,False,False,pytorch_relative_model_size,0.25,pytorch,model_size,True,3.0
458,360,400,84,844,"[360, 400, 84]",celu,model_3,Int8DynamicActivationInt8WeightConfig,int8,8.0,True,False,pytorch_relative_model_size,0.25,pytorch,model_size,True,3.0
459,360,400,84,844,"[360, 400, 84]",celu,model_3,Int8WeightOnlyConfig,int8,8.0,False,False,pytorch_relative_median_latency,2.9424372872951836,pytorch,median_latency,True,3.0
460,360,400,84,844,"[360, 400, 84]",celu,model_3,Float8WeightOnlyConfig,float8,8.0,False,False,pytorch_relative_median_latency,3.2412495210620027,pytorch,median_latency,True,3.0
461,360,400,84,844,"[360, 400, 84]",celu,model_3,Int8DynamicActivationInt8WeightConfig,int8,8.0,True,False,pytorch_relative_median_latency,49.30103225224819,pytorch,median_latency,True,3.0
462,360,400,84,844,"[360, 400, 84]",celu,model_3,Int8WeightOnlyConfig,int8,8.0,False,False,pytorch_relative_p95_latency,2.801853189817476,pytorch,p95_latency,True,3.0
463,360,400,84,844,"[360, 400, 84]",celu,model_3,Float8WeightOnlyConfig,float8,8.0,False,False,pytorch_relative_p95_latency,3.080502481291432,pytorch,p95_latency,True,3.0
464,360,400,84,844,"[360, 400, 84]",celu,model_3,Int8DynamicActivationInt8WeightConfig,int8,8.0,True,False,pytorch_relative_p95_latency,46.81459769326913,pytorch,p95_latency,True,3.0
465,360,400,84,844,"[360, 400, 84]",celu,model_3,Int8WeightOnlyConfig,int8,8.0,False,False,pytorch_relative_p99_latency,2.78109208944558,pytorch,p99_latency,True,3.0
466,360,400,84,844,"[360, 400, 84]",celu,model_3,Float8WeightOnlyConfig,float8,8.0,False,False,pytorch_relative_p99_latency,3.0879757239379226,pytorch,p99_latency,True,3.0
467,360,400,84,844,"[360, 400, 84]",celu,model_3,Int8DynamicActivationInt8WeightConfig,int8,8.0,True,False,pytorch_relative_p99_latency,47.81144383400107,pytorch,p99_latency,True,3.0
468,376,221,204,801,"[376, 221, 204]",elu,model_30,,,,,,,,,,,
469,128,321,59,508,"[128, 321, 59]",leaky_relu,model_31,,,,,,,,,,,
470,582,64,138,784,"[582, 64, 138]",relu,model_32,,,,,,,,,,,
471,571,396,216,1183,"[571, 396, 216]",gelu,model_33,,,,,,,,,,,
472,128,200,41,369,"[128, 200, 41]",gelu,model_34,,,,,,,,,,,
473,389,328,115,832,"[389, 328, 115]",leaky_relu,model_35,,,,,,,,,,,
474,677,71,79,827,"[677, 71, 79]",celu,model_36,,,,,,,,,,,
475,833,267,32,1132,"[833, 267, 32]",leaky_relu,model_37,,,,,,,,,,,
476,236,64,193,493,"[236, 64, 193]",leaky_relu,model_38,,,,,,,,,,,
477,128,340,104,572,"[128, 340, 104]",gelu,model_39,,,,,,,,,,,
478,702,210,162,1074,"[702, 210, 162]",elu,model_4,Int8WeightOnlyConfig,int8,8.0,False,False,pytorch_quantized_MAE,9.158976859005689,pytorch,MAE,False,1.0
479,702,210,162,1074,"[702, 210, 162]",elu,model_4,Float8WeightOnlyConfig,float8,8.0,False,False,pytorch_quantized_MAE,9.191885129079882,pytorch,MAE,False,1.0
480,702,210,162,1074,"[702, 210, 162]",elu,model_4,Int8DynamicActivationInt8WeightConfig,int8,8.0,True,False,pytorch_quantized_MAE,9.168573151639578,pytorch,MAE,False,1.0
481,702,210,162,1074,"[702, 210, 162]",elu,model_4,Int8WeightOnlyConfig,int8,8.0,False,False,pytorch_relative_MAE,0.9991664381718356,pytorch,MAE,True,1.0
482,702,210,162,1074,"[702, 210, 162]",elu,model_4,Float8WeightOnlyConfig,float8,8.0,False,False,pytorch_relative_MAE,1.002756450408202,pytorch,MAE,True,1.0
483,702,210,162,1074,"[702, 210, 162]",elu,model_4,Int8DynamicActivationInt8WeightConfig,int8,8.0,True,False,pytorch_relative_MAE,1.0002133120397643,pytorch,MAE,True,1.0
484,702,210,162,1074,"[702, 210, 162]",elu,model_4,Int8WeightOnlyConfig,int8,8.0,False,False,pytorch_quantized_model_size,239539.0,pytorch,model_size,False,1.0
485,702,210,162,1074,"[702, 210, 162]",elu,model_4,Float8WeightOnlyConfig,float8,8.0,False,False,pytorch_quantized_model_size,239539.0,pytorch,model_size,False,1.0
486,702,210,162,1074,"[702, 210, 162]",elu,model_4,Int8DynamicActivationInt8WeightConfig,int8,8.0,True,False,pytorch_quantized_model_size,239539.0,pytorch,model_size,False,1.0
487,702,210,162,1074,"[702, 210, 162]",elu,model_4,Int8WeightOnlyConfig,int8,8.0,False,False,pytorch_quantized_median_latency,0.0004263482987880707,pytorch,median_latency,False,1.0
488,702,210,162,1074,"[702, 210, 162]",elu,model_4,Float8WeightOnlyConfig,float8,8.0,False,False,pytorch_quantized_median_latency,0.0005796328186988831,pytorch,median_latency,False,1.0
489,702,210,162,1074,"[702, 210, 162]",elu,model_4,Int8DynamicActivationInt8WeightConfig,int8,8.0,True,False,pytorch_quantized_median_latency,0.011549584567546844,pytorch,median_latency,False,1.0
490,702,210,162,1074,"[702, 210, 162]",elu,model_4,Int8WeightOnlyConfig,int8,8.0,False,False,pytorch_quantized_p95_latency,0.00043877214193344116,pytorch,p95_latency,False,1.0
491,702,210,162,1074,"[702, 210, 162]",elu,model_4,Float8WeightOnlyConfig,float8,8.0,False,False,pytorch_quantized_p95_latency,0.000586448609828949,pytorch,p95_latency,False,1.0
492,702,210,162,1074,"[702, 210, 162]",elu,model_4,Int8DynamicActivationInt8WeightConfig,int8,8.0,True,False,pytorch_quantized_p95_latency,0.01174916960299015,pytorch,p95_latency,False,1.0
493,702,210,162,1074,"[702, 210, 162]",elu,model_4,Int8WeightOnlyConfig,int8,8.0,False,False,pytorch_quantized_p99_latency,0.00044269315898418424,pytorch,p99_latency,False,1.0
494,702,210,162,1074,"[702, 210, 162]",elu,model_4,Float8WeightOnlyConfig,float8,8.0,False,False,pytorch_quantized_p99_latency,0.0005918506905436516,pytorch,p99_latency,False,1.0
495,702,210,162,1074,"[702, 210, 162]",elu,model_4,Int8DynamicActivationInt8WeightConfig,int8,8.0,True,False,pytorch_quantized_p99_latency,0.012898497469723222,pytorch,p99_latency,False,1.0
496,702,210,162,1074,"[702, 210, 162]",elu,model_4,Int8WeightOnlyConfig,int8,8.0,False,False,pytorch_relative_model_size,0.25,pytorch,model_size,True,1.0
497,702,210,162,1074,"[702, 210, 162]",elu,model_4,Float8WeightOnlyConfig,float8,8.0,False,False,pytorch_relative_model_size,0.25,pytorch,model_size,True,1.0
498,702,210,162,1074,"[702, 210, 162]",elu,model_4,Int8DynamicActivationInt8WeightConfig,int8,8.0,True,False,pytorch_relative_model_size,0.25,pytorch,model_size,True,1.0
499,702,210,162,1074,"[702, 210, 162]",elu,model_4,Int8WeightOnlyConfig,int8,8.0,False,False,pytorch_relative_median_latency,2.5512606165986758,pytorch,median_latency,True,1.0
500,702,210,162,1074,"[702, 210, 162]",elu,model_4,Float8WeightOnlyConfig,float8,8.0,False,False,pytorch_relative_median_latency,3.4685124501214917,pytorch,median_latency,True,1.0
501,702,210,162,1074,"[702, 210, 162]",elu,model_4,Int8DynamicActivationInt8WeightConfig,int8,8.0,True,False,pytorch_relative_median_latency,69.11250808087563,pytorch,median_latency,True,1.0
502,702,210,162,1074,"[702, 210, 162]",elu,model_4,Int8WeightOnlyConfig,int8,8.0,False,False,pytorch_relative_p95_latency,2.4688904749777025,pytorch,p95_latency,True,1.0
503,702,210,162,1074,"[702, 210, 162]",elu,model_4,Float8WeightOnlyConfig,float8,8.0,False,False,pytorch_relative_p95_latency,3.2998389106714083,pytorch,p95_latency,True,1.0
504,702,210,162,1074,"[702, 210, 162]",elu,model_4,Int8DynamicActivationInt8WeightConfig,int8,8.0,True,False,pytorch_relative_p95_latency,66.11042531984668,pytorch,p95_latency,True,1.0
505,702,210,162,1074,"[702, 210, 162]",elu,model_4,Int8WeightOnlyConfig,int8,8.0,False,False,pytorch_relative_p99_latency,2.459309329476292,pytorch,p99_latency,True,1.0
506,702,210,162,1074,"[702, 210, 162]",elu,model_4,Float8WeightOnlyConfig,float8,8.0,False,False,pytorch_relative_p99_latency,3.2879295633366437,pytorch,p99_latency,True,1.0
507,702,210,162,1074,"[702, 210, 162]",elu,model_4,Int8DynamicActivationInt8WeightConfig,int8,8.0,True,False,pytorch_relative_p99_latency,71.65548985736632,pytorch,p99_latency,True,1.0
508,702,210,162,1074,"[702, 210, 162]",elu,model_4,Int8WeightOnlyConfig,int8,8.0,False,False,pytorch_quantized_MAE,9.166542936021836,pytorch,MAE,False,2.0
509,702,210,162,1074,"[702, 210, 162]",elu,model_4,Float8WeightOnlyConfig,float8,8.0,False,False,pytorch_quantized_MAE,9.2018618471535,pytorch,MAE,False,2.0
510,702,210,162,1074,"[702, 210, 162]",elu,model_4,Int8DynamicActivationInt8WeightConfig,int8,8.0,True,False,pytorch_quantized_MAE,9.176917233112727,pytorch,MAE,False,2.0
511,702,210,162,1074,"[702, 210, 162]",elu,model_4,Int8WeightOnlyConfig,int8,8.0,False,False,pytorch_relative_MAE,0.9990588703547294,pytorch,MAE,True,2.0
512,702,210,162,1074,"[702, 210, 162]",elu,model_4,Float8WeightOnlyConfig,float8,8.0,False,False,pytorch_relative_MAE,1.00290826829064,pytorch,MAE,True,2.0
513,702,210,162,1074,"[702, 210, 162]",elu,model_4,Int8DynamicActivationInt8WeightConfig,int8,8.0,True,False,pytorch_relative_MAE,1.0001895620020265,pytorch,MAE,True,2.0
514,702,210,162,1074,"[702, 210, 162]",elu,model_4,Int8WeightOnlyConfig,int8,8.0,False,False,pytorch_quantized_model_size,239539.0,pytorch,model_size,False,2.0
515,702,210,162,1074,"[702, 210, 162]",elu,model_4,Float8WeightOnlyConfig,float8,8.0,False,False,pytorch_quantized_model_size,239539.0,pytorch,model_size,False,2.0
516,702,210,162,1074,"[702, 210, 162]",elu,model_4,Int8DynamicActivationInt8WeightConfig,int8,8.0,True,False,pytorch_quantized_model_size,239539.0,pytorch,model_size,False,2.0
517,702,210,162,1074,"[702, 210, 162]",elu,model_4,Int8WeightOnlyConfig,int8,8.0,False,False,pytorch_quantized_median_latency,0.0004330780357122421,pytorch,median_latency,False,2.0
518,702,210,162,1074,"[702, 210, 162]",elu,model_4,Float8WeightOnlyConfig,float8,8.0,False,False,pytorch_quantized_median_latency,0.000532153993844986,pytorch,median_latency,False,2.0
519,702,210,162,1074,"[702, 210, 162]",elu,model_4,Int8DynamicActivationInt8WeightConfig,int8,8.0,True,False,pytorch_quantized_median_latency,0.011549502611160278,pytorch,median_latency,False,2.0
520,702,210,162,1074,"[702, 210, 162]",elu,model_4,Int8WeightOnlyConfig,int8,8.0,False,False,pytorch_quantized_p95_latency,0.00044489745050668716,pytorch,p95_latency,False,2.0
521,702,210,162,1074,"[702, 210, 162]",elu,model_4,Float8WeightOnlyConfig,float8,8.0,False,False,pytorch_quantized_p95_latency,0.000540563091635704,pytorch,p95_latency,False,2.0
522,702,210,162,1074,"[702, 210, 162]",elu,model_4,Int8DynamicActivationInt8WeightConfig,int8,8.0,True,False,pytorch_quantized_p95_latency,0.011673499271273613,pytorch,p95_latency,False,2.0
523,702,210,162,1074,"[702, 210, 162]",elu,model_4,Int8WeightOnlyConfig,int8,8.0,False,False,pytorch_quantized_p99_latency,0.000447663739323616,pytorch,p99_latency,False,2.0
524,702,210,162,1074,"[702, 210, 162]",elu,model_4,Float8WeightOnlyConfig,float8,8.0,False,False,pytorch_quantized_p99_latency,0.0005433759465813637,pytorch,p99_latency,False,2.0
525,702,210,162,1074,"[702, 210, 162]",elu,model_4,Int8DynamicActivationInt8WeightConfig,int8,8.0,True,False,pytorch_quantized_p99_latency,0.012128470279276368,pytorch,p99_latency,False,2.0
526,702,210,162,1074,"[702, 210, 162]",elu,model_4,Int8WeightOnlyConfig,int8,8.0,False,False,pytorch_relative_model_size,0.25,pytorch,model_size,True,2.0
527,702,210,162,1074,"[702, 210, 162]",elu,model_4,Float8WeightOnlyConfig,float8,8.0,False,False,pytorch_relative_model_size,0.25,pytorch,model_size,True,2.0
528,702,210,162,1074,"[702, 210, 162]",elu,model_4,Int8DynamicActivationInt8WeightConfig,int8,8.0,True,False,pytorch_relative_model_size,0.25,pytorch,model_size,True,2.0
529,702,210,162,1074,"[702, 210, 162]",elu,model_4,Int8WeightOnlyConfig,int8,8.0,False,False,pytorch_relative_median_latency,2.6179977705464412,pytorch,median_latency,True,2.0
530,702,210,162,1074,"[702, 210, 162]",elu,model_4,Float8WeightOnlyConfig,float8,8.0,False,False,pytorch_relative_median_latency,3.216921327313058,pytorch,median_latency,True,2.0
531,702,210,162,1074,"[702, 210, 162]",elu,model_4,Int8DynamicActivationInt8WeightConfig,int8,8.0,True,False,pytorch_relative_median_latency,69.81783788044274,pytorch,median_latency,True,2.0
532,702,210,162,1074,"[702, 210, 162]",elu,model_4,Int8WeightOnlyConfig,int8,8.0,False,False,pytorch_relative_p95_latency,2.5196554274086274,pytorch,p95_latency,True,2.0
533,702,210,162,1074,"[702, 210, 162]",elu,model_4,Float8WeightOnlyConfig,float8,8.0,False,False,pytorch_relative_p95_latency,3.0614532093755304,pytorch,p95_latency,True,2.0
534,702,210,162,1074,"[702, 210, 162]",elu,model_4,Int8DynamicActivationInt8WeightConfig,int8,8.0,True,False,pytorch_relative_p95_latency,66.11230467204736,pytorch,p95_latency,True,2.0
535,702,210,162,1074,"[702, 210, 162]",elu,model_4,Int8WeightOnlyConfig,int8,8.0,False,False,pytorch_relative_p99_latency,2.4926501672085406,pytorch,p99_latency,True,2.0
536,702,210,162,1074,"[702, 210, 162]",elu,model_4,Float8WeightOnlyConfig,float8,8.0,False,False,pytorch_relative_p99_latency,3.025588237612442,pytorch,p99_latency,True,2.0
537,702,210,162,1074,"[702, 210, 162]",elu,model_4,Int8DynamicActivationInt8WeightConfig,int8,8.0,True,False,pytorch_relative_p99_latency,67.53290654119145,pytorch,p99_latency,True,2.0
538,702,210,162,1074,"[702, 210, 162]",elu,model_4,Int8WeightOnlyConfig,int8,8.0,False,False,pytorch_quantized_MAE,9.092794710807047,pytorch,MAE,False,3.0
539,702,210,162,1074,"[702, 210, 162]",elu,model_4,Float8WeightOnlyConfig,float8,8.0,False,False,pytorch_quantized_MAE,9.127657239883437,pytorch,MAE,False,3.0
540,702,210,162,1074,"[702, 210, 162]",elu,model_4,Int8DynamicActivationInt8WeightConfig,int8,8.0,True,False,pytorch_quantized_MAE,9.09664650716988,pytorch,MAE,False,3.0
541,702,210,162,1074,"[702, 210, 162]",elu,model_4,Int8WeightOnlyConfig,int8,8.0,False,False,pytorch_relative_MAE,0.9990850523564643,pytorch,MAE,True,3.0
542,702,210,162,1074,"[702, 210, 162]",elu,model_4,Float8WeightOnlyConfig,float8,8.0,False,False,pytorch_relative_MAE,1.0029156273111772,pytorch,MAE,True,3.0
543,702,210,162,1074,"[702, 210, 162]",elu,model_4,Int8DynamicActivationInt8WeightConfig,int8,8.0,True,False,pytorch_relative_MAE,0.9995082745112824,pytorch,MAE,True,3.0
544,702,210,162,1074,"[702, 210, 162]",elu,model_4,Int8WeightOnlyConfig,int8,8.0,False,False,pytorch_quantized_model_size,239539.0,pytorch,model_size,False,3.0
545,702,210,162,1074,"[702, 210, 162]",elu,model_4,Float8WeightOnlyConfig,float8,8.0,False,False,pytorch_quantized_model_size,239539.0,pytorch,model_size,False,3.0
546,702,210,162,1074,"[702, 210, 162]",elu,model_4,Int8DynamicActivationInt8WeightConfig,int8,8.0,True,False,pytorch_quantized_model_size,239539.0,pytorch,model_size,False,3.0
547,702,210,162,1074,"[702, 210, 162]",elu,model_4,Int8WeightOnlyConfig,int8,8.0,False,False,pytorch_quantized_median_latency,0.0004317052662372589,pytorch,median_latency,False,3.0
548,702,210,162,1074,"[702, 210, 162]",elu,model_4,Float8WeightOnlyConfig,float8,8.0,False,False,pytorch_quantized_median_latency,0.0005189999938011169,pytorch,median_latency,False,3.0
549,702,210,162,1074,"[702, 210, 162]",elu,model_4,Int8DynamicActivationInt8WeightConfig,int8,8.0,True,False,pytorch_quantized_median_latency,0.011648081243038177,pytorch,median_latency,False,3.0
550,702,210,162,1074,"[702, 210, 162]",elu,model_4,Int8WeightOnlyConfig,int8,8.0,False,False,pytorch_quantized_p95_latency,0.0004734450951218605,pytorch,p95_latency,False,3.0
551,702,210,162,1074,"[702, 210, 162]",elu,model_4,Float8WeightOnlyConfig,float8,8.0,False,False,pytorch_quantized_p95_latency,0.0005275012925267219,pytorch,p95_latency,False,3.0
552,702,210,162,1074,"[702, 210, 162]",elu,model_4,Int8DynamicActivationInt8WeightConfig,int8,8.0,True,False,pytorch_quantized_p95_latency,0.012069880776107312,pytorch,p95_latency,False,3.0
553,702,210,162,1074,"[702, 210, 162]",elu,model_4,Int8WeightOnlyConfig,int8,8.0,False,False,pytorch_quantized_p99_latency,0.0004867125675082207,pytorch,p99_latency,False,3.0
554,702,210,162,1074,"[702, 210, 162]",elu,model_4,Float8WeightOnlyConfig,float8,8.0,False,False,pytorch_quantized_p99_latency,0.0005539781972765922,pytorch,p99_latency,False,3.0
555,702,210,162,1074,"[702, 210, 162]",elu,model_4,Int8DynamicActivationInt8WeightConfig,int8,8.0,True,False,pytorch_quantized_p99_latency,0.012706207185983656,pytorch,p99_latency,False,3.0
556,702,210,162,1074,"[702, 210, 162]",elu,model_4,Int8WeightOnlyConfig,int8,8.0,False,False,pytorch_relative_model_size,0.25,pytorch,model_size,True,3.0
557,702,210,162,1074,"[702, 210, 162]",elu,model_4,Float8WeightOnlyConfig,float8,8.0,False,False,pytorch_relative_model_size,0.25,pytorch,model_size,True,3.0
558,702,210,162,1074,"[702, 210, 162]",elu,model_4,Int8DynamicActivationInt8WeightConfig,int8,8.0,True,False,pytorch_relative_model_size,0.25,pytorch,model_size,True,3.0
559,702,210,162,1074,"[702, 210, 162]",elu,model_4,Int8WeightOnlyConfig,int8,8.0,False,False,pytorch_relative_median_latency,2.707087460287797,pytorch,median_latency,True,3.0
560,702,210,162,1074,"[702, 210, 162]",elu,model_4,Float8WeightOnlyConfig,float8,8.0,False,False,pytorch_relative_median_latency,3.254485142963932,pytorch,median_latency,True,3.0
561,702,210,162,1074,"[702, 210, 162]",elu,model_4,Int8DynamicActivationInt8WeightConfig,int8,8.0,True,False,pytorch_relative_median_latency,73.04144085217716,pytorch,median_latency,True,3.0
562,702,210,162,1074,"[702, 210, 162]",elu,model_4,Int8WeightOnlyConfig,int8,8.0,False,False,pytorch_relative_p95_latency,2.7725723797452337,pytorch,p95_latency,True,3.0
563,702,210,162,1074,"[702, 210, 162]",elu,model_4,Float8WeightOnlyConfig,float8,8.0,False,False,pytorch_relative_p95_latency,3.0891343663895316,pytorch,p95_latency,True,3.0
564,702,210,162,1074,"[702, 210, 162]",elu,model_4,Int8DynamicActivationInt8WeightConfig,int8,8.0,True,False,pytorch_relative_p95_latency,70.68320785547395,pytorch,p95_latency,True,3.0
565,702,210,162,1074,"[702, 210, 162]",elu,model_4,Int8WeightOnlyConfig,int8,8.0,False,False,pytorch_relative_p99_latency,2.795425889207763,pytorch,p99_latency,True,3.0
566,702,210,162,1074,"[702, 210, 162]",elu,model_4,Float8WeightOnlyConfig,float8,8.0,False,False,pytorch_relative_p99_latency,3.1817649637688366,pytorch,p99_latency,True,3.0
567,702,210,162,1074,"[702, 210, 162]",elu,model_4,Int8DynamicActivationInt8WeightConfig,int8,8.0,True,False,pytorch_relative_p99_latency,72.9778988514335,pytorch,p99_latency,True,3.0
568,498,143,153,794,"[498, 143, 153]",elu,model_40,,,,,,,,,,,
569,548,280,90,918,"[548, 280, 90]",gelu,model_41,,,,,,,,,,,
570,177,91,168,436,"[177, 91, 168]",elu,model_42,,,,,,,,,,,
571,284,439,32,755,"[284, 439, 32]",celu,model_43,,,,,,,,,,,
572,893,184,177,1254,"[893, 184, 177]",relu,model_44,,,,,,,,,,,
573,741,381,128,1250,"[741, 381, 128]",gelu,model_45,,,,,,,,,,,
574,441,131,66,638,"[441, 131, 66]",leaky_relu,model_46,,,,,,,,,,,
575,128,231,203,562,"[128, 231, 203]",relu,model_47,,,,,,,,,,,
576,617,64,54,735,"[617, 64, 54]",leaky_relu,model_48,,,,,,,,,,,
577,663,242,160,1065,"[663, 242, 160]",elu,model_49,,,,,,,,,,,
578,799,350,198,1347,"[799, 350, 198]",leaky_relu,model_5,Int8WeightOnlyConfig,int8,8.0,False,False,pytorch_quantized_MAE,7.859697422662773,pytorch,MAE,False,1.0
579,799,350,198,1347,"[799, 350, 198]",leaky_relu,model_5,Float8WeightOnlyConfig,float8,8.0,False,False,pytorch_quantized_MAE,7.9232759592337985,pytorch,MAE,False,1.0
580,799,350,198,1347,"[799, 350, 198]",leaky_relu,model_5,Int8DynamicActivationInt8WeightConfig,int8,8.0,True,False,pytorch_quantized_MAE,7.8830676217855205,pytorch,MAE,False,1.0
581,799,350,198,1347,"[799, 350, 198]",leaky_relu,model_5,Int8WeightOnlyConfig,int8,8.0,False,False,pytorch_relative_MAE,0.9982720224143962,pytorch,MAE,True,1.0
582,799,350,198,1347,"[799, 350, 198]",leaky_relu,model_5,Float8WeightOnlyConfig,float8,8.0,False,False,pytorch_relative_MAE,1.0063472282234516,pytorch,MAE,True,1.0
583,799,350,198,1347,"[799, 350, 198]",leaky_relu,model_5,Int8DynamicActivationInt8WeightConfig,int8,8.0,True,False,pytorch_relative_MAE,1.0012403066482425,pytorch,MAE,True,1.0
584,799,350,198,1347,"[799, 350, 198]",leaky_relu,model_5,Int8WeightOnlyConfig,int8,8.0,False,False,pytorch_quantized_model_size,415215.0,pytorch,model_size,False,1.0
585,799,350,198,1347,"[799, 350, 198]",leaky_relu,model_5,Float8WeightOnlyConfig,float8,8.0,False,False,pytorch_quantized_model_size,415215.0,pytorch,model_size,False,1.0
586,799,350,198,1347,"[799, 350, 198]",leaky_relu,model_5,Int8DynamicActivationInt8WeightConfig,int8,8.0,True,False,pytorch_quantized_model_size,415215.0,pytorch,model_size,False,1.0
587,799,350,198,1347,"[799, 350, 198]",leaky_relu,model_5,Int8WeightOnlyConfig,int8,8.0,False,False,pytorch_quantized_median_latency,0.00046380236744880676,pytorch,median_latency,False,1.0
588,799,350,198,1347,"[799, 350, 198]",leaky_relu,model_5,Float8WeightOnlyConfig,float8,8.0,False,False,pytorch_quantized_median_latency,0.0005138404667377472,pytorch,median_latency,False,1.0
589,799,350,198,1347,"[799, 350, 198]",leaky_relu,model_5,Int8DynamicActivationInt8WeightConfig,int8,8.0,True,False,pytorch_quantized_median_latency,0.015261495485901833,pytorch,median_latency,False,1.0
590,799,350,198,1347,"[799, 350, 198]",leaky_relu,model_5,Int8WeightOnlyConfig,int8,8.0,False,False,pytorch_quantized_p95_latency,0.0004810702055692673,pytorch,p95_latency,False,1.0
591,799,350,198,1347,"[799, 350, 198]",leaky_relu,model_5,Float8WeightOnlyConfig,float8,8.0,False,False,pytorch_quantized_p95_latency,0.0005218584090471267,pytorch,p95_latency,False,1.0
592,799,350,198,1347,"[799, 350, 198]",leaky_relu,model_5,Int8DynamicActivationInt8WeightConfig,int8,8.0,True,False,pytorch_quantized_p95_latency,0.01562676057219505,pytorch,p95_latency,False,1.0
593,799,350,198,1347,"[799, 350, 198]",leaky_relu,model_5,Int8WeightOnlyConfig,int8,8.0,False,False,pytorch_quantized_p99_latency,0.0004847167804837227,pytorch,p99_latency,False,1.0
594,799,350,198,1347,"[799, 350, 198]",leaky_relu,model_5,Float8WeightOnlyConfig,float8,8.0,False,False,pytorch_quantized_p99_latency,0.000523642897605896,pytorch,p99_latency,False,1.0
595,799,350,198,1347,"[799, 350, 198]",leaky_relu,model_5,Int8DynamicActivationInt8WeightConfig,int8,8.0,True,False,pytorch_quantized_p99_latency,0.016176909431815146,pytorch,p99_latency,False,1.0
596,799,350,198,1347,"[799, 350, 198]",leaky_relu,model_5,Int8WeightOnlyConfig,int8,8.0,False,False,pytorch_relative_model_size,0.25,pytorch,model_size,True,1.0
597,799,350,198,1347,"[799, 350, 198]",leaky_relu,model_5,Float8WeightOnlyConfig,float8,8.0,False,False,pytorch_relative_model_size,0.25,pytorch,model_size,True,1.0
598,799,350,198,1347,"[799, 350, 198]",leaky_relu,model_5,Int8DynamicActivationInt8WeightConfig,int8,8.0,True,False,pytorch_relative_model_size,0.25,pytorch,model_size,True,1.0
599,799,350,198,1347,"[799, 350, 198]",leaky_relu,model_5,Int8WeightOnlyConfig,int8,8.0,False,False,pytorch_relative_median_latency,2.945862811442633,pytorch,median_latency,True,1.0
600,799,350,198,1347,"[799, 350, 198]",leaky_relu,model_5,Float8WeightOnlyConfig,float8,8.0,False,False,pytorch_relative_median_latency,3.263682180630812,pytorch,median_latency,True,1.0
601,799,350,198,1347,"[799, 350, 198]",leaky_relu,model_5,Int8DynamicActivationInt8WeightConfig,int8,8.0,True,False,pytorch_relative_median_latency,96.93411494688024,pytorch,median_latency,True,1.0
602,799,350,198,1347,"[799, 350, 198]",leaky_relu,model_5,Int8WeightOnlyConfig,int8,8.0,False,False,pytorch_relative_p95_latency,2.852350097683752,pytorch,p95_latency,True,1.0
603,799,350,198,1347,"[799, 350, 198]",leaky_relu,model_5,Float8WeightOnlyConfig,float8,8.0,False,False,pytorch_relative_p95_latency,3.094190550132361,pytorch,p95_latency,True,1.0
604,799,350,198,1347,"[799, 350, 198]",leaky_relu,model_5,Int8DynamicActivationInt8WeightConfig,int8,8.0,True,False,pytorch_relative_p95_latency,92.65381960588553,pytorch,p95_latency,True,1.0
605,799,350,198,1347,"[799, 350, 198]",leaky_relu,model_5,Int8WeightOnlyConfig,int8,8.0,False,False,pytorch_relative_p99_latency,2.788516637102407,pytorch,p99_latency,True,1.0
606,799,350,198,1347,"[799, 350, 198]",leaky_relu,model_5,Float8WeightOnlyConfig,float8,8.0,False,False,pytorch_relative_p99_latency,3.0124538507153824,pytorch,p99_latency,True,1.0
607,799,350,198,1347,"[799, 350, 198]",leaky_relu,model_5,Int8DynamicActivationInt8WeightConfig,int8,8.0,True,False,pytorch_relative_p99_latency,93.06379086463298,pytorch,p99_latency,True,1.0
608,799,350,198,1347,"[799, 350, 198]",leaky_relu,model_5,Int8WeightOnlyConfig,int8,8.0,False,False,pytorch_quantized_MAE,7.841673756812051,pytorch,MAE,False,2.0
609,799,350,198,1347,"[799, 350, 198]",leaky_relu,model_5,Float8WeightOnlyConfig,float8,8.0,False,False,pytorch_quantized_MAE,7.906258752630885,pytorch,MAE,False,2.0
610,799,350,198,1347,"[799, 350, 198]",leaky_relu,model_5,Int8DynamicActivationInt8WeightConfig,int8,8.0,True,False,pytorch_quantized_MAE,7.854903747759556,pytorch,MAE,False,2.0
611,799,350,198,1347,"[799, 350, 198]",leaky_relu,model_5,Int8WeightOnlyConfig,int8,8.0,False,False,pytorch_relative_MAE,0.9985153024728015,pytorch,MAE,True,2.0
612,799,350,198,1347,"[799, 350, 198]",leaky_relu,model_5,Float8WeightOnlyConfig,float8,8.0,False,False,pytorch_relative_MAE,1.0067391981148799,pytorch,MAE,True,2.0
613,799,350,198,1347,"[799, 350, 198]",leaky_relu,model_5,Int8DynamicActivationInt8WeightConfig,int8,8.0,True,False,pytorch_relative_MAE,1.0001999362413492,pytorch,MAE,True,2.0
614,799,350,198,1347,"[799, 350, 198]",leaky_relu,model_5,Int8WeightOnlyConfig,int8,8.0,False,False,pytorch_quantized_model_size,415215.0,pytorch,model_size,False,2.0
615,799,350,198,1347,"[799, 350, 198]",leaky_relu,model_5,Float8WeightOnlyConfig,float8,8.0,False,False,pytorch_quantized_model_size,415215.0,pytorch,model_size,False,2.0
616,799,350,198,1347,"[799, 350, 198]",leaky_relu,model_5,Int8DynamicActivationInt8WeightConfig,int8,8.0,True,False,pytorch_quantized_model_size,415215.0,pytorch,model_size,False,2.0
617,799,350,198,1347,"[799, 350, 198]",leaky_relu,model_5,Int8WeightOnlyConfig,int8,8.0,False,False,pytorch_quantized_median_latency,0.00048688240349292755,pytorch,median_latency,False,2.0
618,799,350,198,1347,"[799, 350, 198]",leaky_relu,model_5,Float8WeightOnlyConfig,float8,8.0,False,False,pytorch_quantized_median_latency,0.0005386583507061005,pytorch,median_latency,False,2.0
619,799,350,198,1347,"[799, 350, 198]",leaky_relu,model_5,Int8DynamicActivationInt8WeightConfig,int8,8.0,True,False,pytorch_quantized_median_latency,0.015308158472180367,pytorch,median_latency,False,2.0
620,799,350,198,1347,"[799, 350, 198]",leaky_relu,model_5,Int8WeightOnlyConfig,int8,8.0,False,False,pytorch_quantized_p95_latency,0.0004960469901561737,pytorch,p95_latency,False,2.0
621,799,350,198,1347,"[799, 350, 198]",leaky_relu,model_5,Float8WeightOnlyConfig,float8,8.0,False,False,pytorch_quantized_p95_latency,0.0005470393225550652,pytorch,p95_latency,False,2.0
622,799,350,198,1347,"[799, 350, 198]",leaky_relu,model_5,Int8DynamicActivationInt8WeightConfig,int8,8.0,True,False,pytorch_quantized_p95_latency,0.015465575829148292,pytorch,p95_latency,False,2.0
623,799,350,198,1347,"[799, 350, 198]",leaky_relu,model_5,Int8WeightOnlyConfig,int8,8.0,False,False,pytorch_quantized_p99_latency,0.0005070986971259117,pytorch,p99_latency,False,2.0
624,799,350,198,1347,"[799, 350, 198]",leaky_relu,model_5,Float8WeightOnlyConfig,float8,8.0,False,False,pytorch_quantized_p99_latency,0.0005567454919219016,pytorch,p99_latency,False,2.0
625,799,350,198,1347,"[799, 350, 198]",leaky_relu,model_5,Int8DynamicActivationInt8WeightConfig,int8,8.0,True,False,pytorch_quantized_p99_latency,0.016125053428113458,pytorch,p99_latency,False,2.0
626,799,350,198,1347,"[799, 350, 198]",leaky_relu,model_5,Int8WeightOnlyConfig,int8,8.0,False,False,pytorch_relative_model_size,0.25,pytorch,model_size,True,2.0
627,799,350,198,1347,"[799, 350, 198]",leaky_relu,model_5,Float8WeightOnlyConfig,float8,8.0,False,False,pytorch_relative_model_size,0.25,pytorch,model_size,True,2.0
628,799,350,198,1347,"[799, 350, 198]",leaky_relu,model_5,Int8DynamicActivationInt8WeightConfig,int8,8.0,True,False,pytorch_relative_model_size,0.25,pytorch,model_size,True,2.0
629,799,350,198,1347,"[799, 350, 198]",leaky_relu,model_5,Int8WeightOnlyConfig,int8,8.0,False,False,pytorch_relative_median_latency,2.9120999097603635,pytorch,median_latency,True,2.0
630,799,350,198,1347,"[799, 350, 198]",leaky_relu,model_5,Float8WeightOnlyConfig,float8,8.0,False,False,pytorch_relative_median_latency,3.221777832243402,pytorch,median_latency,True,2.0
631,799,350,198,1347,"[799, 350, 198]",leaky_relu,model_5,Int8DynamicActivationInt8WeightConfig,int8,8.0,True,False,pytorch_relative_median_latency,91.5598645291385,pytorch,median_latency,True,2.0
632,799,350,198,1347,"[799, 350, 198]",leaky_relu,model_5,Int8WeightOnlyConfig,int8,8.0,False,False,pytorch_relative_p95_latency,2.7863966133828297,pytorch,p95_latency,True,2.0
633,799,350,198,1347,"[799, 350, 198]",leaky_relu,model_5,Float8WeightOnlyConfig,float8,8.0,False,False,pytorch_relative_p95_latency,3.0728308930465955,pytorch,p95_latency,True,2.0
634,799,350,198,1347,"[799, 350, 198]",leaky_relu,model_5,Int8DynamicActivationInt8WeightConfig,int8,8.0,True,False,pytorch_relative_p95_latency,86.87327807550416,pytorch,p95_latency,True,2.0
635,799,350,198,1347,"[799, 350, 198]",leaky_relu,model_5,Int8WeightOnlyConfig,int8,8.0,False,False,pytorch_relative_p99_latency,2.653500911314925,pytorch,p99_latency,True,2.0
636,799,350,198,1347,"[799, 350, 198]",leaky_relu,model_5,Float8WeightOnlyConfig,float8,8.0,False,False,pytorch_relative_p99_latency,2.9132882386767904,pytorch,p99_latency,True,2.0
637,799,350,198,1347,"[799, 350, 198]",leaky_relu,model_5,Int8DynamicActivationInt8WeightConfig,int8,8.0,True,False,pytorch_relative_p99_latency,84.37774383765924,pytorch,p99_latency,True,2.0
638,799,350,198,1347,"[799, 350, 198]",leaky_relu,model_5,Int8WeightOnlyConfig,int8,8.0,False,False,pytorch_quantized_MAE,7.919759813166966,pytorch,MAE,False,3.0
639,799,350,198,1347,"[799, 350, 198]",leaky_relu,model_5,Float8WeightOnlyConfig,float8,8.0,False,False,pytorch_quantized_MAE,7.988870349787141,pytorch,MAE,False,3.0
640,799,350,198,1347,"[799, 350, 198]",leaky_relu,model_5,Int8DynamicActivationInt8WeightConfig,int8,8.0,True,False,pytorch_quantized_MAE,7.939483420084023,pytorch,MAE,False,3.0
641,799,350,198,1347,"[799, 350, 198]",leaky_relu,model_5,Int8WeightOnlyConfig,int8,8.0,False,False,pytorch_relative_MAE,0.9985673025365365,pytorch,MAE,True,3.0
642,799,350,198,1347,"[799, 350, 198]",leaky_relu,model_5,Float8WeightOnlyConfig,float8,8.0,False,False,pytorch_relative_MAE,1.007281142824335,pytorch,MAE,True,3.0
643,799,350,198,1347,"[799, 350, 198]",leaky_relu,model_5,Int8DynamicActivationInt8WeightConfig,int8,8.0,True,False,pytorch_relative_MAE,1.001054164438928,pytorch,MAE,True,3.0
644,799,350,198,1347,"[799, 350, 198]",leaky_relu,model_5,Int8WeightOnlyConfig,int8,8.0,False,False,pytorch_quantized_model_size,415215.0,pytorch,model_size,False,3.0
645,799,350,198,1347,"[799, 350, 198]",leaky_relu,model_5,Float8WeightOnlyConfig,float8,8.0,False,False,pytorch_quantized_model_size,415215.0,pytorch,model_size,False,3.0
646,799,350,198,1347,"[799, 350, 198]",leaky_relu,model_5,Int8DynamicActivationInt8WeightConfig,int8,8.0,True,False,pytorch_quantized_model_size,415215.0,pytorch,model_size,False,3.0
647,799,350,198,1347,"[799, 350, 198]",leaky_relu,model_5,Int8WeightOnlyConfig,int8,8.0,False,False,pytorch_quantized_median_latency,0.0004907138645648956,pytorch,median_latency,False,3.0
648,799,350,198,1347,"[799, 350, 198]",leaky_relu,model_5,Float8WeightOnlyConfig,float8,8.0,False,False,pytorch_quantized_median_latency,0.0005387533456087112,pytorch,median_latency,False,3.0
649,799,350,198,1347,"[799, 350, 198]",leaky_relu,model_5,Int8DynamicActivationInt8WeightConfig,int8,8.0,True,False,pytorch_quantized_median_latency,0.015290476381778717,pytorch,median_latency,False,3.0
650,799,350,198,1347,"[799, 350, 198]",leaky_relu,model_5,Int8WeightOnlyConfig,int8,8.0,False,False,pytorch_quantized_p95_latency,0.0004981463775038719,pytorch,p95_latency,False,3.0
651,799,350,198,1347,"[799, 350, 198]",leaky_relu,model_5,Float8WeightOnlyConfig,float8,8.0,False,False,pytorch_quantized_p95_latency,0.0005472861230373383,pytorch,p95_latency,False,3.0
652,799,350,198,1347,"[799, 350, 198]",leaky_relu,model_5,Int8DynamicActivationInt8WeightConfig,int8,8.0,True,False,pytorch_quantized_p95_latency,0.015439686551690101,pytorch,p95_latency,False,3.0
653,799,350,198,1347,"[799, 350, 198]",leaky_relu,model_5,Int8WeightOnlyConfig,int8,8.0,False,False,pytorch_quantized_p99_latency,0.0005027410760521889,pytorch,p99_latency,False,3.0
654,799,350,198,1347,"[799, 350, 198]",leaky_relu,model_5,Float8WeightOnlyConfig,float8,8.0,False,False,pytorch_quantized_p99_latency,0.0005594137310981751,pytorch,p99_latency,False,3.0
655,799,350,198,1347,"[799, 350, 198]",leaky_relu,model_5,Int8DynamicActivationInt8WeightConfig,int8,8.0,True,False,pytorch_quantized_p99_latency,0.016285574659705163,pytorch,p99_latency,False,3.0
656,799,350,198,1347,"[799, 350, 198]",leaky_relu,model_5,Int8WeightOnlyConfig,int8,8.0,False,False,pytorch_relative_model_size,0.25,pytorch,model_size,True,3.0
657,799,350,198,1347,"[799, 350, 198]",leaky_relu,model_5,Float8WeightOnlyConfig,float8,8.0,False,False,pytorch_relative_model_size,0.25,pytorch,model_size,True,3.0
658,799,350,198,1347,"[799, 350, 198]",leaky_relu,model_5,Int8DynamicActivationInt8WeightConfig,int8,8.0,True,False,pytorch_relative_model_size,0.25,pytorch,model_size,True,3.0
659,799,350,198,1347,"[799, 350, 198]",leaky_relu,model_5,Int8WeightOnlyConfig,int8,8.0,False,False,pytorch_relative_median_latency,2.9435425302510585,pytorch,median_latency,True,3.0
660,799,350,198,1347,"[799, 350, 198]",leaky_relu,model_5,Float8WeightOnlyConfig,float8,8.0,False,False,pytorch_relative_median_latency,3.2317069083027006,pytorch,median_latency,True,3.0
661,799,350,198,1347,"[799, 350, 198]",leaky_relu,model_5,Int8DynamicActivationInt8WeightConfig,int8,8.0,True,False,pytorch_relative_median_latency,91.7197796672663,pytorch,median_latency,True,3.0
662,799,350,198,1347,"[799, 350, 198]",leaky_relu,model_5,Int8WeightOnlyConfig,int8,8.0,False,False,pytorch_relative_p95_latency,2.78819771327176,pytorch,p95_latency,True,3.0
663,799,350,198,1347,"[799, 350, 198]",leaky_relu,model_5,Float8WeightOnlyConfig,float8,8.0,False,False,pytorch_relative_p95_latency,3.0632400147208,pytorch,p95_latency,True,3.0
664,799,350,198,1347,"[799, 350, 198]",leaky_relu,model_5,Int8DynamicActivationInt8WeightConfig,int8,8.0,True,False,pytorch_relative_p95_latency,86.4181708050672,pytorch,p95_latency,True,3.0
665,799,350,198,1347,"[799, 350, 198]",leaky_relu,model_5,Int8WeightOnlyConfig,int8,8.0,False,False,pytorch_relative_p99_latency,2.774134804007723,pytorch,p99_latency,True,3.0
666,799,350,198,1347,"[799, 350, 198]",leaky_relu,model_5,Float8WeightOnlyConfig,float8,8.0,False,False,pytorch_relative_p99_latency,3.0868555906861403,pytorch,p99_latency,True,3.0
667,799,350,198,1347,"[799, 350, 198]",leaky_relu,model_5,Int8DynamicActivationInt8WeightConfig,int8,8.0,True,False,pytorch_relative_p99_latency,89.86411021259862,pytorch,p99_latency,True,3.0
668,128,64,98,290,"[128, 64, 98]",gelu,model_50,,,,,,,,,,,
669,394,365,171,930,"[394, 365, 171]",gelu,model_51,,,,,,,,,,,
670,781,118,32,931,"[781, 118, 32]",gelu,model_52,,,,,,,,,,,
671,849,426,58,1333,"[849, 426, 58]",leaky_relu,model_53,,,,,,,,,,,
672,322,169,136,627,"[322, 169, 136]",relu,model_54,,,,,,,,,,,
673,222,297,48,567,"[222, 297, 48]",relu,model_55,,,,,,,,,,,
674,510,101,209,820,"[510, 101, 209]",relu,model_56,,,,,,,,,,,
675,459,357,33,849,"[459, 357, 33]",celu,model_57,,,,,,,,,,,
676,158,154,224,536,"[158, 154, 224]",relu,model_58,,,,,,,,,,,
677,276,255,73,604,"[276, 255, 73]",celu,model_59,,,,,,,,,,,
678,260,147,49,456,"[260, 147, 49]",leaky_relu,model_6,Int8WeightOnlyConfig,int8,8.0,False,False,pytorch_quantized_MAE,8.135140843360018,pytorch,MAE,False,1.0
679,260,147,49,456,"[260, 147, 49]",leaky_relu,model_6,Float8WeightOnlyConfig,float8,8.0,False,False,pytorch_quantized_MAE,8.081801901644171,pytorch,MAE,False,1.0
680,260,147,49,456,"[260, 147, 49]",leaky_relu,model_6,Int8DynamicActivationInt8WeightConfig,int8,8.0,True,False,pytorch_quantized_MAE,8.131037686079713,pytorch,MAE,False,1.0
681,260,147,49,456,"[260, 147, 49]",leaky_relu,model_6,Int8WeightOnlyConfig,int8,8.0,False,False,pytorch_relative_MAE,0.998918642187178,pytorch,MAE,True,1.0
682,260,147,49,456,"[260, 147, 49]",leaky_relu,model_6,Float8WeightOnlyConfig,float8,8.0,False,False,pytorch_relative_MAE,0.9923691227307344,pytorch,MAE,True,1.0
683,260,147,49,456,"[260, 147, 49]",leaky_relu,model_6,Int8DynamicActivationInt8WeightConfig,int8,8.0,True,False,pytorch_relative_MAE,0.9984148131351624,pytorch,MAE,True,1.0
684,260,147,49,456,"[260, 147, 49]",leaky_relu,model_6,Int8WeightOnlyConfig,int8,8.0,False,False,pytorch_quantized_model_size,66989.0,pytorch,model_size,False,1.0
685,260,147,49,456,"[260, 147, 49]",leaky_relu,model_6,Float8WeightOnlyConfig,float8,8.0,False,False,pytorch_quantized_model_size,66989.0,pytorch,model_size,False,1.0
686,260,147,49,456,"[260, 147, 49]",leaky_relu,model_6,Int8DynamicActivationInt8WeightConfig,int8,8.0,True,False,pytorch_quantized_model_size,66989.0,pytorch,model_size,False,1.0
687,260,147,49,456,"[260, 147, 49]",leaky_relu,model_6,Int8WeightOnlyConfig,int8,8.0,False,False,pytorch_quantized_median_latency,0.0004629697650671005,pytorch,median_latency,False,1.0
688,260,147,49,456,"[260, 147, 49]",leaky_relu,model_6,Float8WeightOnlyConfig,float8,8.0,False,False,pytorch_quantized_median_latency,0.0005631856620311737,pytorch,median_latency,False,1.0
689,260,147,49,456,"[260, 147, 49]",leaky_relu,model_6,Int8DynamicActivationInt8WeightConfig,int8,8.0,True,False,pytorch_quantized_median_latency,0.008331086486577988,pytorch,median_latency,False,1.0
690,260,147,49,456,"[260, 147, 49]",leaky_relu,model_6,Int8WeightOnlyConfig,int8,8.0,False,False,pytorch_quantized_p95_latency,0.00047443658113479616,pytorch,p95_latency,False,1.0
691,260,147,49,456,"[260, 147, 49]",leaky_relu,model_6,Float8WeightOnlyConfig,float8,8.0,False,False,pytorch_quantized_p95_latency,0.000569489598274231,pytorch,p95_latency,False,1.0
692,260,147,49,456,"[260, 147, 49]",leaky_relu,model_6,Int8DynamicActivationInt8WeightConfig,int8,8.0,True,False,pytorch_quantized_p95_latency,0.008879030123353004,pytorch,p95_latency,False,1.0
693,260,147,49,456,"[260, 147, 49]",leaky_relu,model_6,Int8WeightOnlyConfig,int8,8.0,False,False,pytorch_quantized_p99_latency,0.0004786616936326027,pytorch,p99_latency,False,1.0
694,260,147,49,456,"[260, 147, 49]",leaky_relu,model_6,Float8WeightOnlyConfig,float8,8.0,False,False,pytorch_quantized_p99_latency,0.0005757648497819901,pytorch,p99_latency,False,1.0
695,260,147,49,456,"[260, 147, 49]",leaky_relu,model_6,Int8DynamicActivationInt8WeightConfig,int8,8.0,True,False,pytorch_quantized_p99_latency,0.009424305185675611,pytorch,p99_latency,False,1.0
696,260,147,49,456,"[260, 147, 49]",leaky_relu,model_6,Int8WeightOnlyConfig,int8,8.0,False,False,pytorch_relative_model_size,0.25,pytorch,model_size,True,1.0
697,260,147,49,456,"[260, 147, 49]",leaky_relu,model_6,Float8WeightOnlyConfig,float8,8.0,False,False,pytorch_relative_model_size,0.25,pytorch,model_size,True,1.0
698,260,147,49,456,"[260, 147, 49]",leaky_relu,model_6,Int8DynamicActivationInt8WeightConfig,int8,8.0,True,False,pytorch_relative_model_size,0.25,pytorch,model_size,True,1.0
699,260,147,49,456,"[260, 147, 49]",leaky_relu,model_6,Int8WeightOnlyConfig,int8,8.0,False,False,pytorch_relative_median_latency,3.029828368033546,pytorch,median_latency,True,1.0
700,260,147,49,456,"[260, 147, 49]",leaky_relu,model_6,Float8WeightOnlyConfig,float8,8.0,False,False,pytorch_relative_median_latency,3.6856745818908774,pytorch,median_latency,True,1.0
701,260,147,49,456,"[260, 147, 49]",leaky_relu,model_6,Int8DynamicActivationInt8WeightConfig,int8,8.0,True,False,pytorch_relative_median_latency,54.52140523672534,pytorch,median_latency,True,1.0
702,260,147,49,456,"[260, 147, 49]",leaky_relu,model_6,Int8WeightOnlyConfig,int8,8.0,False,False,pytorch_relative_p95_latency,2.8730931486452955,pytorch,p95_latency,True,1.0
703,260,147,49,456,"[260, 147, 49]",leaky_relu,model_6,Float8WeightOnlyConfig,float8,8.0,False,False,pytorch_relative_p95_latency,3.448715229995263,pytorch,p95_latency,True,1.0
704,260,147,49,456,"[260, 147, 49]",leaky_relu,model_6,Int8DynamicActivationInt8WeightConfig,int8,8.0,True,False,pytorch_relative_p95_latency,53.769632503891536,pytorch,p95_latency,True,1.0
705,260,147,49,456,"[260, 147, 49]",leaky_relu,model_6,Int8WeightOnlyConfig,int8,8.0,False,False,pytorch_relative_p99_latency,2.8635695754603976,pytorch,p99_latency,True,1.0
706,260,147,49,456,"[260, 147, 49]",leaky_relu,model_6,Float8WeightOnlyConfig,float8,8.0,False,False,pytorch_relative_p99_latency,3.4444843370330926,pytorch,p99_latency,True,1.0
707,260,147,49,456,"[260, 147, 49]",leaky_relu,model_6,Int8DynamicActivationInt8WeightConfig,int8,8.0,True,False,pytorch_relative_p99_latency,56.38043310870903,pytorch,p99_latency,True,1.0
708,260,147,49,456,"[260, 147, 49]",leaky_relu,model_6,Int8WeightOnlyConfig,int8,8.0,False,False,pytorch_quantized_MAE,7.961325178029733,pytorch,MAE,False,2.0
709,260,147,49,456,"[260, 147, 49]",leaky_relu,model_6,Float8WeightOnlyConfig,float8,8.0,False,False,pytorch_quantized_MAE,7.903375516157608,pytorch,MAE,False,2.0
710,260,147,49,456,"[260, 147, 49]",leaky_relu,model_6,Int8DynamicActivationInt8WeightConfig,int8,8.0,True,False,pytorch_quantized_MAE,7.956550483308866,pytorch,MAE,False,2.0
711,260,147,49,456,"[260, 147, 49]",leaky_relu,model_6,Int8WeightOnlyConfig,int8,8.0,False,False,pytorch_relative_MAE,0.9987380796012103,pytorch,MAE,True,2.0
712,260,147,49,456,"[260, 147, 49]",leaky_relu,model_6,Float8WeightOnlyConfig,float8,8.0,False,False,pytorch_relative_MAE,0.9914683685019297,pytorch,MAE,True,2.0
713,260,147,49,456,"[260, 147, 49]",leaky_relu,model_6,Int8DynamicActivationInt8WeightConfig,int8,8.0,True,False,pytorch_relative_MAE,0.9981391002441856,pytorch,MAE,True,2.0
714,260,147,49,456,"[260, 147, 49]",leaky_relu,model_6,Int8WeightOnlyConfig,int8,8.0,False,False,pytorch_quantized_model_size,66989.0,pytorch,model_size,False,2.0
715,260,147,49,456,"[260, 147, 49]",leaky_relu,model_6,Float8WeightOnlyConfig,float8,8.0,False,False,pytorch_quantized_model_size,66989.0,pytorch,model_size,False,2.0
716,260,147,49,456,"[260, 147, 49]",leaky_relu,model_6,Int8DynamicActivationInt8WeightConfig,int8,8.0,True,False,pytorch_quantized_model_size,66989.0,pytorch,model_size,False,2.0
717,260,147,49,456,"[260, 147, 49]",leaky_relu,model_6,Int8WeightOnlyConfig,int8,8.0,False,False,pytorch_quantized_median_latency,0.00042070820927619934,pytorch,median_latency,False,2.0
718,260,147,49,456,"[260, 147, 49]",leaky_relu,model_6,Float8WeightOnlyConfig,float8,8.0,False,False,pytorch_quantized_median_latency,0.0005813781172037125,pytorch,median_latency,False,2.0
719,260,147,49,456,"[260, 147, 49]",leaky_relu,model_6,Int8DynamicActivationInt8WeightConfig,int8,8.0,True,False,pytorch_quantized_median_latency,0.007947562262415886,pytorch,median_latency,False,2.0
720,260,147,49,456,"[260, 147, 49]",leaky_relu,model_6,Int8WeightOnlyConfig,int8,8.0,False,False,pytorch_quantized_p95_latency,0.00043172184377908706,pytorch,p95_latency,False,2.0
721,260,147,49,456,"[260, 147, 49]",leaky_relu,model_6,Float8WeightOnlyConfig,float8,8.0,False,False,pytorch_quantized_p95_latency,0.0005878001451492309,pytorch,p95_latency,False,2.0
722,260,147,49,456,"[260, 147, 49]",leaky_relu,model_6,Int8DynamicActivationInt8WeightConfig,int8,8.0,True,False,pytorch_quantized_p95_latency,0.008042863756418227,pytorch,p95_latency,False,2.0
723,260,147,49,456,"[260, 147, 49]",leaky_relu,model_6,Int8WeightOnlyConfig,int8,8.0,False,False,pytorch_quantized_p99_latency,0.00043688002973794936,pytorch,p99_latency,False,2.0
724,260,147,49,456,"[260, 147, 49]",leaky_relu,model_6,Float8WeightOnlyConfig,float8,8.0,False,False,pytorch_quantized_p99_latency,0.0005941607430577278,pytorch,p99_latency,False,2.0
725,260,147,49,456,"[260, 147, 49]",leaky_relu,model_6,Int8DynamicActivationInt8WeightConfig,int8,8.0,True,False,pytorch_quantized_p99_latency,0.008921849727630615,pytorch,p99_latency,False,2.0
726,260,147,49,456,"[260, 147, 49]",leaky_relu,model_6,Int8WeightOnlyConfig,int8,8.0,False,False,pytorch_relative_model_size,0.25,pytorch,model_size,True,2.0
727,260,147,49,456,"[260, 147, 49]",leaky_relu,model_6,Float8WeightOnlyConfig,float8,8.0,False,False,pytorch_relative_model_size,0.25,pytorch,model_size,True,2.0
728,260,147,49,456,"[260, 147, 49]",leaky_relu,model_6,Int8DynamicActivationInt8WeightConfig,int8,8.0,True,False,pytorch_relative_model_size,0.25,pytorch,model_size,True,2.0
729,260,147,49,456,"[260, 147, 49]",leaky_relu,model_6,Int8WeightOnlyConfig,int8,8.0,False,False,pytorch_relative_median_latency,2.681984421012634,pytorch,median_latency,True,2.0
730,260,147,49,456,"[260, 147, 49]",leaky_relu,model_6,Float8WeightOnlyConfig,float8,8.0,False,False,pytorch_relative_median_latency,3.706243469174504,pytorch,median_latency,True,2.0
731,260,147,49,456,"[260, 147, 49]",leaky_relu,model_6,Int8DynamicActivationInt8WeightConfig,int8,8.0,True,False,pytorch_relative_median_latency,50.66513489123207,pytorch,median_latency,True,2.0
732,260,147,49,456,"[260, 147, 49]",leaky_relu,model_6,Int8WeightOnlyConfig,int8,8.0,False,False,pytorch_relative_p95_latency,2.560227149715124,pytorch,p95_latency,True,2.0
733,260,147,49,456,"[260, 147, 49]",leaky_relu,model_6,Float8WeightOnlyConfig,float8,8.0,False,False,pytorch_relative_p95_latency,3.48581363649418,pytorch,p95_latency,True,2.0
734,260,147,49,456,"[260, 147, 49]",leaky_relu,model_6,Int8DynamicActivationInt8WeightConfig,int8,8.0,True,False,pytorch_relative_p95_latency,47.696354602753104,pytorch,p95_latency,True,2.0
735,260,147,49,456,"[260, 147, 49]",leaky_relu,model_6,Int8WeightOnlyConfig,int8,8.0,False,False,pytorch_relative_p99_latency,2.553882715823547,pytorch,p99_latency,True,2.0
736,260,147,49,456,"[260, 147, 49]",leaky_relu,model_6,Float8WeightOnlyConfig,float8,8.0,False,False,pytorch_relative_p99_latency,3.473303307148619,pytorch,p99_latency,True,2.0
737,260,147,49,456,"[260, 147, 49]",leaky_relu,model_6,Int8DynamicActivationInt8WeightConfig,int8,8.0,True,False,pytorch_relative_p99_latency,52.15472500823172,pytorch,p99_latency,True,2.0
738,260,147,49,456,"[260, 147, 49]",leaky_relu,model_6,Int8WeightOnlyConfig,int8,8.0,False,False,pytorch_quantized_MAE,8.08765090195951,pytorch,MAE,False,3.0
739,260,147,49,456,"[260, 147, 49]",leaky_relu,model_6,Float8WeightOnlyConfig,float8,8.0,False,False,pytorch_quantized_MAE,8.028866872850276,pytorch,MAE,False,3.0
740,260,147,49,456,"[260, 147, 49]",leaky_relu,model_6,Int8DynamicActivationInt8WeightConfig,int8,8.0,True,False,pytorch_quantized_MAE,8.081563667878719,pytorch,MAE,False,3.0
741,260,147,49,456,"[260, 147, 49]",leaky_relu,model_6,Int8WeightOnlyConfig,int8,8.0,False,False,pytorch_relative_MAE,0.9988096808618595,pytorch,MAE,True,3.0
742,260,147,49,456,"[260, 147, 49]",leaky_relu,model_6,Float8WeightOnlyConfig,float8,8.0,False,False,pytorch_relative_MAE,0.9915499637862694,pytorch,MAE,True,3.0
743,260,147,49,456,"[260, 147, 49]",leaky_relu,model_6,Int8DynamicActivationInt8WeightConfig,int8,8.0,True,False,pytorch_relative_MAE,0.9980579188974438,pytorch,MAE,True,3.0
744,260,147,49,456,"[260, 147, 49]",leaky_relu,model_6,Int8WeightOnlyConfig,int8,8.0,False,False,pytorch_quantized_model_size,66989.0,pytorch,model_size,False,3.0
745,260,147,49,456,"[260, 147, 49]",leaky_relu,model_6,Float8WeightOnlyConfig,float8,8.0,False,False,pytorch_quantized_model_size,66989.0,pytorch,model_size,False,3.0
746,260,147,49,456,"[260, 147, 49]",leaky_relu,model_6,Int8DynamicActivationInt8WeightConfig,int8,8.0,True,False,pytorch_quantized_model_size,66989.0,pytorch,model_size,False,3.0
747,260,147,49,456,"[260, 147, 49]",leaky_relu,model_6,Int8WeightOnlyConfig,int8,8.0,False,False,pytorch_quantized_median_latency,0.0004177223891019821,pytorch,median_latency,False,3.0
748,260,147,49,456,"[260, 147, 49]",leaky_relu,model_6,Float8WeightOnlyConfig,float8,8.0,False,False,pytorch_quantized_median_latency,0.0005173981189727783,pytorch,median_latency,False,3.0
749,260,147,49,456,"[260, 147, 49]",leaky_relu,model_6,Int8DynamicActivationInt8WeightConfig,int8,8.0,True,False,pytorch_quantized_median_latency,0.007955735549330711,pytorch,median_latency,False,3.0
750,260,147,49,456,"[260, 147, 49]",leaky_relu,model_6,Int8WeightOnlyConfig,int8,8.0,False,False,pytorch_quantized_p95_latency,0.00043052732944488526,pytorch,p95_latency,False,3.0
751,260,147,49,456,"[260, 147, 49]",leaky_relu,model_6,Float8WeightOnlyConfig,float8,8.0,False,False,pytorch_quantized_p95_latency,0.0005264025181531906,pytorch,p95_latency,False,3.0
752,260,147,49,456,"[260, 147, 49]",leaky_relu,model_6,Int8DynamicActivationInt8WeightConfig,int8,8.0,True,False,pytorch_quantized_p95_latency,0.008016793802380563,pytorch,p95_latency,False,3.0
753,260,147,49,456,"[260, 147, 49]",leaky_relu,model_6,Int8WeightOnlyConfig,int8,8.0,False,False,pytorch_quantized_p99_latency,0.0004338191822171211,pytorch,p99_latency,False,3.0
754,260,147,49,456,"[260, 147, 49]",leaky_relu,model_6,Float8WeightOnlyConfig,float8,8.0,False,False,pytorch_quantized_p99_latency,0.0005324942991137505,pytorch,p99_latency,False,3.0
755,260,147,49,456,"[260, 147, 49]",leaky_relu,model_6,Int8DynamicActivationInt8WeightConfig,int8,8.0,True,False,pytorch_quantized_p99_latency,0.00864203106611967,pytorch,p99_latency,False,3.0
756,260,147,49,456,"[260, 147, 49]",leaky_relu,model_6,Int8WeightOnlyConfig,int8,8.0,False,False,pytorch_relative_model_size,0.25,pytorch,model_size,True,3.0
757,260,147,49,456,"[260, 147, 49]",leaky_relu,model_6,Float8WeightOnlyConfig,float8,8.0,False,False,pytorch_relative_model_size,0.25,pytorch,model_size,True,3.0
758,260,147,49,456,"[260, 147, 49]",leaky_relu,model_6,Int8DynamicActivationInt8WeightConfig,int8,8.0,True,False,pytorch_relative_model_size,0.25,pytorch,model_size,True,3.0
759,260,147,49,456,"[260, 147, 49]",leaky_relu,model_6,Int8WeightOnlyConfig,int8,8.0,False,False,pytorch_relative_median_latency,2.687490263280885,pytorch,median_latency,True,3.0
760,260,147,49,456,"[260, 147, 49]",leaky_relu,model_6,Float8WeightOnlyConfig,float8,8.0,False,False,pytorch_relative_median_latency,3.328771555598164,pytorch,median_latency,True,3.0
761,260,147,49,456,"[260, 147, 49]",leaky_relu,model_6,Int8DynamicActivationInt8WeightConfig,int8,8.0,True,False,pytorch_relative_median_latency,51.184620178077104,pytorch,median_latency,True,3.0
762,260,147,49,456,"[260, 147, 49]",leaky_relu,model_6,Int8WeightOnlyConfig,int8,8.0,False,False,pytorch_relative_p95_latency,2.55663671688776,pytorch,p95_latency,True,3.0
763,260,147,49,456,"[260, 147, 49]",leaky_relu,model_6,Float8WeightOnlyConfig,float8,8.0,False,False,pytorch_relative_p95_latency,3.1259804284849944,pytorch,p95_latency,True,3.0
764,260,147,49,456,"[260, 147, 49]",leaky_relu,model_6,Int8DynamicActivationInt8WeightConfig,int8,8.0,True,False,pytorch_relative_p95_latency,47.606802135677704,pytorch,p95_latency,True,3.0
765,260,147,49,456,"[260, 147, 49]",leaky_relu,model_6,Int8WeightOnlyConfig,int8,8.0,False,False,pytorch_relative_p99_latency,1.652739899835709,pytorch,p99_latency,True,3.0
766,260,147,49,456,"[260, 147, 49]",leaky_relu,model_6,Float8WeightOnlyConfig,float8,8.0,False,False,pytorch_relative_p99_latency,2.0286668055629673,pytorch,p99_latency,True,3.0
767,260,147,49,456,"[260, 147, 49]",leaky_relu,model_6,Int8DynamicActivationInt8WeightConfig,int8,8.0,True,False,pytorch_relative_p99_latency,32.923923477978505,pytorch,p99_latency,True,3.0
768,786,64,121,971,"[786, 64, 121]",leaky_relu,model_60,,,,,,,,,,,
769,715,313,185,1213,"[715, 313, 185]",celu,model_61,,,,,,,,,,,
770,344,64,32,440,"[344, 64, 32]",gelu,model_62,,,,,,,,,,,
771,128,407,146,681,"[128, 407, 146]",relu,model_63,,,,,,,,,,,
772,615,217,110,942,"[615, 217, 110]",gelu,model_64,,,,,,,,,,,
773,146,275,130,551,"[146, 275, 130]",gelu,model_7,Int8WeightOnlyConfig,int8,8.0,False,False,pytorch_quantized_MAE,9.048698626255383,pytorch,MAE,False,1.0
774,146,275,130,551,"[146, 275, 130]",gelu,model_7,Float8WeightOnlyConfig,float8,8.0,False,False,pytorch_quantized_MAE,9.051385177942457,pytorch,MAE,False,1.0
775,146,275,130,551,"[146, 275, 130]",gelu,model_7,Int8DynamicActivationInt8WeightConfig,int8,8.0,True,False,pytorch_quantized_MAE,9.055216791937067,pytorch,MAE,False,1.0
776,146,275,130,551,"[146, 275, 130]",gelu,model_7,Int8WeightOnlyConfig,int8,8.0,False,False,pytorch_relative_MAE,1.0003759573775441,pytorch,MAE,True,1.0
777,146,275,130,551,"[146, 275, 130]",gelu,model_7,Float8WeightOnlyConfig,float8,8.0,False,False,pytorch_relative_MAE,1.0006729682325861,pytorch,MAE,True,1.0
778,146,275,130,551,"[146, 275, 130]",gelu,model_7,Int8DynamicActivationInt8WeightConfig,int8,8.0,True,False,pytorch_relative_MAE,1.001096571081623,pytorch,MAE,True,1.0
779,146,275,130,551,"[146, 275, 130]",gelu,model_7,Int8WeightOnlyConfig,int8,8.0,False,False,pytorch_quantized_model_size,88408.0,pytorch,model_size,False,1.0
780,146,275,130,551,"[146, 275, 130]",gelu,model_7,Float8WeightOnlyConfig,float8,8.0,False,False,pytorch_quantized_model_size,88408.0,pytorch,model_size,False,1.0
781,146,275,130,551,"[146, 275, 130]",gelu,model_7,Int8DynamicActivationInt8WeightConfig,int8,8.0,True,False,pytorch_quantized_model_size,88408.0,pytorch,model_size,False,1.0
782,146,275,130,551,"[146, 275, 130]",gelu,model_7,Int8WeightOnlyConfig,int8,8.0,False,False,pytorch_quantized_median_latency,0.0004052482545375824,pytorch,median_latency,False,1.0
783,146,275,130,551,"[146, 275, 130]",gelu,model_7,Float8WeightOnlyConfig,float8,8.0,False,False,pytorch_quantized_median_latency,0.0004945490509271622,pytorch,median_latency,False,1.0
784,146,275,130,551,"[146, 275, 130]",gelu,model_7,Int8DynamicActivationInt8WeightConfig,int8,8.0,True,False,pytorch_quantized_median_latency,0.00860825926065445,pytorch,median_latency,False,1.0
785,146,275,130,551,"[146, 275, 130]",gelu,model_7,Int8WeightOnlyConfig,int8,8.0,False,False,pytorch_quantized_p95_latency,0.0004176164045929909,pytorch,p95_latency,False,1.0
786,146,275,130,551,"[146, 275, 130]",gelu,model_7,Float8WeightOnlyConfig,float8,8.0,False,False,pytorch_quantized_p95_latency,0.0005030639469623566,pytorch,p95_latency,False,1.0
787,146,275,130,551,"[146, 275, 130]",gelu,model_7,Int8DynamicActivationInt8WeightConfig,int8,8.0,True,False,pytorch_quantized_p95_latency,0.008756966330111027,pytorch,p95_latency,False,1.0
788,146,275,130,551,"[146, 275, 130]",gelu,model_7,Int8WeightOnlyConfig,int8,8.0,False,False,pytorch_quantized_p99_latency,0.00042159181088209153,pytorch,p99_latency,False,1.0
789,146,275,130,551,"[146, 275, 130]",gelu,model_7,Float8WeightOnlyConfig,float8,8.0,False,False,pytorch_quantized_p99_latency,0.0005083242431282997,pytorch,p99_latency,False,1.0
790,146,275,130,551,"[146, 275, 130]",gelu,model_7,Int8DynamicActivationInt8WeightConfig,int8,8.0,True,False,pytorch_quantized_p99_latency,0.009561585187911987,pytorch,p99_latency,False,1.0
791,146,275,130,551,"[146, 275, 130]",gelu,model_7,Int8WeightOnlyConfig,int8,8.0,False,False,pytorch_relative_model_size,0.25,pytorch,model_size,True,1.0
792,146,275,130,551,"[146, 275, 130]",gelu,model_7,Float8WeightOnlyConfig,float8,8.0,False,False,pytorch_relative_model_size,0.25,pytorch,model_size,True,1.0
793,146,275,130,551,"[146, 275, 130]",gelu,model_7,Int8DynamicActivationInt8WeightConfig,int8,8.0,True,False,pytorch_relative_model_size,0.25,pytorch,model_size,True,1.0
794,146,275,130,551,"[146, 275, 130]",gelu,model_7,Int8WeightOnlyConfig,int8,8.0,False,False,pytorch_relative_median_latency,2.5899172668293553,pytorch,median_latency,True,1.0
795,146,275,130,551,"[146, 275, 130]",gelu,model_7,Float8WeightOnlyConfig,float8,8.0,False,False,pytorch_relative_median_latency,3.1606332956371643,pytorch,median_latency,True,1.0
796,146,275,130,551,"[146, 275, 130]",gelu,model_7,Int8DynamicActivationInt8WeightConfig,int8,8.0,True,False,pytorch_relative_median_latency,55.01486816260937,pytorch,median_latency,True,1.0
797,146,275,130,551,"[146, 275, 130]",gelu,model_7,Int8WeightOnlyConfig,int8,8.0,False,False,pytorch_relative_p95_latency,2.502411938032948,pytorch,p95_latency,True,1.0
798,146,275,130,551,"[146, 275, 130]",gelu,model_7,Float8WeightOnlyConfig,float8,8.0,False,False,pytorch_relative_p95_latency,3.0144247511049604,pytorch,p95_latency,True,1.0
799,146,275,130,551,"[146, 275, 130]",gelu,model_7,Int8DynamicActivationInt8WeightConfig,int8,8.0,True,False,pytorch_relative_p95_latency,52.47288383409974,pytorch,p95_latency,True,1.0
800,146,275,130,551,"[146, 275, 130]",gelu,model_7,Int8WeightOnlyConfig,int8,8.0,False,False,pytorch_relative_p99_latency,2.487010954960499,pytorch,p99_latency,True,1.0
801,146,275,130,551,"[146, 275, 130]",gelu,model_7,Float8WeightOnlyConfig,float8,8.0,False,False,pytorch_relative_p99_latency,2.9986539792767752,pytorch,p99_latency,True,1.0
802,146,275,130,551,"[146, 275, 130]",gelu,model_7,Int8DynamicActivationInt8WeightConfig,int8,8.0,True,False,pytorch_relative_p99_latency,56.4047177751651,pytorch,p99_latency,True,1.0
803,146,275,130,551,"[146, 275, 130]",gelu,model_7,Int8WeightOnlyConfig,int8,8.0,False,False,pytorch_quantized_MAE,9.025393442062422,pytorch,MAE,False,2.0
804,146,275,130,551,"[146, 275, 130]",gelu,model_7,Float8WeightOnlyConfig,float8,8.0,False,False,pytorch_quantized_MAE,9.032869322840492,pytorch,MAE,False,2.0
805,146,275,130,551,"[146, 275, 130]",gelu,model_7,Int8DynamicActivationInt8WeightConfig,int8,8.0,True,False,pytorch_quantized_MAE,9.030247929627786,pytorch,MAE,False,2.0
806,146,275,130,551,"[146, 275, 130]",gelu,model_7,Int8WeightOnlyConfig,int8,8.0,False,False,pytorch_relative_MAE,1.000302062847174,pytorch,MAE,True,2.0
807,146,275,130,551,"[146, 275, 130]",gelu,model_7,Float8WeightOnlyConfig,float8,8.0,False,False,pytorch_relative_MAE,1.0011306293813542,pytorch,MAE,True,2.0
808,146,275,130,551,"[146, 275, 130]",gelu,model_7,Int8DynamicActivationInt8WeightConfig,int8,8.0,True,False,pytorch_relative_MAE,1.0008400952284626,pytorch,MAE,True,2.0
809,146,275,130,551,"[146, 275, 130]",gelu,model_7,Int8WeightOnlyConfig,int8,8.0,False,False,pytorch_quantized_model_size,88408.0,pytorch,model_size,False,2.0
810,146,275,130,551,"[146, 275, 130]",gelu,model_7,Float8WeightOnlyConfig,float8,8.0,False,False,pytorch_quantized_model_size,88408.0,pytorch,model_size,False,2.0
811,146,275,130,551,"[146, 275, 130]",gelu,model_7,Int8DynamicActivationInt8WeightConfig,int8,8.0,True,False,pytorch_quantized_model_size,88408.0,pytorch,model_size,False,2.0
812,146,275,130,551,"[146, 275, 130]",gelu,model_7,Int8WeightOnlyConfig,int8,8.0,False,False,pytorch_quantized_median_latency,0.0004781056195497513,pytorch,median_latency,False,2.0
813,146,275,130,551,"[146, 275, 130]",gelu,model_7,Float8WeightOnlyConfig,float8,8.0,False,False,pytorch_quantized_median_latency,0.0005303211510181427,pytorch,median_latency,False,2.0
814,146,275,130,551,"[146, 275, 130]",gelu,model_7,Int8DynamicActivationInt8WeightConfig,int8,8.0,True,False,pytorch_quantized_median_latency,0.008814319968223572,pytorch,median_latency,False,2.0
815,146,275,130,551,"[146, 275, 130]",gelu,model_7,Int8WeightOnlyConfig,int8,8.0,False,False,pytorch_quantized_p95_latency,0.00048790760338306426,pytorch,p95_latency,False,2.0
816,146,275,130,551,"[146, 275, 130]",gelu,model_7,Float8WeightOnlyConfig,float8,8.0,False,False,pytorch_quantized_p95_latency,0.0005380434915423394,pytorch,p95_latency,False,2.0
817,146,275,130,551,"[146, 275, 130]",gelu,model_7,Int8DynamicActivationInt8WeightConfig,int8,8.0,True,False,pytorch_quantized_p95_latency,0.00893848594278097,pytorch,p95_latency,False,2.0
818,146,275,130,551,"[146, 275, 130]",gelu,model_7,Int8WeightOnlyConfig,int8,8.0,False,False,pytorch_quantized_p99_latency,0.0004915058985352516,pytorch,p99_latency,False,2.0
819,146,275,130,551,"[146, 275, 130]",gelu,model_7,Float8WeightOnlyConfig,float8,8.0,False,False,pytorch_quantized_p99_latency,0.0005430938303470611,pytorch,p99_latency,False,2.0
820,146,275,130,551,"[146, 275, 130]",gelu,model_7,Int8DynamicActivationInt8WeightConfig,int8,8.0,True,False,pytorch_quantized_p99_latency,0.009149865135550496,pytorch,p99_latency,False,2.0
821,146,275,130,551,"[146, 275, 130]",gelu,model_7,Int8WeightOnlyConfig,int8,8.0,False,False,pytorch_relative_model_size,0.25,pytorch,model_size,True,2.0
822,146,275,130,551,"[146, 275, 130]",gelu,model_7,Float8WeightOnlyConfig,float8,8.0,False,False,pytorch_relative_model_size,0.25,pytorch,model_size,True,2.0
823,146,275,130,551,"[146, 275, 130]",gelu,model_7,Int8DynamicActivationInt8WeightConfig,int8,8.0,True,False,pytorch_relative_model_size,0.25,pytorch,model_size,True,2.0
824,146,275,130,551,"[146, 275, 130]",gelu,model_7,Int8WeightOnlyConfig,int8,8.0,False,False,pytorch_relative_median_latency,3.0457911099508745,pytorch,median_latency,True,2.0
825,146,275,130,551,"[146, 275, 130]",gelu,model_7,Float8WeightOnlyConfig,float8,8.0,False,False,pytorch_relative_median_latency,3.3784322566865224,pytorch,median_latency,True,2.0
826,146,275,130,551,"[146, 275, 130]",gelu,model_7,Int8DynamicActivationInt8WeightConfig,int8,8.0,True,False,pytorch_relative_median_latency,56.15198044473978,pytorch,median_latency,True,2.0
827,146,275,130,551,"[146, 275, 130]",gelu,model_7,Int8WeightOnlyConfig,int8,8.0,False,False,pytorch_relative_p95_latency,2.8983542200082764,pytorch,p95_latency,True,2.0
828,146,275,130,551,"[146, 275, 130]",gelu,model_7,Float8WeightOnlyConfig,float8,8.0,False,False,pytorch_relative_p95_latency,3.196180205938263,pytorch,p95_latency,True,2.0
829,146,275,130,551,"[146, 275, 130]",gelu,model_7,Int8DynamicActivationInt8WeightConfig,int8,8.0,True,False,pytorch_relative_p95_latency,53.09796009143959,pytorch,p95_latency,True,2.0
830,146,275,130,551,"[146, 275, 130]",gelu,model_7,Int8WeightOnlyConfig,int8,8.0,False,False,pytorch_relative_p99_latency,2.7840365927872863,pytorch,p99_latency,True,2.0
831,146,275,130,551,"[146, 275, 130]",gelu,model_7,Float8WeightOnlyConfig,float8,8.0,False,False,pytorch_relative_p99_latency,3.0762460867899146,pytorch,p99_latency,True,2.0
832,146,275,130,551,"[146, 275, 130]",gelu,model_7,Int8DynamicActivationInt8WeightConfig,int8,8.0,True,False,pytorch_relative_p99_latency,51.827576092892365,pytorch,p99_latency,True,2.0
833,146,275,130,551,"[146, 275, 130]",gelu,model_7,Int8WeightOnlyConfig,int8,8.0,False,False,pytorch_quantized_MAE,8.694858956538834,pytorch,MAE,False,3.0
834,146,275,130,551,"[146, 275, 130]",gelu,model_7,Float8WeightOnlyConfig,float8,8.0,False,False,pytorch_quantized_MAE,8.701833931320923,pytorch,MAE,False,3.0
835,146,275,130,551,"[146, 275, 130]",gelu,model_7,Int8DynamicActivationInt8WeightConfig,int8,8.0,True,False,pytorch_quantized_MAE,8.7015495551496,pytorch,MAE,False,3.0
836,146,275,130,551,"[146, 275, 130]",gelu,model_7,Int8WeightOnlyConfig,int8,8.0,False,False,pytorch_relative_MAE,1.000251246676839,pytorch,MAE,True,3.0
837,146,275,130,551,"[146, 275, 130]",gelu,model_7,Float8WeightOnlyConfig,float8,8.0,False,False,pytorch_relative_MAE,1.0010536435019282,pytorch,MAE,True,3.0
838,146,275,130,551,"[146, 275, 130]",gelu,model_7,Int8DynamicActivationInt8WeightConfig,int8,8.0,True,False,pytorch_relative_MAE,1.0010209290414276,pytorch,MAE,True,3.0
839,146,275,130,551,"[146, 275, 130]",gelu,model_7,Int8WeightOnlyConfig,int8,8.0,False,False,pytorch_quantized_model_size,88408.0,pytorch,model_size,False,3.0
840,146,275,130,551,"[146, 275, 130]",gelu,model_7,Float8WeightOnlyConfig,float8,8.0,False,False,pytorch_quantized_model_size,88408.0,pytorch,model_size,False,3.0
841,146,275,130,551,"[146, 275, 130]",gelu,model_7,Int8DynamicActivationInt8WeightConfig,int8,8.0,True,False,pytorch_quantized_model_size,88408.0,pytorch,model_size,False,3.0
842,146,275,130,551,"[146, 275, 130]",gelu,model_7,Int8WeightOnlyConfig,int8,8.0,False,False,pytorch_quantized_median_latency,0.00042554549872875214,pytorch,median_latency,False,3.0
843,146,275,130,551,"[146, 275, 130]",gelu,model_7,Float8WeightOnlyConfig,float8,8.0,False,False,pytorch_quantized_median_latency,0.0005230270326137543,pytorch,median_latency,False,3.0
844,146,275,130,551,"[146, 275, 130]",gelu,model_7,Int8DynamicActivationInt8WeightConfig,int8,8.0,True,False,pytorch_quantized_median_latency,0.00886843353509903,pytorch,median_latency,False,3.0
845,146,275,130,551,"[146, 275, 130]",gelu,model_7,Int8WeightOnlyConfig,int8,8.0,False,False,pytorch_quantized_p95_latency,0.0004390519112348556,pytorch,p95_latency,False,3.0
846,146,275,130,551,"[146, 275, 130]",gelu,model_7,Float8WeightOnlyConfig,float8,8.0,False,False,pytorch_quantized_p95_latency,0.0005340125411748886,pytorch,p95_latency,False,3.0
847,146,275,130,551,"[146, 275, 130]",gelu,model_7,Int8DynamicActivationInt8WeightConfig,int8,8.0,True,False,pytorch_quantized_p95_latency,0.009068329818546772,pytorch,p95_latency,False,3.0
848,146,275,130,551,"[146, 275, 130]",gelu,model_7,Int8WeightOnlyConfig,int8,8.0,False,False,pytorch_quantized_p99_latency,0.00044990621507167816,pytorch,p99_latency,False,3.0
849,146,275,130,551,"[146, 275, 130]",gelu,model_7,Float8WeightOnlyConfig,float8,8.0,False,False,pytorch_quantized_p99_latency,0.000539381131529808,pytorch,p99_latency,False,3.0
850,146,275,130,551,"[146, 275, 130]",gelu,model_7,Int8DynamicActivationInt8WeightConfig,int8,8.0,True,False,pytorch_quantized_p99_latency,0.010893209241330623,pytorch,p99_latency,False,3.0
851,146,275,130,551,"[146, 275, 130]",gelu,model_7,Int8WeightOnlyConfig,int8,8.0,False,False,pytorch_relative_model_size,0.25,pytorch,model_size,True,3.0
852,146,275,130,551,"[146, 275, 130]",gelu,model_7,Float8WeightOnlyConfig,float8,8.0,False,False,pytorch_relative_model_size,0.25,pytorch,model_size,True,3.0
853,146,275,130,551,"[146, 275, 130]",gelu,model_7,Int8DynamicActivationInt8WeightConfig,int8,8.0,True,False,pytorch_relative_model_size,0.25,pytorch,model_size,True,3.0
854,146,275,130,551,"[146, 275, 130]",gelu,model_7,Int8WeightOnlyConfig,int8,8.0,False,False,pytorch_relative_median_latency,2.692202542982053,pytorch,median_latency,True,3.0
855,146,275,130,551,"[146, 275, 130]",gelu,model_7,Float8WeightOnlyConfig,float8,8.0,False,False,pytorch_relative_median_latency,3.308916934752124,pytorch,median_latency,True,3.0
856,146,275,130,551,"[146, 275, 130]",gelu,model_7,Int8DynamicActivationInt8WeightConfig,int8,8.0,True,False,pytorch_relative_median_latency,56.1059143776293,pytorch,median_latency,True,3.0
857,146,275,130,551,"[146, 275, 130]",gelu,model_7,Int8WeightOnlyConfig,int8,8.0,False,False,pytorch_relative_p95_latency,2.595191093426756,pytorch,p95_latency,True,3.0
858,146,275,130,551,"[146, 275, 130]",gelu,model_7,Float8WeightOnlyConfig,float8,8.0,False,False,pytorch_relative_p95_latency,3.156493697379532,pytorch,p95_latency,True,3.0
859,146,275,130,551,"[146, 275, 130]",gelu,model_7,Int8DynamicActivationInt8WeightConfig,int8,8.0,True,False,pytorch_relative_p95_latency,53.6019731952838,pytorch,p95_latency,True,3.0
860,146,275,130,551,"[146, 275, 130]",gelu,model_7,Int8WeightOnlyConfig,int8,8.0,False,False,pytorch_relative_p99_latency,2.625080803799463,pytorch,p99_latency,True,3.0
861,146,275,130,551,"[146, 275, 130]",gelu,model_7,Float8WeightOnlyConfig,float8,8.0,False,False,pytorch_relative_p99_latency,3.147142686359536,pytorch,p99_latency,True,3.0
862,146,275,130,551,"[146, 275, 130]",gelu,model_7,Int8DynamicActivationInt8WeightConfig,int8,8.0,True,False,pytorch_relative_p99_latency,63.55892297827481,pytorch,p99_latency,True,3.0
863,475,64,67,606,"[475, 64, 67]",celu,model_8,Int8WeightOnlyConfig,int8,8.0,False,False,pytorch_quantized_MAE,9.669845128889254,pytorch,MAE,False,1.0
864,475,64,67,606,"[475, 64, 67]",celu,model_8,Float8WeightOnlyConfig,float8,8.0,False,False,pytorch_quantized_MAE,9.731937835492397,pytorch,MAE,False,1.0
865,475,64,67,606,"[475, 64, 67]",celu,model_8,Int8DynamicActivationInt8WeightConfig,int8,8.0,True,False,pytorch_quantized_MAE,9.68240122467644,pytorch,MAE,False,1.0
866,475,64,67,606,"[475, 64, 67]",celu,model_8,Int8WeightOnlyConfig,int8,8.0,False,False,pytorch_relative_MAE,0.999562534536337,pytorch,MAE,True,1.0
867,475,64,67,606,"[475, 64, 67]",celu,model_8,Float8WeightOnlyConfig,float8,8.0,False,False,pytorch_relative_MAE,1.0059809975376766,pytorch,MAE,True,1.0
868,475,64,67,606,"[475, 64, 67]",celu,model_8,Int8DynamicActivationInt8WeightConfig,int8,8.0,True,False,pytorch_relative_MAE,1.0008604460087167,pytorch,MAE,True,1.0
869,475,64,67,606,"[475, 64, 67]",celu,model_8,Int8WeightOnlyConfig,int8,8.0,False,False,pytorch_quantized_model_size,73837.0,pytorch,model_size,False,1.0
870,475,64,67,606,"[475, 64, 67]",celu,model_8,Float8WeightOnlyConfig,float8,8.0,False,False,pytorch_quantized_model_size,73837.0,pytorch,model_size,False,1.0
871,475,64,67,606,"[475, 64, 67]",celu,model_8,Int8DynamicActivationInt8WeightConfig,int8,8.0,True,False,pytorch_quantized_model_size,73837.0,pytorch,model_size,False,1.0
872,475,64,67,606,"[475, 64, 67]",celu,model_8,Int8WeightOnlyConfig,int8,8.0,False,False,pytorch_quantized_median_latency,0.00042607448995113373,pytorch,median_latency,False,1.0
873,475,64,67,606,"[475, 64, 67]",celu,model_8,Float8WeightOnlyConfig,float8,8.0,False,False,pytorch_quantized_median_latency,0.0005837902426719666,pytorch,median_latency,False,1.0
874,475,64,67,606,"[475, 64, 67]",celu,model_8,Int8DynamicActivationInt8WeightConfig,int8,8.0,True,False,pytorch_quantized_median_latency,0.008331220597028732,pytorch,median_latency,False,1.0
875,475,64,67,606,"[475, 64, 67]",celu,model_8,Int8WeightOnlyConfig,int8,8.0,False,False,pytorch_quantized_p95_latency,0.0004382666200399399,pytorch,p95_latency,False,1.0
876,475,64,67,606,"[475, 64, 67]",celu,model_8,Float8WeightOnlyConfig,float8,8.0,False,False,pytorch_quantized_p95_latency,0.0005921069532632828,pytorch,p95_latency,False,1.0
877,475,64,67,606,"[475, 64, 67]",celu,model_8,Int8DynamicActivationInt8WeightConfig,int8,8.0,True,False,pytorch_quantized_p95_latency,0.008419260568916797,pytorch,p95_latency,False,1.0
878,475,64,67,606,"[475, 64, 67]",celu,model_8,Int8WeightOnlyConfig,int8,8.0,False,False,pytorch_quantized_p99_latency,0.0004450005292892456,pytorch,p99_latency,False,1.0
879,475,64,67,606,"[475, 64, 67]",celu,model_8,Float8WeightOnlyConfig,float8,8.0,False,False,pytorch_quantized_p99_latency,0.0006094377115368842,pytorch,p99_latency,False,1.0
880,475,64,67,606,"[475, 64, 67]",celu,model_8,Int8DynamicActivationInt8WeightConfig,int8,8.0,True,False,pytorch_quantized_p99_latency,0.008728229738771916,pytorch,p99_latency,False,1.0
881,475,64,67,606,"[475, 64, 67]",celu,model_8,Int8WeightOnlyConfig,int8,8.0,False,False,pytorch_relative_model_size,0.25,pytorch,model_size,True,1.0
882,475,64,67,606,"[475, 64, 67]",celu,model_8,Float8WeightOnlyConfig,float8,8.0,False,False,pytorch_relative_model_size,0.25,pytorch,model_size,True,1.0
883,475,64,67,606,"[475, 64, 67]",celu,model_8,Int8DynamicActivationInt8WeightConfig,int8,8.0,True,False,pytorch_relative_model_size,0.25,pytorch,model_size,True,1.0
884,475,64,67,606,"[475, 64, 67]",celu,model_8,Int8WeightOnlyConfig,int8,8.0,False,False,pytorch_relative_median_latency,2.622493551160791,pytorch,median_latency,True,1.0
885,475,64,67,606,"[475, 64, 67]",celu,model_8,Float8WeightOnlyConfig,float8,8.0,False,False,pytorch_relative_median_latency,3.5932358842075094,pytorch,median_latency,True,1.0
886,475,64,67,606,"[475, 64, 67]",celu,model_8,Int8DynamicActivationInt8WeightConfig,int8,8.0,True,False,pytorch_relative_median_latency,51.278761822871886,pytorch,median_latency,True,1.0
887,475,64,67,606,"[475, 64, 67]",celu,model_8,Int8WeightOnlyConfig,int8,8.0,False,False,pytorch_relative_p95_latency,2.518181672240803,pytorch,p95_latency,True,1.0
888,475,64,67,606,"[475, 64, 67]",celu,model_8,Float8WeightOnlyConfig,float8,8.0,False,False,pytorch_relative_p95_latency,3.402113712374582,pytorch,p95_latency,True,1.0
889,475,64,67,606,"[475, 64, 67]",celu,model_8,Int8DynamicActivationInt8WeightConfig,int8,8.0,True,False,pytorch_relative_p95_latency,48.37518234113712,pytorch,p95_latency,True,1.0
890,475,64,67,606,"[475, 64, 67]",celu,model_8,Int8WeightOnlyConfig,int8,8.0,False,False,pytorch_relative_p99_latency,2.5248704791347283,pytorch,p99_latency,True,1.0
891,475,64,67,606,"[475, 64, 67]",celu,model_8,Float8WeightOnlyConfig,float8,8.0,False,False,pytorch_relative_p99_latency,3.4578639472375396,pytorch,p99_latency,True,1.0
892,475,64,67,606,"[475, 64, 67]",celu,model_8,Int8DynamicActivationInt8WeightConfig,int8,8.0,True,False,pytorch_relative_p99_latency,49.522749192522404,pytorch,p99_latency,True,1.0
893,475,64,67,606,"[475, 64, 67]",celu,model_8,Int8WeightOnlyConfig,int8,8.0,False,False,pytorch_quantized_MAE,9.79900064405583,pytorch,MAE,False,2.0
894,475,64,67,606,"[475, 64, 67]",celu,model_8,Float8WeightOnlyConfig,float8,8.0,False,False,pytorch_quantized_MAE,9.872819256356383,pytorch,MAE,False,2.0
895,475,64,67,606,"[475, 64, 67]",celu,model_8,Int8DynamicActivationInt8WeightConfig,int8,8.0,True,False,pytorch_quantized_MAE,9.807116690606074,pytorch,MAE,False,2.0
896,475,64,67,606,"[475, 64, 67]",celu,model_8,Int8WeightOnlyConfig,int8,8.0,False,False,pytorch_relative_MAE,0.9995737782609928,pytorch,MAE,True,2.0
897,475,64,67,606,"[475, 64, 67]",celu,model_8,Float8WeightOnlyConfig,float8,8.0,False,False,pytorch_relative_MAE,1.0071038470795928,pytorch,MAE,True,2.0
898,475,64,67,606,"[475, 64, 67]",celu,model_8,Int8DynamicActivationInt8WeightConfig,int8,8.0,True,False,pytorch_relative_MAE,1.000401677718239,pytorch,MAE,True,2.0
899,475,64,67,606,"[475, 64, 67]",celu,model_8,Int8WeightOnlyConfig,int8,8.0,False,False,pytorch_quantized_model_size,73837.0,pytorch,model_size,False,2.0
900,475,64,67,606,"[475, 64, 67]",celu,model_8,Float8WeightOnlyConfig,float8,8.0,False,False,pytorch_quantized_model_size,73837.0,pytorch,model_size,False,2.0
901,475,64,67,606,"[475, 64, 67]",celu,model_8,Int8DynamicActivationInt8WeightConfig,int8,8.0,True,False,pytorch_quantized_model_size,73837.0,pytorch,model_size,False,2.0
902,475,64,67,606,"[475, 64, 67]",celu,model_8,Int8WeightOnlyConfig,int8,8.0,False,False,pytorch_quantized_median_latency,0.00047796033322811127,pytorch,median_latency,False,2.0
903,475,64,67,606,"[475, 64, 67]",celu,model_8,Float8WeightOnlyConfig,float8,8.0,False,False,pytorch_quantized_median_latency,0.0005286373198032379,pytorch,median_latency,False,2.0
904,475,64,67,606,"[475, 64, 67]",celu,model_8,Int8DynamicActivationInt8WeightConfig,int8,8.0,True,False,pytorch_quantized_median_latency,0.008337588980793953,pytorch,median_latency,False,2.0
905,475,64,67,606,"[475, 64, 67]",celu,model_8,Int8WeightOnlyConfig,int8,8.0,False,False,pytorch_quantized_p95_latency,0.00048801004886627196,pytorch,p95_latency,False,2.0
906,475,64,67,606,"[475, 64, 67]",celu,model_8,Float8WeightOnlyConfig,float8,8.0,False,False,pytorch_quantized_p95_latency,0.0005376175045967102,pytorch,p95_latency,False,2.0
907,475,64,67,606,"[475, 64, 67]",celu,model_8,Int8DynamicActivationInt8WeightConfig,int8,8.0,True,False,pytorch_quantized_p95_latency,0.008446042612195014,pytorch,p95_latency,False,2.0
908,475,64,67,606,"[475, 64, 67]",celu,model_8,Int8WeightOnlyConfig,int8,8.0,False,False,pytorch_quantized_p99_latency,0.0004909806698560715,pytorch,p99_latency,False,2.0
909,475,64,67,606,"[475, 64, 67]",celu,model_8,Float8WeightOnlyConfig,float8,8.0,False,False,pytorch_quantized_p99_latency,0.0005535883083939552,pytorch,p99_latency,False,2.0
910,475,64,67,606,"[475, 64, 67]",celu,model_8,Int8DynamicActivationInt8WeightConfig,int8,8.0,True,False,pytorch_quantized_p99_latency,0.009134079180657863,pytorch,p99_latency,False,2.0
911,475,64,67,606,"[475, 64, 67]",celu,model_8,Int8WeightOnlyConfig,int8,8.0,False,False,pytorch_relative_model_size,0.25,pytorch,model_size,True,2.0
912,475,64,67,606,"[475, 64, 67]",celu,model_8,Float8WeightOnlyConfig,float8,8.0,False,False,pytorch_relative_model_size,0.25,pytorch,model_size,True,2.0
913,475,64,67,606,"[475, 64, 67]",celu,model_8,Int8DynamicActivationInt8WeightConfig,int8,8.0,True,False,pytorch_relative_model_size,0.25,pytorch,model_size,True,2.0
914,475,64,67,606,"[475, 64, 67]",celu,model_8,Int8WeightOnlyConfig,int8,8.0,False,False,pytorch_relative_median_latency,2.981779518226292,pytorch,median_latency,True,2.0
915,475,64,67,606,"[475, 64, 67]",celu,model_8,Float8WeightOnlyConfig,float8,8.0,False,False,pytorch_relative_median_latency,3.297930441451596,pytorch,median_latency,True,2.0
916,475,64,67,606,"[475, 64, 67]",celu,model_8,Int8DynamicActivationInt8WeightConfig,int8,8.0,True,False,pytorch_relative_median_latency,52.01446715548997,pytorch,median_latency,True,2.0
917,475,64,67,606,"[475, 64, 67]",celu,model_8,Int8WeightOnlyConfig,int8,8.0,False,False,pytorch_relative_p95_latency,2.832405948953679,pytorch,p95_latency,True,2.0
918,475,64,67,606,"[475, 64, 67]",celu,model_8,Float8WeightOnlyConfig,float8,8.0,False,False,pytorch_relative_p95_latency,3.1203271773172627,pytorch,p95_latency,True,2.0
919,475,64,67,606,"[475, 64, 67]",celu,model_8,Int8DynamicActivationInt8WeightConfig,int8,8.0,True,False,pytorch_relative_p95_latency,49.02075560836018,pytorch,p95_latency,True,2.0
920,475,64,67,606,"[475, 64, 67]",celu,model_8,Int8WeightOnlyConfig,int8,8.0,False,False,pytorch_relative_p99_latency,2.809377764419746,pytorch,p99_latency,True,2.0
921,475,64,67,606,"[475, 64, 67]",celu,model_8,Float8WeightOnlyConfig,float8,8.0,False,False,pytorch_relative_p99_latency,3.1676169342891427,pytorch,p99_latency,True,2.0
922,475,64,67,606,"[475, 64, 67]",celu,model_8,Int8DynamicActivationInt8WeightConfig,int8,8.0,True,False,pytorch_relative_p99_latency,52.26494753064709,pytorch,p99_latency,True,2.0
923,475,64,67,606,"[475, 64, 67]",celu,model_8,Int8WeightOnlyConfig,int8,8.0,False,False,pytorch_quantized_MAE,9.787269118588036,pytorch,MAE,False,3.0
924,475,64,67,606,"[475, 64, 67]",celu,model_8,Float8WeightOnlyConfig,float8,8.0,False,False,pytorch_quantized_MAE,9.85775609702741,pytorch,MAE,False,3.0
925,475,64,67,606,"[475, 64, 67]",celu,model_8,Int8DynamicActivationInt8WeightConfig,int8,8.0,True,False,pytorch_quantized_MAE,9.797495105416845,pytorch,MAE,False,3.0
926,475,64,67,606,"[475, 64, 67]",celu,model_8,Int8WeightOnlyConfig,int8,8.0,False,False,pytorch_relative_MAE,0.9994322304530215,pytorch,MAE,True,3.0
927,475,64,67,606,"[475, 64, 67]",celu,model_8,Float8WeightOnlyConfig,float8,8.0,False,False,pytorch_relative_MAE,1.0066300460260873,pytorch,MAE,True,3.0
928,475,64,67,606,"[475, 64, 67]",celu,model_8,Int8DynamicActivationInt8WeightConfig,int8,8.0,True,False,pytorch_relative_MAE,1.0004764625775362,pytorch,MAE,True,3.0
929,475,64,67,606,"[475, 64, 67]",celu,model_8,Int8WeightOnlyConfig,int8,8.0,False,False,pytorch_quantized_model_size,73837.0,pytorch,model_size,False,3.0
930,475,64,67,606,"[475, 64, 67]",celu,model_8,Float8WeightOnlyConfig,float8,8.0,False,False,pytorch_quantized_model_size,73837.0,pytorch,model_size,False,3.0
931,475,64,67,606,"[475, 64, 67]",celu,model_8,Int8DynamicActivationInt8WeightConfig,int8,8.0,True,False,pytorch_quantized_model_size,73837.0,pytorch,model_size,False,3.0
932,475,64,67,606,"[475, 64, 67]",celu,model_8,Int8WeightOnlyConfig,int8,8.0,False,False,pytorch_quantized_median_latency,0.0004200208932161331,pytorch,median_latency,False,3.0
933,475,64,67,606,"[475, 64, 67]",celu,model_8,Float8WeightOnlyConfig,float8,8.0,False,False,pytorch_quantized_median_latency,0.0005781687796115875,pytorch,median_latency,False,3.0
934,475,64,67,606,"[475, 64, 67]",celu,model_8,Int8DynamicActivationInt8WeightConfig,int8,8.0,True,False,pytorch_quantized_median_latency,0.008369352668523788,pytorch,median_latency,False,3.0
935,475,64,67,606,"[475, 64, 67]",celu,model_8,Int8WeightOnlyConfig,int8,8.0,False,False,pytorch_quantized_p95_latency,0.0004329089075326919,pytorch,p95_latency,False,3.0
936,475,64,67,606,"[475, 64, 67]",celu,model_8,Float8WeightOnlyConfig,float8,8.0,False,False,pytorch_quantized_p95_latency,0.0005874050781130791,pytorch,p95_latency,False,3.0
937,475,64,67,606,"[475, 64, 67]",celu,model_8,Int8DynamicActivationInt8WeightConfig,int8,8.0,True,False,pytorch_quantized_p95_latency,0.008457675389945506,pytorch,p95_latency,False,3.0
938,475,64,67,606,"[475, 64, 67]",celu,model_8,Int8WeightOnlyConfig,int8,8.0,False,False,pytorch_quantized_p99_latency,0.00043973367661237717,pytorch,p99_latency,False,3.0
939,475,64,67,606,"[475, 64, 67]",celu,model_8,Float8WeightOnlyConfig,float8,8.0,False,False,pytorch_quantized_p99_latency,0.0005953187495470047,pytorch,p99_latency,False,3.0
940,475,64,67,606,"[475, 64, 67]",celu,model_8,Int8DynamicActivationInt8WeightConfig,int8,8.0,True,False,pytorch_quantized_p99_latency,0.008623533546924592,pytorch,p99_latency,False,3.0
941,475,64,67,606,"[475, 64, 67]",celu,model_8,Int8WeightOnlyConfig,int8,8.0,False,False,pytorch_relative_model_size,0.25,pytorch,model_size,True,3.0
942,475,64,67,606,"[475, 64, 67]",celu,model_8,Float8WeightOnlyConfig,float8,8.0,False,False,pytorch_relative_model_size,0.25,pytorch,model_size,True,3.0
943,475,64,67,606,"[475, 64, 67]",celu,model_8,Int8DynamicActivationInt8WeightConfig,int8,8.0,True,False,pytorch_relative_model_size,0.25,pytorch,model_size,True,3.0
944,475,64,67,606,"[475, 64, 67]",celu,model_8,Int8WeightOnlyConfig,int8,8.0,False,False,pytorch_relative_median_latency,2.6019685221083724,pytorch,median_latency,True,3.0
945,475,64,67,606,"[475, 64, 67]",celu,model_8,Float8WeightOnlyConfig,float8,8.0,False,False,pytorch_relative_median_latency,3.5816717437459613,pytorch,median_latency,True,3.0
946,475,64,67,606,"[475, 64, 67]",celu,model_8,Int8DynamicActivationInt8WeightConfig,int8,8.0,True,False,pytorch_relative_median_latency,51.84692605926336,pytorch,median_latency,True,3.0
947,475,64,67,606,"[475, 64, 67]",celu,model_8,Int8WeightOnlyConfig,int8,8.0,False,False,pytorch_relative_p95_latency,2.494306102145662,pytorch,p95_latency,True,3.0
948,475,64,67,606,"[475, 64, 67]",celu,model_8,Float8WeightOnlyConfig,float8,8.0,False,False,pytorch_relative_p95_latency,3.384471987696759,pytorch,p95_latency,True,3.0
949,475,64,67,606,"[475, 64, 67]",celu,model_8,Int8DynamicActivationInt8WeightConfig,int8,8.0,True,False,pytorch_relative_p95_latency,48.730878408906754,pytorch,p95_latency,True,3.0
950,475,64,67,606,"[475, 64, 67]",celu,model_8,Int8WeightOnlyConfig,int8,8.0,False,False,pytorch_relative_p99_latency,2.4903060854213854,pytorch,p99_latency,True,3.0
951,475,64,67,606,"[475, 64, 67]",celu,model_8,Float8WeightOnlyConfig,float8,8.0,False,False,pytorch_relative_p99_latency,3.3714177094268676,pytorch,p99_latency,True,3.0
952,475,64,67,606,"[475, 64, 67]",celu,model_8,Int8DynamicActivationInt8WeightConfig,int8,8.0,True,False,pytorch_relative_p99_latency,48.8369192807402,pytorch,p99_latency,True,3.0
953,523,447,117,1087,"[523, 447, 117]",celu,model_9,Int8WeightOnlyConfig,int8,8.0,False,False,pytorch_quantized_MAE,9.196987406891243,pytorch,MAE,False,1.0
954,523,447,117,1087,"[523, 447, 117]",celu,model_9,Float8WeightOnlyConfig,float8,8.0,False,False,pytorch_quantized_MAE,9.19498361065381,pytorch,MAE,False,1.0
955,523,447,117,1087,"[523, 447, 117]",celu,model_9,Int8DynamicActivationInt8WeightConfig,int8,8.0,True,False,pytorch_quantized_MAE,9.20634928404556,pytorch,MAE,False,1.0
956,523,447,117,1087,"[523, 447, 117]",celu,model_9,Int8WeightOnlyConfig,int8,8.0,False,False,pytorch_relative_MAE,1.0005878925946614,pytorch,MAE,True,1.0
957,523,447,117,1087,"[523, 447, 117]",celu,model_9,Float8WeightOnlyConfig,float8,8.0,False,False,pytorch_relative_MAE,1.0003698892240254,pytorch,MAE,True,1.0
958,523,447,117,1087,"[523, 447, 117]",celu,model_9,Int8DynamicActivationInt8WeightConfig,int8,8.0,True,False,pytorch_relative_MAE,1.0016064196968677,pytorch,MAE,True,1.0
959,523,447,117,1087,"[523, 447, 117]",celu,model_9,Int8WeightOnlyConfig,int8,8.0,False,False,pytorch_quantized_model_size,329648.0,pytorch,model_size,False,1.0
960,523,447,117,1087,"[523, 447, 117]",celu,model_9,Float8WeightOnlyConfig,float8,8.0,False,False,pytorch_quantized_model_size,329648.0,pytorch,model_size,False,1.0
961,523,447,117,1087,"[523, 447, 117]",celu,model_9,Int8DynamicActivationInt8WeightConfig,int8,8.0,True,False,pytorch_quantized_model_size,329648.0,pytorch,model_size,False,1.0
962,523,447,117,1087,"[523, 447, 117]",celu,model_9,Int8WeightOnlyConfig,int8,8.0,False,False,pytorch_quantized_median_latency,0.0004465654492378235,pytorch,median_latency,False,1.0
963,523,447,117,1087,"[523, 447, 117]",celu,model_9,Float8WeightOnlyConfig,float8,8.0,False,False,pytorch_quantized_median_latency,0.0006050970405340195,pytorch,median_latency,False,1.0
964,523,447,117,1087,"[523, 447, 117]",celu,model_9,Int8DynamicActivationInt8WeightConfig,int8,8.0,True,False,pytorch_quantized_median_latency,0.013658499345183372,pytorch,median_latency,False,1.0
965,523,447,117,1087,"[523, 447, 117]",celu,model_9,Int8WeightOnlyConfig,int8,8.0,False,False,pytorch_quantized_p95_latency,0.00045847538858652116,pytorch,p95_latency,False,1.0
966,523,447,117,1087,"[523, 447, 117]",celu,model_9,Float8WeightOnlyConfig,float8,8.0,False,False,pytorch_quantized_p95_latency,0.0006108390167355538,pytorch,p95_latency,False,1.0
967,523,447,117,1087,"[523, 447, 117]",celu,model_9,Int8DynamicActivationInt8WeightConfig,int8,8.0,True,False,pytorch_quantized_p95_latency,0.014006989635527134,pytorch,p95_latency,False,1.0
968,523,447,117,1087,"[523, 447, 117]",celu,model_9,Int8WeightOnlyConfig,int8,8.0,False,False,pytorch_quantized_p99_latency,0.00046379998326301575,pytorch,p99_latency,False,1.0
969,523,447,117,1087,"[523, 447, 117]",celu,model_9,Float8WeightOnlyConfig,float8,8.0,False,False,pytorch_quantized_p99_latency,0.0006149193271994591,pytorch,p99_latency,False,1.0
970,523,447,117,1087,"[523, 447, 117]",celu,model_9,Int8DynamicActivationInt8WeightConfig,int8,8.0,True,False,pytorch_quantized_p99_latency,0.014917798787355418,pytorch,p99_latency,False,1.0
971,523,447,117,1087,"[523, 447, 117]",celu,model_9,Int8WeightOnlyConfig,int8,8.0,False,False,pytorch_relative_model_size,0.25,pytorch,model_size,True,1.0
972,523,447,117,1087,"[523, 447, 117]",celu,model_9,Float8WeightOnlyConfig,float8,8.0,False,False,pytorch_relative_model_size,0.25,pytorch,model_size,True,1.0
973,523,447,117,1087,"[523, 447, 117]",celu,model_9,Int8DynamicActivationInt8WeightConfig,int8,8.0,True,False,pytorch_relative_model_size,0.25,pytorch,model_size,True,1.0
974,523,447,117,1087,"[523, 447, 117]",celu,model_9,Int8WeightOnlyConfig,int8,8.0,False,False,pytorch_relative_median_latency,2.6899592716011984,pytorch,median_latency,True,1.0
975,523,447,117,1087,"[523, 447, 117]",celu,model_9,Float8WeightOnlyConfig,float8,8.0,False,False,pytorch_relative_median_latency,3.6448999741941277,pytorch,median_latency,True,1.0
976,523,447,117,1087,"[523, 447, 117]",celu,model_9,Int8DynamicActivationInt8WeightConfig,int8,8.0,True,False,pytorch_relative_median_latency,82.27418178554198,pytorch,median_latency,True,1.0
977,523,447,117,1087,"[523, 447, 117]",celu,model_9,Int8WeightOnlyConfig,int8,8.0,False,False,pytorch_relative_p95_latency,2.560049465716182,pytorch,p95_latency,True,1.0
978,523,447,117,1087,"[523, 447, 117]",celu,model_9,Float8WeightOnlyConfig,float8,8.0,False,False,pytorch_relative_p95_latency,3.4108223415297765,pytorch,p95_latency,True,1.0
979,523,447,117,1087,"[523, 447, 117]",celu,model_9,Int8DynamicActivationInt8WeightConfig,int8,8.0,True,False,pytorch_relative_p95_latency,78.21267449769833,pytorch,p95_latency,True,1.0
980,523,447,117,1087,"[523, 447, 117]",celu,model_9,Int8WeightOnlyConfig,int8,8.0,False,False,pytorch_relative_p99_latency,2.557941522544029,pytorch,p99_latency,True,1.0
981,523,447,117,1087,"[523, 447, 117]",celu,model_9,Float8WeightOnlyConfig,float8,8.0,False,False,pytorch_relative_p99_latency,3.3913922742992955,pytorch,p99_latency,True,1.0
982,523,447,117,1087,"[523, 447, 117]",celu,model_9,Int8DynamicActivationInt8WeightConfig,int8,8.0,True,False,pytorch_relative_p99_latency,82.27438188908673,pytorch,p99_latency,True,1.0
983,523,447,117,1087,"[523, 447, 117]",celu,model_9,Int8WeightOnlyConfig,int8,8.0,False,False,pytorch_quantized_MAE,9.140285172556665,pytorch,MAE,False,2.0
984,523,447,117,1087,"[523, 447, 117]",celu,model_9,Float8WeightOnlyConfig,float8,8.0,False,False,pytorch_quantized_MAE,9.135321903318475,pytorch,MAE,False,2.0
985,523,447,117,1087,"[523, 447, 117]",celu,model_9,Int8DynamicActivationInt8WeightConfig,int8,8.0,True,False,pytorch_quantized_MAE,9.14848277396115,pytorch,MAE,False,2.0
986,523,447,117,1087,"[523, 447, 117]",celu,model_9,Int8WeightOnlyConfig,int8,8.0,False,False,pytorch_relative_MAE,1.0006999609978904,pytorch,MAE,True,2.0
987,523,447,117,1087,"[523, 447, 117]",celu,model_9,Float8WeightOnlyConfig,float8,8.0,False,False,pytorch_relative_MAE,1.0001565705850848,pytorch,MAE,True,2.0
988,523,447,117,1087,"[523, 447, 117]",celu,model_9,Int8DynamicActivationInt8WeightConfig,int8,8.0,True,False,pytorch_relative_MAE,1.0015974537183994,pytorch,MAE,True,2.0
989,523,447,117,1087,"[523, 447, 117]",celu,model_9,Int8WeightOnlyConfig,int8,8.0,False,False,pytorch_quantized_model_size,329648.0,pytorch,model_size,False,2.0
990,523,447,117,1087,"[523, 447, 117]",celu,model_9,Float8WeightOnlyConfig,float8,8.0,False,False,pytorch_quantized_model_size,329648.0,pytorch,model_size,False,2.0
991,523,447,117,1087,"[523, 447, 117]",celu,model_9,Int8DynamicActivationInt8WeightConfig,int8,8.0,True,False,pytorch_quantized_model_size,329648.0,pytorch,model_size,False,2.0
992,523,447,117,1087,"[523, 447, 117]",celu,model_9,Int8WeightOnlyConfig,int8,8.0,False,False,pytorch_quantized_median_latency,0.00046790577471256256,pytorch,median_latency,False,2.0
993,523,447,117,1087,"[523, 447, 117]",celu,model_9,Float8WeightOnlyConfig,float8,8.0,False,False,pytorch_quantized_median_latency,0.0005227308720350266,pytorch,median_latency,False,2.0
994,523,447,117,1087,"[523, 447, 117]",celu,model_9,Int8DynamicActivationInt8WeightConfig,int8,8.0,True,False,pytorch_quantized_median_latency,0.013447633013129234,pytorch,median_latency,False,2.0
995,523,447,117,1087,"[523, 447, 117]",celu,model_9,Int8WeightOnlyConfig,int8,8.0,False,False,pytorch_quantized_p95_latency,0.00048447009176015853,pytorch,p95_latency,False,2.0
996,523,447,117,1087,"[523, 447, 117]",celu,model_9,Float8WeightOnlyConfig,float8,8.0,False,False,pytorch_quantized_p95_latency,0.0005322009325027466,pytorch,p95_latency,False,2.0
997,523,447,117,1087,"[523, 447, 117]",celu,model_9,Int8DynamicActivationInt8WeightConfig,int8,8.0,True,False,pytorch_quantized_p95_latency,0.013611270301043987,pytorch,p95_latency,False,2.0
998,523,447,117,1087,"[523, 447, 117]",celu,model_9,Int8WeightOnlyConfig,int8,8.0,False,False,pytorch_quantized_p99_latency,0.0004918998479843139,pytorch,p99_latency,False,2.0
999,523,447,117,1087,"[523, 447, 117]",celu,model_9,Float8WeightOnlyConfig,float8,8.0,False,False,pytorch_quantized_p99_latency,0.0005527102202177045,pytorch,p99_latency,False,2.0
1000,523,447,117,1087,"[523, 447, 117]",celu,model_9,Int8DynamicActivationInt8WeightConfig,int8,8.0,True,False,pytorch_quantized_p99_latency,0.014635946601629255,pytorch,p99_latency,False,2.0
1001,523,447,117,1087,"[523, 447, 117]",celu,model_9,Int8WeightOnlyConfig,int8,8.0,False,False,pytorch_relative_model_size,0.25,pytorch,model_size,True,2.0
1002,523,447,117,1087,"[523, 447, 117]",celu,model_9,Float8WeightOnlyConfig,float8,8.0,False,False,pytorch_relative_model_size,0.25,pytorch,model_size,True,2.0
1003,523,447,117,1087,"[523, 447, 117]",celu,model_9,Int8DynamicActivationInt8WeightConfig,int8,8.0,True,False,pytorch_relative_model_size,0.25,pytorch,model_size,True,2.0
1004,523,447,117,1087,"[523, 447, 117]",celu,model_9,Int8WeightOnlyConfig,int8,8.0,False,False,pytorch_relative_median_latency,2.8455804891310503,pytorch,median_latency,True,2.0
1005,523,447,117,1087,"[523, 447, 117]",celu,model_9,Float8WeightOnlyConfig,float8,8.0,False,False,pytorch_relative_median_latency,3.179000668335618,pytorch,median_latency,True,2.0
1006,523,447,117,1087,"[523, 447, 117]",celu,model_9,Int8DynamicActivationInt8WeightConfig,int8,8.0,True,False,pytorch_relative_median_latency,81.78211126088877,pytorch,median_latency,True,2.0
1007,523,447,117,1087,"[523, 447, 117]",celu,model_9,Int8WeightOnlyConfig,int8,8.0,False,False,pytorch_relative_p95_latency,2.739421125415103,pytorch,p95_latency,True,2.0
1008,523,447,117,1087,"[523, 447, 117]",celu,model_9,Float8WeightOnlyConfig,float8,8.0,False,False,pytorch_relative_p95_latency,3.0093136857360423,pytorch,p95_latency,True,2.0
1009,523,447,117,1087,"[523, 447, 117]",celu,model_9,Int8DynamicActivationInt8WeightConfig,int8,8.0,True,False,pytorch_relative_p95_latency,76.96450625248166,pytorch,p95_latency,True,2.0
1010,523,447,117,1087,"[523, 447, 117]",celu,model_9,Int8WeightOnlyConfig,int8,8.0,False,False,pytorch_relative_p99_latency,2.7561745170972816,pytorch,p99_latency,True,2.0
1011,523,447,117,1087,"[523, 447, 117]",celu,model_9,Float8WeightOnlyConfig,float8,8.0,False,False,pytorch_relative_p99_latency,3.0969024091909096,pytorch,p99_latency,True,2.0
1012,523,447,117,1087,"[523, 447, 117]",celu,model_9,Int8DynamicActivationInt8WeightConfig,int8,8.0,True,False,pytorch_relative_p99_latency,82.00698419059785,pytorch,p99_latency,True,2.0
1013,523,447,117,1087,"[523, 447, 117]",celu,model_9,Int8WeightOnlyConfig,int8,8.0,False,False,pytorch_quantized_MAE,9.110643661369833,pytorch,MAE,False,3.0
1014,523,447,117,1087,"[523, 447, 117]",celu,model_9,Float8WeightOnlyConfig,float8,8.0,False,False,pytorch_quantized_MAE,9.107877327604106,pytorch,MAE,False,3.0
1015,523,447,117,1087,"[523, 447, 117]",celu,model_9,Int8DynamicActivationInt8WeightConfig,int8,8.0,True,False,pytorch_quantized_MAE,9.118926061736113,pytorch,MAE,False,3.0
1016,523,447,117,1087,"[523, 447, 117]",celu,model_9,Int8WeightOnlyConfig,int8,8.0,False,False,pytorch_relative_MAE,1.0005005782687204,pytorch,MAE,True,3.0
1017,523,447,117,1087,"[523, 447, 117]",celu,model_9,Float8WeightOnlyConfig,float8,8.0,False,False,pytorch_relative_MAE,1.000196788697405,pytorch,MAE,True,3.0
1018,523,447,117,1087,"[523, 447, 117]",celu,model_9,Int8DynamicActivationInt8WeightConfig,int8,8.0,True,False,pytorch_relative_MAE,1.0014101239236615,pytorch,MAE,True,3.0
1019,523,447,117,1087,"[523, 447, 117]",celu,model_9,Int8WeightOnlyConfig,int8,8.0,False,False,pytorch_quantized_model_size,329648.0,pytorch,model_size,False,3.0
1020,523,447,117,1087,"[523, 447, 117]",celu,model_9,Float8WeightOnlyConfig,float8,8.0,False,False,pytorch_quantized_model_size,329648.0,pytorch,model_size,False,3.0
1021,523,447,117,1087,"[523, 447, 117]",celu,model_9,Int8DynamicActivationInt8WeightConfig,int8,8.0,True,False,pytorch_quantized_model_size,329648.0,pytorch,model_size,False,3.0
1022,523,447,117,1087,"[523, 447, 117]",celu,model_9,Int8WeightOnlyConfig,int8,8.0,False,False,pytorch_quantized_median_latency,0.00043408945202827454,pytorch,median_latency,False,3.0
1023,523,447,117,1087,"[523, 447, 117]",celu,model_9,Float8WeightOnlyConfig,float8,8.0,False,False,pytorch_quantized_median_latency,0.0005404409021139145,pytorch,median_latency,False,3.0
1024,523,447,117,1087,"[523, 447, 117]",celu,model_9,Int8DynamicActivationInt8WeightConfig,int8,8.0,True,False,pytorch_quantized_median_latency,0.013572024181485176,pytorch,median_latency,False,3.0
1025,523,447,117,1087,"[523, 447, 117]",celu,model_9,Int8WeightOnlyConfig,int8,8.0,False,False,pytorch_quantized_p95_latency,0.00044695865362882615,pytorch,p95_latency,False,3.0
1026,523,447,117,1087,"[523, 447, 117]",celu,model_9,Float8WeightOnlyConfig,float8,8.0,False,False,pytorch_quantized_p95_latency,0.0005990255624055862,pytorch,p95_latency,False,3.0
1027,523,447,117,1087,"[523, 447, 117]",celu,model_9,Int8DynamicActivationInt8WeightConfig,int8,8.0,True,False,pytorch_quantized_p95_latency,0.013788951933383942,pytorch,p95_latency,False,3.0
1028,523,447,117,1087,"[523, 447, 117]",celu,model_9,Int8WeightOnlyConfig,int8,8.0,False,False,pytorch_quantized_p99_latency,0.00045226383954286573,pytorch,p99_latency,False,3.0
1029,523,447,117,1087,"[523, 447, 117]",celu,model_9,Float8WeightOnlyConfig,float8,8.0,False,False,pytorch_quantized_p99_latency,0.0012277502566576002,pytorch,p99_latency,False,3.0
1030,523,447,117,1087,"[523, 447, 117]",celu,model_9,Int8DynamicActivationInt8WeightConfig,int8,8.0,True,False,pytorch_quantized_p99_latency,0.01516958002001047,pytorch,p99_latency,False,3.0
1031,523,447,117,1087,"[523, 447, 117]",celu,model_9,Int8WeightOnlyConfig,int8,8.0,False,False,pytorch_relative_model_size,0.25,pytorch,model_size,True,3.0
1032,523,447,117,1087,"[523, 447, 117]",celu,model_9,Float8WeightOnlyConfig,float8,8.0,False,False,pytorch_relative_model_size,0.25,pytorch,model_size,True,3.0
1033,523,447,117,1087,"[523, 447, 117]",celu,model_9,Int8DynamicActivationInt8WeightConfig,int8,8.0,True,False,pytorch_relative_model_size,0.25,pytorch,model_size,True,3.0
1034,523,447,117,1087,"[523, 447, 117]",celu,model_9,Int8WeightOnlyConfig,int8,8.0,False,False,pytorch_relative_median_latency,2.641990704001814,pytorch,median_latency,True,3.0
1035,523,447,117,1087,"[523, 447, 117]",celu,model_9,Float8WeightOnlyConfig,float8,8.0,False,False,pytorch_relative_median_latency,3.2892755923364696,pytorch,median_latency,True,3.0
1036,523,447,117,1087,"[523, 447, 117]",celu,model_9,Int8DynamicActivationInt8WeightConfig,int8,8.0,True,False,pytorch_relative_median_latency,82.60316290669992,pytorch,median_latency,True,3.0
1037,523,447,117,1087,"[523, 447, 117]",celu,model_9,Int8WeightOnlyConfig,int8,8.0,False,False,pytorch_relative_p95_latency,2.533988692260091,pytorch,p95_latency,True,3.0
1038,523,447,117,1087,"[523, 447, 117]",celu,model_9,Float8WeightOnlyConfig,float8,8.0,False,False,pytorch_relative_p95_latency,3.3961172676411513,pytorch,p95_latency,True,3.0
1039,523,447,117,1087,"[523, 447, 117]",celu,model_9,Int8DynamicActivationInt8WeightConfig,int8,8.0,True,False,pytorch_relative_p95_latency,78.17512423940983,pytorch,p95_latency,True,3.0
1040,523,447,117,1087,"[523, 447, 117]",celu,model_9,Int8WeightOnlyConfig,int8,8.0,False,False,pytorch_relative_p99_latency,2.4589306120365695,pytorch,p99_latency,True,3.0
1041,523,447,117,1087,"[523, 447, 117]",celu,model_9,Float8WeightOnlyConfig,float8,8.0,False,False,pytorch_relative_p99_latency,6.675202450592981,pytorch,p99_latency,True,3.0
1042,523,447,117,1087,"[523, 447, 117]",celu,model_9,Int8DynamicActivationInt8WeightConfig,int8,8.0,True,False,pytorch_relative_p99_latency,82.47607131413534,pytorch,p99_latency,True,3.0
