,hidden_layer_1_neurons,hidden_layer_2_neurons,hidden_layer_3_neurons,total_hidden_neurons,neurons_per_layer,activation,model_ID,config_name,precision,bits_per_weight,dynamic_calibration,weight_only,metric,value,runtime,base_metric,relative,eval_run
0,734,261,62,1057,"[734, 261, 62]",leaky_relu,model_1,Int8WeightOnlyConfig,int8,8.0,False,False,pytorch_quantized_MAE,7.734699159552214,pytorch,MAE,False,1.0
1,734,261,62,1057,"[734, 261, 62]",leaky_relu,model_1,Float8WeightOnlyConfig,float8,8.0,False,False,pytorch_quantized_MAE,7.734288797889918,pytorch,MAE,False,1.0
2,734,261,62,1057,"[734, 261, 62]",leaky_relu,model_1,Int8DynamicActivationInt8WeightConfig,int8,8.0,True,False,pytorch_quantized_MAE,7.7490259854163295,pytorch,MAE,False,1.0
3,734,261,62,1057,"[734, 261, 62]",leaky_relu,model_1,Int8WeightOnlyConfig,int8,8.0,False,False,pytorch_relative_MAE,1.0011767536862581,pytorch,MAE,True,1.0
4,734,261,62,1057,"[734, 261, 62]",leaky_relu,model_1,Float8WeightOnlyConfig,float8,8.0,False,False,pytorch_relative_MAE,1.0011236366162313,pytorch,MAE,True,1.0
5,734,261,62,1057,"[734, 261, 62]",leaky_relu,model_1,Int8DynamicActivationInt8WeightConfig,int8,8.0,True,False,pytorch_relative_MAE,1.0030312130147183,pytorch,MAE,True,1.0
6,734,261,62,1057,"[734, 261, 62]",leaky_relu,model_1,Int8WeightOnlyConfig,int8,8.0,False,False,pytorch_quantized_model_size,268330.0,pytorch,model_size,False,1.0
7,734,261,62,1057,"[734, 261, 62]",leaky_relu,model_1,Float8WeightOnlyConfig,float8,8.0,False,False,pytorch_quantized_model_size,268330.0,pytorch,model_size,False,1.0
8,734,261,62,1057,"[734, 261, 62]",leaky_relu,model_1,Int8DynamicActivationInt8WeightConfig,int8,8.0,True,False,pytorch_quantized_model_size,268330.0,pytorch,model_size,False,1.0
9,734,261,62,1057,"[734, 261, 62]",leaky_relu,model_1,Int8WeightOnlyConfig,int8,8.0,False,False,pytorch_quantized_median_latency,0.00043037720024585724,pytorch,median_latency,False,1.0
10,734,261,62,1057,"[734, 261, 62]",leaky_relu,model_1,Float8WeightOnlyConfig,float8,8.0,False,False,pytorch_quantized_median_latency,0.0005127619951963425,pytorch,median_latency,False,1.0
11,734,261,62,1057,"[734, 261, 62]",leaky_relu,model_1,Int8DynamicActivationInt8WeightConfig,int8,8.0,True,False,pytorch_quantized_median_latency,0.011964786797761917,pytorch,median_latency,False,1.0
12,734,261,62,1057,"[734, 261, 62]",leaky_relu,model_1,Int8WeightOnlyConfig,int8,8.0,False,False,pytorch_quantized_p95_latency,0.00044173598289489743,pytorch,p95_latency,False,1.0
13,734,261,62,1057,"[734, 261, 62]",leaky_relu,model_1,Float8WeightOnlyConfig,float8,8.0,False,False,pytorch_quantized_p95_latency,0.0005196575075387955,pytorch,p95_latency,False,1.0
14,734,261,62,1057,"[734, 261, 62]",leaky_relu,model_1,Int8DynamicActivationInt8WeightConfig,int8,8.0,True,False,pytorch_quantized_p95_latency,0.012347932159900665,pytorch,p95_latency,False,1.0
15,734,261,62,1057,"[734, 261, 62]",leaky_relu,model_1,Int8WeightOnlyConfig,int8,8.0,False,False,pytorch_quantized_p99_latency,0.00045420072972774495,pytorch,p99_latency,False,1.0
16,734,261,62,1057,"[734, 261, 62]",leaky_relu,model_1,Float8WeightOnlyConfig,float8,8.0,False,False,pytorch_quantized_p99_latency,0.0005283266678452491,pytorch,p99_latency,False,1.0
17,734,261,62,1057,"[734, 261, 62]",leaky_relu,model_1,Int8DynamicActivationInt8WeightConfig,int8,8.0,True,False,pytorch_quantized_p99_latency,0.013954583927989006,pytorch,p99_latency,False,1.0
18,734,261,62,1057,"[734, 261, 62]",leaky_relu,model_1,Int8WeightOnlyConfig,int8,8.0,False,False,pytorch_relative_model_size,0.25,pytorch,model_size,True,1.0
19,734,261,62,1057,"[734, 261, 62]",leaky_relu,model_1,Float8WeightOnlyConfig,float8,8.0,False,False,pytorch_relative_model_size,0.25,pytorch,model_size,True,1.0
20,734,261,62,1057,"[734, 261, 62]",leaky_relu,model_1,Int8DynamicActivationInt8WeightConfig,int8,8.0,True,False,pytorch_relative_model_size,0.25,pytorch,model_size,True,1.0
21,734,261,62,1057,"[734, 261, 62]",leaky_relu,model_1,Int8WeightOnlyConfig,int8,8.0,False,False,pytorch_relative_median_latency,2.6873655194873165,pytorch,median_latency,True,1.0
22,734,261,62,1057,"[734, 261, 62]",leaky_relu,model_1,Float8WeightOnlyConfig,float8,8.0,False,False,pytorch_relative_median_latency,3.2017934611940126,pytorch,median_latency,True,1.0
23,734,261,62,1057,"[734, 261, 62]",leaky_relu,model_1,Int8DynamicActivationInt8WeightConfig,int8,8.0,True,False,pytorch_relative_median_latency,74.71063864432013,pytorch,median_latency,True,1.0
24,734,261,62,1057,"[734, 261, 62]",leaky_relu,model_1,Int8WeightOnlyConfig,int8,8.0,False,False,pytorch_relative_p95_latency,2.5882958985440814,pytorch,p95_latency,True,1.0
25,734,261,62,1057,"[734, 261, 62]",leaky_relu,model_1,Float8WeightOnlyConfig,float8,8.0,False,False,pytorch_relative_p95_latency,3.0448671774387184,pytorch,p95_latency,True,1.0
26,734,261,62,1057,"[734, 261, 62]",leaky_relu,model_1,Int8DynamicActivationInt8WeightConfig,int8,8.0,True,False,pytorch_relative_p95_latency,72.35114050596992,pytorch,p95_latency,True,1.0
27,734,261,62,1057,"[734, 261, 62]",leaky_relu,model_1,Int8WeightOnlyConfig,int8,8.0,False,False,pytorch_relative_p99_latency,2.5923245039125042,pytorch,p99_latency,True,1.0
28,734,261,62,1057,"[734, 261, 62]",leaky_relu,model_1,Float8WeightOnlyConfig,float8,8.0,False,False,pytorch_relative_p99_latency,3.0153940262197247,pytorch,p99_latency,True,1.0
29,734,261,62,1057,"[734, 261, 62]",leaky_relu,model_1,Int8DynamicActivationInt8WeightConfig,int8,8.0,True,False,pytorch_relative_p99_latency,79.64498401425567,pytorch,p99_latency,True,1.0
30,734,261,62,1057,"[734, 261, 62]",leaky_relu,model_1,Int8WeightOnlyConfig,int8,8.0,False,False,pytorch_quantized_MAE,7.685462707634367,pytorch,MAE,False,2.0
31,734,261,62,1057,"[734, 261, 62]",leaky_relu,model_1,Float8WeightOnlyConfig,float8,8.0,False,False,pytorch_quantized_MAE,7.675960788385888,pytorch,MAE,False,2.0
32,734,261,62,1057,"[734, 261, 62]",leaky_relu,model_1,Int8DynamicActivationInt8WeightConfig,int8,8.0,True,False,pytorch_quantized_MAE,7.6937903317211935,pytorch,MAE,False,2.0
33,734,261,62,1057,"[734, 261, 62]",leaky_relu,model_1,Int8WeightOnlyConfig,int8,8.0,False,False,pytorch_relative_MAE,1.0014622635452457,pytorch,MAE,True,2.0
34,734,261,62,1057,"[734, 261, 62]",leaky_relu,model_1,Float8WeightOnlyConfig,float8,8.0,False,False,pytorch_relative_MAE,1.0002241060106116,pytorch,MAE,True,2.0
35,734,261,62,1057,"[734, 261, 62]",leaky_relu,model_1,Int8DynamicActivationInt8WeightConfig,int8,8.0,True,False,pytorch_relative_MAE,1.0025474033195447,pytorch,MAE,True,2.0
36,734,261,62,1057,"[734, 261, 62]",leaky_relu,model_1,Int8WeightOnlyConfig,int8,8.0,False,False,pytorch_quantized_model_size,268330.0,pytorch,model_size,False,2.0
37,734,261,62,1057,"[734, 261, 62]",leaky_relu,model_1,Float8WeightOnlyConfig,float8,8.0,False,False,pytorch_quantized_model_size,268330.0,pytorch,model_size,False,2.0
38,734,261,62,1057,"[734, 261, 62]",leaky_relu,model_1,Int8DynamicActivationInt8WeightConfig,int8,8.0,True,False,pytorch_quantized_model_size,268330.0,pytorch,model_size,False,2.0
39,734,261,62,1057,"[734, 261, 62]",leaky_relu,model_1,Int8WeightOnlyConfig,int8,8.0,False,False,pytorch_quantized_median_latency,0.00042119622230529785,pytorch,median_latency,False,2.0
40,734,261,62,1057,"[734, 261, 62]",leaky_relu,model_1,Float8WeightOnlyConfig,float8,8.0,False,False,pytorch_quantized_median_latency,0.0004990249872207642,pytorch,median_latency,False,2.0
41,734,261,62,1057,"[734, 261, 62]",leaky_relu,model_1,Int8DynamicActivationInt8WeightConfig,int8,8.0,True,False,pytorch_quantized_median_latency,0.011978445574641228,pytorch,median_latency,False,2.0
42,734,261,62,1057,"[734, 261, 62]",leaky_relu,model_1,Int8WeightOnlyConfig,int8,8.0,False,False,pytorch_quantized_p95_latency,0.0004328407347202301,pytorch,p95_latency,False,2.0
43,734,261,62,1057,"[734, 261, 62]",leaky_relu,model_1,Float8WeightOnlyConfig,float8,8.0,False,False,pytorch_quantized_p95_latency,0.0005078209564089775,pytorch,p95_latency,False,2.0
44,734,261,62,1057,"[734, 261, 62]",leaky_relu,model_1,Int8DynamicActivationInt8WeightConfig,int8,8.0,True,False,pytorch_quantized_p95_latency,0.012225370481610298,pytorch,p95_latency,False,2.0
45,734,261,62,1057,"[734, 261, 62]",leaky_relu,model_1,Int8WeightOnlyConfig,int8,8.0,False,False,pytorch_quantized_p99_latency,0.000440480038523674,pytorch,p99_latency,False,2.0
46,734,261,62,1057,"[734, 261, 62]",leaky_relu,model_1,Float8WeightOnlyConfig,float8,8.0,False,False,pytorch_quantized_p99_latency,0.00051195677369833,pytorch,p99_latency,False,2.0
47,734,261,62,1057,"[734, 261, 62]",leaky_relu,model_1,Int8DynamicActivationInt8WeightConfig,int8,8.0,True,False,pytorch_quantized_p99_latency,0.01322891432791948,pytorch,p99_latency,False,2.0
48,734,261,62,1057,"[734, 261, 62]",leaky_relu,model_1,Int8WeightOnlyConfig,int8,8.0,False,False,pytorch_relative_model_size,0.25,pytorch,model_size,True,2.0
49,734,261,62,1057,"[734, 261, 62]",leaky_relu,model_1,Float8WeightOnlyConfig,float8,8.0,False,False,pytorch_relative_model_size,0.25,pytorch,model_size,True,2.0
50,734,261,62,1057,"[734, 261, 62]",leaky_relu,model_1,Int8DynamicActivationInt8WeightConfig,int8,8.0,True,False,pytorch_relative_model_size,0.25,pytorch,model_size,True,2.0
51,734,261,62,1057,"[734, 261, 62]",leaky_relu,model_1,Int8WeightOnlyConfig,int8,8.0,False,False,pytorch_relative_median_latency,2.7564147884491144,pytorch,median_latency,True,2.0
52,734,261,62,1057,"[734, 261, 62]",leaky_relu,model_1,Float8WeightOnlyConfig,float8,8.0,False,False,pytorch_relative_median_latency,3.2657459439033607,pytorch,median_latency,True,2.0
53,734,261,62,1057,"[734, 261, 62]",leaky_relu,model_1,Int8DynamicActivationInt8WeightConfig,int8,8.0,True,False,pytorch_relative_median_latency,78.38998256884089,pytorch,median_latency,True,2.0
54,734,261,62,1057,"[734, 261, 62]",leaky_relu,model_1,Int8WeightOnlyConfig,int8,8.0,False,False,pytorch_relative_p95_latency,2.6460686375763345,pytorch,p95_latency,True,2.0
55,734,261,62,1057,"[734, 261, 62]",leaky_relu,model_1,Float8WeightOnlyConfig,float8,8.0,False,False,pytorch_relative_p95_latency,3.10444234673602,pytorch,p95_latency,True,2.0
56,734,261,62,1057,"[734, 261, 62]",leaky_relu,model_1,Int8DynamicActivationInt8WeightConfig,int8,8.0,True,False,pytorch_relative_p95_latency,74.73688777247278,pytorch,p95_latency,True,2.0
57,734,261,62,1057,"[734, 261, 62]",leaky_relu,model_1,Int8WeightOnlyConfig,int8,8.0,False,False,pytorch_relative_p99_latency,2.6685830858441286,pytorch,p99_latency,True,2.0
58,734,261,62,1057,"[734, 261, 62]",leaky_relu,model_1,Float8WeightOnlyConfig,float8,8.0,False,False,pytorch_relative_p99_latency,3.101614301419169,pytorch,p99_latency,True,2.0
59,734,261,62,1057,"[734, 261, 62]",leaky_relu,model_1,Int8DynamicActivationInt8WeightConfig,int8,8.0,True,False,pytorch_relative_p99_latency,80.14541848000137,pytorch,p99_latency,True,2.0
60,734,261,62,1057,"[734, 261, 62]",leaky_relu,model_1,Int8WeightOnlyConfig,int8,8.0,False,False,pytorch_quantized_MAE,7.935379336941164,pytorch,MAE,False,3.0
61,734,261,62,1057,"[734, 261, 62]",leaky_relu,model_1,Float8WeightOnlyConfig,float8,8.0,False,False,pytorch_quantized_MAE,7.9217724661051045,pytorch,MAE,False,3.0
62,734,261,62,1057,"[734, 261, 62]",leaky_relu,model_1,Int8DynamicActivationInt8WeightConfig,int8,8.0,True,False,pytorch_quantized_MAE,7.946801875519057,pytorch,MAE,False,3.0
63,734,261,62,1057,"[734, 261, 62]",leaky_relu,model_1,Int8WeightOnlyConfig,int8,8.0,False,False,pytorch_relative_MAE,1.0016868202186218,pytorch,MAE,True,3.0
64,734,261,62,1057,"[734, 261, 62]",leaky_relu,model_1,Float8WeightOnlyConfig,float8,8.0,False,False,pytorch_relative_MAE,0.999969218248739,pytorch,MAE,True,3.0
65,734,261,62,1057,"[734, 261, 62]",leaky_relu,model_1,Int8DynamicActivationInt8WeightConfig,int8,8.0,True,False,pytorch_relative_MAE,1.0031286928577343,pytorch,MAE,True,3.0
66,734,261,62,1057,"[734, 261, 62]",leaky_relu,model_1,Int8WeightOnlyConfig,int8,8.0,False,False,pytorch_quantized_model_size,268330.0,pytorch,model_size,False,3.0
67,734,261,62,1057,"[734, 261, 62]",leaky_relu,model_1,Float8WeightOnlyConfig,float8,8.0,False,False,pytorch_quantized_model_size,268330.0,pytorch,model_size,False,3.0
68,734,261,62,1057,"[734, 261, 62]",leaky_relu,model_1,Int8DynamicActivationInt8WeightConfig,int8,8.0,True,False,pytorch_quantized_model_size,268330.0,pytorch,model_size,False,3.0
69,734,261,62,1057,"[734, 261, 62]",leaky_relu,model_1,Int8WeightOnlyConfig,int8,8.0,False,False,pytorch_quantized_median_latency,0.00042022019624710083,pytorch,median_latency,False,3.0
70,734,261,62,1057,"[734, 261, 62]",leaky_relu,model_1,Float8WeightOnlyConfig,float8,8.0,False,False,pytorch_quantized_median_latency,0.0005661975592374802,pytorch,median_latency,False,3.0
71,734,261,62,1057,"[734, 261, 62]",leaky_relu,model_1,Int8DynamicActivationInt8WeightConfig,int8,8.0,True,False,pytorch_quantized_median_latency,0.011949554085731506,pytorch,median_latency,False,3.0
72,734,261,62,1057,"[734, 261, 62]",leaky_relu,model_1,Int8WeightOnlyConfig,int8,8.0,False,False,pytorch_quantized_p95_latency,0.0004323173314332962,pytorch,p95_latency,False,3.0
73,734,261,62,1057,"[734, 261, 62]",leaky_relu,model_1,Float8WeightOnlyConfig,float8,8.0,False,False,pytorch_quantized_p95_latency,0.0005740584805607795,pytorch,p95_latency,False,3.0
74,734,261,62,1057,"[734, 261, 62]",leaky_relu,model_1,Int8DynamicActivationInt8WeightConfig,int8,8.0,True,False,pytorch_quantized_p95_latency,0.012333751656115053,pytorch,p95_latency,False,3.0
75,734,261,62,1057,"[734, 261, 62]",leaky_relu,model_1,Int8WeightOnlyConfig,int8,8.0,False,False,pytorch_quantized_p99_latency,0.00044712405651807784,pytorch,p99_latency,False,3.0
76,734,261,62,1057,"[734, 261, 62]",leaky_relu,model_1,Float8WeightOnlyConfig,float8,8.0,False,False,pytorch_quantized_p99_latency,0.0005783239752054215,pytorch,p99_latency,False,3.0
77,734,261,62,1057,"[734, 261, 62]",leaky_relu,model_1,Int8DynamicActivationInt8WeightConfig,int8,8.0,True,False,pytorch_quantized_p99_latency,0.014061901606619357,pytorch,p99_latency,False,3.0
78,734,261,62,1057,"[734, 261, 62]",leaky_relu,model_1,Int8WeightOnlyConfig,int8,8.0,False,False,pytorch_relative_model_size,0.25,pytorch,model_size,True,3.0
79,734,261,62,1057,"[734, 261, 62]",leaky_relu,model_1,Float8WeightOnlyConfig,float8,8.0,False,False,pytorch_relative_model_size,0.25,pytorch,model_size,True,3.0
80,734,261,62,1057,"[734, 261, 62]",leaky_relu,model_1,Int8DynamicActivationInt8WeightConfig,int8,8.0,True,False,pytorch_relative_model_size,0.25,pytorch,model_size,True,3.0
81,734,261,62,1057,"[734, 261, 62]",leaky_relu,model_1,Int8WeightOnlyConfig,int8,8.0,False,False,pytorch_relative_median_latency,2.7764254156564974,pytorch,median_latency,True,3.0
82,734,261,62,1057,"[734, 261, 62]",leaky_relu,model_1,Float8WeightOnlyConfig,float8,8.0,False,False,pytorch_relative_median_latency,3.7409084755774886,pytorch,median_latency,True,3.0
83,734,261,62,1057,"[734, 261, 62]",leaky_relu,model_1,Int8DynamicActivationInt8WeightConfig,int8,8.0,True,False,pytorch_relative_median_latency,78.95157340290683,pytorch,median_latency,True,3.0
84,734,261,62,1057,"[734, 261, 62]",leaky_relu,model_1,Int8WeightOnlyConfig,int8,8.0,False,False,pytorch_relative_p95_latency,2.6629699235180326,pytorch,p95_latency,True,3.0
85,734,261,62,1057,"[734, 261, 62]",leaky_relu,model_1,Float8WeightOnlyConfig,float8,8.0,False,False,pytorch_relative_p95_latency,3.536061029534935,pytorch,p95_latency,True,3.0
86,734,261,62,1057,"[734, 261, 62]",leaky_relu,model_1,Int8DynamicActivationInt8WeightConfig,int8,8.0,True,False,pytorch_relative_p95_latency,75.9729192338494,pytorch,p95_latency,True,3.0
87,734,261,62,1057,"[734, 261, 62]",leaky_relu,model_1,Int8WeightOnlyConfig,int8,8.0,False,False,pytorch_relative_p99_latency,2.7179182635967867,pytorch,p99_latency,True,3.0
88,734,261,62,1057,"[734, 261, 62]",leaky_relu,model_1,Float8WeightOnlyConfig,float8,8.0,False,False,pytorch_relative_p99_latency,3.5154388845171844,pytorch,p99_latency,True,3.0
89,734,261,62,1057,"[734, 261, 62]",leaky_relu,model_1,Int8DynamicActivationInt8WeightConfig,int8,8.0,True,False,pytorch_relative_p99_latency,85.47761776710955,pytorch,p99_latency,True,3.0
90,341,162,52,555,"[341, 162, 52]",elu,model_10,Int8WeightOnlyConfig,int8,8.0,False,False,pytorch_quantized_MAE,9.159998149997428,pytorch,MAE,False,1.0
91,341,162,52,555,"[341, 162, 52]",elu,model_10,Float8WeightOnlyConfig,float8,8.0,False,False,pytorch_quantized_MAE,9.171677432414617,pytorch,MAE,False,1.0
92,341,162,52,555,"[341, 162, 52]",elu,model_10,Int8DynamicActivationInt8WeightConfig,int8,8.0,True,False,pytorch_quantized_MAE,9.167051396051445,pytorch,MAE,False,1.0
93,341,162,52,555,"[341, 162, 52]",elu,model_10,Int8WeightOnlyConfig,int8,8.0,False,False,pytorch_relative_MAE,1.0002468942057643,pytorch,MAE,True,1.0
94,341,162,52,555,"[341, 162, 52]",elu,model_10,Float8WeightOnlyConfig,float8,8.0,False,False,pytorch_relative_MAE,1.0015222400926354,pytorch,MAE,True,1.0
95,341,162,52,555,"[341, 162, 52]",elu,model_10,Int8DynamicActivationInt8WeightConfig,int8,8.0,True,False,pytorch_relative_MAE,1.001017089498828,pytorch,MAE,True,1.0
96,341,162,52,555,"[341, 162, 52]",elu,model_10,Int8WeightOnlyConfig,int8,8.0,False,False,pytorch_quantized_model_size,91895.0,pytorch,model_size,False,1.0
97,341,162,52,555,"[341, 162, 52]",elu,model_10,Float8WeightOnlyConfig,float8,8.0,False,False,pytorch_quantized_model_size,91895.0,pytorch,model_size,False,1.0
98,341,162,52,555,"[341, 162, 52]",elu,model_10,Int8DynamicActivationInt8WeightConfig,int8,8.0,True,False,pytorch_quantized_model_size,91895.0,pytorch,model_size,False,1.0
99,341,162,52,555,"[341, 162, 52]",elu,model_10,Int8WeightOnlyConfig,int8,8.0,False,False,pytorch_quantized_median_latency,0.0004294179379940033,pytorch,median_latency,False,1.0
100,341,162,52,555,"[341, 162, 52]",elu,model_10,Float8WeightOnlyConfig,float8,8.0,False,False,pytorch_quantized_median_latency,0.0005046278238296509,pytorch,median_latency,False,1.0
101,341,162,52,555,"[341, 162, 52]",elu,model_10,Int8DynamicActivationInt8WeightConfig,int8,8.0,True,False,pytorch_quantized_median_latency,0.008450206369161606,pytorch,median_latency,False,1.0
102,341,162,52,555,"[341, 162, 52]",elu,model_10,Int8WeightOnlyConfig,int8,8.0,False,False,pytorch_quantized_p95_latency,0.00048175062984228133,pytorch,p95_latency,False,1.0
103,341,162,52,555,"[341, 162, 52]",elu,model_10,Float8WeightOnlyConfig,float8,8.0,False,False,pytorch_quantized_p95_latency,0.0005117988213896752,pytorch,p95_latency,False,1.0
104,341,162,52,555,"[341, 162, 52]",elu,model_10,Int8DynamicActivationInt8WeightConfig,int8,8.0,True,False,pytorch_quantized_p95_latency,0.008555763959884643,pytorch,p95_latency,False,1.0
105,341,162,52,555,"[341, 162, 52]",elu,model_10,Int8WeightOnlyConfig,int8,8.0,False,False,pytorch_quantized_p99_latency,0.0005060384050011635,pytorch,p99_latency,False,1.0
106,341,162,52,555,"[341, 162, 52]",elu,model_10,Float8WeightOnlyConfig,float8,8.0,False,False,pytorch_quantized_p99_latency,0.0005224890634417534,pytorch,p99_latency,False,1.0
107,341,162,52,555,"[341, 162, 52]",elu,model_10,Int8DynamicActivationInt8WeightConfig,int8,8.0,True,False,pytorch_quantized_p99_latency,0.009146259315311907,pytorch,p99_latency,False,1.0
108,341,162,52,555,"[341, 162, 52]",elu,model_10,Int8WeightOnlyConfig,int8,8.0,False,False,pytorch_relative_model_size,0.25,pytorch,model_size,True,1.0
109,341,162,52,555,"[341, 162, 52]",elu,model_10,Float8WeightOnlyConfig,float8,8.0,False,False,pytorch_relative_model_size,0.25,pytorch,model_size,True,1.0
110,341,162,52,555,"[341, 162, 52]",elu,model_10,Int8DynamicActivationInt8WeightConfig,int8,8.0,True,False,pytorch_relative_model_size,0.25,pytorch,model_size,True,1.0
111,341,162,52,555,"[341, 162, 52]",elu,model_10,Int8WeightOnlyConfig,int8,8.0,False,False,pytorch_relative_median_latency,2.748441244143489,pytorch,median_latency,True,1.0
112,341,162,52,555,"[341, 162, 52]",elu,model_10,Float8WeightOnlyConfig,float8,8.0,False,False,pytorch_relative_median_latency,3.229813664596273,pytorch,median_latency,True,1.0
113,341,162,52,555,"[341, 162, 52]",elu,model_10,Int8DynamicActivationInt8WeightConfig,int8,8.0,True,False,pytorch_relative_median_latency,54.084596034858905,pytorch,median_latency,True,1.0
114,341,162,52,555,"[341, 162, 52]",elu,model_10,Int8WeightOnlyConfig,int8,8.0,False,False,pytorch_relative_p95_latency,2.8696412919260172,pytorch,p95_latency,True,1.0
115,341,162,52,555,"[341, 162, 52]",elu,model_10,Float8WeightOnlyConfig,float8,8.0,False,False,pytorch_relative_p95_latency,3.048629187054112,pytorch,p95_latency,True,1.0
116,341,162,52,555,"[341, 162, 52]",elu,model_10,Int8DynamicActivationInt8WeightConfig,int8,8.0,True,False,pytorch_relative_p95_latency,50.964071497520216,pytorch,p95_latency,True,1.0
117,341,162,52,555,"[341, 162, 52]",elu,model_10,Int8WeightOnlyConfig,int8,8.0,False,False,pytorch_relative_p99_latency,2.9711608180834905,pytorch,p99_latency,True,1.0
118,341,162,52,555,"[341, 162, 52]",elu,model_10,Float8WeightOnlyConfig,float8,8.0,False,False,pytorch_relative_p99_latency,3.0677494392381295,pytorch,p99_latency,True,1.0
119,341,162,52,555,"[341, 162, 52]",elu,model_10,Int8DynamicActivationInt8WeightConfig,int8,8.0,True,False,pytorch_relative_p99_latency,53.70147214345005,pytorch,p99_latency,True,1.0
120,341,162,52,555,"[341, 162, 52]",elu,model_10,Int8WeightOnlyConfig,int8,8.0,False,False,pytorch_quantized_MAE,9.389384731748478,pytorch,MAE,False,2.0
121,341,162,52,555,"[341, 162, 52]",elu,model_10,Float8WeightOnlyConfig,float8,8.0,False,False,pytorch_quantized_MAE,9.41325360474896,pytorch,MAE,False,2.0
122,341,162,52,555,"[341, 162, 52]",elu,model_10,Int8DynamicActivationInt8WeightConfig,int8,8.0,True,False,pytorch_quantized_MAE,9.413065019465794,pytorch,MAE,False,2.0
123,341,162,52,555,"[341, 162, 52]",elu,model_10,Int8WeightOnlyConfig,int8,8.0,False,False,pytorch_relative_MAE,1.0005663750718516,pytorch,MAE,True,2.0
124,341,162,52,555,"[341, 162, 52]",elu,model_10,Float8WeightOnlyConfig,float8,8.0,False,False,pytorch_relative_MAE,1.0031099274362987,pytorch,MAE,True,2.0
125,341,162,52,555,"[341, 162, 52]",elu,model_10,Int8DynamicActivationInt8WeightConfig,int8,8.0,True,False,pytorch_relative_MAE,1.0030898311149146,pytorch,MAE,True,2.0
126,341,162,52,555,"[341, 162, 52]",elu,model_10,Int8WeightOnlyConfig,int8,8.0,False,False,pytorch_quantized_model_size,91895.0,pytorch,model_size,False,2.0
127,341,162,52,555,"[341, 162, 52]",elu,model_10,Float8WeightOnlyConfig,float8,8.0,False,False,pytorch_quantized_model_size,91895.0,pytorch,model_size,False,2.0
128,341,162,52,555,"[341, 162, 52]",elu,model_10,Int8DynamicActivationInt8WeightConfig,int8,8.0,True,False,pytorch_quantized_model_size,91895.0,pytorch,model_size,False,2.0
129,341,162,52,555,"[341, 162, 52]",elu,model_10,Int8WeightOnlyConfig,int8,8.0,False,False,pytorch_quantized_median_latency,0.00041471607983112335,pytorch,median_latency,False,2.0
130,341,162,52,555,"[341, 162, 52]",elu,model_10,Float8WeightOnlyConfig,float8,8.0,False,False,pytorch_quantized_median_latency,0.000496862456202507,pytorch,median_latency,False,2.0
131,341,162,52,555,"[341, 162, 52]",elu,model_10,Int8DynamicActivationInt8WeightConfig,int8,8.0,True,False,pytorch_quantized_median_latency,0.008604533970355988,pytorch,median_latency,False,2.0
132,341,162,52,555,"[341, 162, 52]",elu,model_10,Int8WeightOnlyConfig,int8,8.0,False,False,pytorch_quantized_p95_latency,0.00047643408179283143,pytorch,p95_latency,False,2.0
133,341,162,52,555,"[341, 162, 52]",elu,model_10,Float8WeightOnlyConfig,float8,8.0,False,False,pytorch_quantized_p95_latency,0.000504331849515438,pytorch,p95_latency,False,2.0
134,341,162,52,555,"[341, 162, 52]",elu,model_10,Int8DynamicActivationInt8WeightConfig,int8,8.0,True,False,pytorch_quantized_p95_latency,0.009094268828630446,pytorch,p95_latency,False,2.0
135,341,162,52,555,"[341, 162, 52]",elu,model_10,Int8WeightOnlyConfig,int8,8.0,False,False,pytorch_quantized_p99_latency,0.0004957539588212966,pytorch,p99_latency,False,2.0
136,341,162,52,555,"[341, 162, 52]",elu,model_10,Float8WeightOnlyConfig,float8,8.0,False,False,pytorch_quantized_p99_latency,0.0005230780318379402,pytorch,p99_latency,False,2.0
137,341,162,52,555,"[341, 162, 52]",elu,model_10,Int8DynamicActivationInt8WeightConfig,int8,8.0,True,False,pytorch_quantized_p99_latency,0.009618929736316204,pytorch,p99_latency,False,2.0
138,341,162,52,555,"[341, 162, 52]",elu,model_10,Int8WeightOnlyConfig,int8,8.0,False,False,pytorch_relative_model_size,0.25,pytorch,model_size,True,2.0
139,341,162,52,555,"[341, 162, 52]",elu,model_10,Float8WeightOnlyConfig,float8,8.0,False,False,pytorch_relative_model_size,0.25,pytorch,model_size,True,2.0
140,341,162,52,555,"[341, 162, 52]",elu,model_10,Int8DynamicActivationInt8WeightConfig,int8,8.0,True,False,pytorch_relative_model_size,0.25,pytorch,model_size,True,2.0
141,341,162,52,555,"[341, 162, 52]",elu,model_10,Int8WeightOnlyConfig,int8,8.0,False,False,pytorch_relative_median_latency,2.6620555250005977,pytorch,median_latency,True,2.0
142,341,162,52,555,"[341, 162, 52]",elu,model_10,Float8WeightOnlyConfig,float8,8.0,False,False,pytorch_relative_median_latency,3.189351730074846,pytorch,median_latency,True,2.0
143,341,162,52,555,"[341, 162, 52]",elu,model_10,Int8DynamicActivationInt8WeightConfig,int8,8.0,True,False,pytorch_relative_median_latency,55.23235849733375,pytorch,median_latency,True,2.0
144,341,162,52,555,"[341, 162, 52]",elu,model_10,Int8WeightOnlyConfig,int8,8.0,False,False,pytorch_relative_p95_latency,2.861770316459591,pytorch,p95_latency,True,2.0
145,341,162,52,555,"[341, 162, 52]",elu,model_10,Float8WeightOnlyConfig,float8,8.0,False,False,pytorch_relative_p95_latency,3.0293422988492886,pytorch,p95_latency,True,2.0
146,341,162,52,555,"[341, 162, 52]",elu,model_10,Int8DynamicActivationInt8WeightConfig,int8,8.0,True,False,pytorch_relative_p95_latency,54.62604288455406,pytorch,p95_latency,True,2.0
147,341,162,52,555,"[341, 162, 52]",elu,model_10,Int8WeightOnlyConfig,int8,8.0,False,False,pytorch_relative_p99_latency,2.883148981252092,pytorch,p99_latency,True,2.0
148,341,162,52,555,"[341, 162, 52]",elu,model_10,Float8WeightOnlyConfig,float8,8.0,False,False,pytorch_relative_p99_latency,3.0420571894061923,pytorch,p99_latency,True,2.0
149,341,162,52,555,"[341, 162, 52]",elu,model_10,Int8DynamicActivationInt8WeightConfig,int8,8.0,True,False,pytorch_relative_p99_latency,55.94066769720401,pytorch,p99_latency,True,2.0
150,341,162,52,555,"[341, 162, 52]",elu,model_10,Int8WeightOnlyConfig,int8,8.0,False,False,pytorch_quantized_MAE,9.275393768626344,pytorch,MAE,False,3.0
151,341,162,52,555,"[341, 162, 52]",elu,model_10,Float8WeightOnlyConfig,float8,8.0,False,False,pytorch_quantized_MAE,9.301456602137828,pytorch,MAE,False,3.0
152,341,162,52,555,"[341, 162, 52]",elu,model_10,Int8DynamicActivationInt8WeightConfig,int8,8.0,True,False,pytorch_quantized_MAE,9.283535380466637,pytorch,MAE,False,3.0
153,341,162,52,555,"[341, 162, 52]",elu,model_10,Int8WeightOnlyConfig,int8,8.0,False,False,pytorch_relative_MAE,1.0004806371972335,pytorch,MAE,True,3.0
154,341,162,52,555,"[341, 162, 52]",elu,model_10,Float8WeightOnlyConfig,float8,8.0,False,False,pytorch_relative_MAE,1.0032918774452684,pytorch,MAE,True,3.0
155,341,162,52,555,"[341, 162, 52]",elu,model_10,Int8DynamicActivationInt8WeightConfig,int8,8.0,True,False,pytorch_relative_MAE,1.0013588236338395,pytorch,MAE,True,3.0
156,341,162,52,555,"[341, 162, 52]",elu,model_10,Int8WeightOnlyConfig,int8,8.0,False,False,pytorch_quantized_model_size,91895.0,pytorch,model_size,False,3.0
157,341,162,52,555,"[341, 162, 52]",elu,model_10,Float8WeightOnlyConfig,float8,8.0,False,False,pytorch_quantized_model_size,91895.0,pytorch,model_size,False,3.0
158,341,162,52,555,"[341, 162, 52]",elu,model_10,Int8DynamicActivationInt8WeightConfig,int8,8.0,True,False,pytorch_quantized_model_size,91895.0,pytorch,model_size,False,3.0
159,341,162,52,555,"[341, 162, 52]",elu,model_10,Int8WeightOnlyConfig,int8,8.0,False,False,pytorch_quantized_median_latency,0.000431867316365242,pytorch,median_latency,False,3.0
160,341,162,52,555,"[341, 162, 52]",elu,model_10,Float8WeightOnlyConfig,float8,8.0,False,False,pytorch_quantized_median_latency,0.0005281232297420502,pytorch,median_latency,False,3.0
161,341,162,52,555,"[341, 162, 52]",elu,model_10,Int8DynamicActivationInt8WeightConfig,int8,8.0,True,False,pytorch_quantized_median_latency,0.008747249841690063,pytorch,median_latency,False,3.0
162,341,162,52,555,"[341, 162, 52]",elu,model_10,Int8WeightOnlyConfig,int8,8.0,False,False,pytorch_quantized_p95_latency,0.0004424495622515678,pytorch,p95_latency,False,3.0
163,341,162,52,555,"[341, 162, 52]",elu,model_10,Float8WeightOnlyConfig,float8,8.0,False,False,pytorch_quantized_p95_latency,0.0005354175344109535,pytorch,p95_latency,False,3.0
164,341,162,52,555,"[341, 162, 52]",elu,model_10,Int8DynamicActivationInt8WeightConfig,int8,8.0,True,False,pytorch_quantized_p95_latency,0.008957446180284023,pytorch,p95_latency,False,3.0
165,341,162,52,555,"[341, 162, 52]",elu,model_10,Int8WeightOnlyConfig,int8,8.0,False,False,pytorch_quantized_p99_latency,0.00044634338468313217,pytorch,p99_latency,False,3.0
166,341,162,52,555,"[341, 162, 52]",elu,model_10,Float8WeightOnlyConfig,float8,8.0,False,False,pytorch_quantized_p99_latency,0.0005410147830843925,pytorch,p99_latency,False,3.0
167,341,162,52,555,"[341, 162, 52]",elu,model_10,Int8DynamicActivationInt8WeightConfig,int8,8.0,True,False,pytorch_quantized_p99_latency,0.009455819390714163,pytorch,p99_latency,False,3.0
168,341,162,52,555,"[341, 162, 52]",elu,model_10,Int8WeightOnlyConfig,int8,8.0,False,False,pytorch_relative_model_size,0.25,pytorch,model_size,True,3.0
169,341,162,52,555,"[341, 162, 52]",elu,model_10,Float8WeightOnlyConfig,float8,8.0,False,False,pytorch_relative_model_size,0.25,pytorch,model_size,True,3.0
170,341,162,52,555,"[341, 162, 52]",elu,model_10,Int8DynamicActivationInt8WeightConfig,int8,8.0,True,False,pytorch_relative_model_size,0.25,pytorch,model_size,True,3.0
171,341,162,52,555,"[341, 162, 52]",elu,model_10,Int8WeightOnlyConfig,int8,8.0,False,False,pytorch_relative_median_latency,2.6799630121944173,pytorch,median_latency,True,3.0
172,341,162,52,555,"[341, 162, 52]",elu,model_10,Float8WeightOnlyConfig,float8,8.0,False,False,pytorch_relative_median_latency,3.2772813962896605,pytorch,median_latency,True,3.0
173,341,162,52,555,"[341, 162, 52]",elu,model_10,Int8DynamicActivationInt8WeightConfig,int8,8.0,True,False,pytorch_relative_median_latency,54.28126914407906,pytorch,median_latency,True,3.0
174,341,162,52,555,"[341, 162, 52]",elu,model_10,Int8WeightOnlyConfig,int8,8.0,False,False,pytorch_relative_p95_latency,2.5669132307093805,pytorch,p95_latency,True,3.0
175,341,162,52,555,"[341, 162, 52]",elu,model_10,Float8WeightOnlyConfig,float8,8.0,False,False,pytorch_relative_p95_latency,3.106275766302674,pytorch,p95_latency,True,3.0
176,341,162,52,555,"[341, 162, 52]",elu,model_10,Int8DynamicActivationInt8WeightConfig,int8,8.0,True,False,pytorch_relative_p95_latency,51.96747623961918,pytorch,p95_latency,True,3.0
177,341,162,52,555,"[341, 162, 52]",elu,model_10,Int8WeightOnlyConfig,int8,8.0,False,False,pytorch_relative_p99_latency,2.494154948356585,pytorch,p99_latency,True,3.0
178,341,162,52,555,"[341, 162, 52]",elu,model_10,Float8WeightOnlyConfig,float8,8.0,False,False,pytorch_relative_p99_latency,3.023176201708353,pytorch,p99_latency,True,3.0
179,341,162,52,555,"[341, 162, 52]",elu,model_10,Int8DynamicActivationInt8WeightConfig,int8,8.0,True,False,pytorch_relative_p99_latency,52.83886696530478,pytorch,p99_latency,True,3.0
180,198,245,183,626,"[198, 245, 183]",gelu,model_11,Int8WeightOnlyConfig,int8,8.0,False,False,pytorch_quantized_MAE,9.017327890907495,pytorch,MAE,False,1.0
181,198,245,183,626,"[198, 245, 183]",gelu,model_11,Float8WeightOnlyConfig,float8,8.0,False,False,pytorch_quantized_MAE,8.995755401065859,pytorch,MAE,False,1.0
182,198,245,183,626,"[198, 245, 183]",gelu,model_11,Int8DynamicActivationInt8WeightConfig,int8,8.0,True,False,pytorch_quantized_MAE,9.015252071176064,pytorch,MAE,False,1.0
183,198,245,183,626,"[198, 245, 183]",gelu,model_11,Int8WeightOnlyConfig,int8,8.0,False,False,pytorch_relative_MAE,1.000514643287598,pytorch,MAE,True,1.0
184,198,245,183,626,"[198, 245, 183]",gelu,model_11,Float8WeightOnlyConfig,float8,8.0,False,False,pytorch_relative_MAE,0.9981210747892745,pytorch,MAE,True,1.0
185,198,245,183,626,"[198, 245, 183]",gelu,model_11,Int8DynamicActivationInt8WeightConfig,int8,8.0,True,False,pytorch_relative_MAE,1.0002843213936568,pytorch,MAE,True,1.0
186,198,245,183,626,"[198, 245, 183]",gelu,model_11,Int8WeightOnlyConfig,int8,8.0,False,False,pytorch_quantized_model_size,110193.0,pytorch,model_size,False,1.0
187,198,245,183,626,"[198, 245, 183]",gelu,model_11,Float8WeightOnlyConfig,float8,8.0,False,False,pytorch_quantized_model_size,110193.0,pytorch,model_size,False,1.0
188,198,245,183,626,"[198, 245, 183]",gelu,model_11,Int8DynamicActivationInt8WeightConfig,int8,8.0,True,False,pytorch_quantized_model_size,110193.0,pytorch,model_size,False,1.0
189,198,245,183,626,"[198, 245, 183]",gelu,model_11,Int8WeightOnlyConfig,int8,8.0,False,False,pytorch_quantized_median_latency,0.00040444545447826385,pytorch,median_latency,False,1.0
190,198,245,183,626,"[198, 245, 183]",gelu,model_11,Float8WeightOnlyConfig,float8,8.0,False,False,pytorch_quantized_median_latency,0.0004981476813554764,pytorch,median_latency,False,1.0
191,198,245,183,626,"[198, 245, 183]",gelu,model_11,Int8DynamicActivationInt8WeightConfig,int8,8.0,True,False,pytorch_quantized_median_latency,0.008948218077421188,pytorch,median_latency,False,1.0
192,198,245,183,626,"[198, 245, 183]",gelu,model_11,Int8WeightOnlyConfig,int8,8.0,False,False,pytorch_quantized_p95_latency,0.00041646044701337814,pytorch,p95_latency,False,1.0
193,198,245,183,626,"[198, 245, 183]",gelu,model_11,Float8WeightOnlyConfig,float8,8.0,False,False,pytorch_quantized_p95_latency,0.0005071889609098434,pytorch,p95_latency,False,1.0
194,198,245,183,626,"[198, 245, 183]",gelu,model_11,Int8DynamicActivationInt8WeightConfig,int8,8.0,True,False,pytorch_quantized_p95_latency,0.009043489769101142,pytorch,p95_latency,False,1.0
195,198,245,183,626,"[198, 245, 183]",gelu,model_11,Int8WeightOnlyConfig,int8,8.0,False,False,pytorch_quantized_p99_latency,0.00042474634945392607,pytorch,p99_latency,False,1.0
196,198,245,183,626,"[198, 245, 183]",gelu,model_11,Float8WeightOnlyConfig,float8,8.0,False,False,pytorch_quantized_p99_latency,0.000540318377315998,pytorch,p99_latency,False,1.0
197,198,245,183,626,"[198, 245, 183]",gelu,model_11,Int8DynamicActivationInt8WeightConfig,int8,8.0,True,False,pytorch_quantized_p99_latency,0.009408991821110248,pytorch,p99_latency,False,1.0
198,198,245,183,626,"[198, 245, 183]",gelu,model_11,Int8WeightOnlyConfig,int8,8.0,False,False,pytorch_relative_model_size,0.25,pytorch,model_size,True,1.0
199,198,245,183,626,"[198, 245, 183]",gelu,model_11,Float8WeightOnlyConfig,float8,8.0,False,False,pytorch_relative_model_size,0.25,pytorch,model_size,True,1.0
200,198,245,183,626,"[198, 245, 183]",gelu,model_11,Int8DynamicActivationInt8WeightConfig,int8,8.0,True,False,pytorch_relative_model_size,0.25,pytorch,model_size,True,1.0
201,198,245,183,626,"[198, 245, 183]",gelu,model_11,Int8WeightOnlyConfig,int8,8.0,False,False,pytorch_relative_median_latency,2.6185135607732475,pytorch,median_latency,True,1.0
202,198,245,183,626,"[198, 245, 183]",gelu,model_11,Float8WeightOnlyConfig,float8,8.0,False,False,pytorch_relative_median_latency,3.225172750624073,pytorch,median_latency,True,1.0
203,198,245,183,626,"[198, 245, 183]",gelu,model_11,Int8DynamicActivationInt8WeightConfig,int8,8.0,True,False,pytorch_relative_median_latency,57.93372164538186,pytorch,median_latency,True,1.0
204,198,245,183,626,"[198, 245, 183]",gelu,model_11,Int8WeightOnlyConfig,int8,8.0,False,False,pytorch_relative_p95_latency,2.52517147094001,pytorch,p95_latency,True,1.0
205,198,245,183,626,"[198, 245, 183]",gelu,model_11,Float8WeightOnlyConfig,float8,8.0,False,False,pytorch_relative_p95_latency,3.075295874194033,pytorch,p95_latency,True,1.0
206,198,245,183,626,"[198, 245, 183]",gelu,model_11,Int8DynamicActivationInt8WeightConfig,int8,8.0,True,False,pytorch_relative_p95_latency,54.834408709018355,pytorch,p95_latency,True,1.0
207,198,245,183,626,"[198, 245, 183]",gelu,model_11,Int8WeightOnlyConfig,int8,8.0,False,False,pytorch_relative_p99_latency,2.539191370172998,pytorch,p99_latency,True,1.0
208,198,245,183,626,"[198, 245, 183]",gelu,model_11,Float8WeightOnlyConfig,float8,8.0,False,False,pytorch_relative_p99_latency,3.230096650837685,pytorch,p99_latency,True,1.0
209,198,245,183,626,"[198, 245, 183]",gelu,model_11,Int8DynamicActivationInt8WeightConfig,int8,8.0,True,False,pytorch_relative_p99_latency,56.248231126429104,pytorch,p99_latency,True,1.0
210,198,245,183,626,"[198, 245, 183]",gelu,model_11,Int8WeightOnlyConfig,int8,8.0,False,False,pytorch_quantized_MAE,8.748439376127687,pytorch,MAE,False,2.0
211,198,245,183,626,"[198, 245, 183]",gelu,model_11,Float8WeightOnlyConfig,float8,8.0,False,False,pytorch_quantized_MAE,8.73441598197815,pytorch,MAE,False,2.0
212,198,245,183,626,"[198, 245, 183]",gelu,model_11,Int8DynamicActivationInt8WeightConfig,int8,8.0,True,False,pytorch_quantized_MAE,8.750964763135363,pytorch,MAE,False,2.0
213,198,245,183,626,"[198, 245, 183]",gelu,model_11,Int8WeightOnlyConfig,int8,8.0,False,False,pytorch_relative_MAE,1.0006129813071203,pytorch,MAE,True,2.0
214,198,245,183,626,"[198, 245, 183]",gelu,model_11,Float8WeightOnlyConfig,float8,8.0,False,False,pytorch_relative_MAE,0.9990090392067381,pytorch,MAE,True,2.0
215,198,245,183,626,"[198, 245, 183]",gelu,model_11,Int8DynamicActivationInt8WeightConfig,int8,8.0,True,False,pytorch_relative_MAE,1.0009018253985134,pytorch,MAE,True,2.0
216,198,245,183,626,"[198, 245, 183]",gelu,model_11,Int8WeightOnlyConfig,int8,8.0,False,False,pytorch_quantized_model_size,110193.0,pytorch,model_size,False,2.0
217,198,245,183,626,"[198, 245, 183]",gelu,model_11,Float8WeightOnlyConfig,float8,8.0,False,False,pytorch_quantized_model_size,110193.0,pytorch,model_size,False,2.0
218,198,245,183,626,"[198, 245, 183]",gelu,model_11,Int8DynamicActivationInt8WeightConfig,int8,8.0,True,False,pytorch_quantized_model_size,110193.0,pytorch,model_size,False,2.0
219,198,245,183,626,"[198, 245, 183]",gelu,model_11,Int8WeightOnlyConfig,int8,8.0,False,False,pytorch_quantized_median_latency,0.00042118318378925323,pytorch,median_latency,False,2.0
220,198,245,183,626,"[198, 245, 183]",gelu,model_11,Float8WeightOnlyConfig,float8,8.0,False,False,pytorch_quantized_median_latency,0.0005116574466228485,pytorch,median_latency,False,2.0
221,198,245,183,626,"[198, 245, 183]",gelu,model_11,Int8DynamicActivationInt8WeightConfig,int8,8.0,True,False,pytorch_quantized_median_latency,0.008983656764030457,pytorch,median_latency,False,2.0
222,198,245,183,626,"[198, 245, 183]",gelu,model_11,Int8WeightOnlyConfig,int8,8.0,False,False,pytorch_quantized_p95_latency,0.0004716496914625168,pytorch,p95_latency,False,2.0
223,198,245,183,626,"[198, 245, 183]",gelu,model_11,Float8WeightOnlyConfig,float8,8.0,False,False,pytorch_quantized_p95_latency,0.000570150651037693,pytorch,p95_latency,False,2.0
224,198,245,183,626,"[198, 245, 183]",gelu,model_11,Int8DynamicActivationInt8WeightConfig,int8,8.0,True,False,pytorch_quantized_p95_latency,0.009463981539011002,pytorch,p95_latency,False,2.0
225,198,245,183,626,"[198, 245, 183]",gelu,model_11,Int8WeightOnlyConfig,int8,8.0,False,False,pytorch_quantized_p99_latency,0.0004818589612841606,pytorch,p99_latency,False,2.0
226,198,245,183,626,"[198, 245, 183]",gelu,model_11,Float8WeightOnlyConfig,float8,8.0,False,False,pytorch_quantized_p99_latency,0.00057233527302742,pytorch,p99_latency,False,2.0
227,198,245,183,626,"[198, 245, 183]",gelu,model_11,Int8DynamicActivationInt8WeightConfig,int8,8.0,True,False,pytorch_quantized_p99_latency,0.009586691670119761,pytorch,p99_latency,False,2.0
228,198,245,183,626,"[198, 245, 183]",gelu,model_11,Int8WeightOnlyConfig,int8,8.0,False,False,pytorch_relative_model_size,0.25,pytorch,model_size,True,2.0
229,198,245,183,626,"[198, 245, 183]",gelu,model_11,Float8WeightOnlyConfig,float8,8.0,False,False,pytorch_relative_model_size,0.25,pytorch,model_size,True,2.0
230,198,245,183,626,"[198, 245, 183]",gelu,model_11,Int8DynamicActivationInt8WeightConfig,int8,8.0,True,False,pytorch_relative_model_size,0.25,pytorch,model_size,True,2.0
231,198,245,183,626,"[198, 245, 183]",gelu,model_11,Int8WeightOnlyConfig,int8,8.0,False,False,pytorch_relative_median_latency,2.777796887092613,pytorch,median_latency,True,2.0
232,198,245,183,626,"[198, 245, 183]",gelu,model_11,Float8WeightOnlyConfig,float8,8.0,False,False,pytorch_relative_median_latency,3.374494797489036,pytorch,median_latency,True,2.0
233,198,245,183,626,"[198, 245, 183]",gelu,model_11,Int8DynamicActivationInt8WeightConfig,int8,8.0,True,False,pytorch_relative_median_latency,59.24921685932951,pytorch,median_latency,True,2.0
234,198,245,183,626,"[198, 245, 183]",gelu,model_11,Int8WeightOnlyConfig,int8,8.0,False,False,pytorch_relative_p95_latency,2.900940802316949,pytorch,p95_latency,True,2.0
235,198,245,183,626,"[198, 245, 183]",gelu,model_11,Float8WeightOnlyConfig,float8,8.0,False,False,pytorch_relative_p95_latency,3.5067833542604183,pytorch,p95_latency,True,2.0
236,198,245,183,626,"[198, 245, 183]",gelu,model_11,Int8DynamicActivationInt8WeightConfig,int8,8.0,True,False,pytorch_relative_p95_latency,58.20940985619885,pytorch,p95_latency,True,2.0
237,198,245,183,626,"[198, 245, 183]",gelu,model_11,Int8WeightOnlyConfig,int8,8.0,False,False,pytorch_relative_p99_latency,2.4026173789803615,pytorch,p99_latency,True,2.0
238,198,245,183,626,"[198, 245, 183]",gelu,model_11,Float8WeightOnlyConfig,float8,8.0,False,False,pytorch_relative_p99_latency,2.853745149648109,pytorch,p99_latency,True,2.0
239,198,245,183,626,"[198, 245, 183]",gelu,model_11,Int8DynamicActivationInt8WeightConfig,int8,8.0,True,False,pytorch_relative_p99_latency,47.80060944009912,pytorch,p99_latency,True,2.0
240,198,245,183,626,"[198, 245, 183]",gelu,model_11,Int8WeightOnlyConfig,int8,8.0,False,False,pytorch_quantized_MAE,9.03200207312827,pytorch,MAE,False,3.0
241,198,245,183,626,"[198, 245, 183]",gelu,model_11,Float8WeightOnlyConfig,float8,8.0,False,False,pytorch_quantized_MAE,9.020015178260552,pytorch,MAE,False,3.0
242,198,245,183,626,"[198, 245, 183]",gelu,model_11,Int8DynamicActivationInt8WeightConfig,int8,8.0,True,False,pytorch_quantized_MAE,9.038125778298724,pytorch,MAE,False,3.0
243,198,245,183,626,"[198, 245, 183]",gelu,model_11,Int8WeightOnlyConfig,int8,8.0,False,False,pytorch_relative_MAE,1.0005227660821223,pytorch,MAE,True,3.0
244,198,245,183,626,"[198, 245, 183]",gelu,model_11,Float8WeightOnlyConfig,float8,8.0,False,False,pytorch_relative_MAE,0.9991949141714738,pytorch,MAE,True,3.0
245,198,245,183,626,"[198, 245, 183]",gelu,model_11,Int8DynamicActivationInt8WeightConfig,int8,8.0,True,False,pytorch_relative_MAE,1.0012011213776821,pytorch,MAE,True,3.0
246,198,245,183,626,"[198, 245, 183]",gelu,model_11,Int8WeightOnlyConfig,int8,8.0,False,False,pytorch_quantized_model_size,110193.0,pytorch,model_size,False,3.0
247,198,245,183,626,"[198, 245, 183]",gelu,model_11,Float8WeightOnlyConfig,float8,8.0,False,False,pytorch_quantized_model_size,110193.0,pytorch,model_size,False,3.0
248,198,245,183,626,"[198, 245, 183]",gelu,model_11,Int8DynamicActivationInt8WeightConfig,int8,8.0,True,False,pytorch_quantized_model_size,110193.0,pytorch,model_size,False,3.0
249,198,245,183,626,"[198, 245, 183]",gelu,model_11,Int8WeightOnlyConfig,int8,8.0,False,False,pytorch_quantized_median_latency,0.0004076920449733734,pytorch,median_latency,False,3.0
250,198,245,183,626,"[198, 245, 183]",gelu,model_11,Float8WeightOnlyConfig,float8,8.0,False,False,pytorch_quantized_median_latency,0.0005014687776565552,pytorch,median_latency,False,3.0
251,198,245,183,626,"[198, 245, 183]",gelu,model_11,Int8DynamicActivationInt8WeightConfig,int8,8.0,True,False,pytorch_quantized_median_latency,0.009019164368510246,pytorch,median_latency,False,3.0
252,198,245,183,626,"[198, 245, 183]",gelu,model_11,Int8WeightOnlyConfig,int8,8.0,False,False,pytorch_quantized_p95_latency,0.00042060799896717074,pytorch,p95_latency,False,3.0
253,198,245,183,626,"[198, 245, 183]",gelu,model_11,Float8WeightOnlyConfig,float8,8.0,False,False,pytorch_quantized_p95_latency,0.0005107000470161438,pytorch,p95_latency,False,3.0
254,198,245,183,626,"[198, 245, 183]",gelu,model_11,Int8DynamicActivationInt8WeightConfig,int8,8.0,True,False,pytorch_quantized_p95_latency,0.009626295045018196,pytorch,p95_latency,False,3.0
255,198,245,183,626,"[198, 245, 183]",gelu,model_11,Int8WeightOnlyConfig,int8,8.0,False,False,pytorch_quantized_p99_latency,0.00042753636837005615,pytorch,p99_latency,False,3.0
256,198,245,183,626,"[198, 245, 183]",gelu,model_11,Float8WeightOnlyConfig,float8,8.0,False,False,pytorch_quantized_p99_latency,0.0005271843820810317,pytorch,p99_latency,False,3.0
257,198,245,183,626,"[198, 245, 183]",gelu,model_11,Int8DynamicActivationInt8WeightConfig,int8,8.0,True,False,pytorch_quantized_p99_latency,0.010120390653610228,pytorch,p99_latency,False,3.0
258,198,245,183,626,"[198, 245, 183]",gelu,model_11,Int8WeightOnlyConfig,int8,8.0,False,False,pytorch_relative_model_size,0.25,pytorch,model_size,True,3.0
259,198,245,183,626,"[198, 245, 183]",gelu,model_11,Float8WeightOnlyConfig,float8,8.0,False,False,pytorch_relative_model_size,0.25,pytorch,model_size,True,3.0
260,198,245,183,626,"[198, 245, 183]",gelu,model_11,Int8DynamicActivationInt8WeightConfig,int8,8.0,True,False,pytorch_relative_model_size,0.25,pytorch,model_size,True,3.0
261,198,245,183,626,"[198, 245, 183]",gelu,model_11,Int8WeightOnlyConfig,int8,8.0,False,False,pytorch_relative_median_latency,2.6750507198552955,pytorch,median_latency,True,3.0
262,198,245,183,626,"[198, 245, 183]",gelu,model_11,Float8WeightOnlyConfig,float8,8.0,False,False,pytorch_relative_median_latency,3.29036200532864,pytorch,median_latency,True,3.0
263,198,245,183,626,"[198, 245, 183]",gelu,model_11,Int8DynamicActivationInt8WeightConfig,int8,8.0,True,False,pytorch_relative_median_latency,59.17879054533011,pytorch,median_latency,True,3.0
264,198,245,183,626,"[198, 245, 183]",gelu,model_11,Int8WeightOnlyConfig,int8,8.0,False,False,pytorch_relative_p95_latency,2.5617945660670185,pytorch,p95_latency,True,3.0
265,198,245,183,626,"[198, 245, 183]",gelu,model_11,Float8WeightOnlyConfig,float8,8.0,False,False,pytorch_relative_p95_latency,3.110517651943762,pytorch,p95_latency,True,3.0
266,198,245,183,626,"[198, 245, 183]",gelu,model_11,Int8DynamicActivationInt8WeightConfig,int8,8.0,True,False,pytorch_relative_p95_latency,58.630816337875416,pytorch,p95_latency,True,3.0
267,198,245,183,626,"[198, 245, 183]",gelu,model_11,Int8WeightOnlyConfig,int8,8.0,False,False,pytorch_relative_p99_latency,2.5668885328671602,pytorch,p99_latency,True,3.0
268,198,245,183,626,"[198, 245, 183]",gelu,model_11,Float8WeightOnlyConfig,float8,8.0,False,False,pytorch_relative_p99_latency,3.1651659254848954,pytorch,p99_latency,True,3.0
269,198,245,183,626,"[198, 245, 183]",gelu,model_11,Int8DynamicActivationInt8WeightConfig,int8,8.0,True,False,pytorch_relative_p99_latency,60.761882821633485,pytorch,p99_latency,True,3.0
270,596,64,107,767,"[596, 64, 107]",gelu,model_12,Int8WeightOnlyConfig,int8,8.0,False,False,pytorch_quantized_MAE,9.041281347552898,pytorch,MAE,False,1.0
271,596,64,107,767,"[596, 64, 107]",gelu,model_12,Float8WeightOnlyConfig,float8,8.0,False,False,pytorch_quantized_MAE,9.031355609337563,pytorch,MAE,False,1.0
272,596,64,107,767,"[596, 64, 107]",gelu,model_12,Int8DynamicActivationInt8WeightConfig,int8,8.0,True,False,pytorch_quantized_MAE,9.044791514987892,pytorch,MAE,False,1.0
273,596,64,107,767,"[596, 64, 107]",gelu,model_12,Int8WeightOnlyConfig,int8,8.0,False,False,pytorch_relative_MAE,1.0005488697049407,pytorch,MAE,True,1.0
274,596,64,107,767,"[596, 64, 107]",gelu,model_12,Float8WeightOnlyConfig,float8,8.0,False,False,pytorch_relative_MAE,0.9994504428591676,pytorch,MAE,True,1.0
275,596,64,107,767,"[596, 64, 107]",gelu,model_12,Int8DynamicActivationInt8WeightConfig,int8,8.0,True,False,pytorch_relative_MAE,1.0009373206251757,pytorch,MAE,True,1.0
276,596,64,107,767,"[596, 64, 107]",gelu,model_12,Int8WeightOnlyConfig,int8,8.0,False,False,pytorch_quantized_model_size,94143.0,pytorch,model_size,False,1.0
277,596,64,107,767,"[596, 64, 107]",gelu,model_12,Float8WeightOnlyConfig,float8,8.0,False,False,pytorch_quantized_model_size,94143.0,pytorch,model_size,False,1.0
278,596,64,107,767,"[596, 64, 107]",gelu,model_12,Int8DynamicActivationInt8WeightConfig,int8,8.0,True,False,pytorch_quantized_model_size,94143.0,pytorch,model_size,False,1.0
279,596,64,107,767,"[596, 64, 107]",gelu,model_12,Int8WeightOnlyConfig,int8,8.0,False,False,pytorch_quantized_median_latency,0.00047247298061847687,pytorch,median_latency,False,1.0
280,596,64,107,767,"[596, 64, 107]",gelu,model_12,Float8WeightOnlyConfig,float8,8.0,False,False,pytorch_quantized_median_latency,0.0005164556205272675,pytorch,median_latency,False,1.0
281,596,64,107,767,"[596, 64, 107]",gelu,model_12,Int8DynamicActivationInt8WeightConfig,int8,8.0,True,False,pytorch_quantized_median_latency,0.008810676634311676,pytorch,median_latency,False,1.0
282,596,64,107,767,"[596, 64, 107]",gelu,model_12,Int8WeightOnlyConfig,int8,8.0,False,False,pytorch_quantized_p95_latency,0.000483001209795475,pytorch,p95_latency,False,1.0
283,596,64,107,767,"[596, 64, 107]",gelu,model_12,Float8WeightOnlyConfig,float8,8.0,False,False,pytorch_quantized_p95_latency,0.0005240758880972862,pytorch,p95_latency,False,1.0
284,596,64,107,767,"[596, 64, 107]",gelu,model_12,Int8DynamicActivationInt8WeightConfig,int8,8.0,True,False,pytorch_quantized_p95_latency,0.00894180666655302,pytorch,p95_latency,False,1.0
285,596,64,107,767,"[596, 64, 107]",gelu,model_12,Int8WeightOnlyConfig,int8,8.0,False,False,pytorch_quantized_p99_latency,0.00048491690307855606,pytorch,p99_latency,False,1.0
286,596,64,107,767,"[596, 64, 107]",gelu,model_12,Float8WeightOnlyConfig,float8,8.0,False,False,pytorch_quantized_p99_latency,0.0005271735414862633,pytorch,p99_latency,False,1.0
287,596,64,107,767,"[596, 64, 107]",gelu,model_12,Int8DynamicActivationInt8WeightConfig,int8,8.0,True,False,pytorch_quantized_p99_latency,0.009447426721453664,pytorch,p99_latency,False,1.0
288,596,64,107,767,"[596, 64, 107]",gelu,model_12,Int8WeightOnlyConfig,int8,8.0,False,False,pytorch_relative_model_size,0.25,pytorch,model_size,True,1.0
289,596,64,107,767,"[596, 64, 107]",gelu,model_12,Float8WeightOnlyConfig,float8,8.0,False,False,pytorch_relative_model_size,0.25,pytorch,model_size,True,1.0
290,596,64,107,767,"[596, 64, 107]",gelu,model_12,Int8DynamicActivationInt8WeightConfig,int8,8.0,True,False,pytorch_relative_model_size,0.25,pytorch,model_size,True,1.0
291,596,64,107,767,"[596, 64, 107]",gelu,model_12,Int8WeightOnlyConfig,int8,8.0,False,False,pytorch_relative_median_latency,3.079333284774322,pytorch,median_latency,True,1.0
292,596,64,107,767,"[596, 64, 107]",gelu,model_12,Float8WeightOnlyConfig,float8,8.0,False,False,pytorch_relative_median_latency,3.365989268458494,pytorch,median_latency,True,1.0
293,596,64,107,767,"[596, 64, 107]",gelu,model_12,Int8DynamicActivationInt8WeightConfig,int8,8.0,True,False,pytorch_relative_median_latency,57.4234102993663,pytorch,median_latency,True,1.0
294,596,64,107,767,"[596, 64, 107]",gelu,model_12,Int8WeightOnlyConfig,int8,8.0,False,False,pytorch_relative_p95_latency,2.9308467051479554,pytorch,p95_latency,True,1.0
295,596,64,107,767,"[596, 64, 107]",gelu,model_12,Float8WeightOnlyConfig,float8,8.0,False,False,pytorch_relative_p95_latency,3.1800874588447248,pytorch,p95_latency,True,1.0
296,596,64,107,767,"[596, 64, 107]",gelu,model_12,Int8DynamicActivationInt8WeightConfig,int8,8.0,True,False,pytorch_relative_p95_latency,54.25879702834331,pytorch,p95_latency,True,1.0
297,596,64,107,767,"[596, 64, 107]",gelu,model_12,Int8WeightOnlyConfig,int8,8.0,False,False,pytorch_relative_p99_latency,2.892508944588549,pytorch,p99_latency,True,1.0
298,596,64,107,767,"[596, 64, 107]",gelu,model_12,Float8WeightOnlyConfig,float8,8.0,False,False,pytorch_relative_p99_latency,3.144568016537906,pytorch,p99_latency,True,1.0
299,596,64,107,767,"[596, 64, 107]",gelu,model_12,Int8DynamicActivationInt8WeightConfig,int8,8.0,True,False,pytorch_relative_p99_latency,56.353503294404,pytorch,p99_latency,True,1.0
300,596,64,107,767,"[596, 64, 107]",gelu,model_12,Int8WeightOnlyConfig,int8,8.0,False,False,pytorch_quantized_MAE,8.846745599583421,pytorch,MAE,False,2.0
301,596,64,107,767,"[596, 64, 107]",gelu,model_12,Float8WeightOnlyConfig,float8,8.0,False,False,pytorch_quantized_MAE,8.840331295584017,pytorch,MAE,False,2.0
302,596,64,107,767,"[596, 64, 107]",gelu,model_12,Int8DynamicActivationInt8WeightConfig,int8,8.0,True,False,pytorch_quantized_MAE,8.851487067322179,pytorch,MAE,False,2.0
303,596,64,107,767,"[596, 64, 107]",gelu,model_12,Int8WeightOnlyConfig,int8,8.0,False,False,pytorch_relative_MAE,1.0004036419062508,pytorch,MAE,True,2.0
304,596,64,107,767,"[596, 64, 107]",gelu,model_12,Float8WeightOnlyConfig,float8,8.0,False,False,pytorch_relative_MAE,0.9996783025134687,pytorch,MAE,True,2.0
305,596,64,107,767,"[596, 64, 107]",gelu,model_12,Int8DynamicActivationInt8WeightConfig,int8,8.0,True,False,pytorch_relative_MAE,1.0009398143936856,pytorch,MAE,True,2.0
306,596,64,107,767,"[596, 64, 107]",gelu,model_12,Int8WeightOnlyConfig,int8,8.0,False,False,pytorch_quantized_model_size,94143.0,pytorch,model_size,False,2.0
307,596,64,107,767,"[596, 64, 107]",gelu,model_12,Float8WeightOnlyConfig,float8,8.0,False,False,pytorch_quantized_model_size,94143.0,pytorch,model_size,False,2.0
308,596,64,107,767,"[596, 64, 107]",gelu,model_12,Int8DynamicActivationInt8WeightConfig,int8,8.0,True,False,pytorch_quantized_model_size,94143.0,pytorch,model_size,False,2.0
309,596,64,107,767,"[596, 64, 107]",gelu,model_12,Int8WeightOnlyConfig,int8,8.0,False,False,pytorch_quantized_median_latency,0.0004257354885339737,pytorch,median_latency,False,2.0
310,596,64,107,767,"[596, 64, 107]",gelu,model_12,Float8WeightOnlyConfig,float8,8.0,False,False,pytorch_quantized_median_latency,0.0005738120526075363,pytorch,median_latency,False,2.0
311,596,64,107,767,"[596, 64, 107]",gelu,model_12,Int8DynamicActivationInt8WeightConfig,int8,8.0,True,False,pytorch_quantized_median_latency,0.008724058046936989,pytorch,median_latency,False,2.0
312,596,64,107,767,"[596, 64, 107]",gelu,model_12,Int8WeightOnlyConfig,int8,8.0,False,False,pytorch_quantized_p95_latency,0.00043721869587898254,pytorch,p95_latency,False,2.0
313,596,64,107,767,"[596, 64, 107]",gelu,model_12,Float8WeightOnlyConfig,float8,8.0,False,False,pytorch_quantized_p95_latency,0.0005811156705021858,pytorch,p95_latency,False,2.0
314,596,64,107,767,"[596, 64, 107]",gelu,model_12,Int8DynamicActivationInt8WeightConfig,int8,8.0,True,False,pytorch_quantized_p95_latency,0.009107130393385884,pytorch,p95_latency,False,2.0
315,596,64,107,767,"[596, 64, 107]",gelu,model_12,Int8WeightOnlyConfig,int8,8.0,False,False,pytorch_quantized_p99_latency,0.00044059518724679945,pytorch,p99_latency,False,2.0
316,596,64,107,767,"[596, 64, 107]",gelu,model_12,Float8WeightOnlyConfig,float8,8.0,False,False,pytorch_quantized_p99_latency,0.0005911391228437424,pytorch,p99_latency,False,2.0
317,596,64,107,767,"[596, 64, 107]",gelu,model_12,Int8DynamicActivationInt8WeightConfig,int8,8.0,True,False,pytorch_quantized_p99_latency,0.00992352932691573,pytorch,p99_latency,False,2.0
318,596,64,107,767,"[596, 64, 107]",gelu,model_12,Int8WeightOnlyConfig,int8,8.0,False,False,pytorch_relative_model_size,0.25,pytorch,model_size,True,2.0
319,596,64,107,767,"[596, 64, 107]",gelu,model_12,Float8WeightOnlyConfig,float8,8.0,False,False,pytorch_relative_model_size,0.25,pytorch,model_size,True,2.0
320,596,64,107,767,"[596, 64, 107]",gelu,model_12,Int8DynamicActivationInt8WeightConfig,int8,8.0,True,False,pytorch_relative_model_size,0.25,pytorch,model_size,True,2.0
321,596,64,107,767,"[596, 64, 107]",gelu,model_12,Int8WeightOnlyConfig,int8,8.0,False,False,pytorch_relative_median_latency,2.7352416739466032,pytorch,median_latency,True,2.0
322,596,64,107,767,"[596, 64, 107]",gelu,model_12,Float8WeightOnlyConfig,float8,8.0,False,False,pytorch_relative_median_latency,3.686595742134677,pytorch,median_latency,True,2.0
323,596,64,107,767,"[596, 64, 107]",gelu,model_12,Int8DynamicActivationInt8WeightConfig,int8,8.0,True,False,pytorch_relative_median_latency,56.049842633701516,pytorch,median_latency,True,2.0
324,596,64,107,767,"[596, 64, 107]",gelu,model_12,Int8WeightOnlyConfig,int8,8.0,False,False,pytorch_relative_p95_latency,2.616539274841963,pytorch,p95_latency,True,2.0
325,596,64,107,767,"[596, 64, 107]",gelu,model_12,Float8WeightOnlyConfig,float8,8.0,False,False,pytorch_relative_p95_latency,3.477692032446736,pytorch,p95_latency,True,2.0
326,596,64,107,767,"[596, 64, 107]",gelu,model_12,Int8DynamicActivationInt8WeightConfig,int8,8.0,True,False,pytorch_relative_p95_latency,54.50170493623347,pytorch,p95_latency,True,2.0
327,596,64,107,767,"[596, 64, 107]",gelu,model_12,Int8WeightOnlyConfig,int8,8.0,False,False,pytorch_relative_p99_latency,2.569884312001679,pytorch,p99_latency,True,2.0
328,596,64,107,767,"[596, 64, 107]",gelu,model_12,Float8WeightOnlyConfig,float8,8.0,False,False,pytorch_relative_p99_latency,3.4479703863755775,pytorch,p99_latency,True,2.0
329,596,64,107,767,"[596, 64, 107]",gelu,model_12,Int8DynamicActivationInt8WeightConfig,int8,8.0,True,False,pytorch_relative_p99_latency,57.88152725019256,pytorch,p99_latency,True,2.0
330,596,64,107,767,"[596, 64, 107]",gelu,model_12,Int8WeightOnlyConfig,int8,8.0,False,False,pytorch_quantized_MAE,8.62517681103883,pytorch,MAE,False,3.0
331,596,64,107,767,"[596, 64, 107]",gelu,model_12,Float8WeightOnlyConfig,float8,8.0,False,False,pytorch_quantized_MAE,8.615670499326145,pytorch,MAE,False,3.0
332,596,64,107,767,"[596, 64, 107]",gelu,model_12,Int8DynamicActivationInt8WeightConfig,int8,8.0,True,False,pytorch_quantized_MAE,8.628515428343922,pytorch,MAE,False,3.0
333,596,64,107,767,"[596, 64, 107]",gelu,model_12,Int8WeightOnlyConfig,int8,8.0,False,False,pytorch_relative_MAE,1.0005579750081783,pytorch,MAE,True,3.0
334,596,64,107,767,"[596, 64, 107]",gelu,model_12,Float8WeightOnlyConfig,float8,8.0,False,False,pytorch_relative_MAE,0.9994552015572193,pytorch,MAE,True,3.0
335,596,64,107,767,"[596, 64, 107]",gelu,model_12,Int8DynamicActivationInt8WeightConfig,int8,8.0,True,False,pytorch_relative_MAE,1.0009452691174232,pytorch,MAE,True,3.0
336,596,64,107,767,"[596, 64, 107]",gelu,model_12,Int8WeightOnlyConfig,int8,8.0,False,False,pytorch_quantized_model_size,94143.0,pytorch,model_size,False,3.0
337,596,64,107,767,"[596, 64, 107]",gelu,model_12,Float8WeightOnlyConfig,float8,8.0,False,False,pytorch_quantized_model_size,94143.0,pytorch,model_size,False,3.0
338,596,64,107,767,"[596, 64, 107]",gelu,model_12,Int8DynamicActivationInt8WeightConfig,int8,8.0,True,False,pytorch_quantized_model_size,94143.0,pytorch,model_size,False,3.0
339,596,64,107,767,"[596, 64, 107]",gelu,model_12,Int8WeightOnlyConfig,int8,8.0,False,False,pytorch_quantized_median_latency,0.0004282686859369278,pytorch,median_latency,False,3.0
340,596,64,107,767,"[596, 64, 107]",gelu,model_12,Float8WeightOnlyConfig,float8,8.0,False,False,pytorch_quantized_median_latency,0.0005182754248380661,pytorch,median_latency,False,3.0
341,596,64,107,767,"[596, 64, 107]",gelu,model_12,Int8DynamicActivationInt8WeightConfig,int8,8.0,True,False,pytorch_quantized_median_latency,0.008921494707465172,pytorch,median_latency,False,3.0
342,596,64,107,767,"[596, 64, 107]",gelu,model_12,Int8WeightOnlyConfig,int8,8.0,False,False,pytorch_quantized_p95_latency,0.00047826617956161496,pytorch,p95_latency,False,3.0
343,596,64,107,767,"[596, 64, 107]",gelu,model_12,Float8WeightOnlyConfig,float8,8.0,False,False,pytorch_quantized_p95_latency,0.0005784643813967705,pytorch,p95_latency,False,3.0
344,596,64,107,767,"[596, 64, 107]",gelu,model_12,Int8DynamicActivationInt8WeightConfig,int8,8.0,True,False,pytorch_quantized_p95_latency,0.009021724574267864,pytorch,p95_latency,False,3.0
345,596,64,107,767,"[596, 64, 107]",gelu,model_12,Int8WeightOnlyConfig,int8,8.0,False,False,pytorch_quantized_p99_latency,0.00048582524061203003,pytorch,p99_latency,False,3.0
346,596,64,107,767,"[596, 64, 107]",gelu,model_12,Float8WeightOnlyConfig,float8,8.0,False,False,pytorch_quantized_p99_latency,0.0005867552757263183,pytorch,p99_latency,False,3.0
347,596,64,107,767,"[596, 64, 107]",gelu,model_12,Int8DynamicActivationInt8WeightConfig,int8,8.0,True,False,pytorch_quantized_p99_latency,0.009986714906990529,pytorch,p99_latency,False,3.0
348,596,64,107,767,"[596, 64, 107]",gelu,model_12,Int8WeightOnlyConfig,int8,8.0,False,False,pytorch_relative_model_size,0.25,pytorch,model_size,True,3.0
349,596,64,107,767,"[596, 64, 107]",gelu,model_12,Float8WeightOnlyConfig,float8,8.0,False,False,pytorch_relative_model_size,0.25,pytorch,model_size,True,3.0
350,596,64,107,767,"[596, 64, 107]",gelu,model_12,Int8DynamicActivationInt8WeightConfig,int8,8.0,True,False,pytorch_relative_model_size,0.25,pytorch,model_size,True,3.0
351,596,64,107,767,"[596, 64, 107]",gelu,model_12,Int8WeightOnlyConfig,int8,8.0,False,False,pytorch_relative_median_latency,2.7634552054037163,pytorch,median_latency,True,3.0
352,596,64,107,767,"[596, 64, 107]",gelu,model_12,Float8WeightOnlyConfig,float8,8.0,False,False,pytorch_relative_median_latency,3.344234513593423,pytorch,median_latency,True,3.0
353,596,64,107,767,"[596, 64, 107]",gelu,model_12,Int8DynamicActivationInt8WeightConfig,int8,8.0,True,False,pytorch_relative_median_latency,57.567017619768755,pytorch,median_latency,True,3.0
354,596,64,107,767,"[596, 64, 107]",gelu,model_12,Int8WeightOnlyConfig,int8,8.0,False,False,pytorch_relative_p95_latency,2.8821975747384867,pytorch,p95_latency,True,3.0
355,596,64,107,767,"[596, 64, 107]",gelu,model_12,Float8WeightOnlyConfig,float8,8.0,False,False,pytorch_relative_p95_latency,3.4860266278133922,pytorch,p95_latency,True,3.0
356,596,64,107,767,"[596, 64, 107]",gelu,model_12,Int8DynamicActivationInt8WeightConfig,int8,8.0,True,False,pytorch_relative_p95_latency,54.36803562348393,pytorch,p95_latency,True,3.0
357,596,64,107,767,"[596, 64, 107]",gelu,model_12,Int8WeightOnlyConfig,int8,8.0,False,False,pytorch_relative_p99_latency,2.8020437454342315,pytorch,p99_latency,True,3.0
358,596,64,107,767,"[596, 64, 107]",gelu,model_12,Float8WeightOnlyConfig,float8,8.0,False,False,pytorch_relative_p99_latency,3.3841674186756046,pytorch,p99_latency,True,3.0
359,596,64,107,767,"[596, 64, 107]",gelu,model_12,Int8DynamicActivationInt8WeightConfig,int8,8.0,True,False,pytorch_relative_p99_latency,57.599337587555326,pytorch,p99_latency,True,3.0
360,517,303,32,852,"[517, 303, 32]",relu,model_13,Int8WeightOnlyConfig,int8,8.0,False,False,pytorch_quantized_MAE,8.179663370155772,pytorch,MAE,False,1.0
361,517,303,32,852,"[517, 303, 32]",relu,model_13,Float8WeightOnlyConfig,float8,8.0,False,False,pytorch_quantized_MAE,8.331345602127032,pytorch,MAE,False,1.0
362,517,303,32,852,"[517, 303, 32]",relu,model_13,Int8DynamicActivationInt8WeightConfig,int8,8.0,True,False,pytorch_quantized_MAE,8.19051415989787,pytorch,MAE,False,1.0
363,517,303,32,852,"[517, 303, 32]",relu,model_13,Int8WeightOnlyConfig,int8,8.0,False,False,pytorch_relative_MAE,1.0015422772955072,pytorch,MAE,True,1.0
364,517,303,32,852,"[517, 303, 32]",relu,model_13,Float8WeightOnlyConfig,float8,8.0,False,False,pytorch_relative_MAE,1.0201147002864142,pytorch,MAE,True,1.0
365,517,303,32,852,"[517, 303, 32]",relu,model_13,Int8DynamicActivationInt8WeightConfig,int8,8.0,True,False,pytorch_relative_MAE,1.0028708802192419,pytorch,MAE,True,1.0
366,517,303,32,852,"[517, 303, 32]",relu,model_13,Int8WeightOnlyConfig,int8,8.0,False,False,pytorch_quantized_model_size,209109.0,pytorch,model_size,False,1.0
367,517,303,32,852,"[517, 303, 32]",relu,model_13,Float8WeightOnlyConfig,float8,8.0,False,False,pytorch_quantized_model_size,209109.0,pytorch,model_size,False,1.0
368,517,303,32,852,"[517, 303, 32]",relu,model_13,Int8DynamicActivationInt8WeightConfig,int8,8.0,True,False,pytorch_quantized_model_size,209109.0,pytorch,model_size,False,1.0
369,517,303,32,852,"[517, 303, 32]",relu,model_13,Int8WeightOnlyConfig,int8,8.0,False,False,pytorch_quantized_median_latency,0.0004839245229959488,pytorch,median_latency,False,1.0
370,517,303,32,852,"[517, 303, 32]",relu,model_13,Float8WeightOnlyConfig,float8,8.0,False,False,pytorch_quantized_median_latency,0.0005397479981184006,pytorch,median_latency,False,1.0
371,517,303,32,852,"[517, 303, 32]",relu,model_13,Int8DynamicActivationInt8WeightConfig,int8,8.0,True,False,pytorch_quantized_median_latency,0.011031044647097588,pytorch,median_latency,False,1.0
372,517,303,32,852,"[517, 303, 32]",relu,model_13,Int8WeightOnlyConfig,int8,8.0,False,False,pytorch_quantized_p95_latency,0.0004933105781674385,pytorch,p95_latency,False,1.0
373,517,303,32,852,"[517, 303, 32]",relu,model_13,Float8WeightOnlyConfig,float8,8.0,False,False,pytorch_quantized_p95_latency,0.0005475681275129319,pytorch,p95_latency,False,1.0
374,517,303,32,852,"[517, 303, 32]",relu,model_13,Int8DynamicActivationInt8WeightConfig,int8,8.0,True,False,pytorch_quantized_p95_latency,0.011214392632246018,pytorch,p95_latency,False,1.0
375,517,303,32,852,"[517, 303, 32]",relu,model_13,Int8WeightOnlyConfig,int8,8.0,False,False,pytorch_quantized_p99_latency,0.0004975326359272003,pytorch,p99_latency,False,1.0
376,517,303,32,852,"[517, 303, 32]",relu,model_13,Float8WeightOnlyConfig,float8,8.0,False,False,pytorch_quantized_p99_latency,0.0005592153966426849,pytorch,p99_latency,False,1.0
377,517,303,32,852,"[517, 303, 32]",relu,model_13,Int8DynamicActivationInt8WeightConfig,int8,8.0,True,False,pytorch_quantized_p99_latency,0.012344352379441259,pytorch,p99_latency,False,1.0
378,517,303,32,852,"[517, 303, 32]",relu,model_13,Int8WeightOnlyConfig,int8,8.0,False,False,pytorch_relative_model_size,0.25,pytorch,model_size,True,1.0
379,517,303,32,852,"[517, 303, 32]",relu,model_13,Float8WeightOnlyConfig,float8,8.0,False,False,pytorch_relative_model_size,0.25,pytorch,model_size,True,1.0
380,517,303,32,852,"[517, 303, 32]",relu,model_13,Int8DynamicActivationInt8WeightConfig,int8,8.0,True,False,pytorch_relative_model_size,0.25,pytorch,model_size,True,1.0
381,517,303,32,852,"[517, 303, 32]",relu,model_13,Int8WeightOnlyConfig,int8,8.0,False,False,pytorch_relative_median_latency,3.0627269297873343,pytorch,median_latency,True,1.0
382,517,303,32,852,"[517, 303, 32]",relu,model_13,Float8WeightOnlyConfig,float8,8.0,False,False,pytorch_relative_median_latency,3.4160300844060925,pytorch,median_latency,True,1.0
383,517,303,32,852,"[517, 303, 32]",relu,model_13,Int8DynamicActivationInt8WeightConfig,int8,8.0,True,False,pytorch_relative_median_latency,69.81476635073325,pytorch,median_latency,True,1.0
384,517,303,32,852,"[517, 303, 32]",relu,model_13,Int8WeightOnlyConfig,int8,8.0,False,False,pytorch_relative_p95_latency,2.91993671583868,pytorch,p95_latency,True,1.0
385,517,303,32,852,"[517, 303, 32]",relu,model_13,Float8WeightOnlyConfig,float8,8.0,False,False,pytorch_relative_p95_latency,3.2410906043968164,pytorch,p95_latency,True,1.0
386,517,303,32,852,"[517, 303, 32]",relu,model_13,Int8DynamicActivationInt8WeightConfig,int8,8.0,True,False,pytorch_relative_p95_latency,66.37870388745563,pytorch,p95_latency,True,1.0
387,517,303,32,852,"[517, 303, 32]",relu,model_13,Int8WeightOnlyConfig,int8,8.0,False,False,pytorch_relative_p99_latency,2.896064439002632,pytorch,p99_latency,True,1.0
388,517,303,32,852,"[517, 303, 32]",relu,model_13,Float8WeightOnlyConfig,float8,8.0,False,False,pytorch_relative_p99_latency,3.255110734477733,pytorch,p99_latency,True,1.0
389,517,303,32,852,"[517, 303, 32]",relu,model_13,Int8DynamicActivationInt8WeightConfig,int8,8.0,True,False,pytorch_relative_p99_latency,71.85466312575393,pytorch,p99_latency,True,1.0
390,517,303,32,852,"[517, 303, 32]",relu,model_13,Int8WeightOnlyConfig,int8,8.0,False,False,pytorch_quantized_MAE,8.352580152136586,pytorch,MAE,False,2.0
391,517,303,32,852,"[517, 303, 32]",relu,model_13,Float8WeightOnlyConfig,float8,8.0,False,False,pytorch_quantized_MAE,8.517492866695545,pytorch,MAE,False,2.0
392,517,303,32,852,"[517, 303, 32]",relu,model_13,Int8DynamicActivationInt8WeightConfig,int8,8.0,True,False,pytorch_quantized_MAE,8.367994600943765,pytorch,MAE,False,2.0
393,517,303,32,852,"[517, 303, 32]",relu,model_13,Int8WeightOnlyConfig,int8,8.0,False,False,pytorch_relative_MAE,1.0014875306101363,pytorch,MAE,True,2.0
394,517,303,32,852,"[517, 303, 32]",relu,model_13,Float8WeightOnlyConfig,float8,8.0,False,False,pytorch_relative_MAE,1.02126082512053,pytorch,MAE,True,2.0
395,517,303,32,852,"[517, 303, 32]",relu,model_13,Int8DynamicActivationInt8WeightConfig,int8,8.0,True,False,pytorch_relative_MAE,1.003335747327658,pytorch,MAE,True,2.0
396,517,303,32,852,"[517, 303, 32]",relu,model_13,Int8WeightOnlyConfig,int8,8.0,False,False,pytorch_quantized_model_size,209109.0,pytorch,model_size,False,2.0
397,517,303,32,852,"[517, 303, 32]",relu,model_13,Float8WeightOnlyConfig,float8,8.0,False,False,pytorch_quantized_model_size,209109.0,pytorch,model_size,False,2.0
398,517,303,32,852,"[517, 303, 32]",relu,model_13,Int8DynamicActivationInt8WeightConfig,int8,8.0,True,False,pytorch_quantized_model_size,209109.0,pytorch,model_size,False,2.0
399,517,303,32,852,"[517, 303, 32]",relu,model_13,Int8WeightOnlyConfig,int8,8.0,False,False,pytorch_quantized_median_latency,0.0004719998687505722,pytorch,median_latency,False,2.0
400,517,303,32,852,"[517, 303, 32]",relu,model_13,Float8WeightOnlyConfig,float8,8.0,False,False,pytorch_quantized_median_latency,0.0005238726735115051,pytorch,median_latency,False,2.0
401,517,303,32,852,"[517, 303, 32]",relu,model_13,Int8DynamicActivationInt8WeightConfig,int8,8.0,True,False,pytorch_quantized_median_latency,0.011085251346230507,pytorch,median_latency,False,2.0
402,517,303,32,852,"[517, 303, 32]",relu,model_13,Int8WeightOnlyConfig,int8,8.0,False,False,pytorch_quantized_p95_latency,0.00048193298280239103,pytorch,p95_latency,False,2.0
403,517,303,32,852,"[517, 303, 32]",relu,model_13,Float8WeightOnlyConfig,float8,8.0,False,False,pytorch_quantized_p95_latency,0.0005317410454154014,pytorch,p95_latency,False,2.0
404,517,303,32,852,"[517, 303, 32]",relu,model_13,Int8DynamicActivationInt8WeightConfig,int8,8.0,True,False,pytorch_quantized_p95_latency,0.01237183827906847,pytorch,p95_latency,False,2.0
405,517,303,32,852,"[517, 303, 32]",relu,model_13,Int8WeightOnlyConfig,int8,8.0,False,False,pytorch_quantized_p99_latency,0.0004864835366606712,pytorch,p99_latency,False,2.0
406,517,303,32,852,"[517, 303, 32]",relu,model_13,Float8WeightOnlyConfig,float8,8.0,False,False,pytorch_quantized_p99_latency,0.0005446860939264297,pytorch,p99_latency,False,2.0
407,517,303,32,852,"[517, 303, 32]",relu,model_13,Int8DynamicActivationInt8WeightConfig,int8,8.0,True,False,pytorch_quantized_p99_latency,0.01300833523273468,pytorch,p99_latency,False,2.0
408,517,303,32,852,"[517, 303, 32]",relu,model_13,Int8WeightOnlyConfig,int8,8.0,False,False,pytorch_relative_model_size,0.25,pytorch,model_size,True,2.0
409,517,303,32,852,"[517, 303, 32]",relu,model_13,Float8WeightOnlyConfig,float8,8.0,False,False,pytorch_relative_model_size,0.25,pytorch,model_size,True,2.0
410,517,303,32,852,"[517, 303, 32]",relu,model_13,Int8DynamicActivationInt8WeightConfig,int8,8.0,True,False,pytorch_relative_model_size,0.25,pytorch,model_size,True,2.0
411,517,303,32,852,"[517, 303, 32]",relu,model_13,Int8WeightOnlyConfig,int8,8.0,False,False,pytorch_relative_median_latency,2.956550653956994,pytorch,median_latency,True,2.0
412,517,303,32,852,"[517, 303, 32]",relu,model_13,Float8WeightOnlyConfig,float8,8.0,False,False,pytorch_relative_median_latency,3.2814756910009453,pytorch,median_latency,True,2.0
413,517,303,32,852,"[517, 303, 32]",relu,model_13,Int8DynamicActivationInt8WeightConfig,int8,8.0,True,False,pytorch_relative_median_latency,69.43668692902729,pytorch,median_latency,True,2.0
414,517,303,32,852,"[517, 303, 32]",relu,model_13,Int8WeightOnlyConfig,int8,8.0,False,False,pytorch_relative_p95_latency,2.8157122646642723,pytorch,p95_latency,True,2.0
415,517,303,32,852,"[517, 303, 32]",relu,model_13,Float8WeightOnlyConfig,float8,8.0,False,False,pytorch_relative_p95_latency,3.1067178147785395,pytorch,p95_latency,True,2.0
416,517,303,32,852,"[517, 303, 32]",relu,model_13,Int8DynamicActivationInt8WeightConfig,int8,8.0,True,False,pytorch_relative_p95_latency,72.28294809010774,pytorch,p95_latency,True,2.0
417,517,303,32,852,"[517, 303, 32]",relu,model_13,Int8WeightOnlyConfig,int8,8.0,False,False,pytorch_relative_p99_latency,2.6157095486133732,pytorch,p99_latency,True,2.0
418,517,303,32,852,"[517, 303, 32]",relu,model_13,Float8WeightOnlyConfig,float8,8.0,False,False,pytorch_relative_p99_latency,2.9286512482210854,pytorch,p99_latency,True,2.0
419,517,303,32,852,"[517, 303, 32]",relu,model_13,Int8DynamicActivationInt8WeightConfig,int8,8.0,True,False,pytorch_relative_p99_latency,69.94281227560117,pytorch,p99_latency,True,2.0
420,517,303,32,852,"[517, 303, 32]",relu,model_13,Int8WeightOnlyConfig,int8,8.0,False,False,pytorch_quantized_MAE,7.993339384263793,pytorch,MAE,False,3.0
421,517,303,32,852,"[517, 303, 32]",relu,model_13,Float8WeightOnlyConfig,float8,8.0,False,False,pytorch_quantized_MAE,8.148907246055854,pytorch,MAE,False,3.0
422,517,303,32,852,"[517, 303, 32]",relu,model_13,Int8DynamicActivationInt8WeightConfig,int8,8.0,True,False,pytorch_quantized_MAE,8.007753190967348,pytorch,MAE,False,3.0
423,517,303,32,852,"[517, 303, 32]",relu,model_13,Int8WeightOnlyConfig,int8,8.0,False,False,pytorch_relative_MAE,1.0015384490301327,pytorch,MAE,True,3.0
424,517,303,32,852,"[517, 303, 32]",relu,model_13,Float8WeightOnlyConfig,float8,8.0,False,False,pytorch_relative_MAE,1.0210305771042747,pytorch,MAE,True,3.0
425,517,303,32,852,"[517, 303, 32]",relu,model_13,Int8DynamicActivationInt8WeightConfig,int8,8.0,True,False,pytorch_relative_MAE,1.00334445036656,pytorch,MAE,True,3.0
426,517,303,32,852,"[517, 303, 32]",relu,model_13,Int8WeightOnlyConfig,int8,8.0,False,False,pytorch_quantized_model_size,209109.0,pytorch,model_size,False,3.0
427,517,303,32,852,"[517, 303, 32]",relu,model_13,Float8WeightOnlyConfig,float8,8.0,False,False,pytorch_quantized_model_size,209109.0,pytorch,model_size,False,3.0
428,517,303,32,852,"[517, 303, 32]",relu,model_13,Int8DynamicActivationInt8WeightConfig,int8,8.0,True,False,pytorch_quantized_model_size,209109.0,pytorch,model_size,False,3.0
429,517,303,32,852,"[517, 303, 32]",relu,model_13,Int8WeightOnlyConfig,int8,8.0,False,False,pytorch_quantized_median_latency,0.0004271212965250015,pytorch,median_latency,False,3.0
430,517,303,32,852,"[517, 303, 32]",relu,model_13,Float8WeightOnlyConfig,float8,8.0,False,False,pytorch_quantized_median_latency,0.0005216635763645172,pytorch,median_latency,False,3.0
431,517,303,32,852,"[517, 303, 32]",relu,model_13,Int8DynamicActivationInt8WeightConfig,int8,8.0,True,False,pytorch_quantized_median_latency,0.010859446600079536,pytorch,median_latency,False,3.0
432,517,303,32,852,"[517, 303, 32]",relu,model_13,Int8WeightOnlyConfig,int8,8.0,False,False,pytorch_quantized_p95_latency,0.0004386689513921738,pytorch,p95_latency,False,3.0
433,517,303,32,852,"[517, 303, 32]",relu,model_13,Float8WeightOnlyConfig,float8,8.0,False,False,pytorch_quantized_p95_latency,0.0005301445722579956,pytorch,p95_latency,False,3.0
434,517,303,32,852,"[517, 303, 32]",relu,model_13,Int8DynamicActivationInt8WeightConfig,int8,8.0,True,False,pytorch_quantized_p95_latency,0.011026806943118571,pytorch,p95_latency,False,3.0
435,517,303,32,852,"[517, 303, 32]",relu,model_13,Int8WeightOnlyConfig,int8,8.0,False,False,pytorch_quantized_p99_latency,0.0004465975612401962,pytorch,p99_latency,False,3.0
436,517,303,32,852,"[517, 303, 32]",relu,model_13,Float8WeightOnlyConfig,float8,8.0,False,False,pytorch_quantized_p99_latency,0.0005551786720752716,pytorch,p99_latency,False,3.0
437,517,303,32,852,"[517, 303, 32]",relu,model_13,Int8DynamicActivationInt8WeightConfig,int8,8.0,True,False,pytorch_quantized_p99_latency,0.011364791207015513,pytorch,p99_latency,False,3.0
438,517,303,32,852,"[517, 303, 32]",relu,model_13,Int8WeightOnlyConfig,int8,8.0,False,False,pytorch_relative_model_size,0.25,pytorch,model_size,True,3.0
439,517,303,32,852,"[517, 303, 32]",relu,model_13,Float8WeightOnlyConfig,float8,8.0,False,False,pytorch_relative_model_size,0.25,pytorch,model_size,True,3.0
440,517,303,32,852,"[517, 303, 32]",relu,model_13,Int8DynamicActivationInt8WeightConfig,int8,8.0,True,False,pytorch_relative_model_size,0.25,pytorch,model_size,True,3.0
441,517,303,32,852,"[517, 303, 32]",relu,model_13,Int8WeightOnlyConfig,int8,8.0,False,False,pytorch_relative_median_latency,2.622412570618238,pytorch,median_latency,True,3.0
442,517,303,32,852,"[517, 303, 32]",relu,model_13,Float8WeightOnlyConfig,float8,8.0,False,False,pytorch_relative_median_latency,3.2028773358340388,pytorch,median_latency,True,3.0
443,517,303,32,852,"[517, 303, 32]",relu,model_13,Int8DynamicActivationInt8WeightConfig,int8,8.0,True,False,pytorch_relative_median_latency,66.6741497221015,pytorch,median_latency,True,3.0
444,517,303,32,852,"[517, 303, 32]",relu,model_13,Int8WeightOnlyConfig,int8,8.0,False,False,pytorch_relative_p95_latency,2.5078010529185266,pytorch,p95_latency,True,3.0
445,517,303,32,852,"[517, 303, 32]",relu,model_13,Float8WeightOnlyConfig,float8,8.0,False,False,pytorch_relative_p95_latency,3.0307527174839,pytorch,p95_latency,True,3.0
446,517,303,32,852,"[517, 303, 32]",relu,model_13,Int8DynamicActivationInt8WeightConfig,int8,8.0,True,False,pytorch_relative_p95_latency,63.038512241455685,pytorch,p95_latency,True,3.0
447,517,303,32,852,"[517, 303, 32]",relu,model_13,Int8WeightOnlyConfig,int8,8.0,False,False,pytorch_relative_p99_latency,2.4596967753398857,pytorch,p99_latency,True,3.0
448,517,303,32,852,"[517, 303, 32]",relu,model_13,Float8WeightOnlyConfig,float8,8.0,False,False,pytorch_relative_p99_latency,3.0577220028896934,pytorch,p99_latency,True,3.0
449,517,303,32,852,"[517, 303, 32]",relu,model_13,Int8DynamicActivationInt8WeightConfig,int8,8.0,True,False,pytorch_relative_p99_latency,62.59313240914119,pytorch,p99_latency,True,3.0
450,128,93,168,389,"[128, 93, 168]",elu,model_14,,,,,,,,,,,
451,310,396,75,781,"[310, 396, 75]",celu,model_15,,,,,,,,,,,
452,708,216,222,1146,"[708, 216, 222]",relu,model_16,,,,,,,,,,,
453,696,415,47,1158,"[696, 415, 47]",relu,model_17,,,,,,,,,,,
454,295,204,138,637,"[295, 204, 138]",celu,model_18,,,,,,,,,,,
455,128,287,104,519,"[128, 287, 104]",gelu,model_19,,,,,,,,,,,
456,235,64,209,508,"[235, 64, 209]",celu,model_2,Int8WeightOnlyConfig,int8,8.0,False,False,pytorch_quantized_MAE,9.487930369623854,pytorch,MAE,False,1.0
457,235,64,209,508,"[235, 64, 209]",celu,model_2,Float8WeightOnlyConfig,float8,8.0,False,False,pytorch_quantized_MAE,9.478229397103568,pytorch,MAE,False,1.0
458,235,64,209,508,"[235, 64, 209]",celu,model_2,Int8DynamicActivationInt8WeightConfig,int8,8.0,True,False,pytorch_quantized_MAE,9.493909450039366,pytorch,MAE,False,1.0
459,235,64,209,508,"[235, 64, 209]",celu,model_2,Int8WeightOnlyConfig,int8,8.0,False,False,pytorch_relative_MAE,1.000984438832331,pytorch,MAE,True,1.0
460,235,64,209,508,"[235, 64, 209]",celu,model_2,Float8WeightOnlyConfig,float8,8.0,False,False,pytorch_relative_MAE,0.9999609782718031,pytorch,MAE,True,1.0
461,235,64,209,508,"[235, 64, 209]",celu,model_2,Int8DynamicActivationInt8WeightConfig,int8,8.0,True,False,pytorch_relative_MAE,1.0016152367219968,pytorch,MAE,True,1.0
462,235,64,209,508,"[235, 64, 209]",celu,model_2,Int8WeightOnlyConfig,int8,8.0,False,False,pytorch_quantized_model_size,48169.0,pytorch,model_size,False,1.0
463,235,64,209,508,"[235, 64, 209]",celu,model_2,Float8WeightOnlyConfig,float8,8.0,False,False,pytorch_quantized_model_size,48169.0,pytorch,model_size,False,1.0
464,235,64,209,508,"[235, 64, 209]",celu,model_2,Int8DynamicActivationInt8WeightConfig,int8,8.0,True,False,pytorch_quantized_model_size,48169.0,pytorch,model_size,False,1.0
465,235,64,209,508,"[235, 64, 209]",celu,model_2,Int8WeightOnlyConfig,int8,8.0,False,False,pytorch_quantized_median_latency,0.0004294048994779587,pytorch,median_latency,False,1.0
466,235,64,209,508,"[235, 64, 209]",celu,model_2,Float8WeightOnlyConfig,float8,8.0,False,False,pytorch_quantized_median_latency,0.0005206875503063202,pytorch,median_latency,False,1.0
467,235,64,209,508,"[235, 64, 209]",celu,model_2,Int8DynamicActivationInt8WeightConfig,int8,8.0,True,False,pytorch_quantized_median_latency,0.008006950840353966,pytorch,median_latency,False,1.0
468,235,64,209,508,"[235, 64, 209]",celu,model_2,Int8WeightOnlyConfig,int8,8.0,False,False,pytorch_quantized_p95_latency,0.0004419621080160141,pytorch,p95_latency,False,1.0
469,235,64,209,508,"[235, 64, 209]",celu,model_2,Float8WeightOnlyConfig,float8,8.0,False,False,pytorch_quantized_p95_latency,0.0005305495113134384,pytorch,p95_latency,False,1.0
470,235,64,209,508,"[235, 64, 209]",celu,model_2,Int8DynamicActivationInt8WeightConfig,int8,8.0,True,False,pytorch_quantized_p95_latency,0.00821367334574461,pytorch,p95_latency,False,1.0
471,235,64,209,508,"[235, 64, 209]",celu,model_2,Int8WeightOnlyConfig,int8,8.0,False,False,pytorch_quantized_p99_latency,0.0004517592117190359,pytorch,p99_latency,False,1.0
472,235,64,209,508,"[235, 64, 209]",celu,model_2,Float8WeightOnlyConfig,float8,8.0,False,False,pytorch_quantized_p99_latency,0.0005556859076023101,pytorch,p99_latency,False,1.0
473,235,64,209,508,"[235, 64, 209]",celu,model_2,Int8DynamicActivationInt8WeightConfig,int8,8.0,True,False,pytorch_quantized_p99_latency,0.009399268589913842,pytorch,p99_latency,False,1.0
474,235,64,209,508,"[235, 64, 209]",celu,model_2,Int8WeightOnlyConfig,int8,8.0,False,False,pytorch_relative_model_size,0.25,pytorch,model_size,True,1.0
475,235,64,209,508,"[235, 64, 209]",celu,model_2,Float8WeightOnlyConfig,float8,8.0,False,False,pytorch_relative_model_size,0.25,pytorch,model_size,True,1.0
476,235,64,209,508,"[235, 64, 209]",celu,model_2,Int8DynamicActivationInt8WeightConfig,int8,8.0,True,False,pytorch_relative_model_size,0.25,pytorch,model_size,True,1.0
477,235,64,209,508,"[235, 64, 209]",celu,model_2,Int8WeightOnlyConfig,int8,8.0,False,False,pytorch_relative_median_latency,2.684729064039409,pytorch,median_latency,True,1.0
478,235,64,209,508,"[235, 64, 209]",celu,model_2,Float8WeightOnlyConfig,float8,8.0,False,False,pytorch_relative_median_latency,3.255447251045197,pytorch,median_latency,True,1.0
479,235,64,209,508,"[235, 64, 209]",celu,model_2,Int8DynamicActivationInt8WeightConfig,int8,8.0,True,False,pytorch_relative_median_latency,50.06112799729821,pytorch,median_latency,True,1.0
480,235,64,209,508,"[235, 64, 209]",celu,model_2,Int8WeightOnlyConfig,int8,8.0,False,False,pytorch_relative_p95_latency,2.5921075486600667,pytorch,p95_latency,True,1.0
481,235,64,209,508,"[235, 64, 209]",celu,model_2,Float8WeightOnlyConfig,float8,8.0,False,False,pytorch_relative_p95_latency,3.1116726259339007,pytorch,p95_latency,True,1.0
482,235,64,209,508,"[235, 64, 209]",celu,model_2,Int8DynamicActivationInt8WeightConfig,int8,8.0,True,False,pytorch_relative_p95_latency,48.17319017982676,pytorch,p95_latency,True,1.0
483,235,64,209,508,"[235, 64, 209]",celu,model_2,Int8WeightOnlyConfig,int8,8.0,False,False,pytorch_relative_p99_latency,2.6119556423994754,pytorch,p99_latency,True,1.0
484,235,64,209,508,"[235, 64, 209]",celu,model_2,Float8WeightOnlyConfig,float8,8.0,False,False,pytorch_relative_p99_latency,3.21283308477707,pytorch,p99_latency,True,1.0
485,235,64,209,508,"[235, 64, 209]",celu,model_2,Int8DynamicActivationInt8WeightConfig,int8,8.0,True,False,pytorch_relative_p99_latency,54.34415500778405,pytorch,p99_latency,True,1.0
486,235,64,209,508,"[235, 64, 209]",celu,model_2,Int8WeightOnlyConfig,int8,8.0,False,False,pytorch_quantized_MAE,9.603367199902252,pytorch,MAE,False,2.0
487,235,64,209,508,"[235, 64, 209]",celu,model_2,Float8WeightOnlyConfig,float8,8.0,False,False,pytorch_quantized_MAE,9.593694290347742,pytorch,MAE,False,2.0
488,235,64,209,508,"[235, 64, 209]",celu,model_2,Int8DynamicActivationInt8WeightConfig,int8,8.0,True,False,pytorch_quantized_MAE,9.612254389478482,pytorch,MAE,False,2.0
489,235,64,209,508,"[235, 64, 209]",celu,model_2,Int8WeightOnlyConfig,int8,8.0,False,False,pytorch_relative_MAE,1.0010451793478694,pytorch,MAE,True,2.0
490,235,64,209,508,"[235, 64, 209]",celu,model_2,Float8WeightOnlyConfig,float8,8.0,False,False,pytorch_relative_MAE,1.0000368851445707,pytorch,MAE,True,2.0
491,235,64,209,508,"[235, 64, 209]",celu,model_2,Int8DynamicActivationInt8WeightConfig,int8,8.0,True,False,pytorch_relative_MAE,1.0019715709038777,pytorch,MAE,True,2.0
492,235,64,209,508,"[235, 64, 209]",celu,model_2,Int8WeightOnlyConfig,int8,8.0,False,False,pytorch_quantized_model_size,48169.0,pytorch,model_size,False,2.0
493,235,64,209,508,"[235, 64, 209]",celu,model_2,Float8WeightOnlyConfig,float8,8.0,False,False,pytorch_quantized_model_size,48169.0,pytorch,model_size,False,2.0
494,235,64,209,508,"[235, 64, 209]",celu,model_2,Int8DynamicActivationInt8WeightConfig,int8,8.0,True,False,pytorch_quantized_model_size,48169.0,pytorch,model_size,False,2.0
495,235,64,209,508,"[235, 64, 209]",celu,model_2,Int8WeightOnlyConfig,int8,8.0,False,False,pytorch_quantized_median_latency,0.00043514929711818695,pytorch,median_latency,False,2.0
496,235,64,209,508,"[235, 64, 209]",celu,model_2,Float8WeightOnlyConfig,float8,8.0,False,False,pytorch_quantized_median_latency,0.0005305074155330658,pytorch,median_latency,False,2.0
497,235,64,209,508,"[235, 64, 209]",celu,model_2,Int8DynamicActivationInt8WeightConfig,int8,8.0,True,False,pytorch_quantized_median_latency,0.007882243022322655,pytorch,median_latency,False,2.0
498,235,64,209,508,"[235, 64, 209]",celu,model_2,Int8WeightOnlyConfig,int8,8.0,False,False,pytorch_quantized_p95_latency,0.000485650822520256,pytorch,p95_latency,False,2.0
499,235,64,209,508,"[235, 64, 209]",celu,model_2,Float8WeightOnlyConfig,float8,8.0,False,False,pytorch_quantized_p95_latency,0.0005940718576312064,pytorch,p95_latency,False,2.0
500,235,64,209,508,"[235, 64, 209]",celu,model_2,Int8DynamicActivationInt8WeightConfig,int8,8.0,True,False,pytorch_quantized_p95_latency,0.008057063817977904,pytorch,p95_latency,False,2.0
501,235,64,209,508,"[235, 64, 209]",celu,model_2,Int8WeightOnlyConfig,int8,8.0,False,False,pytorch_quantized_p99_latency,0.0004998311027884483,pytorch,p99_latency,False,2.0
502,235,64,209,508,"[235, 64, 209]",celu,model_2,Float8WeightOnlyConfig,float8,8.0,False,False,pytorch_quantized_p99_latency,0.0006126555800437928,pytorch,p99_latency,False,2.0
503,235,64,209,508,"[235, 64, 209]",celu,model_2,Int8DynamicActivationInt8WeightConfig,int8,8.0,True,False,pytorch_quantized_p99_latency,0.009224234372377396,pytorch,p99_latency,False,2.0
504,235,64,209,508,"[235, 64, 209]",celu,model_2,Int8WeightOnlyConfig,int8,8.0,False,False,pytorch_relative_model_size,0.25,pytorch,model_size,True,2.0
505,235,64,209,508,"[235, 64, 209]",celu,model_2,Float8WeightOnlyConfig,float8,8.0,False,False,pytorch_relative_model_size,0.25,pytorch,model_size,True,2.0
506,235,64,209,508,"[235, 64, 209]",celu,model_2,Int8DynamicActivationInt8WeightConfig,int8,8.0,True,False,pytorch_relative_model_size,0.25,pytorch,model_size,True,2.0
507,235,64,209,508,"[235, 64, 209]",celu,model_2,Int8WeightOnlyConfig,int8,8.0,False,False,pytorch_relative_median_latency,2.786585874971671,pytorch,median_latency,True,2.0
508,235,64,209,508,"[235, 64, 209]",celu,model_2,Float8WeightOnlyConfig,float8,8.0,False,False,pytorch_relative_median_latency,3.397235110989181,pytorch,median_latency,True,2.0
509,235,64,209,508,"[235, 64, 209]",celu,model_2,Int8DynamicActivationInt8WeightConfig,int8,8.0,True,False,pytorch_relative_median_latency,50.475887734532485,pytorch,median_latency,True,2.0
510,235,64,209,508,"[235, 64, 209]",celu,model_2,Int8WeightOnlyConfig,int8,8.0,False,False,pytorch_relative_p95_latency,2.896135069839771,pytorch,p95_latency,True,2.0
511,235,64,209,508,"[235, 64, 209]",celu,model_2,Float8WeightOnlyConfig,float8,8.0,False,False,pytorch_relative_p95_latency,3.542694176779317,pytorch,p95_latency,True,2.0
512,235,64,209,508,"[235, 64, 209]",celu,model_2,Int8DynamicActivationInt8WeightConfig,int8,8.0,True,False,pytorch_relative_p95_latency,48.04757657382466,pytorch,p95_latency,True,2.0
513,235,64,209,508,"[235, 64, 209]",celu,model_2,Int8WeightOnlyConfig,int8,8.0,False,False,pytorch_relative_p99_latency,2.9282277259400518,pytorch,p99_latency,True,2.0
514,235,64,209,508,"[235, 64, 209]",celu,model_2,Float8WeightOnlyConfig,float8,8.0,False,False,pytorch_relative_p99_latency,3.5892025244683916,pytorch,p99_latency,True,2.0
515,235,64,209,508,"[235, 64, 209]",celu,model_2,Int8DynamicActivationInt8WeightConfig,int8,8.0,True,False,pytorch_relative_p99_latency,54.03957194555955,pytorch,p99_latency,True,2.0
516,235,64,209,508,"[235, 64, 209]",celu,model_2,Int8WeightOnlyConfig,int8,8.0,False,False,pytorch_quantized_MAE,9.608931346760532,pytorch,MAE,False,3.0
517,235,64,209,508,"[235, 64, 209]",celu,model_2,Float8WeightOnlyConfig,float8,8.0,False,False,pytorch_quantized_MAE,9.600258024256968,pytorch,MAE,False,3.0
518,235,64,209,508,"[235, 64, 209]",celu,model_2,Int8DynamicActivationInt8WeightConfig,int8,8.0,True,False,pytorch_quantized_MAE,9.616441419858026,pytorch,MAE,False,3.0
519,235,64,209,508,"[235, 64, 209]",celu,model_2,Int8WeightOnlyConfig,int8,8.0,False,False,pytorch_relative_MAE,1.0010945095429096,pytorch,MAE,True,3.0
520,235,64,209,508,"[235, 64, 209]",celu,model_2,Float8WeightOnlyConfig,float8,8.0,False,False,pytorch_relative_MAE,1.0001908902719967,pytorch,MAE,True,3.0
521,235,64,209,508,"[235, 64, 209]",celu,model_2,Int8DynamicActivationInt8WeightConfig,int8,8.0,True,False,pytorch_relative_MAE,1.0018769371275027,pytorch,MAE,True,3.0
522,235,64,209,508,"[235, 64, 209]",celu,model_2,Int8WeightOnlyConfig,int8,8.0,False,False,pytorch_quantized_model_size,48169.0,pytorch,model_size,False,3.0
523,235,64,209,508,"[235, 64, 209]",celu,model_2,Float8WeightOnlyConfig,float8,8.0,False,False,pytorch_quantized_model_size,48169.0,pytorch,model_size,False,3.0
524,235,64,209,508,"[235, 64, 209]",celu,model_2,Int8DynamicActivationInt8WeightConfig,int8,8.0,True,False,pytorch_quantized_model_size,48169.0,pytorch,model_size,False,3.0
525,235,64,209,508,"[235, 64, 209]",celu,model_2,Int8WeightOnlyConfig,int8,8.0,False,False,pytorch_quantized_median_latency,0.0004249941557645798,pytorch,median_latency,False,3.0
526,235,64,209,508,"[235, 64, 209]",celu,model_2,Float8WeightOnlyConfig,float8,8.0,False,False,pytorch_quantized_median_latency,0.0005199946463108063,pytorch,median_latency,False,3.0
527,235,64,209,508,"[235, 64, 209]",celu,model_2,Int8DynamicActivationInt8WeightConfig,int8,8.0,True,False,pytorch_quantized_median_latency,0.007766736671328545,pytorch,median_latency,False,3.0
528,235,64,209,508,"[235, 64, 209]",celu,model_2,Int8WeightOnlyConfig,int8,8.0,False,False,pytorch_quantized_p95_latency,0.0004371484741568565,pytorch,p95_latency,False,3.0
529,235,64,209,508,"[235, 64, 209]",celu,model_2,Float8WeightOnlyConfig,float8,8.0,False,False,pytorch_quantized_p95_latency,0.0005278926342725754,pytorch,p95_latency,False,3.0
530,235,64,209,508,"[235, 64, 209]",celu,model_2,Int8DynamicActivationInt8WeightConfig,int8,8.0,True,False,pytorch_quantized_p95_latency,0.007858878932893276,pytorch,p95_latency,False,3.0
531,235,64,209,508,"[235, 64, 209]",celu,model_2,Int8WeightOnlyConfig,int8,8.0,False,False,pytorch_quantized_p99_latency,0.0004470498859882354,pytorch,p99_latency,False,3.0
532,235,64,209,508,"[235, 64, 209]",celu,model_2,Float8WeightOnlyConfig,float8,8.0,False,False,pytorch_quantized_p99_latency,0.0005329068377614021,pytorch,p99_latency,False,3.0
533,235,64,209,508,"[235, 64, 209]",celu,model_2,Int8DynamicActivationInt8WeightConfig,int8,8.0,True,False,pytorch_quantized_p99_latency,0.008339524492621417,pytorch,p99_latency,False,3.0
534,235,64,209,508,"[235, 64, 209]",celu,model_2,Int8WeightOnlyConfig,int8,8.0,False,False,pytorch_relative_model_size,0.25,pytorch,model_size,True,3.0
535,235,64,209,508,"[235, 64, 209]",celu,model_2,Float8WeightOnlyConfig,float8,8.0,False,False,pytorch_relative_model_size,0.25,pytorch,model_size,True,3.0
536,235,64,209,508,"[235, 64, 209]",celu,model_2,Int8DynamicActivationInt8WeightConfig,int8,8.0,True,False,pytorch_relative_model_size,0.25,pytorch,model_size,True,3.0
537,235,64,209,508,"[235, 64, 209]",celu,model_2,Int8WeightOnlyConfig,int8,8.0,False,False,pytorch_relative_median_latency,2.7826601297624274,pytorch,median_latency,True,3.0
538,235,64,209,508,"[235, 64, 209]",celu,model_2,Float8WeightOnlyConfig,float8,8.0,False,False,pytorch_relative_median_latency,3.4046782769891215,pytorch,median_latency,True,3.0
539,235,64,209,508,"[235, 64, 209]",celu,model_2,Int8DynamicActivationInt8WeightConfig,int8,8.0,True,False,pytorch_relative_median_latency,50.85290745890043,pytorch,median_latency,True,3.0
540,235,64,209,508,"[235, 64, 209]",celu,model_2,Int8WeightOnlyConfig,int8,8.0,False,False,pytorch_relative_p95_latency,2.6579481145163606,pytorch,p95_latency,True,3.0
541,235,64,209,508,"[235, 64, 209]",celu,model_2,Float8WeightOnlyConfig,float8,8.0,False,False,pytorch_relative_p95_latency,3.209690333788986,pytorch,p95_latency,True,3.0
542,235,64,209,508,"[235, 64, 209]",celu,model_2,Int8DynamicActivationInt8WeightConfig,int8,8.0,True,False,pytorch_relative_p95_latency,47.7835190484981,pytorch,p95_latency,True,3.0
543,235,64,209,508,"[235, 64, 209]",celu,model_2,Int8WeightOnlyConfig,int8,8.0,False,False,pytorch_relative_p99_latency,2.6732000446409376,pytorch,p99_latency,True,3.0
544,235,64,209,508,"[235, 64, 209]",celu,model_2,Float8WeightOnlyConfig,float8,8.0,False,False,pytorch_relative_p99_latency,3.186594219444069,pytorch,p99_latency,True,3.0
545,235,64,209,508,"[235, 64, 209]",celu,model_2,Int8DynamicActivationInt8WeightConfig,int8,8.0,True,False,pytorch_relative_p99_latency,49.86740394011964,pytorch,p99_latency,True,3.0
546,557,102,196,855,"[557, 102, 196]",relu,model_20,,,,,,,,,,,
547,583,233,155,971,"[583, 233, 155]",celu,model_21,,,,,,,,,,,
548,182,64,32,278,"[182, 64, 32]",celu,model_22,,,,,,,,,,,
549,385,354,214,953,"[385, 354, 214]",elu,model_23,,,,,,,,,,,
550,895,146,80,1121,"[895, 146, 80]",gelu,model_24,,,,,,,,,,,
551,800,332,197,1329,"[800, 332, 197]",leaky_relu,model_25,,,,,,,,,,,
552,413,64,63,540,"[413, 64, 63]",celu,model_26,,,,,,,,,,,
553,168,427,142,737,"[168, 427, 142]",gelu,model_27,,,,,,,,,,,
554,663,185,32,880,"[663, 185, 32]",gelu,model_28,,,,,,,,,,,
555,465,372,88,925,"[465, 372, 88]",elu,model_29,,,,,,,,,,,
556,128,385,32,545,"[128, 385, 32]",relu,model_3,Int8WeightOnlyConfig,int8,8.0,False,False,pytorch_quantized_MAE,8.514401095830822,pytorch,MAE,False,1.0
557,128,385,32,545,"[128, 385, 32]",relu,model_3,Float8WeightOnlyConfig,float8,8.0,False,False,pytorch_quantized_MAE,8.764789003531886,pytorch,MAE,False,1.0
558,128,385,32,545,"[128, 385, 32]",relu,model_3,Int8DynamicActivationInt8WeightConfig,int8,8.0,True,False,pytorch_quantized_MAE,8.519818963582855,pytorch,MAE,False,1.0
559,128,385,32,545,"[128, 385, 32]",relu,model_3,Int8WeightOnlyConfig,int8,8.0,False,False,pytorch_relative_MAE,1.0006719651236418,pytorch,MAE,True,1.0
560,128,385,32,545,"[128, 385, 32]",relu,model_3,Float8WeightOnlyConfig,float8,8.0,False,False,pytorch_relative_MAE,1.0300993032091248,pytorch,MAE,True,1.0
561,128,385,32,545,"[128, 385, 32]",relu,model_3,Int8DynamicActivationInt8WeightConfig,int8,8.0,True,False,pytorch_relative_MAE,1.0013087108335499,pytorch,MAE,True,1.0
562,128,385,32,545,"[128, 385, 32]",relu,model_3,Int8WeightOnlyConfig,int8,8.0,False,False,pytorch_quantized_model_size,72546.0,pytorch,model_size,False,1.0
563,128,385,32,545,"[128, 385, 32]",relu,model_3,Float8WeightOnlyConfig,float8,8.0,False,False,pytorch_quantized_model_size,72546.0,pytorch,model_size,False,1.0
564,128,385,32,545,"[128, 385, 32]",relu,model_3,Int8DynamicActivationInt8WeightConfig,int8,8.0,True,False,pytorch_quantized_model_size,72546.0,pytorch,model_size,False,1.0
565,128,385,32,545,"[128, 385, 32]",relu,model_3,Int8WeightOnlyConfig,int8,8.0,False,False,pytorch_quantized_median_latency,0.0004251450300216675,pytorch,median_latency,False,1.0
566,128,385,32,545,"[128, 385, 32]",relu,model_3,Float8WeightOnlyConfig,float8,8.0,False,False,pytorch_quantized_median_latency,0.0005154237151145935,pytorch,median_latency,False,1.0
567,128,385,32,545,"[128, 385, 32]",relu,model_3,Int8DynamicActivationInt8WeightConfig,int8,8.0,True,False,pytorch_quantized_median_latency,0.00810827687382698,pytorch,median_latency,False,1.0
568,128,385,32,545,"[128, 385, 32]",relu,model_3,Int8WeightOnlyConfig,int8,8.0,False,False,pytorch_quantized_p95_latency,0.00047757253050804136,pytorch,p95_latency,False,1.0
569,128,385,32,545,"[128, 385, 32]",relu,model_3,Float8WeightOnlyConfig,float8,8.0,False,False,pytorch_quantized_p95_latency,0.0005241377279162407,pytorch,p95_latency,False,1.0
570,128,385,32,545,"[128, 385, 32]",relu,model_3,Int8DynamicActivationInt8WeightConfig,int8,8.0,True,False,pytorch_quantized_p95_latency,0.008504587784409523,pytorch,p95_latency,False,1.0
571,128,385,32,545,"[128, 385, 32]",relu,model_3,Int8WeightOnlyConfig,int8,8.0,False,False,pytorch_quantized_p99_latency,0.00048249457031488416,pytorch,p99_latency,False,1.0
572,128,385,32,545,"[128, 385, 32]",relu,model_3,Float8WeightOnlyConfig,float8,8.0,False,False,pytorch_quantized_p99_latency,0.0005551349371671676,pytorch,p99_latency,False,1.0
573,128,385,32,545,"[128, 385, 32]",relu,model_3,Int8DynamicActivationInt8WeightConfig,int8,8.0,True,False,pytorch_quantized_p99_latency,0.009616940654814238,pytorch,p99_latency,False,1.0
574,128,385,32,545,"[128, 385, 32]",relu,model_3,Int8WeightOnlyConfig,int8,8.0,False,False,pytorch_relative_model_size,0.25,pytorch,model_size,True,1.0
575,128,385,32,545,"[128, 385, 32]",relu,model_3,Float8WeightOnlyConfig,float8,8.0,False,False,pytorch_relative_model_size,0.25,pytorch,model_size,True,1.0
576,128,385,32,545,"[128, 385, 32]",relu,model_3,Int8DynamicActivationInt8WeightConfig,int8,8.0,True,False,pytorch_relative_model_size,0.25,pytorch,model_size,True,1.0
577,128,385,32,545,"[128, 385, 32]",relu,model_3,Int8WeightOnlyConfig,int8,8.0,False,False,pytorch_relative_median_latency,2.7189536255018045,pytorch,median_latency,True,1.0
578,128,385,32,545,"[128, 385, 32]",relu,model_3,Float8WeightOnlyConfig,float8,8.0,False,False,pytorch_relative_median_latency,3.2963179148748614,pytorch,median_latency,True,1.0
579,128,385,32,545,"[128, 385, 32]",relu,model_3,Int8DynamicActivationInt8WeightConfig,int8,8.0,True,False,pytorch_relative_median_latency,51.855313471595174,pytorch,median_latency,True,1.0
580,128,385,32,545,"[128, 385, 32]",relu,model_3,Int8WeightOnlyConfig,int8,8.0,False,False,pytorch_relative_p95_latency,2.8384204157861004,pytorch,p95_latency,True,1.0
581,128,385,32,545,"[128, 385, 32]",relu,model_3,Float8WeightOnlyConfig,float8,8.0,False,False,pytorch_relative_p95_latency,3.1151775543257454,pytorch,p95_latency,True,1.0
582,128,385,32,545,"[128, 385, 32]",relu,model_3,Int8DynamicActivationInt8WeightConfig,int8,8.0,True,False,pytorch_relative_p95_latency,50.546449079542704,pytorch,p95_latency,True,1.0
583,128,385,32,545,"[128, 385, 32]",relu,model_3,Int8WeightOnlyConfig,int8,8.0,False,False,pytorch_relative_p99_latency,2.412144020206201,pytorch,p99_latency,True,1.0
584,128,385,32,545,"[128, 385, 32]",relu,model_3,Float8WeightOnlyConfig,float8,8.0,False,False,pytorch_relative_p99_latency,2.775296348353582,pytorch,p99_latency,True,1.0
585,128,385,32,545,"[128, 385, 32]",relu,model_3,Int8DynamicActivationInt8WeightConfig,int8,8.0,True,False,pytorch_relative_p99_latency,48.078149103416905,pytorch,p99_latency,True,1.0
586,128,385,32,545,"[128, 385, 32]",relu,model_3,Int8WeightOnlyConfig,int8,8.0,False,False,pytorch_quantized_MAE,8.45843458489663,pytorch,MAE,False,2.0
587,128,385,32,545,"[128, 385, 32]",relu,model_3,Float8WeightOnlyConfig,float8,8.0,False,False,pytorch_quantized_MAE,8.694927441658889,pytorch,MAE,False,2.0
588,128,385,32,545,"[128, 385, 32]",relu,model_3,Int8DynamicActivationInt8WeightConfig,int8,8.0,True,False,pytorch_quantized_MAE,8.461161544383526,pytorch,MAE,False,2.0
589,128,385,32,545,"[128, 385, 32]",relu,model_3,Int8WeightOnlyConfig,int8,8.0,False,False,pytorch_relative_MAE,1.0009900971337198,pytorch,MAE,True,2.0
590,128,385,32,545,"[128, 385, 32]",relu,model_3,Float8WeightOnlyConfig,float8,8.0,False,False,pytorch_relative_MAE,1.0289771915878856,pytorch,MAE,True,2.0
591,128,385,32,545,"[128, 385, 32]",relu,model_3,Int8DynamicActivationInt8WeightConfig,int8,8.0,True,False,pytorch_relative_MAE,1.0013128116282601,pytorch,MAE,True,2.0
592,128,385,32,545,"[128, 385, 32]",relu,model_3,Int8WeightOnlyConfig,int8,8.0,False,False,pytorch_quantized_model_size,72546.0,pytorch,model_size,False,2.0
593,128,385,32,545,"[128, 385, 32]",relu,model_3,Float8WeightOnlyConfig,float8,8.0,False,False,pytorch_quantized_model_size,72546.0,pytorch,model_size,False,2.0
594,128,385,32,545,"[128, 385, 32]",relu,model_3,Int8DynamicActivationInt8WeightConfig,int8,8.0,True,False,pytorch_quantized_model_size,72546.0,pytorch,model_size,False,2.0
595,128,385,32,545,"[128, 385, 32]",relu,model_3,Int8WeightOnlyConfig,int8,8.0,False,False,pytorch_quantized_median_latency,0.0004544612020254135,pytorch,median_latency,False,2.0
596,128,385,32,545,"[128, 385, 32]",relu,model_3,Float8WeightOnlyConfig,float8,8.0,False,False,pytorch_quantized_median_latency,0.0005021058022975922,pytorch,median_latency,False,2.0
597,128,385,32,545,"[128, 385, 32]",relu,model_3,Int8DynamicActivationInt8WeightConfig,int8,8.0,True,False,pytorch_quantized_median_latency,0.00791865773499012,pytorch,median_latency,False,2.0
598,128,385,32,545,"[128, 385, 32]",relu,model_3,Int8WeightOnlyConfig,int8,8.0,False,False,pytorch_quantized_p95_latency,0.00046484731137752533,pytorch,p95_latency,False,2.0
599,128,385,32,545,"[128, 385, 32]",relu,model_3,Float8WeightOnlyConfig,float8,8.0,False,False,pytorch_quantized_p95_latency,0.000512353889644146,pytorch,p95_latency,False,2.0
600,128,385,32,545,"[128, 385, 32]",relu,model_3,Int8DynamicActivationInt8WeightConfig,int8,8.0,True,False,pytorch_quantized_p95_latency,0.008172542415559291,pytorch,p95_latency,False,2.0
601,128,385,32,545,"[128, 385, 32]",relu,model_3,Int8WeightOnlyConfig,int8,8.0,False,False,pytorch_quantized_p99_latency,0.0004687359556555748,pytorch,p99_latency,False,2.0
602,128,385,32,545,"[128, 385, 32]",relu,model_3,Float8WeightOnlyConfig,float8,8.0,False,False,pytorch_quantized_p99_latency,0.0005197988077998161,pytorch,p99_latency,False,2.0
603,128,385,32,545,"[128, 385, 32]",relu,model_3,Int8DynamicActivationInt8WeightConfig,int8,8.0,True,False,pytorch_quantized_p99_latency,0.009276637323200698,pytorch,p99_latency,False,2.0
604,128,385,32,545,"[128, 385, 32]",relu,model_3,Int8WeightOnlyConfig,int8,8.0,False,False,pytorch_relative_model_size,0.25,pytorch,model_size,True,2.0
605,128,385,32,545,"[128, 385, 32]",relu,model_3,Float8WeightOnlyConfig,float8,8.0,False,False,pytorch_relative_model_size,0.25,pytorch,model_size,True,2.0
606,128,385,32,545,"[128, 385, 32]",relu,model_3,Int8DynamicActivationInt8WeightConfig,int8,8.0,True,False,pytorch_relative_model_size,0.25,pytorch,model_size,True,2.0
607,128,385,32,545,"[128, 385, 32]",relu,model_3,Int8WeightOnlyConfig,int8,8.0,False,False,pytorch_relative_median_latency,2.9407361874457623,pytorch,median_latency,True,2.0
608,128,385,32,545,"[128, 385, 32]",relu,model_3,Float8WeightOnlyConfig,float8,8.0,False,False,pytorch_relative_median_latency,3.249035772828078,pytorch,median_latency,True,2.0
609,128,385,32,545,"[128, 385, 32]",relu,model_3,Int8DynamicActivationInt8WeightConfig,int8,8.0,True,False,pytorch_relative_median_latency,51.240201041365346,pytorch,median_latency,True,2.0
610,128,385,32,545,"[128, 385, 32]",relu,model_3,Int8WeightOnlyConfig,int8,8.0,False,False,pytorch_relative_p95_latency,2.814962117580443,pytorch,p95_latency,True,2.0
611,128,385,32,545,"[128, 385, 32]",relu,model_3,Float8WeightOnlyConfig,float8,8.0,False,False,pytorch_relative_p95_latency,3.1026462987798897,pytorch,p95_latency,True,2.0
612,128,385,32,545,"[128, 385, 32]",relu,model_3,Int8DynamicActivationInt8WeightConfig,int8,8.0,True,False,pytorch_relative_p95_latency,49.490223436906064,pytorch,p95_latency,True,2.0
613,128,385,32,545,"[128, 385, 32]",relu,model_3,Int8WeightOnlyConfig,int8,8.0,False,False,pytorch_relative_p99_latency,2.720589872839129,pytorch,p99_latency,True,2.0
614,128,385,32,545,"[128, 385, 32]",relu,model_3,Float8WeightOnlyConfig,float8,8.0,False,False,pytorch_relative_p99_latency,3.0169637198754833,pytorch,p99_latency,True,2.0
615,128,385,32,545,"[128, 385, 32]",relu,model_3,Int8DynamicActivationInt8WeightConfig,int8,8.0,True,False,pytorch_relative_p99_latency,53.842521041944615,pytorch,p99_latency,True,2.0
616,128,385,32,545,"[128, 385, 32]",relu,model_3,Int8WeightOnlyConfig,int8,8.0,False,False,pytorch_quantized_MAE,8.679146200558652,pytorch,MAE,False,3.0
617,128,385,32,545,"[128, 385, 32]",relu,model_3,Float8WeightOnlyConfig,float8,8.0,False,False,pytorch_quantized_MAE,8.904248148791654,pytorch,MAE,False,3.0
618,128,385,32,545,"[128, 385, 32]",relu,model_3,Int8DynamicActivationInt8WeightConfig,int8,8.0,True,False,pytorch_quantized_MAE,8.682181127768917,pytorch,MAE,False,3.0
619,128,385,32,545,"[128, 385, 32]",relu,model_3,Int8WeightOnlyConfig,int8,8.0,False,False,pytorch_relative_MAE,1.000875517993921,pytorch,MAE,True,3.0
620,128,385,32,545,"[128, 385, 32]",relu,model_3,Float8WeightOnlyConfig,float8,8.0,False,False,pytorch_relative_MAE,1.0268341807278942,pytorch,MAE,True,3.0
621,128,385,32,545,"[128, 385, 32]",relu,model_3,Int8DynamicActivationInt8WeightConfig,int8,8.0,True,False,pytorch_relative_MAE,1.0012255045333174,pytorch,MAE,True,3.0
622,128,385,32,545,"[128, 385, 32]",relu,model_3,Int8WeightOnlyConfig,int8,8.0,False,False,pytorch_quantized_model_size,72546.0,pytorch,model_size,False,3.0
623,128,385,32,545,"[128, 385, 32]",relu,model_3,Float8WeightOnlyConfig,float8,8.0,False,False,pytorch_quantized_model_size,72546.0,pytorch,model_size,False,3.0
624,128,385,32,545,"[128, 385, 32]",relu,model_3,Int8DynamicActivationInt8WeightConfig,int8,8.0,True,False,pytorch_quantized_model_size,72546.0,pytorch,model_size,False,3.0
625,128,385,32,545,"[128, 385, 32]",relu,model_3,Int8WeightOnlyConfig,int8,8.0,False,False,pytorch_quantized_median_latency,0.000408075749874115,pytorch,median_latency,False,3.0
626,128,385,32,545,"[128, 385, 32]",relu,model_3,Float8WeightOnlyConfig,float8,8.0,False,False,pytorch_quantized_median_latency,0.0005013644695281982,pytorch,median_latency,False,3.0
627,128,385,32,545,"[128, 385, 32]",relu,model_3,Int8DynamicActivationInt8WeightConfig,int8,8.0,True,False,pytorch_quantized_median_latency,0.007942676544189453,pytorch,median_latency,False,3.0
628,128,385,32,545,"[128, 385, 32]",relu,model_3,Int8WeightOnlyConfig,int8,8.0,False,False,pytorch_quantized_p95_latency,0.0004577584564685822,pytorch,p95_latency,False,3.0
629,128,385,32,545,"[128, 385, 32]",relu,model_3,Float8WeightOnlyConfig,float8,8.0,False,False,pytorch_quantized_p95_latency,0.0005163149908185005,pytorch,p95_latency,False,3.0
630,128,385,32,545,"[128, 385, 32]",relu,model_3,Int8DynamicActivationInt8WeightConfig,int8,8.0,True,False,pytorch_quantized_p95_latency,0.008121739514172078,pytorch,p95_latency,False,3.0
631,128,385,32,545,"[128, 385, 32]",relu,model_3,Int8WeightOnlyConfig,int8,8.0,False,False,pytorch_quantized_p99_latency,0.00046366430819034577,pytorch,p99_latency,False,3.0
632,128,385,32,545,"[128, 385, 32]",relu,model_3,Float8WeightOnlyConfig,float8,8.0,False,False,pytorch_quantized_p99_latency,0.0005513897910714149,pytorch,p99_latency,False,3.0
633,128,385,32,545,"[128, 385, 32]",relu,model_3,Int8DynamicActivationInt8WeightConfig,int8,8.0,True,False,pytorch_quantized_p99_latency,0.009037875607609746,pytorch,p99_latency,False,3.0
634,128,385,32,545,"[128, 385, 32]",relu,model_3,Int8WeightOnlyConfig,int8,8.0,False,False,pytorch_relative_model_size,0.25,pytorch,model_size,True,3.0
635,128,385,32,545,"[128, 385, 32]",relu,model_3,Float8WeightOnlyConfig,float8,8.0,False,False,pytorch_relative_model_size,0.25,pytorch,model_size,True,3.0
636,128,385,32,545,"[128, 385, 32]",relu,model_3,Int8DynamicActivationInt8WeightConfig,int8,8.0,True,False,pytorch_relative_model_size,0.25,pytorch,model_size,True,3.0
637,128,385,32,545,"[128, 385, 32]",relu,model_3,Int8WeightOnlyConfig,int8,8.0,False,False,pytorch_relative_median_latency,2.6641211163130056,pytorch,median_latency,True,3.0
638,128,385,32,545,"[128, 385, 32]",relu,model_3,Float8WeightOnlyConfig,float8,8.0,False,False,pytorch_relative_median_latency,3.273156198698851,pytorch,median_latency,True,3.0
639,128,385,32,545,"[128, 385, 32]",relu,model_3,Int8DynamicActivationInt8WeightConfig,int8,8.0,True,False,pytorch_relative_median_latency,51.853736243691856,pytorch,median_latency,True,3.0
640,128,385,32,545,"[128, 385, 32]",relu,model_3,Int8WeightOnlyConfig,int8,8.0,False,False,pytorch_relative_p95_latency,2.7959521033021417,pytorch,p95_latency,True,3.0
641,128,385,32,545,"[128, 385, 32]",relu,model_3,Float8WeightOnlyConfig,float8,8.0,False,False,pytorch_relative_p95_latency,3.1536107397821325,pytorch,p95_latency,True,3.0
642,128,385,32,545,"[128, 385, 32]",relu,model_3,Int8DynamicActivationInt8WeightConfig,int8,8.0,True,False,pytorch_relative_p95_latency,49.606936488523566,pytorch,p95_latency,True,3.0
643,128,385,32,545,"[128, 385, 32]",relu,model_3,Int8WeightOnlyConfig,int8,8.0,False,False,pytorch_relative_p99_latency,2.7856321792774863,pytorch,p99_latency,True,3.0
644,128,385,32,545,"[128, 385, 32]",relu,model_3,Float8WeightOnlyConfig,float8,8.0,False,False,pytorch_relative_p99_latency,3.3126749637650987,pytorch,p99_latency,True,3.0
645,128,385,32,545,"[128, 385, 32]",relu,model_3,Int8DynamicActivationInt8WeightConfig,int8,8.0,True,False,pytorch_relative_p99_latency,54.29832894217365,pytorch,p99_latency,True,3.0
646,128,135,180,443,"[128, 135, 180]",leaky_relu,model_30,,,,,,,,,,,
647,278,270,34,582,"[278, 270, 34]",elu,model_31,,,,,,,,,,,
648,774,64,124,962,"[774, 64, 124]",elu,model_32,,,,,,,,,,,
649,766,391,187,1344,"[766, 391, 187]",celu,model_33,,,,,,,,,,,
650,253,123,110,486,"[253, 123, 110]",elu,model_34,,,,,,,,,,,
651,128,255,133,516,"[128, 255, 133]",leaky_relu,model_35,,,,,,,,,,,
652,459,64,55,578,"[459, 64, 55]",relu,model_36,,,,,,,,,,,
653,654,320,72,1046,"[654, 320, 72]",relu,model_37,,,,,,,,,,,
654,141,83,218,442,"[141, 83, 218]",celu,model_38,,,,,,,,,,,
655,398,435,32,865,"[398, 435, 32]",gelu,model_39,,,,,,,,,,,
656,477,116,151,744,"[477, 116, 151]",gelu,model_4,Int8WeightOnlyConfig,int8,8.0,False,False,pytorch_quantized_MAE,8.452329045293023,pytorch,MAE,False,1.0
657,477,116,151,744,"[477, 116, 151]",gelu,model_4,Float8WeightOnlyConfig,float8,8.0,False,False,pytorch_quantized_MAE,8.483930901772327,pytorch,MAE,False,1.0
658,477,116,151,744,"[477, 116, 151]",gelu,model_4,Int8DynamicActivationInt8WeightConfig,int8,8.0,True,False,pytorch_quantized_MAE,8.455325897302924,pytorch,MAE,False,1.0
659,477,116,151,744,"[477, 116, 151]",gelu,model_4,Int8WeightOnlyConfig,int8,8.0,False,False,pytorch_relative_MAE,1.0001832767680328,pytorch,MAE,True,1.0
660,477,116,151,744,"[477, 116, 151]",gelu,model_4,Float8WeightOnlyConfig,float8,8.0,False,False,pytorch_relative_MAE,1.0039227961592028,pytorch,MAE,True,1.0
661,477,116,151,744,"[477, 116, 151]",gelu,model_4,Int8DynamicActivationInt8WeightConfig,int8,8.0,True,False,pytorch_relative_MAE,1.0005379010671094,pytorch,MAE,True,1.0
662,477,116,151,744,"[477, 116, 151]",gelu,model_4,Int8WeightOnlyConfig,int8,8.0,False,False,pytorch_quantized_model_size,112381.0,pytorch,model_size,False,1.0
663,477,116,151,744,"[477, 116, 151]",gelu,model_4,Float8WeightOnlyConfig,float8,8.0,False,False,pytorch_quantized_model_size,112381.0,pytorch,model_size,False,1.0
664,477,116,151,744,"[477, 116, 151]",gelu,model_4,Int8DynamicActivationInt8WeightConfig,int8,8.0,True,False,pytorch_quantized_model_size,112381.0,pytorch,model_size,False,1.0
665,477,116,151,744,"[477, 116, 151]",gelu,model_4,Int8WeightOnlyConfig,int8,8.0,False,False,pytorch_quantized_median_latency,0.0004075057804584503,pytorch,median_latency,False,1.0
666,477,116,151,744,"[477, 116, 151]",gelu,model_4,Float8WeightOnlyConfig,float8,8.0,False,False,pytorch_quantized_median_latency,0.0005017202347517014,pytorch,median_latency,False,1.0
667,477,116,151,744,"[477, 116, 151]",gelu,model_4,Int8DynamicActivationInt8WeightConfig,int8,8.0,True,False,pytorch_quantized_median_latency,0.009093431755900383,pytorch,median_latency,False,1.0
668,477,116,151,744,"[477, 116, 151]",gelu,model_4,Int8WeightOnlyConfig,int8,8.0,False,False,pytorch_quantized_p95_latency,0.00041936971247196196,pytorch,p95_latency,False,1.0
669,477,116,151,744,"[477, 116, 151]",gelu,model_4,Float8WeightOnlyConfig,float8,8.0,False,False,pytorch_quantized_p95_latency,0.0005099240690469742,pytorch,p95_latency,False,1.0
670,477,116,151,744,"[477, 116, 151]",gelu,model_4,Int8DynamicActivationInt8WeightConfig,int8,8.0,True,False,pytorch_quantized_p95_latency,0.009557410888373849,pytorch,p95_latency,False,1.0
671,477,116,151,744,"[477, 116, 151]",gelu,model_4,Int8WeightOnlyConfig,int8,8.0,False,False,pytorch_quantized_p99_latency,0.00042186114937067034,pytorch,p99_latency,False,1.0
672,477,116,151,744,"[477, 116, 151]",gelu,model_4,Float8WeightOnlyConfig,float8,8.0,False,False,pytorch_quantized_p99_latency,0.0005185497552156448,pytorch,p99_latency,False,1.0
673,477,116,151,744,"[477, 116, 151]",gelu,model_4,Int8DynamicActivationInt8WeightConfig,int8,8.0,True,False,pytorch_quantized_p99_latency,0.010416284315288066,pytorch,p99_latency,False,1.0
674,477,116,151,744,"[477, 116, 151]",gelu,model_4,Int8WeightOnlyConfig,int8,8.0,False,False,pytorch_relative_model_size,0.25,pytorch,model_size,True,1.0
675,477,116,151,744,"[477, 116, 151]",gelu,model_4,Float8WeightOnlyConfig,float8,8.0,False,False,pytorch_relative_model_size,0.25,pytorch,model_size,True,1.0
676,477,116,151,744,"[477, 116, 151]",gelu,model_4,Int8DynamicActivationInt8WeightConfig,int8,8.0,True,False,pytorch_relative_model_size,0.25,pytorch,model_size,True,1.0
677,477,116,151,744,"[477, 116, 151]",gelu,model_4,Int8WeightOnlyConfig,int8,8.0,False,False,pytorch_relative_median_latency,2.680840113714342,pytorch,median_latency,True,1.0
678,477,116,151,744,"[477, 116, 151]",gelu,model_4,Float8WeightOnlyConfig,float8,8.0,False,False,pytorch_relative_median_latency,3.300644544652485,pytorch,median_latency,True,1.0
679,477,116,151,744,"[477, 116, 151]",gelu,model_4,Int8DynamicActivationInt8WeightConfig,int8,8.0,True,False,pytorch_relative_median_latency,59.82255416135673,pytorch,median_latency,True,1.0
680,477,116,151,744,"[477, 116, 151]",gelu,model_4,Int8WeightOnlyConfig,int8,8.0,False,False,pytorch_relative_p95_latency,2.5477117290013624,pytorch,p95_latency,True,1.0
681,477,116,151,744,"[477, 116, 151]",gelu,model_4,Float8WeightOnlyConfig,float8,8.0,False,False,pytorch_relative_p95_latency,3.0978382390882224,pytorch,p95_latency,True,1.0
682,477,116,151,744,"[477, 116, 151]",gelu,model_4,Int8DynamicActivationInt8WeightConfig,int8,8.0,True,False,pytorch_relative_p95_latency,58.062199283939314,pytorch,p95_latency,True,1.0
683,477,116,151,744,"[477, 116, 151]",gelu,model_4,Int8WeightOnlyConfig,int8,8.0,False,False,pytorch_relative_p99_latency,2.5012897129543816,pytorch,p99_latency,True,1.0
684,477,116,151,744,"[477, 116, 151]",gelu,model_4,Float8WeightOnlyConfig,float8,8.0,False,False,pytorch_relative_p99_latency,3.074573637109806,pytorch,p99_latency,True,1.0
685,477,116,151,744,"[477, 116, 151]",gelu,model_4,Int8DynamicActivationInt8WeightConfig,int8,8.0,True,False,pytorch_relative_p99_latency,61.76000052127463,pytorch,p99_latency,True,1.0
686,477,116,151,744,"[477, 116, 151]",gelu,model_4,Int8WeightOnlyConfig,int8,8.0,False,False,pytorch_quantized_MAE,8.691836600245335,pytorch,MAE,False,2.0
687,477,116,151,744,"[477, 116, 151]",gelu,model_4,Float8WeightOnlyConfig,float8,8.0,False,False,pytorch_quantized_MAE,8.711354536485358,pytorch,MAE,False,2.0
688,477,116,151,744,"[477, 116, 151]",gelu,model_4,Int8DynamicActivationInt8WeightConfig,int8,8.0,True,False,pytorch_quantized_MAE,8.700508218156989,pytorch,MAE,False,2.0
689,477,116,151,744,"[477, 116, 151]",gelu,model_4,Int8WeightOnlyConfig,int8,8.0,False,False,pytorch_relative_MAE,1.0001016713557078,pytorch,MAE,True,2.0
690,477,116,151,744,"[477, 116, 151]",gelu,model_4,Float8WeightOnlyConfig,float8,8.0,False,False,pytorch_relative_MAE,1.0023474476574055,pytorch,MAE,True,2.0
691,477,116,151,744,"[477, 116, 151]",gelu,model_4,Int8DynamicActivationInt8WeightConfig,int8,8.0,True,False,pytorch_relative_MAE,1.0010994466206682,pytorch,MAE,True,2.0
692,477,116,151,744,"[477, 116, 151]",gelu,model_4,Int8WeightOnlyConfig,int8,8.0,False,False,pytorch_quantized_model_size,112381.0,pytorch,model_size,False,2.0
693,477,116,151,744,"[477, 116, 151]",gelu,model_4,Float8WeightOnlyConfig,float8,8.0,False,False,pytorch_quantized_model_size,112381.0,pytorch,model_size,False,2.0
694,477,116,151,744,"[477, 116, 151]",gelu,model_4,Int8DynamicActivationInt8WeightConfig,int8,8.0,True,False,pytorch_quantized_model_size,112381.0,pytorch,model_size,False,2.0
695,477,116,151,744,"[477, 116, 151]",gelu,model_4,Int8WeightOnlyConfig,int8,8.0,False,False,pytorch_quantized_median_latency,0.0004165675491094589,pytorch,median_latency,False,2.0
696,477,116,151,744,"[477, 116, 151]",gelu,model_4,Float8WeightOnlyConfig,float8,8.0,False,False,pytorch_quantized_median_latency,0.0005181264132261276,pytorch,median_latency,False,2.0
697,477,116,151,744,"[477, 116, 151]",gelu,model_4,Int8DynamicActivationInt8WeightConfig,int8,8.0,True,False,pytorch_quantized_median_latency,0.009226402267813683,pytorch,median_latency,False,2.0
698,477,116,151,744,"[477, 116, 151]",gelu,model_4,Int8WeightOnlyConfig,int8,8.0,False,False,pytorch_quantized_p95_latency,0.00042764972895383837,pytorch,p95_latency,False,2.0
699,477,116,151,744,"[477, 116, 151]",gelu,model_4,Float8WeightOnlyConfig,float8,8.0,False,False,pytorch_quantized_p95_latency,0.0005264891311526299,pytorch,p95_latency,False,2.0
700,477,116,151,744,"[477, 116, 151]",gelu,model_4,Int8DynamicActivationInt8WeightConfig,int8,8.0,True,False,pytorch_quantized_p95_latency,0.009389281272888184,pytorch,p95_latency,False,2.0
701,477,116,151,744,"[477, 116, 151]",gelu,model_4,Int8WeightOnlyConfig,int8,8.0,False,False,pytorch_quantized_p99_latency,0.0004317571222782135,pytorch,p99_latency,False,2.0
702,477,116,151,744,"[477, 116, 151]",gelu,model_4,Float8WeightOnlyConfig,float8,8.0,False,False,pytorch_quantized_p99_latency,0.0005438445881009101,pytorch,p99_latency,False,2.0
703,477,116,151,744,"[477, 116, 151]",gelu,model_4,Int8DynamicActivationInt8WeightConfig,int8,8.0,True,False,pytorch_quantized_p99_latency,0.010532290413975716,pytorch,p99_latency,False,2.0
704,477,116,151,744,"[477, 116, 151]",gelu,model_4,Int8WeightOnlyConfig,int8,8.0,False,False,pytorch_relative_model_size,0.25,pytorch,model_size,True,2.0
705,477,116,151,744,"[477, 116, 151]",gelu,model_4,Float8WeightOnlyConfig,float8,8.0,False,False,pytorch_relative_model_size,0.25,pytorch,model_size,True,2.0
706,477,116,151,744,"[477, 116, 151]",gelu,model_4,Int8DynamicActivationInt8WeightConfig,int8,8.0,True,False,pytorch_relative_model_size,0.25,pytorch,model_size,True,2.0
707,477,116,151,744,"[477, 116, 151]",gelu,model_4,Int8WeightOnlyConfig,int8,8.0,False,False,pytorch_relative_median_latency,2.725525562122966,pytorch,median_latency,True,2.0
708,477,116,151,744,"[477, 116, 151]",gelu,model_4,Float8WeightOnlyConfig,float8,8.0,False,False,pytorch_relative_median_latency,3.3900067028212786,pytorch,median_latency,True,2.0
709,477,116,151,744,"[477, 116, 151]",gelu,model_4,Int8DynamicActivationInt8WeightConfig,int8,8.0,True,False,pytorch_relative_median_latency,60.36666869782463,pytorch,median_latency,True,2.0
710,477,116,151,744,"[477, 116, 151]",gelu,model_4,Int8WeightOnlyConfig,int8,8.0,False,False,pytorch_relative_p95_latency,2.61677800104173,pytorch,p95_latency,True,2.0
711,477,116,151,744,"[477, 116, 151]",gelu,model_4,Float8WeightOnlyConfig,float8,8.0,False,False,pytorch_relative_p95_latency,3.221573832299772,pytorch,p95_latency,True,2.0
712,477,116,151,744,"[477, 116, 151]",gelu,model_4,Int8DynamicActivationInt8WeightConfig,int8,8.0,True,False,pytorch_relative_p95_latency,57.45277739469584,pytorch,p95_latency,True,2.0
713,477,116,151,744,"[477, 116, 151]",gelu,model_4,Int8WeightOnlyConfig,int8,8.0,False,False,pytorch_relative_p99_latency,2.5996406226903863,pytorch,p99_latency,True,2.0
714,477,116,151,744,"[477, 116, 151]",gelu,model_4,Float8WeightOnlyConfig,float8,8.0,False,False,pytorch_relative_p99_latency,3.2745272995089794,pytorch,p99_latency,True,2.0
715,477,116,151,744,"[477, 116, 151]",gelu,model_4,Int8DynamicActivationInt8WeightConfig,int8,8.0,True,False,pytorch_relative_p99_latency,63.41567653978553,pytorch,p99_latency,True,2.0
716,477,116,151,744,"[477, 116, 151]",gelu,model_4,Int8WeightOnlyConfig,int8,8.0,False,False,pytorch_quantized_MAE,8.77710222906362,pytorch,MAE,False,3.0
717,477,116,151,744,"[477, 116, 151]",gelu,model_4,Float8WeightOnlyConfig,float8,8.0,False,False,pytorch_quantized_MAE,8.800875454720527,pytorch,MAE,False,3.0
718,477,116,151,744,"[477, 116, 151]",gelu,model_4,Int8DynamicActivationInt8WeightConfig,int8,8.0,True,False,pytorch_quantized_MAE,8.779309119352842,pytorch,MAE,False,3.0
719,477,116,151,744,"[477, 116, 151]",gelu,model_4,Int8WeightOnlyConfig,int8,8.0,False,False,pytorch_relative_MAE,1.0000834432207537,pytorch,MAE,True,3.0
720,477,116,151,744,"[477, 116, 151]",gelu,model_4,Float8WeightOnlyConfig,float8,8.0,False,False,pytorch_relative_MAE,1.0027922198478159,pytorch,MAE,True,3.0
721,477,116,151,744,"[477, 116, 151]",gelu,model_4,Int8DynamicActivationInt8WeightConfig,int8,8.0,True,False,pytorch_relative_MAE,1.0003349014334593,pytorch,MAE,True,3.0
722,477,116,151,744,"[477, 116, 151]",gelu,model_4,Int8WeightOnlyConfig,int8,8.0,False,False,pytorch_quantized_model_size,112381.0,pytorch,model_size,False,3.0
723,477,116,151,744,"[477, 116, 151]",gelu,model_4,Float8WeightOnlyConfig,float8,8.0,False,False,pytorch_quantized_model_size,112381.0,pytorch,model_size,False,3.0
724,477,116,151,744,"[477, 116, 151]",gelu,model_4,Int8DynamicActivationInt8WeightConfig,int8,8.0,True,False,pytorch_quantized_model_size,112381.0,pytorch,model_size,False,3.0
725,477,116,151,744,"[477, 116, 151]",gelu,model_4,Int8WeightOnlyConfig,int8,8.0,False,False,pytorch_quantized_median_latency,0.00041538290679454803,pytorch,median_latency,False,3.0
726,477,116,151,744,"[477, 116, 151]",gelu,model_4,Float8WeightOnlyConfig,float8,8.0,False,False,pytorch_quantized_median_latency,0.0005239453166723251,pytorch,median_latency,False,3.0
727,477,116,151,744,"[477, 116, 151]",gelu,model_4,Int8DynamicActivationInt8WeightConfig,int8,8.0,True,False,pytorch_quantized_median_latency,0.009242316707968712,pytorch,median_latency,False,3.0
728,477,116,151,744,"[477, 116, 151]",gelu,model_4,Int8WeightOnlyConfig,int8,8.0,False,False,pytorch_quantized_p95_latency,0.0004275018349289894,pytorch,p95_latency,False,3.0
729,477,116,151,744,"[477, 116, 151]",gelu,model_4,Float8WeightOnlyConfig,float8,8.0,False,False,pytorch_quantized_p95_latency,0.0005475999787449837,pytorch,p95_latency,False,3.0
730,477,116,151,744,"[477, 116, 151]",gelu,model_4,Int8DynamicActivationInt8WeightConfig,int8,8.0,True,False,pytorch_quantized_p95_latency,0.009806272760033607,pytorch,p95_latency,False,3.0
731,477,116,151,744,"[477, 116, 151]",gelu,model_4,Int8WeightOnlyConfig,int8,8.0,False,False,pytorch_quantized_p99_latency,0.00043595977127552026,pytorch,p99_latency,False,3.0
732,477,116,151,744,"[477, 116, 151]",gelu,model_4,Float8WeightOnlyConfig,float8,8.0,False,False,pytorch_quantized_p99_latency,0.0006022048741579055,pytorch,p99_latency,False,3.0
733,477,116,151,744,"[477, 116, 151]",gelu,model_4,Int8DynamicActivationInt8WeightConfig,int8,8.0,True,False,pytorch_quantized_p99_latency,0.011492896117269993,pytorch,p99_latency,False,3.0
734,477,116,151,744,"[477, 116, 151]",gelu,model_4,Int8WeightOnlyConfig,int8,8.0,False,False,pytorch_relative_model_size,0.25,pytorch,model_size,True,3.0
735,477,116,151,744,"[477, 116, 151]",gelu,model_4,Float8WeightOnlyConfig,float8,8.0,False,False,pytorch_relative_model_size,0.25,pytorch,model_size,True,3.0
736,477,116,151,744,"[477, 116, 151]",gelu,model_4,Int8DynamicActivationInt8WeightConfig,int8,8.0,True,False,pytorch_relative_model_size,0.25,pytorch,model_size,True,3.0
737,477,116,151,744,"[477, 116, 151]",gelu,model_4,Int8WeightOnlyConfig,int8,8.0,False,False,pytorch_relative_median_latency,2.7594753449235907,pytorch,median_latency,True,3.0
738,477,116,151,744,"[477, 116, 151]",gelu,model_4,Float8WeightOnlyConfig,float8,8.0,False,False,pytorch_relative_median_latency,3.480678091938378,pytorch,median_latency,True,3.0
739,477,116,151,744,"[477, 116, 151]",gelu,model_4,Int8DynamicActivationInt8WeightConfig,int8,8.0,True,False,pytorch_relative_median_latency,61.39863886654705,pytorch,median_latency,True,3.0
740,477,116,151,744,"[477, 116, 151]",gelu,model_4,Int8WeightOnlyConfig,int8,8.0,False,False,pytorch_relative_p95_latency,2.658942856315347,pytorch,p95_latency,True,3.0
741,477,116,151,744,"[477, 116, 151]",gelu,model_4,Float8WeightOnlyConfig,float8,8.0,False,False,pytorch_relative_p95_latency,3.4059200046340545,pytorch,p95_latency,True,3.0
742,477,116,151,744,"[477, 116, 151]",gelu,model_4,Int8DynamicActivationInt8WeightConfig,int8,8.0,True,False,pytorch_relative_p95_latency,60.99229704289396,pytorch,p95_latency,True,3.0
743,477,116,151,744,"[477, 116, 151]",gelu,model_4,Int8WeightOnlyConfig,int8,8.0,False,False,pytorch_relative_p99_latency,2.6815563270439786,pytorch,p99_latency,True,3.0
744,477,116,151,744,"[477, 116, 151]",gelu,model_4,Float8WeightOnlyConfig,float8,8.0,False,False,pytorch_relative_p99_latency,3.704117666063952,pytorch,p99_latency,True,3.0
745,477,116,151,744,"[477, 116, 151]",gelu,model_4,Int8DynamicActivationInt8WeightConfig,int8,8.0,True,False,pytorch_relative_p99_latency,70.69195446441195,pytorch,p99_latency,True,3.0
746,796,171,165,1132,"[796, 171, 165]",gelu,model_40,,,,,,,,,,,
747,871,251,32,1154,"[871, 251, 32]",gelu,model_41,,,,,,,,,,,
748,372,64,148,584,"[372, 64, 148]",leaky_relu,model_42,,,,,,,,,,,
749,181,339,58,578,"[181, 339, 58]",elu,model_43,,,,,,,,,,,
750,564,154,205,923,"[564, 154, 205]",relu,model_44,,,,,,,,,,,
751,535,404,116,1055,"[535, 404, 116]",leaky_relu,model_45,,,,,,,,,,,
752,128,222,39,389,"[128, 222, 39]",relu,model_46,,,,,,,,,,,
753,293,295,174,762,"[293, 295, 174]",celu,model_47,,,,,,,,,,,
754,677,87,97,861,"[677, 87, 97]",leaky_relu,model_48,,,,,,,,,,,
755,721,293,145,1159,"[721, 293, 145]",celu,model_49,,,,,,,,,,,
756,623,443,170,1236,"[623, 443, 170]",elu,model_5,Int8WeightOnlyConfig,int8,8.0,False,False,pytorch_quantized_MAE,8.601850694457204,pytorch,MAE,False,1.0
757,623,443,170,1236,"[623, 443, 170]",elu,model_5,Float8WeightOnlyConfig,float8,8.0,False,False,pytorch_quantized_MAE,8.603900396251948,pytorch,MAE,False,1.0
758,623,443,170,1236,"[623, 443, 170]",elu,model_5,Int8DynamicActivationInt8WeightConfig,int8,8.0,True,False,pytorch_quantized_MAE,8.607388199441072,pytorch,MAE,False,1.0
759,623,443,170,1236,"[623, 443, 170]",elu,model_5,Int8WeightOnlyConfig,int8,8.0,False,False,pytorch_relative_MAE,0.9999524708560227,pytorch,MAE,True,1.0
760,623,443,170,1236,"[623, 443, 170]",elu,model_5,Float8WeightOnlyConfig,float8,8.0,False,False,pytorch_relative_MAE,1.0001907456700105,pytorch,MAE,True,1.0
761,623,443,170,1236,"[623, 443, 170]",elu,model_5,Int8DynamicActivationInt8WeightConfig,int8,8.0,True,False,pytorch_relative_MAE,1.0005961976524624,pytorch,MAE,True,1.0
762,623,443,170,1236,"[623, 443, 170]",elu,model_5,Int8WeightOnlyConfig,int8,8.0,False,False,pytorch_quantized_model_size,403169.0,pytorch,model_size,False,1.0
763,623,443,170,1236,"[623, 443, 170]",elu,model_5,Float8WeightOnlyConfig,float8,8.0,False,False,pytorch_quantized_model_size,403169.0,pytorch,model_size,False,1.0
764,623,443,170,1236,"[623, 443, 170]",elu,model_5,Int8DynamicActivationInt8WeightConfig,int8,8.0,True,False,pytorch_quantized_model_size,403169.0,pytorch,model_size,False,1.0
765,623,443,170,1236,"[623, 443, 170]",elu,model_5,Int8WeightOnlyConfig,int8,8.0,False,False,pytorch_quantized_median_latency,0.0004160366952419281,pytorch,median_latency,False,1.0
766,623,443,170,1236,"[623, 443, 170]",elu,model_5,Float8WeightOnlyConfig,float8,8.0,False,False,pytorch_quantized_median_latency,0.0005111023783683777,pytorch,median_latency,False,1.0
767,623,443,170,1236,"[623, 443, 170]",elu,model_5,Int8DynamicActivationInt8WeightConfig,int8,8.0,True,False,pytorch_quantized_median_latency,0.014856327325105667,pytorch,median_latency,False,1.0
768,623,443,170,1236,"[623, 443, 170]",elu,model_5,Int8WeightOnlyConfig,int8,8.0,False,False,pytorch_quantized_p95_latency,0.000426846370100975,pytorch,p95_latency,False,1.0
769,623,443,170,1236,"[623, 443, 170]",elu,model_5,Float8WeightOnlyConfig,float8,8.0,False,False,pytorch_quantized_p95_latency,0.0005185144022107124,pytorch,p95_latency,False,1.0
770,623,443,170,1236,"[623, 443, 170]",elu,model_5,Int8DynamicActivationInt8WeightConfig,int8,8.0,True,False,pytorch_quantized_p95_latency,0.0149988180026412,pytorch,p95_latency,False,1.0
771,623,443,170,1236,"[623, 443, 170]",elu,model_5,Int8WeightOnlyConfig,int8,8.0,False,False,pytorch_quantized_p99_latency,0.0004358783736824989,pytorch,p99_latency,False,1.0
772,623,443,170,1236,"[623, 443, 170]",elu,model_5,Float8WeightOnlyConfig,float8,8.0,False,False,pytorch_quantized_p99_latency,0.0005211568623781205,pytorch,p99_latency,False,1.0
773,623,443,170,1236,"[623, 443, 170]",elu,model_5,Int8DynamicActivationInt8WeightConfig,int8,8.0,True,False,pytorch_quantized_p99_latency,0.015392626151442528,pytorch,p99_latency,False,1.0
774,623,443,170,1236,"[623, 443, 170]",elu,model_5,Int8WeightOnlyConfig,int8,8.0,False,False,pytorch_relative_model_size,0.25,pytorch,model_size,True,1.0
775,623,443,170,1236,"[623, 443, 170]",elu,model_5,Float8WeightOnlyConfig,float8,8.0,False,False,pytorch_relative_model_size,0.25,pytorch,model_size,True,1.0
776,623,443,170,1236,"[623, 443, 170]",elu,model_5,Int8DynamicActivationInt8WeightConfig,int8,8.0,True,False,pytorch_relative_model_size,0.25,pytorch,model_size,True,1.0
777,623,443,170,1236,"[623, 443, 170]",elu,model_5,Int8WeightOnlyConfig,int8,8.0,False,False,pytorch_relative_median_latency,2.5711753194428457,pytorch,median_latency,True,1.0
778,623,443,170,1236,"[623, 443, 170]",elu,model_5,Float8WeightOnlyConfig,float8,8.0,False,False,pytorch_relative_median_latency,3.158696903418902,pytorch,median_latency,True,1.0
779,623,443,170,1236,"[623, 443, 170]",elu,model_5,Int8DynamicActivationInt8WeightConfig,int8,8.0,True,False,pytorch_relative_median_latency,91.81455047772533,pytorch,median_latency,True,1.0
780,623,443,170,1236,"[623, 443, 170]",elu,model_5,Int8WeightOnlyConfig,int8,8.0,False,False,pytorch_relative_p95_latency,2.478937382225232,pytorch,p95_latency,True,1.0
781,623,443,170,1236,"[623, 443, 170]",elu,model_5,Float8WeightOnlyConfig,float8,8.0,False,False,pytorch_relative_p95_latency,3.0113052959973348,pytorch,p95_latency,True,1.0
782,623,443,170,1236,"[623, 443, 170]",elu,model_5,Int8DynamicActivationInt8WeightConfig,int8,8.0,True,False,pytorch_relative_p95_latency,87.10658738211706,pytorch,p95_latency,True,1.0
783,623,443,170,1236,"[623, 443, 170]",elu,model_5,Int8WeightOnlyConfig,int8,8.0,False,False,pytorch_relative_p99_latency,2.5045906889030163,pytorch,p99_latency,True,1.0
784,623,443,170,1236,"[623, 443, 170]",elu,model_5,Float8WeightOnlyConfig,float8,8.0,False,False,pytorch_relative_p99_latency,2.994607449648196,pytorch,p99_latency,True,1.0
785,623,443,170,1236,"[623, 443, 170]",elu,model_5,Int8DynamicActivationInt8WeightConfig,int8,8.0,True,False,pytorch_relative_p99_latency,88.44721478370504,pytorch,p99_latency,True,1.0
786,623,443,170,1236,"[623, 443, 170]",elu,model_5,Int8WeightOnlyConfig,int8,8.0,False,False,pytorch_quantized_MAE,8.67445956326159,pytorch,MAE,False,2.0
787,623,443,170,1236,"[623, 443, 170]",elu,model_5,Float8WeightOnlyConfig,float8,8.0,False,False,pytorch_quantized_MAE,8.679944660118585,pytorch,MAE,False,2.0
788,623,443,170,1236,"[623, 443, 170]",elu,model_5,Int8DynamicActivationInt8WeightConfig,int8,8.0,True,False,pytorch_quantized_MAE,8.674189455421713,pytorch,MAE,False,2.0
789,623,443,170,1236,"[623, 443, 170]",elu,model_5,Int8WeightOnlyConfig,int8,8.0,False,False,pytorch_relative_MAE,1.0000129299132123,pytorch,MAE,True,2.0
790,623,443,170,1236,"[623, 443, 170]",elu,model_5,Float8WeightOnlyConfig,float8,8.0,False,False,pytorch_relative_MAE,1.0006452653041167,pytorch,MAE,True,2.0
791,623,443,170,1236,"[623, 443, 170]",elu,model_5,Int8DynamicActivationInt8WeightConfig,int8,8.0,True,False,pytorch_relative_MAE,0.9999817912203197,pytorch,MAE,True,2.0
792,623,443,170,1236,"[623, 443, 170]",elu,model_5,Int8WeightOnlyConfig,int8,8.0,False,False,pytorch_quantized_model_size,403169.0,pytorch,model_size,False,2.0
793,623,443,170,1236,"[623, 443, 170]",elu,model_5,Float8WeightOnlyConfig,float8,8.0,False,False,pytorch_quantized_model_size,403169.0,pytorch,model_size,False,2.0
794,623,443,170,1236,"[623, 443, 170]",elu,model_5,Int8DynamicActivationInt8WeightConfig,int8,8.0,True,False,pytorch_quantized_model_size,403169.0,pytorch,model_size,False,2.0
795,623,443,170,1236,"[623, 443, 170]",elu,model_5,Int8WeightOnlyConfig,int8,8.0,False,False,pytorch_quantized_median_latency,0.00042917393147945404,pytorch,median_latency,False,2.0
796,623,443,170,1236,"[623, 443, 170]",elu,model_5,Float8WeightOnlyConfig,float8,8.0,False,False,pytorch_quantized_median_latency,0.0005270931869745255,pytorch,median_latency,False,2.0
797,623,443,170,1236,"[623, 443, 170]",elu,model_5,Int8DynamicActivationInt8WeightConfig,int8,8.0,True,False,pytorch_quantized_median_latency,0.015035279095172882,pytorch,median_latency,False,2.0
798,623,443,170,1236,"[623, 443, 170]",elu,model_5,Int8WeightOnlyConfig,int8,8.0,False,False,pytorch_quantized_p95_latency,0.0004405396059155464,pytorch,p95_latency,False,2.0
799,623,443,170,1236,"[623, 443, 170]",elu,model_5,Float8WeightOnlyConfig,float8,8.0,False,False,pytorch_quantized_p95_latency,0.0005360690876841546,pytorch,p95_latency,False,2.0
800,623,443,170,1236,"[623, 443, 170]",elu,model_5,Int8DynamicActivationInt8WeightConfig,int8,8.0,True,False,pytorch_quantized_p95_latency,0.015223714150488376,pytorch,p95_latency,False,2.0
801,623,443,170,1236,"[623, 443, 170]",elu,model_5,Int8WeightOnlyConfig,int8,8.0,False,False,pytorch_quantized_p99_latency,0.00044371794909238817,pytorch,p99_latency,False,2.0
802,623,443,170,1236,"[623, 443, 170]",elu,model_5,Float8WeightOnlyConfig,float8,8.0,False,False,pytorch_quantized_p99_latency,0.000549403727054596,pytorch,p99_latency,False,2.0
803,623,443,170,1236,"[623, 443, 170]",elu,model_5,Int8DynamicActivationInt8WeightConfig,int8,8.0,True,False,pytorch_quantized_p99_latency,0.016164356321096418,pytorch,p99_latency,False,2.0
804,623,443,170,1236,"[623, 443, 170]",elu,model_5,Int8WeightOnlyConfig,int8,8.0,False,False,pytorch_relative_model_size,0.25,pytorch,model_size,True,2.0
805,623,443,170,1236,"[623, 443, 170]",elu,model_5,Float8WeightOnlyConfig,float8,8.0,False,False,pytorch_relative_model_size,0.25,pytorch,model_size,True,2.0
806,623,443,170,1236,"[623, 443, 170]",elu,model_5,Int8DynamicActivationInt8WeightConfig,int8,8.0,True,False,pytorch_relative_model_size,0.25,pytorch,model_size,True,2.0
807,623,443,170,1236,"[623, 443, 170]",elu,model_5,Int8WeightOnlyConfig,int8,8.0,False,False,pytorch_relative_median_latency,2.6227476067432356,pytorch,median_latency,True,2.0
808,623,443,170,1236,"[623, 443, 170]",elu,model_5,Float8WeightOnlyConfig,float8,8.0,False,False,pytorch_relative_median_latency,3.221147169639503,pytorch,median_latency,True,2.0
809,623,443,170,1236,"[623, 443, 170]",elu,model_5,Int8DynamicActivationInt8WeightConfig,int8,8.0,True,False,pytorch_relative_median_latency,91.8828926250128,pytorch,median_latency,True,2.0
810,623,443,170,1236,"[623, 443, 170]",elu,model_5,Int8WeightOnlyConfig,int8,8.0,False,False,pytorch_relative_p95_latency,2.52189772849653,pytorch,p95_latency,True,2.0
811,623,443,170,1236,"[623, 443, 170]",elu,model_5,Float8WeightOnlyConfig,float8,8.0,False,False,pytorch_relative_p95_latency,3.0687624821797397,pytorch,p95_latency,True,2.0
812,623,443,170,1236,"[623, 443, 170]",elu,model_5,Int8DynamicActivationInt8WeightConfig,int8,8.0,True,False,pytorch_relative_p95_latency,87.1491453205621,pytorch,p95_latency,True,2.0
813,623,443,170,1236,"[623, 443, 170]",elu,model_5,Int8WeightOnlyConfig,int8,8.0,False,False,pytorch_relative_p99_latency,2.466274813977989,pytorch,p99_latency,True,2.0
814,623,443,170,1236,"[623, 443, 170]",elu,model_5,Float8WeightOnlyConfig,float8,8.0,False,False,pytorch_relative_p99_latency,3.0536979121803833,pytorch,p99_latency,True,2.0
815,623,443,170,1236,"[623, 443, 170]",elu,model_5,Int8DynamicActivationInt8WeightConfig,int8,8.0,True,False,pytorch_relative_p99_latency,89.8447875737959,pytorch,p99_latency,True,2.0
816,623,443,170,1236,"[623, 443, 170]",elu,model_5,Int8WeightOnlyConfig,int8,8.0,False,False,pytorch_quantized_MAE,8.708532313636644,pytorch,MAE,False,3.0
817,623,443,170,1236,"[623, 443, 170]",elu,model_5,Float8WeightOnlyConfig,float8,8.0,False,False,pytorch_quantized_MAE,8.709985002749166,pytorch,MAE,False,3.0
818,623,443,170,1236,"[623, 443, 170]",elu,model_5,Int8DynamicActivationInt8WeightConfig,int8,8.0,True,False,pytorch_quantized_MAE,8.712254866046493,pytorch,MAE,False,3.0
819,623,443,170,1236,"[623, 443, 170]",elu,model_5,Int8WeightOnlyConfig,int8,8.0,False,False,pytorch_relative_MAE,1.0002913234159863,pytorch,MAE,True,3.0
820,623,443,170,1236,"[623, 443, 170]",elu,model_5,Float8WeightOnlyConfig,float8,8.0,False,False,pytorch_relative_MAE,1.0004581841753593,pytorch,MAE,True,3.0
821,623,443,170,1236,"[623, 443, 170]",elu,model_5,Int8DynamicActivationInt8WeightConfig,int8,8.0,True,False,pytorch_relative_MAE,1.0007189083111705,pytorch,MAE,True,3.0
822,623,443,170,1236,"[623, 443, 170]",elu,model_5,Int8WeightOnlyConfig,int8,8.0,False,False,pytorch_quantized_model_size,403169.0,pytorch,model_size,False,3.0
823,623,443,170,1236,"[623, 443, 170]",elu,model_5,Float8WeightOnlyConfig,float8,8.0,False,False,pytorch_quantized_model_size,403169.0,pytorch,model_size,False,3.0
824,623,443,170,1236,"[623, 443, 170]",elu,model_5,Int8DynamicActivationInt8WeightConfig,int8,8.0,True,False,pytorch_quantized_model_size,403169.0,pytorch,model_size,False,3.0
825,623,443,170,1236,"[623, 443, 170]",elu,model_5,Int8WeightOnlyConfig,int8,8.0,False,False,pytorch_quantized_median_latency,0.000420326367020607,pytorch,median_latency,False,3.0
826,623,443,170,1236,"[623, 443, 170]",elu,model_5,Float8WeightOnlyConfig,float8,8.0,False,False,pytorch_quantized_median_latency,0.0005155336111783981,pytorch,median_latency,False,3.0
827,623,443,170,1236,"[623, 443, 170]",elu,model_5,Int8DynamicActivationInt8WeightConfig,int8,8.0,True,False,pytorch_quantized_median_latency,0.014915280044078827,pytorch,median_latency,False,3.0
828,623,443,170,1236,"[623, 443, 170]",elu,model_5,Int8WeightOnlyConfig,int8,8.0,False,False,pytorch_quantized_p95_latency,0.00043125245720148085,pytorch,p95_latency,False,3.0
829,623,443,170,1236,"[623, 443, 170]",elu,model_5,Float8WeightOnlyConfig,float8,8.0,False,False,pytorch_quantized_p95_latency,0.0005250630900263786,pytorch,p95_latency,False,3.0
830,623,443,170,1236,"[623, 443, 170]",elu,model_5,Int8DynamicActivationInt8WeightConfig,int8,8.0,True,False,pytorch_quantized_p95_latency,0.015200422890484332,pytorch,p95_latency,False,3.0
831,623,443,170,1236,"[623, 443, 170]",elu,model_5,Int8WeightOnlyConfig,int8,8.0,False,False,pytorch_quantized_p99_latency,0.00044175609946250916,pytorch,p99_latency,False,3.0
832,623,443,170,1236,"[623, 443, 170]",elu,model_5,Float8WeightOnlyConfig,float8,8.0,False,False,pytorch_quantized_p99_latency,0.0005283766984939575,pytorch,p99_latency,False,3.0
833,623,443,170,1236,"[623, 443, 170]",elu,model_5,Int8DynamicActivationInt8WeightConfig,int8,8.0,True,False,pytorch_quantized_p99_latency,0.01613457441329955,pytorch,p99_latency,False,3.0
834,623,443,170,1236,"[623, 443, 170]",elu,model_5,Int8WeightOnlyConfig,int8,8.0,False,False,pytorch_relative_model_size,0.25,pytorch,model_size,True,3.0
835,623,443,170,1236,"[623, 443, 170]",elu,model_5,Float8WeightOnlyConfig,float8,8.0,False,False,pytorch_relative_model_size,0.25,pytorch,model_size,True,3.0
836,623,443,170,1236,"[623, 443, 170]",elu,model_5,Int8DynamicActivationInt8WeightConfig,int8,8.0,True,False,pytorch_relative_model_size,0.25,pytorch,model_size,True,3.0
837,623,443,170,1236,"[623, 443, 170]",elu,model_5,Int8WeightOnlyConfig,int8,8.0,False,False,pytorch_relative_median_latency,2.5508794537891117,pytorch,median_latency,True,3.0
838,623,443,170,1236,"[623, 443, 170]",elu,model_5,Float8WeightOnlyConfig,float8,8.0,False,False,pytorch_relative_median_latency,3.128673810815699,pytorch,median_latency,True,3.0
839,623,443,170,1236,"[623, 443, 170]",elu,model_5,Int8DynamicActivationInt8WeightConfig,int8,8.0,True,False,pytorch_relative_median_latency,90.51795080484717,pytorch,median_latency,True,3.0
840,623,443,170,1236,"[623, 443, 170]",elu,model_5,Int8WeightOnlyConfig,int8,8.0,False,False,pytorch_relative_p95_latency,2.4441360745295717,pytorch,p95_latency,True,3.0
841,623,443,170,1236,"[623, 443, 170]",elu,model_5,Float8WeightOnlyConfig,float8,8.0,False,False,pytorch_relative_p95_latency,2.975810614657834,pytorch,p95_latency,True,3.0
842,623,443,170,1236,"[623, 443, 170]",elu,model_5,Int8DynamicActivationInt8WeightConfig,int8,8.0,True,False,pytorch_relative_p95_latency,86.14884695574146,pytorch,p95_latency,True,3.0
843,623,443,170,1236,"[623, 443, 170]",elu,model_5,Int8WeightOnlyConfig,int8,8.0,False,False,pytorch_relative_p99_latency,2.4749707229098474,pytorch,p99_latency,True,3.0
844,623,443,170,1236,"[623, 443, 170]",elu,model_5,Float8WeightOnlyConfig,float8,8.0,False,False,pytorch_relative_p99_latency,2.9602689380665623,pytorch,p99_latency,True,3.0
845,623,443,170,1236,"[623, 443, 170]",elu,model_5,Int8DynamicActivationInt8WeightConfig,int8,8.0,True,False,pytorch_relative_p99_latency,90.3951283255925,pytorch,p99_latency,True,3.0
846,334,110,32,476,"[334, 110, 32]",elu,model_50,,,,,,,,,,,
847,128,409,201,738,"[128, 409, 201]",relu,model_51,,,,,,,,,,,
848,518,196,66,780,"[518, 196, 66]",leaky_relu,model_52,,,,,,,,,,,
849,608,362,32,1002,"[608, 362, 32]",gelu,model_53,,,,,,,,,,,
850,220,152,121,493,"[220, 152, 121]",relu,model_54,,,,,,,,,,,
851,360,225,84,669,"[360, 225, 84]",leaky_relu,model_55,,,,,,,,,,,
852,856,64,176,1096,"[856, 64, 176]",leaky_relu,model_56,,,,,,,,,,,
853,839,433,101,1373,"[839, 433, 101]",celu,model_57,,,,,,,,,,,
854,438,194,193,825,"[438, 194, 193]",leaky_relu,model_58,,,,,,,,,,,
855,129,325,43,497,"[129, 325, 43]",leaky_relu,model_59,,,,,,,,,,,
856,128,177,93,398,"[128, 177, 93]",elu,model_6,Int8WeightOnlyConfig,int8,8.0,False,False,pytorch_quantized_MAE,9.413094937745289,pytorch,MAE,False,1.0
857,128,177,93,398,"[128, 177, 93]",elu,model_6,Float8WeightOnlyConfig,float8,8.0,False,False,pytorch_quantized_MAE,9.407282609482026,pytorch,MAE,False,1.0
858,128,177,93,398,"[128, 177, 93]",elu,model_6,Int8DynamicActivationInt8WeightConfig,int8,8.0,True,False,pytorch_quantized_MAE,9.422789558417822,pytorch,MAE,False,1.0
859,128,177,93,398,"[128, 177, 93]",elu,model_6,Int8WeightOnlyConfig,int8,8.0,False,False,pytorch_relative_MAE,1.0007644154371511,pytorch,MAE,True,1.0
860,128,177,93,398,"[128, 177, 93]",elu,model_6,Float8WeightOnlyConfig,float8,8.0,False,False,pytorch_relative_MAE,1.0001464708253966,pytorch,MAE,True,1.0
861,128,177,93,398,"[128, 177, 93]",elu,model_6,Int8DynamicActivationInt8WeightConfig,int8,8.0,True,False,pytorch_relative_MAE,1.0017951105968619,pytorch,MAE,True,1.0
862,128,177,93,398,"[128, 177, 93]",elu,model_6,Int8WeightOnlyConfig,int8,8.0,False,False,pytorch_quantized_model_size,49977.0,pytorch,model_size,False,1.0
863,128,177,93,398,"[128, 177, 93]",elu,model_6,Float8WeightOnlyConfig,float8,8.0,False,False,pytorch_quantized_model_size,49977.0,pytorch,model_size,False,1.0
864,128,177,93,398,"[128, 177, 93]",elu,model_6,Int8DynamicActivationInt8WeightConfig,int8,8.0,True,False,pytorch_quantized_model_size,49977.0,pytorch,model_size,False,1.0
865,128,177,93,398,"[128, 177, 93]",elu,model_6,Int8WeightOnlyConfig,int8,8.0,False,False,pytorch_quantized_median_latency,0.0004081074148416519,pytorch,median_latency,False,1.0
866,128,177,93,398,"[128, 177, 93]",elu,model_6,Float8WeightOnlyConfig,float8,8.0,False,False,pytorch_quantized_median_latency,0.0005119536072015762,pytorch,median_latency,False,1.0
867,128,177,93,398,"[128, 177, 93]",elu,model_6,Int8DynamicActivationInt8WeightConfig,int8,8.0,True,False,pytorch_quantized_median_latency,0.007678920403122902,pytorch,median_latency,False,1.0
868,128,177,93,398,"[128, 177, 93]",elu,model_6,Int8WeightOnlyConfig,int8,8.0,False,False,pytorch_quantized_p95_latency,0.0004196608439087868,pytorch,p95_latency,False,1.0
869,128,177,93,398,"[128, 177, 93]",elu,model_6,Float8WeightOnlyConfig,float8,8.0,False,False,pytorch_quantized_p95_latency,0.0005213841795921326,pytorch,p95_latency,False,1.0
870,128,177,93,398,"[128, 177, 93]",elu,model_6,Int8DynamicActivationInt8WeightConfig,int8,8.0,True,False,pytorch_quantized_p95_latency,0.007786637730896473,pytorch,p95_latency,False,1.0
871,128,177,93,398,"[128, 177, 93]",elu,model_6,Int8WeightOnlyConfig,int8,8.0,False,False,pytorch_quantized_p99_latency,0.0004279711097478866,pytorch,p99_latency,False,1.0
872,128,177,93,398,"[128, 177, 93]",elu,model_6,Float8WeightOnlyConfig,float8,8.0,False,False,pytorch_quantized_p99_latency,0.000527651123702526,pytorch,p99_latency,False,1.0
873,128,177,93,398,"[128, 177, 93]",elu,model_6,Int8DynamicActivationInt8WeightConfig,int8,8.0,True,False,pytorch_quantized_p99_latency,0.009036448448896409,pytorch,p99_latency,False,1.0
874,128,177,93,398,"[128, 177, 93]",elu,model_6,Int8WeightOnlyConfig,int8,8.0,False,False,pytorch_relative_model_size,0.25,pytorch,model_size,True,1.0
875,128,177,93,398,"[128, 177, 93]",elu,model_6,Float8WeightOnlyConfig,float8,8.0,False,False,pytorch_relative_model_size,0.25,pytorch,model_size,True,1.0
876,128,177,93,398,"[128, 177, 93]",elu,model_6,Int8DynamicActivationInt8WeightConfig,int8,8.0,True,False,pytorch_relative_model_size,0.25,pytorch,model_size,True,1.0
877,128,177,93,398,"[128, 177, 93]",elu,model_6,Int8WeightOnlyConfig,int8,8.0,False,False,pytorch_relative_median_latency,2.5695270262346224,pytorch,median_latency,True,1.0
878,128,177,93,398,"[128, 177, 93]",elu,model_6,Float8WeightOnlyConfig,float8,8.0,False,False,pytorch_relative_median_latency,3.22336370779533,pytorch,median_latency,True,1.0
879,128,177,93,398,"[128, 177, 93]",elu,model_6,Int8DynamicActivationInt8WeightConfig,int8,8.0,True,False,pytorch_relative_median_latency,48.348039733080014,pytorch,median_latency,True,1.0
880,128,177,93,398,"[128, 177, 93]",elu,model_6,Int8WeightOnlyConfig,int8,8.0,False,False,pytorch_relative_p95_latency,2.4546977873218525,pytorch,p95_latency,True,1.0
881,128,177,93,398,"[128, 177, 93]",elu,model_6,Float8WeightOnlyConfig,float8,8.0,False,False,pytorch_relative_p95_latency,3.049702183479382,pytorch,p95_latency,True,1.0
882,128,177,93,398,"[128, 177, 93]",elu,model_6,Int8DynamicActivationInt8WeightConfig,int8,8.0,True,False,pytorch_relative_p95_latency,45.54592758923873,pytorch,p95_latency,True,1.0
883,128,177,93,398,"[128, 177, 93]",elu,model_6,Int8WeightOnlyConfig,int8,8.0,False,False,pytorch_relative_p99_latency,2.441993248535804,pytorch,p99_latency,True,1.0
884,128,177,93,398,"[128, 177, 93]",elu,model_6,Float8WeightOnlyConfig,float8,8.0,False,False,pytorch_relative_p99_latency,3.010765101464333,pytorch,p99_latency,True,1.0
885,128,177,93,398,"[128, 177, 93]",elu,model_6,Int8DynamicActivationInt8WeightConfig,int8,8.0,True,False,pytorch_relative_p99_latency,51.561765736818735,pytorch,p99_latency,True,1.0
886,128,177,93,398,"[128, 177, 93]",elu,model_6,Int8WeightOnlyConfig,int8,8.0,False,False,pytorch_quantized_MAE,9.463349493965156,pytorch,MAE,False,2.0
887,128,177,93,398,"[128, 177, 93]",elu,model_6,Float8WeightOnlyConfig,float8,8.0,False,False,pytorch_quantized_MAE,9.459229531202917,pytorch,MAE,False,2.0
888,128,177,93,398,"[128, 177, 93]",elu,model_6,Int8DynamicActivationInt8WeightConfig,int8,8.0,True,False,pytorch_quantized_MAE,9.469434653826738,pytorch,MAE,False,2.0
889,128,177,93,398,"[128, 177, 93]",elu,model_6,Int8WeightOnlyConfig,int8,8.0,False,False,pytorch_relative_MAE,1.0006216881372019,pytorch,MAE,True,2.0
890,128,177,93,398,"[128, 177, 93]",elu,model_6,Float8WeightOnlyConfig,float8,8.0,False,False,pytorch_relative_MAE,1.0001860575925576,pytorch,MAE,True,2.0
891,128,177,93,398,"[128, 177, 93]",elu,model_6,Int8DynamicActivationInt8WeightConfig,int8,8.0,True,False,pytorch_relative_MAE,1.0012651117936107,pytorch,MAE,True,2.0
892,128,177,93,398,"[128, 177, 93]",elu,model_6,Int8WeightOnlyConfig,int8,8.0,False,False,pytorch_quantized_model_size,49977.0,pytorch,model_size,False,2.0
893,128,177,93,398,"[128, 177, 93]",elu,model_6,Float8WeightOnlyConfig,float8,8.0,False,False,pytorch_quantized_model_size,49977.0,pytorch,model_size,False,2.0
894,128,177,93,398,"[128, 177, 93]",elu,model_6,Int8DynamicActivationInt8WeightConfig,int8,8.0,True,False,pytorch_quantized_model_size,49977.0,pytorch,model_size,False,2.0
895,128,177,93,398,"[128, 177, 93]",elu,model_6,Int8WeightOnlyConfig,int8,8.0,False,False,pytorch_quantized_median_latency,0.0004162285476922989,pytorch,median_latency,False,2.0
896,128,177,93,398,"[128, 177, 93]",elu,model_6,Float8WeightOnlyConfig,float8,8.0,False,False,pytorch_quantized_median_latency,0.0005047731101512909,pytorch,median_latency,False,2.0
897,128,177,93,398,"[128, 177, 93]",elu,model_6,Int8DynamicActivationInt8WeightConfig,int8,8.0,True,False,pytorch_quantized_median_latency,0.007648330181837082,pytorch,median_latency,False,2.0
898,128,177,93,398,"[128, 177, 93]",elu,model_6,Int8WeightOnlyConfig,int8,8.0,False,False,pytorch_quantized_p95_latency,0.00042694583535194395,pytorch,p95_latency,False,2.0
899,128,177,93,398,"[128, 177, 93]",elu,model_6,Float8WeightOnlyConfig,float8,8.0,False,False,pytorch_quantized_p95_latency,0.0005125977098941803,pytorch,p95_latency,False,2.0
900,128,177,93,398,"[128, 177, 93]",elu,model_6,Int8DynamicActivationInt8WeightConfig,int8,8.0,True,False,pytorch_quantized_p95_latency,0.007900146022439002,pytorch,p95_latency,False,2.0
901,128,177,93,398,"[128, 177, 93]",elu,model_6,Int8WeightOnlyConfig,int8,8.0,False,False,pytorch_quantized_p99_latency,0.0004289844259619713,pytorch,p99_latency,False,2.0
902,128,177,93,398,"[128, 177, 93]",elu,model_6,Float8WeightOnlyConfig,float8,8.0,False,False,pytorch_quantized_p99_latency,0.000517655648291111,pytorch,p99_latency,False,2.0
903,128,177,93,398,"[128, 177, 93]",elu,model_6,Int8DynamicActivationInt8WeightConfig,int8,8.0,True,False,pytorch_quantized_p99_latency,0.010036237016320226,pytorch,p99_latency,False,2.0
904,128,177,93,398,"[128, 177, 93]",elu,model_6,Int8WeightOnlyConfig,int8,8.0,False,False,pytorch_relative_model_size,0.25,pytorch,model_size,True,2.0
905,128,177,93,398,"[128, 177, 93]",elu,model_6,Float8WeightOnlyConfig,float8,8.0,False,False,pytorch_relative_model_size,0.25,pytorch,model_size,True,2.0
906,128,177,93,398,"[128, 177, 93]",elu,model_6,Int8DynamicActivationInt8WeightConfig,int8,8.0,True,False,pytorch_relative_model_size,0.25,pytorch,model_size,True,2.0
907,128,177,93,398,"[128, 177, 93]",elu,model_6,Int8WeightOnlyConfig,int8,8.0,False,False,pytorch_relative_median_latency,2.5964816471654486,pytorch,median_latency,True,2.0
908,128,177,93,398,"[128, 177, 93]",elu,model_6,Float8WeightOnlyConfig,float8,8.0,False,False,pytorch_relative_median_latency,3.1488328317627783,pytorch,median_latency,True,2.0
909,128,177,93,398,"[128, 177, 93]",elu,model_6,Int8DynamicActivationInt8WeightConfig,int8,8.0,True,False,pytorch_relative_median_latency,47.711165076746106,pytorch,median_latency,True,2.0
910,128,177,93,398,"[128, 177, 93]",elu,model_6,Int8WeightOnlyConfig,int8,8.0,False,False,pytorch_relative_p95_latency,2.4955747780312145,pytorch,p95_latency,True,2.0
911,128,177,93,398,"[128, 177, 93]",elu,model_6,Float8WeightOnlyConfig,float8,8.0,False,False,pytorch_relative_p95_latency,2.99622530580249,pytorch,p95_latency,True,2.0
912,128,177,93,398,"[128, 177, 93]",elu,model_6,Int8DynamicActivationInt8WeightConfig,int8,8.0,True,False,pytorch_relative_p95_latency,46.17776664833938,pytorch,p95_latency,True,2.0
913,128,177,93,398,"[128, 177, 93]",elu,model_6,Int8WeightOnlyConfig,int8,8.0,False,False,pytorch_relative_p99_latency,2.487053479542729,pytorch,p99_latency,True,2.0
914,128,177,93,398,"[128, 177, 93]",elu,model_6,Float8WeightOnlyConfig,float8,8.0,False,False,pytorch_relative_p99_latency,3.0011282540161117,pytorch,p99_latency,True,2.0
915,128,177,93,398,"[128, 177, 93]",elu,model_6,Int8DynamicActivationInt8WeightConfig,int8,8.0,True,False,pytorch_relative_p99_latency,58.18546474497765,pytorch,p99_latency,True,2.0
916,128,177,93,398,"[128, 177, 93]",elu,model_6,Int8WeightOnlyConfig,int8,8.0,False,False,pytorch_quantized_MAE,9.616868816673588,pytorch,MAE,False,3.0
917,128,177,93,398,"[128, 177, 93]",elu,model_6,Float8WeightOnlyConfig,float8,8.0,False,False,pytorch_quantized_MAE,9.61073591747266,pytorch,MAE,False,3.0
918,128,177,93,398,"[128, 177, 93]",elu,model_6,Int8DynamicActivationInt8WeightConfig,int8,8.0,True,False,pytorch_quantized_MAE,9.621794233205513,pytorch,MAE,False,3.0
919,128,177,93,398,"[128, 177, 93]",elu,model_6,Int8WeightOnlyConfig,int8,8.0,False,False,pytorch_relative_MAE,1.0006792674086116,pytorch,MAE,True,3.0
920,128,177,93,398,"[128, 177, 93]",elu,model_6,Float8WeightOnlyConfig,float8,8.0,False,False,pytorch_relative_MAE,1.0000411111441905,pytorch,MAE,True,3.0
921,128,177,93,398,"[128, 177, 93]",elu,model_6,Int8DynamicActivationInt8WeightConfig,int8,8.0,True,False,pytorch_relative_MAE,1.0011917795683183,pytorch,MAE,True,3.0
922,128,177,93,398,"[128, 177, 93]",elu,model_6,Int8WeightOnlyConfig,int8,8.0,False,False,pytorch_quantized_model_size,49977.0,pytorch,model_size,False,3.0
923,128,177,93,398,"[128, 177, 93]",elu,model_6,Float8WeightOnlyConfig,float8,8.0,False,False,pytorch_quantized_model_size,49977.0,pytorch,model_size,False,3.0
924,128,177,93,398,"[128, 177, 93]",elu,model_6,Int8DynamicActivationInt8WeightConfig,int8,8.0,True,False,pytorch_quantized_model_size,49977.0,pytorch,model_size,False,3.0
925,128,177,93,398,"[128, 177, 93]",elu,model_6,Int8WeightOnlyConfig,int8,8.0,False,False,pytorch_quantized_median_latency,0.0004199966788291931,pytorch,median_latency,False,3.0
926,128,177,93,398,"[128, 177, 93]",elu,model_6,Float8WeightOnlyConfig,float8,8.0,False,False,pytorch_quantized_median_latency,0.0004965886473655701,pytorch,median_latency,False,3.0
927,128,177,93,398,"[128, 177, 93]",elu,model_6,Int8DynamicActivationInt8WeightConfig,int8,8.0,True,False,pytorch_quantized_median_latency,0.007602360099554062,pytorch,median_latency,False,3.0
928,128,177,93,398,"[128, 177, 93]",elu,model_6,Int8WeightOnlyConfig,int8,8.0,False,False,pytorch_quantized_p95_latency,0.00043160729110240935,pytorch,p95_latency,False,3.0
929,128,177,93,398,"[128, 177, 93]",elu,model_6,Float8WeightOnlyConfig,float8,8.0,False,False,pytorch_quantized_p95_latency,0.0005051417276263237,pytorch,p95_latency,False,3.0
930,128,177,93,398,"[128, 177, 93]",elu,model_6,Int8DynamicActivationInt8WeightConfig,int8,8.0,True,False,pytorch_quantized_p95_latency,0.007809850759804248,pytorch,p95_latency,False,3.0
931,128,177,93,398,"[128, 177, 93]",elu,model_6,Int8WeightOnlyConfig,int8,8.0,False,False,pytorch_quantized_p99_latency,0.00043461561203002926,pytorch,p99_latency,False,3.0
932,128,177,93,398,"[128, 177, 93]",elu,model_6,Float8WeightOnlyConfig,float8,8.0,False,False,pytorch_quantized_p99_latency,0.0005110515281558037,pytorch,p99_latency,False,3.0
933,128,177,93,398,"[128, 177, 93]",elu,model_6,Int8DynamicActivationInt8WeightConfig,int8,8.0,True,False,pytorch_quantized_p99_latency,0.009667013846337794,pytorch,p99_latency,False,3.0
934,128,177,93,398,"[128, 177, 93]",elu,model_6,Int8WeightOnlyConfig,int8,8.0,False,False,pytorch_relative_model_size,0.25,pytorch,model_size,True,3.0
935,128,177,93,398,"[128, 177, 93]",elu,model_6,Float8WeightOnlyConfig,float8,8.0,False,False,pytorch_relative_model_size,0.25,pytorch,model_size,True,3.0
936,128,177,93,398,"[128, 177, 93]",elu,model_6,Int8DynamicActivationInt8WeightConfig,int8,8.0,True,False,pytorch_relative_model_size,0.25,pytorch,model_size,True,3.0
937,128,177,93,398,"[128, 177, 93]",elu,model_6,Int8WeightOnlyConfig,int8,8.0,False,False,pytorch_relative_median_latency,2.6268552389384654,pytorch,median_latency,True,3.0
938,128,177,93,398,"[128, 177, 93]",elu,model_6,Float8WeightOnlyConfig,float8,8.0,False,False,pytorch_relative_median_latency,3.1058971551061303,pytorch,median_latency,True,3.0
939,128,177,93,398,"[128, 177, 93]",elu,model_6,Int8DynamicActivationInt8WeightConfig,int8,8.0,True,False,pytorch_relative_median_latency,47.548708031408005,pytorch,median_latency,True,3.0
940,128,177,93,398,"[128, 177, 93]",elu,model_6,Int8WeightOnlyConfig,int8,8.0,False,False,pytorch_relative_p95_latency,2.528669378116266,pytorch,p95_latency,True,3.0
941,128,177,93,398,"[128, 177, 93]",elu,model_6,Float8WeightOnlyConfig,float8,8.0,False,False,pytorch_relative_p95_latency,2.9594875818591144,pytorch,p95_latency,True,3.0
942,128,177,93,398,"[128, 177, 93]",elu,model_6,Int8DynamicActivationInt8WeightConfig,int8,8.0,True,False,pytorch_relative_p95_latency,45.7557851108897,pytorch,p95_latency,True,3.0
943,128,177,93,398,"[128, 177, 93]",elu,model_6,Int8WeightOnlyConfig,int8,8.0,False,False,pytorch_relative_p99_latency,2.5100682432678108,pytorch,p99_latency,True,3.0
944,128,177,93,398,"[128, 177, 93]",elu,model_6,Float8WeightOnlyConfig,float8,8.0,False,False,pytorch_relative_p99_latency,2.9515143404667583,pytorch,p99_latency,True,3.0
945,128,177,93,398,"[128, 177, 93]",elu,model_6,Int8DynamicActivationInt8WeightConfig,int8,8.0,True,False,pytorch_relative_p99_latency,55.830632382451455,pytorch,p99_latency,True,3.0
946,639,64,134,837,"[639, 64, 134]",relu,model_60,,,,,,,,,,,
947,504,278,217,999,"[504, 278, 217]",celu,model_61,,,,,,,,,,,
948,128,64,83,275,"[128, 64, 83]",relu,model_62,,,,,,,,,,,
949,240,365,159,764,"[240, 365, 159]",celu,model_63,,,,,,,,,,,
950,750,129,32,911,"[750, 129, 32]",celu,model_64,,,,,,,,,,,
951,429,312,112,853,"[429, 312, 112]",leaky_relu,model_7,Int8WeightOnlyConfig,int8,8.0,False,False,pytorch_quantized_MAE,8.347649058416444,pytorch,MAE,False,1.0
952,429,312,112,853,"[429, 312, 112]",leaky_relu,model_7,Float8WeightOnlyConfig,float8,8.0,False,False,pytorch_quantized_MAE,8.382486093975078,pytorch,MAE,False,1.0
953,429,312,112,853,"[429, 312, 112]",leaky_relu,model_7,Int8DynamicActivationInt8WeightConfig,int8,8.0,True,False,pytorch_quantized_MAE,8.352770054441292,pytorch,MAE,False,1.0
954,429,312,112,853,"[429, 312, 112]",leaky_relu,model_7,Int8WeightOnlyConfig,int8,8.0,False,False,pytorch_relative_MAE,0.9989193480320396,pytorch,MAE,True,1.0
955,429,312,112,853,"[429, 312, 112]",leaky_relu,model_7,Float8WeightOnlyConfig,float8,8.0,False,False,pytorch_relative_MAE,1.003088113226177,pytorch,MAE,True,1.0
956,429,312,112,853,"[429, 312, 112]",leaky_relu,model_7,Int8DynamicActivationInt8WeightConfig,int8,8.0,True,False,pytorch_relative_MAE,0.999532150747465,pytorch,MAE,True,1.0
957,429,312,112,853,"[429, 312, 112]",leaky_relu,model_7,Int8WeightOnlyConfig,int8,8.0,False,False,pytorch_quantized_model_size,204507.0,pytorch,model_size,False,1.0
958,429,312,112,853,"[429, 312, 112]",leaky_relu,model_7,Float8WeightOnlyConfig,float8,8.0,False,False,pytorch_quantized_model_size,204507.0,pytorch,model_size,False,1.0
959,429,312,112,853,"[429, 312, 112]",leaky_relu,model_7,Int8DynamicActivationInt8WeightConfig,int8,8.0,True,False,pytorch_quantized_model_size,204507.0,pytorch,model_size,False,1.0
960,429,312,112,853,"[429, 312, 112]",leaky_relu,model_7,Int8WeightOnlyConfig,int8,8.0,False,False,pytorch_quantized_median_latency,0.00041299499571323395,pytorch,median_latency,False,1.0
961,429,312,112,853,"[429, 312, 112]",leaky_relu,model_7,Float8WeightOnlyConfig,float8,8.0,False,False,pytorch_quantized_median_latency,0.0005111712962388992,pytorch,median_latency,False,1.0
962,429,312,112,853,"[429, 312, 112]",leaky_relu,model_7,Int8DynamicActivationInt8WeightConfig,int8,8.0,True,False,pytorch_quantized_median_latency,0.009993458166718483,pytorch,median_latency,False,1.0
963,429,312,112,853,"[429, 312, 112]",leaky_relu,model_7,Int8WeightOnlyConfig,int8,8.0,False,False,pytorch_quantized_p95_latency,0.00042464304715394974,pytorch,p95_latency,False,1.0
964,429,312,112,853,"[429, 312, 112]",leaky_relu,model_7,Float8WeightOnlyConfig,float8,8.0,False,False,pytorch_quantized_p95_latency,0.0005281930789351463,pytorch,p95_latency,False,1.0
965,429,312,112,853,"[429, 312, 112]",leaky_relu,model_7,Int8DynamicActivationInt8WeightConfig,int8,8.0,True,False,pytorch_quantized_p95_latency,0.010287783294916152,pytorch,p95_latency,False,1.0
966,429,312,112,853,"[429, 312, 112]",leaky_relu,model_7,Int8WeightOnlyConfig,int8,8.0,False,False,pytorch_quantized_p99_latency,0.000432998314499855,pytorch,p99_latency,False,1.0
967,429,312,112,853,"[429, 312, 112]",leaky_relu,model_7,Float8WeightOnlyConfig,float8,8.0,False,False,pytorch_quantized_p99_latency,0.0005517318099737166,pytorch,p99_latency,False,1.0
968,429,312,112,853,"[429, 312, 112]",leaky_relu,model_7,Int8DynamicActivationInt8WeightConfig,int8,8.0,True,False,pytorch_quantized_p99_latency,0.011528314687311648,pytorch,p99_latency,False,1.0
969,429,312,112,853,"[429, 312, 112]",leaky_relu,model_7,Int8WeightOnlyConfig,int8,8.0,False,False,pytorch_relative_model_size,0.25,pytorch,model_size,True,1.0
970,429,312,112,853,"[429, 312, 112]",leaky_relu,model_7,Float8WeightOnlyConfig,float8,8.0,False,False,pytorch_relative_model_size,0.25,pytorch,model_size,True,1.0
971,429,312,112,853,"[429, 312, 112]",leaky_relu,model_7,Int8DynamicActivationInt8WeightConfig,int8,8.0,True,False,pytorch_relative_model_size,0.25,pytorch,model_size,True,1.0
972,429,312,112,853,"[429, 312, 112]",leaky_relu,model_7,Int8WeightOnlyConfig,int8,8.0,False,False,pytorch_relative_median_latency,2.57529298349536,pytorch,median_latency,True,1.0
973,429,312,112,853,"[429, 312, 112]",leaky_relu,model_7,Float8WeightOnlyConfig,float8,8.0,False,False,pytorch_relative_median_latency,3.1874862074172157,pytorch,median_latency,True,1.0
974,429,312,112,853,"[429, 312, 112]",leaky_relu,model_7,Int8DynamicActivationInt8WeightConfig,int8,8.0,True,False,pytorch_relative_median_latency,62.31572528659535,pytorch,median_latency,True,1.0
975,429,312,112,853,"[429, 312, 112]",leaky_relu,model_7,Int8WeightOnlyConfig,int8,8.0,False,False,pytorch_relative_p95_latency,2.4712741486850067,pytorch,p95_latency,True,1.0
976,429,312,112,853,"[429, 312, 112]",leaky_relu,model_7,Float8WeightOnlyConfig,float8,8.0,False,False,pytorch_relative_p95_latency,3.0738991494980024,pytorch,p95_latency,True,1.0
977,429,312,112,853,"[429, 312, 112]",leaky_relu,model_7,Int8DynamicActivationInt8WeightConfig,int8,8.0,True,False,pytorch_relative_p95_latency,59.87130385013127,pytorch,p95_latency,True,1.0
978,429,312,112,853,"[429, 312, 112]",leaky_relu,model_7,Int8WeightOnlyConfig,int8,8.0,False,False,pytorch_relative_p99_latency,2.4849777333085328,pytorch,p99_latency,True,1.0
979,429,312,112,853,"[429, 312, 112]",leaky_relu,model_7,Float8WeightOnlyConfig,float8,8.0,False,False,pytorch_relative_p99_latency,3.166389375271251,pytorch,p99_latency,True,1.0
980,429,312,112,853,"[429, 312, 112]",leaky_relu,model_7,Int8DynamicActivationInt8WeightConfig,int8,8.0,True,False,pytorch_relative_p99_latency,66.16100881046908,pytorch,p99_latency,True,1.0
981,429,312,112,853,"[429, 312, 112]",leaky_relu,model_7,Int8WeightOnlyConfig,int8,8.0,False,False,pytorch_quantized_MAE,8.213681254202985,pytorch,MAE,False,2.0
982,429,312,112,853,"[429, 312, 112]",leaky_relu,model_7,Float8WeightOnlyConfig,float8,8.0,False,False,pytorch_quantized_MAE,8.250383766439874,pytorch,MAE,False,2.0
983,429,312,112,853,"[429, 312, 112]",leaky_relu,model_7,Int8DynamicActivationInt8WeightConfig,int8,8.0,True,False,pytorch_quantized_MAE,8.220323040478654,pytorch,MAE,False,2.0
984,429,312,112,853,"[429, 312, 112]",leaky_relu,model_7,Int8WeightOnlyConfig,int8,8.0,False,False,pytorch_relative_MAE,0.9988577014831781,pytorch,MAE,True,2.0
985,429,312,112,853,"[429, 312, 112]",leaky_relu,model_7,Float8WeightOnlyConfig,float8,8.0,False,False,pytorch_relative_MAE,1.0033210579097303,pytorch,MAE,True,2.0
986,429,312,112,853,"[429, 312, 112]",leaky_relu,model_7,Int8DynamicActivationInt8WeightConfig,int8,8.0,True,False,pytorch_relative_MAE,0.9996654025818374,pytorch,MAE,True,2.0
987,429,312,112,853,"[429, 312, 112]",leaky_relu,model_7,Int8WeightOnlyConfig,int8,8.0,False,False,pytorch_quantized_model_size,204507.0,pytorch,model_size,False,2.0
988,429,312,112,853,"[429, 312, 112]",leaky_relu,model_7,Float8WeightOnlyConfig,float8,8.0,False,False,pytorch_quantized_model_size,204507.0,pytorch,model_size,False,2.0
989,429,312,112,853,"[429, 312, 112]",leaky_relu,model_7,Int8DynamicActivationInt8WeightConfig,int8,8.0,True,False,pytorch_quantized_model_size,204507.0,pytorch,model_size,False,2.0
990,429,312,112,853,"[429, 312, 112]",leaky_relu,model_7,Int8WeightOnlyConfig,int8,8.0,False,False,pytorch_quantized_median_latency,0.0004809107631444931,pytorch,median_latency,False,2.0
991,429,312,112,853,"[429, 312, 112]",leaky_relu,model_7,Float8WeightOnlyConfig,float8,8.0,False,False,pytorch_quantized_median_latency,0.000523226335644722,pytorch,median_latency,False,2.0
992,429,312,112,853,"[429, 312, 112]",leaky_relu,model_7,Int8DynamicActivationInt8WeightConfig,int8,8.0,True,False,pytorch_quantized_median_latency,0.010183293372392654,pytorch,median_latency,False,2.0
993,429,312,112,853,"[429, 312, 112]",leaky_relu,model_7,Int8WeightOnlyConfig,int8,8.0,False,False,pytorch_quantized_p95_latency,0.0004899846389889717,pytorch,p95_latency,False,2.0
994,429,312,112,853,"[429, 312, 112]",leaky_relu,model_7,Float8WeightOnlyConfig,float8,8.0,False,False,pytorch_quantized_p95_latency,0.0005302144214510918,pytorch,p95_latency,False,2.0
995,429,312,112,853,"[429, 312, 112]",leaky_relu,model_7,Int8DynamicActivationInt8WeightConfig,int8,8.0,True,False,pytorch_quantized_p95_latency,0.010449280776083468,pytorch,p95_latency,False,2.0
996,429,312,112,853,"[429, 312, 112]",leaky_relu,model_7,Int8WeightOnlyConfig,int8,8.0,False,False,pytorch_quantized_p99_latency,0.0004920357838273049,pytorch,p99_latency,False,2.0
997,429,312,112,853,"[429, 312, 112]",leaky_relu,model_7,Float8WeightOnlyConfig,float8,8.0,False,False,pytorch_quantized_p99_latency,0.0005345149338245392,pytorch,p99_latency,False,2.0
998,429,312,112,853,"[429, 312, 112]",leaky_relu,model_7,Int8DynamicActivationInt8WeightConfig,int8,8.0,True,False,pytorch_quantized_p99_latency,0.011560740545392035,pytorch,p99_latency,False,2.0
999,429,312,112,853,"[429, 312, 112]",leaky_relu,model_7,Int8WeightOnlyConfig,int8,8.0,False,False,pytorch_relative_model_size,0.25,pytorch,model_size,True,2.0
1000,429,312,112,853,"[429, 312, 112]",leaky_relu,model_7,Float8WeightOnlyConfig,float8,8.0,False,False,pytorch_relative_model_size,0.25,pytorch,model_size,True,2.0
1001,429,312,112,853,"[429, 312, 112]",leaky_relu,model_7,Int8DynamicActivationInt8WeightConfig,int8,8.0,True,False,pytorch_relative_model_size,0.25,pytorch,model_size,True,2.0
1002,429,312,112,853,"[429, 312, 112]",leaky_relu,model_7,Int8WeightOnlyConfig,int8,8.0,False,False,pytorch_relative_median_latency,2.9047961927477695,pytorch,median_latency,True,2.0
1003,429,312,112,853,"[429, 312, 112]",leaky_relu,model_7,Float8WeightOnlyConfig,float8,8.0,False,False,pytorch_relative_median_latency,3.1603906258789647,pytorch,median_latency,True,2.0
1004,429,312,112,853,"[429, 312, 112]",leaky_relu,model_7,Int8DynamicActivationInt8WeightConfig,int8,8.0,True,False,pytorch_relative_median_latency,61.50910747837044,pytorch,median_latency,True,2.0
1005,429,312,112,853,"[429, 312, 112]",leaky_relu,model_7,Int8WeightOnlyConfig,int8,8.0,False,False,pytorch_relative_p95_latency,2.755629977100884,pytorch,p95_latency,True,2.0
1006,429,312,112,853,"[429, 312, 112]",leaky_relu,model_7,Float8WeightOnlyConfig,float8,8.0,False,False,pytorch_relative_p95_latency,2.981878691251616,pytorch,p95_latency,True,2.0
1007,429,312,112,853,"[429, 312, 112]",leaky_relu,model_7,Int8DynamicActivationInt8WeightConfig,int8,8.0,True,False,pytorch_relative_p95_latency,58.76582458816159,pytorch,p95_latency,True,2.0
1008,429,312,112,853,"[429, 312, 112]",leaky_relu,model_7,Int8WeightOnlyConfig,int8,8.0,False,False,pytorch_relative_p99_latency,2.6856420670276675,pytorch,p99_latency,True,2.0
1009,429,312,112,853,"[429, 312, 112]",leaky_relu,model_7,Float8WeightOnlyConfig,float8,8.0,False,False,pytorch_relative_p99_latency,2.9175028299111085,pytorch,p99_latency,True,2.0
1010,429,312,112,853,"[429, 312, 112]",leaky_relu,model_7,Int8DynamicActivationInt8WeightConfig,int8,8.0,True,False,pytorch_relative_p99_latency,63.101124258056984,pytorch,p99_latency,True,2.0
1011,429,312,112,853,"[429, 312, 112]",leaky_relu,model_7,Int8WeightOnlyConfig,int8,8.0,False,False,pytorch_quantized_MAE,8.024437905255065,pytorch,MAE,False,3.0
1012,429,312,112,853,"[429, 312, 112]",leaky_relu,model_7,Float8WeightOnlyConfig,float8,8.0,False,False,pytorch_quantized_MAE,8.06075329210886,pytorch,MAE,False,3.0
1013,429,312,112,853,"[429, 312, 112]",leaky_relu,model_7,Int8DynamicActivationInt8WeightConfig,int8,8.0,True,False,pytorch_quantized_MAE,8.028773870315623,pytorch,MAE,False,3.0
1014,429,312,112,853,"[429, 312, 112]",leaky_relu,model_7,Int8WeightOnlyConfig,int8,8.0,False,False,pytorch_relative_MAE,0.9989489603715579,pytorch,MAE,True,3.0
1015,429,312,112,853,"[429, 312, 112]",leaky_relu,model_7,Float8WeightOnlyConfig,float8,8.0,False,False,pytorch_relative_MAE,1.003469802625111,pytorch,MAE,True,3.0
1016,429,312,112,853,"[429, 312, 112]",leaky_relu,model_7,Int8DynamicActivationInt8WeightConfig,int8,8.0,True,False,pytorch_relative_MAE,0.9994887374675482,pytorch,MAE,True,3.0
1017,429,312,112,853,"[429, 312, 112]",leaky_relu,model_7,Int8WeightOnlyConfig,int8,8.0,False,False,pytorch_quantized_model_size,204507.0,pytorch,model_size,False,3.0
1018,429,312,112,853,"[429, 312, 112]",leaky_relu,model_7,Float8WeightOnlyConfig,float8,8.0,False,False,pytorch_quantized_model_size,204507.0,pytorch,model_size,False,3.0
1019,429,312,112,853,"[429, 312, 112]",leaky_relu,model_7,Int8DynamicActivationInt8WeightConfig,int8,8.0,True,False,pytorch_quantized_model_size,204507.0,pytorch,model_size,False,3.0
1020,429,312,112,853,"[429, 312, 112]",leaky_relu,model_7,Int8WeightOnlyConfig,int8,8.0,False,False,pytorch_quantized_median_latency,0.00043155625462532043,pytorch,median_latency,False,3.0
1021,429,312,112,853,"[429, 312, 112]",leaky_relu,model_7,Float8WeightOnlyConfig,float8,8.0,False,False,pytorch_quantized_median_latency,0.0005257781594991684,pytorch,median_latency,False,3.0
1022,429,312,112,853,"[429, 312, 112]",leaky_relu,model_7,Int8DynamicActivationInt8WeightConfig,int8,8.0,True,False,pytorch_quantized_median_latency,0.010354075580835342,pytorch,median_latency,False,3.0
1023,429,312,112,853,"[429, 312, 112]",leaky_relu,model_7,Int8WeightOnlyConfig,int8,8.0,False,False,pytorch_quantized_p95_latency,0.00044247657060623167,pytorch,p95_latency,False,3.0
1024,429,312,112,853,"[429, 312, 112]",leaky_relu,model_7,Float8WeightOnlyConfig,float8,8.0,False,False,pytorch_quantized_p95_latency,0.0005348930135369301,pytorch,p95_latency,False,3.0
1025,429,312,112,853,"[429, 312, 112]",leaky_relu,model_7,Int8DynamicActivationInt8WeightConfig,int8,8.0,True,False,pytorch_quantized_p95_latency,0.01056034341454506,pytorch,p95_latency,False,3.0
1026,429,312,112,853,"[429, 312, 112]",leaky_relu,model_7,Int8WeightOnlyConfig,int8,8.0,False,False,pytorch_quantized_p99_latency,0.0004470548033714294,pytorch,p99_latency,False,3.0
1027,429,312,112,853,"[429, 312, 112]",leaky_relu,model_7,Float8WeightOnlyConfig,float8,8.0,False,False,pytorch_quantized_p99_latency,0.0005461926758289336,pytorch,p99_latency,False,3.0
1028,429,312,112,853,"[429, 312, 112]",leaky_relu,model_7,Int8DynamicActivationInt8WeightConfig,int8,8.0,True,False,pytorch_quantized_p99_latency,0.011750966683030127,pytorch,p99_latency,False,3.0
1029,429,312,112,853,"[429, 312, 112]",leaky_relu,model_7,Int8WeightOnlyConfig,int8,8.0,False,False,pytorch_relative_model_size,0.25,pytorch,model_size,True,3.0
1030,429,312,112,853,"[429, 312, 112]",leaky_relu,model_7,Float8WeightOnlyConfig,float8,8.0,False,False,pytorch_relative_model_size,0.25,pytorch,model_size,True,3.0
1031,429,312,112,853,"[429, 312, 112]",leaky_relu,model_7,Int8DynamicActivationInt8WeightConfig,int8,8.0,True,False,pytorch_relative_model_size,0.25,pytorch,model_size,True,3.0
1032,429,312,112,853,"[429, 312, 112]",leaky_relu,model_7,Int8WeightOnlyConfig,int8,8.0,False,False,pytorch_relative_median_latency,2.5970721427610637,pytorch,median_latency,True,3.0
1033,429,312,112,853,"[429, 312, 112]",leaky_relu,model_7,Float8WeightOnlyConfig,float8,8.0,False,False,pytorch_relative_median_latency,3.1640922745818947,pytorch,median_latency,True,3.0
1034,429,312,112,853,"[429, 312, 112]",leaky_relu,model_7,Int8DynamicActivationInt8WeightConfig,int8,8.0,True,False,pytorch_relative_median_latency,62.31002555709994,pytorch,median_latency,True,3.0
1035,429,312,112,853,"[429, 312, 112]",leaky_relu,model_7,Int8WeightOnlyConfig,int8,8.0,False,False,pytorch_relative_p95_latency,2.4897163507089135,pytorch,p95_latency,True,3.0
1036,429,312,112,853,"[429, 312, 112]",leaky_relu,model_7,Float8WeightOnlyConfig,float8,8.0,False,False,pytorch_relative_p95_latency,3.009722932579842,pytorch,p95_latency,True,3.0
1037,429,312,112,853,"[429, 312, 112]",leaky_relu,model_7,Int8DynamicActivationInt8WeightConfig,int8,8.0,True,False,pytorch_relative_p95_latency,59.42068216690283,pytorch,p95_latency,True,3.0
1038,429,312,112,853,"[429, 312, 112]",leaky_relu,model_7,Int8WeightOnlyConfig,int8,8.0,False,False,pytorch_relative_p99_latency,2.4700719890910023,pytorch,p99_latency,True,3.0
1039,429,312,112,853,"[429, 312, 112]",leaky_relu,model_7,Float8WeightOnlyConfig,float8,8.0,False,False,pytorch_relative_p99_latency,3.017829624102709,pytorch,p99_latency,True,3.0
1040,429,312,112,853,"[429, 312, 112]",leaky_relu,model_7,Int8DynamicActivationInt8WeightConfig,int8,8.0,True,False,pytorch_relative_p99_latency,64.92656701057452,pytorch,p99_latency,True,3.0
1041,813,76,35,924,"[813, 76, 35]",celu,model_8,Int8WeightOnlyConfig,int8,8.0,False,False,pytorch_quantized_MAE,9.480799670502025,pytorch,MAE,False,1.0
1042,813,76,35,924,"[813, 76, 35]",celu,model_8,Float8WeightOnlyConfig,float8,8.0,False,False,pytorch_quantized_MAE,9.477626294542459,pytorch,MAE,False,1.0
1043,813,76,35,924,"[813, 76, 35]",celu,model_8,Int8DynamicActivationInt8WeightConfig,int8,8.0,True,False,pytorch_quantized_MAE,9.488183567911975,pytorch,MAE,False,1.0
1044,813,76,35,924,"[813, 76, 35]",celu,model_8,Int8WeightOnlyConfig,int8,8.0,False,False,pytorch_relative_MAE,1.0000933532722287,pytorch,MAE,True,1.0
1045,813,76,35,924,"[813, 76, 35]",celu,model_8,Float8WeightOnlyConfig,float8,8.0,False,False,pytorch_relative_MAE,0.9997586059603042,pytorch,MAE,True,1.0
1046,813,76,35,924,"[813, 76, 35]",celu,model_8,Int8DynamicActivationInt8WeightConfig,int8,8.0,True,False,pytorch_relative_MAE,1.0008722524133962,pytorch,MAE,True,1.0
1047,813,76,35,924,"[813, 76, 35]",celu,model_8,Int8WeightOnlyConfig,int8,8.0,False,False,pytorch_quantized_model_size,131261.0,pytorch,model_size,False,1.0
1048,813,76,35,924,"[813, 76, 35]",celu,model_8,Float8WeightOnlyConfig,float8,8.0,False,False,pytorch_quantized_model_size,131261.0,pytorch,model_size,False,1.0
1049,813,76,35,924,"[813, 76, 35]",celu,model_8,Int8DynamicActivationInt8WeightConfig,int8,8.0,True,False,pytorch_quantized_model_size,131261.0,pytorch,model_size,False,1.0
1050,813,76,35,924,"[813, 76, 35]",celu,model_8,Int8WeightOnlyConfig,int8,8.0,False,False,pytorch_quantized_median_latency,0.0004321373999118805,pytorch,median_latency,False,1.0
1051,813,76,35,924,"[813, 76, 35]",celu,model_8,Float8WeightOnlyConfig,float8,8.0,False,False,pytorch_quantized_median_latency,0.0005174595862627029,pytorch,median_latency,False,1.0
1052,813,76,35,924,"[813, 76, 35]",celu,model_8,Int8DynamicActivationInt8WeightConfig,int8,8.0,True,False,pytorch_quantized_median_latency,0.009639931842684746,pytorch,median_latency,False,1.0
1053,813,76,35,924,"[813, 76, 35]",celu,model_8,Int8WeightOnlyConfig,int8,8.0,False,False,pytorch_quantized_p95_latency,0.0004431936889886856,pytorch,p95_latency,False,1.0
1054,813,76,35,924,"[813, 76, 35]",celu,model_8,Float8WeightOnlyConfig,float8,8.0,False,False,pytorch_quantized_p95_latency,0.0005351345986127854,pytorch,p95_latency,False,1.0
1055,813,76,35,924,"[813, 76, 35]",celu,model_8,Int8DynamicActivationInt8WeightConfig,int8,8.0,True,False,pytorch_quantized_p95_latency,0.010552496835589408,pytorch,p95_latency,False,1.0
1056,813,76,35,924,"[813, 76, 35]",celu,model_8,Int8WeightOnlyConfig,int8,8.0,False,False,pytorch_quantized_p99_latency,0.00045476030558347694,pytorch,p99_latency,False,1.0
1057,813,76,35,924,"[813, 76, 35]",celu,model_8,Float8WeightOnlyConfig,float8,8.0,False,False,pytorch_quantized_p99_latency,0.0005403156206011772,pytorch,p99_latency,False,1.0
1058,813,76,35,924,"[813, 76, 35]",celu,model_8,Int8DynamicActivationInt8WeightConfig,int8,8.0,True,False,pytorch_quantized_p99_latency,0.011770668998360634,pytorch,p99_latency,False,1.0
1059,813,76,35,924,"[813, 76, 35]",celu,model_8,Int8WeightOnlyConfig,int8,8.0,False,False,pytorch_relative_model_size,0.25,pytorch,model_size,True,1.0
1060,813,76,35,924,"[813, 76, 35]",celu,model_8,Float8WeightOnlyConfig,float8,8.0,False,False,pytorch_relative_model_size,0.25,pytorch,model_size,True,1.0
1061,813,76,35,924,"[813, 76, 35]",celu,model_8,Int8DynamicActivationInt8WeightConfig,int8,8.0,True,False,pytorch_relative_model_size,0.25,pytorch,model_size,True,1.0
1062,813,76,35,924,"[813, 76, 35]",celu,model_8,Int8WeightOnlyConfig,int8,8.0,False,False,pytorch_relative_median_latency,2.69378229317852,pytorch,median_latency,True,1.0
1063,813,76,35,924,"[813, 76, 35]",celu,model_8,Float8WeightOnlyConfig,float8,8.0,False,False,pytorch_relative_median_latency,3.225648766328012,pytorch,median_latency,True,1.0
1064,813,76,35,924,"[813, 76, 35]",celu,model_8,Int8DynamicActivationInt8WeightConfig,int8,8.0,True,False,pytorch_relative_median_latency,60.091715529753266,pytorch,median_latency,True,1.0
1065,813,76,35,924,"[813, 76, 35]",celu,model_8,Int8WeightOnlyConfig,int8,8.0,False,False,pytorch_relative_p95_latency,2.5870115467414703,pytorch,p95_latency,True,1.0
1066,813,76,35,924,"[813, 76, 35]",celu,model_8,Float8WeightOnlyConfig,float8,8.0,False,False,pytorch_relative_p95_latency,3.123689303498815,pytorch,p95_latency,True,1.0
1067,813,76,35,924,"[813, 76, 35]",celu,model_8,Int8DynamicActivationInt8WeightConfig,int8,8.0,True,False,pytorch_relative_p95_latency,61.59706656228934,pytorch,p95_latency,True,1.0
1068,813,76,35,924,"[813, 76, 35]",celu,model_8,Int8WeightOnlyConfig,int8,8.0,False,False,pytorch_relative_p99_latency,2.5966848466542154,pytorch,p99_latency,True,1.0
1069,813,76,35,924,"[813, 76, 35]",celu,model_8,Float8WeightOnlyConfig,float8,8.0,False,False,pytorch_relative_p99_latency,3.0852063542034482,pytorch,p99_latency,True,1.0
1070,813,76,35,924,"[813, 76, 35]",celu,model_8,Int8DynamicActivationInt8WeightConfig,int8,8.0,True,False,pytorch_relative_p99_latency,67.21061061785014,pytorch,p99_latency,True,1.0
1071,813,76,35,924,"[813, 76, 35]",celu,model_8,Int8WeightOnlyConfig,int8,8.0,False,False,pytorch_quantized_MAE,9.48819570460638,pytorch,MAE,False,2.0
1072,813,76,35,924,"[813, 76, 35]",celu,model_8,Float8WeightOnlyConfig,float8,8.0,False,False,pytorch_quantized_MAE,9.486473130148083,pytorch,MAE,False,2.0
1073,813,76,35,924,"[813, 76, 35]",celu,model_8,Int8DynamicActivationInt8WeightConfig,int8,8.0,True,False,pytorch_quantized_MAE,9.492709564467365,pytorch,MAE,False,2.0
1074,813,76,35,924,"[813, 76, 35]",celu,model_8,Int8WeightOnlyConfig,int8,8.0,False,False,pytorch_relative_MAE,1.0001118446381372,pytorch,MAE,True,2.0
1075,813,76,35,924,"[813, 76, 35]",celu,model_8,Float8WeightOnlyConfig,float8,8.0,False,False,pytorch_relative_MAE,0.9999302751203227,pytorch,MAE,True,2.0
1076,813,76,35,924,"[813, 76, 35]",celu,model_8,Int8DynamicActivationInt8WeightConfig,int8,8.0,True,False,pytorch_relative_MAE,1.0005876321168687,pytorch,MAE,True,2.0
1077,813,76,35,924,"[813, 76, 35]",celu,model_8,Int8WeightOnlyConfig,int8,8.0,False,False,pytorch_quantized_model_size,131261.0,pytorch,model_size,False,2.0
1078,813,76,35,924,"[813, 76, 35]",celu,model_8,Float8WeightOnlyConfig,float8,8.0,False,False,pytorch_quantized_model_size,131261.0,pytorch,model_size,False,2.0
1079,813,76,35,924,"[813, 76, 35]",celu,model_8,Int8DynamicActivationInt8WeightConfig,int8,8.0,True,False,pytorch_quantized_model_size,131261.0,pytorch,model_size,False,2.0
1080,813,76,35,924,"[813, 76, 35]",celu,model_8,Int8WeightOnlyConfig,int8,8.0,False,False,pytorch_quantized_median_latency,0.00041166506707668304,pytorch,median_latency,False,2.0
1081,813,76,35,924,"[813, 76, 35]",celu,model_8,Float8WeightOnlyConfig,float8,8.0,False,False,pytorch_quantized_median_latency,0.0005077533423900604,pytorch,median_latency,False,2.0
1082,813,76,35,924,"[813, 76, 35]",celu,model_8,Int8DynamicActivationInt8WeightConfig,int8,8.0,True,False,pytorch_quantized_median_latency,0.009433547034859657,pytorch,median_latency,False,2.0
1083,813,76,35,924,"[813, 76, 35]",celu,model_8,Int8WeightOnlyConfig,int8,8.0,False,False,pytorch_quantized_p95_latency,0.00042252447456121446,pytorch,p95_latency,False,2.0
1084,813,76,35,924,"[813, 76, 35]",celu,model_8,Float8WeightOnlyConfig,float8,8.0,False,False,pytorch_quantized_p95_latency,0.0005174955353140831,pytorch,p95_latency,False,2.0
1085,813,76,35,924,"[813, 76, 35]",celu,model_8,Int8DynamicActivationInt8WeightConfig,int8,8.0,True,False,pytorch_quantized_p95_latency,0.009574363566935062,pytorch,p95_latency,False,2.0
1086,813,76,35,924,"[813, 76, 35]",celu,model_8,Int8WeightOnlyConfig,int8,8.0,False,False,pytorch_quantized_p99_latency,0.00045090191066265105,pytorch,p99_latency,False,2.0
1087,813,76,35,924,"[813, 76, 35]",celu,model_8,Float8WeightOnlyConfig,float8,8.0,False,False,pytorch_quantized_p99_latency,0.0005348644778132437,pytorch,p99_latency,False,2.0
1088,813,76,35,924,"[813, 76, 35]",celu,model_8,Int8DynamicActivationInt8WeightConfig,int8,8.0,True,False,pytorch_quantized_p99_latency,0.010671467185020442,pytorch,p99_latency,False,2.0
1089,813,76,35,924,"[813, 76, 35]",celu,model_8,Int8WeightOnlyConfig,int8,8.0,False,False,pytorch_relative_model_size,0.25,pytorch,model_size,True,2.0
1090,813,76,35,924,"[813, 76, 35]",celu,model_8,Float8WeightOnlyConfig,float8,8.0,False,False,pytorch_relative_model_size,0.25,pytorch,model_size,True,2.0
1091,813,76,35,924,"[813, 76, 35]",celu,model_8,Int8DynamicActivationInt8WeightConfig,int8,8.0,True,False,pytorch_relative_model_size,0.25,pytorch,model_size,True,2.0
1092,813,76,35,924,"[813, 76, 35]",celu,model_8,Int8WeightOnlyConfig,int8,8.0,False,False,pytorch_relative_median_latency,2.605401518366577,pytorch,median_latency,True,2.0
1093,813,76,35,924,"[813, 76, 35]",celu,model_8,Float8WeightOnlyConfig,float8,8.0,False,False,pytorch_relative_median_latency,3.213537982741548,pytorch,median_latency,True,2.0
1094,813,76,35,924,"[813, 76, 35]",celu,model_8,Int8DynamicActivationInt8WeightConfig,int8,8.0,True,False,pytorch_relative_median_latency,59.70430753996322,pytorch,median_latency,True,2.0
1095,813,76,35,924,"[813, 76, 35]",celu,model_8,Int8WeightOnlyConfig,int8,8.0,False,False,pytorch_relative_p95_latency,2.5011753835433073,pytorch,p95_latency,True,2.0
1096,813,76,35,924,"[813, 76, 35]",celu,model_8,Float8WeightOnlyConfig,float8,8.0,False,False,pytorch_relative_p95_latency,3.063365963274226,pytorch,p95_latency,True,2.0
1097,813,76,35,924,"[813, 76, 35]",celu,model_8,Int8DynamicActivationInt8WeightConfig,int8,8.0,True,False,pytorch_relative_p95_latency,56.67639132994758,pytorch,p95_latency,True,2.0
1098,813,76,35,924,"[813, 76, 35]",celu,model_8,Int8WeightOnlyConfig,int8,8.0,False,False,pytorch_relative_p99_latency,2.495932702768913,pytorch,p99_latency,True,2.0
1099,813,76,35,924,"[813, 76, 35]",celu,model_8,Float8WeightOnlyConfig,float8,8.0,False,False,pytorch_relative_p99_latency,2.960701008699611,pytorch,p99_latency,True,2.0
1100,813,76,35,924,"[813, 76, 35]",celu,model_8,Int8DynamicActivationInt8WeightConfig,int8,8.0,True,False,pytorch_relative_p99_latency,59.07108243226187,pytorch,p99_latency,True,2.0
1101,813,76,35,924,"[813, 76, 35]",celu,model_8,Int8WeightOnlyConfig,int8,8.0,False,False,pytorch_quantized_MAE,9.355887735103058,pytorch,MAE,False,3.0
1102,813,76,35,924,"[813, 76, 35]",celu,model_8,Float8WeightOnlyConfig,float8,8.0,False,False,pytorch_quantized_MAE,9.354952735936765,pytorch,MAE,False,3.0
1103,813,76,35,924,"[813, 76, 35]",celu,model_8,Int8DynamicActivationInt8WeightConfig,int8,8.0,True,False,pytorch_quantized_MAE,9.36753787797011,pytorch,MAE,False,3.0
1104,813,76,35,924,"[813, 76, 35]",celu,model_8,Int8WeightOnlyConfig,int8,8.0,False,False,pytorch_relative_MAE,1.0001236659491144,pytorch,MAE,True,3.0
1105,813,76,35,924,"[813, 76, 35]",celu,model_8,Float8WeightOnlyConfig,float8,8.0,False,False,pytorch_relative_MAE,1.0000237166102244,pytorch,MAE,True,3.0
1106,813,76,35,924,"[813, 76, 35]",celu,model_8,Int8DynamicActivationInt8WeightConfig,int8,8.0,True,False,pytorch_relative_MAE,1.0013690404045292,pytorch,MAE,True,3.0
1107,813,76,35,924,"[813, 76, 35]",celu,model_8,Int8WeightOnlyConfig,int8,8.0,False,False,pytorch_quantized_model_size,131261.0,pytorch,model_size,False,3.0
1108,813,76,35,924,"[813, 76, 35]",celu,model_8,Float8WeightOnlyConfig,float8,8.0,False,False,pytorch_quantized_model_size,131261.0,pytorch,model_size,False,3.0
1109,813,76,35,924,"[813, 76, 35]",celu,model_8,Int8DynamicActivationInt8WeightConfig,int8,8.0,True,False,pytorch_quantized_model_size,131261.0,pytorch,model_size,False,3.0
1110,813,76,35,924,"[813, 76, 35]",celu,model_8,Int8WeightOnlyConfig,int8,8.0,False,False,pytorch_quantized_median_latency,0.00043367408215999603,pytorch,median_latency,False,3.0
1111,813,76,35,924,"[813, 76, 35]",celu,model_8,Float8WeightOnlyConfig,float8,8.0,False,False,pytorch_quantized_median_latency,0.0005237217992544174,pytorch,median_latency,False,3.0
1112,813,76,35,924,"[813, 76, 35]",celu,model_8,Int8DynamicActivationInt8WeightConfig,int8,8.0,True,False,pytorch_quantized_median_latency,0.009632917121052742,pytorch,median_latency,False,3.0
1113,813,76,35,924,"[813, 76, 35]",celu,model_8,Int8WeightOnlyConfig,int8,8.0,False,False,pytorch_quantized_p95_latency,0.00044509656727313994,pytorch,p95_latency,False,3.0
1114,813,76,35,924,"[813, 76, 35]",celu,model_8,Float8WeightOnlyConfig,float8,8.0,False,False,pytorch_quantized_p95_latency,0.0005315268412232399,pytorch,p95_latency,False,3.0
1115,813,76,35,924,"[813, 76, 35]",celu,model_8,Int8DynamicActivationInt8WeightConfig,int8,8.0,True,False,pytorch_quantized_p95_latency,0.009927907958626747,pytorch,p95_latency,False,3.0
1116,813,76,35,924,"[813, 76, 35]",celu,model_8,Int8WeightOnlyConfig,int8,8.0,False,False,pytorch_quantized_p99_latency,0.000448160357773304,pytorch,p99_latency,False,3.0
1117,813,76,35,924,"[813, 76, 35]",celu,model_8,Float8WeightOnlyConfig,float8,8.0,False,False,pytorch_quantized_p99_latency,0.0005358071625232696,pytorch,p99_latency,False,3.0
1118,813,76,35,924,"[813, 76, 35]",celu,model_8,Int8DynamicActivationInt8WeightConfig,int8,8.0,True,False,pytorch_quantized_p99_latency,0.011824642643332479,pytorch,p99_latency,False,3.0
1119,813,76,35,924,"[813, 76, 35]",celu,model_8,Int8WeightOnlyConfig,int8,8.0,False,False,pytorch_relative_model_size,0.25,pytorch,model_size,True,3.0
1120,813,76,35,924,"[813, 76, 35]",celu,model_8,Float8WeightOnlyConfig,float8,8.0,False,False,pytorch_relative_model_size,0.25,pytorch,model_size,True,3.0
1121,813,76,35,924,"[813, 76, 35]",celu,model_8,Int8DynamicActivationInt8WeightConfig,int8,8.0,True,False,pytorch_relative_model_size,0.25,pytorch,model_size,True,3.0
1122,813,76,35,924,"[813, 76, 35]",celu,model_8,Int8WeightOnlyConfig,int8,8.0,False,False,pytorch_relative_median_latency,2.6719035104832507,pytorch,median_latency,True,3.0
1123,813,76,35,924,"[813, 76, 35]",celu,model_8,Float8WeightOnlyConfig,float8,8.0,False,False,pytorch_relative_median_latency,3.2266952799550146,pytorch,median_latency,True,3.0
1124,813,76,35,924,"[813, 76, 35]",celu,model_8,Int8DynamicActivationInt8WeightConfig,int8,8.0,True,False,pytorch_relative_median_latency,59.34923513007953,pytorch,median_latency,True,3.0
1125,813,76,35,924,"[813, 76, 35]",celu,model_8,Int8WeightOnlyConfig,int8,8.0,False,False,pytorch_relative_p95_latency,2.5618502488847628,pytorch,p95_latency,True,3.0
1126,813,76,35,924,"[813, 76, 35]",celu,model_8,Float8WeightOnlyConfig,float8,8.0,False,False,pytorch_relative_p95_latency,3.0593185178196776,pytorch,p95_latency,True,3.0
1127,813,76,35,924,"[813, 76, 35]",celu,model_8,Int8DynamicActivationInt8WeightConfig,int8,8.0,True,False,pytorch_relative_p95_latency,57.14223686453444,pytorch,p95_latency,True,3.0
1128,813,76,35,924,"[813, 76, 35]",celu,model_8,Int8WeightOnlyConfig,int8,8.0,False,False,pytorch_relative_p99_latency,2.5341088594289616,pytorch,p99_latency,True,3.0
1129,813,76,35,924,"[813, 76, 35]",celu,model_8,Float8WeightOnlyConfig,float8,8.0,False,False,pytorch_relative_p99_latency,3.029705001669364,pytorch,p99_latency,True,3.0
1130,813,76,35,924,"[813, 76, 35]",celu,model_8,Int8DynamicActivationInt8WeightConfig,int8,8.0,True,False,pytorch_relative_p99_latency,66.86207551005145,pytorch,p99_latency,True,3.0
1131,854,345,129,1328,"[854, 345, 129]",relu,model_9,Int8WeightOnlyConfig,int8,8.0,False,False,pytorch_quantized_MAE,8.182110934468339,pytorch,MAE,False,1.0
1132,854,345,129,1328,"[854, 345, 129]",relu,model_9,Float8WeightOnlyConfig,float8,8.0,False,False,pytorch_quantized_MAE,8.16906189223224,pytorch,MAE,False,1.0
1133,854,345,129,1328,"[854, 345, 129]",relu,model_9,Int8DynamicActivationInt8WeightConfig,int8,8.0,True,False,pytorch_quantized_MAE,8.192443783061188,pytorch,MAE,False,1.0
1134,854,345,129,1328,"[854, 345, 129]",relu,model_9,Int8WeightOnlyConfig,int8,8.0,False,False,pytorch_relative_MAE,0.9998855667038631,pytorch,MAE,True,1.0
1135,854,345,129,1328,"[854, 345, 129]",relu,model_9,Float8WeightOnlyConfig,float8,8.0,False,False,pytorch_relative_MAE,0.9982909233293495,pytorch,MAE,True,1.0
1136,854,345,129,1328,"[854, 345, 129]",relu,model_9,Int8DynamicActivationInt8WeightConfig,int8,8.0,True,False,pytorch_relative_MAE,1.0011482807215137,pytorch,MAE,True,1.0
1137,854,345,129,1328,"[854, 345, 129]",relu,model_9,Int8WeightOnlyConfig,int8,8.0,False,False,pytorch_quantized_model_size,409767.0,pytorch,model_size,False,1.0
1138,854,345,129,1328,"[854, 345, 129]",relu,model_9,Float8WeightOnlyConfig,float8,8.0,False,False,pytorch_quantized_model_size,409767.0,pytorch,model_size,False,1.0
1139,854,345,129,1328,"[854, 345, 129]",relu,model_9,Int8DynamicActivationInt8WeightConfig,int8,8.0,True,False,pytorch_quantized_model_size,409767.0,pytorch,model_size,False,1.0
1140,854,345,129,1328,"[854, 345, 129]",relu,model_9,Int8WeightOnlyConfig,int8,8.0,False,False,pytorch_quantized_median_latency,0.0004618614912033081,pytorch,median_latency,False,1.0
1141,854,345,129,1328,"[854, 345, 129]",relu,model_9,Float8WeightOnlyConfig,float8,8.0,False,False,pytorch_quantized_median_latency,0.0005044229328632355,pytorch,median_latency,False,1.0
1142,854,345,129,1328,"[854, 345, 129]",relu,model_9,Int8DynamicActivationInt8WeightConfig,int8,8.0,True,False,pytorch_quantized_median_latency,0.014987587928771973,pytorch,median_latency,False,1.0
1143,854,345,129,1328,"[854, 345, 129]",relu,model_9,Int8WeightOnlyConfig,int8,8.0,False,False,pytorch_quantized_p95_latency,0.00047246068716049193,pytorch,p95_latency,False,1.0
1144,854,345,129,1328,"[854, 345, 129]",relu,model_9,Float8WeightOnlyConfig,float8,8.0,False,False,pytorch_quantized_p95_latency,0.0005113480612635613,pytorch,p95_latency,False,1.0
1145,854,345,129,1328,"[854, 345, 129]",relu,model_9,Int8DynamicActivationInt8WeightConfig,int8,8.0,True,False,pytorch_quantized_p95_latency,0.015657962858676912,pytorch,p95_latency,False,1.0
1146,854,345,129,1328,"[854, 345, 129]",relu,model_9,Int8WeightOnlyConfig,int8,8.0,False,False,pytorch_quantized_p99_latency,0.0004741903394460678,pytorch,p99_latency,False,1.0
1147,854,345,129,1328,"[854, 345, 129]",relu,model_9,Float8WeightOnlyConfig,float8,8.0,False,False,pytorch_quantized_p99_latency,0.0005142587050795555,pytorch,p99_latency,False,1.0
1148,854,345,129,1328,"[854, 345, 129]",relu,model_9,Int8DynamicActivationInt8WeightConfig,int8,8.0,True,False,pytorch_quantized_p99_latency,0.016446503251791,pytorch,p99_latency,False,1.0
1149,854,345,129,1328,"[854, 345, 129]",relu,model_9,Int8WeightOnlyConfig,int8,8.0,False,False,pytorch_relative_model_size,0.25,pytorch,model_size,True,1.0
1150,854,345,129,1328,"[854, 345, 129]",relu,model_9,Float8WeightOnlyConfig,float8,8.0,False,False,pytorch_relative_model_size,0.25,pytorch,model_size,True,1.0
1151,854,345,129,1328,"[854, 345, 129]",relu,model_9,Int8DynamicActivationInt8WeightConfig,int8,8.0,True,False,pytorch_relative_model_size,0.25,pytorch,model_size,True,1.0
1152,854,345,129,1328,"[854, 345, 129]",relu,model_9,Int8WeightOnlyConfig,int8,8.0,False,False,pytorch_relative_median_latency,2.6115897457502157,pytorch,median_latency,True,1.0
1153,854,345,129,1328,"[854, 345, 129]",relu,model_9,Float8WeightOnlyConfig,float8,8.0,False,False,pytorch_relative_median_latency,2.8522528595201484,pytorch,median_latency,True,1.0
1154,854,345,129,1328,"[854, 345, 129]",relu,model_9,Int8DynamicActivationInt8WeightConfig,int8,8.0,True,False,pytorch_relative_median_latency,84.74711941524656,pytorch,median_latency,True,1.0
1155,854,345,129,1328,"[854, 345, 129]",relu,model_9,Int8WeightOnlyConfig,int8,8.0,False,False,pytorch_relative_p95_latency,2.5049491554883137,pytorch,p95_latency,True,1.0
1156,854,345,129,1328,"[854, 345, 129]",relu,model_9,Float8WeightOnlyConfig,float8,8.0,False,False,pytorch_relative_p95_latency,2.711126934012248,pytorch,p95_latency,True,1.0
1157,854,345,129,1328,"[854, 345, 129]",relu,model_9,Int8DynamicActivationInt8WeightConfig,int8,8.0,True,False,pytorch_relative_p95_latency,83.01727933225163,pytorch,p95_latency,True,1.0
1158,854,345,129,1328,"[854, 345, 129]",relu,model_9,Int8WeightOnlyConfig,int8,8.0,False,False,pytorch_relative_p99_latency,2.481130256828885,pytorch,p99_latency,True,1.0
1159,854,345,129,1328,"[854, 345, 129]",relu,model_9,Float8WeightOnlyConfig,float8,8.0,False,False,pytorch_relative_p99_latency,2.6907820064428942,pytorch,p99_latency,True,1.0
1160,854,345,129,1328,"[854, 345, 129]",relu,model_9,Int8DynamicActivationInt8WeightConfig,int8,8.0,True,False,pytorch_relative_p99_latency,86.05387634999336,pytorch,p99_latency,True,1.0
1161,854,345,129,1328,"[854, 345, 129]",relu,model_9,Int8WeightOnlyConfig,int8,8.0,False,False,pytorch_quantized_MAE,8.545972973024183,pytorch,MAE,False,2.0
1162,854,345,129,1328,"[854, 345, 129]",relu,model_9,Float8WeightOnlyConfig,float8,8.0,False,False,pytorch_quantized_MAE,8.52961896392162,pytorch,MAE,False,2.0
1163,854,345,129,1328,"[854, 345, 129]",relu,model_9,Int8DynamicActivationInt8WeightConfig,int8,8.0,True,False,pytorch_quantized_MAE,8.552395731799466,pytorch,MAE,False,2.0
1164,854,345,129,1328,"[854, 345, 129]",relu,model_9,Int8WeightOnlyConfig,int8,8.0,False,False,pytorch_relative_MAE,0.9998412278867147,pytorch,MAE,True,2.0
1165,854,345,129,1328,"[854, 345, 129]",relu,model_9,Float8WeightOnlyConfig,float8,8.0,False,False,pytorch_relative_MAE,0.997927880794044,pytorch,MAE,True,2.0
1166,854,345,129,1328,"[854, 345, 129]",relu,model_9,Int8DynamicActivationInt8WeightConfig,int8,8.0,True,False,pytorch_relative_MAE,1.0005926623975152,pytorch,MAE,True,2.0
1167,854,345,129,1328,"[854, 345, 129]",relu,model_9,Int8WeightOnlyConfig,int8,8.0,False,False,pytorch_quantized_model_size,409767.0,pytorch,model_size,False,2.0
1168,854,345,129,1328,"[854, 345, 129]",relu,model_9,Float8WeightOnlyConfig,float8,8.0,False,False,pytorch_quantized_model_size,409767.0,pytorch,model_size,False,2.0
1169,854,345,129,1328,"[854, 345, 129]",relu,model_9,Int8DynamicActivationInt8WeightConfig,int8,8.0,True,False,pytorch_quantized_model_size,409767.0,pytorch,model_size,False,2.0
1170,854,345,129,1328,"[854, 345, 129]",relu,model_9,Int8WeightOnlyConfig,int8,8.0,False,False,pytorch_quantized_median_latency,0.00046661868691444397,pytorch,median_latency,False,2.0
1171,854,345,129,1328,"[854, 345, 129]",relu,model_9,Float8WeightOnlyConfig,float8,8.0,False,False,pytorch_quantized_median_latency,0.0005768537521362305,pytorch,median_latency,False,2.0
1172,854,345,129,1328,"[854, 345, 129]",relu,model_9,Int8DynamicActivationInt8WeightConfig,int8,8.0,True,False,pytorch_quantized_median_latency,0.014870934188365936,pytorch,median_latency,False,2.0
1173,854,345,129,1328,"[854, 345, 129]",relu,model_9,Int8WeightOnlyConfig,int8,8.0,False,False,pytorch_quantized_p95_latency,0.00047716163098812105,pytorch,p95_latency,False,2.0
1174,854,345,129,1328,"[854, 345, 129]",relu,model_9,Float8WeightOnlyConfig,float8,8.0,False,False,pytorch_quantized_p95_latency,0.0005877114832401276,pytorch,p95_latency,False,2.0
1175,854,345,129,1328,"[854, 345, 129]",relu,model_9,Int8DynamicActivationInt8WeightConfig,int8,8.0,True,False,pytorch_quantized_p95_latency,0.01501439418643713,pytorch,p95_latency,False,2.0
1176,854,345,129,1328,"[854, 345, 129]",relu,model_9,Int8WeightOnlyConfig,int8,8.0,False,False,pytorch_quantized_p99_latency,0.0004831377789378166,pytorch,p99_latency,False,2.0
1177,854,345,129,1328,"[854, 345, 129]",relu,model_9,Float8WeightOnlyConfig,float8,8.0,False,False,pytorch_quantized_p99_latency,0.0006003069877624511,pytorch,p99_latency,False,2.0
1178,854,345,129,1328,"[854, 345, 129]",relu,model_9,Int8DynamicActivationInt8WeightConfig,int8,8.0,True,False,pytorch_quantized_p99_latency,0.015939425081014633,pytorch,p99_latency,False,2.0
1179,854,345,129,1328,"[854, 345, 129]",relu,model_9,Int8WeightOnlyConfig,int8,8.0,False,False,pytorch_relative_model_size,0.25,pytorch,model_size,True,2.0
1180,854,345,129,1328,"[854, 345, 129]",relu,model_9,Float8WeightOnlyConfig,float8,8.0,False,False,pytorch_relative_model_size,0.25,pytorch,model_size,True,2.0
1181,854,345,129,1328,"[854, 345, 129]",relu,model_9,Int8DynamicActivationInt8WeightConfig,int8,8.0,True,False,pytorch_relative_model_size,0.25,pytorch,model_size,True,2.0
1182,854,345,129,1328,"[854, 345, 129]",relu,model_9,Int8WeightOnlyConfig,int8,8.0,False,False,pytorch_relative_median_latency,3.0325634321131125,pytorch,median_latency,True,2.0
1183,854,345,129,1328,"[854, 345, 129]",relu,model_9,Float8WeightOnlyConfig,float8,8.0,False,False,pytorch_relative_median_latency,3.748983149331784,pytorch,median_latency,True,2.0
1184,854,345,129,1328,"[854, 345, 129]",relu,model_9,Int8DynamicActivationInt8WeightConfig,int8,8.0,True,False,pytorch_relative_median_latency,96.64647491768352,pytorch,median_latency,True,2.0
1185,854,345,129,1328,"[854, 345, 129]",relu,model_9,Int8WeightOnlyConfig,int8,8.0,False,False,pytorch_relative_p95_latency,2.8942868796061023,pytorch,p95_latency,True,2.0
1186,854,345,129,1328,"[854, 345, 129]",relu,model_9,Float8WeightOnlyConfig,float8,8.0,False,False,pytorch_relative_p95_latency,3.5648416060051766,pytorch,p95_latency,True,2.0
1187,854,345,129,1328,"[854, 345, 129]",relu,model_9,Int8DynamicActivationInt8WeightConfig,int8,8.0,True,False,pytorch_relative_p95_latency,91.07179051477624,pytorch,p95_latency,True,2.0
1188,854,345,129,1328,"[854, 345, 129]",relu,model_9,Int8WeightOnlyConfig,int8,8.0,False,False,pytorch_relative_p99_latency,2.9030471726410325,pytorch,p99_latency,True,2.0
1189,854,345,129,1328,"[854, 345, 129]",relu,model_9,Float8WeightOnlyConfig,float8,8.0,False,False,pytorch_relative_p99_latency,3.6070859690828265,pytorch,p99_latency,True,2.0
1190,854,345,129,1328,"[854, 345, 129]",relu,model_9,Int8DynamicActivationInt8WeightConfig,int8,8.0,True,False,pytorch_relative_p99_latency,95.77579094869074,pytorch,p99_latency,True,2.0
1191,854,345,129,1328,"[854, 345, 129]",relu,model_9,Int8WeightOnlyConfig,int8,8.0,False,False,pytorch_quantized_MAE,8.228340554439225,pytorch,MAE,False,3.0
1192,854,345,129,1328,"[854, 345, 129]",relu,model_9,Float8WeightOnlyConfig,float8,8.0,False,False,pytorch_quantized_MAE,8.206509300368301,pytorch,MAE,False,3.0
1193,854,345,129,1328,"[854, 345, 129]",relu,model_9,Int8DynamicActivationInt8WeightConfig,int8,8.0,True,False,pytorch_quantized_MAE,8.237604315283157,pytorch,MAE,False,3.0
1194,854,345,129,1328,"[854, 345, 129]",relu,model_9,Int8WeightOnlyConfig,int8,8.0,False,False,pytorch_relative_MAE,0.9999868609266614,pytorch,MAE,True,3.0
1195,854,345,129,1328,"[854, 345, 129]",relu,model_9,Float8WeightOnlyConfig,float8,8.0,False,False,pytorch_relative_MAE,0.9973337175517563,pytorch,MAE,True,3.0
1196,854,345,129,1328,"[854, 345, 129]",relu,model_9,Int8DynamicActivationInt8WeightConfig,int8,8.0,True,False,pytorch_relative_MAE,1.0011126819917244,pytorch,MAE,True,3.0
1197,854,345,129,1328,"[854, 345, 129]",relu,model_9,Int8WeightOnlyConfig,int8,8.0,False,False,pytorch_quantized_model_size,409767.0,pytorch,model_size,False,3.0
1198,854,345,129,1328,"[854, 345, 129]",relu,model_9,Float8WeightOnlyConfig,float8,8.0,False,False,pytorch_quantized_model_size,409767.0,pytorch,model_size,False,3.0
1199,854,345,129,1328,"[854, 345, 129]",relu,model_9,Int8DynamicActivationInt8WeightConfig,int8,8.0,True,False,pytorch_quantized_model_size,409767.0,pytorch,model_size,False,3.0
1200,854,345,129,1328,"[854, 345, 129]",relu,model_9,Int8WeightOnlyConfig,int8,8.0,False,False,pytorch_quantized_median_latency,0.0004673544317483902,pytorch,median_latency,False,3.0
1201,854,345,129,1328,"[854, 345, 129]",relu,model_9,Float8WeightOnlyConfig,float8,8.0,False,False,pytorch_quantized_median_latency,0.000504467636346817,pytorch,median_latency,False,3.0
1202,854,345,129,1328,"[854, 345, 129]",relu,model_9,Int8DynamicActivationInt8WeightConfig,int8,8.0,True,False,pytorch_quantized_median_latency,0.014959817752242088,pytorch,median_latency,False,3.0
1203,854,345,129,1328,"[854, 345, 129]",relu,model_9,Int8WeightOnlyConfig,int8,8.0,False,False,pytorch_quantized_p95_latency,0.0004804855212569237,pytorch,p95_latency,False,3.0
1204,854,345,129,1328,"[854, 345, 129]",relu,model_9,Float8WeightOnlyConfig,float8,8.0,False,False,pytorch_quantized_p95_latency,0.0005119092762470246,pytorch,p95_latency,False,3.0
1205,854,345,129,1328,"[854, 345, 129]",relu,model_9,Int8DynamicActivationInt8WeightConfig,int8,8.0,True,False,pytorch_quantized_p95_latency,0.015426656045019624,pytorch,p95_latency,False,3.0
1206,854,345,129,1328,"[854, 345, 129]",relu,model_9,Int8WeightOnlyConfig,int8,8.0,False,False,pytorch_quantized_p99_latency,0.00048748910427093506,pytorch,p99_latency,False,3.0
1207,854,345,129,1328,"[854, 345, 129]",relu,model_9,Float8WeightOnlyConfig,float8,8.0,False,False,pytorch_quantized_p99_latency,0.0005223218724131584,pytorch,p99_latency,False,3.0
1208,854,345,129,1328,"[854, 345, 129]",relu,model_9,Int8DynamicActivationInt8WeightConfig,int8,8.0,True,False,pytorch_quantized_p99_latency,0.018367732986807824,pytorch,p99_latency,False,3.0
1209,854,345,129,1328,"[854, 345, 129]",relu,model_9,Int8WeightOnlyConfig,int8,8.0,False,False,pytorch_relative_model_size,0.25,pytorch,model_size,True,3.0
1210,854,345,129,1328,"[854, 345, 129]",relu,model_9,Float8WeightOnlyConfig,float8,8.0,False,False,pytorch_relative_model_size,0.25,pytorch,model_size,True,3.0
1211,854,345,129,1328,"[854, 345, 129]",relu,model_9,Int8DynamicActivationInt8WeightConfig,int8,8.0,True,False,pytorch_relative_model_size,0.25,pytorch,model_size,True,3.0
1212,854,345,129,1328,"[854, 345, 129]",relu,model_9,Int8WeightOnlyConfig,int8,8.0,False,False,pytorch_relative_median_latency,2.943283126876877,pytorch,median_latency,True,3.0
1213,854,345,129,1328,"[854, 345, 129]",relu,model_9,Float8WeightOnlyConfig,float8,8.0,False,False,pytorch_relative_median_latency,3.1770129504504503,pytorch,median_latency,True,3.0
1214,854,345,129,1328,"[854, 345, 129]",relu,model_9,Int8DynamicActivationInt8WeightConfig,int8,8.0,True,False,pytorch_relative_median_latency,94.21324840465465,pytorch,median_latency,True,3.0
1215,854,345,129,1328,"[854, 345, 129]",relu,model_9,Int8WeightOnlyConfig,int8,8.0,False,False,pytorch_relative_p95_latency,2.831509205524742,pytorch,p95_latency,True,3.0
1216,854,345,129,1328,"[854, 345, 129]",relu,model_9,Float8WeightOnlyConfig,float8,8.0,False,False,pytorch_relative_p95_latency,3.016689918762191,pytorch,p95_latency,True,3.0
1217,854,345,129,1328,"[854, 345, 129]",relu,model_9,Int8DynamicActivationInt8WeightConfig,int8,8.0,True,False,pytorch_relative_p95_latency,90.9095418477348,pytorch,p95_latency,True,3.0
1218,854,345,129,1328,"[854, 345, 129]",relu,model_9,Int8WeightOnlyConfig,int8,8.0,False,False,pytorch_relative_p99_latency,2.721201310408532,pytorch,p99_latency,True,3.0
1219,854,345,129,1328,"[854, 345, 129]",relu,model_9,Float8WeightOnlyConfig,float8,8.0,False,False,pytorch_relative_p99_latency,2.9156404752705516,pytorch,p99_latency,True,3.0
1220,854,345,129,1328,"[854, 345, 129]",relu,model_9,Int8DynamicActivationInt8WeightConfig,int8,8.0,True,False,pytorch_relative_p99_latency,102.53008453940024,pytorch,p99_latency,True,3.0
