,hidden_layer_1_neurons,hidden_layer_2_neurons,hidden_layer_3_neurons,total_hidden_neurons,neurons_per_layer,activation,model_ID,config_name,precision,bits_per_weight,dynamic_calibration,weight_only,metric,value,runtime,base_metric,relative,eval_run
0,128,178,32,338,"[128, 178, 32]",elu,model_1,Int8WeightOnlyConfig,int8,8.0,False,False,pytorch_quantized_MAE,10.08538571462694,pytorch,MAE,False,1.0
1,128,178,32,338,"[128, 178, 32]",elu,model_1,Float8WeightOnlyConfig,float8,8.0,False,False,pytorch_quantized_MAE,10.206909323232082,pytorch,MAE,False,1.0
2,128,178,32,338,"[128, 178, 32]",elu,model_1,Int8DynamicActivationInt8WeightConfig,int8,8.0,True,False,pytorch_quantized_MAE,10.097228250297194,pytorch,MAE,False,1.0
3,128,178,32,338,"[128, 178, 32]",elu,model_1,Int8WeightOnlyConfig,int8,8.0,False,False,pytorch_relative_MAE,1.000429143224981,pytorch,MAE,True,1.0
4,128,178,32,338,"[128, 178, 32]",elu,model_1,Float8WeightOnlyConfig,float8,8.0,False,False,pytorch_relative_MAE,1.0124837897282009,pytorch,MAE,True,1.0
5,128,178,32,338,"[128, 178, 32]",elu,model_1,Int8DynamicActivationInt8WeightConfig,int8,8.0,True,False,pytorch_relative_MAE,1.001603874479634,pytorch,MAE,True,1.0
6,128,178,32,338,"[128, 178, 32]",elu,model_1,Int8WeightOnlyConfig,int8,8.0,False,False,pytorch_quantized_model_size,39219.0,pytorch,model_size,False,1.0
7,128,178,32,338,"[128, 178, 32]",elu,model_1,Float8WeightOnlyConfig,float8,8.0,False,False,pytorch_quantized_model_size,39219.0,pytorch,model_size,False,1.0
8,128,178,32,338,"[128, 178, 32]",elu,model_1,Int8DynamicActivationInt8WeightConfig,int8,8.0,True,False,pytorch_quantized_model_size,39219.0,pytorch,model_size,False,1.0
9,128,178,32,338,"[128, 178, 32]",elu,model_1,Int8WeightOnlyConfig,int8,8.0,False,False,pytorch_quantized_median_latency,0.0004723435267806053,pytorch,median_latency,False,1.0
10,128,178,32,338,"[128, 178, 32]",elu,model_1,Float8WeightOnlyConfig,float8,8.0,False,False,pytorch_quantized_median_latency,0.0005877502262592316,pytorch,median_latency,False,1.0
11,128,178,32,338,"[128, 178, 32]",elu,model_1,Int8DynamicActivationInt8WeightConfig,int8,8.0,True,False,pytorch_quantized_median_latency,0.007459918037056923,pytorch,median_latency,False,1.0
12,128,178,32,338,"[128, 178, 32]",elu,model_1,Int8WeightOnlyConfig,int8,8.0,False,False,pytorch_quantized_p95_latency,0.00048231035470962523,pytorch,p95_latency,False,1.0
13,128,178,32,338,"[128, 178, 32]",elu,model_1,Float8WeightOnlyConfig,float8,8.0,False,False,pytorch_quantized_p95_latency,0.0005955439060926438,pytorch,p95_latency,False,1.0
14,128,178,32,338,"[128, 178, 32]",elu,model_1,Int8DynamicActivationInt8WeightConfig,int8,8.0,True,False,pytorch_quantized_p95_latency,0.007717073429375884,pytorch,p95_latency,False,1.0
15,128,178,32,338,"[128, 178, 32]",elu,model_1,Int8WeightOnlyConfig,int8,8.0,False,False,pytorch_quantized_p99_latency,0.0004846491664648056,pytorch,p99_latency,False,1.0
16,128,178,32,338,"[128, 178, 32]",elu,model_1,Float8WeightOnlyConfig,float8,8.0,False,False,pytorch_quantized_p99_latency,0.0006110628508031367,pytorch,p99_latency,False,1.0
17,128,178,32,338,"[128, 178, 32]",elu,model_1,Int8DynamicActivationInt8WeightConfig,int8,8.0,True,False,pytorch_quantized_p99_latency,0.010097263790667057,pytorch,p99_latency,False,1.0
18,128,178,32,338,"[128, 178, 32]",elu,model_1,Int8WeightOnlyConfig,int8,8.0,False,False,pytorch_relative_model_size,0.25,pytorch,model_size,True,1.0
19,128,178,32,338,"[128, 178, 32]",elu,model_1,Float8WeightOnlyConfig,float8,8.0,False,False,pytorch_relative_model_size,0.25,pytorch,model_size,True,1.0
20,128,178,32,338,"[128, 178, 32]",elu,model_1,Int8DynamicActivationInt8WeightConfig,int8,8.0,True,False,pytorch_relative_model_size,0.25,pytorch,model_size,True,1.0
21,128,178,32,338,"[128, 178, 32]",elu,model_1,Int8WeightOnlyConfig,int8,8.0,False,False,pytorch_relative_median_latency,3.0073170587084266,pytorch,median_latency,True,1.0
22,128,178,32,338,"[128, 178, 32]",elu,model_1,Float8WeightOnlyConfig,float8,8.0,False,False,pytorch_relative_median_latency,3.742088504390828,pytorch,median_latency,True,1.0
23,128,178,32,338,"[128, 178, 32]",elu,model_1,Int8DynamicActivationInt8WeightConfig,int8,8.0,True,False,pytorch_relative_median_latency,47.49581077635535,pytorch,median_latency,True,1.0
24,128,178,32,338,"[128, 178, 32]",elu,model_1,Int8WeightOnlyConfig,int8,8.0,False,False,pytorch_relative_p95_latency,2.8669411760798154,pytorch,p95_latency,True,1.0
25,128,178,32,338,"[128, 178, 32]",elu,model_1,Float8WeightOnlyConfig,float8,8.0,False,False,pytorch_relative_p95_latency,3.5400221659523448,pytorch,p95_latency,True,1.0
26,128,178,32,338,"[128, 178, 32]",elu,model_1,Int8DynamicActivationInt8WeightConfig,int8,8.0,True,False,pytorch_relative_p95_latency,45.87169932693892,pytorch,p95_latency,True,1.0
27,128,178,32,338,"[128, 178, 32]",elu,model_1,Int8WeightOnlyConfig,int8,8.0,False,False,pytorch_relative_p99_latency,2.843344002127858,pytorch,p99_latency,True,1.0
28,128,178,32,338,"[128, 178, 32]",elu,model_1,Float8WeightOnlyConfig,float8,8.0,False,False,pytorch_relative_p99_latency,3.5849889197744456,pytorch,p99_latency,True,1.0
29,128,178,32,338,"[128, 178, 32]",elu,model_1,Int8DynamicActivationInt8WeightConfig,int8,8.0,True,False,pytorch_relative_p99_latency,59.23871621716871,pytorch,p99_latency,True,1.0
30,128,178,32,338,"[128, 178, 32]",elu,model_1,Int8WeightOnlyConfig,int8,8.0,False,False,pytorch_quantized_MAE,9.811963695910105,pytorch,MAE,False,2.0
31,128,178,32,338,"[128, 178, 32]",elu,model_1,Float8WeightOnlyConfig,float8,8.0,False,False,pytorch_quantized_MAE,9.911228427546044,pytorch,MAE,False,2.0
32,128,178,32,338,"[128, 178, 32]",elu,model_1,Int8DynamicActivationInt8WeightConfig,int8,8.0,True,False,pytorch_quantized_MAE,9.819212937736332,pytorch,MAE,False,2.0
33,128,178,32,338,"[128, 178, 32]",elu,model_1,Int8WeightOnlyConfig,int8,8.0,False,False,pytorch_relative_MAE,1.0002552014812351,pytorch,MAE,True,2.0
34,128,178,32,338,"[128, 178, 32]",elu,model_1,Float8WeightOnlyConfig,float8,8.0,False,False,pytorch_relative_MAE,1.0103744872042217,pytorch,MAE,True,2.0
35,128,178,32,338,"[128, 178, 32]",elu,model_1,Int8DynamicActivationInt8WeightConfig,int8,8.0,True,False,pytorch_relative_MAE,1.0009942066455633,pytorch,MAE,True,2.0
36,128,178,32,338,"[128, 178, 32]",elu,model_1,Int8WeightOnlyConfig,int8,8.0,False,False,pytorch_quantized_model_size,39219.0,pytorch,model_size,False,2.0
37,128,178,32,338,"[128, 178, 32]",elu,model_1,Float8WeightOnlyConfig,float8,8.0,False,False,pytorch_quantized_model_size,39219.0,pytorch,model_size,False,2.0
38,128,178,32,338,"[128, 178, 32]",elu,model_1,Int8DynamicActivationInt8WeightConfig,int8,8.0,True,False,pytorch_quantized_model_size,39219.0,pytorch,model_size,False,2.0
39,128,178,32,338,"[128, 178, 32]",elu,model_1,Int8WeightOnlyConfig,int8,8.0,False,False,pytorch_quantized_median_latency,0.0004266807809472084,pytorch,median_latency,False,2.0
40,128,178,32,338,"[128, 178, 32]",elu,model_1,Float8WeightOnlyConfig,float8,8.0,False,False,pytorch_quantized_median_latency,0.000519951805472374,pytorch,median_latency,False,2.0
41,128,178,32,338,"[128, 178, 32]",elu,model_1,Int8DynamicActivationInt8WeightConfig,int8,8.0,True,False,pytorch_quantized_median_latency,0.0074702054262161255,pytorch,median_latency,False,2.0
42,128,178,32,338,"[128, 178, 32]",elu,model_1,Int8WeightOnlyConfig,int8,8.0,False,False,pytorch_quantized_p95_latency,0.00043746083974838257,pytorch,p95_latency,False,2.0
43,128,178,32,338,"[128, 178, 32]",elu,model_1,Float8WeightOnlyConfig,float8,8.0,False,False,pytorch_quantized_p95_latency,0.0005270236171782017,pytorch,p95_latency,False,2.0
44,128,178,32,338,"[128, 178, 32]",elu,model_1,Int8DynamicActivationInt8WeightConfig,int8,8.0,True,False,pytorch_quantized_p95_latency,0.00785935102030635,pytorch,p95_latency,False,2.0
45,128,178,32,338,"[128, 178, 32]",elu,model_1,Int8WeightOnlyConfig,int8,8.0,False,False,pytorch_quantized_p99_latency,0.00044239209964871403,pytorch,p99_latency,False,2.0
46,128,178,32,338,"[128, 178, 32]",elu,model_1,Float8WeightOnlyConfig,float8,8.0,False,False,pytorch_quantized_p99_latency,0.0005315398052334786,pytorch,p99_latency,False,2.0
47,128,178,32,338,"[128, 178, 32]",elu,model_1,Int8DynamicActivationInt8WeightConfig,int8,8.0,True,False,pytorch_quantized_p99_latency,0.008762131016701452,pytorch,p99_latency,False,2.0
48,128,178,32,338,"[128, 178, 32]",elu,model_1,Int8WeightOnlyConfig,int8,8.0,False,False,pytorch_relative_model_size,0.25,pytorch,model_size,True,2.0
49,128,178,32,338,"[128, 178, 32]",elu,model_1,Float8WeightOnlyConfig,float8,8.0,False,False,pytorch_relative_model_size,0.25,pytorch,model_size,True,2.0
50,128,178,32,338,"[128, 178, 32]",elu,model_1,Int8DynamicActivationInt8WeightConfig,int8,8.0,True,False,pytorch_relative_model_size,0.25,pytorch,model_size,True,2.0
51,128,178,32,338,"[128, 178, 32]",elu,model_1,Int8WeightOnlyConfig,int8,8.0,False,False,pytorch_relative_median_latency,2.6932912419315014,pytorch,median_latency,True,2.0
52,128,178,32,338,"[128, 178, 32]",elu,model_1,Float8WeightOnlyConfig,float8,8.0,False,False,pytorch_relative_median_latency,3.28203590702268,pytorch,median_latency,True,2.0
53,128,178,32,338,"[128, 178, 32]",elu,model_1,Int8DynamicActivationInt8WeightConfig,int8,8.0,True,False,pytorch_relative_median_latency,47.153374954440174,pytorch,median_latency,True,2.0
54,128,178,32,338,"[128, 178, 32]",elu,model_1,Int8WeightOnlyConfig,int8,8.0,False,False,pytorch_relative_p95_latency,2.5843239394929727,pytorch,p95_latency,True,2.0
55,128,178,32,338,"[128, 178, 32]",elu,model_1,Float8WeightOnlyConfig,float8,8.0,False,False,pytorch_relative_p95_latency,3.1134209666291444,pytorch,p95_latency,True,2.0
56,128,178,32,338,"[128, 178, 32]",elu,model_1,Int8DynamicActivationInt8WeightConfig,int8,8.0,True,False,pytorch_relative_p95_latency,46.42954784784554,pytorch,p95_latency,True,2.0
57,128,178,32,338,"[128, 178, 32]",elu,model_1,Int8WeightOnlyConfig,int8,8.0,False,False,pytorch_relative_p99_latency,2.57897496615948,pytorch,p99_latency,True,2.0
58,128,178,32,338,"[128, 178, 32]",elu,model_1,Float8WeightOnlyConfig,float8,8.0,False,False,pytorch_relative_p99_latency,3.098671636096004,pytorch,p99_latency,True,2.0
59,128,178,32,338,"[128, 178, 32]",elu,model_1,Int8DynamicActivationInt8WeightConfig,int8,8.0,True,False,pytorch_relative_p99_latency,51.07983745692156,pytorch,p99_latency,True,2.0
60,128,178,32,338,"[128, 178, 32]",elu,model_1,Int8WeightOnlyConfig,int8,8.0,False,False,pytorch_quantized_MAE,9.589589532545347,pytorch,MAE,False,3.0
61,128,178,32,338,"[128, 178, 32]",elu,model_1,Float8WeightOnlyConfig,float8,8.0,False,False,pytorch_quantized_MAE,9.691928393416884,pytorch,MAE,False,3.0
62,128,178,32,338,"[128, 178, 32]",elu,model_1,Int8DynamicActivationInt8WeightConfig,int8,8.0,True,False,pytorch_quantized_MAE,9.592683607300609,pytorch,MAE,False,3.0
63,128,178,32,338,"[128, 178, 32]",elu,model_1,Int8WeightOnlyConfig,int8,8.0,False,False,pytorch_relative_MAE,1.0003602841598298,pytorch,MAE,True,3.0
64,128,178,32,338,"[128, 178, 32]",elu,model_1,Float8WeightOnlyConfig,float8,8.0,False,False,pytorch_relative_MAE,1.0110359999028864,pytorch,MAE,True,3.0
65,128,178,32,338,"[128, 178, 32]",elu,model_1,Int8DynamicActivationInt8WeightConfig,int8,8.0,True,False,pytorch_relative_MAE,1.0006830497475414,pytorch,MAE,True,3.0
66,128,178,32,338,"[128, 178, 32]",elu,model_1,Int8WeightOnlyConfig,int8,8.0,False,False,pytorch_quantized_model_size,39219.0,pytorch,model_size,False,3.0
67,128,178,32,338,"[128, 178, 32]",elu,model_1,Float8WeightOnlyConfig,float8,8.0,False,False,pytorch_quantized_model_size,39219.0,pytorch,model_size,False,3.0
68,128,178,32,338,"[128, 178, 32]",elu,model_1,Int8DynamicActivationInt8WeightConfig,int8,8.0,True,False,pytorch_quantized_model_size,39219.0,pytorch,model_size,False,3.0
69,128,178,32,338,"[128, 178, 32]",elu,model_1,Int8WeightOnlyConfig,int8,8.0,False,False,pytorch_quantized_median_latency,0.00040673185139894485,pytorch,median_latency,False,3.0
70,128,178,32,338,"[128, 178, 32]",elu,model_1,Float8WeightOnlyConfig,float8,8.0,False,False,pytorch_quantized_median_latency,0.0005037505179643631,pytorch,median_latency,False,3.0
71,128,178,32,338,"[128, 178, 32]",elu,model_1,Int8DynamicActivationInt8WeightConfig,int8,8.0,True,False,pytorch_quantized_median_latency,0.007328111678361893,pytorch,median_latency,False,3.0
72,128,178,32,338,"[128, 178, 32]",elu,model_1,Int8WeightOnlyConfig,int8,8.0,False,False,pytorch_quantized_p95_latency,0.00041845077648758886,pytorch,p95_latency,False,3.0
73,128,178,32,338,"[128, 178, 32]",elu,model_1,Float8WeightOnlyConfig,float8,8.0,False,False,pytorch_quantized_p95_latency,0.000512183178216219,pytorch,p95_latency,False,3.0
74,128,178,32,338,"[128, 178, 32]",elu,model_1,Int8DynamicActivationInt8WeightConfig,int8,8.0,True,False,pytorch_quantized_p95_latency,0.00741528021171689,pytorch,p95_latency,False,3.0
75,128,178,32,338,"[128, 178, 32]",elu,model_1,Int8WeightOnlyConfig,int8,8.0,False,False,pytorch_quantized_p99_latency,0.0004230994544923305,pytorch,p99_latency,False,3.0
76,128,178,32,338,"[128, 178, 32]",elu,model_1,Float8WeightOnlyConfig,float8,8.0,False,False,pytorch_quantized_p99_latency,0.0005209226533770561,pytorch,p99_latency,False,3.0
77,128,178,32,338,"[128, 178, 32]",elu,model_1,Int8DynamicActivationInt8WeightConfig,int8,8.0,True,False,pytorch_quantized_p99_latency,0.008512178007513284,pytorch,p99_latency,False,3.0
78,128,178,32,338,"[128, 178, 32]",elu,model_1,Int8WeightOnlyConfig,int8,8.0,False,False,pytorch_relative_model_size,0.25,pytorch,model_size,True,3.0
79,128,178,32,338,"[128, 178, 32]",elu,model_1,Float8WeightOnlyConfig,float8,8.0,False,False,pytorch_relative_model_size,0.25,pytorch,model_size,True,3.0
80,128,178,32,338,"[128, 178, 32]",elu,model_1,Int8DynamicActivationInt8WeightConfig,int8,8.0,True,False,pytorch_relative_model_size,0.25,pytorch,model_size,True,3.0
81,128,178,32,338,"[128, 178, 32]",elu,model_1,Int8WeightOnlyConfig,int8,8.0,False,False,pytorch_relative_median_latency,2.6060842945715157,pytorch,median_latency,True,3.0
82,128,178,32,338,"[128, 178, 32]",elu,model_1,Float8WeightOnlyConfig,float8,8.0,False,False,pytorch_relative_median_latency,3.2277194636559474,pytorch,median_latency,True,3.0
83,128,178,32,338,"[128, 178, 32]",elu,model_1,Int8DynamicActivationInt8WeightConfig,int8,8.0,True,False,pytorch_relative_median_latency,46.95397394661622,pytorch,median_latency,True,3.0
84,128,178,32,338,"[128, 178, 32]",elu,model_1,Int8WeightOnlyConfig,int8,8.0,False,False,pytorch_relative_p95_latency,2.48904022167736,pytorch,p95_latency,True,3.0
85,128,178,32,338,"[128, 178, 32]",elu,model_1,Float8WeightOnlyConfig,float8,8.0,False,False,pytorch_relative_p95_latency,3.046581827730278,pytorch,p95_latency,True,3.0
86,128,178,32,338,"[128, 178, 32]",elu,model_1,Int8DynamicActivationInt8WeightConfig,int8,8.0,True,False,pytorch_relative_p95_latency,44.10777023021961,pytorch,p95_latency,True,3.0
87,128,178,32,338,"[128, 178, 32]",elu,model_1,Int8WeightOnlyConfig,int8,8.0,False,False,pytorch_relative_p99_latency,2.3879576388643593,pytorch,p99_latency,True,3.0
88,128,178,32,338,"[128, 178, 32]",elu,model_1,Float8WeightOnlyConfig,float8,8.0,False,False,pytorch_relative_p99_latency,2.9400681475276653,pytorch,p99_latency,True,3.0
89,128,178,32,338,"[128, 178, 32]",elu,model_1,Int8DynamicActivationInt8WeightConfig,int8,8.0,True,False,pytorch_relative_p99_latency,48.04241716833272,pytorch,p99_latency,True,3.0
90,488,252,90,830,"[488, 252, 90]",leaky_relu,model_10,Int8WeightOnlyConfig,int8,8.0,False,False,pytorch_quantized_MAE,8.42086244010746,pytorch,MAE,False,1.0
91,488,252,90,830,"[488, 252, 90]",leaky_relu,model_10,Float8WeightOnlyConfig,float8,8.0,False,False,pytorch_quantized_MAE,8.403100944081231,pytorch,MAE,False,1.0
92,488,252,90,830,"[488, 252, 90]",leaky_relu,model_10,Int8DynamicActivationInt8WeightConfig,int8,8.0,True,False,pytorch_quantized_MAE,8.42943010662147,pytorch,MAE,False,1.0
93,488,252,90,830,"[488, 252, 90]",leaky_relu,model_10,Int8WeightOnlyConfig,int8,8.0,False,False,pytorch_relative_MAE,1.0040863231057218,pytorch,MAE,True,1.0
94,488,252,90,830,"[488, 252, 90]",leaky_relu,model_10,Float8WeightOnlyConfig,float8,8.0,False,False,pytorch_relative_MAE,1.001968478839214,pytorch,MAE,True,1.0
95,488,252,90,830,"[488, 252, 90]",leaky_relu,model_10,Int8DynamicActivationInt8WeightConfig,int8,8.0,True,False,pytorch_relative_MAE,1.0051079140447539,pytorch,MAE,True,1.0
96,488,252,90,830,"[488, 252, 90]",leaky_relu,model_10,Int8WeightOnlyConfig,int8,8.0,False,False,pytorch_quantized_model_size,186105.0,pytorch,model_size,False,1.0
97,488,252,90,830,"[488, 252, 90]",leaky_relu,model_10,Float8WeightOnlyConfig,float8,8.0,False,False,pytorch_quantized_model_size,186105.0,pytorch,model_size,False,1.0
98,488,252,90,830,"[488, 252, 90]",leaky_relu,model_10,Int8DynamicActivationInt8WeightConfig,int8,8.0,True,False,pytorch_quantized_model_size,186105.0,pytorch,model_size,False,1.0
99,488,252,90,830,"[488, 252, 90]",leaky_relu,model_10,Int8WeightOnlyConfig,int8,8.0,False,False,pytorch_quantized_median_latency,0.0004397137090563774,pytorch,median_latency,False,1.0
100,488,252,90,830,"[488, 252, 90]",leaky_relu,model_10,Float8WeightOnlyConfig,float8,8.0,False,False,pytorch_quantized_median_latency,0.0005298405885696411,pytorch,median_latency,False,1.0
101,488,252,90,830,"[488, 252, 90]",leaky_relu,model_10,Int8DynamicActivationInt8WeightConfig,int8,8.0,True,False,pytorch_quantized_median_latency,0.010106074623763561,pytorch,median_latency,False,1.0
102,488,252,90,830,"[488, 252, 90]",leaky_relu,model_10,Int8WeightOnlyConfig,int8,8.0,False,False,pytorch_quantized_p95_latency,0.0004518851637840271,pytorch,p95_latency,False,1.0
103,488,252,90,830,"[488, 252, 90]",leaky_relu,model_10,Float8WeightOnlyConfig,float8,8.0,False,False,pytorch_quantized_p95_latency,0.0005391718819737434,pytorch,p95_latency,False,1.0
104,488,252,90,830,"[488, 252, 90]",leaky_relu,model_10,Int8DynamicActivationInt8WeightConfig,int8,8.0,True,False,pytorch_quantized_p95_latency,0.010400393418967722,pytorch,p95_latency,False,1.0
105,488,252,90,830,"[488, 252, 90]",leaky_relu,model_10,Int8WeightOnlyConfig,int8,8.0,False,False,pytorch_quantized_p99_latency,0.00046118076890707007,pytorch,p99_latency,False,1.0
106,488,252,90,830,"[488, 252, 90]",leaky_relu,model_10,Float8WeightOnlyConfig,float8,8.0,False,False,pytorch_quantized_p99_latency,0.0005654022097587585,pytorch,p99_latency,False,1.0
107,488,252,90,830,"[488, 252, 90]",leaky_relu,model_10,Int8DynamicActivationInt8WeightConfig,int8,8.0,True,False,pytorch_quantized_p99_latency,0.012171687372028816,pytorch,p99_latency,False,1.0
108,488,252,90,830,"[488, 252, 90]",leaky_relu,model_10,Int8WeightOnlyConfig,int8,8.0,False,False,pytorch_relative_model_size,0.25,pytorch,model_size,True,1.0
109,488,252,90,830,"[488, 252, 90]",leaky_relu,model_10,Float8WeightOnlyConfig,float8,8.0,False,False,pytorch_relative_model_size,0.25,pytorch,model_size,True,1.0
110,488,252,90,830,"[488, 252, 90]",leaky_relu,model_10,Int8DynamicActivationInt8WeightConfig,int8,8.0,True,False,pytorch_relative_model_size,0.25,pytorch,model_size,True,1.0
111,488,252,90,830,"[488, 252, 90]",leaky_relu,model_10,Int8WeightOnlyConfig,int8,8.0,False,False,pytorch_relative_median_latency,2.682028880128154,pytorch,median_latency,True,1.0
112,488,252,90,830,"[488, 252, 90]",leaky_relu,model_10,Float8WeightOnlyConfig,float8,8.0,False,False,pytorch_relative_median_latency,3.2317567797861826,pytorch,median_latency,True,1.0
113,488,252,90,830,"[488, 252, 90]",leaky_relu,model_10,Int8DynamicActivationInt8WeightConfig,int8,8.0,True,False,pytorch_relative_median_latency,61.64188981924357,pytorch,median_latency,True,1.0
114,488,252,90,830,"[488, 252, 90]",leaky_relu,model_10,Int8WeightOnlyConfig,int8,8.0,False,False,pytorch_relative_p95_latency,2.586417268794793,pytorch,p95_latency,True,1.0
115,488,252,90,830,"[488, 252, 90]",leaky_relu,model_10,Float8WeightOnlyConfig,float8,8.0,False,False,pytorch_relative_p95_latency,3.086012947864721,pytorch,p95_latency,True,1.0
116,488,252,90,830,"[488, 252, 90]",leaky_relu,model_10,Int8DynamicActivationInt8WeightConfig,int8,8.0,True,False,pytorch_relative_p95_latency,59.527860830443736,pytorch,p95_latency,True,1.0
117,488,252,90,830,"[488, 252, 90]",leaky_relu,model_10,Int8WeightOnlyConfig,int8,8.0,False,False,pytorch_relative_p99_latency,2.510856601269714,pytorch,p99_latency,True,1.0
118,488,252,90,830,"[488, 252, 90]",leaky_relu,model_10,Float8WeightOnlyConfig,float8,8.0,False,False,pytorch_relative_p99_latency,3.078280723000674,pytorch,p99_latency,True,1.0
119,488,252,90,830,"[488, 252, 90]",leaky_relu,model_10,Int8DynamicActivationInt8WeightConfig,int8,8.0,True,False,pytorch_relative_p99_latency,66.26764090591995,pytorch,p99_latency,True,1.0
120,488,252,90,830,"[488, 252, 90]",leaky_relu,model_10,Int8WeightOnlyConfig,int8,8.0,False,False,pytorch_quantized_MAE,8.448086168893866,pytorch,MAE,False,2.0
121,488,252,90,830,"[488, 252, 90]",leaky_relu,model_10,Float8WeightOnlyConfig,float8,8.0,False,False,pytorch_quantized_MAE,8.428052304717358,pytorch,MAE,False,2.0
122,488,252,90,830,"[488, 252, 90]",leaky_relu,model_10,Int8DynamicActivationInt8WeightConfig,int8,8.0,True,False,pytorch_quantized_MAE,8.45503165961882,pytorch,MAE,False,2.0
123,488,252,90,830,"[488, 252, 90]",leaky_relu,model_10,Int8WeightOnlyConfig,int8,8.0,False,False,pytorch_relative_MAE,1.0040878210619693,pytorch,MAE,True,2.0
124,488,252,90,830,"[488, 252, 90]",leaky_relu,model_10,Float8WeightOnlyConfig,float8,8.0,False,False,pytorch_relative_MAE,1.0017067185700808,pytorch,MAE,True,2.0
125,488,252,90,830,"[488, 252, 90]",leaky_relu,model_10,Int8DynamicActivationInt8WeightConfig,int8,8.0,True,False,pytorch_relative_MAE,1.0049133195842148,pytorch,MAE,True,2.0
126,488,252,90,830,"[488, 252, 90]",leaky_relu,model_10,Int8WeightOnlyConfig,int8,8.0,False,False,pytorch_quantized_model_size,186105.0,pytorch,model_size,False,2.0
127,488,252,90,830,"[488, 252, 90]",leaky_relu,model_10,Float8WeightOnlyConfig,float8,8.0,False,False,pytorch_quantized_model_size,186105.0,pytorch,model_size,False,2.0
128,488,252,90,830,"[488, 252, 90]",leaky_relu,model_10,Int8DynamicActivationInt8WeightConfig,int8,8.0,True,False,pytorch_quantized_model_size,186105.0,pytorch,model_size,False,2.0
129,488,252,90,830,"[488, 252, 90]",leaky_relu,model_10,Int8WeightOnlyConfig,int8,8.0,False,False,pytorch_quantized_median_latency,0.00043783243745565414,pytorch,median_latency,False,2.0
130,488,252,90,830,"[488, 252, 90]",leaky_relu,model_10,Float8WeightOnlyConfig,float8,8.0,False,False,pytorch_quantized_median_latency,0.0005311258137226105,pytorch,median_latency,False,2.0
131,488,252,90,830,"[488, 252, 90]",leaky_relu,model_10,Int8DynamicActivationInt8WeightConfig,int8,8.0,True,False,pytorch_quantized_median_latency,0.010019706562161446,pytorch,median_latency,False,2.0
132,488,252,90,830,"[488, 252, 90]",leaky_relu,model_10,Int8WeightOnlyConfig,int8,8.0,False,False,pytorch_quantized_p95_latency,0.0004909545183181763,pytorch,p95_latency,False,2.0
133,488,252,90,830,"[488, 252, 90]",leaky_relu,model_10,Float8WeightOnlyConfig,float8,8.0,False,False,pytorch_quantized_p95_latency,0.0005394258536398411,pytorch,p95_latency,False,2.0
134,488,252,90,830,"[488, 252, 90]",leaky_relu,model_10,Int8DynamicActivationInt8WeightConfig,int8,8.0,True,False,pytorch_quantized_p95_latency,0.01014429796487093,pytorch,p95_latency,False,2.0
135,488,252,90,830,"[488, 252, 90]",leaky_relu,model_10,Int8WeightOnlyConfig,int8,8.0,False,False,pytorch_quantized_p99_latency,0.0004952089115977287,pytorch,p99_latency,False,2.0
136,488,252,90,830,"[488, 252, 90]",leaky_relu,model_10,Float8WeightOnlyConfig,float8,8.0,False,False,pytorch_quantized_p99_latency,0.0005504000000655651,pytorch,p99_latency,False,2.0
137,488,252,90,830,"[488, 252, 90]",leaky_relu,model_10,Int8DynamicActivationInt8WeightConfig,int8,8.0,True,False,pytorch_quantized_p99_latency,0.01098042419180274,pytorch,p99_latency,False,2.0
138,488,252,90,830,"[488, 252, 90]",leaky_relu,model_10,Int8WeightOnlyConfig,int8,8.0,False,False,pytorch_relative_model_size,0.25,pytorch,model_size,True,2.0
139,488,252,90,830,"[488, 252, 90]",leaky_relu,model_10,Float8WeightOnlyConfig,float8,8.0,False,False,pytorch_relative_model_size,0.25,pytorch,model_size,True,2.0
140,488,252,90,830,"[488, 252, 90]",leaky_relu,model_10,Int8DynamicActivationInt8WeightConfig,int8,8.0,True,False,pytorch_relative_model_size,0.25,pytorch,model_size,True,2.0
141,488,252,90,830,"[488, 252, 90]",leaky_relu,model_10,Int8WeightOnlyConfig,int8,8.0,False,False,pytorch_relative_median_latency,2.6903760422568257,pytorch,median_latency,True,2.0
142,488,252,90,830,"[488, 252, 90]",leaky_relu,model_10,Float8WeightOnlyConfig,float8,8.0,False,False,pytorch_relative_median_latency,3.263641618166315,pytorch,median_latency,True,2.0
143,488,252,90,830,"[488, 252, 90]",leaky_relu,model_10,Int8DynamicActivationInt8WeightConfig,int8,8.0,True,False,pytorch_relative_median_latency,61.568710262617245,pytorch,median_latency,True,2.0
144,488,252,90,830,"[488, 252, 90]",leaky_relu,model_10,Int8WeightOnlyConfig,int8,8.0,False,False,pytorch_relative_p95_latency,2.8325524214001394,pytorch,p95_latency,True,2.0
145,488,252,90,830,"[488, 252, 90]",leaky_relu,model_10,Float8WeightOnlyConfig,float8,8.0,False,False,pytorch_relative_p95_latency,3.112206835630217,pytorch,p95_latency,True,2.0
146,488,252,90,830,"[488, 252, 90]",leaky_relu,model_10,Int8DynamicActivationInt8WeightConfig,int8,8.0,True,False,pytorch_relative_p95_latency,58.52732726084751,pytorch,p95_latency,True,2.0
147,488,252,90,830,"[488, 252, 90]",leaky_relu,model_10,Int8WeightOnlyConfig,int8,8.0,False,False,pytorch_relative_p99_latency,2.8265016416493616,pytorch,p99_latency,True,2.0
148,488,252,90,830,"[488, 252, 90]",leaky_relu,model_10,Float8WeightOnlyConfig,float8,8.0,False,False,pytorch_relative_p99_latency,3.1415155650770474,pytorch,p99_latency,True,2.0
149,488,252,90,830,"[488, 252, 90]",leaky_relu,model_10,Int8DynamicActivationInt8WeightConfig,int8,8.0,True,False,pytorch_relative_p99_latency,62.67291697962883,pytorch,p99_latency,True,2.0
150,488,252,90,830,"[488, 252, 90]",leaky_relu,model_10,Int8WeightOnlyConfig,int8,8.0,False,False,pytorch_quantized_MAE,8.37009983296004,pytorch,MAE,False,3.0
151,488,252,90,830,"[488, 252, 90]",leaky_relu,model_10,Float8WeightOnlyConfig,float8,8.0,False,False,pytorch_quantized_MAE,8.351668952661983,pytorch,MAE,False,3.0
152,488,252,90,830,"[488, 252, 90]",leaky_relu,model_10,Int8DynamicActivationInt8WeightConfig,int8,8.0,True,False,pytorch_quantized_MAE,8.370436796688967,pytorch,MAE,False,3.0
153,488,252,90,830,"[488, 252, 90]",leaky_relu,model_10,Int8WeightOnlyConfig,int8,8.0,False,False,pytorch_relative_MAE,1.0043428880274579,pytorch,MAE,True,3.0
154,488,252,90,830,"[488, 252, 90]",leaky_relu,model_10,Float8WeightOnlyConfig,float8,8.0,False,False,pytorch_relative_MAE,1.0021313345314595,pytorch,MAE,True,3.0
155,488,252,90,830,"[488, 252, 90]",leaky_relu,model_10,Int8DynamicActivationInt8WeightConfig,int8,8.0,True,False,pytorch_relative_MAE,1.0043833208934243,pytorch,MAE,True,3.0
156,488,252,90,830,"[488, 252, 90]",leaky_relu,model_10,Int8WeightOnlyConfig,int8,8.0,False,False,pytorch_quantized_model_size,186105.0,pytorch,model_size,False,3.0
157,488,252,90,830,"[488, 252, 90]",leaky_relu,model_10,Float8WeightOnlyConfig,float8,8.0,False,False,pytorch_quantized_model_size,186105.0,pytorch,model_size,False,3.0
158,488,252,90,830,"[488, 252, 90]",leaky_relu,model_10,Int8DynamicActivationInt8WeightConfig,int8,8.0,True,False,pytorch_quantized_model_size,186105.0,pytorch,model_size,False,3.0
159,488,252,90,830,"[488, 252, 90]",leaky_relu,model_10,Int8WeightOnlyConfig,int8,8.0,False,False,pytorch_quantized_median_latency,0.00041837431490421295,pytorch,median_latency,False,3.0
160,488,252,90,830,"[488, 252, 90]",leaky_relu,model_10,Float8WeightOnlyConfig,float8,8.0,False,False,pytorch_quantized_median_latency,0.0005702022463083267,pytorch,median_latency,False,3.0
161,488,252,90,830,"[488, 252, 90]",leaky_relu,model_10,Int8DynamicActivationInt8WeightConfig,int8,8.0,True,False,pytorch_quantized_median_latency,0.009912134148180485,pytorch,median_latency,False,3.0
162,488,252,90,830,"[488, 252, 90]",leaky_relu,model_10,Int8WeightOnlyConfig,int8,8.0,False,False,pytorch_quantized_p95_latency,0.0004312185570597649,pytorch,p95_latency,False,3.0
163,488,252,90,830,"[488, 252, 90]",leaky_relu,model_10,Float8WeightOnlyConfig,float8,8.0,False,False,pytorch_quantized_p95_latency,0.0005771954543888569,pytorch,p95_latency,False,3.0
164,488,252,90,830,"[488, 252, 90]",leaky_relu,model_10,Int8DynamicActivationInt8WeightConfig,int8,8.0,True,False,pytorch_quantized_p95_latency,0.010176970157772301,pytorch,p95_latency,False,3.0
165,488,252,90,830,"[488, 252, 90]",leaky_relu,model_10,Int8WeightOnlyConfig,int8,8.0,False,False,pytorch_quantized_p99_latency,0.00044525606557726854,pytorch,p99_latency,False,3.0
166,488,252,90,830,"[488, 252, 90]",leaky_relu,model_10,Float8WeightOnlyConfig,float8,8.0,False,False,pytorch_quantized_p99_latency,0.0005877858772873879,pytorch,p99_latency,False,3.0
167,488,252,90,830,"[488, 252, 90]",leaky_relu,model_10,Int8DynamicActivationInt8WeightConfig,int8,8.0,True,False,pytorch_quantized_p99_latency,0.011038407813757655,pytorch,p99_latency,False,3.0
168,488,252,90,830,"[488, 252, 90]",leaky_relu,model_10,Int8WeightOnlyConfig,int8,8.0,False,False,pytorch_relative_model_size,0.25,pytorch,model_size,True,3.0
169,488,252,90,830,"[488, 252, 90]",leaky_relu,model_10,Float8WeightOnlyConfig,float8,8.0,False,False,pytorch_relative_model_size,0.25,pytorch,model_size,True,3.0
170,488,252,90,830,"[488, 252, 90]",leaky_relu,model_10,Int8DynamicActivationInt8WeightConfig,int8,8.0,True,False,pytorch_relative_model_size,0.25,pytorch,model_size,True,3.0
171,488,252,90,830,"[488, 252, 90]",leaky_relu,model_10,Int8WeightOnlyConfig,int8,8.0,False,False,pytorch_relative_median_latency,2.611900553514117,pytorch,median_latency,True,3.0
172,488,252,90,830,"[488, 252, 90]",leaky_relu,model_10,Float8WeightOnlyConfig,float8,8.0,False,False,pytorch_relative_median_latency,3.55975859342295,pytorch,median_latency,True,3.0
173,488,252,90,830,"[488, 252, 90]",leaky_relu,model_10,Int8DynamicActivationInt8WeightConfig,int8,8.0,True,False,pytorch_relative_median_latency,61.88120959114377,pytorch,median_latency,True,3.0
174,488,252,90,830,"[488, 252, 90]",leaky_relu,model_10,Int8WeightOnlyConfig,int8,8.0,False,False,pytorch_relative_p95_latency,2.515664721763268,pytorch,p95_latency,True,3.0
175,488,252,90,830,"[488, 252, 90]",leaky_relu,model_10,Float8WeightOnlyConfig,float8,8.0,False,False,pytorch_relative_p95_latency,3.3672721602445375,pytorch,p95_latency,True,3.0
176,488,252,90,830,"[488, 252, 90]",leaky_relu,model_10,Int8DynamicActivationInt8WeightConfig,int8,8.0,True,False,pytorch_relative_p95_latency,59.37092544186831,pytorch,p95_latency,True,3.0
177,488,252,90,830,"[488, 252, 90]",leaky_relu,model_10,Int8WeightOnlyConfig,int8,8.0,False,False,pytorch_relative_p99_latency,2.4018451336832207,pytorch,p99_latency,True,3.0
178,488,252,90,830,"[488, 252, 90]",leaky_relu,model_10,Float8WeightOnlyConfig,float8,8.0,False,False,pytorch_relative_p99_latency,3.1706938055523026,pytorch,p99_latency,True,3.0
179,488,252,90,830,"[488, 252, 90]",leaky_relu,model_10,Int8DynamicActivationInt8WeightConfig,int8,8.0,True,False,pytorch_relative_p99_latency,59.544491677416005,pytorch,p99_latency,True,3.0
180,677,218,184,1079,"[677, 218, 184]",leaky_relu,model_11,Int8WeightOnlyConfig,int8,8.0,False,False,pytorch_quantized_MAE,7.804245239142976,pytorch,MAE,False,1.0
181,677,218,184,1079,"[677, 218, 184]",leaky_relu,model_11,Float8WeightOnlyConfig,float8,8.0,False,False,pytorch_quantized_MAE,7.85580316940121,pytorch,MAE,False,1.0
182,677,218,184,1079,"[677, 218, 184]",leaky_relu,model_11,Int8DynamicActivationInt8WeightConfig,int8,8.0,True,False,pytorch_quantized_MAE,7.804174475252684,pytorch,MAE,False,1.0
183,677,218,184,1079,"[677, 218, 184]",leaky_relu,model_11,Int8WeightOnlyConfig,int8,8.0,False,False,pytorch_relative_MAE,1.0003340739873725,pytorch,MAE,True,1.0
184,677,218,184,1079,"[677, 218, 184]",leaky_relu,model_11,Float8WeightOnlyConfig,float8,8.0,False,False,pytorch_relative_MAE,1.0069426764647647,pytorch,MAE,True,1.0
185,677,218,184,1079,"[677, 218, 184]",leaky_relu,model_11,Int8DynamicActivationInt8WeightConfig,int8,8.0,True,False,pytorch_relative_MAE,1.0003250035995903,pytorch,MAE,True,1.0
186,677,218,184,1079,"[677, 218, 184]",leaky_relu,model_11,Int8WeightOnlyConfig,int8,8.0,False,False,pytorch_quantized_model_size,243799.0,pytorch,model_size,False,1.0
187,677,218,184,1079,"[677, 218, 184]",leaky_relu,model_11,Float8WeightOnlyConfig,float8,8.0,False,False,pytorch_quantized_model_size,243799.0,pytorch,model_size,False,1.0
188,677,218,184,1079,"[677, 218, 184]",leaky_relu,model_11,Int8DynamicActivationInt8WeightConfig,int8,8.0,True,False,pytorch_quantized_model_size,243799.0,pytorch,model_size,False,1.0
189,677,218,184,1079,"[677, 218, 184]",leaky_relu,model_11,Int8WeightOnlyConfig,int8,8.0,False,False,pytorch_quantized_median_latency,0.0004408741369843483,pytorch,median_latency,False,1.0
190,677,218,184,1079,"[677, 218, 184]",leaky_relu,model_11,Float8WeightOnlyConfig,float8,8.0,False,False,pytorch_quantized_median_latency,0.0005477610975503922,pytorch,median_latency,False,1.0
191,677,218,184,1079,"[677, 218, 184]",leaky_relu,model_11,Int8DynamicActivationInt8WeightConfig,int8,8.0,True,False,pytorch_quantized_median_latency,0.011967184022068977,pytorch,median_latency,False,1.0
192,677,218,184,1079,"[677, 218, 184]",leaky_relu,model_11,Int8WeightOnlyConfig,int8,8.0,False,False,pytorch_quantized_p95_latency,0.0004524192772805691,pytorch,p95_latency,False,1.0
193,677,218,184,1079,"[677, 218, 184]",leaky_relu,model_11,Float8WeightOnlyConfig,float8,8.0,False,False,pytorch_quantized_p95_latency,0.0006099153310060501,pytorch,p95_latency,False,1.0
194,677,218,184,1079,"[677, 218, 184]",leaky_relu,model_11,Int8DynamicActivationInt8WeightConfig,int8,8.0,True,False,pytorch_quantized_p95_latency,0.012108588404953479,pytorch,p95_latency,False,1.0
195,677,218,184,1079,"[677, 218, 184]",leaky_relu,model_11,Int8WeightOnlyConfig,int8,8.0,False,False,pytorch_quantized_p99_latency,0.00045801946893334386,pytorch,p99_latency,False,1.0
196,677,218,184,1079,"[677, 218, 184]",leaky_relu,model_11,Float8WeightOnlyConfig,float8,8.0,False,False,pytorch_quantized_p99_latency,0.0006192919984459877,pytorch,p99_latency,False,1.0
197,677,218,184,1079,"[677, 218, 184]",leaky_relu,model_11,Int8DynamicActivationInt8WeightConfig,int8,8.0,True,False,pytorch_quantized_p99_latency,0.012813231777399778,pytorch,p99_latency,False,1.0
198,677,218,184,1079,"[677, 218, 184]",leaky_relu,model_11,Int8WeightOnlyConfig,int8,8.0,False,False,pytorch_relative_model_size,0.25,pytorch,model_size,True,1.0
199,677,218,184,1079,"[677, 218, 184]",leaky_relu,model_11,Float8WeightOnlyConfig,float8,8.0,False,False,pytorch_relative_model_size,0.25,pytorch,model_size,True,1.0
200,677,218,184,1079,"[677, 218, 184]",leaky_relu,model_11,Int8DynamicActivationInt8WeightConfig,int8,8.0,True,False,pytorch_relative_model_size,0.25,pytorch,model_size,True,1.0
201,677,218,184,1079,"[677, 218, 184]",leaky_relu,model_11,Int8WeightOnlyConfig,int8,8.0,False,False,pytorch_relative_median_latency,2.6479521630662175,pytorch,median_latency,True,1.0
202,677,218,184,1079,"[677, 218, 184]",leaky_relu,model_11,Float8WeightOnlyConfig,float8,8.0,False,False,pytorch_relative_median_latency,3.289930303064204,pytorch,median_latency,True,1.0
203,677,218,184,1079,"[677, 218, 184]",leaky_relu,model_11,Int8DynamicActivationInt8WeightConfig,int8,8.0,True,False,pytorch_relative_median_latency,71.87659279313547,pytorch,median_latency,True,1.0
204,677,218,184,1079,"[677, 218, 184]",leaky_relu,model_11,Int8WeightOnlyConfig,int8,8.0,False,False,pytorch_relative_p95_latency,2.5450775654761593,pytorch,p95_latency,True,1.0
205,677,218,184,1079,"[677, 218, 184]",leaky_relu,model_11,Float8WeightOnlyConfig,float8,8.0,False,False,pytorch_relative_p95_latency,3.4310691514164016,pytorch,p95_latency,True,1.0
206,677,218,184,1079,"[677, 218, 184]",leaky_relu,model_11,Int8DynamicActivationInt8WeightConfig,int8,8.0,True,False,pytorch_relative_p95_latency,68.11667461269653,pytorch,p95_latency,True,1.0
207,677,218,184,1079,"[677, 218, 184]",leaky_relu,model_11,Int8WeightOnlyConfig,int8,8.0,False,False,pytorch_relative_p99_latency,2.543218427705103,pytorch,p99_latency,True,1.0
208,677,218,184,1079,"[677, 218, 184]",leaky_relu,model_11,Float8WeightOnlyConfig,float8,8.0,False,False,pytorch_relative_p99_latency,3.4387071498206696,pytorch,p99_latency,True,1.0
209,677,218,184,1079,"[677, 218, 184]",leaky_relu,model_11,Int8DynamicActivationInt8WeightConfig,int8,8.0,True,False,pytorch_relative_p99_latency,71.14729697108602,pytorch,p99_latency,True,1.0
210,677,218,184,1079,"[677, 218, 184]",leaky_relu,model_11,Int8WeightOnlyConfig,int8,8.0,False,False,pytorch_quantized_MAE,7.8249784166366565,pytorch,MAE,False,2.0
211,677,218,184,1079,"[677, 218, 184]",leaky_relu,model_11,Float8WeightOnlyConfig,float8,8.0,False,False,pytorch_quantized_MAE,7.889719158326918,pytorch,MAE,False,2.0
212,677,218,184,1079,"[677, 218, 184]",leaky_relu,model_11,Int8DynamicActivationInt8WeightConfig,int8,8.0,True,False,pytorch_quantized_MAE,7.8389491335132275,pytorch,MAE,False,2.0
213,677,218,184,1079,"[677, 218, 184]",leaky_relu,model_11,Int8WeightOnlyConfig,int8,8.0,False,False,pytorch_relative_MAE,1.0001746389714452,pytorch,MAE,True,2.0
214,677,218,184,1079,"[677, 218, 184]",leaky_relu,model_11,Float8WeightOnlyConfig,float8,8.0,False,False,pytorch_relative_MAE,1.0084496838979757,pytorch,MAE,True,2.0
215,677,218,184,1079,"[677, 218, 184]",leaky_relu,model_11,Int8DynamicActivationInt8WeightConfig,int8,8.0,True,False,pytorch_relative_MAE,1.001960350824463,pytorch,MAE,True,2.0
216,677,218,184,1079,"[677, 218, 184]",leaky_relu,model_11,Int8WeightOnlyConfig,int8,8.0,False,False,pytorch_quantized_model_size,243799.0,pytorch,model_size,False,2.0
217,677,218,184,1079,"[677, 218, 184]",leaky_relu,model_11,Float8WeightOnlyConfig,float8,8.0,False,False,pytorch_quantized_model_size,243799.0,pytorch,model_size,False,2.0
218,677,218,184,1079,"[677, 218, 184]",leaky_relu,model_11,Int8DynamicActivationInt8WeightConfig,int8,8.0,True,False,pytorch_quantized_model_size,243799.0,pytorch,model_size,False,2.0
219,677,218,184,1079,"[677, 218, 184]",leaky_relu,model_11,Int8WeightOnlyConfig,int8,8.0,False,False,pytorch_quantized_median_latency,0.0004287669435143471,pytorch,median_latency,False,2.0
220,677,218,184,1079,"[677, 218, 184]",leaky_relu,model_11,Float8WeightOnlyConfig,float8,8.0,False,False,pytorch_quantized_median_latency,0.0005317432805895805,pytorch,median_latency,False,2.0
221,677,218,184,1079,"[677, 218, 184]",leaky_relu,model_11,Int8DynamicActivationInt8WeightConfig,int8,8.0,True,False,pytorch_quantized_median_latency,0.011774498037993908,pytorch,median_latency,False,2.0
222,677,218,184,1079,"[677, 218, 184]",leaky_relu,model_11,Int8WeightOnlyConfig,int8,8.0,False,False,pytorch_quantized_p95_latency,0.00043990826234221455,pytorch,p95_latency,False,2.0
223,677,218,184,1079,"[677, 218, 184]",leaky_relu,model_11,Float8WeightOnlyConfig,float8,8.0,False,False,pytorch_quantized_p95_latency,0.000594512838870287,pytorch,p95_latency,False,2.0
224,677,218,184,1079,"[677, 218, 184]",leaky_relu,model_11,Int8DynamicActivationInt8WeightConfig,int8,8.0,True,False,pytorch_quantized_p95_latency,0.011901885643601418,pytorch,p95_latency,False,2.0
225,677,218,184,1079,"[677, 218, 184]",leaky_relu,model_11,Int8WeightOnlyConfig,int8,8.0,False,False,pytorch_quantized_p99_latency,0.0004688103310763835,pytorch,p99_latency,False,2.0
226,677,218,184,1079,"[677, 218, 184]",leaky_relu,model_11,Float8WeightOnlyConfig,float8,8.0,False,False,pytorch_quantized_p99_latency,0.0006178078055381773,pytorch,p99_latency,False,2.0
227,677,218,184,1079,"[677, 218, 184]",leaky_relu,model_11,Int8DynamicActivationInt8WeightConfig,int8,8.0,True,False,pytorch_quantized_p99_latency,0.012433253210037942,pytorch,p99_latency,False,2.0
228,677,218,184,1079,"[677, 218, 184]",leaky_relu,model_11,Int8WeightOnlyConfig,int8,8.0,False,False,pytorch_relative_model_size,0.25,pytorch,model_size,True,2.0
229,677,218,184,1079,"[677, 218, 184]",leaky_relu,model_11,Float8WeightOnlyConfig,float8,8.0,False,False,pytorch_relative_model_size,0.25,pytorch,model_size,True,2.0
230,677,218,184,1079,"[677, 218, 184]",leaky_relu,model_11,Int8DynamicActivationInt8WeightConfig,int8,8.0,True,False,pytorch_relative_model_size,0.25,pytorch,model_size,True,2.0
231,677,218,184,1079,"[677, 218, 184]",leaky_relu,model_11,Int8WeightOnlyConfig,int8,8.0,False,False,pytorch_relative_median_latency,2.5210413050263667,pytorch,median_latency,True,2.0
232,677,218,184,1079,"[677, 218, 184]",leaky_relu,model_11,Float8WeightOnlyConfig,float8,8.0,False,False,pytorch_relative_median_latency,3.1265161512893105,pytorch,median_latency,True,2.0
233,677,218,184,1079,"[677, 218, 184]",leaky_relu,model_11,Int8DynamicActivationInt8WeightConfig,int8,8.0,True,False,pytorch_relative_median_latency,69.23107377735917,pytorch,median_latency,True,2.0
234,677,218,184,1079,"[677, 218, 184]",leaky_relu,model_11,Int8WeightOnlyConfig,int8,8.0,False,False,pytorch_relative_p95_latency,2.4353855593136444,pytorch,p95_latency,True,2.0
235,677,218,184,1079,"[677, 218, 184]",leaky_relu,model_11,Float8WeightOnlyConfig,float8,8.0,False,False,pytorch_relative_p95_latency,3.2912952689325197,pytorch,p95_latency,True,2.0
236,677,218,184,1079,"[677, 218, 184]",leaky_relu,model_11,Int8DynamicActivationInt8WeightConfig,int8,8.0,True,False,pytorch_relative_p95_latency,65.89028419402739,pytorch,p95_latency,True,2.0
237,677,218,184,1079,"[677, 218, 184]",leaky_relu,model_11,Int8WeightOnlyConfig,int8,8.0,False,False,pytorch_relative_p99_latency,2.5600461496774445,pytorch,p99_latency,True,2.0
238,677,218,184,1079,"[677, 218, 184]",leaky_relu,model_11,Float8WeightOnlyConfig,float8,8.0,False,False,pytorch_relative_p99_latency,3.3736809728089985,pytorch,p99_latency,True,2.0
239,677,218,184,1079,"[677, 218, 184]",leaky_relu,model_11,Int8DynamicActivationInt8WeightConfig,int8,8.0,True,False,pytorch_relative_p99_latency,67.89462581859428,pytorch,p99_latency,True,2.0
240,677,218,184,1079,"[677, 218, 184]",leaky_relu,model_11,Int8WeightOnlyConfig,int8,8.0,False,False,pytorch_quantized_MAE,7.985546862080987,pytorch,MAE,False,3.0
241,677,218,184,1079,"[677, 218, 184]",leaky_relu,model_11,Float8WeightOnlyConfig,float8,8.0,False,False,pytorch_quantized_MAE,8.047154337756497,pytorch,MAE,False,3.0
242,677,218,184,1079,"[677, 218, 184]",leaky_relu,model_11,Int8DynamicActivationInt8WeightConfig,int8,8.0,True,False,pytorch_quantized_MAE,7.9976260453490635,pytorch,MAE,False,3.0
243,677,218,184,1079,"[677, 218, 184]",leaky_relu,model_11,Int8WeightOnlyConfig,int8,8.0,False,False,pytorch_relative_MAE,1.00012391091872,pytorch,MAE,True,3.0
244,677,218,184,1079,"[677, 218, 184]",leaky_relu,model_11,Float8WeightOnlyConfig,float8,8.0,False,False,pytorch_relative_MAE,1.0078397393495815,pytorch,MAE,True,3.0
245,677,218,184,1079,"[677, 218, 184]",leaky_relu,model_11,Int8DynamicActivationInt8WeightConfig,int8,8.0,True,False,pytorch_relative_MAE,1.0016367290411878,pytorch,MAE,True,3.0
246,677,218,184,1079,"[677, 218, 184]",leaky_relu,model_11,Int8WeightOnlyConfig,int8,8.0,False,False,pytorch_quantized_model_size,243799.0,pytorch,model_size,False,3.0
247,677,218,184,1079,"[677, 218, 184]",leaky_relu,model_11,Float8WeightOnlyConfig,float8,8.0,False,False,pytorch_quantized_model_size,243799.0,pytorch,model_size,False,3.0
248,677,218,184,1079,"[677, 218, 184]",leaky_relu,model_11,Int8DynamicActivationInt8WeightConfig,int8,8.0,True,False,pytorch_quantized_model_size,243799.0,pytorch,model_size,False,3.0
249,677,218,184,1079,"[677, 218, 184]",leaky_relu,model_11,Int8WeightOnlyConfig,int8,8.0,False,False,pytorch_quantized_median_latency,0.00043566804379224777,pytorch,median_latency,False,3.0
250,677,218,184,1079,"[677, 218, 184]",leaky_relu,model_11,Float8WeightOnlyConfig,float8,8.0,False,False,pytorch_quantized_median_latency,0.0005312925204634666,pytorch,median_latency,False,3.0
251,677,218,184,1079,"[677, 218, 184]",leaky_relu,model_11,Int8DynamicActivationInt8WeightConfig,int8,8.0,True,False,pytorch_quantized_median_latency,0.011903353966772556,pytorch,median_latency,False,3.0
252,677,218,184,1079,"[677, 218, 184]",leaky_relu,model_11,Int8WeightOnlyConfig,int8,8.0,False,False,pytorch_quantized_p95_latency,0.00048592844977974893,pytorch,p95_latency,False,3.0
253,677,218,184,1079,"[677, 218, 184]",leaky_relu,model_11,Float8WeightOnlyConfig,float8,8.0,False,False,pytorch_quantized_p95_latency,0.0005389779806137085,pytorch,p95_latency,False,3.0
254,677,218,184,1079,"[677, 218, 184]",leaky_relu,model_11,Int8DynamicActivationInt8WeightConfig,int8,8.0,True,False,pytorch_quantized_p95_latency,0.012200058437883854,pytorch,p95_latency,False,3.0
255,677,218,184,1079,"[677, 218, 184]",leaky_relu,model_11,Int8WeightOnlyConfig,int8,8.0,False,False,pytorch_quantized_p99_latency,0.0004934029839932918,pytorch,p99_latency,False,3.0
256,677,218,184,1079,"[677, 218, 184]",leaky_relu,model_11,Float8WeightOnlyConfig,float8,8.0,False,False,pytorch_quantized_p99_latency,0.0005477469973266125,pytorch,p99_latency,False,3.0
257,677,218,184,1079,"[677, 218, 184]",leaky_relu,model_11,Int8DynamicActivationInt8WeightConfig,int8,8.0,True,False,pytorch_quantized_p99_latency,0.013469867240637538,pytorch,p99_latency,False,3.0
258,677,218,184,1079,"[677, 218, 184]",leaky_relu,model_11,Int8WeightOnlyConfig,int8,8.0,False,False,pytorch_relative_model_size,0.25,pytorch,model_size,True,3.0
259,677,218,184,1079,"[677, 218, 184]",leaky_relu,model_11,Float8WeightOnlyConfig,float8,8.0,False,False,pytorch_relative_model_size,0.25,pytorch,model_size,True,3.0
260,677,218,184,1079,"[677, 218, 184]",leaky_relu,model_11,Int8DynamicActivationInt8WeightConfig,int8,8.0,True,False,pytorch_relative_model_size,0.25,pytorch,model_size,True,3.0
261,677,218,184,1079,"[677, 218, 184]",leaky_relu,model_11,Int8WeightOnlyConfig,int8,8.0,False,False,pytorch_relative_median_latency,2.666075845482213,pytorch,median_latency,True,3.0
262,677,218,184,1079,"[677, 218, 184]",leaky_relu,model_11,Float8WeightOnlyConfig,float8,8.0,False,False,pytorch_relative_median_latency,3.251250983118852,pytorch,median_latency,True,3.0
263,677,218,184,1079,"[677, 218, 184]",leaky_relu,model_11,Int8DynamicActivationInt8WeightConfig,int8,8.0,True,False,pytorch_relative_median_latency,72.84271808140794,pytorch,median_latency,True,3.0
264,677,218,184,1079,"[677, 218, 184]",leaky_relu,model_11,Int8WeightOnlyConfig,int8,8.0,False,False,pytorch_relative_p95_latency,2.7614869724778415,pytorch,p95_latency,True,3.0
265,677,218,184,1079,"[677, 218, 184]",leaky_relu,model_11,Float8WeightOnlyConfig,float8,8.0,False,False,pytorch_relative_p95_latency,3.0629626081613277,pytorch,p95_latency,True,3.0
266,677,218,184,1079,"[677, 218, 184]",leaky_relu,model_11,Int8DynamicActivationInt8WeightConfig,int8,8.0,True,False,pytorch_relative_p95_latency,69.33181717381444,pytorch,p95_latency,True,3.0
267,677,218,184,1079,"[677, 218, 184]",leaky_relu,model_11,Int8WeightOnlyConfig,int8,8.0,False,False,pytorch_relative_p99_latency,2.6647266714188262,pytorch,p99_latency,True,3.0
268,677,218,184,1079,"[677, 218, 184]",leaky_relu,model_11,Float8WeightOnlyConfig,float8,8.0,False,False,pytorch_relative_p99_latency,2.9582229542933716,pytorch,p99_latency,True,3.0
269,677,218,184,1079,"[677, 218, 184]",leaky_relu,model_11,Int8DynamicActivationInt8WeightConfig,int8,8.0,True,False,pytorch_relative_p99_latency,72.74685330457092,pytorch,p99_latency,True,3.0
278,589,363,223,1175,"[589, 363, 223]",relu,model_2,Int8WeightOnlyConfig,int8,8.0,False,False,pytorch_quantized_MAE,7.700417447740585,pytorch,MAE,False,1.0
279,589,363,223,1175,"[589, 363, 223]",relu,model_2,Float8WeightOnlyConfig,float8,8.0,False,False,pytorch_quantized_MAE,7.741913860963407,pytorch,MAE,False,1.0
280,589,363,223,1175,"[589, 363, 223]",relu,model_2,Int8DynamicActivationInt8WeightConfig,int8,8.0,True,False,pytorch_quantized_MAE,7.699280646423742,pytorch,MAE,False,1.0
281,589,363,223,1175,"[589, 363, 223]",relu,model_2,Int8WeightOnlyConfig,int8,8.0,False,False,pytorch_relative_MAE,1.0029669640338363,pytorch,MAE,True,1.0
282,589,363,223,1175,"[589, 363, 223]",relu,model_2,Float8WeightOnlyConfig,float8,8.0,False,False,pytorch_relative_MAE,1.0083718049883483,pytorch,MAE,True,1.0
283,589,363,223,1175,"[589, 363, 223]",relu,model_2,Int8DynamicActivationInt8WeightConfig,int8,8.0,True,False,pytorch_relative_MAE,1.0028188974941712,pytorch,MAE,True,1.0
284,589,363,223,1175,"[589, 363, 223]",relu,model_2,Int8WeightOnlyConfig,int8,8.0,False,False,pytorch_quantized_model_size,343864.0,pytorch,model_size,False,1.0
285,589,363,223,1175,"[589, 363, 223]",relu,model_2,Float8WeightOnlyConfig,float8,8.0,False,False,pytorch_quantized_model_size,343864.0,pytorch,model_size,False,1.0
286,589,363,223,1175,"[589, 363, 223]",relu,model_2,Int8DynamicActivationInt8WeightConfig,int8,8.0,True,False,pytorch_quantized_model_size,343864.0,pytorch,model_size,False,1.0
287,589,363,223,1175,"[589, 363, 223]",relu,model_2,Int8WeightOnlyConfig,int8,8.0,False,False,pytorch_quantized_median_latency,0.00043257512152194977,pytorch,median_latency,False,1.0
288,589,363,223,1175,"[589, 363, 223]",relu,model_2,Float8WeightOnlyConfig,float8,8.0,False,False,pytorch_quantized_median_latency,0.0005396222695708275,pytorch,median_latency,False,1.0
289,589,363,223,1175,"[589, 363, 223]",relu,model_2,Int8DynamicActivationInt8WeightConfig,int8,8.0,True,False,pytorch_quantized_median_latency,0.0139237055554986,pytorch,median_latency,False,1.0
290,589,363,223,1175,"[589, 363, 223]",relu,model_2,Int8WeightOnlyConfig,int8,8.0,False,False,pytorch_quantized_p95_latency,0.0004445882514119148,pytorch,p95_latency,False,1.0
291,589,363,223,1175,"[589, 363, 223]",relu,model_2,Float8WeightOnlyConfig,float8,8.0,False,False,pytorch_quantized_p95_latency,0.0005481937900185585,pytorch,p95_latency,False,1.0
292,589,363,223,1175,"[589, 363, 223]",relu,model_2,Int8DynamicActivationInt8WeightConfig,int8,8.0,True,False,pytorch_quantized_p95_latency,0.014073227066546679,pytorch,p95_latency,False,1.0
293,589,363,223,1175,"[589, 363, 223]",relu,model_2,Int8WeightOnlyConfig,int8,8.0,False,False,pytorch_quantized_p99_latency,0.0004478274285793304,pytorch,p99_latency,False,1.0
294,589,363,223,1175,"[589, 363, 223]",relu,model_2,Float8WeightOnlyConfig,float8,8.0,False,False,pytorch_quantized_p99_latency,0.0005807869322597979,pytorch,p99_latency,False,1.0
295,589,363,223,1175,"[589, 363, 223]",relu,model_2,Int8DynamicActivationInt8WeightConfig,int8,8.0,True,False,pytorch_quantized_p99_latency,0.015317875202745197,pytorch,p99_latency,False,1.0
296,589,363,223,1175,"[589, 363, 223]",relu,model_2,Int8WeightOnlyConfig,int8,8.0,False,False,pytorch_relative_model_size,0.25,pytorch,model_size,True,1.0
297,589,363,223,1175,"[589, 363, 223]",relu,model_2,Float8WeightOnlyConfig,float8,8.0,False,False,pytorch_relative_model_size,0.25,pytorch,model_size,True,1.0
298,589,363,223,1175,"[589, 363, 223]",relu,model_2,Int8DynamicActivationInt8WeightConfig,int8,8.0,True,False,pytorch_relative_model_size,0.25,pytorch,model_size,True,1.0
299,589,363,223,1175,"[589, 363, 223]",relu,model_2,Int8WeightOnlyConfig,int8,8.0,False,False,pytorch_relative_median_latency,2.651304035116761,pytorch,median_latency,True,1.0
300,589,363,223,1175,"[589, 363, 223]",relu,model_2,Float8WeightOnlyConfig,float8,8.0,False,False,pytorch_relative_median_latency,3.3074086547517796,pytorch,median_latency,True,1.0
301,589,363,223,1175,"[589, 363, 223]",relu,model_2,Int8DynamicActivationInt8WeightConfig,int8,8.0,True,False,pytorch_relative_median_latency,85.34003664655482,pytorch,median_latency,True,1.0
302,589,363,223,1175,"[589, 363, 223]",relu,model_2,Int8WeightOnlyConfig,int8,8.0,False,False,pytorch_relative_p95_latency,2.5569056157086654,pytorch,p95_latency,True,1.0
303,589,363,223,1175,"[589, 363, 223]",relu,model_2,Float8WeightOnlyConfig,float8,8.0,False,False,pytorch_relative_p95_latency,3.1527593807160703,pytorch,p95_latency,True,1.0
304,589,363,223,1175,"[589, 363, 223]",relu,model_2,Int8DynamicActivationInt8WeightConfig,int8,8.0,True,False,pytorch_relative_p95_latency,80.93761632998482,pytorch,p95_latency,True,1.0
305,589,363,223,1175,"[589, 363, 223]",relu,model_2,Int8WeightOnlyConfig,int8,8.0,False,False,pytorch_relative_p99_latency,2.5489118075771615,pytorch,p99_latency,True,1.0
306,589,363,223,1175,"[589, 363, 223]",relu,model_2,Float8WeightOnlyConfig,float8,8.0,False,False,pytorch_relative_p99_latency,3.305681105821938,pytorch,p99_latency,True,1.0
307,589,363,223,1175,"[589, 363, 223]",relu,model_2,Int8DynamicActivationInt8WeightConfig,int8,8.0,True,False,pytorch_relative_p99_latency,87.1851755376663,pytorch,p99_latency,True,1.0
308,589,363,223,1175,"[589, 363, 223]",relu,model_2,Int8WeightOnlyConfig,int8,8.0,False,False,pytorch_quantized_MAE,7.329987756508427,pytorch,MAE,False,2.0
309,589,363,223,1175,"[589, 363, 223]",relu,model_2,Float8WeightOnlyConfig,float8,8.0,False,False,pytorch_quantized_MAE,7.372333131863727,pytorch,MAE,False,2.0
310,589,363,223,1175,"[589, 363, 223]",relu,model_2,Int8DynamicActivationInt8WeightConfig,int8,8.0,True,False,pytorch_quantized_MAE,7.333650662555856,pytorch,MAE,False,2.0
311,589,363,223,1175,"[589, 363, 223]",relu,model_2,Int8WeightOnlyConfig,int8,8.0,False,False,pytorch_relative_MAE,1.0027253388910131,pytorch,MAE,True,2.0
312,589,363,223,1175,"[589, 363, 223]",relu,model_2,Float8WeightOnlyConfig,float8,8.0,False,False,pytorch_relative_MAE,1.0085180881102611,pytorch,MAE,True,2.0
313,589,363,223,1175,"[589, 363, 223]",relu,model_2,Int8DynamicActivationInt8WeightConfig,int8,8.0,True,False,pytorch_relative_MAE,1.00322641595004,pytorch,MAE,True,2.0
314,589,363,223,1175,"[589, 363, 223]",relu,model_2,Int8WeightOnlyConfig,int8,8.0,False,False,pytorch_quantized_model_size,343864.0,pytorch,model_size,False,2.0
315,589,363,223,1175,"[589, 363, 223]",relu,model_2,Float8WeightOnlyConfig,float8,8.0,False,False,pytorch_quantized_model_size,343864.0,pytorch,model_size,False,2.0
316,589,363,223,1175,"[589, 363, 223]",relu,model_2,Int8DynamicActivationInt8WeightConfig,int8,8.0,True,False,pytorch_quantized_model_size,343864.0,pytorch,model_size,False,2.0
317,589,363,223,1175,"[589, 363, 223]",relu,model_2,Int8WeightOnlyConfig,int8,8.0,False,False,pytorch_quantized_median_latency,0.0004199827089905739,pytorch,median_latency,False,2.0
318,589,363,223,1175,"[589, 363, 223]",relu,model_2,Float8WeightOnlyConfig,float8,8.0,False,False,pytorch_quantized_median_latency,0.000525154173374176,pytorch,median_latency,False,2.0
319,589,363,223,1175,"[589, 363, 223]",relu,model_2,Int8DynamicActivationInt8WeightConfig,int8,8.0,True,False,pytorch_quantized_median_latency,0.013797858729958534,pytorch,median_latency,False,2.0
320,589,363,223,1175,"[589, 363, 223]",relu,model_2,Int8WeightOnlyConfig,int8,8.0,False,False,pytorch_quantized_p95_latency,0.0004307803697884083,pytorch,p95_latency,False,2.0
321,589,363,223,1175,"[589, 363, 223]",relu,model_2,Float8WeightOnlyConfig,float8,8.0,False,False,pytorch_quantized_p95_latency,0.0005846447311341763,pytorch,p95_latency,False,2.0
322,589,363,223,1175,"[589, 363, 223]",relu,model_2,Int8DynamicActivationInt8WeightConfig,int8,8.0,True,False,pytorch_quantized_p95_latency,0.013975179474800824,pytorch,p95_latency,False,2.0
323,589,363,223,1175,"[589, 363, 223]",relu,model_2,Int8WeightOnlyConfig,int8,8.0,False,False,pytorch_quantized_p99_latency,0.000440846923738718,pytorch,p99_latency,False,2.0
324,589,363,223,1175,"[589, 363, 223]",relu,model_2,Float8WeightOnlyConfig,float8,8.0,False,False,pytorch_quantized_p99_latency,0.000597767885774374,pytorch,p99_latency,False,2.0
325,589,363,223,1175,"[589, 363, 223]",relu,model_2,Int8DynamicActivationInt8WeightConfig,int8,8.0,True,False,pytorch_quantized_p99_latency,0.014938511829823255,pytorch,p99_latency,False,2.0
326,589,363,223,1175,"[589, 363, 223]",relu,model_2,Int8WeightOnlyConfig,int8,8.0,False,False,pytorch_relative_model_size,0.25,pytorch,model_size,True,2.0
327,589,363,223,1175,"[589, 363, 223]",relu,model_2,Float8WeightOnlyConfig,float8,8.0,False,False,pytorch_relative_model_size,0.25,pytorch,model_size,True,2.0
328,589,363,223,1175,"[589, 363, 223]",relu,model_2,Int8DynamicActivationInt8WeightConfig,int8,8.0,True,False,pytorch_relative_model_size,0.25,pytorch,model_size,True,2.0
329,589,363,223,1175,"[589, 363, 223]",relu,model_2,Int8WeightOnlyConfig,int8,8.0,False,False,pytorch_relative_median_latency,2.6526334984294304,pytorch,median_latency,True,2.0
330,589,363,223,1175,"[589, 363, 223]",relu,model_2,Float8WeightOnlyConfig,float8,8.0,False,False,pytorch_relative_median_latency,3.316902154092305,pytorch,median_latency,True,2.0
331,589,363,223,1175,"[589, 363, 223]",relu,model_2,Int8DynamicActivationInt8WeightConfig,int8,8.0,True,False,pytorch_relative_median_latency,87.14802178797896,pytorch,median_latency,True,2.0
332,589,363,223,1175,"[589, 363, 223]",relu,model_2,Int8WeightOnlyConfig,int8,8.0,False,False,pytorch_relative_p95_latency,2.545921846748293,pytorch,p95_latency,True,2.0
333,589,363,223,1175,"[589, 363, 223]",relu,model_2,Float8WeightOnlyConfig,float8,8.0,False,False,pytorch_relative_p95_latency,3.455263744519943,pytorch,p95_latency,True,2.0
334,589,363,223,1175,"[589, 363, 223]",relu,model_2,Int8DynamicActivationInt8WeightConfig,int8,8.0,True,False,pytorch_relative_p95_latency,82.59363061181243,pytorch,p95_latency,True,2.0
335,589,363,223,1175,"[589, 363, 223]",relu,model_2,Int8WeightOnlyConfig,int8,8.0,False,False,pytorch_relative_p99_latency,2.5660379015460113,pytorch,p99_latency,True,2.0
336,589,363,223,1175,"[589, 363, 223]",relu,model_2,Float8WeightOnlyConfig,float8,8.0,False,False,pytorch_relative_p99_latency,3.4794278209213103,pytorch,p99_latency,True,2.0
337,589,363,223,1175,"[589, 363, 223]",relu,model_2,Int8DynamicActivationInt8WeightConfig,int8,8.0,True,False,pytorch_relative_p99_latency,86.95260300997151,pytorch,p99_latency,True,2.0
338,589,363,223,1175,"[589, 363, 223]",relu,model_2,Int8WeightOnlyConfig,int8,8.0,False,False,pytorch_quantized_MAE,7.943549298836393,pytorch,MAE,False,3.0
339,589,363,223,1175,"[589, 363, 223]",relu,model_2,Float8WeightOnlyConfig,float8,8.0,False,False,pytorch_quantized_MAE,7.991027774613417,pytorch,MAE,False,3.0
340,589,363,223,1175,"[589, 363, 223]",relu,model_2,Int8DynamicActivationInt8WeightConfig,int8,8.0,True,False,pytorch_quantized_MAE,7.945730803266294,pytorch,MAE,False,3.0
341,589,363,223,1175,"[589, 363, 223]",relu,model_2,Int8WeightOnlyConfig,int8,8.0,False,False,pytorch_relative_MAE,1.0026867071888563,pytorch,MAE,True,3.0
342,589,363,223,1175,"[589, 363, 223]",relu,model_2,Float8WeightOnlyConfig,float8,8.0,False,False,pytorch_relative_MAE,1.0086797506947591,pytorch,MAE,True,3.0
343,589,363,223,1175,"[589, 363, 223]",relu,model_2,Int8DynamicActivationInt8WeightConfig,int8,8.0,True,False,pytorch_relative_MAE,1.0029620709351172,pytorch,MAE,True,3.0
344,589,363,223,1175,"[589, 363, 223]",relu,model_2,Int8WeightOnlyConfig,int8,8.0,False,False,pytorch_quantized_model_size,343864.0,pytorch,model_size,False,3.0
345,589,363,223,1175,"[589, 363, 223]",relu,model_2,Float8WeightOnlyConfig,float8,8.0,False,False,pytorch_quantized_model_size,343864.0,pytorch,model_size,False,3.0
346,589,363,223,1175,"[589, 363, 223]",relu,model_2,Int8DynamicActivationInt8WeightConfig,int8,8.0,True,False,pytorch_quantized_model_size,343864.0,pytorch,model_size,False,3.0
347,589,363,223,1175,"[589, 363, 223]",relu,model_2,Int8WeightOnlyConfig,int8,8.0,False,False,pytorch_quantized_median_latency,0.00042534712702035904,pytorch,median_latency,False,3.0
348,589,363,223,1175,"[589, 363, 223]",relu,model_2,Float8WeightOnlyConfig,float8,8.0,False,False,pytorch_quantized_median_latency,0.0005631912499666214,pytorch,median_latency,False,3.0
349,589,363,223,1175,"[589, 363, 223]",relu,model_2,Int8DynamicActivationInt8WeightConfig,int8,8.0,True,False,pytorch_quantized_median_latency,0.013853608630597591,pytorch,median_latency,False,3.0
350,589,363,223,1175,"[589, 363, 223]",relu,model_2,Int8WeightOnlyConfig,int8,8.0,False,False,pytorch_quantized_p95_latency,0.0004368821159005165,pytorch,p95_latency,False,3.0
351,589,363,223,1175,"[589, 363, 223]",relu,model_2,Float8WeightOnlyConfig,float8,8.0,False,False,pytorch_quantized_p95_latency,0.0005697941407561303,pytorch,p95_latency,False,3.0
352,589,363,223,1175,"[589, 363, 223]",relu,model_2,Int8DynamicActivationInt8WeightConfig,int8,8.0,True,False,pytorch_quantized_p95_latency,0.014161774143576621,pytorch,p95_latency,False,3.0
353,589,363,223,1175,"[589, 363, 223]",relu,model_2,Int8WeightOnlyConfig,int8,8.0,False,False,pytorch_quantized_p99_latency,0.0004396665841341019,pytorch,p99_latency,False,3.0
354,589,363,223,1175,"[589, 363, 223]",relu,model_2,Float8WeightOnlyConfig,float8,8.0,False,False,pytorch_quantized_p99_latency,0.0005751165561378002,pytorch,p99_latency,False,3.0
355,589,363,223,1175,"[589, 363, 223]",relu,model_2,Int8DynamicActivationInt8WeightConfig,int8,8.0,True,False,pytorch_quantized_p99_latency,0.016820125207304953,pytorch,p99_latency,False,3.0
356,589,363,223,1175,"[589, 363, 223]",relu,model_2,Int8WeightOnlyConfig,int8,8.0,False,False,pytorch_relative_model_size,0.25,pytorch,model_size,True,3.0
357,589,363,223,1175,"[589, 363, 223]",relu,model_2,Float8WeightOnlyConfig,float8,8.0,False,False,pytorch_relative_model_size,0.25,pytorch,model_size,True,3.0
358,589,363,223,1175,"[589, 363, 223]",relu,model_2,Int8DynamicActivationInt8WeightConfig,int8,8.0,True,False,pytorch_relative_model_size,0.25,pytorch,model_size,True,3.0
359,589,363,223,1175,"[589, 363, 223]",relu,model_2,Int8WeightOnlyConfig,int8,8.0,False,False,pytorch_relative_median_latency,2.6297445759823117,pytorch,median_latency,True,3.0
360,589,363,223,1175,"[589, 363, 223]",relu,model_2,Float8WeightOnlyConfig,float8,8.0,False,False,pytorch_relative_median_latency,3.4819775208438895,pytorch,median_latency,True,3.0
361,589,363,223,1175,"[589, 363, 223]",relu,model_2,Int8DynamicActivationInt8WeightConfig,int8,8.0,True,False,pytorch_relative_median_latency,85.65110668386383,pytorch,median_latency,True,3.0
362,589,363,223,1175,"[589, 363, 223]",relu,model_2,Int8WeightOnlyConfig,int8,8.0,False,False,pytorch_relative_p95_latency,2.532783473093077,pytorch,p95_latency,True,3.0
363,589,363,223,1175,"[589, 363, 223]",relu,model_2,Float8WeightOnlyConfig,float8,8.0,False,False,pytorch_relative_p95_latency,3.30332858738723,pytorch,p95_latency,True,3.0
364,589,363,223,1175,"[589, 363, 223]",relu,model_2,Int8DynamicActivationInt8WeightConfig,int8,8.0,True,False,pytorch_relative_p95_latency,82.10156972572318,pytorch,p95_latency,True,3.0
365,589,363,223,1175,"[589, 363, 223]",relu,model_2,Int8WeightOnlyConfig,int8,8.0,False,False,pytorch_relative_p99_latency,2.5118249151699543,pytorch,p99_latency,True,3.0
366,589,363,223,1175,"[589, 363, 223]",relu,model_2,Float8WeightOnlyConfig,float8,8.0,False,False,pytorch_relative_p99_latency,3.285653599712854,pytorch,p99_latency,True,3.0
367,589,363,223,1175,"[589, 363, 223]",relu,model_2,Int8DynamicActivationInt8WeightConfig,int8,8.0,True,False,pytorch_relative_p99_latency,96.09374716341968,pytorch,p99_latency,True,3.0
378,793,64,64,921,"[793, 64, 64]",leaky_relu,model_3,Int8WeightOnlyConfig,int8,8.0,False,False,pytorch_quantized_MAE,7.8952124228706255,pytorch,MAE,False,1.0
379,793,64,64,921,"[793, 64, 64]",leaky_relu,model_3,Float8WeightOnlyConfig,float8,8.0,False,False,pytorch_quantized_MAE,7.9221971427508375,pytorch,MAE,False,1.0
380,793,64,64,921,"[793, 64, 64]",leaky_relu,model_3,Int8DynamicActivationInt8WeightConfig,int8,8.0,True,False,pytorch_quantized_MAE,7.890438822677196,pytorch,MAE,False,1.0
381,793,64,64,921,"[793, 64, 64]",leaky_relu,model_3,Int8WeightOnlyConfig,int8,8.0,False,False,pytorch_relative_MAE,1.0024913485104858,pytorch,MAE,True,1.0
382,793,64,64,921,"[793, 64, 64]",leaky_relu,model_3,Float8WeightOnlyConfig,float8,8.0,False,False,pytorch_relative_MAE,1.0059177222130513,pytorch,MAE,True,1.0
383,793,64,64,921,"[793, 64, 64]",leaky_relu,model_3,Int8DynamicActivationInt8WeightConfig,int8,8.0,True,False,pytorch_relative_MAE,1.001885222590264,pytorch,MAE,True,1.0
384,793,64,64,921,"[793, 64, 64]",leaky_relu,model_3,Int8WeightOnlyConfig,int8,8.0,False,False,pytorch_quantized_model_size,120067.0,pytorch,model_size,False,1.0
385,793,64,64,921,"[793, 64, 64]",leaky_relu,model_3,Float8WeightOnlyConfig,float8,8.0,False,False,pytorch_quantized_model_size,120067.0,pytorch,model_size,False,1.0
386,793,64,64,921,"[793, 64, 64]",leaky_relu,model_3,Int8DynamicActivationInt8WeightConfig,int8,8.0,True,False,pytorch_quantized_model_size,120067.0,pytorch,model_size,False,1.0
387,793,64,64,921,"[793, 64, 64]",leaky_relu,model_3,Int8WeightOnlyConfig,int8,8.0,False,False,pytorch_quantized_median_latency,0.00044219568371772766,pytorch,median_latency,False,1.0
388,793,64,64,921,"[793, 64, 64]",leaky_relu,model_3,Float8WeightOnlyConfig,float8,8.0,False,False,pytorch_quantized_median_latency,0.0005158763378858566,pytorch,median_latency,False,1.0
389,793,64,64,921,"[793, 64, 64]",leaky_relu,model_3,Int8DynamicActivationInt8WeightConfig,int8,8.0,True,False,pytorch_quantized_median_latency,0.009322050958871841,pytorch,median_latency,False,1.0
390,793,64,64,921,"[793, 64, 64]",leaky_relu,model_3,Int8WeightOnlyConfig,int8,8.0,False,False,pytorch_quantized_p95_latency,0.000493316724896431,pytorch,p95_latency,False,1.0
391,793,64,64,921,"[793, 64, 64]",leaky_relu,model_3,Float8WeightOnlyConfig,float8,8.0,False,False,pytorch_quantized_p95_latency,0.0005234054289758206,pytorch,p95_latency,False,1.0
392,793,64,64,921,"[793, 64, 64]",leaky_relu,model_3,Int8DynamicActivationInt8WeightConfig,int8,8.0,True,False,pytorch_quantized_p95_latency,0.00941758630797267,pytorch,p95_latency,False,1.0
393,793,64,64,921,"[793, 64, 64]",leaky_relu,model_3,Int8WeightOnlyConfig,int8,8.0,False,False,pytorch_quantized_p99_latency,0.0005028211139142513,pytorch,p99_latency,False,1.0
394,793,64,64,921,"[793, 64, 64]",leaky_relu,model_3,Float8WeightOnlyConfig,float8,8.0,False,False,pytorch_quantized_p99_latency,0.0005356193333864212,pytorch,p99_latency,False,1.0
395,793,64,64,921,"[793, 64, 64]",leaky_relu,model_3,Int8DynamicActivationInt8WeightConfig,int8,8.0,True,False,pytorch_quantized_p99_latency,0.010373363085091113,pytorch,p99_latency,False,1.0
396,793,64,64,921,"[793, 64, 64]",leaky_relu,model_3,Int8WeightOnlyConfig,int8,8.0,False,False,pytorch_relative_model_size,0.25,pytorch,model_size,True,1.0
397,793,64,64,921,"[793, 64, 64]",leaky_relu,model_3,Float8WeightOnlyConfig,float8,8.0,False,False,pytorch_relative_model_size,0.25,pytorch,model_size,True,1.0
398,793,64,64,921,"[793, 64, 64]",leaky_relu,model_3,Int8DynamicActivationInt8WeightConfig,int8,8.0,True,False,pytorch_relative_model_size,0.25,pytorch,model_size,True,1.0
399,793,64,64,921,"[793, 64, 64]",leaky_relu,model_3,Int8WeightOnlyConfig,int8,8.0,False,False,pytorch_relative_median_latency,2.7602957933167453,pytorch,median_latency,True,1.0
400,793,64,64,921,"[793, 64, 64]",leaky_relu,model_3,Float8WeightOnlyConfig,float8,8.0,False,False,pytorch_relative_median_latency,3.2202288212450294,pytorch,median_latency,True,1.0
401,793,64,64,921,"[793, 64, 64]",leaky_relu,model_3,Int8DynamicActivationInt8WeightConfig,int8,8.0,True,False,pytorch_relative_median_latency,58.190568099900005,pytorch,median_latency,True,1.0
402,793,64,64,921,"[793, 64, 64]",leaky_relu,model_3,Int8WeightOnlyConfig,int8,8.0,False,False,pytorch_relative_p95_latency,2.889992083406307,pytorch,p95_latency,True,1.0
403,793,64,64,921,"[793, 64, 64]",leaky_relu,model_3,Float8WeightOnlyConfig,float8,8.0,False,False,pytorch_relative_p95_latency,3.0662604161040212,pytorch,p95_latency,True,1.0
404,793,64,64,921,"[793, 64, 64]",leaky_relu,model_3,Int8DynamicActivationInt8WeightConfig,int8,8.0,True,False,pytorch_relative_p95_latency,55.17094495539483,pytorch,p95_latency,True,1.0
405,793,64,64,921,"[793, 64, 64]",leaky_relu,model_3,Int8WeightOnlyConfig,int8,8.0,False,False,pytorch_relative_p99_latency,2.9042283602198107,pytorch,p99_latency,True,1.0
406,793,64,64,921,"[793, 64, 64]",leaky_relu,model_3,Float8WeightOnlyConfig,float8,8.0,False,False,pytorch_relative_p99_latency,3.0936665451326935,pytorch,p99_latency,True,1.0
407,793,64,64,921,"[793, 64, 64]",leaky_relu,model_3,Int8DynamicActivationInt8WeightConfig,int8,8.0,True,False,pytorch_relative_p99_latency,59.91517545485676,pytorch,p99_latency,True,1.0
408,793,64,64,921,"[793, 64, 64]",leaky_relu,model_3,Int8WeightOnlyConfig,int8,8.0,False,False,pytorch_quantized_MAE,7.872773637888236,pytorch,MAE,False,2.0
409,793,64,64,921,"[793, 64, 64]",leaky_relu,model_3,Float8WeightOnlyConfig,float8,8.0,False,False,pytorch_quantized_MAE,7.898427886101623,pytorch,MAE,False,2.0
410,793,64,64,921,"[793, 64, 64]",leaky_relu,model_3,Int8DynamicActivationInt8WeightConfig,int8,8.0,True,False,pytorch_quantized_MAE,7.859105502224597,pytorch,MAE,False,2.0
411,793,64,64,921,"[793, 64, 64]",leaky_relu,model_3,Int8WeightOnlyConfig,int8,8.0,False,False,pytorch_relative_MAE,1.0023427400443874,pytorch,MAE,True,2.0
412,793,64,64,921,"[793, 64, 64]",leaky_relu,model_3,Float8WeightOnlyConfig,float8,8.0,False,False,pytorch_relative_MAE,1.0056089776666954,pytorch,MAE,True,2.0
413,793,64,64,921,"[793, 64, 64]",leaky_relu,model_3,Int8DynamicActivationInt8WeightConfig,int8,8.0,True,False,pytorch_relative_MAE,1.000602545650069,pytorch,MAE,True,2.0
414,793,64,64,921,"[793, 64, 64]",leaky_relu,model_3,Int8WeightOnlyConfig,int8,8.0,False,False,pytorch_quantized_model_size,120067.0,pytorch,model_size,False,2.0
415,793,64,64,921,"[793, 64, 64]",leaky_relu,model_3,Float8WeightOnlyConfig,float8,8.0,False,False,pytorch_quantized_model_size,120067.0,pytorch,model_size,False,2.0
416,793,64,64,921,"[793, 64, 64]",leaky_relu,model_3,Int8DynamicActivationInt8WeightConfig,int8,8.0,True,False,pytorch_quantized_model_size,120067.0,pytorch,model_size,False,2.0
417,793,64,64,921,"[793, 64, 64]",leaky_relu,model_3,Int8WeightOnlyConfig,int8,8.0,False,False,pytorch_quantized_median_latency,0.00047360919415950775,pytorch,median_latency,False,2.0
418,793,64,64,921,"[793, 64, 64]",leaky_relu,model_3,Float8WeightOnlyConfig,float8,8.0,False,False,pytorch_quantized_median_latency,0.0005716923624277115,pytorch,median_latency,False,2.0
419,793,64,64,921,"[793, 64, 64]",leaky_relu,model_3,Int8DynamicActivationInt8WeightConfig,int8,8.0,True,False,pytorch_quantized_median_latency,0.009165281429886818,pytorch,median_latency,False,2.0
420,793,64,64,921,"[793, 64, 64]",leaky_relu,model_3,Int8WeightOnlyConfig,int8,8.0,False,False,pytorch_quantized_p95_latency,0.00048410464078187945,pytorch,p95_latency,False,2.0
421,793,64,64,921,"[793, 64, 64]",leaky_relu,model_3,Float8WeightOnlyConfig,float8,8.0,False,False,pytorch_quantized_p95_latency,0.0005815389566123485,pytorch,p95_latency,False,2.0
422,793,64,64,921,"[793, 64, 64]",leaky_relu,model_3,Int8DynamicActivationInt8WeightConfig,int8,8.0,True,False,pytorch_quantized_p95_latency,0.009341236297041177,pytorch,p95_latency,False,2.0
423,793,64,64,921,"[793, 64, 64]",leaky_relu,model_3,Int8WeightOnlyConfig,int8,8.0,False,False,pytorch_quantized_p99_latency,0.0004877546988427639,pytorch,p99_latency,False,2.0
424,793,64,64,921,"[793, 64, 64]",leaky_relu,model_3,Float8WeightOnlyConfig,float8,8.0,False,False,pytorch_quantized_p99_latency,0.0005887993425130844,pytorch,p99_latency,False,2.0
425,793,64,64,921,"[793, 64, 64]",leaky_relu,model_3,Int8DynamicActivationInt8WeightConfig,int8,8.0,True,False,pytorch_quantized_p99_latency,0.010876319017261266,pytorch,p99_latency,False,2.0
426,793,64,64,921,"[793, 64, 64]",leaky_relu,model_3,Int8WeightOnlyConfig,int8,8.0,False,False,pytorch_relative_model_size,0.25,pytorch,model_size,True,2.0
427,793,64,64,921,"[793, 64, 64]",leaky_relu,model_3,Float8WeightOnlyConfig,float8,8.0,False,False,pytorch_relative_model_size,0.25,pytorch,model_size,True,2.0
428,793,64,64,921,"[793, 64, 64]",leaky_relu,model_3,Int8DynamicActivationInt8WeightConfig,int8,8.0,True,False,pytorch_relative_model_size,0.25,pytorch,model_size,True,2.0
429,793,64,64,921,"[793, 64, 64]",leaky_relu,model_3,Int8WeightOnlyConfig,int8,8.0,False,False,pytorch_relative_median_latency,3.0047742286193735,pytorch,median_latency,True,2.0
430,793,64,64,921,"[793, 64, 64]",leaky_relu,model_3,Float8WeightOnlyConfig,float8,8.0,False,False,pytorch_relative_median_latency,3.627054750002954,pytorch,median_latency,True,2.0
431,793,64,64,921,"[793, 64, 64]",leaky_relu,model_3,Int8DynamicActivationInt8WeightConfig,int8,8.0,True,False,pytorch_relative_median_latency,58.14836742652533,pytorch,median_latency,True,2.0
432,793,64,64,921,"[793, 64, 64]",leaky_relu,model_3,Int8WeightOnlyConfig,int8,8.0,False,False,pytorch_relative_p95_latency,2.8609986460156533,pytorch,p95_latency,True,2.0
433,793,64,64,921,"[793, 64, 64]",leaky_relu,model_3,Float8WeightOnlyConfig,float8,8.0,False,False,pytorch_relative_p95_latency,3.4368234206267956,pytorch,p95_latency,True,2.0
434,793,64,64,921,"[793, 64, 64]",leaky_relu,model_3,Int8DynamicActivationInt8WeightConfig,int8,8.0,True,False,pytorch_relative_p95_latency,55.20555298702156,pytorch,p95_latency,True,2.0
435,793,64,64,921,"[793, 64, 64]",leaky_relu,model_3,Int8WeightOnlyConfig,int8,8.0,False,False,pytorch_relative_p99_latency,2.8450358468812107,pytorch,p99_latency,True,2.0
436,793,64,64,921,"[793, 64, 64]",leaky_relu,model_3,Float8WeightOnlyConfig,float8,8.0,False,False,pytorch_relative_p99_latency,3.4344215238607636,pytorch,p99_latency,True,2.0
437,793,64,64,921,"[793, 64, 64]",leaky_relu,model_3,Int8DynamicActivationInt8WeightConfig,int8,8.0,True,False,pytorch_relative_p99_latency,63.44073682865595,pytorch,p99_latency,True,2.0
438,793,64,64,921,"[793, 64, 64]",leaky_relu,model_3,Int8WeightOnlyConfig,int8,8.0,False,False,pytorch_quantized_MAE,8.04975694457204,pytorch,MAE,False,3.0
439,793,64,64,921,"[793, 64, 64]",leaky_relu,model_3,Float8WeightOnlyConfig,float8,8.0,False,False,pytorch_quantized_MAE,8.085874304497791,pytorch,MAE,False,3.0
440,793,64,64,921,"[793, 64, 64]",leaky_relu,model_3,Int8DynamicActivationInt8WeightConfig,int8,8.0,True,False,pytorch_quantized_MAE,8.039442376381702,pytorch,MAE,False,3.0
441,793,64,64,921,"[793, 64, 64]",leaky_relu,model_3,Int8WeightOnlyConfig,int8,8.0,False,False,pytorch_relative_MAE,1.0026960827901197,pytorch,MAE,True,3.0
442,793,64,64,921,"[793, 64, 64]",leaky_relu,model_3,Float8WeightOnlyConfig,float8,8.0,False,False,pytorch_relative_MAE,1.0071949435094723,pytorch,MAE,True,3.0
443,793,64,64,921,"[793, 64, 64]",leaky_relu,model_3,Int8DynamicActivationInt8WeightConfig,int8,8.0,True,False,pytorch_relative_MAE,1.0014112766535694,pytorch,MAE,True,3.0
444,793,64,64,921,"[793, 64, 64]",leaky_relu,model_3,Int8WeightOnlyConfig,int8,8.0,False,False,pytorch_quantized_model_size,120067.0,pytorch,model_size,False,3.0
445,793,64,64,921,"[793, 64, 64]",leaky_relu,model_3,Float8WeightOnlyConfig,float8,8.0,False,False,pytorch_quantized_model_size,120067.0,pytorch,model_size,False,3.0
446,793,64,64,921,"[793, 64, 64]",leaky_relu,model_3,Int8DynamicActivationInt8WeightConfig,int8,8.0,True,False,pytorch_quantized_model_size,120067.0,pytorch,model_size,False,3.0
447,793,64,64,921,"[793, 64, 64]",leaky_relu,model_3,Int8WeightOnlyConfig,int8,8.0,False,False,pytorch_quantized_median_latency,0.0004661213606595993,pytorch,median_latency,False,3.0
448,793,64,64,921,"[793, 64, 64]",leaky_relu,model_3,Float8WeightOnlyConfig,float8,8.0,False,False,pytorch_quantized_median_latency,0.0005674660205841064,pytorch,median_latency,False,3.0
449,793,64,64,921,"[793, 64, 64]",leaky_relu,model_3,Int8DynamicActivationInt8WeightConfig,int8,8.0,True,False,pytorch_quantized_median_latency,0.009212612174451351,pytorch,median_latency,False,3.0
450,793,64,64,921,"[793, 64, 64]",leaky_relu,model_3,Int8WeightOnlyConfig,int8,8.0,False,False,pytorch_quantized_p95_latency,0.00047654174268245696,pytorch,p95_latency,False,3.0
451,793,64,64,921,"[793, 64, 64]",leaky_relu,model_3,Float8WeightOnlyConfig,float8,8.0,False,False,pytorch_quantized_p95_latency,0.0005741891451179981,pytorch,p95_latency,False,3.0
452,793,64,64,921,"[793, 64, 64]",leaky_relu,model_3,Int8DynamicActivationInt8WeightConfig,int8,8.0,True,False,pytorch_quantized_p95_latency,0.00945528456941247,pytorch,p95_latency,False,3.0
453,793,64,64,921,"[793, 64, 64]",leaky_relu,model_3,Int8WeightOnlyConfig,int8,8.0,False,False,pytorch_quantized_p99_latency,0.0004796912334859371,pytorch,p99_latency,False,3.0
454,793,64,64,921,"[793, 64, 64]",leaky_relu,model_3,Float8WeightOnlyConfig,float8,8.0,False,False,pytorch_quantized_p99_latency,0.0005794522538781166,pytorch,p99_latency,False,3.0
455,793,64,64,921,"[793, 64, 64]",leaky_relu,model_3,Int8DynamicActivationInt8WeightConfig,int8,8.0,True,False,pytorch_quantized_p99_latency,0.010947916787117717,pytorch,p99_latency,False,3.0
456,793,64,64,921,"[793, 64, 64]",leaky_relu,model_3,Int8WeightOnlyConfig,int8,8.0,False,False,pytorch_relative_model_size,0.25,pytorch,model_size,True,3.0
457,793,64,64,921,"[793, 64, 64]",leaky_relu,model_3,Float8WeightOnlyConfig,float8,8.0,False,False,pytorch_relative_model_size,0.25,pytorch,model_size,True,3.0
458,793,64,64,921,"[793, 64, 64]",leaky_relu,model_3,Int8DynamicActivationInt8WeightConfig,int8,8.0,True,False,pytorch_relative_model_size,0.25,pytorch,model_size,True,3.0
459,793,64,64,921,"[793, 64, 64]",leaky_relu,model_3,Int8WeightOnlyConfig,int8,8.0,False,False,pytorch_relative_median_latency,3.0085358083170033,pytorch,median_latency,True,3.0
460,793,64,64,921,"[793, 64, 64]",leaky_relu,model_3,Float8WeightOnlyConfig,float8,8.0,False,False,pytorch_relative_median_latency,3.6626552374998496,pytorch,median_latency,True,3.0
461,793,64,64,921,"[793, 64, 64]",leaky_relu,model_3,Int8DynamicActivationInt8WeightConfig,int8,8.0,True,False,pytorch_relative_median_latency,59.46192548600007,pytorch,median_latency,True,3.0
462,793,64,64,921,"[793, 64, 64]",leaky_relu,model_3,Int8WeightOnlyConfig,int8,8.0,False,False,pytorch_relative_p95_latency,2.8685694680214113,pytorch,p95_latency,True,3.0
463,793,64,64,921,"[793, 64, 64]",leaky_relu,model_3,Float8WeightOnlyConfig,float8,8.0,False,False,pytorch_relative_p95_latency,3.456363426387915,pytorch,p95_latency,True,3.0
464,793,64,64,921,"[793, 64, 64]",leaky_relu,model_3,Int8DynamicActivationInt8WeightConfig,int8,8.0,True,False,pytorch_relative_p95_latency,56.91661023144422,pytorch,p95_latency,True,3.0
465,793,64,64,921,"[793, 64, 64]",leaky_relu,model_3,Int8WeightOnlyConfig,int8,8.0,False,False,pytorch_relative_p99_latency,2.7428651307836582,pytorch,p99_latency,True,3.0
466,793,64,64,921,"[793, 64, 64]",leaky_relu,model_3,Float8WeightOnlyConfig,float8,8.0,False,False,pytorch_relative_p99_latency,3.313296702477429,pytorch,p99_latency,True,3.0
467,793,64,64,921,"[793, 64, 64]",leaky_relu,model_3,Int8DynamicActivationInt8WeightConfig,int8,8.0,True,False,pytorch_relative_p99_latency,62.59997497116357,pytorch,p99_latency,True,3.0
478,263,240,165,668,"[263, 240, 165]",gelu,model_4,Int8WeightOnlyConfig,int8,8.0,False,False,pytorch_quantized_MAE,8.57314645761829,pytorch,MAE,False,1.0
479,263,240,165,668,"[263, 240, 165]",gelu,model_4,Float8WeightOnlyConfig,float8,8.0,False,False,pytorch_quantized_MAE,8.569792122181473,pytorch,MAE,False,1.0
480,263,240,165,668,"[263, 240, 165]",gelu,model_4,Int8DynamicActivationInt8WeightConfig,int8,8.0,True,False,pytorch_quantized_MAE,8.586389091254851,pytorch,MAE,False,1.0
481,263,240,165,668,"[263, 240, 165]",gelu,model_4,Int8WeightOnlyConfig,int8,8.0,False,False,pytorch_relative_MAE,1.0004439033837205,pytorch,MAE,True,1.0
482,263,240,165,668,"[263, 240, 165]",gelu,model_4,Float8WeightOnlyConfig,float8,8.0,False,False,pytorch_relative_MAE,1.0000524689839634,pytorch,MAE,True,1.0
483,263,240,165,668,"[263, 240, 165]",gelu,model_4,Int8DynamicActivationInt8WeightConfig,int8,8.0,True,False,pytorch_relative_MAE,1.001989253408001,pytorch,MAE,True,1.0
484,263,240,165,668,"[263, 240, 165]",gelu,model_4,Int8WeightOnlyConfig,int8,8.0,False,False,pytorch_quantized_model_size,124857.0,pytorch,model_size,False,1.0
485,263,240,165,668,"[263, 240, 165]",gelu,model_4,Float8WeightOnlyConfig,float8,8.0,False,False,pytorch_quantized_model_size,124857.0,pytorch,model_size,False,1.0
486,263,240,165,668,"[263, 240, 165]",gelu,model_4,Int8DynamicActivationInt8WeightConfig,int8,8.0,True,False,pytorch_quantized_model_size,124857.0,pytorch,model_size,False,1.0
487,263,240,165,668,"[263, 240, 165]",gelu,model_4,Int8WeightOnlyConfig,int8,8.0,False,False,pytorch_quantized_median_latency,0.00047599710524082184,pytorch,median_latency,False,1.0
488,263,240,165,668,"[263, 240, 165]",gelu,model_4,Float8WeightOnlyConfig,float8,8.0,False,False,pytorch_quantized_median_latency,0.0005167210474610329,pytorch,median_latency,False,1.0
489,263,240,165,668,"[263, 240, 165]",gelu,model_4,Int8DynamicActivationInt8WeightConfig,int8,8.0,True,False,pytorch_quantized_median_latency,0.009275725111365318,pytorch,median_latency,False,1.0
490,263,240,165,668,"[263, 240, 165]",gelu,model_4,Int8WeightOnlyConfig,int8,8.0,False,False,pytorch_quantized_p95_latency,0.0004858509637415409,pytorch,p95_latency,False,1.0
491,263,240,165,668,"[263, 240, 165]",gelu,model_4,Float8WeightOnlyConfig,float8,8.0,False,False,pytorch_quantized_p95_latency,0.0005238931626081467,pytorch,p95_latency,False,1.0
492,263,240,165,668,"[263, 240, 165]",gelu,model_4,Int8DynamicActivationInt8WeightConfig,int8,8.0,True,False,pytorch_quantized_p95_latency,0.009372080117464066,pytorch,p95_latency,False,1.0
493,263,240,165,668,"[263, 240, 165]",gelu,model_4,Int8WeightOnlyConfig,int8,8.0,False,False,pytorch_quantized_p99_latency,0.000489291213452816,pytorch,p99_latency,False,1.0
494,263,240,165,668,"[263, 240, 165]",gelu,model_4,Float8WeightOnlyConfig,float8,8.0,False,False,pytorch_quantized_p99_latency,0.0005386971868574619,pytorch,p99_latency,False,1.0
495,263,240,165,668,"[263, 240, 165]",gelu,model_4,Int8DynamicActivationInt8WeightConfig,int8,8.0,True,False,pytorch_quantized_p99_latency,0.010326273646205664,pytorch,p99_latency,False,1.0
496,263,240,165,668,"[263, 240, 165]",gelu,model_4,Int8WeightOnlyConfig,int8,8.0,False,False,pytorch_relative_model_size,0.25,pytorch,model_size,True,1.0
497,263,240,165,668,"[263, 240, 165]",gelu,model_4,Float8WeightOnlyConfig,float8,8.0,False,False,pytorch_relative_model_size,0.25,pytorch,model_size,True,1.0
498,263,240,165,668,"[263, 240, 165]",gelu,model_4,Int8DynamicActivationInt8WeightConfig,int8,8.0,True,False,pytorch_relative_model_size,0.25,pytorch,model_size,True,1.0
499,263,240,165,668,"[263, 240, 165]",gelu,model_4,Int8WeightOnlyConfig,int8,8.0,False,False,pytorch_relative_median_latency,3.0041968400263332,pytorch,median_latency,True,1.0
500,263,240,165,668,"[263, 240, 165]",gelu,model_4,Float8WeightOnlyConfig,float8,8.0,False,False,pytorch_relative_median_latency,3.2612209630395936,pytorch,median_latency,True,1.0
501,263,240,165,668,"[263, 240, 165]",gelu,model_4,Int8DynamicActivationInt8WeightConfig,int8,8.0,True,False,pytorch_relative_median_latency,58.54259146054735,pytorch,median_latency,True,1.0
502,263,240,165,668,"[263, 240, 165]",gelu,model_4,Int8WeightOnlyConfig,int8,8.0,False,False,pytorch_relative_p95_latency,2.865682029669848,pytorch,p95_latency,True,1.0
503,263,240,165,668,"[263, 240, 165]",gelu,model_4,Float8WeightOnlyConfig,float8,8.0,False,False,pytorch_relative_p95_latency,3.0900653360682124,pytorch,p95_latency,True,1.0
504,263,240,165,668,"[263, 240, 165]",gelu,model_4,Int8DynamicActivationInt8WeightConfig,int8,8.0,True,False,pytorch_relative_p95_latency,55.27909498504203,pytorch,p95_latency,True,1.0
505,263,240,165,668,"[263, 240, 165]",gelu,model_4,Int8WeightOnlyConfig,int8,8.0,False,False,pytorch_relative_p99_latency,2.837911429615348,pytorch,p99_latency,True,1.0
506,263,240,165,668,"[263, 240, 165]",gelu,model_4,Float8WeightOnlyConfig,float8,8.0,False,False,pytorch_relative_p99_latency,3.124468336343528,pytorch,p99_latency,True,1.0
507,263,240,165,668,"[263, 240, 165]",gelu,model_4,Int8DynamicActivationInt8WeightConfig,int8,8.0,True,False,pytorch_relative_p99_latency,59.89285971252945,pytorch,p99_latency,True,1.0
508,263,240,165,668,"[263, 240, 165]",gelu,model_4,Int8WeightOnlyConfig,int8,8.0,False,False,pytorch_quantized_MAE,8.783019954936188,pytorch,MAE,False,2.0
509,263,240,165,668,"[263, 240, 165]",gelu,model_4,Float8WeightOnlyConfig,float8,8.0,False,False,pytorch_quantized_MAE,8.773449529035968,pytorch,MAE,False,2.0
510,263,240,165,668,"[263, 240, 165]",gelu,model_4,Int8DynamicActivationInt8WeightConfig,int8,8.0,True,False,pytorch_quantized_MAE,8.787536847176467,pytorch,MAE,False,2.0
511,263,240,165,668,"[263, 240, 165]",gelu,model_4,Int8WeightOnlyConfig,int8,8.0,False,False,pytorch_relative_MAE,1.0004812759694872,pytorch,MAE,True,2.0
512,263,240,165,668,"[263, 240, 165]",gelu,model_4,Float8WeightOnlyConfig,float8,8.0,False,False,pytorch_relative_MAE,0.9993911006123377,pytorch,MAE,True,2.0
513,263,240,165,668,"[263, 240, 165]",gelu,model_4,Int8DynamicActivationInt8WeightConfig,int8,8.0,True,False,pytorch_relative_MAE,1.0009957990077083,pytorch,MAE,True,2.0
514,263,240,165,668,"[263, 240, 165]",gelu,model_4,Int8WeightOnlyConfig,int8,8.0,False,False,pytorch_quantized_model_size,124857.0,pytorch,model_size,False,2.0
515,263,240,165,668,"[263, 240, 165]",gelu,model_4,Float8WeightOnlyConfig,float8,8.0,False,False,pytorch_quantized_model_size,124857.0,pytorch,model_size,False,2.0
516,263,240,165,668,"[263, 240, 165]",gelu,model_4,Int8DynamicActivationInt8WeightConfig,int8,8.0,True,False,pytorch_quantized_model_size,124857.0,pytorch,model_size,False,2.0
517,263,240,165,668,"[263, 240, 165]",gelu,model_4,Int8WeightOnlyConfig,int8,8.0,False,False,pytorch_quantized_median_latency,0.00045317690819501877,pytorch,median_latency,False,2.0
518,263,240,165,668,"[263, 240, 165]",gelu,model_4,Float8WeightOnlyConfig,float8,8.0,False,False,pytorch_quantized_median_latency,0.0005046436563134193,pytorch,median_latency,False,2.0
519,263,240,165,668,"[263, 240, 165]",gelu,model_4,Int8DynamicActivationInt8WeightConfig,int8,8.0,True,False,pytorch_quantized_median_latency,0.009200766682624817,pytorch,median_latency,False,2.0
520,263,240,165,668,"[263, 240, 165]",gelu,model_4,Int8WeightOnlyConfig,int8,8.0,False,False,pytorch_quantized_p95_latency,0.00046795671805739404,pytorch,p95_latency,False,2.0
521,263,240,165,668,"[263, 240, 165]",gelu,model_4,Float8WeightOnlyConfig,float8,8.0,False,False,pytorch_quantized_p95_latency,0.000513081718236208,pytorch,p95_latency,False,2.0
522,263,240,165,668,"[263, 240, 165]",gelu,model_4,Int8DynamicActivationInt8WeightConfig,int8,8.0,True,False,pytorch_quantized_p95_latency,0.009295485448092222,pytorch,p95_latency,False,2.0
523,263,240,165,668,"[263, 240, 165]",gelu,model_4,Int8WeightOnlyConfig,int8,8.0,False,False,pytorch_quantized_p99_latency,0.00046958936378359794,pytorch,p99_latency,False,2.0
524,263,240,165,668,"[263, 240, 165]",gelu,model_4,Float8WeightOnlyConfig,float8,8.0,False,False,pytorch_quantized_p99_latency,0.0005257094465196132,pytorch,p99_latency,False,2.0
525,263,240,165,668,"[263, 240, 165]",gelu,model_4,Int8DynamicActivationInt8WeightConfig,int8,8.0,True,False,pytorch_quantized_p99_latency,0.01023831997066736,pytorch,p99_latency,False,2.0
526,263,240,165,668,"[263, 240, 165]",gelu,model_4,Int8WeightOnlyConfig,int8,8.0,False,False,pytorch_relative_model_size,0.25,pytorch,model_size,True,2.0
527,263,240,165,668,"[263, 240, 165]",gelu,model_4,Float8WeightOnlyConfig,float8,8.0,False,False,pytorch_relative_model_size,0.25,pytorch,model_size,True,2.0
528,263,240,165,668,"[263, 240, 165]",gelu,model_4,Int8DynamicActivationInt8WeightConfig,int8,8.0,True,False,pytorch_relative_model_size,0.25,pytorch,model_size,True,2.0
529,263,240,165,668,"[263, 240, 165]",gelu,model_4,Int8WeightOnlyConfig,int8,8.0,False,False,pytorch_relative_median_latency,2.8415468077527257,pytorch,median_latency,True,2.0
530,263,240,165,668,"[263, 240, 165]",gelu,model_4,Float8WeightOnlyConfig,float8,8.0,False,False,pytorch_relative_median_latency,3.164257809078327,pytorch,median_latency,True,2.0
531,263,240,165,668,"[263, 240, 165]",gelu,model_4,Int8DynamicActivationInt8WeightConfig,int8,8.0,True,False,pytorch_relative_median_latency,57.691397604573616,pytorch,median_latency,True,2.0
532,263,240,165,668,"[263, 240, 165]",gelu,model_4,Int8WeightOnlyConfig,int8,8.0,False,False,pytorch_relative_p95_latency,2.7413914261801904,pytorch,p95_latency,True,2.0
533,263,240,165,668,"[263, 240, 165]",gelu,model_4,Float8WeightOnlyConfig,float8,8.0,False,False,pytorch_relative_p95_latency,3.0057434139240824,pytorch,p95_latency,True,2.0
534,263,240,165,668,"[263, 240, 165]",gelu,model_4,Int8DynamicActivationInt8WeightConfig,int8,8.0,True,False,pytorch_relative_p95_latency,54.45495945729185,pytorch,p95_latency,True,2.0
535,263,240,165,668,"[263, 240, 165]",gelu,model_4,Int8WeightOnlyConfig,int8,8.0,False,False,pytorch_relative_p99_latency,2.7223854168207695,pytorch,p99_latency,True,2.0
536,263,240,165,668,"[263, 240, 165]",gelu,model_4,Float8WeightOnlyConfig,float8,8.0,False,False,pytorch_relative_p99_latency,3.0477345550557433,pytorch,p99_latency,True,2.0
537,263,240,165,668,"[263, 240, 165]",gelu,model_4,Int8DynamicActivationInt8WeightConfig,int8,8.0,True,False,pytorch_relative_p99_latency,59.35537542058618,pytorch,p99_latency,True,2.0
538,263,240,165,668,"[263, 240, 165]",gelu,model_4,Int8WeightOnlyConfig,int8,8.0,False,False,pytorch_quantized_MAE,8.922070579492923,pytorch,MAE,False,3.0
539,263,240,165,668,"[263, 240, 165]",gelu,model_4,Float8WeightOnlyConfig,float8,8.0,False,False,pytorch_quantized_MAE,8.919704336774652,pytorch,MAE,False,3.0
540,263,240,165,668,"[263, 240, 165]",gelu,model_4,Int8DynamicActivationInt8WeightConfig,int8,8.0,True,False,pytorch_quantized_MAE,8.942089909780508,pytorch,MAE,False,3.0
541,263,240,165,668,"[263, 240, 165]",gelu,model_4,Int8WeightOnlyConfig,int8,8.0,False,False,pytorch_relative_MAE,1.0002947434777563,pytorch,MAE,True,3.0
542,263,240,165,668,"[263, 240, 165]",gelu,model_4,Float8WeightOnlyConfig,float8,8.0,False,False,pytorch_relative_MAE,1.0000294530239553,pytorch,MAE,True,3.0
543,263,240,165,668,"[263, 240, 165]",gelu,model_4,Int8DynamicActivationInt8WeightConfig,int8,8.0,True,False,pytorch_relative_MAE,1.0025392035138205,pytorch,MAE,True,3.0
544,263,240,165,668,"[263, 240, 165]",gelu,model_4,Int8WeightOnlyConfig,int8,8.0,False,False,pytorch_quantized_model_size,124857.0,pytorch,model_size,False,3.0
545,263,240,165,668,"[263, 240, 165]",gelu,model_4,Float8WeightOnlyConfig,float8,8.0,False,False,pytorch_quantized_model_size,124857.0,pytorch,model_size,False,3.0
546,263,240,165,668,"[263, 240, 165]",gelu,model_4,Int8DynamicActivationInt8WeightConfig,int8,8.0,True,False,pytorch_quantized_model_size,124857.0,pytorch,model_size,False,3.0
547,263,240,165,668,"[263, 240, 165]",gelu,model_4,Int8WeightOnlyConfig,int8,8.0,False,False,pytorch_quantized_median_latency,0.000401386059820652,pytorch,median_latency,False,3.0
548,263,240,165,668,"[263, 240, 165]",gelu,model_4,Float8WeightOnlyConfig,float8,8.0,False,False,pytorch_quantized_median_latency,0.0005569793283939362,pytorch,median_latency,False,3.0
549,263,240,165,668,"[263, 240, 165]",gelu,model_4,Int8DynamicActivationInt8WeightConfig,int8,8.0,True,False,pytorch_quantized_median_latency,0.009080934338271618,pytorch,median_latency,False,3.0
550,263,240,165,668,"[263, 240, 165]",gelu,model_4,Int8WeightOnlyConfig,int8,8.0,False,False,pytorch_quantized_p95_latency,0.0004137276671826839,pytorch,p95_latency,False,3.0
551,263,240,165,668,"[263, 240, 165]",gelu,model_4,Float8WeightOnlyConfig,float8,8.0,False,False,pytorch_quantized_p95_latency,0.0005630433559417724,pytorch,p95_latency,False,3.0
552,263,240,165,668,"[263, 240, 165]",gelu,model_4,Int8DynamicActivationInt8WeightConfig,int8,8.0,True,False,pytorch_quantized_p95_latency,0.00920081278309226,pytorch,p95_latency,False,3.0
553,263,240,165,668,"[263, 240, 165]",gelu,model_4,Int8WeightOnlyConfig,int8,8.0,False,False,pytorch_quantized_p99_latency,0.00046035602688789364,pytorch,p99_latency,False,3.0
554,263,240,165,668,"[263, 240, 165]",gelu,model_4,Float8WeightOnlyConfig,float8,8.0,False,False,pytorch_quantized_p99_latency,0.0005673866346478462,pytorch,p99_latency,False,3.0
555,263,240,165,668,"[263, 240, 165]",gelu,model_4,Int8DynamicActivationInt8WeightConfig,int8,8.0,True,False,pytorch_quantized_p99_latency,0.01031988883391022,pytorch,p99_latency,False,3.0
556,263,240,165,668,"[263, 240, 165]",gelu,model_4,Int8WeightOnlyConfig,int8,8.0,False,False,pytorch_relative_model_size,0.25,pytorch,model_size,True,3.0
557,263,240,165,668,"[263, 240, 165]",gelu,model_4,Float8WeightOnlyConfig,float8,8.0,False,False,pytorch_relative_model_size,0.25,pytorch,model_size,True,3.0
558,263,240,165,668,"[263, 240, 165]",gelu,model_4,Int8DynamicActivationInt8WeightConfig,int8,8.0,True,False,pytorch_relative_model_size,0.25,pytorch,model_size,True,3.0
559,263,240,165,668,"[263, 240, 165]",gelu,model_4,Int8WeightOnlyConfig,int8,8.0,False,False,pytorch_relative_median_latency,2.6466452143795824,pytorch,median_latency,True,3.0
560,263,240,165,668,"[263, 240, 165]",gelu,model_4,Float8WeightOnlyConfig,float8,8.0,False,False,pytorch_relative_median_latency,3.6725906093022687,pytorch,median_latency,True,3.0
561,263,240,165,668,"[263, 240, 165]",gelu,model_4,Int8DynamicActivationInt8WeightConfig,int8,8.0,True,False,pytorch_relative_median_latency,59.8775438768868,pytorch,median_latency,True,3.0
562,263,240,165,668,"[263, 240, 165]",gelu,model_4,Int8WeightOnlyConfig,int8,8.0,False,False,pytorch_relative_p95_latency,2.540260546757061,pytorch,p95_latency,True,3.0
563,263,240,165,668,"[263, 240, 165]",gelu,model_4,Float8WeightOnlyConfig,float8,8.0,False,False,pytorch_relative_p95_latency,3.4570490123422903,pytorch,p95_latency,True,3.0
564,263,240,165,668,"[263, 240, 165]",gelu,model_4,Int8DynamicActivationInt8WeightConfig,int8,8.0,True,False,pytorch_relative_p95_latency,56.4923827070696,pytorch,p95_latency,True,3.0
565,263,240,165,668,"[263, 240, 165]",gelu,model_4,Int8WeightOnlyConfig,int8,8.0,False,False,pytorch_relative_p99_latency,2.797681681897877,pytorch,p99_latency,True,3.0
566,263,240,165,668,"[263, 240, 165]",gelu,model_4,Float8WeightOnlyConfig,float8,8.0,False,False,pytorch_relative_p99_latency,3.448129494554266,pytorch,p99_latency,True,3.0
567,263,240,165,668,"[263, 240, 165]",gelu,model_4,Int8DynamicActivationInt8WeightConfig,int8,8.0,True,False,pytorch_relative_p99_latency,62.71616371579284,pytorch,p99_latency,True,3.0
578,403,64,172,639,"[403, 64, 172]",celu,model_5,Int8WeightOnlyConfig,int8,8.0,False,False,pytorch_quantized_MAE,9.604947108989153,pytorch,MAE,False,1.0
579,403,64,172,639,"[403, 64, 172]",celu,model_5,Float8WeightOnlyConfig,float8,8.0,False,False,pytorch_quantized_MAE,9.60559631089276,pytorch,MAE,False,1.0
580,403,64,172,639,"[403, 64, 172]",celu,model_5,Int8DynamicActivationInt8WeightConfig,int8,8.0,True,False,pytorch_quantized_MAE,9.603637982401663,pytorch,MAE,False,1.0
581,403,64,172,639,"[403, 64, 172]",celu,model_5,Int8WeightOnlyConfig,int8,8.0,False,False,pytorch_relative_MAE,1.0000691098046768,pytorch,MAE,True,1.0
582,403,64,172,639,"[403, 64, 172]",celu,model_5,Float8WeightOnlyConfig,float8,8.0,False,False,pytorch_relative_MAE,1.000136704843198,pytorch,MAE,True,1.0
583,403,64,172,639,"[403, 64, 172]",celu,model_5,Int8DynamicActivationInt8WeightConfig,int8,8.0,True,False,pytorch_relative_MAE,0.9999328032695012,pytorch,MAE,True,1.0
584,403,64,172,639,"[403, 64, 172]",celu,model_5,Int8WeightOnlyConfig,int8,8.0,False,False,pytorch_quantized_model_size,70255.0,pytorch,model_size,False,1.0
585,403,64,172,639,"[403, 64, 172]",celu,model_5,Float8WeightOnlyConfig,float8,8.0,False,False,pytorch_quantized_model_size,70255.0,pytorch,model_size,False,1.0
586,403,64,172,639,"[403, 64, 172]",celu,model_5,Int8DynamicActivationInt8WeightConfig,int8,8.0,True,False,pytorch_quantized_model_size,70255.0,pytorch,model_size,False,1.0
587,403,64,172,639,"[403, 64, 172]",celu,model_5,Int8WeightOnlyConfig,int8,8.0,False,False,pytorch_quantized_median_latency,0.00040605291724205017,pytorch,median_latency,False,1.0
588,403,64,172,639,"[403, 64, 172]",celu,model_5,Float8WeightOnlyConfig,float8,8.0,False,False,pytorch_quantized_median_latency,0.0005645193159580231,pytorch,median_latency,False,1.0
589,403,64,172,639,"[403, 64, 172]",celu,model_5,Int8DynamicActivationInt8WeightConfig,int8,8.0,True,False,pytorch_quantized_median_latency,0.008145302534103394,pytorch,median_latency,False,1.0
590,403,64,172,639,"[403, 64, 172]",celu,model_5,Int8WeightOnlyConfig,int8,8.0,False,False,pytorch_quantized_p95_latency,0.0004181145690381527,pytorch,p95_latency,False,1.0
591,403,64,172,639,"[403, 64, 172]",celu,model_5,Float8WeightOnlyConfig,float8,8.0,False,False,pytorch_quantized_p95_latency,0.0005716322921216488,pytorch,p95_latency,False,1.0
592,403,64,172,639,"[403, 64, 172]",celu,model_5,Int8DynamicActivationInt8WeightConfig,int8,8.0,True,False,pytorch_quantized_p95_latency,0.008324571046978235,pytorch,p95_latency,False,1.0
593,403,64,172,639,"[403, 64, 172]",celu,model_5,Int8WeightOnlyConfig,int8,8.0,False,False,pytorch_quantized_p99_latency,0.00042125927284359933,pytorch,p99_latency,False,1.0
594,403,64,172,639,"[403, 64, 172]",celu,model_5,Float8WeightOnlyConfig,float8,8.0,False,False,pytorch_quantized_p99_latency,0.0005752227269113063,pytorch,p99_latency,False,1.0
595,403,64,172,639,"[403, 64, 172]",celu,model_5,Int8DynamicActivationInt8WeightConfig,int8,8.0,True,False,pytorch_quantized_p99_latency,0.010062263403087853,pytorch,p99_latency,False,1.0
596,403,64,172,639,"[403, 64, 172]",celu,model_5,Int8WeightOnlyConfig,int8,8.0,False,False,pytorch_relative_model_size,0.25,pytorch,model_size,True,1.0
597,403,64,172,639,"[403, 64, 172]",celu,model_5,Float8WeightOnlyConfig,float8,8.0,False,False,pytorch_relative_model_size,0.25,pytorch,model_size,True,1.0
598,403,64,172,639,"[403, 64, 172]",celu,model_5,Int8DynamicActivationInt8WeightConfig,int8,8.0,True,False,pytorch_relative_model_size,0.25,pytorch,model_size,True,1.0
599,403,64,172,639,"[403, 64, 172]",celu,model_5,Int8WeightOnlyConfig,int8,8.0,False,False,pytorch_relative_median_latency,2.6593229643183895,pytorch,median_latency,True,1.0
600,403,64,172,639,"[403, 64, 172]",celu,model_5,Float8WeightOnlyConfig,float8,8.0,False,False,pytorch_relative_median_latency,3.697151570600793,pytorch,median_latency,True,1.0
601,403,64,172,639,"[403, 64, 172]",celu,model_5,Int8DynamicActivationInt8WeightConfig,int8,8.0,True,False,pytorch_relative_median_latency,53.34523940225679,pytorch,median_latency,True,1.0
602,403,64,172,639,"[403, 64, 172]",celu,model_5,Int8WeightOnlyConfig,int8,8.0,False,False,pytorch_relative_p95_latency,2.544757295641547,pytorch,p95_latency,True,1.0
603,403,64,172,639,"[403, 64, 172]",celu,model_5,Float8WeightOnlyConfig,float8,8.0,False,False,pytorch_relative_p95_latency,3.479107291447021,pytorch,p95_latency,True,1.0
604,403,64,172,639,"[403, 64, 172]",celu,model_5,Int8DynamicActivationInt8WeightConfig,int8,8.0,True,False,pytorch_relative_p95_latency,50.665569854733356,pytorch,p95_latency,True,1.0
605,403,64,172,639,"[403, 64, 172]",celu,model_5,Int8WeightOnlyConfig,int8,8.0,False,False,pytorch_relative_p99_latency,2.536392208979244,pytorch,p99_latency,True,1.0
606,403,64,172,639,"[403, 64, 172]",celu,model_5,Float8WeightOnlyConfig,float8,8.0,False,False,pytorch_relative_p99_latency,3.463402557567703,pytorch,p99_latency,True,1.0
607,403,64,172,639,"[403, 64, 172]",celu,model_5,Int8DynamicActivationInt8WeightConfig,int8,8.0,True,False,pytorch_relative_p99_latency,60.58465212649333,pytorch,p99_latency,True,1.0
608,403,64,172,639,"[403, 64, 172]",celu,model_5,Int8WeightOnlyConfig,int8,8.0,False,False,pytorch_quantized_MAE,9.458939445545846,pytorch,MAE,False,2.0
609,403,64,172,639,"[403, 64, 172]",celu,model_5,Float8WeightOnlyConfig,float8,8.0,False,False,pytorch_quantized_MAE,9.455617027246829,pytorch,MAE,False,2.0
610,403,64,172,639,"[403, 64, 172]",celu,model_5,Int8DynamicActivationInt8WeightConfig,int8,8.0,True,False,pytorch_quantized_MAE,9.46405697496904,pytorch,MAE,False,2.0
611,403,64,172,639,"[403, 64, 172]",celu,model_5,Int8WeightOnlyConfig,int8,8.0,False,False,pytorch_relative_MAE,0.9999684828993916,pytorch,MAE,True,2.0
612,403,64,172,639,"[403, 64, 172]",celu,model_5,Float8WeightOnlyConfig,float8,8.0,False,False,pytorch_relative_MAE,0.9996172475833023,pytorch,MAE,True,2.0
613,403,64,172,639,"[403, 64, 172]",celu,model_5,Int8DynamicActivationInt8WeightConfig,int8,8.0,True,False,pytorch_relative_MAE,1.0005094915571766,pytorch,MAE,True,2.0
614,403,64,172,639,"[403, 64, 172]",celu,model_5,Int8WeightOnlyConfig,int8,8.0,False,False,pytorch_quantized_model_size,70255.0,pytorch,model_size,False,2.0
615,403,64,172,639,"[403, 64, 172]",celu,model_5,Float8WeightOnlyConfig,float8,8.0,False,False,pytorch_quantized_model_size,70255.0,pytorch,model_size,False,2.0
616,403,64,172,639,"[403, 64, 172]",celu,model_5,Int8DynamicActivationInt8WeightConfig,int8,8.0,True,False,pytorch_quantized_model_size,70255.0,pytorch,model_size,False,2.0
617,403,64,172,639,"[403, 64, 172]",celu,model_5,Int8WeightOnlyConfig,int8,8.0,False,False,pytorch_quantized_median_latency,0.0004945090040564537,pytorch,median_latency,False,2.0
618,403,64,172,639,"[403, 64, 172]",celu,model_5,Float8WeightOnlyConfig,float8,8.0,False,False,pytorch_quantized_median_latency,0.0005271090194582939,pytorch,median_latency,False,2.0
619,403,64,172,639,"[403, 64, 172]",celu,model_5,Int8DynamicActivationInt8WeightConfig,int8,8.0,True,False,pytorch_quantized_median_latency,0.008358406834304333,pytorch,median_latency,False,2.0
620,403,64,172,639,"[403, 64, 172]",celu,model_5,Int8WeightOnlyConfig,int8,8.0,False,False,pytorch_quantized_p95_latency,0.0005029069259762764,pytorch,p95_latency,False,2.0
621,403,64,172,639,"[403, 64, 172]",celu,model_5,Float8WeightOnlyConfig,float8,8.0,False,False,pytorch_quantized_p95_latency,0.0005335873924195766,pytorch,p95_latency,False,2.0
622,403,64,172,639,"[403, 64, 172]",celu,model_5,Int8DynamicActivationInt8WeightConfig,int8,8.0,True,False,pytorch_quantized_p95_latency,0.008448952063918113,pytorch,p95_latency,False,2.0
623,403,64,172,639,"[403, 64, 172]",celu,model_5,Int8WeightOnlyConfig,int8,8.0,False,False,pytorch_quantized_p99_latency,0.0005062567256391049,pytorch,p99_latency,False,2.0
624,403,64,172,639,"[403, 64, 172]",celu,model_5,Float8WeightOnlyConfig,float8,8.0,False,False,pytorch_quantized_p99_latency,0.0005364406481385231,pytorch,p99_latency,False,2.0
625,403,64,172,639,"[403, 64, 172]",celu,model_5,Int8DynamicActivationInt8WeightConfig,int8,8.0,True,False,pytorch_quantized_p99_latency,0.009485784824937582,pytorch,p99_latency,False,2.0
626,403,64,172,639,"[403, 64, 172]",celu,model_5,Int8WeightOnlyConfig,int8,8.0,False,False,pytorch_relative_model_size,0.25,pytorch,model_size,True,2.0
627,403,64,172,639,"[403, 64, 172]",celu,model_5,Float8WeightOnlyConfig,float8,8.0,False,False,pytorch_relative_model_size,0.25,pytorch,model_size,True,2.0
628,403,64,172,639,"[403, 64, 172]",celu,model_5,Int8DynamicActivationInt8WeightConfig,int8,8.0,True,False,pytorch_relative_model_size,0.25,pytorch,model_size,True,2.0
629,403,64,172,639,"[403, 64, 172]",celu,model_5,Int8WeightOnlyConfig,int8,8.0,False,False,pytorch_relative_median_latency,3.062263182481415,pytorch,median_latency,True,2.0
630,403,64,172,639,"[403, 64, 172]",celu,model_5,Float8WeightOnlyConfig,float8,8.0,False,False,pytorch_relative_median_latency,3.2641398441690264,pytorch,median_latency,True,2.0
631,403,64,172,639,"[403, 64, 172]",celu,model_5,Int8DynamicActivationInt8WeightConfig,int8,8.0,True,False,pytorch_relative_median_latency,51.75970771599776,pytorch,median_latency,True,2.0
632,403,64,172,639,"[403, 64, 172]",celu,model_5,Int8WeightOnlyConfig,int8,8.0,False,False,pytorch_relative_p95_latency,2.9172147327954776,pytorch,p95_latency,True,2.0
633,403,64,172,639,"[403, 64, 172]",celu,model_5,Float8WeightOnlyConfig,float8,8.0,False,False,pytorch_relative_p95_latency,3.095183068673307,pytorch,p95_latency,True,2.0
634,403,64,172,639,"[403, 64, 172]",celu,model_5,Int8DynamicActivationInt8WeightConfig,int8,8.0,True,False,pytorch_relative_p95_latency,49.00987869613744,pytorch,p95_latency,True,2.0
635,403,64,172,639,"[403, 64, 172]",celu,model_5,Int8WeightOnlyConfig,int8,8.0,False,False,pytorch_relative_p99_latency,2.910980981849378,pytorch,p99_latency,True,2.0
636,403,64,172,639,"[403, 64, 172]",celu,model_5,Float8WeightOnlyConfig,float8,8.0,False,False,pytorch_relative_p99_latency,3.08453882296744,pytorch,p99_latency,True,2.0
637,403,64,172,639,"[403, 64, 172]",celu,model_5,Int8DynamicActivationInt8WeightConfig,int8,8.0,True,False,pytorch_relative_p99_latency,54.54335285807771,pytorch,p99_latency,True,2.0
638,403,64,172,639,"[403, 64, 172]",celu,model_5,Int8WeightOnlyConfig,int8,8.0,False,False,pytorch_quantized_MAE,9.511531381257166,pytorch,MAE,False,3.0
639,403,64,172,639,"[403, 64, 172]",celu,model_5,Float8WeightOnlyConfig,float8,8.0,False,False,pytorch_quantized_MAE,9.512431003861234,pytorch,MAE,False,3.0
640,403,64,172,639,"[403, 64, 172]",celu,model_5,Int8DynamicActivationInt8WeightConfig,int8,8.0,True,False,pytorch_quantized_MAE,9.511157139000305,pytorch,MAE,False,3.0
641,403,64,172,639,"[403, 64, 172]",celu,model_5,Int8WeightOnlyConfig,int8,8.0,False,False,pytorch_relative_MAE,1.0000464368605693,pytorch,MAE,True,3.0
642,403,64,172,639,"[403, 64, 172]",celu,model_5,Float8WeightOnlyConfig,float8,8.0,False,False,pytorch_relative_MAE,1.0001410235620851,pytorch,MAE,True,3.0
643,403,64,172,639,"[403, 64, 172]",celu,model_5,Int8DynamicActivationInt8WeightConfig,int8,8.0,True,False,pytorch_relative_MAE,1.0000070888712187,pytorch,MAE,True,3.0
644,403,64,172,639,"[403, 64, 172]",celu,model_5,Int8WeightOnlyConfig,int8,8.0,False,False,pytorch_quantized_model_size,70255.0,pytorch,model_size,False,3.0
645,403,64,172,639,"[403, 64, 172]",celu,model_5,Float8WeightOnlyConfig,float8,8.0,False,False,pytorch_quantized_model_size,70255.0,pytorch,model_size,False,3.0
646,403,64,172,639,"[403, 64, 172]",celu,model_5,Int8DynamicActivationInt8WeightConfig,int8,8.0,True,False,pytorch_quantized_model_size,70255.0,pytorch,model_size,False,3.0
647,403,64,172,639,"[403, 64, 172]",celu,model_5,Int8WeightOnlyConfig,int8,8.0,False,False,pytorch_quantized_median_latency,0.00042359065264463425,pytorch,median_latency,False,3.0
648,403,64,172,639,"[403, 64, 172]",celu,model_5,Float8WeightOnlyConfig,float8,8.0,False,False,pytorch_quantized_median_latency,0.0005186237394809723,pytorch,median_latency,False,3.0
649,403,64,172,639,"[403, 64, 172]",celu,model_5,Int8DynamicActivationInt8WeightConfig,int8,8.0,True,False,pytorch_quantized_median_latency,0.008373026736080647,pytorch,median_latency,False,3.0
650,403,64,172,639,"[403, 64, 172]",celu,model_5,Int8WeightOnlyConfig,int8,8.0,False,False,pytorch_quantized_p95_latency,0.0004733617417514324,pytorch,p95_latency,False,3.0
651,403,64,172,639,"[403, 64, 172]",celu,model_5,Float8WeightOnlyConfig,float8,8.0,False,False,pytorch_quantized_p95_latency,0.0005259172059595585,pytorch,p95_latency,False,3.0
652,403,64,172,639,"[403, 64, 172]",celu,model_5,Int8DynamicActivationInt8WeightConfig,int8,8.0,True,False,pytorch_quantized_p95_latency,0.008501192647963762,pytorch,p95_latency,False,3.0
653,403,64,172,639,"[403, 64, 172]",celu,model_5,Int8WeightOnlyConfig,int8,8.0,False,False,pytorch_quantized_p99_latency,0.0004778936877846718,pytorch,p99_latency,False,3.0
654,403,64,172,639,"[403, 64, 172]",celu,model_5,Float8WeightOnlyConfig,float8,8.0,False,False,pytorch_quantized_p99_latency,0.0005316921882331371,pytorch,p99_latency,False,3.0
655,403,64,172,639,"[403, 64, 172]",celu,model_5,Int8DynamicActivationInt8WeightConfig,int8,8.0,True,False,pytorch_quantized_p99_latency,0.009660733565688131,pytorch,p99_latency,False,3.0
656,403,64,172,639,"[403, 64, 172]",celu,model_5,Int8WeightOnlyConfig,int8,8.0,False,False,pytorch_relative_model_size,0.25,pytorch,model_size,True,3.0
657,403,64,172,639,"[403, 64, 172]",celu,model_5,Float8WeightOnlyConfig,float8,8.0,False,False,pytorch_relative_model_size,0.25,pytorch,model_size,True,3.0
658,403,64,172,639,"[403, 64, 172]",celu,model_5,Int8DynamicActivationInt8WeightConfig,int8,8.0,True,False,pytorch_relative_model_size,0.25,pytorch,model_size,True,3.0
659,403,64,172,639,"[403, 64, 172]",celu,model_5,Int8WeightOnlyConfig,int8,8.0,False,False,pytorch_relative_median_latency,2.6447735677901054,pytorch,median_latency,True,3.0
660,403,64,172,639,"[403, 64, 172]",celu,model_5,Float8WeightOnlyConfig,float8,8.0,False,False,pytorch_relative_median_latency,3.238131788895867,pytorch,median_latency,True,3.0
661,403,64,172,639,"[403, 64, 172]",celu,model_5,Int8DynamicActivationInt8WeightConfig,int8,8.0,True,False,pytorch_relative_median_latency,52.27867908729328,pytorch,median_latency,True,3.0
662,403,64,172,639,"[403, 64, 172]",celu,model_5,Int8WeightOnlyConfig,int8,8.0,False,False,pytorch_relative_p95_latency,2.77969932748191,pytorch,p95_latency,True,3.0
663,403,64,172,639,"[403, 64, 172]",celu,model_5,Float8WeightOnlyConfig,float8,8.0,False,False,pytorch_relative_p95_latency,3.08831824538242,pytorch,p95_latency,True,3.0
664,403,64,172,639,"[403, 64, 172]",celu,model_5,Int8DynamicActivationInt8WeightConfig,int8,8.0,True,False,pytorch_relative_p95_latency,49.9211436034216,pytorch,p95_latency,True,3.0
665,403,64,172,639,"[403, 64, 172]",celu,model_5,Int8WeightOnlyConfig,int8,8.0,False,False,pytorch_relative_p99_latency,2.744001862651684,pytorch,p99_latency,True,3.0
666,403,64,172,639,"[403, 64, 172]",celu,model_5,Float8WeightOnlyConfig,float8,8.0,False,False,pytorch_relative_p99_latency,3.052905682082277,pytorch,p99_latency,True,3.0
667,403,64,172,639,"[403, 64, 172]",celu,model_5,Int8DynamicActivationInt8WeightConfig,int8,8.0,True,False,pytorch_relative_p99_latency,55.4706445730965,pytorch,p99_latency,True,3.0
678,763,299,48,1110,"[763, 299, 48]",celu,model_6,Int8WeightOnlyConfig,int8,8.0,False,False,pytorch_quantized_MAE,9.240407234974212,pytorch,MAE,False,1.0
679,763,299,48,1110,"[763, 299, 48]",celu,model_6,Float8WeightOnlyConfig,float8,8.0,False,False,pytorch_quantized_MAE,9.219726515848011,pytorch,MAE,False,1.0
680,763,299,48,1110,"[763, 299, 48]",celu,model_6,Int8DynamicActivationInt8WeightConfig,int8,8.0,True,False,pytorch_quantized_MAE,9.261743540149304,pytorch,MAE,False,1.0
681,763,299,48,1110,"[763, 299, 48]",celu,model_6,Int8WeightOnlyConfig,int8,8.0,False,False,pytorch_relative_MAE,0.9993779162619162,pytorch,MAE,True,1.0
682,763,299,48,1110,"[763, 299, 48]",celu,model_6,Float8WeightOnlyConfig,float8,8.0,False,False,pytorch_relative_MAE,0.9971412341047798,pytorch,MAE,True,1.0
683,763,299,48,1110,"[763, 299, 48]",celu,model_6,Int8DynamicActivationInt8WeightConfig,int8,8.0,True,False,pytorch_relative_MAE,1.0016855020278232,pytorch,MAE,True,1.0
684,763,299,48,1110,"[763, 299, 48]",celu,model_6,Int8WeightOnlyConfig,int8,8.0,False,False,pytorch_quantized_model_size,305451.0,pytorch,model_size,False,1.0
685,763,299,48,1110,"[763, 299, 48]",celu,model_6,Float8WeightOnlyConfig,float8,8.0,False,False,pytorch_quantized_model_size,305451.0,pytorch,model_size,False,1.0
686,763,299,48,1110,"[763, 299, 48]",celu,model_6,Int8DynamicActivationInt8WeightConfig,int8,8.0,True,False,pytorch_quantized_model_size,305451.0,pytorch,model_size,False,1.0
687,763,299,48,1110,"[763, 299, 48]",celu,model_6,Int8WeightOnlyConfig,int8,8.0,False,False,pytorch_quantized_median_latency,0.0004902081564068794,pytorch,median_latency,False,1.0
688,763,299,48,1110,"[763, 299, 48]",celu,model_6,Float8WeightOnlyConfig,float8,8.0,False,False,pytorch_quantized_median_latency,0.0005368068814277649,pytorch,median_latency,False,1.0
689,763,299,48,1110,"[763, 299, 48]",celu,model_6,Int8DynamicActivationInt8WeightConfig,int8,8.0,True,False,pytorch_quantized_median_latency,0.013122391887009144,pytorch,median_latency,False,1.0
690,763,299,48,1110,"[763, 299, 48]",celu,model_6,Int8WeightOnlyConfig,int8,8.0,False,False,pytorch_quantized_p95_latency,0.0005099885165691376,pytorch,p95_latency,False,1.0
691,763,299,48,1110,"[763, 299, 48]",celu,model_6,Float8WeightOnlyConfig,float8,8.0,False,False,pytorch_quantized_p95_latency,0.0005496276542544364,pytorch,p95_latency,False,1.0
692,763,299,48,1110,"[763, 299, 48]",celu,model_6,Int8DynamicActivationInt8WeightConfig,int8,8.0,True,False,pytorch_quantized_p95_latency,0.013281084690243005,pytorch,p95_latency,False,1.0
693,763,299,48,1110,"[763, 299, 48]",celu,model_6,Int8WeightOnlyConfig,int8,8.0,False,False,pytorch_quantized_p99_latency,0.0005144606158137322,pytorch,p99_latency,False,1.0
694,763,299,48,1110,"[763, 299, 48]",celu,model_6,Float8WeightOnlyConfig,float8,8.0,False,False,pytorch_quantized_p99_latency,0.0005636170692741871,pytorch,p99_latency,False,1.0
695,763,299,48,1110,"[763, 299, 48]",celu,model_6,Int8DynamicActivationInt8WeightConfig,int8,8.0,True,False,pytorch_quantized_p99_latency,0.014277245011180635,pytorch,p99_latency,False,1.0
696,763,299,48,1110,"[763, 299, 48]",celu,model_6,Int8WeightOnlyConfig,int8,8.0,False,False,pytorch_relative_model_size,0.25,pytorch,model_size,True,1.0
697,763,299,48,1110,"[763, 299, 48]",celu,model_6,Float8WeightOnlyConfig,float8,8.0,False,False,pytorch_relative_model_size,0.25,pytorch,model_size,True,1.0
698,763,299,48,1110,"[763, 299, 48]",celu,model_6,Int8DynamicActivationInt8WeightConfig,int8,8.0,True,False,pytorch_relative_model_size,0.25,pytorch,model_size,True,1.0
699,763,299,48,1110,"[763, 299, 48]",celu,model_6,Int8WeightOnlyConfig,int8,8.0,False,False,pytorch_relative_median_latency,3.068063651200746,pytorch,median_latency,True,1.0
700,763,299,48,1110,"[763, 299, 48]",celu,model_6,Float8WeightOnlyConfig,float8,8.0,False,False,pytorch_relative_median_latency,3.3597108883189555,pytorch,median_latency,True,1.0
701,763,299,48,1110,"[763, 299, 48]",celu,model_6,Int8DynamicActivationInt8WeightConfig,int8,8.0,True,False,pytorch_relative_median_latency,82.12905688971789,pytorch,median_latency,True,1.0
702,763,299,48,1110,"[763, 299, 48]",celu,model_6,Int8WeightOnlyConfig,int8,8.0,False,False,pytorch_relative_p95_latency,2.997569520472958,pytorch,p95_latency,True,1.0
703,763,299,48,1110,"[763, 299, 48]",celu,model_6,Float8WeightOnlyConfig,float8,8.0,False,False,pytorch_relative_p95_latency,3.230557258594263,pytorch,p95_latency,True,1.0
704,763,299,48,1110,"[763, 299, 48]",celu,model_6,Int8DynamicActivationInt8WeightConfig,int8,8.0,True,False,pytorch_relative_p95_latency,78.06249233632582,pytorch,p95_latency,True,1.0
705,763,299,48,1110,"[763, 299, 48]",celu,model_6,Int8WeightOnlyConfig,int8,8.0,False,False,pytorch_relative_p99_latency,2.9894400493205384,pytorch,p99_latency,True,1.0
706,763,299,48,1110,"[763, 299, 48]",celu,model_6,Float8WeightOnlyConfig,float8,8.0,False,False,pytorch_relative_p99_latency,3.275079544629253,pytorch,p99_latency,True,1.0
707,763,299,48,1110,"[763, 299, 48]",celu,model_6,Int8DynamicActivationInt8WeightConfig,int8,8.0,True,False,pytorch_relative_p99_latency,82.9625567408614,pytorch,p99_latency,True,1.0
708,763,299,48,1110,"[763, 299, 48]",celu,model_6,Int8WeightOnlyConfig,int8,8.0,False,False,pytorch_quantized_MAE,8.77893170476072,pytorch,MAE,False,2.0
709,763,299,48,1110,"[763, 299, 48]",celu,model_6,Float8WeightOnlyConfig,float8,8.0,False,False,pytorch_quantized_MAE,8.758967779093156,pytorch,MAE,False,2.0
710,763,299,48,1110,"[763, 299, 48]",celu,model_6,Int8DynamicActivationInt8WeightConfig,int8,8.0,True,False,pytorch_quantized_MAE,8.794633827675993,pytorch,MAE,False,2.0
711,763,299,48,1110,"[763, 299, 48]",celu,model_6,Int8WeightOnlyConfig,int8,8.0,False,False,pytorch_relative_MAE,0.9993331300169493,pytorch,MAE,True,2.0
712,763,299,48,1110,"[763, 299, 48]",celu,model_6,Float8WeightOnlyConfig,float8,8.0,False,False,pytorch_relative_MAE,0.9970605741985721,pytorch,MAE,True,2.0
713,763,299,48,1110,"[763, 299, 48]",celu,model_6,Int8DynamicActivationInt8WeightConfig,int8,8.0,True,False,pytorch_relative_MAE,1.001120551558493,pytorch,MAE,True,2.0
714,763,299,48,1110,"[763, 299, 48]",celu,model_6,Int8WeightOnlyConfig,int8,8.0,False,False,pytorch_quantized_model_size,305451.0,pytorch,model_size,False,2.0
715,763,299,48,1110,"[763, 299, 48]",celu,model_6,Float8WeightOnlyConfig,float8,8.0,False,False,pytorch_quantized_model_size,305451.0,pytorch,model_size,False,2.0
716,763,299,48,1110,"[763, 299, 48]",celu,model_6,Int8DynamicActivationInt8WeightConfig,int8,8.0,True,False,pytorch_quantized_model_size,305451.0,pytorch,model_size,False,2.0
717,763,299,48,1110,"[763, 299, 48]",celu,model_6,Int8WeightOnlyConfig,int8,8.0,False,False,pytorch_quantized_median_latency,0.00043400656431913376,pytorch,median_latency,False,2.0
718,763,299,48,1110,"[763, 299, 48]",celu,model_6,Float8WeightOnlyConfig,float8,8.0,False,False,pytorch_quantized_median_latency,0.000587967224419117,pytorch,median_latency,False,2.0
719,763,299,48,1110,"[763, 299, 48]",celu,model_6,Int8DynamicActivationInt8WeightConfig,int8,8.0,True,False,pytorch_quantized_median_latency,0.013014246709644794,pytorch,median_latency,False,2.0
720,763,299,48,1110,"[763, 299, 48]",celu,model_6,Int8WeightOnlyConfig,int8,8.0,False,False,pytorch_quantized_p95_latency,0.0004456306807696819,pytorch,p95_latency,False,2.0
721,763,299,48,1110,"[763, 299, 48]",celu,model_6,Float8WeightOnlyConfig,float8,8.0,False,False,pytorch_quantized_p95_latency,0.0005955512635409832,pytorch,p95_latency,False,2.0
722,763,299,48,1110,"[763, 299, 48]",celu,model_6,Int8DynamicActivationInt8WeightConfig,int8,8.0,True,False,pytorch_quantized_p95_latency,0.013263778295367954,pytorch,p95_latency,False,2.0
723,763,299,48,1110,"[763, 299, 48]",celu,model_6,Int8WeightOnlyConfig,int8,8.0,False,False,pytorch_quantized_p99_latency,0.0004607580788433551,pytorch,p99_latency,False,2.0
724,763,299,48,1110,"[763, 299, 48]",celu,model_6,Float8WeightOnlyConfig,float8,8.0,False,False,pytorch_quantized_p99_latency,0.0006016060151159763,pytorch,p99_latency,False,2.0
725,763,299,48,1110,"[763, 299, 48]",celu,model_6,Int8DynamicActivationInt8WeightConfig,int8,8.0,True,False,pytorch_quantized_p99_latency,0.015559140797704457,pytorch,p99_latency,False,2.0
726,763,299,48,1110,"[763, 299, 48]",celu,model_6,Int8WeightOnlyConfig,int8,8.0,False,False,pytorch_relative_model_size,0.25,pytorch,model_size,True,2.0
727,763,299,48,1110,"[763, 299, 48]",celu,model_6,Float8WeightOnlyConfig,float8,8.0,False,False,pytorch_relative_model_size,0.25,pytorch,model_size,True,2.0
728,763,299,48,1110,"[763, 299, 48]",celu,model_6,Int8DynamicActivationInt8WeightConfig,int8,8.0,True,False,pytorch_relative_model_size,0.25,pytorch,model_size,True,2.0
729,763,299,48,1110,"[763, 299, 48]",celu,model_6,Int8WeightOnlyConfig,int8,8.0,False,False,pytorch_relative_median_latency,2.7140053347000106,pytorch,median_latency,True,2.0
730,763,299,48,1110,"[763, 299, 48]",celu,model_6,Float8WeightOnlyConfig,float8,8.0,False,False,pytorch_relative_median_latency,3.676778912792797,pytorch,median_latency,True,2.0
731,763,299,48,1110,"[763, 299, 48]",celu,model_6,Int8DynamicActivationInt8WeightConfig,int8,8.0,True,False,pytorch_relative_median_latency,81.38295109081803,pytorch,median_latency,True,2.0
732,763,299,48,1110,"[763, 299, 48]",celu,model_6,Int8WeightOnlyConfig,int8,8.0,False,False,pytorch_relative_p95_latency,2.6088172353725323,pytorch,p95_latency,True,2.0
733,763,299,48,1110,"[763, 299, 48]",celu,model_6,Float8WeightOnlyConfig,float8,8.0,False,False,pytorch_relative_p95_latency,3.4864843645642227,pytorch,p95_latency,True,2.0
734,763,299,48,1110,"[763, 299, 48]",celu,model_6,Int8DynamicActivationInt8WeightConfig,int8,8.0,True,False,pytorch_relative_p95_latency,77.64899257688228,pytorch,p95_latency,True,2.0
735,763,299,48,1110,"[763, 299, 48]",celu,model_6,Int8WeightOnlyConfig,int8,8.0,False,False,pytorch_relative_p99_latency,2.6516719673104867,pytorch,p99_latency,True,2.0
736,763,299,48,1110,"[763, 299, 48]",celu,model_6,Float8WeightOnlyConfig,float8,8.0,False,False,pytorch_relative_p99_latency,3.4622546600875723,pytorch,p99_latency,True,2.0
737,763,299,48,1110,"[763, 299, 48]",celu,model_6,Int8DynamicActivationInt8WeightConfig,int8,8.0,True,False,pytorch_relative_p99_latency,89.54316675744347,pytorch,p99_latency,True,2.0
738,763,299,48,1110,"[763, 299, 48]",celu,model_6,Int8WeightOnlyConfig,int8,8.0,False,False,pytorch_quantized_MAE,9.14511907224036,pytorch,MAE,False,3.0
739,763,299,48,1110,"[763, 299, 48]",celu,model_6,Float8WeightOnlyConfig,float8,8.0,False,False,pytorch_quantized_MAE,9.124057558047133,pytorch,MAE,False,3.0
740,763,299,48,1110,"[763, 299, 48]",celu,model_6,Int8DynamicActivationInt8WeightConfig,int8,8.0,True,False,pytorch_quantized_MAE,9.157357970387556,pytorch,MAE,False,3.0
741,763,299,48,1110,"[763, 299, 48]",celu,model_6,Int8WeightOnlyConfig,int8,8.0,False,False,pytorch_relative_MAE,0.9993490461779782,pytorch,MAE,True,3.0
742,763,299,48,1110,"[763, 299, 48]",celu,model_6,Float8WeightOnlyConfig,float8,8.0,False,False,pytorch_relative_MAE,0.9970475119985102,pytorch,MAE,True,3.0
743,763,299,48,1110,"[763, 299, 48]",celu,model_6,Int8DynamicActivationInt8WeightConfig,int8,8.0,True,False,pytorch_relative_MAE,1.0006864733993248,pytorch,MAE,True,3.0
744,763,299,48,1110,"[763, 299, 48]",celu,model_6,Int8WeightOnlyConfig,int8,8.0,False,False,pytorch_quantized_model_size,305451.0,pytorch,model_size,False,3.0
745,763,299,48,1110,"[763, 299, 48]",celu,model_6,Float8WeightOnlyConfig,float8,8.0,False,False,pytorch_quantized_model_size,305451.0,pytorch,model_size,False,3.0
746,763,299,48,1110,"[763, 299, 48]",celu,model_6,Int8DynamicActivationInt8WeightConfig,int8,8.0,True,False,pytorch_quantized_model_size,305451.0,pytorch,model_size,False,3.0
747,763,299,48,1110,"[763, 299, 48]",celu,model_6,Int8WeightOnlyConfig,int8,8.0,False,False,pytorch_quantized_median_latency,0.00042158830910921097,pytorch,median_latency,False,3.0
748,763,299,48,1110,"[763, 299, 48]",celu,model_6,Float8WeightOnlyConfig,float8,8.0,False,False,pytorch_quantized_median_latency,0.0005792491137981415,pytorch,median_latency,False,3.0
749,763,299,48,1110,"[763, 299, 48]",celu,model_6,Int8DynamicActivationInt8WeightConfig,int8,8.0,True,False,pytorch_quantized_median_latency,0.012953225523233414,pytorch,median_latency,False,3.0
750,763,299,48,1110,"[763, 299, 48]",celu,model_6,Int8WeightOnlyConfig,int8,8.0,False,False,pytorch_quantized_p95_latency,0.00043302765116095545,pytorch,p95_latency,False,3.0
751,763,299,48,1110,"[763, 299, 48]",celu,model_6,Float8WeightOnlyConfig,float8,8.0,False,False,pytorch_quantized_p95_latency,0.0005865457467734813,pytorch,p95_latency,False,3.0
752,763,299,48,1110,"[763, 299, 48]",celu,model_6,Int8DynamicActivationInt8WeightConfig,int8,8.0,True,False,pytorch_quantized_p95_latency,0.013063694350421429,pytorch,p95_latency,False,3.0
753,763,299,48,1110,"[763, 299, 48]",celu,model_6,Int8WeightOnlyConfig,int8,8.0,False,False,pytorch_quantized_p99_latency,0.0004451973922550677,pytorch,p99_latency,False,3.0
754,763,299,48,1110,"[763, 299, 48]",celu,model_6,Float8WeightOnlyConfig,float8,8.0,False,False,pytorch_quantized_p99_latency,0.0005927916243672371,pytorch,p99_latency,False,3.0
755,763,299,48,1110,"[763, 299, 48]",celu,model_6,Int8DynamicActivationInt8WeightConfig,int8,8.0,True,False,pytorch_quantized_p99_latency,0.013900516275316474,pytorch,p99_latency,False,3.0
756,763,299,48,1110,"[763, 299, 48]",celu,model_6,Int8WeightOnlyConfig,int8,8.0,False,False,pytorch_relative_model_size,0.25,pytorch,model_size,True,3.0
757,763,299,48,1110,"[763, 299, 48]",celu,model_6,Float8WeightOnlyConfig,float8,8.0,False,False,pytorch_relative_model_size,0.25,pytorch,model_size,True,3.0
758,763,299,48,1110,"[763, 299, 48]",celu,model_6,Int8DynamicActivationInt8WeightConfig,int8,8.0,True,False,pytorch_relative_model_size,0.25,pytorch,model_size,True,3.0
759,763,299,48,1110,"[763, 299, 48]",celu,model_6,Int8WeightOnlyConfig,int8,8.0,False,False,pytorch_relative_median_latency,2.644496632141,pytorch,median_latency,True,3.0
760,763,299,48,1110,"[763, 299, 48]",celu,model_6,Float8WeightOnlyConfig,float8,8.0,False,False,pytorch_relative_median_latency,3.6334554291756485,pytorch,median_latency,True,3.0
761,763,299,48,1110,"[763, 299, 48]",celu,model_6,Int8DynamicActivationInt8WeightConfig,int8,8.0,True,False,pytorch_relative_median_latency,81.25168685045304,pytorch,median_latency,True,3.0
762,763,299,48,1110,"[763, 299, 48]",celu,model_6,Int8WeightOnlyConfig,int8,8.0,False,False,pytorch_relative_p95_latency,2.5339739844700326,pytorch,p95_latency,True,3.0
763,763,299,48,1110,"[763, 299, 48]",celu,model_6,Float8WeightOnlyConfig,float8,8.0,False,False,pytorch_relative_p95_latency,3.4323250698674155,pytorch,p95_latency,True,3.0
764,763,299,48,1110,"[763, 299, 48]",celu,model_6,Int8DynamicActivationInt8WeightConfig,int8,8.0,True,False,pytorch_relative_p95_latency,76.44560696363406,pytorch,p95_latency,True,3.0
765,763,299,48,1110,"[763, 299, 48]",celu,model_6,Int8WeightOnlyConfig,int8,8.0,False,False,pytorch_relative_p99_latency,2.4914012953302516,pytorch,p99_latency,True,3.0
766,763,299,48,1110,"[763, 299, 48]",celu,model_6,Float8WeightOnlyConfig,float8,8.0,False,False,pytorch_relative_p99_latency,3.3173640423376654,pytorch,p99_latency,True,3.0
767,763,299,48,1110,"[763, 299, 48]",celu,model_6,Int8DynamicActivationInt8WeightConfig,int8,8.0,True,False,pytorch_relative_p99_latency,77.78968353489607,pytorch,p99_latency,True,3.0
773,505,123,114,742,"[505, 123, 114]",elu,model_7,Int8WeightOnlyConfig,int8,8.0,False,False,pytorch_quantized_MAE,9.69153007873363,pytorch,MAE,False,1.0
774,505,123,114,742,"[505, 123, 114]",elu,model_7,Float8WeightOnlyConfig,float8,8.0,False,False,pytorch_quantized_MAE,9.67372730646286,pytorch,MAE,False,1.0
775,505,123,114,742,"[505, 123, 114]",elu,model_7,Int8DynamicActivationInt8WeightConfig,int8,8.0,True,False,pytorch_quantized_MAE,9.698907853967158,pytorch,MAE,False,1.0
776,505,123,114,742,"[505, 123, 114]",elu,model_7,Int8WeightOnlyConfig,int8,8.0,False,False,pytorch_relative_MAE,1.0005450922472152,pytorch,MAE,True,1.0
777,505,123,114,742,"[505, 123, 114]",elu,model_7,Float8WeightOnlyConfig,float8,8.0,False,False,pytorch_relative_MAE,0.9987071496025341,pytorch,MAE,True,1.0
778,505,123,114,742,"[505, 123, 114]",elu,model_7,Int8DynamicActivationInt8WeightConfig,int8,8.0,True,False,pytorch_relative_MAE,1.0013067673121059,pytorch,MAE,True,1.0
779,505,123,114,742,"[505, 123, 114]",elu,model_7,Int8WeightOnlyConfig,int8,8.0,False,False,pytorch_quantized_model_size,117899.0,pytorch,model_size,False,1.0
780,505,123,114,742,"[505, 123, 114]",elu,model_7,Float8WeightOnlyConfig,float8,8.0,False,False,pytorch_quantized_model_size,117899.0,pytorch,model_size,False,1.0
781,505,123,114,742,"[505, 123, 114]",elu,model_7,Int8DynamicActivationInt8WeightConfig,int8,8.0,True,False,pytorch_quantized_model_size,117899.0,pytorch,model_size,False,1.0
782,505,123,114,742,"[505, 123, 114]",elu,model_7,Int8WeightOnlyConfig,int8,8.0,False,False,pytorch_quantized_median_latency,0.00042647868394851685,pytorch,median_latency,False,1.0
783,505,123,114,742,"[505, 123, 114]",elu,model_7,Float8WeightOnlyConfig,float8,8.0,False,False,pytorch_quantized_median_latency,0.000508495606482029,pytorch,median_latency,False,1.0
784,505,123,114,742,"[505, 123, 114]",elu,model_7,Int8DynamicActivationInt8WeightConfig,int8,8.0,True,False,pytorch_quantized_median_latency,0.009279793128371239,pytorch,median_latency,False,1.0
785,505,123,114,742,"[505, 123, 114]",elu,model_7,Int8WeightOnlyConfig,int8,8.0,False,False,pytorch_quantized_p95_latency,0.0004379541613161564,pytorch,p95_latency,False,1.0
786,505,123,114,742,"[505, 123, 114]",elu,model_7,Float8WeightOnlyConfig,float8,8.0,False,False,pytorch_quantized_p95_latency,0.0005164952017366886,pytorch,p95_latency,False,1.0
787,505,123,114,742,"[505, 123, 114]",elu,model_7,Int8DynamicActivationInt8WeightConfig,int8,8.0,True,False,pytorch_quantized_p95_latency,0.009463782608509063,pytorch,p95_latency,False,1.0
788,505,123,114,742,"[505, 123, 114]",elu,model_7,Int8WeightOnlyConfig,int8,8.0,False,False,pytorch_quantized_p99_latency,0.00044117100536823274,pytorch,p99_latency,False,1.0
789,505,123,114,742,"[505, 123, 114]",elu,model_7,Float8WeightOnlyConfig,float8,8.0,False,False,pytorch_quantized_p99_latency,0.0005246269516646862,pytorch,p99_latency,False,1.0
790,505,123,114,742,"[505, 123, 114]",elu,model_7,Int8DynamicActivationInt8WeightConfig,int8,8.0,True,False,pytorch_quantized_p99_latency,0.010914663393050418,pytorch,p99_latency,False,1.0
791,505,123,114,742,"[505, 123, 114]",elu,model_7,Int8WeightOnlyConfig,int8,8.0,False,False,pytorch_relative_model_size,0.25,pytorch,model_size,True,1.0
792,505,123,114,742,"[505, 123, 114]",elu,model_7,Float8WeightOnlyConfig,float8,8.0,False,False,pytorch_relative_model_size,0.25,pytorch,model_size,True,1.0
793,505,123,114,742,"[505, 123, 114]",elu,model_7,Int8DynamicActivationInt8WeightConfig,int8,8.0,True,False,pytorch_relative_model_size,0.25,pytorch,model_size,True,1.0
794,505,123,114,742,"[505, 123, 114]",elu,model_7,Int8WeightOnlyConfig,int8,8.0,False,False,pytorch_relative_median_latency,2.679884828764718,pytorch,median_latency,True,1.0
795,505,123,114,742,"[505, 123, 114]",elu,model_7,Float8WeightOnlyConfig,float8,8.0,False,False,pytorch_relative_median_latency,3.1952585500596924,pytorch,median_latency,True,1.0
796,505,123,114,742,"[505, 123, 114]",elu,model_7,Int8DynamicActivationInt8WeightConfig,int8,8.0,True,False,pytorch_relative_median_latency,58.31188698237318,pytorch,median_latency,True,1.0
797,505,123,114,742,"[505, 123, 114]",elu,model_7,Int8WeightOnlyConfig,int8,8.0,False,False,pytorch_relative_p95_latency,2.5612728758169934,pytorch,p95_latency,True,1.0
798,505,123,114,742,"[505, 123, 114]",elu,model_7,Float8WeightOnlyConfig,float8,8.0,False,False,pytorch_relative_p95_latency,3.020601851851852,pytorch,p95_latency,True,1.0
799,505,123,114,742,"[505, 123, 114]",elu,model_7,Int8DynamicActivationInt8WeightConfig,int8,8.0,True,False,pytorch_relative_p95_latency,55.34672766884531,pytorch,p95_latency,True,1.0
800,505,123,114,742,"[505, 123, 114]",elu,model_7,Int8WeightOnlyConfig,int8,8.0,False,False,pytorch_relative_p99_latency,2.499886590381239,pytorch,p99_latency,True,1.0
801,505,123,114,742,"[505, 123, 114]",elu,model_7,Float8WeightOnlyConfig,float8,8.0,False,False,pytorch_relative_p99_latency,2.972788024282008,pytorch,p99_latency,True,1.0
802,505,123,114,742,"[505, 123, 114]",elu,model_7,Int8DynamicActivationInt8WeightConfig,int8,8.0,True,False,pytorch_relative_p99_latency,61.84771964340082,pytorch,p99_latency,True,1.0
803,505,123,114,742,"[505, 123, 114]",elu,model_7,Int8WeightOnlyConfig,int8,8.0,False,False,pytorch_quantized_MAE,9.694338858632243,pytorch,MAE,False,2.0
804,505,123,114,742,"[505, 123, 114]",elu,model_7,Float8WeightOnlyConfig,float8,8.0,False,False,pytorch_quantized_MAE,9.678311646713587,pytorch,MAE,False,2.0
805,505,123,114,742,"[505, 123, 114]",elu,model_7,Int8DynamicActivationInt8WeightConfig,int8,8.0,True,False,pytorch_quantized_MAE,9.698075754734445,pytorch,MAE,False,2.0
806,505,123,114,742,"[505, 123, 114]",elu,model_7,Int8WeightOnlyConfig,int8,8.0,False,False,pytorch_relative_MAE,1.000385149409792,pytorch,MAE,True,2.0
807,505,123,114,742,"[505, 123, 114]",elu,model_7,Float8WeightOnlyConfig,float8,8.0,False,False,pytorch_relative_MAE,0.9987312578939626,pytorch,MAE,True,2.0
808,505,123,114,742,"[505, 123, 114]",elu,model_7,Int8DynamicActivationInt8WeightConfig,int8,8.0,True,False,pytorch_relative_MAE,1.0007707698651984,pytorch,MAE,True,2.0
809,505,123,114,742,"[505, 123, 114]",elu,model_7,Int8WeightOnlyConfig,int8,8.0,False,False,pytorch_quantized_model_size,117899.0,pytorch,model_size,False,2.0
810,505,123,114,742,"[505, 123, 114]",elu,model_7,Float8WeightOnlyConfig,float8,8.0,False,False,pytorch_quantized_model_size,117899.0,pytorch,model_size,False,2.0
811,505,123,114,742,"[505, 123, 114]",elu,model_7,Int8DynamicActivationInt8WeightConfig,int8,8.0,True,False,pytorch_quantized_model_size,117899.0,pytorch,model_size,False,2.0
812,505,123,114,742,"[505, 123, 114]",elu,model_7,Int8WeightOnlyConfig,int8,8.0,False,False,pytorch_quantized_median_latency,0.00043369829654693604,pytorch,median_latency,False,2.0
813,505,123,114,742,"[505, 123, 114]",elu,model_7,Float8WeightOnlyConfig,float8,8.0,False,False,pytorch_quantized_median_latency,0.0005321605131030083,pytorch,median_latency,False,2.0
814,505,123,114,742,"[505, 123, 114]",elu,model_7,Int8DynamicActivationInt8WeightConfig,int8,8.0,True,False,pytorch_quantized_median_latency,0.009357860311865807,pytorch,median_latency,False,2.0
815,505,123,114,742,"[505, 123, 114]",elu,model_7,Int8WeightOnlyConfig,int8,8.0,False,False,pytorch_quantized_p95_latency,0.00044425297528505325,pytorch,p95_latency,False,2.0
816,505,123,114,742,"[505, 123, 114]",elu,model_7,Float8WeightOnlyConfig,float8,8.0,False,False,pytorch_quantized_p95_latency,0.0005398154258728028,pytorch,p95_latency,False,2.0
817,505,123,114,742,"[505, 123, 114]",elu,model_7,Int8DynamicActivationInt8WeightConfig,int8,8.0,True,False,pytorch_quantized_p95_latency,0.009413339663296938,pytorch,p95_latency,False,2.0
818,505,123,114,742,"[505, 123, 114]",elu,model_7,Int8WeightOnlyConfig,int8,8.0,False,False,pytorch_quantized_p99_latency,0.0004564031027257442,pytorch,p99_latency,False,2.0
819,505,123,114,742,"[505, 123, 114]",elu,model_7,Float8WeightOnlyConfig,float8,8.0,False,False,pytorch_quantized_p99_latency,0.0005571336485445498,pytorch,p99_latency,False,2.0
820,505,123,114,742,"[505, 123, 114]",elu,model_7,Int8DynamicActivationInt8WeightConfig,int8,8.0,True,False,pytorch_quantized_p99_latency,0.009815124459564685,pytorch,p99_latency,False,2.0
821,505,123,114,742,"[505, 123, 114]",elu,model_7,Int8WeightOnlyConfig,int8,8.0,False,False,pytorch_relative_model_size,0.25,pytorch,model_size,True,2.0
822,505,123,114,742,"[505, 123, 114]",elu,model_7,Float8WeightOnlyConfig,float8,8.0,False,False,pytorch_relative_model_size,0.25,pytorch,model_size,True,2.0
823,505,123,114,742,"[505, 123, 114]",elu,model_7,Int8DynamicActivationInt8WeightConfig,int8,8.0,True,False,pytorch_relative_model_size,0.25,pytorch,model_size,True,2.0
824,505,123,114,742,"[505, 123, 114]",elu,model_7,Int8WeightOnlyConfig,int8,8.0,False,False,pytorch_relative_median_latency,2.7194739516114903,pytorch,median_latency,True,2.0
825,505,123,114,742,"[505, 123, 114]",elu,model_7,Float8WeightOnlyConfig,float8,8.0,False,False,pytorch_relative_median_latency,3.336874193378845,pytorch,median_latency,True,2.0
826,505,123,114,742,"[505, 123, 114]",elu,model_7,Int8DynamicActivationInt8WeightConfig,int8,8.0,True,False,pytorch_relative_median_latency,58.677789522246684,pytorch,median_latency,True,2.0
827,505,123,114,742,"[505, 123, 114]",elu,model_7,Int8WeightOnlyConfig,int8,8.0,False,False,pytorch_relative_p95_latency,2.6021606618581647,pytorch,p95_latency,True,2.0
828,505,123,114,742,"[505, 123, 114]",elu,model_7,Float8WeightOnlyConfig,float8,8.0,False,False,pytorch_relative_p95_latency,3.1619067153553844,pytorch,p95_latency,True,2.0
829,505,123,114,742,"[505, 123, 114]",elu,model_7,Int8DynamicActivationInt8WeightConfig,int8,8.0,True,False,pytorch_relative_p95_latency,55.137553446486955,pytorch,p95_latency,True,2.0
830,505,123,114,742,"[505, 123, 114]",elu,model_7,Int8WeightOnlyConfig,int8,8.0,False,False,pytorch_relative_p99_latency,2.5980643044097613,pytorch,p99_latency,True,2.0
831,505,123,114,742,"[505, 123, 114]",elu,model_7,Float8WeightOnlyConfig,float8,8.0,False,False,pytorch_relative_p99_latency,3.171470650450338,pytorch,p99_latency,True,2.0
832,505,123,114,742,"[505, 123, 114]",elu,model_7,Int8DynamicActivationInt8WeightConfig,int8,8.0,True,False,pytorch_relative_p99_latency,55.87237323637889,pytorch,p99_latency,True,2.0
833,505,123,114,742,"[505, 123, 114]",elu,model_7,Int8WeightOnlyConfig,int8,8.0,False,False,pytorch_quantized_MAE,9.712342564608843,pytorch,MAE,False,3.0
834,505,123,114,742,"[505, 123, 114]",elu,model_7,Float8WeightOnlyConfig,float8,8.0,False,False,pytorch_quantized_MAE,9.692219386993436,pytorch,MAE,False,3.0
835,505,123,114,742,"[505, 123, 114]",elu,model_7,Int8DynamicActivationInt8WeightConfig,int8,8.0,True,False,pytorch_quantized_MAE,9.718786560805025,pytorch,MAE,False,3.0
836,505,123,114,742,"[505, 123, 114]",elu,model_7,Int8WeightOnlyConfig,int8,8.0,False,False,pytorch_relative_MAE,1.000425865670377,pytorch,MAE,True,3.0
837,505,123,114,742,"[505, 123, 114]",elu,model_7,Float8WeightOnlyConfig,float8,8.0,False,False,pytorch_relative_MAE,0.9983530652875641,pytorch,MAE,True,3.0
838,505,123,114,742,"[505, 123, 114]",elu,model_7,Int8DynamicActivationInt8WeightConfig,int8,8.0,True,False,pytorch_relative_MAE,1.0010896334926154,pytorch,MAE,True,3.0
839,505,123,114,742,"[505, 123, 114]",elu,model_7,Int8WeightOnlyConfig,int8,8.0,False,False,pytorch_quantized_model_size,117899.0,pytorch,model_size,False,3.0
840,505,123,114,742,"[505, 123, 114]",elu,model_7,Float8WeightOnlyConfig,float8,8.0,False,False,pytorch_quantized_model_size,117899.0,pytorch,model_size,False,3.0
841,505,123,114,742,"[505, 123, 114]",elu,model_7,Int8DynamicActivationInt8WeightConfig,int8,8.0,True,False,pytorch_quantized_model_size,117899.0,pytorch,model_size,False,3.0
842,505,123,114,742,"[505, 123, 114]",elu,model_7,Int8WeightOnlyConfig,int8,8.0,False,False,pytorch_quantized_median_latency,0.00047985557466745377,pytorch,median_latency,False,3.0
843,505,123,114,742,"[505, 123, 114]",elu,model_7,Float8WeightOnlyConfig,float8,8.0,False,False,pytorch_quantized_median_latency,0.0005844412371516228,pytorch,median_latency,False,3.0
844,505,123,114,742,"[505, 123, 114]",elu,model_7,Int8DynamicActivationInt8WeightConfig,int8,8.0,True,False,pytorch_quantized_median_latency,0.009239721111953259,pytorch,median_latency,False,3.0
845,505,123,114,742,"[505, 123, 114]",elu,model_7,Int8WeightOnlyConfig,int8,8.0,False,False,pytorch_quantized_p95_latency,0.0004890166223049164,pytorch,p95_latency,False,3.0
846,505,123,114,742,"[505, 123, 114]",elu,model_7,Float8WeightOnlyConfig,float8,8.0,False,False,pytorch_quantized_p95_latency,0.0005906068719923497,pytorch,p95_latency,False,3.0
847,505,123,114,742,"[505, 123, 114]",elu,model_7,Int8DynamicActivationInt8WeightConfig,int8,8.0,True,False,pytorch_quantized_p95_latency,0.009412530437111854,pytorch,p95_latency,False,3.0
848,505,123,114,742,"[505, 123, 114]",elu,model_7,Int8WeightOnlyConfig,int8,8.0,False,False,pytorch_quantized_p99_latency,0.000492458026856184,pytorch,p99_latency,False,3.0
849,505,123,114,742,"[505, 123, 114]",elu,model_7,Float8WeightOnlyConfig,float8,8.0,False,False,pytorch_quantized_p99_latency,0.0005941677279770374,pytorch,p99_latency,False,3.0
850,505,123,114,742,"[505, 123, 114]",elu,model_7,Int8DynamicActivationInt8WeightConfig,int8,8.0,True,False,pytorch_quantized_p99_latency,0.010569578055292366,pytorch,p99_latency,False,3.0
851,505,123,114,742,"[505, 123, 114]",elu,model_7,Int8WeightOnlyConfig,int8,8.0,False,False,pytorch_relative_model_size,0.25,pytorch,model_size,True,3.0
852,505,123,114,742,"[505, 123, 114]",elu,model_7,Float8WeightOnlyConfig,float8,8.0,False,False,pytorch_relative_model_size,0.25,pytorch,model_size,True,3.0
853,505,123,114,742,"[505, 123, 114]",elu,model_7,Int8DynamicActivationInt8WeightConfig,int8,8.0,True,False,pytorch_relative_model_size,0.25,pytorch,model_size,True,3.0
854,505,123,114,742,"[505, 123, 114]",elu,model_7,Int8WeightOnlyConfig,int8,8.0,False,False,pytorch_relative_median_latency,2.9726356964829685,pytorch,median_latency,True,3.0
855,505,123,114,742,"[505, 123, 114]",elu,model_7,Float8WeightOnlyConfig,float8,8.0,False,False,pytorch_relative_median_latency,3.6205287085756486,pytorch,median_latency,True,3.0
856,505,123,114,742,"[505, 123, 114]",elu,model_7,Int8DynamicActivationInt8WeightConfig,int8,8.0,True,False,pytorch_relative_median_latency,57.238732345610636,pytorch,median_latency,True,3.0
857,505,123,114,742,"[505, 123, 114]",elu,model_7,Int8WeightOnlyConfig,int8,8.0,False,False,pytorch_relative_p95_latency,2.8275051358751986,pytorch,p95_latency,True,3.0
858,505,123,114,742,"[505, 123, 114]",elu,model_7,Float8WeightOnlyConfig,float8,8.0,False,False,pytorch_relative_p95_latency,3.4149022500922173,pytorch,p95_latency,True,3.0
859,505,123,114,742,"[505, 123, 114]",elu,model_7,Int8DynamicActivationInt8WeightConfig,int8,8.0,True,False,pytorch_relative_p95_latency,54.42346320882482,pytorch,p95_latency,True,3.0
860,505,123,114,742,"[505, 123, 114]",elu,model_7,Int8WeightOnlyConfig,int8,8.0,False,False,pytorch_relative_p99_latency,2.8003938759732376,pytorch,p99_latency,True,3.0
861,505,123,114,742,"[505, 123, 114]",elu,model_7,Float8WeightOnlyConfig,float8,8.0,False,False,pytorch_relative_p99_latency,3.378772557226993,pytorch,p99_latency,True,3.0
862,505,123,114,742,"[505, 123, 114]",elu,model_7,Int8DynamicActivationInt8WeightConfig,int8,8.0,True,False,pytorch_relative_p99_latency,60.10457753449486,pytorch,p99_latency,True,3.0
863,201,415,100,716,"[201, 415, 100]",leaky_relu,model_8,Int8WeightOnlyConfig,int8,8.0,False,False,pytorch_quantized_MAE,8.223785307086647,pytorch,MAE,False,1.0
864,201,415,100,716,"[201, 415, 100]",leaky_relu,model_8,Float8WeightOnlyConfig,float8,8.0,False,False,pytorch_quantized_MAE,8.128746793501127,pytorch,MAE,False,1.0
865,201,415,100,716,"[201, 415, 100]",leaky_relu,model_8,Int8DynamicActivationInt8WeightConfig,int8,8.0,True,False,pytorch_quantized_MAE,8.227350696122322,pytorch,MAE,False,1.0
866,201,415,100,716,"[201, 415, 100]",leaky_relu,model_8,Int8WeightOnlyConfig,int8,8.0,False,False,pytorch_relative_MAE,1.0009219052332532,pytorch,MAE,True,1.0
867,201,415,100,716,"[201, 415, 100]",leaky_relu,model_8,Float8WeightOnlyConfig,float8,8.0,False,False,pytorch_relative_MAE,0.9893547100139686,pytorch,MAE,True,1.0
868,201,415,100,716,"[201, 415, 100]",leaky_relu,model_8,Int8DynamicActivationInt8WeightConfig,int8,8.0,True,False,pytorch_relative_MAE,1.0013558508985674,pytorch,MAE,True,1.0
869,201,415,100,716,"[201, 415, 100]",leaky_relu,model_8,Int8WeightOnlyConfig,int8,8.0,False,False,pytorch_quantized_model_size,142013.0,pytorch,model_size,False,1.0
870,201,415,100,716,"[201, 415, 100]",leaky_relu,model_8,Float8WeightOnlyConfig,float8,8.0,False,False,pytorch_quantized_model_size,142013.0,pytorch,model_size,False,1.0
871,201,415,100,716,"[201, 415, 100]",leaky_relu,model_8,Int8DynamicActivationInt8WeightConfig,int8,8.0,True,False,pytorch_quantized_model_size,142013.0,pytorch,model_size,False,1.0
872,201,415,100,716,"[201, 415, 100]",leaky_relu,model_8,Int8WeightOnlyConfig,int8,8.0,False,False,pytorch_quantized_median_latency,0.0004265895113348961,pytorch,median_latency,False,1.0
873,201,415,100,716,"[201, 415, 100]",leaky_relu,model_8,Float8WeightOnlyConfig,float8,8.0,False,False,pytorch_quantized_median_latency,0.0005236277356743813,pytorch,median_latency,False,1.0
874,201,415,100,716,"[201, 415, 100]",leaky_relu,model_8,Int8DynamicActivationInt8WeightConfig,int8,8.0,True,False,pytorch_quantized_median_latency,0.009737812913954258,pytorch,median_latency,False,1.0
875,201,415,100,716,"[201, 415, 100]",leaky_relu,model_8,Int8WeightOnlyConfig,int8,8.0,False,False,pytorch_quantized_p95_latency,0.0004741777665913105,pytorch,p95_latency,False,1.0
876,201,415,100,716,"[201, 415, 100]",leaky_relu,model_8,Float8WeightOnlyConfig,float8,8.0,False,False,pytorch_quantized_p95_latency,0.0005303158424794674,pytorch,p95_latency,False,1.0
877,201,415,100,716,"[201, 415, 100]",leaky_relu,model_8,Int8DynamicActivationInt8WeightConfig,int8,8.0,True,False,pytorch_quantized_p95_latency,0.009892972745001316,pytorch,p95_latency,False,1.0
878,201,415,100,716,"[201, 415, 100]",leaky_relu,model_8,Int8WeightOnlyConfig,int8,8.0,False,False,pytorch_quantized_p99_latency,0.0004871603287756443,pytorch,p99_latency,False,1.0
879,201,415,100,716,"[201, 415, 100]",leaky_relu,model_8,Float8WeightOnlyConfig,float8,8.0,False,False,pytorch_quantized_p99_latency,0.0005384305492043495,pytorch,p99_latency,False,1.0
880,201,415,100,716,"[201, 415, 100]",leaky_relu,model_8,Int8DynamicActivationInt8WeightConfig,int8,8.0,True,False,pytorch_quantized_p99_latency,0.011683103460818528,pytorch,p99_latency,False,1.0
881,201,415,100,716,"[201, 415, 100]",leaky_relu,model_8,Int8WeightOnlyConfig,int8,8.0,False,False,pytorch_relative_model_size,0.25,pytorch,model_size,True,1.0
882,201,415,100,716,"[201, 415, 100]",leaky_relu,model_8,Float8WeightOnlyConfig,float8,8.0,False,False,pytorch_relative_model_size,0.25,pytorch,model_size,True,1.0
883,201,415,100,716,"[201, 415, 100]",leaky_relu,model_8,Int8DynamicActivationInt8WeightConfig,int8,8.0,True,False,pytorch_relative_model_size,0.25,pytorch,model_size,True,1.0
884,201,415,100,716,"[201, 415, 100]",leaky_relu,model_8,Int8WeightOnlyConfig,int8,8.0,False,False,pytorch_relative_median_latency,2.647670520231214,pytorch,median_latency,True,1.0
885,201,415,100,716,"[201, 415, 100]",leaky_relu,model_8,Float8WeightOnlyConfig,float8,8.0,False,False,pytorch_relative_median_latency,3.249947976878613,pytorch,median_latency,True,1.0
886,201,415,100,716,"[201, 415, 100]",leaky_relu,model_8,Int8DynamicActivationInt8WeightConfig,int8,8.0,True,False,pytorch_relative_median_latency,60.43871098265896,pytorch,median_latency,True,1.0
887,201,415,100,716,"[201, 415, 100]",leaky_relu,model_8,Int8WeightOnlyConfig,int8,8.0,False,False,pytorch_relative_p95_latency,2.74800745043791,pytorch,p95_latency,True,1.0
888,201,415,100,716,"[201, 415, 100]",leaky_relu,model_8,Float8WeightOnlyConfig,float8,8.0,False,False,pytorch_relative_p95_latency,3.0733450382857734,pytorch,p95_latency,True,1.0
889,201,415,100,716,"[201, 415, 100]",leaky_relu,model_8,Int8DynamicActivationInt8WeightConfig,int8,8.0,True,False,pytorch_relative_p95_latency,57.33285009474966,pytorch,p95_latency,True,1.0
890,201,415,100,716,"[201, 415, 100]",leaky_relu,model_8,Int8WeightOnlyConfig,int8,8.0,False,False,pytorch_relative_p99_latency,2.7698286933570104,pytorch,p99_latency,True,1.0
891,201,415,100,716,"[201, 415, 100]",leaky_relu,model_8,Float8WeightOnlyConfig,float8,8.0,False,False,pytorch_relative_p99_latency,3.061333808346715,pytorch,p99_latency,True,1.0
892,201,415,100,716,"[201, 415, 100]",leaky_relu,model_8,Int8DynamicActivationInt8WeightConfig,int8,8.0,True,False,pytorch_relative_p99_latency,66.42617077331197,pytorch,p99_latency,True,1.0
893,201,415,100,716,"[201, 415, 100]",leaky_relu,model_8,Int8WeightOnlyConfig,int8,8.0,False,False,pytorch_quantized_MAE,8.26938614437071,pytorch,MAE,False,2.0
894,201,415,100,716,"[201, 415, 100]",leaky_relu,model_8,Float8WeightOnlyConfig,float8,8.0,False,False,pytorch_quantized_MAE,8.171676183576754,pytorch,MAE,False,2.0
895,201,415,100,716,"[201, 415, 100]",leaky_relu,model_8,Int8DynamicActivationInt8WeightConfig,int8,8.0,True,False,pytorch_quantized_MAE,8.279876734104677,pytorch,MAE,False,2.0
896,201,415,100,716,"[201, 415, 100]",leaky_relu,model_8,Int8WeightOnlyConfig,int8,8.0,False,False,pytorch_relative_MAE,1.0007444115850632,pytorch,MAE,True,2.0
897,201,415,100,716,"[201, 415, 100]",leaky_relu,model_8,Float8WeightOnlyConfig,float8,8.0,False,False,pytorch_relative_MAE,0.988919749450098,pytorch,MAE,True,2.0
898,201,415,100,716,"[201, 415, 100]",leaky_relu,model_8,Int8DynamicActivationInt8WeightConfig,int8,8.0,True,False,pytorch_relative_MAE,1.0020139615694532,pytorch,MAE,True,2.0
899,201,415,100,716,"[201, 415, 100]",leaky_relu,model_8,Int8WeightOnlyConfig,int8,8.0,False,False,pytorch_quantized_model_size,142013.0,pytorch,model_size,False,2.0
900,201,415,100,716,"[201, 415, 100]",leaky_relu,model_8,Float8WeightOnlyConfig,float8,8.0,False,False,pytorch_quantized_model_size,142013.0,pytorch,model_size,False,2.0
901,201,415,100,716,"[201, 415, 100]",leaky_relu,model_8,Int8DynamicActivationInt8WeightConfig,int8,8.0,True,False,pytorch_quantized_model_size,142013.0,pytorch,model_size,False,2.0
902,201,415,100,716,"[201, 415, 100]",leaky_relu,model_8,Int8WeightOnlyConfig,int8,8.0,False,False,pytorch_quantized_median_latency,0.0004189787432551384,pytorch,median_latency,False,2.0
903,201,415,100,716,"[201, 415, 100]",leaky_relu,model_8,Float8WeightOnlyConfig,float8,8.0,False,False,pytorch_quantized_median_latency,0.0005583791062235832,pytorch,median_latency,False,2.0
904,201,415,100,716,"[201, 415, 100]",leaky_relu,model_8,Int8DynamicActivationInt8WeightConfig,int8,8.0,True,False,pytorch_quantized_median_latency,0.009566395543515682,pytorch,median_latency,False,2.0
905,201,415,100,716,"[201, 415, 100]",leaky_relu,model_8,Int8WeightOnlyConfig,int8,8.0,False,False,pytorch_quantized_p95_latency,0.0004304864443838596,pytorch,p95_latency,False,2.0
906,201,415,100,716,"[201, 415, 100]",leaky_relu,model_8,Float8WeightOnlyConfig,float8,8.0,False,False,pytorch_quantized_p95_latency,0.000577393639832735,pytorch,p95_latency,False,2.0
907,201,415,100,716,"[201, 415, 100]",leaky_relu,model_8,Int8DynamicActivationInt8WeightConfig,int8,8.0,True,False,pytorch_quantized_p95_latency,0.009641694091260433,pytorch,p95_latency,False,2.0
908,201,415,100,716,"[201, 415, 100]",leaky_relu,model_8,Int8WeightOnlyConfig,int8,8.0,False,False,pytorch_quantized_p99_latency,0.0004335365258157253,pytorch,p99_latency,False,2.0
909,201,415,100,716,"[201, 415, 100]",leaky_relu,model_8,Float8WeightOnlyConfig,float8,8.0,False,False,pytorch_quantized_p99_latency,0.0005826272442936897,pytorch,p99_latency,False,2.0
910,201,415,100,716,"[201, 415, 100]",leaky_relu,model_8,Int8DynamicActivationInt8WeightConfig,int8,8.0,True,False,pytorch_quantized_p99_latency,0.011257451064884657,pytorch,p99_latency,False,2.0
911,201,415,100,716,"[201, 415, 100]",leaky_relu,model_8,Int8WeightOnlyConfig,int8,8.0,False,False,pytorch_relative_model_size,0.25,pytorch,model_size,True,2.0
912,201,415,100,716,"[201, 415, 100]",leaky_relu,model_8,Float8WeightOnlyConfig,float8,8.0,False,False,pytorch_relative_model_size,0.25,pytorch,model_size,True,2.0
913,201,415,100,716,"[201, 415, 100]",leaky_relu,model_8,Int8DynamicActivationInt8WeightConfig,int8,8.0,True,False,pytorch_relative_model_size,0.25,pytorch,model_size,True,2.0
914,201,415,100,716,"[201, 415, 100]",leaky_relu,model_8,Int8WeightOnlyConfig,int8,8.0,False,False,pytorch_relative_median_latency,2.611195273003767,pytorch,median_latency,True,2.0
915,201,415,100,716,"[201, 415, 100]",leaky_relu,model_8,Float8WeightOnlyConfig,float8,8.0,False,False,pytorch_relative_median_latency,3.479978175950594,pytorch,median_latency,True,2.0
916,201,415,100,716,"[201, 415, 100]",leaky_relu,model_8,Int8DynamicActivationInt8WeightConfig,int8,8.0,True,False,pytorch_relative_median_latency,59.620511123880505,pytorch,median_latency,True,2.0
917,201,415,100,716,"[201, 415, 100]",leaky_relu,model_8,Int8WeightOnlyConfig,int8,8.0,False,False,pytorch_relative_p95_latency,2.5020734624413974,pytorch,p95_latency,True,2.0
918,201,415,100,716,"[201, 415, 100]",leaky_relu,model_8,Float8WeightOnlyConfig,float8,8.0,False,False,pytorch_relative_p95_latency,3.3559275151524335,pytorch,p95_latency,True,2.0
919,201,415,100,716,"[201, 415, 100]",leaky_relu,model_8,Int8DynamicActivationInt8WeightConfig,int8,8.0,True,False,pytorch_relative_p95_latency,56.0394577656189,pytorch,p95_latency,True,2.0
920,201,415,100,716,"[201, 415, 100]",leaky_relu,model_8,Int8WeightOnlyConfig,int8,8.0,False,False,pytorch_relative_p99_latency,2.4934939703792995,pytorch,p99_latency,True,2.0
921,201,415,100,716,"[201, 415, 100]",leaky_relu,model_8,Float8WeightOnlyConfig,float8,8.0,False,False,pytorch_relative_p99_latency,3.35099220969106,pytorch,p99_latency,True,2.0
922,201,415,100,716,"[201, 415, 100]",leaky_relu,model_8,Int8DynamicActivationInt8WeightConfig,int8,8.0,True,False,pytorch_relative_p99_latency,64.74745420657182,pytorch,p99_latency,True,2.0
923,201,415,100,716,"[201, 415, 100]",leaky_relu,model_8,Int8WeightOnlyConfig,int8,8.0,False,False,pytorch_quantized_MAE,8.300987936254952,pytorch,MAE,False,3.0
924,201,415,100,716,"[201, 415, 100]",leaky_relu,model_8,Float8WeightOnlyConfig,float8,8.0,False,False,pytorch_quantized_MAE,8.23449853805585,pytorch,MAE,False,3.0
925,201,415,100,716,"[201, 415, 100]",leaky_relu,model_8,Int8DynamicActivationInt8WeightConfig,int8,8.0,True,False,pytorch_quantized_MAE,8.30684239485302,pytorch,MAE,False,3.0
926,201,415,100,716,"[201, 415, 100]",leaky_relu,model_8,Int8WeightOnlyConfig,int8,8.0,False,False,pytorch_relative_MAE,1.0009027821481886,pytorch,MAE,True,3.0
927,201,415,100,716,"[201, 415, 100]",leaky_relu,model_8,Float8WeightOnlyConfig,float8,8.0,False,False,pytorch_relative_MAE,0.9928857335568779,pytorch,MAE,True,3.0
928,201,415,100,716,"[201, 415, 100]",leaky_relu,model_8,Int8DynamicActivationInt8WeightConfig,int8,8.0,True,False,pytorch_relative_MAE,1.0016086913657147,pytorch,MAE,True,3.0
929,201,415,100,716,"[201, 415, 100]",leaky_relu,model_8,Int8WeightOnlyConfig,int8,8.0,False,False,pytorch_quantized_model_size,142013.0,pytorch,model_size,False,3.0
930,201,415,100,716,"[201, 415, 100]",leaky_relu,model_8,Float8WeightOnlyConfig,float8,8.0,False,False,pytorch_quantized_model_size,142013.0,pytorch,model_size,False,3.0
931,201,415,100,716,"[201, 415, 100]",leaky_relu,model_8,Int8DynamicActivationInt8WeightConfig,int8,8.0,True,False,pytorch_quantized_model_size,142013.0,pytorch,model_size,False,3.0
932,201,415,100,716,"[201, 415, 100]",leaky_relu,model_8,Int8WeightOnlyConfig,int8,8.0,False,False,pytorch_quantized_median_latency,0.0004366626963019371,pytorch,median_latency,False,3.0
933,201,415,100,716,"[201, 415, 100]",leaky_relu,model_8,Float8WeightOnlyConfig,float8,8.0,False,False,pytorch_quantized_median_latency,0.0005250843241810799,pytorch,median_latency,False,3.0
934,201,415,100,716,"[201, 415, 100]",leaky_relu,model_8,Int8DynamicActivationInt8WeightConfig,int8,8.0,True,False,pytorch_quantized_median_latency,0.009740419685840607,pytorch,median_latency,False,3.0
935,201,415,100,716,"[201, 415, 100]",leaky_relu,model_8,Int8WeightOnlyConfig,int8,8.0,False,False,pytorch_quantized_p95_latency,0.00044796178117394446,pytorch,p95_latency,False,3.0
936,201,415,100,716,"[201, 415, 100]",leaky_relu,model_8,Float8WeightOnlyConfig,float8,8.0,False,False,pytorch_quantized_p95_latency,0.0005359045229852199,pytorch,p95_latency,False,3.0
937,201,415,100,716,"[201, 415, 100]",leaky_relu,model_8,Int8DynamicActivationInt8WeightConfig,int8,8.0,True,False,pytorch_quantized_p95_latency,0.009884110186249018,pytorch,p95_latency,False,3.0
938,201,415,100,716,"[201, 415, 100]",leaky_relu,model_8,Int8WeightOnlyConfig,int8,8.0,False,False,pytorch_quantized_p99_latency,0.00045021643862128255,pytorch,p99_latency,False,3.0
939,201,415,100,716,"[201, 415, 100]",leaky_relu,model_8,Float8WeightOnlyConfig,float8,8.0,False,False,pytorch_quantized_p99_latency,0.000541064701974392,pytorch,p99_latency,False,3.0
940,201,415,100,716,"[201, 415, 100]",leaky_relu,model_8,Int8DynamicActivationInt8WeightConfig,int8,8.0,True,False,pytorch_quantized_p99_latency,0.011425315495580431,pytorch,p99_latency,False,3.0
941,201,415,100,716,"[201, 415, 100]",leaky_relu,model_8,Int8WeightOnlyConfig,int8,8.0,False,False,pytorch_relative_model_size,0.25,pytorch,model_size,True,3.0
942,201,415,100,716,"[201, 415, 100]",leaky_relu,model_8,Float8WeightOnlyConfig,float8,8.0,False,False,pytorch_relative_model_size,0.25,pytorch,model_size,True,3.0
943,201,415,100,716,"[201, 415, 100]",leaky_relu,model_8,Int8DynamicActivationInt8WeightConfig,int8,8.0,True,False,pytorch_relative_model_size,0.25,pytorch,model_size,True,3.0
944,201,415,100,716,"[201, 415, 100]",leaky_relu,model_8,Int8WeightOnlyConfig,int8,8.0,False,False,pytorch_relative_median_latency,2.655033579849825,pytorch,median_latency,True,3.0
945,201,415,100,716,"[201, 415, 100]",leaky_relu,model_8,Float8WeightOnlyConfig,float8,8.0,False,False,pytorch_relative_median_latency,3.1926622648561107,pytorch,median_latency,True,3.0
946,201,415,100,716,"[201, 415, 100]",leaky_relu,model_8,Int8DynamicActivationInt8WeightConfig,int8,8.0,True,False,pytorch_relative_median_latency,59.22452631459733,pytorch,median_latency,True,3.0
947,201,415,100,716,"[201, 415, 100]",leaky_relu,model_8,Int8WeightOnlyConfig,int8,8.0,False,False,pytorch_relative_p95_latency,2.542302799150302,pytorch,p95_latency,True,3.0
948,201,415,100,716,"[201, 415, 100]",leaky_relu,model_8,Float8WeightOnlyConfig,float8,8.0,False,False,pytorch_relative_p95_latency,3.041401356366152,pytorch,p95_latency,True,3.0
949,201,415,100,716,"[201, 415, 100]",leaky_relu,model_8,Int8DynamicActivationInt8WeightConfig,int8,8.0,True,False,pytorch_relative_p95_latency,56.09496624412582,pytorch,p95_latency,True,3.0
950,201,415,100,716,"[201, 415, 100]",leaky_relu,model_8,Int8WeightOnlyConfig,int8,8.0,False,False,pytorch_relative_p99_latency,2.5109022167811355,pytorch,p99_latency,True,3.0
951,201,415,100,716,"[201, 415, 100]",leaky_relu,model_8,Float8WeightOnlyConfig,float8,8.0,False,False,pytorch_relative_p99_latency,3.0175720899261353,pytorch,p99_latency,True,3.0
952,201,415,100,716,"[201, 415, 100]",leaky_relu,model_8,Int8DynamicActivationInt8WeightConfig,int8,8.0,True,False,pytorch_relative_p99_latency,63.720130018194844,pytorch,p99_latency,True,3.0
953,128,103,130,361,"[128, 103, 130]",elu,model_9,Int8WeightOnlyConfig,int8,8.0,False,False,pytorch_quantized_MAE,9.846484710894321,pytorch,MAE,False,1.0
954,128,103,130,361,"[128, 103, 130]",elu,model_9,Float8WeightOnlyConfig,float8,8.0,False,False,pytorch_quantized_MAE,9.876620438899618,pytorch,MAE,False,1.0
955,128,103,130,361,"[128, 103, 130]",elu,model_9,Int8DynamicActivationInt8WeightConfig,int8,8.0,True,False,pytorch_quantized_MAE,9.84885546450108,pytorch,MAE,False,1.0
956,128,103,130,361,"[128, 103, 130]",elu,model_9,Int8WeightOnlyConfig,int8,8.0,False,False,pytorch_relative_MAE,1.0005612934815704,pytorch,MAE,True,1.0
957,128,103,130,361,"[128, 103, 130]",elu,model_9,Float8WeightOnlyConfig,float8,8.0,False,False,pytorch_relative_MAE,1.0036235683825436,pytorch,MAE,True,1.0
958,128,103,130,361,"[128, 103, 130]",elu,model_9,Int8DynamicActivationInt8WeightConfig,int8,8.0,True,False,pytorch_relative_MAE,1.0008022001975154,pytorch,MAE,True,1.0
959,128,103,130,361,"[128, 103, 130]",elu,model_9,Int8WeightOnlyConfig,int8,8.0,False,False,pytorch_quantized_model_size,37434.0,pytorch,model_size,False,1.0
960,128,103,130,361,"[128, 103, 130]",elu,model_9,Float8WeightOnlyConfig,float8,8.0,False,False,pytorch_quantized_model_size,37434.0,pytorch,model_size,False,1.0
961,128,103,130,361,"[128, 103, 130]",elu,model_9,Int8DynamicActivationInt8WeightConfig,int8,8.0,True,False,pytorch_quantized_model_size,37434.0,pytorch,model_size,False,1.0
962,128,103,130,361,"[128, 103, 130]",elu,model_9,Int8WeightOnlyConfig,int8,8.0,False,False,pytorch_quantized_median_latency,0.0004276297986507416,pytorch,median_latency,False,1.0
963,128,103,130,361,"[128, 103, 130]",elu,model_9,Float8WeightOnlyConfig,float8,8.0,False,False,pytorch_quantized_median_latency,0.0005168430507183075,pytorch,median_latency,False,1.0
964,128,103,130,361,"[128, 103, 130]",elu,model_9,Int8DynamicActivationInt8WeightConfig,int8,8.0,True,False,pytorch_quantized_median_latency,0.007528785616159439,pytorch,median_latency,False,1.0
965,128,103,130,361,"[128, 103, 130]",elu,model_9,Int8WeightOnlyConfig,int8,8.0,False,False,pytorch_quantized_p95_latency,0.0004793072119355202,pytorch,p95_latency,False,1.0
966,128,103,130,361,"[128, 103, 130]",elu,model_9,Float8WeightOnlyConfig,float8,8.0,False,False,pytorch_quantized_p95_latency,0.0005367039702832699,pytorch,p95_latency,False,1.0
967,128,103,130,361,"[128, 103, 130]",elu,model_9,Int8DynamicActivationInt8WeightConfig,int8,8.0,True,False,pytorch_quantized_p95_latency,0.007608046941459179,pytorch,p95_latency,False,1.0
968,128,103,130,361,"[128, 103, 130]",elu,model_9,Int8WeightOnlyConfig,int8,8.0,False,False,pytorch_quantized_p99_latency,0.00048355404287576676,pytorch,p99_latency,False,1.0
969,128,103,130,361,"[128, 103, 130]",elu,model_9,Float8WeightOnlyConfig,float8,8.0,False,False,pytorch_quantized_p99_latency,0.000553915835916996,pytorch,p99_latency,False,1.0
970,128,103,130,361,"[128, 103, 130]",elu,model_9,Int8DynamicActivationInt8WeightConfig,int8,8.0,True,False,pytorch_quantized_p99_latency,0.008216404393315314,pytorch,p99_latency,False,1.0
971,128,103,130,361,"[128, 103, 130]",elu,model_9,Int8WeightOnlyConfig,int8,8.0,False,False,pytorch_relative_model_size,0.25,pytorch,model_size,True,1.0
972,128,103,130,361,"[128, 103, 130]",elu,model_9,Float8WeightOnlyConfig,float8,8.0,False,False,pytorch_relative_model_size,0.25,pytorch,model_size,True,1.0
973,128,103,130,361,"[128, 103, 130]",elu,model_9,Int8DynamicActivationInt8WeightConfig,int8,8.0,True,False,pytorch_relative_model_size,0.25,pytorch,model_size,True,1.0
974,128,103,130,361,"[128, 103, 130]",elu,model_9,Int8WeightOnlyConfig,int8,8.0,False,False,pytorch_relative_median_latency,2.6648791076133764,pytorch,median_latency,True,1.0
975,128,103,130,361,"[128, 103, 130]",elu,model_9,Float8WeightOnlyConfig,float8,8.0,False,False,pytorch_relative_median_latency,3.2208331882392542,pytorch,median_latency,True,1.0
976,128,103,130,361,"[128, 103, 130]",elu,model_9,Int8DynamicActivationInt8WeightConfig,int8,8.0,True,False,pytorch_relative_median_latency,46.91745888033801,pytorch,median_latency,True,1.0
977,128,103,130,361,"[128, 103, 130]",elu,model_9,Int8WeightOnlyConfig,int8,8.0,False,False,pytorch_relative_p95_latency,2.7952757787252533,pytorch,p95_latency,True,1.0
978,128,103,130,361,"[128, 103, 130]",elu,model_9,Float8WeightOnlyConfig,float8,8.0,False,False,pytorch_relative_p95_latency,3.1300084186513866,pytorch,p95_latency,True,1.0
979,128,103,130,361,"[128, 103, 130]",elu,model_9,Int8DynamicActivationInt8WeightConfig,int8,8.0,True,False,pytorch_relative_p95_latency,44.36943323466312,pytorch,p95_latency,True,1.0
980,128,103,130,361,"[128, 103, 130]",elu,model_9,Int8WeightOnlyConfig,int8,8.0,False,False,pytorch_relative_p99_latency,2.797559111595416,pytorch,p99_latency,True,1.0
981,128,103,130,361,"[128, 103, 130]",elu,model_9,Float8WeightOnlyConfig,float8,8.0,False,False,pytorch_relative_p99_latency,3.2046310369174296,pytorch,p99_latency,True,1.0
982,128,103,130,361,"[128, 103, 130]",elu,model_9,Int8DynamicActivationInt8WeightConfig,int8,8.0,True,False,pytorch_relative_p99_latency,47.53528031400893,pytorch,p99_latency,True,1.0
983,128,103,130,361,"[128, 103, 130]",elu,model_9,Int8WeightOnlyConfig,int8,8.0,False,False,pytorch_quantized_MAE,9.91346703401065,pytorch,MAE,False,2.0
984,128,103,130,361,"[128, 103, 130]",elu,model_9,Float8WeightOnlyConfig,float8,8.0,False,False,pytorch_quantized_MAE,9.9363639738239,pytorch,MAE,False,2.0
985,128,103,130,361,"[128, 103, 130]",elu,model_9,Int8DynamicActivationInt8WeightConfig,int8,8.0,True,False,pytorch_quantized_MAE,9.924455996178729,pytorch,MAE,False,2.0
986,128,103,130,361,"[128, 103, 130]",elu,model_9,Int8WeightOnlyConfig,int8,8.0,False,False,pytorch_relative_MAE,1.0003873462514674,pytorch,MAE,True,2.0
987,128,103,130,361,"[128, 103, 130]",elu,model_9,Float8WeightOnlyConfig,float8,8.0,False,False,pytorch_relative_MAE,1.0026979212277571,pytorch,MAE,True,2.0
988,128,103,130,361,"[128, 103, 130]",elu,model_9,Int8DynamicActivationInt8WeightConfig,int8,8.0,True,False,pytorch_relative_MAE,1.0014962639150526,pytorch,MAE,True,2.0
989,128,103,130,361,"[128, 103, 130]",elu,model_9,Int8WeightOnlyConfig,int8,8.0,False,False,pytorch_quantized_model_size,37434.0,pytorch,model_size,False,2.0
990,128,103,130,361,"[128, 103, 130]",elu,model_9,Float8WeightOnlyConfig,float8,8.0,False,False,pytorch_quantized_model_size,37434.0,pytorch,model_size,False,2.0
991,128,103,130,361,"[128, 103, 130]",elu,model_9,Int8DynamicActivationInt8WeightConfig,int8,8.0,True,False,pytorch_quantized_model_size,37434.0,pytorch,model_size,False,2.0
992,128,103,130,361,"[128, 103, 130]",elu,model_9,Int8WeightOnlyConfig,int8,8.0,False,False,pytorch_quantized_median_latency,0.0004109777510166168,pytorch,median_latency,False,2.0
993,128,103,130,361,"[128, 103, 130]",elu,model_9,Float8WeightOnlyConfig,float8,8.0,False,False,pytorch_quantized_median_latency,0.00049620121717453,pytorch,median_latency,False,2.0
994,128,103,130,361,"[128, 103, 130]",elu,model_9,Int8DynamicActivationInt8WeightConfig,int8,8.0,True,False,pytorch_quantized_median_latency,0.007394708693027496,pytorch,median_latency,False,2.0
995,128,103,130,361,"[128, 103, 130]",elu,model_9,Int8WeightOnlyConfig,int8,8.0,False,False,pytorch_quantized_p95_latency,0.0004224554635584354,pytorch,p95_latency,False,2.0
996,128,103,130,361,"[128, 103, 130]",elu,model_9,Float8WeightOnlyConfig,float8,8.0,False,False,pytorch_quantized_p95_latency,0.0005039519630372525,pytorch,p95_latency,False,2.0
997,128,103,130,361,"[128, 103, 130]",elu,model_9,Int8DynamicActivationInt8WeightConfig,int8,8.0,True,False,pytorch_quantized_p95_latency,0.007717383839190006,pytorch,p95_latency,False,2.0
998,128,103,130,361,"[128, 103, 130]",elu,model_9,Int8WeightOnlyConfig,int8,8.0,False,False,pytorch_quantized_p99_latency,0.00043212272226810454,pytorch,p99_latency,False,2.0
999,128,103,130,361,"[128, 103, 130]",elu,model_9,Float8WeightOnlyConfig,float8,8.0,False,False,pytorch_quantized_p99_latency,0.0005106606334447859,pytorch,p99_latency,False,2.0
1000,128,103,130,361,"[128, 103, 130]",elu,model_9,Int8DynamicActivationInt8WeightConfig,int8,8.0,True,False,pytorch_quantized_p99_latency,0.008681660573929547,pytorch,p99_latency,False,2.0
1001,128,103,130,361,"[128, 103, 130]",elu,model_9,Int8WeightOnlyConfig,int8,8.0,False,False,pytorch_relative_model_size,0.25,pytorch,model_size,True,2.0
1002,128,103,130,361,"[128, 103, 130]",elu,model_9,Float8WeightOnlyConfig,float8,8.0,False,False,pytorch_relative_model_size,0.25,pytorch,model_size,True,2.0
1003,128,103,130,361,"[128, 103, 130]",elu,model_9,Int8DynamicActivationInt8WeightConfig,int8,8.0,True,False,pytorch_relative_model_size,0.25,pytorch,model_size,True,2.0
1004,128,103,130,361,"[128, 103, 130]",elu,model_9,Int8WeightOnlyConfig,int8,8.0,False,False,pytorch_relative_median_latency,2.6392583732057417,pytorch,median_latency,True,2.0
1005,128,103,130,361,"[128, 103, 130]",elu,model_9,Float8WeightOnlyConfig,float8,8.0,False,False,pytorch_relative_median_latency,3.186555023923445,pytorch,median_latency,True,2.0
1006,128,103,130,361,"[128, 103, 130]",elu,model_9,Int8DynamicActivationInt8WeightConfig,int8,8.0,True,False,pytorch_relative_median_latency,47.48808612440192,pytorch,median_latency,True,2.0
1007,128,103,130,361,"[128, 103, 130]",elu,model_9,Int8WeightOnlyConfig,int8,8.0,False,False,pytorch_relative_p95_latency,2.5302955082478573,pytorch,p95_latency,True,2.0
1008,128,103,130,361,"[128, 103, 130]",elu,model_9,Float8WeightOnlyConfig,float8,8.0,False,False,pytorch_relative_p95_latency,3.018418504296294,pytorch,p95_latency,True,2.0
1009,128,103,130,361,"[128, 103, 130]",elu,model_9,Int8DynamicActivationInt8WeightConfig,int8,8.0,True,False,pytorch_relative_p95_latency,46.223243272189336,pytorch,p95_latency,True,2.0
1010,128,103,130,361,"[128, 103, 130]",elu,model_9,Int8WeightOnlyConfig,int8,8.0,False,False,pytorch_relative_p99_latency,2.4816043208393515,pytorch,p99_latency,True,2.0
1011,128,103,130,361,"[128, 103, 130]",elu,model_9,Float8WeightOnlyConfig,float8,8.0,False,False,pytorch_relative_p99_latency,2.932633645802334,pytorch,p99_latency,True,2.0
1012,128,103,130,361,"[128, 103, 130]",elu,model_9,Int8DynamicActivationInt8WeightConfig,int8,8.0,True,False,pytorch_relative_p99_latency,49.85724027480613,pytorch,p99_latency,True,2.0
1013,128,103,130,361,"[128, 103, 130]",elu,model_9,Int8WeightOnlyConfig,int8,8.0,False,False,pytorch_quantized_MAE,9.453421189890419,pytorch,MAE,False,3.0
1014,128,103,130,361,"[128, 103, 130]",elu,model_9,Float8WeightOnlyConfig,float8,8.0,False,False,pytorch_quantized_MAE,9.489143637139508,pytorch,MAE,False,3.0
1015,128,103,130,361,"[128, 103, 130]",elu,model_9,Int8DynamicActivationInt8WeightConfig,int8,8.0,True,False,pytorch_quantized_MAE,9.457824821866916,pytorch,MAE,False,3.0
1016,128,103,130,361,"[128, 103, 130]",elu,model_9,Int8WeightOnlyConfig,int8,8.0,False,False,pytorch_relative_MAE,1.0005446908742477,pytorch,MAE,True,3.0
1017,128,103,130,361,"[128, 103, 130]",elu,model_9,Float8WeightOnlyConfig,float8,8.0,False,False,pytorch_relative_MAE,1.0043255342559363,pytorch,MAE,True,3.0
1018,128,103,130,361,"[128, 103, 130]",elu,model_9,Int8DynamicActivationInt8WeightConfig,int8,8.0,True,False,pytorch_relative_MAE,1.0010107687635266,pytorch,MAE,True,3.0
1019,128,103,130,361,"[128, 103, 130]",elu,model_9,Int8WeightOnlyConfig,int8,8.0,False,False,pytorch_quantized_model_size,37434.0,pytorch,model_size,False,3.0
1020,128,103,130,361,"[128, 103, 130]",elu,model_9,Float8WeightOnlyConfig,float8,8.0,False,False,pytorch_quantized_model_size,37434.0,pytorch,model_size,False,3.0
1021,128,103,130,361,"[128, 103, 130]",elu,model_9,Int8DynamicActivationInt8WeightConfig,int8,8.0,True,False,pytorch_quantized_model_size,37434.0,pytorch,model_size,False,3.0
1022,128,103,130,361,"[128, 103, 130]",elu,model_9,Int8WeightOnlyConfig,int8,8.0,False,False,pytorch_quantized_median_latency,0.0004283292219042778,pytorch,median_latency,False,3.0
1023,128,103,130,361,"[128, 103, 130]",elu,model_9,Float8WeightOnlyConfig,float8,8.0,False,False,pytorch_quantized_median_latency,0.0005148090422153473,pytorch,median_latency,False,3.0
1024,128,103,130,361,"[128, 103, 130]",elu,model_9,Int8DynamicActivationInt8WeightConfig,int8,8.0,True,False,pytorch_quantized_median_latency,0.007608291693031788,pytorch,median_latency,False,3.0
1025,128,103,130,361,"[128, 103, 130]",elu,model_9,Int8WeightOnlyConfig,int8,8.0,False,False,pytorch_quantized_p95_latency,0.00044005634263157847,pytorch,p95_latency,False,3.0
1026,128,103,130,361,"[128, 103, 130]",elu,model_9,Float8WeightOnlyConfig,float8,8.0,False,False,pytorch_quantized_p95_latency,0.0005220254883170128,pytorch,p95_latency,False,3.0
1027,128,103,130,361,"[128, 103, 130]",elu,model_9,Int8DynamicActivationInt8WeightConfig,int8,8.0,True,False,pytorch_quantized_p95_latency,0.007906079944223165,pytorch,p95_latency,False,3.0
1028,128,103,130,361,"[128, 103, 130]",elu,model_9,Int8WeightOnlyConfig,int8,8.0,False,False,pytorch_quantized_p99_latency,0.0004474893771111965,pytorch,p99_latency,False,3.0
1029,128,103,130,361,"[128, 103, 130]",elu,model_9,Float8WeightOnlyConfig,float8,8.0,False,False,pytorch_quantized_p99_latency,0.0005370503105223179,pytorch,p99_latency,False,3.0
1030,128,103,130,361,"[128, 103, 130]",elu,model_9,Int8DynamicActivationInt8WeightConfig,int8,8.0,True,False,pytorch_quantized_p99_latency,0.009852862227708101,pytorch,p99_latency,False,3.0
1031,128,103,130,361,"[128, 103, 130]",elu,model_9,Int8WeightOnlyConfig,int8,8.0,False,False,pytorch_relative_model_size,0.25,pytorch,model_size,True,3.0
1032,128,103,130,361,"[128, 103, 130]",elu,model_9,Float8WeightOnlyConfig,float8,8.0,False,False,pytorch_relative_model_size,0.25,pytorch,model_size,True,3.0
1033,128,103,130,361,"[128, 103, 130]",elu,model_9,Int8DynamicActivationInt8WeightConfig,int8,8.0,True,False,pytorch_relative_model_size,0.25,pytorch,model_size,True,3.0
1034,128,103,130,361,"[128, 103, 130]",elu,model_9,Int8WeightOnlyConfig,int8,8.0,False,False,pytorch_relative_median_latency,2.6441318170842485,pytorch,median_latency,True,3.0
1035,128,103,130,361,"[128, 103, 130]",elu,model_9,Float8WeightOnlyConfig,float8,8.0,False,False,pytorch_relative_median_latency,3.1779829594453197,pytorch,median_latency,True,3.0
1036,128,103,130,361,"[128, 103, 130]",elu,model_9,Int8DynamicActivationInt8WeightConfig,int8,8.0,True,False,pytorch_relative_median_latency,46.96697098966298,pytorch,median_latency,True,3.0
1037,128,103,130,361,"[128, 103, 130]",elu,model_9,Int8WeightOnlyConfig,int8,8.0,False,False,pytorch_relative_p95_latency,2.5512863154780097,pytorch,p95_latency,True,3.0
1038,128,103,130,361,"[128, 103, 130]",elu,model_9,Float8WeightOnlyConfig,float8,8.0,False,False,pytorch_relative_p95_latency,3.0265135521270126,pytorch,p95_latency,True,3.0
1039,128,103,130,361,"[128, 103, 130]",elu,model_9,Int8DynamicActivationInt8WeightConfig,int8,8.0,True,False,pytorch_relative_p95_latency,45.836570494926114,pytorch,p95_latency,True,3.0
1040,128,103,130,361,"[128, 103, 130]",elu,model_9,Int8WeightOnlyConfig,int8,8.0,False,False,pytorch_relative_p99_latency,2.55525828852258,pytorch,p99_latency,True,3.0
1041,128,103,130,361,"[128, 103, 130]",elu,model_9,Float8WeightOnlyConfig,float8,8.0,False,False,pytorch_relative_p99_latency,3.0666700205819075,pytorch,p99_latency,True,3.0
1042,128,103,130,361,"[128, 103, 130]",elu,model_9,Int8DynamicActivationInt8WeightConfig,int8,8.0,True,False,pytorch_relative_p99_latency,56.26191181464861,pytorch,p99_latency,True,3.0
