,hidden_layer_1_neurons,hidden_layer_2_neurons,hidden_layer_3_neurons,total_hidden_neurons,neurons_per_layer,activation,model_ID,config_name,precision,bits_per_weight,dynamic_calibration,weight_only,metric,value,runtime,base_metric,relative,eval_run
0,528,446,117,1091,"[528, 446, 117]",gelu,model_1,Int8WeightOnlyConfig,int8,8.0,False,False,pytorch_quantized_MAE,8.830156464455605,pytorch,MAE,False,1.0
1,528,446,117,1091,"[528, 446, 117]",gelu,model_1,Float8WeightOnlyConfig,float8,8.0,False,False,pytorch_quantized_MAE,8.831609487309281,pytorch,MAE,False,1.0
2,528,446,117,1091,"[528, 446, 117]",gelu,model_1,Int8DynamicActivationInt8WeightConfig,int8,8.0,True,False,pytorch_quantized_MAE,8.842277311538595,pytorch,MAE,False,1.0
3,528,446,117,1091,"[528, 446, 117]",gelu,model_1,Int8WeightOnlyConfig,int8,8.0,False,False,pytorch_relative_MAE,1.0056899925048932,pytorch,MAE,True,1.0
4,528,446,117,1091,"[528, 446, 117]",gelu,model_1,Float8WeightOnlyConfig,float8,8.0,False,False,pytorch_relative_MAE,1.0058554811401972,pytorch,MAE,True,1.0
5,528,446,117,1091,"[528, 446, 117]",gelu,model_1,Int8DynamicActivationInt8WeightConfig,int8,8.0,True,False,pytorch_relative_MAE,1.007070467999423,pytorch,MAE,True,1.0
6,528,446,117,1091,"[528, 446, 117]",gelu,model_1,Int8WeightOnlyConfig,int8,8.0,False,False,pytorch_quantized_model_size,331647.0,pytorch,model_size,False,1.0
7,528,446,117,1091,"[528, 446, 117]",gelu,model_1,Float8WeightOnlyConfig,float8,8.0,False,False,pytorch_quantized_model_size,331647.0,pytorch,model_size,False,1.0
8,528,446,117,1091,"[528, 446, 117]",gelu,model_1,Int8DynamicActivationInt8WeightConfig,int8,8.0,True,False,pytorch_quantized_model_size,331647.0,pytorch,model_size,False,1.0
9,528,446,117,1091,"[528, 446, 117]",gelu,model_1,Int8WeightOnlyConfig,int8,8.0,False,False,pytorch_quantized_median_latency,0.00047507137060165405,pytorch,median_latency,False,1.0
10,528,446,117,1091,"[528, 446, 117]",gelu,model_1,Float8WeightOnlyConfig,float8,8.0,False,False,pytorch_quantized_median_latency,0.0005194079130887985,pytorch,median_latency,False,1.0
11,528,446,117,1091,"[528, 446, 117]",gelu,model_1,Int8DynamicActivationInt8WeightConfig,int8,8.0,True,False,pytorch_quantized_median_latency,0.01257454976439476,pytorch,median_latency,False,1.0
12,528,446,117,1091,"[528, 446, 117]",gelu,model_1,Int8WeightOnlyConfig,int8,8.0,False,False,pytorch_quantized_p95_latency,0.00048574134707450866,pytorch,p95_latency,False,1.0
13,528,446,117,1091,"[528, 446, 117]",gelu,model_1,Float8WeightOnlyConfig,float8,8.0,False,False,pytorch_quantized_p95_latency,0.0005291057750582695,pytorch,p95_latency,False,1.0
14,528,446,117,1091,"[528, 446, 117]",gelu,model_1,Int8DynamicActivationInt8WeightConfig,int8,8.0,True,False,pytorch_quantized_p95_latency,0.012792244181036949,pytorch,p95_latency,False,1.0
15,528,446,117,1091,"[528, 446, 117]",gelu,model_1,Int8WeightOnlyConfig,int8,8.0,False,False,pytorch_quantized_p99_latency,0.0004897107183933258,pytorch,p99_latency,False,1.0
16,528,446,117,1091,"[528, 446, 117]",gelu,model_1,Float8WeightOnlyConfig,float8,8.0,False,False,pytorch_quantized_p99_latency,0.0005337100476026535,pytorch,p99_latency,False,1.0
17,528,446,117,1091,"[528, 446, 117]",gelu,model_1,Int8DynamicActivationInt8WeightConfig,int8,8.0,True,False,pytorch_quantized_p99_latency,0.013929668925702571,pytorch,p99_latency,False,1.0
18,528,446,117,1091,"[528, 446, 117]",gelu,model_1,Int8WeightOnlyConfig,int8,8.0,False,False,pytorch_relative_model_size,0.25,pytorch,model_size,True,1.0
19,528,446,117,1091,"[528, 446, 117]",gelu,model_1,Float8WeightOnlyConfig,float8,8.0,False,False,pytorch_relative_model_size,0.25,pytorch,model_size,True,1.0
20,528,446,117,1091,"[528, 446, 117]",gelu,model_1,Int8DynamicActivationInt8WeightConfig,int8,8.0,True,False,pytorch_relative_model_size,0.25,pytorch,model_size,True,1.0
21,528,446,117,1091,"[528, 446, 117]",gelu,model_1,Int8WeightOnlyConfig,int8,8.0,False,False,pytorch_relative_median_latency,3.0276828110161444,pytorch,median_latency,True,1.0
22,528,446,117,1091,"[528, 446, 117]",gelu,model_1,Float8WeightOnlyConfig,float8,8.0,False,False,pytorch_relative_median_latency,3.310244539411206,pytorch,median_latency,True,1.0
23,528,446,117,1091,"[528, 446, 117]",gelu,model_1,Int8DynamicActivationInt8WeightConfig,int8,8.0,True,False,pytorch_relative_median_latency,80.13900759734094,pytorch,median_latency,True,1.0
24,528,446,117,1091,"[528, 446, 117]",gelu,model_1,Int8WeightOnlyConfig,int8,8.0,False,False,pytorch_relative_p95_latency,2.861542715685242,pytorch,p95_latency,True,1.0
25,528,446,117,1091,"[528, 446, 117]",gelu,model_1,Float8WeightOnlyConfig,float8,8.0,False,False,pytorch_relative_p95_latency,3.1170061712138772,pytorch,p95_latency,True,1.0
26,528,446,117,1091,"[528, 446, 117]",gelu,model_1,Int8DynamicActivationInt8WeightConfig,int8,8.0,True,False,pytorch_relative_p95_latency,75.36017548017838,pytorch,p95_latency,True,1.0
27,528,446,117,1091,"[528, 446, 117]",gelu,model_1,Int8WeightOnlyConfig,int8,8.0,False,False,pytorch_relative_p99_latency,2.845595958109109,pytorch,p99_latency,True,1.0
28,528,446,117,1091,"[528, 446, 117]",gelu,model_1,Float8WeightOnlyConfig,float8,8.0,False,False,pytorch_relative_p99_latency,3.1012659049878564,pytorch,p99_latency,True,1.0
29,528,446,117,1091,"[528, 446, 117]",gelu,model_1,Int8DynamicActivationInt8WeightConfig,int8,8.0,True,False,pytorch_relative_p99_latency,80.9420911243782,pytorch,p99_latency,True,1.0
30,528,446,117,1091,"[528, 446, 117]",gelu,model_1,Int8WeightOnlyConfig,int8,8.0,False,False,pytorch_quantized_MAE,9.010319018072378,pytorch,MAE,False,2.0
31,528,446,117,1091,"[528, 446, 117]",gelu,model_1,Float8WeightOnlyConfig,float8,8.0,False,False,pytorch_quantized_MAE,9.012910629372943,pytorch,MAE,False,2.0
32,528,446,117,1091,"[528, 446, 117]",gelu,model_1,Int8DynamicActivationInt8WeightConfig,int8,8.0,True,False,pytorch_quantized_MAE,9.011414148397078,pytorch,MAE,False,2.0
33,528,446,117,1091,"[528, 446, 117]",gelu,model_1,Int8WeightOnlyConfig,int8,8.0,False,False,pytorch_relative_MAE,1.0050368961293423,pytorch,MAE,True,2.0
34,528,446,117,1091,"[528, 446, 117]",gelu,model_1,Float8WeightOnlyConfig,float8,8.0,False,False,pytorch_relative_MAE,1.0053259719070444,pytorch,MAE,True,2.0
35,528,446,117,1091,"[528, 446, 117]",gelu,model_1,Int8DynamicActivationInt8WeightConfig,int8,8.0,True,False,pytorch_relative_MAE,1.0051590501152539,pytorch,MAE,True,2.0
36,528,446,117,1091,"[528, 446, 117]",gelu,model_1,Int8WeightOnlyConfig,int8,8.0,False,False,pytorch_quantized_model_size,331647.0,pytorch,model_size,False,2.0
37,528,446,117,1091,"[528, 446, 117]",gelu,model_1,Float8WeightOnlyConfig,float8,8.0,False,False,pytorch_quantized_model_size,331647.0,pytorch,model_size,False,2.0
38,528,446,117,1091,"[528, 446, 117]",gelu,model_1,Int8DynamicActivationInt8WeightConfig,int8,8.0,True,False,pytorch_quantized_model_size,331647.0,pytorch,model_size,False,2.0
39,528,446,117,1091,"[528, 446, 117]",gelu,model_1,Int8WeightOnlyConfig,int8,8.0,False,False,pytorch_quantized_median_latency,0.0004366021603345871,pytorch,median_latency,False,2.0
40,528,446,117,1091,"[528, 446, 117]",gelu,model_1,Float8WeightOnlyConfig,float8,8.0,False,False,pytorch_quantized_median_latency,0.0005246531218290329,pytorch,median_latency,False,2.0
41,528,446,117,1091,"[528, 446, 117]",gelu,model_1,Int8DynamicActivationInt8WeightConfig,int8,8.0,True,False,pytorch_quantized_median_latency,0.012582166120409966,pytorch,median_latency,False,2.0
42,528,446,117,1091,"[528, 446, 117]",gelu,model_1,Int8WeightOnlyConfig,int8,8.0,False,False,pytorch_quantized_p95_latency,0.0004735792055726051,pytorch,p95_latency,False,2.0
43,528,446,117,1091,"[528, 446, 117]",gelu,model_1,Float8WeightOnlyConfig,float8,8.0,False,False,pytorch_quantized_p95_latency,0.0005926344543695449,pytorch,p95_latency,False,2.0
44,528,446,117,1091,"[528, 446, 117]",gelu,model_1,Int8DynamicActivationInt8WeightConfig,int8,8.0,True,False,pytorch_quantized_p95_latency,0.012776865623891354,pytorch,p95_latency,False,2.0
45,528,446,117,1091,"[528, 446, 117]",gelu,model_1,Int8WeightOnlyConfig,int8,8.0,False,False,pytorch_quantized_p99_latency,0.00048441585153341293,pytorch,p99_latency,False,2.0
46,528,446,117,1091,"[528, 446, 117]",gelu,model_1,Float8WeightOnlyConfig,float8,8.0,False,False,pytorch_quantized_p99_latency,0.0006171218305826186,pytorch,p99_latency,False,2.0
47,528,446,117,1091,"[528, 446, 117]",gelu,model_1,Int8DynamicActivationInt8WeightConfig,int8,8.0,True,False,pytorch_quantized_p99_latency,0.013400972597301006,pytorch,p99_latency,False,2.0
48,528,446,117,1091,"[528, 446, 117]",gelu,model_1,Int8WeightOnlyConfig,int8,8.0,False,False,pytorch_relative_model_size,0.25,pytorch,model_size,True,2.0
49,528,446,117,1091,"[528, 446, 117]",gelu,model_1,Float8WeightOnlyConfig,float8,8.0,False,False,pytorch_relative_model_size,0.25,pytorch,model_size,True,2.0
50,528,446,117,1091,"[528, 446, 117]",gelu,model_1,Int8DynamicActivationInt8WeightConfig,int8,8.0,True,False,pytorch_relative_model_size,0.25,pytorch,model_size,True,2.0
51,528,446,117,1091,"[528, 446, 117]",gelu,model_1,Int8WeightOnlyConfig,int8,8.0,False,False,pytorch_relative_median_latency,2.768186971514951,pytorch,median_latency,True,2.0
52,528,446,117,1091,"[528, 446, 117]",gelu,model_1,Float8WeightOnlyConfig,float8,8.0,False,False,pytorch_relative_median_latency,3.326456138693372,pytorch,median_latency,True,2.0
53,528,446,117,1091,"[528, 446, 117]",gelu,model_1,Int8DynamicActivationInt8WeightConfig,int8,8.0,True,False,pytorch_relative_median_latency,79.77465869904105,pytorch,median_latency,True,2.0
54,528,446,117,1091,"[528, 446, 117]",gelu,model_1,Int8WeightOnlyConfig,int8,8.0,False,False,pytorch_relative_p95_latency,2.803031121528195,pytorch,p95_latency,True,2.0
55,528,446,117,1091,"[528, 446, 117]",gelu,model_1,Float8WeightOnlyConfig,float8,8.0,False,False,pytorch_relative_p95_latency,3.5076979726742636,pytorch,p95_latency,True,2.0
56,528,446,117,1091,"[528, 446, 117]",gelu,model_1,Int8DynamicActivationInt8WeightConfig,int8,8.0,True,False,pytorch_relative_p95_latency,75.62399606639936,pytorch,p95_latency,True,2.0
57,528,446,117,1091,"[528, 446, 117]",gelu,model_1,Int8WeightOnlyConfig,int8,8.0,False,False,pytorch_relative_p99_latency,2.773246992995778,pytorch,p99_latency,True,2.0
58,528,446,117,1091,"[528, 446, 117]",gelu,model_1,Float8WeightOnlyConfig,float8,8.0,False,False,pytorch_relative_p99_latency,3.532979475295411,pytorch,p99_latency,True,2.0
59,528,446,117,1091,"[528, 446, 117]",gelu,model_1,Int8DynamicActivationInt8WeightConfig,int8,8.0,True,False,pytorch_relative_p99_latency,76.71963425854244,pytorch,p99_latency,True,2.0
60,528,446,117,1091,"[528, 446, 117]",gelu,model_1,Int8WeightOnlyConfig,int8,8.0,False,False,pytorch_quantized_MAE,8.65805838182078,pytorch,MAE,False,3.0
61,528,446,117,1091,"[528, 446, 117]",gelu,model_1,Float8WeightOnlyConfig,float8,8.0,False,False,pytorch_quantized_MAE,8.660149991456226,pytorch,MAE,False,3.0
62,528,446,117,1091,"[528, 446, 117]",gelu,model_1,Int8DynamicActivationInt8WeightConfig,int8,8.0,True,False,pytorch_quantized_MAE,8.66867737936054,pytorch,MAE,False,3.0
63,528,446,117,1091,"[528, 446, 117]",gelu,model_1,Int8WeightOnlyConfig,int8,8.0,False,False,pytorch_relative_MAE,1.0052446275220845,pytorch,MAE,True,3.0
64,528,446,117,1091,"[528, 446, 117]",gelu,model_1,Float8WeightOnlyConfig,float8,8.0,False,False,pytorch_relative_MAE,1.0054874740421913,pytorch,MAE,True,3.0
65,528,446,117,1091,"[528, 446, 117]",gelu,model_1,Int8DynamicActivationInt8WeightConfig,int8,8.0,True,False,pytorch_relative_MAE,1.0064775471624658,pytorch,MAE,True,3.0
66,528,446,117,1091,"[528, 446, 117]",gelu,model_1,Int8WeightOnlyConfig,int8,8.0,False,False,pytorch_quantized_model_size,331647.0,pytorch,model_size,False,3.0
67,528,446,117,1091,"[528, 446, 117]",gelu,model_1,Float8WeightOnlyConfig,float8,8.0,False,False,pytorch_quantized_model_size,331647.0,pytorch,model_size,False,3.0
68,528,446,117,1091,"[528, 446, 117]",gelu,model_1,Int8DynamicActivationInt8WeightConfig,int8,8.0,True,False,pytorch_quantized_model_size,331647.0,pytorch,model_size,False,3.0
69,528,446,117,1091,"[528, 446, 117]",gelu,model_1,Int8WeightOnlyConfig,int8,8.0,False,False,pytorch_quantized_median_latency,0.00042995065450668335,pytorch,median_latency,False,3.0
70,528,446,117,1091,"[528, 446, 117]",gelu,model_1,Float8WeightOnlyConfig,float8,8.0,False,False,pytorch_quantized_median_latency,0.0005269870162010193,pytorch,median_latency,False,3.0
71,528,446,117,1091,"[528, 446, 117]",gelu,model_1,Int8DynamicActivationInt8WeightConfig,int8,8.0,True,False,pytorch_quantized_median_latency,0.012642208486795425,pytorch,median_latency,False,3.0
72,528,446,117,1091,"[528, 446, 117]",gelu,model_1,Int8WeightOnlyConfig,int8,8.0,False,False,pytorch_quantized_p95_latency,0.0004413850605487823,pytorch,p95_latency,False,3.0
73,528,446,117,1091,"[528, 446, 117]",gelu,model_1,Float8WeightOnlyConfig,float8,8.0,False,False,pytorch_quantized_p95_latency,0.0005342386662960053,pytorch,p95_latency,False,3.0
74,528,446,117,1091,"[528, 446, 117]",gelu,model_1,Int8DynamicActivationInt8WeightConfig,int8,8.0,True,False,pytorch_quantized_p95_latency,0.012837309390306473,pytorch,p95_latency,False,3.0
75,528,446,117,1091,"[528, 446, 117]",gelu,model_1,Int8WeightOnlyConfig,int8,8.0,False,False,pytorch_quantized_p99_latency,0.00044510155916213987,pytorch,p99_latency,False,3.0
76,528,446,117,1091,"[528, 446, 117]",gelu,model_1,Float8WeightOnlyConfig,float8,8.0,False,False,pytorch_quantized_p99_latency,0.0005383788421750069,pytorch,p99_latency,False,3.0
77,528,446,117,1091,"[528, 446, 117]",gelu,model_1,Int8DynamicActivationInt8WeightConfig,int8,8.0,True,False,pytorch_quantized_p99_latency,0.01372703157365322,pytorch,p99_latency,False,3.0
78,528,446,117,1091,"[528, 446, 117]",gelu,model_1,Int8WeightOnlyConfig,int8,8.0,False,False,pytorch_relative_model_size,0.25,pytorch,model_size,True,3.0
79,528,446,117,1091,"[528, 446, 117]",gelu,model_1,Float8WeightOnlyConfig,float8,8.0,False,False,pytorch_relative_model_size,0.25,pytorch,model_size,True,3.0
80,528,446,117,1091,"[528, 446, 117]",gelu,model_1,Int8DynamicActivationInt8WeightConfig,int8,8.0,True,False,pytorch_relative_model_size,0.25,pytorch,model_size,True,3.0
81,528,446,117,1091,"[528, 446, 117]",gelu,model_1,Int8WeightOnlyConfig,int8,8.0,False,False,pytorch_relative_median_latency,2.720103700212114,pytorch,median_latency,True,3.0
82,528,446,117,1091,"[528, 446, 117]",gelu,model_1,Float8WeightOnlyConfig,float8,8.0,False,False,pytorch_relative_median_latency,3.33400895592741,pytorch,median_latency,True,3.0
83,528,446,117,1091,"[528, 446, 117]",gelu,model_1,Int8DynamicActivationInt8WeightConfig,int8,8.0,True,False,pytorch_relative_median_latency,79.9815460758897,pytorch,median_latency,True,3.0
84,528,446,117,1091,"[528, 446, 117]",gelu,model_1,Int8WeightOnlyConfig,int8,8.0,False,False,pytorch_relative_p95_latency,2.579901601613916,pytorch,p95_latency,True,3.0
85,528,446,117,1091,"[528, 446, 117]",gelu,model_1,Float8WeightOnlyConfig,float8,8.0,False,False,pytorch_relative_p95_latency,3.122632173158514,pytorch,p95_latency,True,3.0
86,528,446,117,1091,"[528, 446, 117]",gelu,model_1,Int8DynamicActivationInt8WeightConfig,int8,8.0,True,False,pytorch_relative_p95_latency,75.03424564322039,pytorch,p95_latency,True,3.0
87,528,446,117,1091,"[528, 446, 117]",gelu,model_1,Int8WeightOnlyConfig,int8,8.0,False,False,pytorch_relative_p99_latency,2.5271401875879747,pytorch,p99_latency,True,3.0
88,528,446,117,1091,"[528, 446, 117]",gelu,model_1,Float8WeightOnlyConfig,float8,8.0,False,False,pytorch_relative_p99_latency,3.0567379066671037,pytorch,p99_latency,True,3.0
89,528,446,117,1091,"[528, 446, 117]",gelu,model_1,Int8DynamicActivationInt8WeightConfig,int8,8.0,True,False,pytorch_relative_p99_latency,77.93756825154428,pytorch,p99_latency,True,3.0
90,281,106,211,598,"[281, 106, 211]",celu,model_10,,,,,,,,,,,
91,191,413,50,654,"[191, 413, 50]",leaky_relu,model_11,,,,,,,,,,,
92,702,130,149,981,"[702, 130, 149]",celu,model_12,,,,,,,,,,,
93,840,380,182,1402,"[840, 380, 182]",gelu,model_13,,,,,,,,,,,
94,128,211,81,420,"[128, 211, 81]",gelu,model_14,,,,,,,,,,,
95,419,308,131,858,"[419, 308, 131]",celu,model_15,,,,,,,,,,,
96,480,64,32,576,"[480, 64, 32]",elu,model_16,,,,,,,,,,,
97,453,292,221,966,"[453, 292, 221]",relu,model_17,,,,,,,,,,,
98,446,64,91,601,"[446, 64, 91]",celu,model_18,,,,,,,,,,,
99,128,365,142,635,"[128, 365, 142]",gelu,model_19,,,,,,,,,,,
100,364,167,32,563,"[364, 167, 32]",leaky_relu,model_2,Int8WeightOnlyConfig,int8,8.0,False,False,pytorch_quantized_MAE,8.457126064785,pytorch,MAE,False,1.0
101,364,167,32,563,"[364, 167, 32]",leaky_relu,model_2,Float8WeightOnlyConfig,float8,8.0,False,False,pytorch_quantized_MAE,8.537642388330354,pytorch,MAE,False,1.0
102,364,167,32,563,"[364, 167, 32]",leaky_relu,model_2,Int8DynamicActivationInt8WeightConfig,int8,8.0,True,False,pytorch_quantized_MAE,8.457274823623901,pytorch,MAE,False,1.0
103,364,167,32,563,"[364, 167, 32]",leaky_relu,model_2,Int8WeightOnlyConfig,int8,8.0,False,False,pytorch_relative_MAE,0.9994570995441233,pytorch,MAE,True,1.0
104,364,167,32,563,"[364, 167, 32]",leaky_relu,model_2,Float8WeightOnlyConfig,float8,8.0,False,False,pytorch_relative_MAE,1.0089724609778,pytorch,MAE,True,1.0
105,364,167,32,563,"[364, 167, 32]",leaky_relu,model_2,Int8DynamicActivationInt8WeightConfig,int8,8.0,True,False,pytorch_relative_MAE,0.9994746797571321,pytorch,MAE,True,1.0
106,364,167,32,563,"[364, 167, 32]",leaky_relu,model_2,Int8WeightOnlyConfig,int8,8.0,False,False,pytorch_quantized_model_size,96212.0,pytorch,model_size,False,1.0
107,364,167,32,563,"[364, 167, 32]",leaky_relu,model_2,Float8WeightOnlyConfig,float8,8.0,False,False,pytorch_quantized_model_size,96212.0,pytorch,model_size,False,1.0
108,364,167,32,563,"[364, 167, 32]",leaky_relu,model_2,Int8DynamicActivationInt8WeightConfig,int8,8.0,True,False,pytorch_quantized_model_size,96212.0,pytorch,model_size,False,1.0
109,364,167,32,563,"[364, 167, 32]",leaky_relu,model_2,Int8WeightOnlyConfig,int8,8.0,False,False,pytorch_quantized_median_latency,0.0004176720976829529,pytorch,median_latency,False,1.0
110,364,167,32,563,"[364, 167, 32]",leaky_relu,model_2,Float8WeightOnlyConfig,float8,8.0,False,False,pytorch_quantized_median_latency,0.0005071256309747696,pytorch,median_latency,False,1.0
111,364,167,32,563,"[364, 167, 32]",leaky_relu,model_2,Int8DynamicActivationInt8WeightConfig,int8,8.0,True,False,pytorch_quantized_median_latency,0.00839570164680481,pytorch,median_latency,False,1.0
112,364,167,32,563,"[364, 167, 32]",leaky_relu,model_2,Int8WeightOnlyConfig,int8,8.0,False,False,pytorch_quantized_p95_latency,0.00042863283306360245,pytorch,p95_latency,False,1.0
113,364,167,32,563,"[364, 167, 32]",leaky_relu,model_2,Float8WeightOnlyConfig,float8,8.0,False,False,pytorch_quantized_p95_latency,0.0005159556865692138,pytorch,p95_latency,False,1.0
114,364,167,32,563,"[364, 167, 32]",leaky_relu,model_2,Int8DynamicActivationInt8WeightConfig,int8,8.0,True,False,pytorch_quantized_p95_latency,0.00851940494030714,pytorch,p95_latency,False,1.0
115,364,167,32,563,"[364, 167, 32]",leaky_relu,model_2,Int8WeightOnlyConfig,int8,8.0,False,False,pytorch_quantized_p99_latency,0.000431189090013504,pytorch,p99_latency,False,1.0
116,364,167,32,563,"[364, 167, 32]",leaky_relu,model_2,Float8WeightOnlyConfig,float8,8.0,False,False,pytorch_quantized_p99_latency,0.000518312007188797,pytorch,p99_latency,False,1.0
117,364,167,32,563,"[364, 167, 32]",leaky_relu,model_2,Int8DynamicActivationInt8WeightConfig,int8,8.0,True,False,pytorch_quantized_p99_latency,0.009781867004930967,pytorch,p99_latency,False,1.0
118,364,167,32,563,"[364, 167, 32]",leaky_relu,model_2,Int8WeightOnlyConfig,int8,8.0,False,False,pytorch_relative_model_size,0.25,pytorch,model_size,True,1.0
119,364,167,32,563,"[364, 167, 32]",leaky_relu,model_2,Float8WeightOnlyConfig,float8,8.0,False,False,pytorch_relative_model_size,0.25,pytorch,model_size,True,1.0
120,364,167,32,563,"[364, 167, 32]",leaky_relu,model_2,Int8DynamicActivationInt8WeightConfig,int8,8.0,True,False,pytorch_relative_model_size,0.25,pytorch,model_size,True,1.0
121,364,167,32,563,"[364, 167, 32]",leaky_relu,model_2,Int8WeightOnlyConfig,int8,8.0,False,False,pytorch_relative_median_latency,2.682473412845573,pytorch,median_latency,True,1.0
122,364,167,32,563,"[364, 167, 32]",leaky_relu,model_2,Float8WeightOnlyConfig,float8,8.0,False,False,pytorch_relative_median_latency,3.2569832402234637,pytorch,median_latency,True,1.0
123,364,167,32,563,"[364, 167, 32]",leaky_relu,model_2,Int8DynamicActivationInt8WeightConfig,int8,8.0,True,False,pytorch_relative_median_latency,53.920878542461686,pytorch,median_latency,True,1.0
124,364,167,32,563,"[364, 167, 32]",leaky_relu,model_2,Int8WeightOnlyConfig,int8,8.0,False,False,pytorch_relative_p95_latency,2.5824260297923245,pytorch,p95_latency,True,1.0
125,364,167,32,563,"[364, 167, 32]",leaky_relu,model_2,Float8WeightOnlyConfig,float8,8.0,False,False,pytorch_relative_p95_latency,3.1085285410648837,pytorch,p95_latency,True,1.0
126,364,167,32,563,"[364, 167, 32]",leaky_relu,model_2,Int8DynamicActivationInt8WeightConfig,int8,8.0,True,False,pytorch_relative_p95_latency,51.32768975942148,pytorch,p95_latency,True,1.0
127,364,167,32,563,"[364, 167, 32]",leaky_relu,model_2,Int8WeightOnlyConfig,int8,8.0,False,False,pytorch_relative_p99_latency,2.5747103834423344,pytorch,p99_latency,True,1.0
128,364,167,32,563,"[364, 167, 32]",leaky_relu,model_2,Float8WeightOnlyConfig,float8,8.0,False,False,pytorch_relative_p99_latency,3.0949375521770266,pytorch,p99_latency,True,1.0
129,364,167,32,563,"[364, 167, 32]",leaky_relu,model_2,Int8DynamicActivationInt8WeightConfig,int8,8.0,True,False,pytorch_relative_p99_latency,58.409350167600415,pytorch,p99_latency,True,1.0
130,364,167,32,563,"[364, 167, 32]",leaky_relu,model_2,Int8WeightOnlyConfig,int8,8.0,False,False,pytorch_quantized_MAE,8.521311769817421,pytorch,MAE,False,2.0
131,364,167,32,563,"[364, 167, 32]",leaky_relu,model_2,Float8WeightOnlyConfig,float8,8.0,False,False,pytorch_quantized_MAE,8.60560012917864,pytorch,MAE,False,2.0
132,364,167,32,563,"[364, 167, 32]",leaky_relu,model_2,Int8DynamicActivationInt8WeightConfig,int8,8.0,True,False,pytorch_quantized_MAE,8.528070092761954,pytorch,MAE,False,2.0
133,364,167,32,563,"[364, 167, 32]",leaky_relu,model_2,Int8WeightOnlyConfig,int8,8.0,False,False,pytorch_relative_MAE,0.9994715363549815,pytorch,MAE,True,2.0
134,364,167,32,563,"[364, 167, 32]",leaky_relu,model_2,Float8WeightOnlyConfig,float8,8.0,False,False,pytorch_relative_MAE,1.0093577860666738,pytorch,MAE,True,2.0
135,364,167,32,563,"[364, 167, 32]",leaky_relu,model_2,Int8DynamicActivationInt8WeightConfig,int8,8.0,True,False,pytorch_relative_MAE,1.000264225508837,pytorch,MAE,True,2.0
136,364,167,32,563,"[364, 167, 32]",leaky_relu,model_2,Int8WeightOnlyConfig,int8,8.0,False,False,pytorch_quantized_model_size,96212.0,pytorch,model_size,False,2.0
137,364,167,32,563,"[364, 167, 32]",leaky_relu,model_2,Float8WeightOnlyConfig,float8,8.0,False,False,pytorch_quantized_model_size,96212.0,pytorch,model_size,False,2.0
138,364,167,32,563,"[364, 167, 32]",leaky_relu,model_2,Int8DynamicActivationInt8WeightConfig,int8,8.0,True,False,pytorch_quantized_model_size,96212.0,pytorch,model_size,False,2.0
139,364,167,32,563,"[364, 167, 32]",leaky_relu,model_2,Int8WeightOnlyConfig,int8,8.0,False,False,pytorch_quantized_median_latency,0.0004075895994901657,pytorch,median_latency,False,2.0
140,364,167,32,563,"[364, 167, 32]",leaky_relu,model_2,Float8WeightOnlyConfig,float8,8.0,False,False,pytorch_quantized_median_latency,0.0005539264529943466,pytorch,median_latency,False,2.0
141,364,167,32,563,"[364, 167, 32]",leaky_relu,model_2,Int8DynamicActivationInt8WeightConfig,int8,8.0,True,False,pytorch_quantized_median_latency,0.008484713733196259,pytorch,median_latency,False,2.0
142,364,167,32,563,"[364, 167, 32]",leaky_relu,model_2,Int8WeightOnlyConfig,int8,8.0,False,False,pytorch_quantized_p95_latency,0.00041853468865156175,pytorch,p95_latency,False,2.0
143,364,167,32,563,"[364, 167, 32]",leaky_relu,model_2,Float8WeightOnlyConfig,float8,8.0,False,False,pytorch_quantized_p95_latency,0.0005619559437036514,pytorch,p95_latency,False,2.0
144,364,167,32,563,"[364, 167, 32]",leaky_relu,model_2,Int8DynamicActivationInt8WeightConfig,int8,8.0,True,False,pytorch_quantized_p95_latency,0.008704847656190395,pytorch,p95_latency,False,2.0
145,364,167,32,563,"[364, 167, 32]",leaky_relu,model_2,Int8WeightOnlyConfig,int8,8.0,False,False,pytorch_quantized_p99_latency,0.00042363159358501436,pytorch,p99_latency,False,2.0
146,364,167,32,563,"[364, 167, 32]",leaky_relu,model_2,Float8WeightOnlyConfig,float8,8.0,False,False,pytorch_quantized_p99_latency,0.0005675889179110527,pytorch,p99_latency,False,2.0
147,364,167,32,563,"[364, 167, 32]",leaky_relu,model_2,Int8DynamicActivationInt8WeightConfig,int8,8.0,True,False,pytorch_quantized_p99_latency,0.009884839057922359,pytorch,p99_latency,False,2.0
148,364,167,32,563,"[364, 167, 32]",leaky_relu,model_2,Int8WeightOnlyConfig,int8,8.0,False,False,pytorch_relative_model_size,0.25,pytorch,model_size,True,2.0
149,364,167,32,563,"[364, 167, 32]",leaky_relu,model_2,Float8WeightOnlyConfig,float8,8.0,False,False,pytorch_relative_model_size,0.25,pytorch,model_size,True,2.0
150,364,167,32,563,"[364, 167, 32]",leaky_relu,model_2,Int8DynamicActivationInt8WeightConfig,int8,8.0,True,False,pytorch_relative_model_size,0.25,pytorch,model_size,True,2.0
151,364,167,32,563,"[364, 167, 32]",leaky_relu,model_2,Int8WeightOnlyConfig,int8,8.0,False,False,pytorch_relative_median_latency,2.662145064356797,pytorch,median_latency,True,2.0
152,364,167,32,563,"[364, 167, 32]",leaky_relu,model_2,Float8WeightOnlyConfig,float8,8.0,False,False,pytorch_relative_median_latency,3.617934742937784,pytorch,median_latency,True,2.0
153,364,167,32,563,"[364, 167, 32]",leaky_relu,model_2,Int8DynamicActivationInt8WeightConfig,int8,8.0,True,False,pytorch_relative_median_latency,55.41735808657145,pytorch,median_latency,True,2.0
154,364,167,32,563,"[364, 167, 32]",leaky_relu,model_2,Int8WeightOnlyConfig,int8,8.0,False,False,pytorch_relative_p95_latency,2.556059489195572,pytorch,p95_latency,True,2.0
155,364,167,32,563,"[364, 167, 32]",leaky_relu,model_2,Float8WeightOnlyConfig,float8,8.0,False,False,pytorch_relative_p95_latency,3.431956445572892,pytorch,p95_latency,True,2.0
156,364,167,32,563,"[364, 167, 32]",leaky_relu,model_2,Int8DynamicActivationInt8WeightConfig,int8,8.0,True,False,pytorch_relative_p95_latency,53.16192195512602,pytorch,p95_latency,True,2.0
157,364,167,32,563,"[364, 167, 32]",leaky_relu,model_2,Int8WeightOnlyConfig,int8,8.0,False,False,pytorch_relative_p99_latency,2.543458281825341,pytorch,p99_latency,True,2.0
158,364,167,32,563,"[364, 167, 32]",leaky_relu,model_2,Float8WeightOnlyConfig,float8,8.0,False,False,pytorch_relative_p99_latency,3.4077692877347716,pytorch,p99_latency,True,2.0
159,364,167,32,563,"[364, 167, 32]",leaky_relu,model_2,Int8DynamicActivationInt8WeightConfig,int8,8.0,True,False,pytorch_relative_p99_latency,59.34797155618139,pytorch,p99_latency,True,2.0
160,364,167,32,563,"[364, 167, 32]",leaky_relu,model_2,Int8WeightOnlyConfig,int8,8.0,False,False,pytorch_quantized_MAE,8.542369698984714,pytorch,MAE,False,3.0
161,364,167,32,563,"[364, 167, 32]",leaky_relu,model_2,Float8WeightOnlyConfig,float8,8.0,False,False,pytorch_quantized_MAE,8.617854688039728,pytorch,MAE,False,3.0
162,364,167,32,563,"[364, 167, 32]",leaky_relu,model_2,Int8DynamicActivationInt8WeightConfig,int8,8.0,True,False,pytorch_quantized_MAE,8.550880177337273,pytorch,MAE,False,3.0
163,364,167,32,563,"[364, 167, 32]",leaky_relu,model_2,Int8WeightOnlyConfig,int8,8.0,False,False,pytorch_relative_MAE,0.9997789460981904,pytorch,MAE,True,3.0
164,364,167,32,563,"[364, 167, 32]",leaky_relu,model_2,Float8WeightOnlyConfig,float8,8.0,False,False,pytorch_relative_MAE,1.0086135324557235,pytorch,MAE,True,3.0
165,364,167,32,563,"[364, 167, 32]",leaky_relu,model_2,Int8DynamicActivationInt8WeightConfig,int8,8.0,True,False,pytorch_relative_MAE,1.000774992555782,pytorch,MAE,True,3.0
166,364,167,32,563,"[364, 167, 32]",leaky_relu,model_2,Int8WeightOnlyConfig,int8,8.0,False,False,pytorch_quantized_model_size,96212.0,pytorch,model_size,False,3.0
167,364,167,32,563,"[364, 167, 32]",leaky_relu,model_2,Float8WeightOnlyConfig,float8,8.0,False,False,pytorch_quantized_model_size,96212.0,pytorch,model_size,False,3.0
168,364,167,32,563,"[364, 167, 32]",leaky_relu,model_2,Int8DynamicActivationInt8WeightConfig,int8,8.0,True,False,pytorch_quantized_model_size,96212.0,pytorch,model_size,False,3.0
169,364,167,32,563,"[364, 167, 32]",leaky_relu,model_2,Int8WeightOnlyConfig,int8,8.0,False,False,pytorch_quantized_median_latency,0.0004211924970149994,pytorch,median_latency,False,3.0
170,364,167,32,563,"[364, 167, 32]",leaky_relu,model_2,Float8WeightOnlyConfig,float8,8.0,False,False,pytorch_quantized_median_latency,0.0005812384188175201,pytorch,median_latency,False,3.0
171,364,167,32,563,"[364, 167, 32]",leaky_relu,model_2,Int8DynamicActivationInt8WeightConfig,int8,8.0,True,False,pytorch_quantized_median_latency,0.008540196344256401,pytorch,median_latency,False,3.0
172,364,167,32,563,"[364, 167, 32]",leaky_relu,model_2,Int8WeightOnlyConfig,int8,8.0,False,False,pytorch_quantized_p95_latency,0.0004328493028879166,pytorch,p95_latency,False,3.0
173,364,167,32,563,"[364, 167, 32]",leaky_relu,model_2,Float8WeightOnlyConfig,float8,8.0,False,False,pytorch_quantized_p95_latency,0.000588543713092804,pytorch,p95_latency,False,3.0
174,364,167,32,563,"[364, 167, 32]",leaky_relu,model_2,Int8DynamicActivationInt8WeightConfig,int8,8.0,True,False,pytorch_quantized_p95_latency,0.008613337203860283,pytorch,p95_latency,False,3.0
175,364,167,32,563,"[364, 167, 32]",leaky_relu,model_2,Int8WeightOnlyConfig,int8,8.0,False,False,pytorch_quantized_p99_latency,0.0004400042071938514,pytorch,p99_latency,False,3.0
176,364,167,32,563,"[364, 167, 32]",leaky_relu,model_2,Float8WeightOnlyConfig,float8,8.0,False,False,pytorch_quantized_p99_latency,0.0005929870903491974,pytorch,p99_latency,False,3.0
177,364,167,32,563,"[364, 167, 32]",leaky_relu,model_2,Int8DynamicActivationInt8WeightConfig,int8,8.0,True,False,pytorch_quantized_p99_latency,0.008910019509494304,pytorch,p99_latency,False,3.0
178,364,167,32,563,"[364, 167, 32]",leaky_relu,model_2,Int8WeightOnlyConfig,int8,8.0,False,False,pytorch_relative_model_size,0.25,pytorch,model_size,True,3.0
179,364,167,32,563,"[364, 167, 32]",leaky_relu,model_2,Float8WeightOnlyConfig,float8,8.0,False,False,pytorch_relative_model_size,0.25,pytorch,model_size,True,3.0
180,364,167,32,563,"[364, 167, 32]",leaky_relu,model_2,Int8DynamicActivationInt8WeightConfig,int8,8.0,True,False,pytorch_relative_model_size,0.25,pytorch,model_size,True,3.0
181,364,167,32,563,"[364, 167, 32]",leaky_relu,model_2,Int8WeightOnlyConfig,int8,8.0,False,False,pytorch_relative_median_latency,2.6743699218241814,pytorch,median_latency,True,3.0
182,364,167,32,563,"[364, 167, 32]",leaky_relu,model_2,Float8WeightOnlyConfig,float8,8.0,False,False,pytorch_relative_median_latency,3.690584603739666,pytorch,median_latency,True,3.0
183,364,167,32,563,"[364, 167, 32]",leaky_relu,model_2,Int8DynamicActivationInt8WeightConfig,int8,8.0,True,False,pytorch_relative_median_latency,54.22614218300947,pytorch,median_latency,True,3.0
184,364,167,32,563,"[364, 167, 32]",leaky_relu,model_2,Int8WeightOnlyConfig,int8,8.0,False,False,pytorch_relative_p95_latency,2.5561893908727717,pytorch,p95_latency,True,3.0
185,364,167,32,563,"[364, 167, 32]",leaky_relu,model_2,Float8WeightOnlyConfig,float8,8.0,False,False,pytorch_relative_p95_latency,3.4756419507559095,pytorch,p95_latency,True,3.0
186,364,167,32,563,"[364, 167, 32]",leaky_relu,model_2,Int8DynamicActivationInt8WeightConfig,int8,8.0,True,False,pytorch_relative_p95_latency,50.8660197293159,pytorch,p95_latency,True,3.0
187,364,167,32,563,"[364, 167, 32]",leaky_relu,model_2,Int8WeightOnlyConfig,int8,8.0,False,False,pytorch_relative_p99_latency,2.5381471846364305,pytorch,p99_latency,True,3.0
188,364,167,32,563,"[364, 167, 32]",leaky_relu,model_2,Float8WeightOnlyConfig,float8,8.0,False,False,pytorch_relative_p99_latency,3.420623006071557,pytorch,p99_latency,True,3.0
189,364,167,32,563,"[364, 167, 32]",leaky_relu,model_2,Int8DynamicActivationInt8WeightConfig,int8,8.0,True,False,pytorch_relative_p99_latency,51.39710158070202,pytorch,p99_latency,True,3.0
190,810,199,43,1052,"[810, 199, 43]",celu,model_20,,,,,,,,,,,
191,676,397,77,1150,"[676, 397, 77]",elu,model_21,,,,,,,,,,,
192,217,118,172,507,"[217, 118, 172]",celu,model_22,,,,,,,,,,,
193,311,260,32,603,"[311, 260, 32]",relu,model_23,,,,,,,,,,,
194,582,93,139,814,"[582, 93, 139]",gelu,model_24,,,,,,,,,,,
195,651,346,32,1029,"[651, 346, 32]",celu,model_25,,,,,,,,,,,
196,249,175,125,549,"[249, 175, 125]",celu,model_26,,,,,,,,,,,
197,128,314,62,504,"[128, 314, 62]",relu,model_27,,,,,,,,,,,
198,781,64,187,1032,"[781, 64, 187]",relu,model_28,,,,,,,,,,,
199,870,227,155,1252,"[870, 227, 155]",celu,model_29,,,,,,,,,,,
200,128,239,196,563,"[128, 239, 196]",relu,model_3,Int8WeightOnlyConfig,int8,8.0,False,False,pytorch_quantized_MAE,8.696550737095686,pytorch,MAE,False,1.0
201,128,239,196,563,"[128, 239, 196]",relu,model_3,Float8WeightOnlyConfig,float8,8.0,False,False,pytorch_quantized_MAE,8.686605548589496,pytorch,MAE,False,1.0
202,128,239,196,563,"[128, 239, 196]",relu,model_3,Int8DynamicActivationInt8WeightConfig,int8,8.0,True,False,pytorch_quantized_MAE,8.711397126162826,pytorch,MAE,False,1.0
203,128,239,196,563,"[128, 239, 196]",relu,model_3,Int8WeightOnlyConfig,int8,8.0,False,False,pytorch_relative_MAE,0.9953898604576538,pytorch,MAE,True,1.0
204,128,239,196,563,"[128, 239, 196]",relu,model_3,Float8WeightOnlyConfig,float8,8.0,False,False,pytorch_relative_MAE,0.9942515540073532,pytorch,MAE,True,1.0
205,128,239,196,563,"[128, 239, 196]",relu,model_3,Int8DynamicActivationInt8WeightConfig,int8,8.0,True,False,pytorch_relative_MAE,0.9970891485534277,pytorch,MAE,True,1.0
206,128,239,196,563,"[128, 239, 196]",relu,model_3,Int8WeightOnlyConfig,int8,8.0,False,False,pytorch_quantized_model_size,88564.0,pytorch,model_size,False,1.0
207,128,239,196,563,"[128, 239, 196]",relu,model_3,Float8WeightOnlyConfig,float8,8.0,False,False,pytorch_quantized_model_size,88564.0,pytorch,model_size,False,1.0
208,128,239,196,563,"[128, 239, 196]",relu,model_3,Int8DynamicActivationInt8WeightConfig,int8,8.0,True,False,pytorch_quantized_model_size,88564.0,pytorch,model_size,False,1.0
209,128,239,196,563,"[128, 239, 196]",relu,model_3,Int8WeightOnlyConfig,int8,8.0,False,False,pytorch_quantized_median_latency,0.000460086390376091,pytorch,median_latency,False,1.0
210,128,239,196,563,"[128, 239, 196]",relu,model_3,Float8WeightOnlyConfig,float8,8.0,False,False,pytorch_quantized_median_latency,0.0005010552704334259,pytorch,median_latency,False,1.0
211,128,239,196,563,"[128, 239, 196]",relu,model_3,Int8DynamicActivationInt8WeightConfig,int8,8.0,True,False,pytorch_quantized_median_latency,0.0084267258644104,pytorch,median_latency,False,1.0
212,128,239,196,563,"[128, 239, 196]",relu,model_3,Int8WeightOnlyConfig,int8,8.0,False,False,pytorch_quantized_p95_latency,0.00047132596373558047,pytorch,p95_latency,False,1.0
213,128,239,196,563,"[128, 239, 196]",relu,model_3,Float8WeightOnlyConfig,float8,8.0,False,False,pytorch_quantized_p95_latency,0.0005119189620018006,pytorch,p95_latency,False,1.0
214,128,239,196,563,"[128, 239, 196]",relu,model_3,Int8DynamicActivationInt8WeightConfig,int8,8.0,True,False,pytorch_quantized_p95_latency,0.008655139803886413,pytorch,p95_latency,False,1.0
215,128,239,196,563,"[128, 239, 196]",relu,model_3,Int8WeightOnlyConfig,int8,8.0,False,False,pytorch_quantized_p99_latency,0.0004767627269029617,pytorch,p99_latency,False,1.0
216,128,239,196,563,"[128, 239, 196]",relu,model_3,Float8WeightOnlyConfig,float8,8.0,False,False,pytorch_quantized_p99_latency,0.0005180290713906288,pytorch,p99_latency,False,1.0
217,128,239,196,563,"[128, 239, 196]",relu,model_3,Int8DynamicActivationInt8WeightConfig,int8,8.0,True,False,pytorch_quantized_p99_latency,0.010073260478675362,pytorch,p99_latency,False,1.0
218,128,239,196,563,"[128, 239, 196]",relu,model_3,Int8WeightOnlyConfig,int8,8.0,False,False,pytorch_relative_model_size,0.25,pytorch,model_size,True,1.0
219,128,239,196,563,"[128, 239, 196]",relu,model_3,Float8WeightOnlyConfig,float8,8.0,False,False,pytorch_relative_model_size,0.25,pytorch,model_size,True,1.0
220,128,239,196,563,"[128, 239, 196]",relu,model_3,Int8DynamicActivationInt8WeightConfig,int8,8.0,True,False,pytorch_relative_model_size,0.25,pytorch,model_size,True,1.0
221,128,239,196,563,"[128, 239, 196]",relu,model_3,Int8WeightOnlyConfig,int8,8.0,False,False,pytorch_relative_median_latency,2.961927716622299,pytorch,median_latency,True,1.0
222,128,239,196,563,"[128, 239, 196]",relu,model_3,Float8WeightOnlyConfig,float8,8.0,False,False,pytorch_relative_median_latency,3.2256757080845144,pytorch,median_latency,True,1.0
223,128,239,196,563,"[128, 239, 196]",relu,model_3,Int8DynamicActivationInt8WeightConfig,int8,8.0,True,False,pytorch_relative_median_latency,54.24927452814351,pytorch,median_latency,True,1.0
224,128,239,196,563,"[128, 239, 196]",relu,model_3,Int8WeightOnlyConfig,int8,8.0,False,False,pytorch_relative_p95_latency,2.840073762552373,pytorch,p95_latency,True,1.0
225,128,239,196,563,"[128, 239, 196]",relu,model_3,Float8WeightOnlyConfig,float8,8.0,False,False,pytorch_relative_p95_latency,3.084675414465407,pytorch,p95_latency,True,1.0
226,128,239,196,563,"[128, 239, 196]",relu,model_3,Int8DynamicActivationInt8WeightConfig,int8,8.0,True,False,pytorch_relative_p95_latency,52.153365949580625,pytorch,p95_latency,True,1.0
227,128,239,196,563,"[128, 239, 196]",relu,model_3,Int8WeightOnlyConfig,int8,8.0,False,False,pytorch_relative_p99_latency,2.8151495407730285,pytorch,p99_latency,True,1.0
228,128,239,196,563,"[128, 239, 196]",relu,model_3,Float8WeightOnlyConfig,float8,8.0,False,False,pytorch_relative_p99_latency,3.0588156752640385,pytorch,p99_latency,True,1.0
229,128,239,196,563,"[128, 239, 196]",relu,model_3,Int8DynamicActivationInt8WeightConfig,int8,8.0,True,False,pytorch_relative_p99_latency,59.479764273606605,pytorch,p99_latency,True,1.0
230,128,239,196,563,"[128, 239, 196]",relu,model_3,Int8WeightOnlyConfig,int8,8.0,False,False,pytorch_quantized_MAE,8.58628723919672,pytorch,MAE,False,2.0
231,128,239,196,563,"[128, 239, 196]",relu,model_3,Float8WeightOnlyConfig,float8,8.0,False,False,pytorch_quantized_MAE,8.579480283347818,pytorch,MAE,False,2.0
232,128,239,196,563,"[128, 239, 196]",relu,model_3,Int8DynamicActivationInt8WeightConfig,int8,8.0,True,False,pytorch_quantized_MAE,8.595037659495256,pytorch,MAE,False,2.0
233,128,239,196,563,"[128, 239, 196]",relu,model_3,Int8WeightOnlyConfig,int8,8.0,False,False,pytorch_relative_MAE,0.9955195188112831,pytorch,MAE,True,2.0
234,128,239,196,563,"[128, 239, 196]",relu,model_3,Float8WeightOnlyConfig,float8,8.0,False,False,pytorch_relative_MAE,0.9947303002325786,pytorch,MAE,True,2.0
235,128,239,196,563,"[128, 239, 196]",relu,model_3,Int8DynamicActivationInt8WeightConfig,int8,8.0,True,False,pytorch_relative_MAE,0.9965340684020805,pytorch,MAE,True,2.0
236,128,239,196,563,"[128, 239, 196]",relu,model_3,Int8WeightOnlyConfig,int8,8.0,False,False,pytorch_quantized_model_size,88564.0,pytorch,model_size,False,2.0
237,128,239,196,563,"[128, 239, 196]",relu,model_3,Float8WeightOnlyConfig,float8,8.0,False,False,pytorch_quantized_model_size,88564.0,pytorch,model_size,False,2.0
238,128,239,196,563,"[128, 239, 196]",relu,model_3,Int8DynamicActivationInt8WeightConfig,int8,8.0,True,False,pytorch_quantized_model_size,88564.0,pytorch,model_size,False,2.0
239,128,239,196,563,"[128, 239, 196]",relu,model_3,Int8WeightOnlyConfig,int8,8.0,False,False,pytorch_quantized_median_latency,0.000415898859500885,pytorch,median_latency,False,2.0
240,128,239,196,563,"[128, 239, 196]",relu,model_3,Float8WeightOnlyConfig,float8,8.0,False,False,pytorch_quantized_median_latency,0.0005021095275878906,pytorch,median_latency,False,2.0
241,128,239,196,563,"[128, 239, 196]",relu,model_3,Int8DynamicActivationInt8WeightConfig,int8,8.0,True,False,pytorch_quantized_median_latency,0.008526599034667015,pytorch,median_latency,False,2.0
242,128,239,196,563,"[128, 239, 196]",relu,model_3,Int8WeightOnlyConfig,int8,8.0,False,False,pytorch_quantized_p95_latency,0.0004286382347345352,pytorch,p95_latency,False,2.0
243,128,239,196,563,"[128, 239, 196]",relu,model_3,Float8WeightOnlyConfig,float8,8.0,False,False,pytorch_quantized_p95_latency,0.0005111489444971085,pytorch,p95_latency,False,2.0
244,128,239,196,563,"[128, 239, 196]",relu,model_3,Int8DynamicActivationInt8WeightConfig,int8,8.0,True,False,pytorch_quantized_p95_latency,0.008637567609548568,pytorch,p95_latency,False,2.0
245,128,239,196,563,"[128, 239, 196]",relu,model_3,Int8WeightOnlyConfig,int8,8.0,False,False,pytorch_quantized_p99_latency,0.0004318901151418686,pytorch,p99_latency,False,2.0
246,128,239,196,563,"[128, 239, 196]",relu,model_3,Float8WeightOnlyConfig,float8,8.0,False,False,pytorch_quantized_p99_latency,0.0005153863131999969,pytorch,p99_latency,False,2.0
247,128,239,196,563,"[128, 239, 196]",relu,model_3,Int8DynamicActivationInt8WeightConfig,int8,8.0,True,False,pytorch_quantized_p99_latency,0.009488293640315532,pytorch,p99_latency,False,2.0
248,128,239,196,563,"[128, 239, 196]",relu,model_3,Int8WeightOnlyConfig,int8,8.0,False,False,pytorch_relative_model_size,0.25,pytorch,model_size,True,2.0
249,128,239,196,563,"[128, 239, 196]",relu,model_3,Float8WeightOnlyConfig,float8,8.0,False,False,pytorch_relative_model_size,0.25,pytorch,model_size,True,2.0
250,128,239,196,563,"[128, 239, 196]",relu,model_3,Int8DynamicActivationInt8WeightConfig,int8,8.0,True,False,pytorch_relative_model_size,0.25,pytorch,model_size,True,2.0
251,128,239,196,563,"[128, 239, 196]",relu,model_3,Int8WeightOnlyConfig,int8,8.0,False,False,pytorch_relative_median_latency,2.6567196144922365,pytorch,median_latency,True,2.0
252,128,239,196,563,"[128, 239, 196]",relu,model_3,Float8WeightOnlyConfig,float8,8.0,False,False,pytorch_relative_median_latency,3.2074245939675174,pytorch,median_latency,True,2.0
253,128,239,196,563,"[128, 239, 196]",relu,model_3,Int8DynamicActivationInt8WeightConfig,int8,8.0,True,False,pytorch_relative_median_latency,54.46704741507526,pytorch,median_latency,True,2.0
254,128,239,196,563,"[128, 239, 196]",relu,model_3,Int8WeightOnlyConfig,int8,8.0,False,False,pytorch_relative_p95_latency,2.5481892090011358,pytorch,p95_latency,True,2.0
255,128,239,196,563,"[128, 239, 196]",relu,model_3,Float8WeightOnlyConfig,float8,8.0,False,False,pytorch_relative_p95_latency,3.0387028477907974,pytorch,p95_latency,True,2.0
256,128,239,196,563,"[128, 239, 196]",relu,model_3,Int8DynamicActivationInt8WeightConfig,int8,8.0,True,False,pytorch_relative_p95_latency,51.34902766735394,pytorch,p95_latency,True,2.0
257,128,239,196,563,"[128, 239, 196]",relu,model_3,Int8WeightOnlyConfig,int8,8.0,False,False,pytorch_relative_p99_latency,2.497646256642154,pytorch,p99_latency,True,2.0
258,128,239,196,563,"[128, 239, 196]",relu,model_3,Float8WeightOnlyConfig,float8,8.0,False,False,pytorch_relative_p99_latency,2.980509742543499,pytorch,p99_latency,True,2.0
259,128,239,196,563,"[128, 239, 196]",relu,model_3,Int8DynamicActivationInt8WeightConfig,int8,8.0,True,False,pytorch_relative_p99_latency,54.871367187626234,pytorch,p99_latency,True,2.0
260,128,239,196,563,"[128, 239, 196]",relu,model_3,Int8WeightOnlyConfig,int8,8.0,False,False,pytorch_quantized_MAE,8.70716525604449,pytorch,MAE,False,3.0
261,128,239,196,563,"[128, 239, 196]",relu,model_3,Float8WeightOnlyConfig,float8,8.0,False,False,pytorch_quantized_MAE,8.704671506262677,pytorch,MAE,False,3.0
262,128,239,196,563,"[128, 239, 196]",relu,model_3,Int8DynamicActivationInt8WeightConfig,int8,8.0,True,False,pytorch_quantized_MAE,8.723779450467703,pytorch,MAE,False,3.0
263,128,239,196,563,"[128, 239, 196]",relu,model_3,Int8WeightOnlyConfig,int8,8.0,False,False,pytorch_relative_MAE,0.9954637629180976,pytorch,MAE,True,3.0
264,128,239,196,563,"[128, 239, 196]",relu,model_3,Float8WeightOnlyConfig,float8,8.0,False,False,pytorch_relative_MAE,0.9951786600782432,pytorch,MAE,True,3.0
265,128,239,196,563,"[128, 239, 196]",relu,model_3,Int8DynamicActivationInt8WeightConfig,int8,8.0,True,False,pytorch_relative_MAE,0.9973632133146434,pytorch,MAE,True,3.0
266,128,239,196,563,"[128, 239, 196]",relu,model_3,Int8WeightOnlyConfig,int8,8.0,False,False,pytorch_quantized_model_size,88564.0,pytorch,model_size,False,3.0
267,128,239,196,563,"[128, 239, 196]",relu,model_3,Float8WeightOnlyConfig,float8,8.0,False,False,pytorch_quantized_model_size,88564.0,pytorch,model_size,False,3.0
268,128,239,196,563,"[128, 239, 196]",relu,model_3,Int8DynamicActivationInt8WeightConfig,int8,8.0,True,False,pytorch_quantized_model_size,88564.0,pytorch,model_size,False,3.0
269,128,239,196,563,"[128, 239, 196]",relu,model_3,Int8WeightOnlyConfig,int8,8.0,False,False,pytorch_quantized_median_latency,0.0004903785884380341,pytorch,median_latency,False,3.0
270,128,239,196,563,"[128, 239, 196]",relu,model_3,Float8WeightOnlyConfig,float8,8.0,False,False,pytorch_quantized_median_latency,0.0005894731730222702,pytorch,median_latency,False,3.0
271,128,239,196,563,"[128, 239, 196]",relu,model_3,Int8DynamicActivationInt8WeightConfig,int8,8.0,True,False,pytorch_quantized_median_latency,0.008656667545437813,pytorch,median_latency,False,3.0
272,128,239,196,563,"[128, 239, 196]",relu,model_3,Int8WeightOnlyConfig,int8,8.0,False,False,pytorch_quantized_p95_latency,0.0004988897591829299,pytorch,p95_latency,False,3.0
273,128,239,196,563,"[128, 239, 196]",relu,model_3,Float8WeightOnlyConfig,float8,8.0,False,False,pytorch_quantized_p95_latency,0.0005961408838629723,pytorch,p95_latency,False,3.0
274,128,239,196,563,"[128, 239, 196]",relu,model_3,Int8DynamicActivationInt8WeightConfig,int8,8.0,True,False,pytorch_quantized_p95_latency,0.008866931498050689,pytorch,p95_latency,False,3.0
275,128,239,196,563,"[128, 239, 196]",relu,model_3,Int8WeightOnlyConfig,int8,8.0,False,False,pytorch_quantized_p99_latency,0.0005044592544436455,pytorch,p99_latency,False,3.0
276,128,239,196,563,"[128, 239, 196]",relu,model_3,Float8WeightOnlyConfig,float8,8.0,False,False,pytorch_quantized_p99_latency,0.0005982206761837006,pytorch,p99_latency,False,3.0
277,128,239,196,563,"[128, 239, 196]",relu,model_3,Int8DynamicActivationInt8WeightConfig,int8,8.0,True,False,pytorch_quantized_p99_latency,0.010436888746917243,pytorch,p99_latency,False,3.0
278,128,239,196,563,"[128, 239, 196]",relu,model_3,Int8WeightOnlyConfig,int8,8.0,False,False,pytorch_relative_model_size,0.25,pytorch,model_size,True,3.0
279,128,239,196,563,"[128, 239, 196]",relu,model_3,Float8WeightOnlyConfig,float8,8.0,False,False,pytorch_relative_model_size,0.25,pytorch,model_size,True,3.0
280,128,239,196,563,"[128, 239, 196]",relu,model_3,Int8DynamicActivationInt8WeightConfig,int8,8.0,True,False,pytorch_relative_model_size,0.25,pytorch,model_size,True,3.0
281,128,239,196,563,"[128, 239, 196]",relu,model_3,Int8WeightOnlyConfig,int8,8.0,False,False,pytorch_relative_median_latency,3.1056611341142606,pytorch,median_latency,True,3.0
282,128,239,196,563,"[128, 239, 196]",relu,model_3,Float8WeightOnlyConfig,float8,8.0,False,False,pytorch_relative_median_latency,3.7332460393294875,pytorch,median_latency,True,3.0
283,128,239,196,563,"[128, 239, 196]",relu,model_3,Int8DynamicActivationInt8WeightConfig,int8,8.0,True,False,pytorch_relative_median_latency,54.82432671550412,pytorch,median_latency,True,3.0
284,128,239,196,563,"[128, 239, 196]",relu,model_3,Int8WeightOnlyConfig,int8,8.0,False,False,pytorch_relative_p95_latency,2.9486917242905406,pytorch,p95_latency,True,3.0
285,128,239,196,563,"[128, 239, 196]",relu,model_3,Float8WeightOnlyConfig,float8,8.0,False,False,pytorch_relative_p95_latency,3.523495237979904,pytorch,p95_latency,True,3.0
286,128,239,196,563,"[128, 239, 196]",relu,model_3,Int8DynamicActivationInt8WeightConfig,int8,8.0,True,False,pytorch_relative_p95_latency,52.408066204794935,pytorch,p95_latency,True,3.0
287,128,239,196,563,"[128, 239, 196]",relu,model_3,Int8WeightOnlyConfig,int8,8.0,False,False,pytorch_relative_p99_latency,2.9404819215888858,pytorch,p99_latency,True,3.0
288,128,239,196,563,"[128, 239, 196]",relu,model_3,Float8WeightOnlyConfig,float8,8.0,False,False,pytorch_relative_p99_latency,3.4870151909074747,pytorch,p99_latency,True,3.0
289,128,239,196,563,"[128, 239, 196]",relu,model_3,Int8DynamicActivationInt8WeightConfig,int8,8.0,True,False,pytorch_relative_p99_latency,60.836395422641694,pytorch,p99_latency,True,3.0
290,128,64,32,224,"[128, 64, 32]",relu,model_30,,,,,,,,,,,
291,338,433,206,977,"[338, 433, 206]",relu,model_31,,,,,,,,,,,
292,554,151,105,810,"[554, 151, 105]",gelu,model_32,,,,,,,,,,,
293,539,248,53,840,"[539, 248, 53]",relu,model_33,,,,,,,,,,,
294,353,78,154,585,"[353, 78, 154]",elu,model_34,,,,,,,,,,,
295,128,441,89,658,"[128, 441, 89]",celu,model_35,,,,,,,,,,,
296,885,158,215,1258,"[885, 158, 215]",celu,model_36,,,,,,,,,,,
297,769,352,126,1247,"[769, 352, 126]",celu,model_37,,,,,,,,,,,
298,131,183,32,346,"[131, 183, 32]",leaky_relu,model_38,,,,,,,,,,,
299,236,336,177,749,"[236, 336, 177]",relu,model_39,,,,,,,,,,,
300,841,72,67,980,"[841, 72, 67]",elu,model_4,Int8WeightOnlyConfig,int8,8.0,False,False,pytorch_quantized_MAE,9.750528200998243,pytorch,MAE,False,1.0
301,841,72,67,980,"[841, 72, 67]",elu,model_4,Float8WeightOnlyConfig,float8,8.0,False,False,pytorch_quantized_MAE,9.80196335398691,pytorch,MAE,False,1.0
302,841,72,67,980,"[841, 72, 67]",elu,model_4,Int8DynamicActivationInt8WeightConfig,int8,8.0,True,False,pytorch_quantized_MAE,9.76286608748916,pytorch,MAE,False,1.0
303,841,72,67,980,"[841, 72, 67]",elu,model_4,Int8WeightOnlyConfig,int8,8.0,False,False,pytorch_relative_MAE,1.000738811911609,pytorch,MAE,True,1.0
304,841,72,67,980,"[841, 72, 67]",elu,model_4,Float8WeightOnlyConfig,float8,8.0,False,False,pytorch_relative_MAE,1.0060178237591006,pytorch,MAE,True,1.0
305,841,72,67,980,"[841, 72, 67]",elu,model_4,Int8DynamicActivationInt8WeightConfig,int8,8.0,True,False,pytorch_relative_MAE,1.0020051024769916,pytorch,MAE,True,1.0
306,841,72,67,980,"[841, 72, 67]",elu,model_4,Int8WeightOnlyConfig,int8,8.0,False,False,pytorch_quantized_model_size,134545.0,pytorch,model_size,False,1.0
307,841,72,67,980,"[841, 72, 67]",elu,model_4,Float8WeightOnlyConfig,float8,8.0,False,False,pytorch_quantized_model_size,134545.0,pytorch,model_size,False,1.0
308,841,72,67,980,"[841, 72, 67]",elu,model_4,Int8DynamicActivationInt8WeightConfig,int8,8.0,True,False,pytorch_quantized_model_size,134545.0,pytorch,model_size,False,1.0
309,841,72,67,980,"[841, 72, 67]",elu,model_4,Int8WeightOnlyConfig,int8,8.0,False,False,pytorch_quantized_median_latency,0.0004236306995153427,pytorch,median_latency,False,1.0
310,841,72,67,980,"[841, 72, 67]",elu,model_4,Float8WeightOnlyConfig,float8,8.0,False,False,pytorch_quantized_median_latency,0.0005149003118276596,pytorch,median_latency,False,1.0
311,841,72,67,980,"[841, 72, 67]",elu,model_4,Int8DynamicActivationInt8WeightConfig,int8,8.0,True,False,pytorch_quantized_median_latency,0.009821124374866486,pytorch,median_latency,False,1.0
312,841,72,67,980,"[841, 72, 67]",elu,model_4,Int8WeightOnlyConfig,int8,8.0,False,False,pytorch_quantized_p95_latency,0.000435241125524044,pytorch,p95_latency,False,1.0
313,841,72,67,980,"[841, 72, 67]",elu,model_4,Float8WeightOnlyConfig,float8,8.0,False,False,pytorch_quantized_p95_latency,0.0005231792107224465,pytorch,p95_latency,False,1.0
314,841,72,67,980,"[841, 72, 67]",elu,model_4,Int8DynamicActivationInt8WeightConfig,int8,8.0,True,False,pytorch_quantized_p95_latency,0.009915858879685402,pytorch,p95_latency,False,1.0
315,841,72,67,980,"[841, 72, 67]",elu,model_4,Int8WeightOnlyConfig,int8,8.0,False,False,pytorch_quantized_p99_latency,0.00043955344706773756,pytorch,p99_latency,False,1.0
316,841,72,67,980,"[841, 72, 67]",elu,model_4,Float8WeightOnlyConfig,float8,8.0,False,False,pytorch_quantized_p99_latency,0.0005307817086577416,pytorch,p99_latency,False,1.0
317,841,72,67,980,"[841, 72, 67]",elu,model_4,Int8DynamicActivationInt8WeightConfig,int8,8.0,True,False,pytorch_quantized_p99_latency,0.010653183832764625,pytorch,p99_latency,False,1.0
318,841,72,67,980,"[841, 72, 67]",elu,model_4,Int8WeightOnlyConfig,int8,8.0,False,False,pytorch_relative_model_size,0.25,pytorch,model_size,True,1.0
319,841,72,67,980,"[841, 72, 67]",elu,model_4,Float8WeightOnlyConfig,float8,8.0,False,False,pytorch_relative_model_size,0.25,pytorch,model_size,True,1.0
320,841,72,67,980,"[841, 72, 67]",elu,model_4,Int8DynamicActivationInt8WeightConfig,int8,8.0,True,False,pytorch_relative_model_size,0.25,pytorch,model_size,True,1.0
321,841,72,67,980,"[841, 72, 67]",elu,model_4,Int8WeightOnlyConfig,int8,8.0,False,False,pytorch_relative_median_latency,2.634544991196367,pytorch,median_latency,True,1.0
322,841,72,67,980,"[841, 72, 67]",elu,model_4,Float8WeightOnlyConfig,float8,8.0,False,False,pytorch_relative_median_latency,3.2021476230191825,pytorch,median_latency,True,1.0
323,841,72,67,980,"[841, 72, 67]",elu,model_4,Int8DynamicActivationInt8WeightConfig,int8,8.0,True,False,pytorch_relative_median_latency,61.07724029283662,pytorch,median_latency,True,1.0
324,841,72,67,980,"[841, 72, 67]",elu,model_4,Int8WeightOnlyConfig,int8,8.0,False,False,pytorch_relative_p95_latency,2.5189111049785695,pytorch,p95_latency,True,1.0
325,841,72,67,980,"[841, 72, 67]",elu,model_4,Float8WeightOnlyConfig,float8,8.0,False,False,pytorch_relative_p95_latency,3.0278432953594865,pytorch,p95_latency,True,1.0
326,841,72,67,980,"[841, 72, 67]",elu,model_4,Int8DynamicActivationInt8WeightConfig,int8,8.0,True,False,pytorch_relative_p95_latency,57.386964564450615,pytorch,p95_latency,True,1.0
327,841,72,67,980,"[841, 72, 67]",elu,model_4,Int8WeightOnlyConfig,int8,8.0,False,False,pytorch_relative_p99_latency,2.4786746564011533,pytorch,p99_latency,True,1.0
328,841,72,67,980,"[841, 72, 67]",elu,model_4,Float8WeightOnlyConfig,float8,8.0,False,False,pytorch_relative_p99_latency,2.9931176245069877,pytorch,p99_latency,True,1.0
329,841,72,67,980,"[841, 72, 67]",elu,model_4,Int8DynamicActivationInt8WeightConfig,int8,8.0,True,False,pytorch_relative_p99_latency,60.07409781997888,pytorch,p99_latency,True,1.0
330,841,72,67,980,"[841, 72, 67]",elu,model_4,Int8WeightOnlyConfig,int8,8.0,False,False,pytorch_quantized_MAE,9.748481104537662,pytorch,MAE,False,2.0
331,841,72,67,980,"[841, 72, 67]",elu,model_4,Float8WeightOnlyConfig,float8,8.0,False,False,pytorch_quantized_MAE,9.794502294186927,pytorch,MAE,False,2.0
332,841,72,67,980,"[841, 72, 67]",elu,model_4,Int8DynamicActivationInt8WeightConfig,int8,8.0,True,False,pytorch_quantized_MAE,9.752304471896037,pytorch,MAE,False,2.0
333,841,72,67,980,"[841, 72, 67]",elu,model_4,Int8WeightOnlyConfig,int8,8.0,False,False,pytorch_relative_MAE,1.0008148522170661,pytorch,MAE,True,2.0
334,841,72,67,980,"[841, 72, 67]",elu,model_4,Float8WeightOnlyConfig,float8,8.0,False,False,pytorch_relative_MAE,1.0055395564683,pytorch,MAE,True,2.0
335,841,72,67,980,"[841, 72, 67]",elu,model_4,Int8DynamicActivationInt8WeightConfig,int8,8.0,True,False,pytorch_relative_MAE,1.0012073731438351,pytorch,MAE,True,2.0
336,841,72,67,980,"[841, 72, 67]",elu,model_4,Int8WeightOnlyConfig,int8,8.0,False,False,pytorch_quantized_model_size,134545.0,pytorch,model_size,False,2.0
337,841,72,67,980,"[841, 72, 67]",elu,model_4,Float8WeightOnlyConfig,float8,8.0,False,False,pytorch_quantized_model_size,134545.0,pytorch,model_size,False,2.0
338,841,72,67,980,"[841, 72, 67]",elu,model_4,Int8DynamicActivationInt8WeightConfig,int8,8.0,True,False,pytorch_quantized_model_size,134545.0,pytorch,model_size,False,2.0
339,841,72,67,980,"[841, 72, 67]",elu,model_4,Int8WeightOnlyConfig,int8,8.0,False,False,pytorch_quantized_median_latency,0.0004242025315761566,pytorch,median_latency,False,2.0
340,841,72,67,980,"[841, 72, 67]",elu,model_4,Float8WeightOnlyConfig,float8,8.0,False,False,pytorch_quantized_median_latency,0.0005102269351482391,pytorch,median_latency,False,2.0
341,841,72,67,980,"[841, 72, 67]",elu,model_4,Int8DynamicActivationInt8WeightConfig,int8,8.0,True,False,pytorch_quantized_median_latency,0.009559039026498795,pytorch,median_latency,False,2.0
342,841,72,67,980,"[841, 72, 67]",elu,model_4,Int8WeightOnlyConfig,int8,8.0,False,False,pytorch_quantized_p95_latency,0.00047819968312978745,pytorch,p95_latency,False,2.0
343,841,72,67,980,"[841, 72, 67]",elu,model_4,Float8WeightOnlyConfig,float8,8.0,False,False,pytorch_quantized_p95_latency,0.0005682731047272682,pytorch,p95_latency,False,2.0
344,841,72,67,980,"[841, 72, 67]",elu,model_4,Int8DynamicActivationInt8WeightConfig,int8,8.0,True,False,pytorch_quantized_p95_latency,0.009718753397464752,pytorch,p95_latency,False,2.0
345,841,72,67,980,"[841, 72, 67]",elu,model_4,Int8WeightOnlyConfig,int8,8.0,False,False,pytorch_quantized_p99_latency,0.0004844682291150093,pytorch,p99_latency,False,2.0
346,841,72,67,980,"[841, 72, 67]",elu,model_4,Float8WeightOnlyConfig,float8,8.0,False,False,pytorch_quantized_p99_latency,0.0005730590969324112,pytorch,p99_latency,False,2.0
347,841,72,67,980,"[841, 72, 67]",elu,model_4,Int8DynamicActivationInt8WeightConfig,int8,8.0,True,False,pytorch_quantized_p99_latency,0.010279026292264461,pytorch,p99_latency,False,2.0
348,841,72,67,980,"[841, 72, 67]",elu,model_4,Int8WeightOnlyConfig,int8,8.0,False,False,pytorch_relative_model_size,0.25,pytorch,model_size,True,2.0
349,841,72,67,980,"[841, 72, 67]",elu,model_4,Float8WeightOnlyConfig,float8,8.0,False,False,pytorch_relative_model_size,0.25,pytorch,model_size,True,2.0
350,841,72,67,980,"[841, 72, 67]",elu,model_4,Int8DynamicActivationInt8WeightConfig,int8,8.0,True,False,pytorch_relative_model_size,0.25,pytorch,model_size,True,2.0
351,841,72,67,980,"[841, 72, 67]",elu,model_4,Int8WeightOnlyConfig,int8,8.0,False,False,pytorch_relative_median_latency,2.6970866887730933,pytorch,median_latency,True,2.0
352,841,72,67,980,"[841, 72, 67]",elu,model_4,Float8WeightOnlyConfig,float8,8.0,False,False,pytorch_relative_median_latency,3.244031264803411,pytorch,median_latency,True,2.0
353,841,72,67,980,"[841, 72, 67]",elu,model_4,Int8DynamicActivationInt8WeightConfig,int8,8.0,True,False,pytorch_relative_median_latency,60.77652771198484,pytorch,median_latency,True,2.0
354,841,72,67,980,"[841, 72, 67]",elu,model_4,Int8WeightOnlyConfig,int8,8.0,False,False,pytorch_relative_p95_latency,2.8174975087905674,pytorch,p95_latency,True,2.0
355,841,72,67,980,"[841, 72, 67]",elu,model_4,Float8WeightOnlyConfig,float8,8.0,False,False,pytorch_relative_p95_latency,3.348199744513852,pytorch,p95_latency,True,2.0
356,841,72,67,980,"[841, 72, 67]",elu,model_4,Int8DynamicActivationInt8WeightConfig,int8,8.0,True,False,pytorch_relative_p95_latency,57.26177672617768,pytorch,p95_latency,True,2.0
357,841,72,67,980,"[841, 72, 67]",elu,model_4,Int8WeightOnlyConfig,int8,8.0,False,False,pytorch_relative_p99_latency,2.8191748227887428,pytorch,p99_latency,True,2.0
358,841,72,67,980,"[841, 72, 67]",elu,model_4,Float8WeightOnlyConfig,float8,8.0,False,False,pytorch_relative_p99_latency,3.3346949932982834,pytorch,p99_latency,True,2.0
359,841,72,67,980,"[841, 72, 67]",elu,model_4,Int8DynamicActivationInt8WeightConfig,int8,8.0,True,False,pytorch_relative_p99_latency,59.814803911643565,pytorch,p99_latency,True,2.0
360,841,72,67,980,"[841, 72, 67]",elu,model_4,Int8WeightOnlyConfig,int8,8.0,False,False,pytorch_quantized_MAE,9.639569717651252,pytorch,MAE,False,3.0
361,841,72,67,980,"[841, 72, 67]",elu,model_4,Float8WeightOnlyConfig,float8,8.0,False,False,pytorch_quantized_MAE,9.68781449182462,pytorch,MAE,False,3.0
362,841,72,67,980,"[841, 72, 67]",elu,model_4,Int8DynamicActivationInt8WeightConfig,int8,8.0,True,False,pytorch_quantized_MAE,9.640977674683421,pytorch,MAE,False,3.0
363,841,72,67,980,"[841, 72, 67]",elu,model_4,Int8WeightOnlyConfig,int8,8.0,False,False,pytorch_relative_MAE,1.000756521229946,pytorch,MAE,True,3.0
364,841,72,67,980,"[841, 72, 67]",elu,model_4,Float8WeightOnlyConfig,float8,8.0,False,False,pytorch_relative_MAE,1.0057651755354236,pytorch,MAE,True,3.0
365,841,72,67,980,"[841, 72, 67]",elu,model_4,Int8DynamicActivationInt8WeightConfig,int8,8.0,True,False,pytorch_relative_MAE,1.000902691881005,pytorch,MAE,True,3.0
366,841,72,67,980,"[841, 72, 67]",elu,model_4,Int8WeightOnlyConfig,int8,8.0,False,False,pytorch_quantized_model_size,134545.0,pytorch,model_size,False,3.0
367,841,72,67,980,"[841, 72, 67]",elu,model_4,Float8WeightOnlyConfig,float8,8.0,False,False,pytorch_quantized_model_size,134545.0,pytorch,model_size,False,3.0
368,841,72,67,980,"[841, 72, 67]",elu,model_4,Int8DynamicActivationInt8WeightConfig,int8,8.0,True,False,pytorch_quantized_model_size,134545.0,pytorch,model_size,False,3.0
369,841,72,67,980,"[841, 72, 67]",elu,model_4,Int8WeightOnlyConfig,int8,8.0,False,False,pytorch_quantized_median_latency,0.00042594410479068756,pytorch,median_latency,False,3.0
370,841,72,67,980,"[841, 72, 67]",elu,model_4,Float8WeightOnlyConfig,float8,8.0,False,False,pytorch_quantized_median_latency,0.0005256403237581253,pytorch,median_latency,False,3.0
371,841,72,67,980,"[841, 72, 67]",elu,model_4,Int8DynamicActivationInt8WeightConfig,int8,8.0,True,False,pytorch_quantized_median_latency,0.009737284854054451,pytorch,median_latency,False,3.0
372,841,72,67,980,"[841, 72, 67]",elu,model_4,Int8WeightOnlyConfig,int8,8.0,False,False,pytorch_quantized_p95_latency,0.0004382885992527008,pytorch,p95_latency,False,3.0
373,841,72,67,980,"[841, 72, 67]",elu,model_4,Float8WeightOnlyConfig,float8,8.0,False,False,pytorch_quantized_p95_latency,0.0005344651639461517,pytorch,p95_latency,False,3.0
374,841,72,67,980,"[841, 72, 67]",elu,model_4,Int8DynamicActivationInt8WeightConfig,int8,8.0,True,False,pytorch_quantized_p95_latency,0.010025796480476856,pytorch,p95_latency,False,3.0
375,841,72,67,980,"[841, 72, 67]",elu,model_4,Int8WeightOnlyConfig,int8,8.0,False,False,pytorch_quantized_p99_latency,0.0004483804479241371,pytorch,p99_latency,False,3.0
376,841,72,67,980,"[841, 72, 67]",elu,model_4,Float8WeightOnlyConfig,float8,8.0,False,False,pytorch_quantized_p99_latency,0.0005432081595063209,pytorch,p99_latency,False,3.0
377,841,72,67,980,"[841, 72, 67]",elu,model_4,Int8DynamicActivationInt8WeightConfig,int8,8.0,True,False,pytorch_quantized_p99_latency,0.012359747923910615,pytorch,p99_latency,False,3.0
378,841,72,67,980,"[841, 72, 67]",elu,model_4,Int8WeightOnlyConfig,int8,8.0,False,False,pytorch_relative_model_size,0.25,pytorch,model_size,True,3.0
379,841,72,67,980,"[841, 72, 67]",elu,model_4,Float8WeightOnlyConfig,float8,8.0,False,False,pytorch_relative_model_size,0.25,pytorch,model_size,True,3.0
380,841,72,67,980,"[841, 72, 67]",elu,model_4,Int8DynamicActivationInt8WeightConfig,int8,8.0,True,False,pytorch_relative_model_size,0.25,pytorch,model_size,True,3.0
381,841,72,67,980,"[841, 72, 67]",elu,model_4,Int8WeightOnlyConfig,int8,8.0,False,False,pytorch_relative_median_latency,2.61297362767951,pytorch,median_latency,True,3.0
382,841,72,67,980,"[841, 72, 67]",elu,model_4,Float8WeightOnlyConfig,float8,8.0,False,False,pytorch_relative_median_latency,3.2245646510352395,pytorch,median_latency,True,3.0
383,841,72,67,980,"[841, 72, 67]",elu,model_4,Int8DynamicActivationInt8WeightConfig,int8,8.0,True,False,pytorch_relative_median_latency,59.73382010146716,pytorch,median_latency,True,3.0
384,841,72,67,980,"[841, 72, 67]",elu,model_4,Int8WeightOnlyConfig,int8,8.0,False,False,pytorch_relative_p95_latency,2.485674626733232,pytorch,p95_latency,True,3.0
385,841,72,67,980,"[841, 72, 67]",elu,model_4,Float8WeightOnlyConfig,float8,8.0,False,False,pytorch_relative_p95_latency,3.0311226419279937,pytorch,p95_latency,True,3.0
386,841,72,67,980,"[841, 72, 67]",elu,model_4,Int8DynamicActivationInt8WeightConfig,int8,8.0,True,False,pytorch_relative_p95_latency,56.859493874136156,pytorch,p95_latency,True,3.0
387,841,72,67,980,"[841, 72, 67]",elu,model_4,Int8WeightOnlyConfig,int8,8.0,False,False,pytorch_relative_p99_latency,2.5152506960441205,pytorch,p99_latency,True,3.0
388,841,72,67,980,"[841, 72, 67]",elu,model_4,Float8WeightOnlyConfig,float8,8.0,False,False,pytorch_relative_p99_latency,3.047199554799251,pytorch,p99_latency,True,3.0
389,841,72,67,980,"[841, 72, 67]",elu,model_4,Int8DynamicActivationInt8WeightConfig,int8,8.0,True,False,pytorch_relative_p99_latency,69.3336757043561,pytorch,p99_latency,True,3.0
390,664,64,78,806,"[664, 64, 78]",celu,model_40,,,,,,,,,,,
391,569,418,192,1179,"[569, 418, 192]",celu,model_41,,,,,,,,,,,
392,324,139,64,527,"[324, 139, 64]",leaky_relu,model_42,,,,,,,,,,,
393,204,267,112,583,"[204, 267, 112]",leaky_relu,model_43,,,,,,,,,,,
394,688,100,32,820,"[688, 100, 32]",gelu,model_44,,,,,,,,,,,
395,795,298,104,1197,"[795, 298, 104]",celu,model_45,,,,,,,,,,,
396,128,64,201,393,"[128, 64, 201]",gelu,model_46,,,,,,,,,,,
397,431,387,39,857,"[431, 387, 39]",gelu,model_47,,,,,,,,,,,
398,468,219,167,854,"[468, 219, 167]",relu,model_48,,,,,,,,,,,
399,495,375,58,928,"[495, 375, 58]",leaky_relu,model_49,,,,,,,,,,,
400,755,326,36,1117,"[755, 326, 36]",celu,model_5,Int8WeightOnlyConfig,int8,8.0,False,False,pytorch_quantized_MAE,9.080686309039312,pytorch,MAE,False,1.0
401,755,326,36,1117,"[755, 326, 36]",celu,model_5,Float8WeightOnlyConfig,float8,8.0,False,False,pytorch_quantized_MAE,9.07156089287486,pytorch,MAE,False,1.0
402,755,326,36,1117,"[755, 326, 36]",celu,model_5,Int8DynamicActivationInt8WeightConfig,int8,8.0,True,False,pytorch_quantized_MAE,9.084342375187411,pytorch,MAE,False,1.0
403,755,326,36,1117,"[755, 326, 36]",celu,model_5,Int8WeightOnlyConfig,int8,8.0,False,False,pytorch_relative_MAE,1.0006764371192336,pytorch,MAE,True,1.0
404,755,326,36,1117,"[755, 326, 36]",celu,model_5,Float8WeightOnlyConfig,float8,8.0,False,False,pytorch_relative_MAE,0.9996708315268916,pytorch,MAE,True,1.0
405,755,326,36,1117,"[755, 326, 36]",celu,model_5,Int8DynamicActivationInt8WeightConfig,int8,8.0,True,False,pytorch_relative_MAE,1.0010793294912905,pytorch,MAE,True,1.0
406,755,326,36,1117,"[755, 326, 36]",celu,model_5,Int8WeightOnlyConfig,int8,8.0,False,False,pytorch_quantized_model_size,320175.0,pytorch,model_size,False,1.0
407,755,326,36,1117,"[755, 326, 36]",celu,model_5,Float8WeightOnlyConfig,float8,8.0,False,False,pytorch_quantized_model_size,320175.0,pytorch,model_size,False,1.0
408,755,326,36,1117,"[755, 326, 36]",celu,model_5,Int8DynamicActivationInt8WeightConfig,int8,8.0,True,False,pytorch_quantized_model_size,320175.0,pytorch,model_size,False,1.0
409,755,326,36,1117,"[755, 326, 36]",celu,model_5,Int8WeightOnlyConfig,int8,8.0,False,False,pytorch_quantized_median_latency,0.0004810560494661331,pytorch,median_latency,False,1.0
410,755,326,36,1117,"[755, 326, 36]",celu,model_5,Float8WeightOnlyConfig,float8,8.0,False,False,pytorch_quantized_median_latency,0.000517621636390686,pytorch,median_latency,False,1.0
411,755,326,36,1117,"[755, 326, 36]",celu,model_5,Int8DynamicActivationInt8WeightConfig,int8,8.0,True,False,pytorch_quantized_median_latency,0.013324959203600883,pytorch,median_latency,False,1.0
412,755,326,36,1117,"[755, 326, 36]",celu,model_5,Int8WeightOnlyConfig,int8,8.0,False,False,pytorch_quantized_p95_latency,0.0004901695996522903,pytorch,p95_latency,False,1.0
413,755,326,36,1117,"[755, 326, 36]",celu,model_5,Float8WeightOnlyConfig,float8,8.0,False,False,pytorch_quantized_p95_latency,0.0005260605365037918,pytorch,p95_latency,False,1.0
414,755,326,36,1117,"[755, 326, 36]",celu,model_5,Int8DynamicActivationInt8WeightConfig,int8,8.0,True,False,pytorch_quantized_p95_latency,0.013466444611549378,pytorch,p95_latency,False,1.0
415,755,326,36,1117,"[755, 326, 36]",celu,model_5,Int8WeightOnlyConfig,int8,8.0,False,False,pytorch_quantized_p99_latency,0.0004942327365279198,pytorch,p99_latency,False,1.0
416,755,326,36,1117,"[755, 326, 36]",celu,model_5,Float8WeightOnlyConfig,float8,8.0,False,False,pytorch_quantized_p99_latency,0.0005294907838106156,pytorch,p99_latency,False,1.0
417,755,326,36,1117,"[755, 326, 36]",celu,model_5,Int8DynamicActivationInt8WeightConfig,int8,8.0,True,False,pytorch_quantized_p99_latency,0.014473096653819083,pytorch,p99_latency,False,1.0
418,755,326,36,1117,"[755, 326, 36]",celu,model_5,Int8WeightOnlyConfig,int8,8.0,False,False,pytorch_relative_model_size,0.25,pytorch,model_size,True,1.0
419,755,326,36,1117,"[755, 326, 36]",celu,model_5,Float8WeightOnlyConfig,float8,8.0,False,False,pytorch_relative_model_size,0.25,pytorch,model_size,True,1.0
420,755,326,36,1117,"[755, 326, 36]",celu,model_5,Int8DynamicActivationInt8WeightConfig,int8,8.0,True,False,pytorch_relative_model_size,0.25,pytorch,model_size,True,1.0
421,755,326,36,1117,"[755, 326, 36]",celu,model_5,Int8WeightOnlyConfig,int8,8.0,False,False,pytorch_relative_median_latency,3.0132423287831056,pytorch,median_latency,True,1.0
422,755,326,36,1117,"[755, 326, 36]",celu,model_5,Float8WeightOnlyConfig,float8,8.0,False,False,pytorch_relative_median_latency,3.242282114105705,pytorch,median_latency,True,1.0
423,755,326,36,1117,"[755, 326, 36]",celu,model_5,Int8DynamicActivationInt8WeightConfig,int8,8.0,True,False,pytorch_relative_median_latency,83.46497491541244,pytorch,median_latency,True,1.0
424,755,326,36,1117,"[755, 326, 36]",celu,model_5,Int8WeightOnlyConfig,int8,8.0,False,False,pytorch_relative_p95_latency,2.817957723855824,pytorch,p95_latency,True,1.0
425,755,326,36,1117,"[755, 326, 36]",celu,model_5,Float8WeightOnlyConfig,float8,8.0,False,False,pytorch_relative_p95_latency,3.0242927205362684,pytorch,p95_latency,True,1.0
426,755,326,36,1117,"[755, 326, 36]",celu,model_5,Int8DynamicActivationInt8WeightConfig,int8,8.0,True,False,pytorch_relative_p95_latency,77.41783993318056,pytorch,p95_latency,True,1.0
427,755,326,36,1117,"[755, 326, 36]",celu,model_5,Int8WeightOnlyConfig,int8,8.0,False,False,pytorch_relative_p99_latency,2.7689413853765963,pytorch,p99_latency,True,1.0
428,755,326,36,1117,"[755, 326, 36]",celu,model_5,Float8WeightOnlyConfig,float8,8.0,False,False,pytorch_relative_p99_latency,2.9664747721256672,pytorch,p99_latency,True,1.0
429,755,326,36,1117,"[755, 326, 36]",celu,model_5,Int8DynamicActivationInt8WeightConfig,int8,8.0,True,False,pytorch_relative_p99_latency,81.08559659736603,pytorch,p99_latency,True,1.0
430,755,326,36,1117,"[755, 326, 36]",celu,model_5,Int8WeightOnlyConfig,int8,8.0,False,False,pytorch_quantized_MAE,8.825471377440028,pytorch,MAE,False,2.0
431,755,326,36,1117,"[755, 326, 36]",celu,model_5,Float8WeightOnlyConfig,float8,8.0,False,False,pytorch_quantized_MAE,8.819105921661865,pytorch,MAE,False,2.0
432,755,326,36,1117,"[755, 326, 36]",celu,model_5,Int8DynamicActivationInt8WeightConfig,int8,8.0,True,False,pytorch_quantized_MAE,8.832307917827272,pytorch,MAE,False,2.0
433,755,326,36,1117,"[755, 326, 36]",celu,model_5,Int8WeightOnlyConfig,int8,8.0,False,False,pytorch_relative_MAE,1.0006998924401014,pytorch,MAE,True,2.0
434,755,326,36,1117,"[755, 326, 36]",celu,model_5,Float8WeightOnlyConfig,float8,8.0,False,False,pytorch_relative_MAE,0.9999781280560684,pytorch,MAE,True,2.0
435,755,326,36,1117,"[755, 326, 36]",celu,model_5,Int8DynamicActivationInt8WeightConfig,int8,8.0,True,False,pytorch_relative_MAE,1.001475072024012,pytorch,MAE,True,2.0
436,755,326,36,1117,"[755, 326, 36]",celu,model_5,Int8WeightOnlyConfig,int8,8.0,False,False,pytorch_quantized_model_size,320175.0,pytorch,model_size,False,2.0
437,755,326,36,1117,"[755, 326, 36]",celu,model_5,Float8WeightOnlyConfig,float8,8.0,False,False,pytorch_quantized_model_size,320175.0,pytorch,model_size,False,2.0
438,755,326,36,1117,"[755, 326, 36]",celu,model_5,Int8DynamicActivationInt8WeightConfig,int8,8.0,True,False,pytorch_quantized_model_size,320175.0,pytorch,model_size,False,2.0
439,755,326,36,1117,"[755, 326, 36]",celu,model_5,Int8WeightOnlyConfig,int8,8.0,False,False,pytorch_quantized_median_latency,0.00048643723130226135,pytorch,median_latency,False,2.0
440,755,326,36,1117,"[755, 326, 36]",celu,model_5,Float8WeightOnlyConfig,float8,8.0,False,False,pytorch_quantized_median_latency,0.0005302056670188904,pytorch,median_latency,False,2.0
441,755,326,36,1117,"[755, 326, 36]",celu,model_5,Int8DynamicActivationInt8WeightConfig,int8,8.0,True,False,pytorch_quantized_median_latency,0.013340713456273079,pytorch,median_latency,False,2.0
442,755,326,36,1117,"[755, 326, 36]",celu,model_5,Int8WeightOnlyConfig,int8,8.0,False,False,pytorch_quantized_p95_latency,0.0004962032660841941,pytorch,p95_latency,False,2.0
443,755,326,36,1117,"[755, 326, 36]",celu,model_5,Float8WeightOnlyConfig,float8,8.0,False,False,pytorch_quantized_p95_latency,0.0005398273468017578,pytorch,p95_latency,False,2.0
444,755,326,36,1117,"[755, 326, 36]",celu,model_5,Int8DynamicActivationInt8WeightConfig,int8,8.0,True,False,pytorch_quantized_p95_latency,0.01349350567907095,pytorch,p95_latency,False,2.0
445,755,326,36,1117,"[755, 326, 36]",celu,model_5,Int8WeightOnlyConfig,int8,8.0,False,False,pytorch_quantized_p99_latency,0.000501236729323864,pytorch,p99_latency,False,2.0
446,755,326,36,1117,"[755, 326, 36]",celu,model_5,Float8WeightOnlyConfig,float8,8.0,False,False,pytorch_quantized_p99_latency,0.000548790879547596,pytorch,p99_latency,False,2.0
447,755,326,36,1117,"[755, 326, 36]",celu,model_5,Int8DynamicActivationInt8WeightConfig,int8,8.0,True,False,pytorch_quantized_p99_latency,0.014070779718458652,pytorch,p99_latency,False,2.0
448,755,326,36,1117,"[755, 326, 36]",celu,model_5,Int8WeightOnlyConfig,int8,8.0,False,False,pytorch_relative_model_size,0.25,pytorch,model_size,True,2.0
449,755,326,36,1117,"[755, 326, 36]",celu,model_5,Float8WeightOnlyConfig,float8,8.0,False,False,pytorch_relative_model_size,0.25,pytorch,model_size,True,2.0
450,755,326,36,1117,"[755, 326, 36]",celu,model_5,Int8DynamicActivationInt8WeightConfig,int8,8.0,True,False,pytorch_relative_model_size,0.25,pytorch,model_size,True,2.0
451,755,326,36,1117,"[755, 326, 36]",celu,model_5,Int8WeightOnlyConfig,int8,8.0,False,False,pytorch_relative_median_latency,2.950592595103323,pytorch,median_latency,True,2.0
452,755,326,36,1117,"[755, 326, 36]",celu,model_5,Float8WeightOnlyConfig,float8,8.0,False,False,pytorch_relative_median_latency,3.216079720706369,pytorch,median_latency,True,2.0
453,755,326,36,1117,"[755, 326, 36]",celu,model_5,Int8DynamicActivationInt8WeightConfig,int8,8.0,True,False,pytorch_relative_median_latency,80.92104757708256,pytorch,median_latency,True,2.0
454,755,326,36,1117,"[755, 326, 36]",celu,model_5,Int8WeightOnlyConfig,int8,8.0,False,False,pytorch_relative_p95_latency,2.7951091353009128,pytorch,p95_latency,True,2.0
455,755,326,36,1117,"[755, 326, 36]",celu,model_5,Float8WeightOnlyConfig,float8,8.0,False,False,pytorch_relative_p95_latency,3.0408432424038616,pytorch,p95_latency,True,2.0
456,755,326,36,1117,"[755, 326, 36]",celu,model_5,Int8DynamicActivationInt8WeightConfig,int8,8.0,True,False,pytorch_relative_p95_latency,76.00881245389961,pytorch,p95_latency,True,2.0
457,755,326,36,1117,"[755, 326, 36]",celu,model_5,Int8WeightOnlyConfig,int8,8.0,False,False,pytorch_relative_p99_latency,2.7806920972580933,pytorch,p99_latency,True,2.0
458,755,326,36,1117,"[755, 326, 36]",celu,model_5,Float8WeightOnlyConfig,float8,8.0,False,False,pytorch_relative_p99_latency,3.044506462772229,pytorch,p99_latency,True,2.0
459,755,326,36,1117,"[755, 326, 36]",celu,model_5,Int8DynamicActivationInt8WeightConfig,int8,8.0,True,False,pytorch_relative_p99_latency,78.05993391217872,pytorch,p99_latency,True,2.0
460,755,326,36,1117,"[755, 326, 36]",celu,model_5,Int8WeightOnlyConfig,int8,8.0,False,False,pytorch_quantized_MAE,9.131023683305742,pytorch,MAE,False,3.0
461,755,326,36,1117,"[755, 326, 36]",celu,model_5,Float8WeightOnlyConfig,float8,8.0,False,False,pytorch_quantized_MAE,9.125428620533123,pytorch,MAE,False,3.0
462,755,326,36,1117,"[755, 326, 36]",celu,model_5,Int8DynamicActivationInt8WeightConfig,int8,8.0,True,False,pytorch_quantized_MAE,9.137935652782193,pytorch,MAE,False,3.0
463,755,326,36,1117,"[755, 326, 36]",celu,model_5,Int8WeightOnlyConfig,int8,8.0,False,False,pytorch_relative_MAE,1.000630555801597,pytorch,MAE,True,3.0
464,755,326,36,1117,"[755, 326, 36]",celu,model_5,Float8WeightOnlyConfig,float8,8.0,False,False,pytorch_relative_MAE,1.0000174163589577,pytorch,MAE,True,3.0
465,755,326,36,1117,"[755, 326, 36]",celu,model_5,Int8DynamicActivationInt8WeightConfig,int8,8.0,True,False,pytorch_relative_MAE,1.0013880095218795,pytorch,MAE,True,3.0
466,755,326,36,1117,"[755, 326, 36]",celu,model_5,Int8WeightOnlyConfig,int8,8.0,False,False,pytorch_quantized_model_size,320175.0,pytorch,model_size,False,3.0
467,755,326,36,1117,"[755, 326, 36]",celu,model_5,Float8WeightOnlyConfig,float8,8.0,False,False,pytorch_quantized_model_size,320175.0,pytorch,model_size,False,3.0
468,755,326,36,1117,"[755, 326, 36]",celu,model_5,Int8DynamicActivationInt8WeightConfig,int8,8.0,True,False,pytorch_quantized_model_size,320175.0,pytorch,model_size,False,3.0
469,755,326,36,1117,"[755, 326, 36]",celu,model_5,Int8WeightOnlyConfig,int8,8.0,False,False,pytorch_quantized_median_latency,0.0004510674625635147,pytorch,median_latency,False,3.0
470,755,326,36,1117,"[755, 326, 36]",celu,model_5,Float8WeightOnlyConfig,float8,8.0,False,False,pytorch_quantized_median_latency,0.0005511492490768433,pytorch,median_latency,False,3.0
471,755,326,36,1117,"[755, 326, 36]",celu,model_5,Int8DynamicActivationInt8WeightConfig,int8,8.0,True,False,pytorch_quantized_median_latency,0.013452718034386635,pytorch,median_latency,False,3.0
472,755,326,36,1117,"[755, 326, 36]",celu,model_5,Int8WeightOnlyConfig,int8,8.0,False,False,pytorch_quantized_p95_latency,0.00046293102204799654,pytorch,p95_latency,False,3.0
473,755,326,36,1117,"[755, 326, 36]",celu,model_5,Float8WeightOnlyConfig,float8,8.0,False,False,pytorch_quantized_p95_latency,0.0005602218210697174,pytorch,p95_latency,False,3.0
474,755,326,36,1117,"[755, 326, 36]",celu,model_5,Int8DynamicActivationInt8WeightConfig,int8,8.0,True,False,pytorch_quantized_p95_latency,0.013564779236912726,pytorch,p95_latency,False,3.0
475,755,326,36,1117,"[755, 326, 36]",celu,model_5,Int8WeightOnlyConfig,int8,8.0,False,False,pytorch_quantized_p99_latency,0.00048824172466993326,pytorch,p99_latency,False,3.0
476,755,326,36,1117,"[755, 326, 36]",celu,model_5,Float8WeightOnlyConfig,float8,8.0,False,False,pytorch_quantized_p99_latency,0.0005662429705262183,pytorch,p99_latency,False,3.0
477,755,326,36,1117,"[755, 326, 36]",celu,model_5,Int8DynamicActivationInt8WeightConfig,int8,8.0,True,False,pytorch_quantized_p99_latency,0.014267776384949683,pytorch,p99_latency,False,3.0
478,755,326,36,1117,"[755, 326, 36]",celu,model_5,Int8WeightOnlyConfig,int8,8.0,False,False,pytorch_relative_model_size,0.25,pytorch,model_size,True,3.0
479,755,326,36,1117,"[755, 326, 36]",celu,model_5,Float8WeightOnlyConfig,float8,8.0,False,False,pytorch_relative_model_size,0.25,pytorch,model_size,True,3.0
480,755,326,36,1117,"[755, 326, 36]",celu,model_5,Int8DynamicActivationInt8WeightConfig,int8,8.0,True,False,pytorch_relative_model_size,0.25,pytorch,model_size,True,3.0
481,755,326,36,1117,"[755, 326, 36]",celu,model_5,Int8WeightOnlyConfig,int8,8.0,False,False,pytorch_relative_median_latency,2.6933557255983627,pytorch,median_latency,True,3.0
482,755,326,36,1117,"[755, 326, 36]",celu,model_5,Float8WeightOnlyConfig,float8,8.0,False,False,pytorch_relative_median_latency,3.2909511522377435,pytorch,median_latency,True,3.0
483,755,326,36,1117,"[755, 326, 36]",celu,model_5,Int8DynamicActivationInt8WeightConfig,int8,8.0,True,False,pytorch_relative_median_latency,80.32713097250645,pytorch,median_latency,True,3.0
484,755,326,36,1117,"[755, 326, 36]",celu,model_5,Int8WeightOnlyConfig,int8,8.0,False,False,pytorch_relative_p95_latency,2.5770782546300666,pytorch,p95_latency,True,3.0
485,755,326,36,1117,"[755, 326, 36]",celu,model_5,Float8WeightOnlyConfig,float8,8.0,False,False,pytorch_relative_p95_latency,3.1186837867571957,pytorch,p95_latency,True,3.0
486,755,326,36,1117,"[755, 326, 36]",celu,model_5,Int8DynamicActivationInt8WeightConfig,int8,8.0,True,False,pytorch_relative_p95_latency,75.51340466589174,pytorch,p95_latency,True,3.0
487,755,326,36,1117,"[755, 326, 36]",celu,model_5,Int8WeightOnlyConfig,int8,8.0,False,False,pytorch_relative_p99_latency,2.6383740653760657,pytorch,p99_latency,True,3.0
488,755,326,36,1117,"[755, 326, 36]",celu,model_5,Float8WeightOnlyConfig,float8,8.0,False,False,pytorch_relative_p99_latency,3.059879343880007,pytorch,p99_latency,True,3.0
489,755,326,36,1117,"[755, 326, 36]",celu,model_5,Int8DynamicActivationInt8WeightConfig,int8,8.0,True,False,pytorch_relative_p99_latency,77.10060259615187,pytorch,p99_latency,True,3.0
490,404,203,184,791,"[404, 203, 184]",celu,model_50,,,,,,,,,,,
491,128,286,32,446,"[128, 286, 32]",celu,model_51,,,,,,,,,,,
492,825,64,122,1011,"[825, 64, 122]",gelu,model_52,,,,,,,,,,,
493,715,255,209,1179,"[715, 255, 209]",celu,model_53,,,,,,,,,,,
494,178,85,110,373,"[178, 85, 110]",leaky_relu,model_54,,,,,,,,,,,
495,295,405,158,858,"[295, 405, 158]",gelu,model_55,,,,,,,,,,,
496,598,123,34,755,"[598, 123, 34]",celu,model_56,,,,,,,,,,,
497,635,320,144,1099,"[635, 320, 144]",celu,model_57,,,,,,,,,,,
498,265,64,48,377,"[265, 64, 48]",gelu,model_58,,,,,,,,,,,
499,158,337,223,718,"[158, 337, 223]",gelu,model_59,,,,,,,,,,,
500,145,64,163,372,"[145, 64, 163]",relu,model_6,Int8WeightOnlyConfig,int8,8.0,False,False,pytorch_quantized_MAE,7.94717657711858,pytorch,MAE,False,1.0
501,145,64,163,372,"[145, 64, 163]",relu,model_6,Float8WeightOnlyConfig,float8,8.0,False,False,pytorch_quantized_MAE,7.991627633066976,pytorch,MAE,False,1.0
502,145,64,163,372,"[145, 64, 163]",relu,model_6,Int8DynamicActivationInt8WeightConfig,int8,8.0,True,False,pytorch_quantized_MAE,7.947774056320693,pytorch,MAE,False,1.0
503,145,64,163,372,"[145, 64, 163]",relu,model_6,Int8WeightOnlyConfig,int8,8.0,False,False,pytorch_relative_MAE,1.001497135782025,pytorch,MAE,True,1.0
504,145,64,163,372,"[145, 64, 163]",relu,model_6,Float8WeightOnlyConfig,float8,8.0,False,False,pytorch_relative_MAE,1.0070988239769219,pytorch,MAE,True,1.0
505,145,64,163,372,"[145, 64, 163]",relu,model_6,Int8DynamicActivationInt8WeightConfig,int8,8.0,True,False,pytorch_relative_MAE,1.0015724296557422,pytorch,MAE,True,1.0
506,145,64,163,372,"[145, 64, 163]",relu,model_6,Int8WeightOnlyConfig,int8,8.0,False,False,pytorch_quantized_model_size,31993.0,pytorch,model_size,False,1.0
507,145,64,163,372,"[145, 64, 163]",relu,model_6,Float8WeightOnlyConfig,float8,8.0,False,False,pytorch_quantized_model_size,31993.0,pytorch,model_size,False,1.0
508,145,64,163,372,"[145, 64, 163]",relu,model_6,Int8DynamicActivationInt8WeightConfig,int8,8.0,True,False,pytorch_quantized_model_size,31993.0,pytorch,model_size,False,1.0
509,145,64,163,372,"[145, 64, 163]",relu,model_6,Int8WeightOnlyConfig,int8,8.0,False,False,pytorch_quantized_median_latency,0.00041818805038928986,pytorch,median_latency,False,1.0
510,145,64,163,372,"[145, 64, 163]",relu,model_6,Float8WeightOnlyConfig,float8,8.0,False,False,pytorch_quantized_median_latency,0.00051838718354702,pytorch,median_latency,False,1.0
511,145,64,163,372,"[145, 64, 163]",relu,model_6,Int8DynamicActivationInt8WeightConfig,int8,8.0,True,False,pytorch_quantized_median_latency,0.007439771667122841,pytorch,median_latency,False,1.0
512,145,64,163,372,"[145, 64, 163]",relu,model_6,Int8WeightOnlyConfig,int8,8.0,False,False,pytorch_quantized_p95_latency,0.0004304211586713791,pytorch,p95_latency,False,1.0
513,145,64,163,372,"[145, 64, 163]",relu,model_6,Float8WeightOnlyConfig,float8,8.0,False,False,pytorch_quantized_p95_latency,0.0005286112427711487,pytorch,p95_latency,False,1.0
514,145,64,163,372,"[145, 64, 163]",relu,model_6,Int8DynamicActivationInt8WeightConfig,int8,8.0,True,False,pytorch_quantized_p95_latency,0.007525097765028477,pytorch,p95_latency,False,1.0
515,145,64,163,372,"[145, 64, 163]",relu,model_6,Int8WeightOnlyConfig,int8,8.0,False,False,pytorch_quantized_p99_latency,0.0004390381276607513,pytorch,p99_latency,False,1.0
516,145,64,163,372,"[145, 64, 163]",relu,model_6,Float8WeightOnlyConfig,float8,8.0,False,False,pytorch_quantized_p99_latency,0.000551440455019474,pytorch,p99_latency,False,1.0
517,145,64,163,372,"[145, 64, 163]",relu,model_6,Int8DynamicActivationInt8WeightConfig,int8,8.0,True,False,pytorch_quantized_p99_latency,0.008726719096302986,pytorch,p99_latency,False,1.0
518,145,64,163,372,"[145, 64, 163]",relu,model_6,Int8WeightOnlyConfig,int8,8.0,False,False,pytorch_relative_model_size,0.25,pytorch,model_size,True,1.0
519,145,64,163,372,"[145, 64, 163]",relu,model_6,Float8WeightOnlyConfig,float8,8.0,False,False,pytorch_relative_model_size,0.25,pytorch,model_size,True,1.0
520,145,64,163,372,"[145, 64, 163]",relu,model_6,Int8DynamicActivationInt8WeightConfig,int8,8.0,True,False,pytorch_relative_model_size,0.25,pytorch,model_size,True,1.0
521,145,64,163,372,"[145, 64, 163]",relu,model_6,Int8WeightOnlyConfig,int8,8.0,False,False,pytorch_relative_median_latency,2.7024362647150872,pytorch,median_latency,True,1.0
522,145,64,163,372,"[145, 64, 163]",relu,model_6,Float8WeightOnlyConfig,float8,8.0,False,False,pytorch_relative_median_latency,3.3499482414116852,pytorch,median_latency,True,1.0
523,145,64,163,372,"[145, 64, 163]",relu,model_6,Int8DynamicActivationInt8WeightConfig,int8,8.0,True,False,pytorch_relative_median_latency,48.07767399311491,pytorch,median_latency,True,1.0
524,145,64,163,372,"[145, 64, 163]",relu,model_6,Int8WeightOnlyConfig,int8,8.0,False,False,pytorch_relative_p95_latency,2.577862213912477,pytorch,p95_latency,True,1.0
525,145,64,163,372,"[145, 64, 163]",relu,model_6,Float8WeightOnlyConfig,float8,8.0,False,False,pytorch_relative_p95_latency,3.1659385723401505,pytorch,p95_latency,True,1.0
526,145,64,163,372,"[145, 64, 163]",relu,model_6,Int8DynamicActivationInt8WeightConfig,int8,8.0,True,False,pytorch_relative_p95_latency,45.069032489814866,pytorch,p95_latency,True,1.0
527,145,64,163,372,"[145, 64, 163]",relu,model_6,Int8WeightOnlyConfig,int8,8.0,False,False,pytorch_relative_p99_latency,2.588465419231447,pytorch,p99_latency,True,1.0
528,145,64,163,372,"[145, 64, 163]",relu,model_6,Float8WeightOnlyConfig,float8,8.0,False,False,pytorch_relative_p99_latency,3.251163073668434,pytorch,p99_latency,True,1.0
529,145,64,163,372,"[145, 64, 163]",relu,model_6,Int8DynamicActivationInt8WeightConfig,int8,8.0,True,False,pytorch_relative_p99_latency,51.45068088842971,pytorch,p99_latency,True,1.0
530,145,64,163,372,"[145, 64, 163]",relu,model_6,Int8WeightOnlyConfig,int8,8.0,False,False,pytorch_quantized_MAE,8.222983804381577,pytorch,MAE,False,2.0
531,145,64,163,372,"[145, 64, 163]",relu,model_6,Float8WeightOnlyConfig,float8,8.0,False,False,pytorch_quantized_MAE,8.261671050135414,pytorch,MAE,False,2.0
532,145,64,163,372,"[145, 64, 163]",relu,model_6,Int8DynamicActivationInt8WeightConfig,int8,8.0,True,False,pytorch_quantized_MAE,8.230825680780276,pytorch,MAE,False,2.0
533,145,64,163,372,"[145, 64, 163]",relu,model_6,Int8WeightOnlyConfig,int8,8.0,False,False,pytorch_relative_MAE,1.0010151417293849,pytorch,MAE,True,2.0
534,145,64,163,372,"[145, 64, 163]",relu,model_6,Float8WeightOnlyConfig,float8,8.0,False,False,pytorch_relative_MAE,1.005724687523548,pytorch,MAE,True,2.0
535,145,64,163,372,"[145, 64, 163]",relu,model_6,Int8DynamicActivationInt8WeightConfig,int8,8.0,True,False,pytorch_relative_MAE,1.0019697632148954,pytorch,MAE,True,2.0
536,145,64,163,372,"[145, 64, 163]",relu,model_6,Int8WeightOnlyConfig,int8,8.0,False,False,pytorch_quantized_model_size,31993.0,pytorch,model_size,False,2.0
537,145,64,163,372,"[145, 64, 163]",relu,model_6,Float8WeightOnlyConfig,float8,8.0,False,False,pytorch_quantized_model_size,31993.0,pytorch,model_size,False,2.0
538,145,64,163,372,"[145, 64, 163]",relu,model_6,Int8DynamicActivationInt8WeightConfig,int8,8.0,True,False,pytorch_quantized_model_size,31993.0,pytorch,model_size,False,2.0
539,145,64,163,372,"[145, 64, 163]",relu,model_6,Int8WeightOnlyConfig,int8,8.0,False,False,pytorch_quantized_median_latency,0.0003991648554801941,pytorch,median_latency,False,2.0
540,145,64,163,372,"[145, 64, 163]",relu,model_6,Float8WeightOnlyConfig,float8,8.0,False,False,pytorch_quantized_median_latency,0.0004955977201461792,pytorch,median_latency,False,2.0
541,145,64,163,372,"[145, 64, 163]",relu,model_6,Int8DynamicActivationInt8WeightConfig,int8,8.0,True,False,pytorch_quantized_median_latency,0.007416056469082832,pytorch,median_latency,False,2.0
542,145,64,163,372,"[145, 64, 163]",relu,model_6,Int8WeightOnlyConfig,int8,8.0,False,False,pytorch_quantized_p95_latency,0.00041332133114337923,pytorch,p95_latency,False,2.0
543,145,64,163,372,"[145, 64, 163]",relu,model_6,Float8WeightOnlyConfig,float8,8.0,False,False,pytorch_quantized_p95_latency,0.0005049131810665131,pytorch,p95_latency,False,2.0
544,145,64,163,372,"[145, 64, 163]",relu,model_6,Int8DynamicActivationInt8WeightConfig,int8,8.0,True,False,pytorch_quantized_p95_latency,0.007507395185530185,pytorch,p95_latency,False,2.0
545,145,64,163,372,"[145, 64, 163]",relu,model_6,Int8WeightOnlyConfig,int8,8.0,False,False,pytorch_quantized_p99_latency,0.00041705034673213955,pytorch,p99_latency,False,2.0
546,145,64,163,372,"[145, 64, 163]",relu,model_6,Float8WeightOnlyConfig,float8,8.0,False,False,pytorch_quantized_p99_latency,0.0005101713910698891,pytorch,p99_latency,False,2.0
547,145,64,163,372,"[145, 64, 163]",relu,model_6,Int8DynamicActivationInt8WeightConfig,int8,8.0,True,False,pytorch_quantized_p99_latency,0.008761554174125195,pytorch,p99_latency,False,2.0
548,145,64,163,372,"[145, 64, 163]",relu,model_6,Int8WeightOnlyConfig,int8,8.0,False,False,pytorch_relative_model_size,0.25,pytorch,model_size,True,2.0
549,145,64,163,372,"[145, 64, 163]",relu,model_6,Float8WeightOnlyConfig,float8,8.0,False,False,pytorch_relative_model_size,0.25,pytorch,model_size,True,2.0
550,145,64,163,372,"[145, 64, 163]",relu,model_6,Int8DynamicActivationInt8WeightConfig,int8,8.0,True,False,pytorch_relative_model_size,0.25,pytorch,model_size,True,2.0
551,145,64,163,372,"[145, 64, 163]",relu,model_6,Int8WeightOnlyConfig,int8,8.0,False,False,pytorch_relative_median_latency,2.642970783024802,pytorch,median_latency,True,2.0
552,145,64,163,372,"[145, 64, 163]",relu,model_6,Float8WeightOnlyConfig,float8,8.0,False,False,pytorch_relative_median_latency,3.281477005044214,pytorch,median_latency,True,2.0
553,145,64,163,372,"[145, 64, 163]",relu,model_6,Int8DynamicActivationInt8WeightConfig,int8,8.0,True,False,pytorch_relative_median_latency,49.10357288210846,pytorch,median_latency,True,2.0
554,145,64,163,372,"[145, 64, 163]",relu,model_6,Int8WeightOnlyConfig,int8,8.0,False,False,pytorch_relative_p95_latency,2.537344903646158,pytorch,p95_latency,True,2.0
555,145,64,163,372,"[145, 64, 163]",relu,model_6,Float8WeightOnlyConfig,float8,8.0,False,False,pytorch_relative_p95_latency,3.0996195701268214,pytorch,p95_latency,True,2.0
556,145,64,163,372,"[145, 64, 163]",relu,model_6,Int8DynamicActivationInt8WeightConfig,int8,8.0,True,False,pytorch_relative_p95_latency,46.08726789146714,pytorch,p95_latency,True,2.0
557,145,64,163,372,"[145, 64, 163]",relu,model_6,Int8WeightOnlyConfig,int8,8.0,False,False,pytorch_relative_p99_latency,2.518685220986302,pytorch,p99_latency,True,2.0
558,145,64,163,372,"[145, 64, 163]",relu,model_6,Float8WeightOnlyConfig,float8,8.0,False,False,pytorch_relative_p99_latency,3.0810695948972544,pytorch,p99_latency,True,2.0
559,145,64,163,372,"[145, 64, 163]",relu,model_6,Int8DynamicActivationInt8WeightConfig,int8,8.0,True,False,pytorch_relative_p99_latency,52.913508366924844,pytorch,p99_latency,True,2.0
560,145,64,163,372,"[145, 64, 163]",relu,model_6,Int8WeightOnlyConfig,int8,8.0,False,False,pytorch_quantized_MAE,8.001647784142481,pytorch,MAE,False,3.0
561,145,64,163,372,"[145, 64, 163]",relu,model_6,Float8WeightOnlyConfig,float8,8.0,False,False,pytorch_quantized_MAE,8.043925302385274,pytorch,MAE,False,3.0
562,145,64,163,372,"[145, 64, 163]",relu,model_6,Int8DynamicActivationInt8WeightConfig,int8,8.0,True,False,pytorch_quantized_MAE,7.999441740766294,pytorch,MAE,False,3.0
563,145,64,163,372,"[145, 64, 163]",relu,model_6,Int8WeightOnlyConfig,int8,8.0,False,False,pytorch_relative_MAE,1.0012556047899537,pytorch,MAE,True,3.0
564,145,64,163,372,"[145, 64, 163]",relu,model_6,Float8WeightOnlyConfig,float8,8.0,False,False,pytorch_relative_MAE,1.0065458404063095,pytorch,MAE,True,3.0
565,145,64,163,372,"[145, 64, 163]",relu,model_6,Int8DynamicActivationInt8WeightConfig,int8,8.0,True,False,pytorch_relative_MAE,1.0009795599858828,pytorch,MAE,True,3.0
566,145,64,163,372,"[145, 64, 163]",relu,model_6,Int8WeightOnlyConfig,int8,8.0,False,False,pytorch_quantized_model_size,31993.0,pytorch,model_size,False,3.0
567,145,64,163,372,"[145, 64, 163]",relu,model_6,Float8WeightOnlyConfig,float8,8.0,False,False,pytorch_quantized_model_size,31993.0,pytorch,model_size,False,3.0
568,145,64,163,372,"[145, 64, 163]",relu,model_6,Int8DynamicActivationInt8WeightConfig,int8,8.0,True,False,pytorch_quantized_model_size,31993.0,pytorch,model_size,False,3.0
569,145,64,163,372,"[145, 64, 163]",relu,model_6,Int8WeightOnlyConfig,int8,8.0,False,False,pytorch_quantized_median_latency,0.00041518546640872955,pytorch,median_latency,False,3.0
570,145,64,163,372,"[145, 64, 163]",relu,model_6,Float8WeightOnlyConfig,float8,8.0,False,False,pytorch_quantized_median_latency,0.0005196239799261093,pytorch,median_latency,False,3.0
571,145,64,163,372,"[145, 64, 163]",relu,model_6,Int8DynamicActivationInt8WeightConfig,int8,8.0,True,False,pytorch_quantized_median_latency,0.007512114942073822,pytorch,median_latency,False,3.0
572,145,64,163,372,"[145, 64, 163]",relu,model_6,Int8WeightOnlyConfig,int8,8.0,False,False,pytorch_quantized_p95_latency,0.00042702499777078626,pytorch,p95_latency,False,3.0
573,145,64,163,372,"[145, 64, 163]",relu,model_6,Float8WeightOnlyConfig,float8,8.0,False,False,pytorch_quantized_p95_latency,0.0005287040024995804,pytorch,p95_latency,False,3.0
574,145,64,163,372,"[145, 64, 163]",relu,model_6,Int8DynamicActivationInt8WeightConfig,int8,8.0,True,False,pytorch_quantized_p95_latency,0.007625033892691135,pytorch,p95_latency,False,3.0
575,145,64,163,372,"[145, 64, 163]",relu,model_6,Int8WeightOnlyConfig,int8,8.0,False,False,pytorch_quantized_p99_latency,0.0004331092908978462,pytorch,p99_latency,False,3.0
576,145,64,163,372,"[145, 64, 163]",relu,model_6,Float8WeightOnlyConfig,float8,8.0,False,False,pytorch_quantized_p99_latency,0.0005366450548171997,pytorch,p99_latency,False,3.0
577,145,64,163,372,"[145, 64, 163]",relu,model_6,Int8DynamicActivationInt8WeightConfig,int8,8.0,True,False,pytorch_quantized_p99_latency,0.008870092518627642,pytorch,p99_latency,False,3.0
578,145,64,163,372,"[145, 64, 163]",relu,model_6,Int8WeightOnlyConfig,int8,8.0,False,False,pytorch_relative_model_size,0.25,pytorch,model_size,True,3.0
579,145,64,163,372,"[145, 64, 163]",relu,model_6,Float8WeightOnlyConfig,float8,8.0,False,False,pytorch_relative_model_size,0.25,pytorch,model_size,True,3.0
580,145,64,163,372,"[145, 64, 163]",relu,model_6,Int8DynamicActivationInt8WeightConfig,int8,8.0,True,False,pytorch_relative_model_size,0.25,pytorch,model_size,True,3.0
581,145,64,163,372,"[145, 64, 163]",relu,model_6,Int8WeightOnlyConfig,int8,8.0,False,False,pytorch_relative_median_latency,2.655986368619227,pytorch,median_latency,True,3.0
582,145,64,163,372,"[145, 64, 163]",relu,model_6,Float8WeightOnlyConfig,float8,8.0,False,False,pytorch_relative_median_latency,3.3240908440970403,pytorch,median_latency,True,3.0
583,145,64,163,372,"[145, 64, 163]",relu,model_6,Int8DynamicActivationInt8WeightConfig,int8,8.0,True,False,pytorch_relative_median_latency,48.05581240169678,pytorch,median_latency,True,3.0
584,145,64,163,372,"[145, 64, 163]",relu,model_6,Int8WeightOnlyConfig,int8,8.0,False,False,pytorch_relative_p95_latency,2.537345661249408,pytorch,p95_latency,True,3.0
585,145,64,163,372,"[145, 64, 163]",relu,model_6,Float8WeightOnlyConfig,float8,8.0,False,False,pytorch_relative_p95_latency,3.141513526914376,pytorch,p95_latency,True,3.0
586,145,64,163,372,"[145, 64, 163]",relu,model_6,Int8DynamicActivationInt8WeightConfig,int8,8.0,True,False,pytorch_relative_p95_latency,45.307292934837946,pytorch,p95_latency,True,3.0
587,145,64,163,372,"[145, 64, 163]",relu,model_6,Int8WeightOnlyConfig,int8,8.0,False,False,pytorch_relative_p99_latency,2.418493456590039,pytorch,p99_latency,True,3.0
588,145,64,163,372,"[145, 64, 163]",relu,model_6,Float8WeightOnlyConfig,float8,8.0,False,False,pytorch_relative_p99_latency,2.9966398340157476,pytorch,p99_latency,True,3.0
589,145,64,163,372,"[145, 64, 163]",relu,model_6,Int8DynamicActivationInt8WeightConfig,int8,8.0,True,False,pytorch_relative_p99_latency,49.53082551329745,pytorch,p99_latency,True,3.0
590,742,171,95,1008,"[742, 171, 95]",gelu,model_60,,,,,,,,,,,
591,855,425,32,1312,"[855, 425, 32]",gelu,model_61,,,,,,,,,,,
592,128,146,136,410,"[128, 146, 136]",gelu,model_62,,,,,,,,,,,
593,379,232,72,683,"[379, 232, 72]",leaky_relu,model_63,,,,,,,,,,,
594,513,65,169,747,"[513, 65, 169]",relu,model_64,,,,,,,,,,,
595,279,359,101,739,"[279, 359, 101]",leaky_relu,model_7,Int8WeightOnlyConfig,int8,8.0,False,False,pytorch_quantized_MAE,8.381231765531753,pytorch,MAE,False,1.0
596,279,359,101,739,"[279, 359, 101]",leaky_relu,model_7,Float8WeightOnlyConfig,float8,8.0,False,False,pytorch_quantized_MAE,8.496377964683669,pytorch,MAE,False,1.0
597,279,359,101,739,"[279, 359, 101]",leaky_relu,model_7,Int8DynamicActivationInt8WeightConfig,int8,8.0,True,False,pytorch_quantized_MAE,8.380192588885102,pytorch,MAE,False,1.0
598,279,359,101,739,"[279, 359, 101]",leaky_relu,model_7,Int8WeightOnlyConfig,int8,8.0,False,False,pytorch_relative_MAE,1.0015480370370689,pytorch,MAE,True,1.0
599,279,359,101,739,"[279, 359, 101]",leaky_relu,model_7,Float8WeightOnlyConfig,float8,8.0,False,False,pytorch_relative_MAE,1.0153078820048644,pytorch,MAE,True,1.0
600,279,359,101,739,"[279, 359, 101]",leaky_relu,model_7,Int8DynamicActivationInt8WeightConfig,int8,8.0,True,False,pytorch_relative_MAE,1.0014238565633982,pytorch,MAE,True,1.0
601,279,359,101,739,"[279, 359, 101]",leaky_relu,model_7,Int8WeightOnlyConfig,int8,8.0,False,False,pytorch_quantized_model_size,159860.0,pytorch,model_size,False,1.0
602,279,359,101,739,"[279, 359, 101]",leaky_relu,model_7,Float8WeightOnlyConfig,float8,8.0,False,False,pytorch_quantized_model_size,159860.0,pytorch,model_size,False,1.0
603,279,359,101,739,"[279, 359, 101]",leaky_relu,model_7,Int8DynamicActivationInt8WeightConfig,int8,8.0,True,False,pytorch_quantized_model_size,159860.0,pytorch,model_size,False,1.0
604,279,359,101,739,"[279, 359, 101]",leaky_relu,model_7,Int8WeightOnlyConfig,int8,8.0,False,False,pytorch_quantized_median_latency,0.0004974063485860825,pytorch,median_latency,False,1.0
605,279,359,101,739,"[279, 359, 101]",leaky_relu,model_7,Float8WeightOnlyConfig,float8,8.0,False,False,pytorch_quantized_median_latency,0.0005305074155330658,pytorch,median_latency,False,1.0
606,279,359,101,739,"[279, 359, 101]",leaky_relu,model_7,Int8DynamicActivationInt8WeightConfig,int8,8.0,True,False,pytorch_quantized_median_latency,0.010170619934797287,pytorch,median_latency,False,1.0
607,279,359,101,739,"[279, 359, 101]",leaky_relu,model_7,Int8WeightOnlyConfig,int8,8.0,False,False,pytorch_quantized_p95_latency,0.0005055375397205353,pytorch,p95_latency,False,1.0
608,279,359,101,739,"[279, 359, 101]",leaky_relu,model_7,Float8WeightOnlyConfig,float8,8.0,False,False,pytorch_quantized_p95_latency,0.000537639670073986,pytorch,p95_latency,False,1.0
609,279,359,101,739,"[279, 359, 101]",leaky_relu,model_7,Int8DynamicActivationInt8WeightConfig,int8,8.0,True,False,pytorch_quantized_p95_latency,0.010303442366421223,pytorch,p95_latency,False,1.0
610,279,359,101,739,"[279, 359, 101]",leaky_relu,model_7,Int8WeightOnlyConfig,int8,8.0,False,False,pytorch_quantized_p99_latency,0.000508737787604332,pytorch,p99_latency,False,1.0
611,279,359,101,739,"[279, 359, 101]",leaky_relu,model_7,Float8WeightOnlyConfig,float8,8.0,False,False,pytorch_quantized_p99_latency,0.0005416880175471305,pytorch,p99_latency,False,1.0
612,279,359,101,739,"[279, 359, 101]",leaky_relu,model_7,Int8DynamicActivationInt8WeightConfig,int8,8.0,True,False,pytorch_quantized_p99_latency,0.012145408950746056,pytorch,p99_latency,False,1.0
613,279,359,101,739,"[279, 359, 101]",leaky_relu,model_7,Int8WeightOnlyConfig,int8,8.0,False,False,pytorch_relative_model_size,0.25,pytorch,model_size,True,1.0
614,279,359,101,739,"[279, 359, 101]",leaky_relu,model_7,Float8WeightOnlyConfig,float8,8.0,False,False,pytorch_relative_model_size,0.25,pytorch,model_size,True,1.0
615,279,359,101,739,"[279, 359, 101]",leaky_relu,model_7,Int8DynamicActivationInt8WeightConfig,int8,8.0,True,False,pytorch_relative_model_size,0.25,pytorch,model_size,True,1.0
616,279,359,101,739,"[279, 359, 101]",leaky_relu,model_7,Int8WeightOnlyConfig,int8,8.0,False,False,pytorch_relative_median_latency,2.9781304367221306,pytorch,median_latency,True,1.0
617,279,359,101,739,"[279, 359, 101]",leaky_relu,model_7,Float8WeightOnlyConfig,float8,8.0,False,False,pytorch_relative_median_latency,3.176317080786903,pytorch,median_latency,True,1.0
618,279,359,101,739,"[279, 359, 101]",leaky_relu,model_7,Int8DynamicActivationInt8WeightConfig,int8,8.0,True,False,pytorch_relative_median_latency,60.89474505955302,pytorch,median_latency,True,1.0
619,279,359,101,739,"[279, 359, 101]",leaky_relu,model_7,Int8WeightOnlyConfig,int8,8.0,False,False,pytorch_relative_p95_latency,2.824625727859793,pytorch,p95_latency,True,1.0
620,279,359,101,739,"[279, 359, 101]",leaky_relu,model_7,Float8WeightOnlyConfig,float8,8.0,False,False,pytorch_relative_p95_latency,3.003992236162208,pytorch,p95_latency,True,1.0
621,279,359,101,739,"[279, 359, 101]",leaky_relu,model_7,Int8DynamicActivationInt8WeightConfig,int8,8.0,True,False,pytorch_relative_p95_latency,57.56915383534628,pytorch,p95_latency,True,1.0
622,279,359,101,739,"[279, 359, 101]",leaky_relu,model_7,Int8WeightOnlyConfig,int8,8.0,False,False,pytorch_relative_p99_latency,2.81717727473486,pytorch,p99_latency,True,1.0
623,279,359,101,739,"[279, 359, 101]",leaky_relu,model_7,Float8WeightOnlyConfig,float8,8.0,False,False,pytorch_relative_p99_latency,2.9996418788077457,pytorch,p99_latency,True,1.0
624,279,359,101,739,"[279, 359, 101]",leaky_relu,model_7,Int8DynamicActivationInt8WeightConfig,int8,8.0,True,False,pytorch_relative_p99_latency,67.25619940584063,pytorch,p99_latency,True,1.0
625,279,359,101,739,"[279, 359, 101]",leaky_relu,model_7,Int8WeightOnlyConfig,int8,8.0,False,False,pytorch_quantized_MAE,8.135340779431003,pytorch,MAE,False,2.0
626,279,359,101,739,"[279, 359, 101]",leaky_relu,model_7,Float8WeightOnlyConfig,float8,8.0,False,False,pytorch_quantized_MAE,8.251048765424727,pytorch,MAE,False,2.0
627,279,359,101,739,"[279, 359, 101]",leaky_relu,model_7,Int8DynamicActivationInt8WeightConfig,int8,8.0,True,False,pytorch_quantized_MAE,8.122968829810787,pytorch,MAE,False,2.0
628,279,359,101,739,"[279, 359, 101]",leaky_relu,model_7,Int8WeightOnlyConfig,int8,8.0,False,False,pytorch_relative_MAE,1.0015905772724436,pytorch,MAE,True,2.0
629,279,359,101,739,"[279, 359, 101]",leaky_relu,model_7,Float8WeightOnlyConfig,float8,8.0,False,False,pytorch_relative_MAE,1.0158360811337572,pytorch,MAE,True,2.0
630,279,359,101,739,"[279, 359, 101]",leaky_relu,model_7,Int8DynamicActivationInt8WeightConfig,int8,8.0,True,False,pytorch_relative_MAE,1.0000673923809849,pytorch,MAE,True,2.0
631,279,359,101,739,"[279, 359, 101]",leaky_relu,model_7,Int8WeightOnlyConfig,int8,8.0,False,False,pytorch_quantized_model_size,159860.0,pytorch,model_size,False,2.0
632,279,359,101,739,"[279, 359, 101]",leaky_relu,model_7,Float8WeightOnlyConfig,float8,8.0,False,False,pytorch_quantized_model_size,159860.0,pytorch,model_size,False,2.0
633,279,359,101,739,"[279, 359, 101]",leaky_relu,model_7,Int8DynamicActivationInt8WeightConfig,int8,8.0,True,False,pytorch_quantized_model_size,159860.0,pytorch,model_size,False,2.0
634,279,359,101,739,"[279, 359, 101]",leaky_relu,model_7,Int8WeightOnlyConfig,int8,8.0,False,False,pytorch_quantized_median_latency,0.0004574153572320938,pytorch,median_latency,False,2.0
635,279,359,101,739,"[279, 359, 101]",leaky_relu,model_7,Float8WeightOnlyConfig,float8,8.0,False,False,pytorch_quantized_median_latency,0.0004961509257555008,pytorch,median_latency,False,2.0
636,279,359,101,739,"[279, 359, 101]",leaky_relu,model_7,Int8DynamicActivationInt8WeightConfig,int8,8.0,True,False,pytorch_quantized_median_latency,0.010052165016531944,pytorch,median_latency,False,2.0
637,279,359,101,739,"[279, 359, 101]",leaky_relu,model_7,Int8WeightOnlyConfig,int8,8.0,False,False,pytorch_quantized_p95_latency,0.0004691394045948982,pytorch,p95_latency,False,2.0
638,279,359,101,739,"[279, 359, 101]",leaky_relu,model_7,Float8WeightOnlyConfig,float8,8.0,False,False,pytorch_quantized_p95_latency,0.0005060020834207535,pytorch,p95_latency,False,2.0
639,279,359,101,739,"[279, 359, 101]",leaky_relu,model_7,Int8DynamicActivationInt8WeightConfig,int8,8.0,True,False,pytorch_quantized_p95_latency,0.010215990804135799,pytorch,p95_latency,False,2.0
640,279,359,101,739,"[279, 359, 101]",leaky_relu,model_7,Int8WeightOnlyConfig,int8,8.0,False,False,pytorch_quantized_p99_latency,0.00047242384403944015,pytorch,p99_latency,False,2.0
641,279,359,101,739,"[279, 359, 101]",leaky_relu,model_7,Float8WeightOnlyConfig,float8,8.0,False,False,pytorch_quantized_p99_latency,0.0005200665816664696,pytorch,p99_latency,False,2.0
642,279,359,101,739,"[279, 359, 101]",leaky_relu,model_7,Int8DynamicActivationInt8WeightConfig,int8,8.0,True,False,pytorch_quantized_p99_latency,0.011130764782428729,pytorch,p99_latency,False,2.0
643,279,359,101,739,"[279, 359, 101]",leaky_relu,model_7,Int8WeightOnlyConfig,int8,8.0,False,False,pytorch_relative_model_size,0.25,pytorch,model_size,True,2.0
644,279,359,101,739,"[279, 359, 101]",leaky_relu,model_7,Float8WeightOnlyConfig,float8,8.0,False,False,pytorch_relative_model_size,0.25,pytorch,model_size,True,2.0
645,279,359,101,739,"[279, 359, 101]",leaky_relu,model_7,Int8DynamicActivationInt8WeightConfig,int8,8.0,True,False,pytorch_relative_model_size,0.25,pytorch,model_size,True,2.0
646,279,359,101,739,"[279, 359, 101]",leaky_relu,model_7,Int8WeightOnlyConfig,int8,8.0,False,False,pytorch_relative_median_latency,2.9044707273802484,pytorch,median_latency,True,2.0
647,279,359,101,739,"[279, 359, 101]",leaky_relu,model_7,Float8WeightOnlyConfig,float8,8.0,False,False,pytorch_relative_median_latency,3.1504316972205797,pytorch,median_latency,True,2.0
648,279,359,101,739,"[279, 359, 101]",leaky_relu,model_7,Int8DynamicActivationInt8WeightConfig,int8,8.0,True,False,pytorch_relative_median_latency,63.82868125369604,pytorch,median_latency,True,2.0
649,279,359,101,739,"[279, 359, 101]",leaky_relu,model_7,Int8WeightOnlyConfig,int8,8.0,False,False,pytorch_relative_p95_latency,2.774217247539889,pytorch,p95_latency,True,2.0
650,279,359,101,739,"[279, 359, 101]",leaky_relu,model_7,Float8WeightOnlyConfig,float8,8.0,False,False,pytorch_relative_p95_latency,2.9922016640855786,pytorch,p95_latency,True,2.0
651,279,359,101,739,"[279, 359, 101]",leaky_relu,model_7,Int8DynamicActivationInt8WeightConfig,int8,8.0,True,False,pytorch_relative_p95_latency,60.411420596859074,pytorch,p95_latency,True,2.0
652,279,359,101,739,"[279, 359, 101]",leaky_relu,model_7,Int8WeightOnlyConfig,int8,8.0,False,False,pytorch_relative_p99_latency,2.763408047476069,pytorch,p99_latency,True,2.0
653,279,359,101,739,"[279, 359, 101]",leaky_relu,model_7,Float8WeightOnlyConfig,float8,8.0,False,False,pytorch_relative_p99_latency,3.0420906885481243,pytorch,p99_latency,True,2.0
654,279,359,101,739,"[279, 359, 101]",leaky_relu,model_7,Int8DynamicActivationInt8WeightConfig,int8,8.0,True,False,pytorch_relative_p99_latency,65.10857858342746,pytorch,p99_latency,True,2.0
655,279,359,101,739,"[279, 359, 101]",leaky_relu,model_7,Int8WeightOnlyConfig,int8,8.0,False,False,pytorch_quantized_MAE,8.276230206494049,pytorch,MAE,False,3.0
656,279,359,101,739,"[279, 359, 101]",leaky_relu,model_7,Float8WeightOnlyConfig,float8,8.0,False,False,pytorch_quantized_MAE,8.383766271209,pytorch,MAE,False,3.0
657,279,359,101,739,"[279, 359, 101]",leaky_relu,model_7,Int8DynamicActivationInt8WeightConfig,int8,8.0,True,False,pytorch_quantized_MAE,8.264114684915048,pytorch,MAE,False,3.0
658,279,359,101,739,"[279, 359, 101]",leaky_relu,model_7,Int8WeightOnlyConfig,int8,8.0,False,False,pytorch_relative_MAE,1.001577426059945,pytorch,MAE,True,3.0
659,279,359,101,739,"[279, 359, 101]",leaky_relu,model_7,Float8WeightOnlyConfig,float8,8.0,False,False,pytorch_relative_MAE,1.0145912852951924,pytorch,MAE,True,3.0
660,279,359,101,739,"[279, 359, 101]",leaky_relu,model_7,Int8DynamicActivationInt8WeightConfig,int8,8.0,True,False,pytorch_relative_MAE,1.000111223137152,pytorch,MAE,True,3.0
661,279,359,101,739,"[279, 359, 101]",leaky_relu,model_7,Int8WeightOnlyConfig,int8,8.0,False,False,pytorch_quantized_model_size,159860.0,pytorch,model_size,False,3.0
662,279,359,101,739,"[279, 359, 101]",leaky_relu,model_7,Float8WeightOnlyConfig,float8,8.0,False,False,pytorch_quantized_model_size,159860.0,pytorch,model_size,False,3.0
663,279,359,101,739,"[279, 359, 101]",leaky_relu,model_7,Int8DynamicActivationInt8WeightConfig,int8,8.0,True,False,pytorch_quantized_model_size,159860.0,pytorch,model_size,False,3.0
664,279,359,101,739,"[279, 359, 101]",leaky_relu,model_7,Int8WeightOnlyConfig,int8,8.0,False,False,pytorch_quantized_median_latency,0.0004891809076070786,pytorch,median_latency,False,3.0
665,279,359,101,739,"[279, 359, 101]",leaky_relu,model_7,Float8WeightOnlyConfig,float8,8.0,False,False,pytorch_quantized_median_latency,0.0005299802869558334,pytorch,median_latency,False,3.0
666,279,359,101,739,"[279, 359, 101]",leaky_relu,model_7,Int8DynamicActivationInt8WeightConfig,int8,8.0,True,False,pytorch_quantized_median_latency,0.010292613878846169,pytorch,median_latency,False,3.0
667,279,359,101,739,"[279, 359, 101]",leaky_relu,model_7,Int8WeightOnlyConfig,int8,8.0,False,False,pytorch_quantized_p95_latency,0.0005002591758966445,pytorch,p95_latency,False,3.0
668,279,359,101,739,"[279, 359, 101]",leaky_relu,model_7,Float8WeightOnlyConfig,float8,8.0,False,False,pytorch_quantized_p95_latency,0.0005374046042561532,pytorch,p95_latency,False,3.0
669,279,359,101,739,"[279, 359, 101]",leaky_relu,model_7,Int8DynamicActivationInt8WeightConfig,int8,8.0,True,False,pytorch_quantized_p95_latency,0.010655287839472293,pytorch,p95_latency,False,3.0
670,279,359,101,739,"[279, 359, 101]",leaky_relu,model_7,Int8WeightOnlyConfig,int8,8.0,False,False,pytorch_quantized_p99_latency,0.0005030421167612076,pytorch,p99_latency,False,3.0
671,279,359,101,739,"[279, 359, 101]",leaky_relu,model_7,Float8WeightOnlyConfig,float8,8.0,False,False,pytorch_quantized_p99_latency,0.0005421863496303558,pytorch,p99_latency,False,3.0
672,279,359,101,739,"[279, 359, 101]",leaky_relu,model_7,Int8DynamicActivationInt8WeightConfig,int8,8.0,True,False,pytorch_quantized_p99_latency,0.013701007664203624,pytorch,p99_latency,False,3.0
673,279,359,101,739,"[279, 359, 101]",leaky_relu,model_7,Int8WeightOnlyConfig,int8,8.0,False,False,pytorch_relative_model_size,0.25,pytorch,model_size,True,3.0
674,279,359,101,739,"[279, 359, 101]",leaky_relu,model_7,Float8WeightOnlyConfig,float8,8.0,False,False,pytorch_relative_model_size,0.25,pytorch,model_size,True,3.0
675,279,359,101,739,"[279, 359, 101]",leaky_relu,model_7,Int8DynamicActivationInt8WeightConfig,int8,8.0,True,False,pytorch_relative_model_size,0.25,pytorch,model_size,True,3.0
676,279,359,101,739,"[279, 359, 101]",leaky_relu,model_7,Int8WeightOnlyConfig,int8,8.0,False,False,pytorch_relative_median_latency,2.9810440527134245,pytorch,median_latency,True,3.0
677,279,359,101,739,"[279, 359, 101]",leaky_relu,model_7,Float8WeightOnlyConfig,float8,8.0,False,False,pytorch_relative_median_latency,3.2296734355668053,pytorch,median_latency,True,3.0
678,279,359,101,739,"[279, 359, 101]",leaky_relu,model_7,Int8DynamicActivationInt8WeightConfig,int8,8.0,True,False,pytorch_relative_median_latency,62.722675626284065,pytorch,median_latency,True,3.0
679,279,359,101,739,"[279, 359, 101]",leaky_relu,model_7,Int8WeightOnlyConfig,int8,8.0,False,False,pytorch_relative_p95_latency,2.8341536201663926,pytorch,p95_latency,True,3.0
680,279,359,101,739,"[279, 359, 101]",leaky_relu,model_7,Float8WeightOnlyConfig,float8,8.0,False,False,pytorch_relative_p95_latency,3.044596237373844,pytorch,p95_latency,True,3.0
681,279,359,101,739,"[279, 359, 101]",leaky_relu,model_7,Int8DynamicActivationInt8WeightConfig,int8,8.0,True,False,pytorch_relative_p95_latency,60.366154303973246,pytorch,p95_latency,True,3.0
682,279,359,101,739,"[279, 359, 101]",leaky_relu,model_7,Int8WeightOnlyConfig,int8,8.0,False,False,pytorch_relative_p99_latency,2.8019719205911446,pytorch,p99_latency,True,3.0
683,279,359,101,739,"[279, 359, 101]",leaky_relu,model_7,Float8WeightOnlyConfig,float8,8.0,False,False,pytorch_relative_p99_latency,3.0200074243748154,pytorch,p99_latency,True,3.0
684,279,359,101,739,"[279, 359, 101]",leaky_relu,model_7,Int8DynamicActivationInt8WeightConfig,int8,8.0,True,False,pytorch_relative_p99_latency,76.31535706408087,pytorch,p99_latency,True,3.0
685,621,191,196,1008,"[621, 191, 196]",gelu,model_8,Int8WeightOnlyConfig,int8,8.0,False,False,pytorch_quantized_MAE,8.480592442366277,pytorch,MAE,False,1.0
686,621,191,196,1008,"[621, 191, 196]",gelu,model_8,Float8WeightOnlyConfig,float8,8.0,False,False,pytorch_quantized_MAE,8.472756185737962,pytorch,MAE,False,1.0
687,621,191,196,1008,"[621, 191, 196]",gelu,model_8,Int8DynamicActivationInt8WeightConfig,int8,8.0,True,False,pytorch_quantized_MAE,8.48969047740172,pytorch,MAE,False,1.0
688,621,191,196,1008,"[621, 191, 196]",gelu,model_8,Int8WeightOnlyConfig,int8,8.0,False,False,pytorch_relative_MAE,1.0009622349877478,pytorch,MAE,True,1.0
689,621,191,196,1008,"[621, 191, 196]",gelu,model_8,Float8WeightOnlyConfig,float8,8.0,False,False,pytorch_relative_MAE,1.0000373235500244,pytorch,MAE,True,1.0
690,621,191,196,1008,"[621, 191, 196]",gelu,model_8,Int8DynamicActivationInt8WeightConfig,int8,8.0,True,False,pytorch_relative_MAE,1.0020360738197591,pytorch,MAE,True,1.0
691,621,191,196,1008,"[621, 191, 196]",gelu,model_8,Int8WeightOnlyConfig,int8,8.0,False,False,pytorch_quantized_model_size,207553.0,pytorch,model_size,False,1.0
692,621,191,196,1008,"[621, 191, 196]",gelu,model_8,Float8WeightOnlyConfig,float8,8.0,False,False,pytorch_quantized_model_size,207553.0,pytorch,model_size,False,1.0
693,621,191,196,1008,"[621, 191, 196]",gelu,model_8,Int8DynamicActivationInt8WeightConfig,int8,8.0,True,False,pytorch_quantized_model_size,207553.0,pytorch,model_size,False,1.0
694,621,191,196,1008,"[621, 191, 196]",gelu,model_8,Int8WeightOnlyConfig,int8,8.0,False,False,pytorch_quantized_median_latency,0.000422915443778038,pytorch,median_latency,False,1.0
695,621,191,196,1008,"[621, 191, 196]",gelu,model_8,Float8WeightOnlyConfig,float8,8.0,False,False,pytorch_quantized_median_latency,0.0005082115530967712,pytorch,median_latency,False,1.0
696,621,191,196,1008,"[621, 191, 196]",gelu,model_8,Int8DynamicActivationInt8WeightConfig,int8,8.0,True,False,pytorch_quantized_median_latency,0.011185437440872192,pytorch,median_latency,False,1.0
697,621,191,196,1008,"[621, 191, 196]",gelu,model_8,Int8WeightOnlyConfig,int8,8.0,False,False,pytorch_quantized_p95_latency,0.0004733499139547348,pytorch,p95_latency,False,1.0
698,621,191,196,1008,"[621, 191, 196]",gelu,model_8,Float8WeightOnlyConfig,float8,8.0,False,False,pytorch_quantized_p95_latency,0.0005203722044825554,pytorch,p95_latency,False,1.0
699,621,191,196,1008,"[621, 191, 196]",gelu,model_8,Int8DynamicActivationInt8WeightConfig,int8,8.0,True,False,pytorch_quantized_p95_latency,0.011285549774765969,pytorch,p95_latency,False,1.0
700,621,191,196,1008,"[621, 191, 196]",gelu,model_8,Int8WeightOnlyConfig,int8,8.0,False,False,pytorch_quantized_p99_latency,0.00047785181552171705,pytorch,p99_latency,False,1.0
701,621,191,196,1008,"[621, 191, 196]",gelu,model_8,Float8WeightOnlyConfig,float8,8.0,False,False,pytorch_quantized_p99_latency,0.0005384610220789909,pytorch,p99_latency,False,1.0
702,621,191,196,1008,"[621, 191, 196]",gelu,model_8,Int8DynamicActivationInt8WeightConfig,int8,8.0,True,False,pytorch_quantized_p99_latency,0.012183979861438274,pytorch,p99_latency,False,1.0
703,621,191,196,1008,"[621, 191, 196]",gelu,model_8,Int8WeightOnlyConfig,int8,8.0,False,False,pytorch_relative_model_size,0.25,pytorch,model_size,True,1.0
704,621,191,196,1008,"[621, 191, 196]",gelu,model_8,Float8WeightOnlyConfig,float8,8.0,False,False,pytorch_relative_model_size,0.25,pytorch,model_size,True,1.0
705,621,191,196,1008,"[621, 191, 196]",gelu,model_8,Int8DynamicActivationInt8WeightConfig,int8,8.0,True,False,pytorch_relative_model_size,0.25,pytorch,model_size,True,1.0
706,621,191,196,1008,"[621, 191, 196]",gelu,model_8,Int8WeightOnlyConfig,int8,8.0,False,False,pytorch_relative_median_latency,2.715758626876383,pytorch,median_latency,True,1.0
707,621,191,196,1008,"[621, 191, 196]",gelu,model_8,Float8WeightOnlyConfig,float8,8.0,False,False,pytorch_relative_median_latency,3.2634890257759706,pytorch,median_latency,True,1.0
708,621,191,196,1008,"[621, 191, 196]",gelu,model_8,Int8DynamicActivationInt8WeightConfig,int8,8.0,True,False,pytorch_relative_median_latency,71.82747443334729,pytorch,median_latency,True,1.0
709,621,191,196,1008,"[621, 191, 196]",gelu,model_8,Int8WeightOnlyConfig,int8,8.0,False,False,pytorch_relative_p95_latency,2.8182874760177885,pytorch,p95_latency,True,1.0
710,621,191,196,1008,"[621, 191, 196]",gelu,model_8,Float8WeightOnlyConfig,float8,8.0,False,False,pytorch_relative_p95_latency,3.098254427698484,pytorch,p95_latency,True,1.0
711,621,191,196,1008,"[621, 191, 196]",gelu,model_8,Int8DynamicActivationInt8WeightConfig,int8,8.0,True,False,pytorch_relative_p95_latency,67.1932594736667,pytorch,p95_latency,True,1.0
712,621,191,196,1008,"[621, 191, 196]",gelu,model_8,Int8WeightOnlyConfig,int8,8.0,False,False,pytorch_relative_p99_latency,2.5401067866747753,pytorch,p99_latency,True,1.0
713,621,191,196,1008,"[621, 191, 196]",gelu,model_8,Float8WeightOnlyConfig,float8,8.0,False,False,pytorch_relative_p99_latency,2.8622858637658988,pytorch,p99_latency,True,1.0
714,621,191,196,1008,"[621, 191, 196]",gelu,model_8,Int8DynamicActivationInt8WeightConfig,int8,8.0,True,False,pytorch_relative_p99_latency,64.76612399381293,pytorch,p99_latency,True,1.0
715,621,191,196,1008,"[621, 191, 196]",gelu,model_8,Int8WeightOnlyConfig,int8,8.0,False,False,pytorch_quantized_MAE,8.41501324959555,pytorch,MAE,False,2.0
716,621,191,196,1008,"[621, 191, 196]",gelu,model_8,Float8WeightOnlyConfig,float8,8.0,False,False,pytorch_quantized_MAE,8.411594860977647,pytorch,MAE,False,2.0
717,621,191,196,1008,"[621, 191, 196]",gelu,model_8,Int8DynamicActivationInt8WeightConfig,int8,8.0,True,False,pytorch_quantized_MAE,8.42370708820849,pytorch,MAE,False,2.0
718,621,191,196,1008,"[621, 191, 196]",gelu,model_8,Int8WeightOnlyConfig,int8,8.0,False,False,pytorch_relative_MAE,1.0010766702425766,pytorch,MAE,True,2.0
719,621,191,196,1008,"[621, 191, 196]",gelu,model_8,Float8WeightOnlyConfig,float8,8.0,False,False,pytorch_relative_MAE,1.0006700078887925,pytorch,MAE,True,2.0
720,621,191,196,1008,"[621, 191, 196]",gelu,model_8,Int8DynamicActivationInt8WeightConfig,int8,8.0,True,False,pytorch_relative_MAE,1.0021109168625313,pytorch,MAE,True,2.0
721,621,191,196,1008,"[621, 191, 196]",gelu,model_8,Int8WeightOnlyConfig,int8,8.0,False,False,pytorch_quantized_model_size,207553.0,pytorch,model_size,False,2.0
722,621,191,196,1008,"[621, 191, 196]",gelu,model_8,Float8WeightOnlyConfig,float8,8.0,False,False,pytorch_quantized_model_size,207553.0,pytorch,model_size,False,2.0
723,621,191,196,1008,"[621, 191, 196]",gelu,model_8,Int8DynamicActivationInt8WeightConfig,int8,8.0,True,False,pytorch_quantized_model_size,207553.0,pytorch,model_size,False,2.0
724,621,191,196,1008,"[621, 191, 196]",gelu,model_8,Int8WeightOnlyConfig,int8,8.0,False,False,pytorch_quantized_median_latency,0.0004255250096321106,pytorch,median_latency,False,2.0
725,621,191,196,1008,"[621, 191, 196]",gelu,model_8,Float8WeightOnlyConfig,float8,8.0,False,False,pytorch_quantized_median_latency,0.0005241427570581436,pytorch,median_latency,False,2.0
726,621,191,196,1008,"[621, 191, 196]",gelu,model_8,Int8DynamicActivationInt8WeightConfig,int8,8.0,True,False,pytorch_quantized_median_latency,0.011262886226177216,pytorch,median_latency,False,2.0
727,621,191,196,1008,"[621, 191, 196]",gelu,model_8,Int8WeightOnlyConfig,int8,8.0,False,False,pytorch_quantized_p95_latency,0.000436396524310112,pytorch,p95_latency,False,2.0
728,621,191,196,1008,"[621, 191, 196]",gelu,model_8,Float8WeightOnlyConfig,float8,8.0,False,False,pytorch_quantized_p95_latency,0.000531897321343422,pytorch,p95_latency,False,2.0
729,621,191,196,1008,"[621, 191, 196]",gelu,model_8,Int8DynamicActivationInt8WeightConfig,int8,8.0,True,False,pytorch_quantized_p95_latency,0.011339064314961433,pytorch,p95_latency,False,2.0
730,621,191,196,1008,"[621, 191, 196]",gelu,model_8,Int8WeightOnlyConfig,int8,8.0,False,False,pytorch_quantized_p99_latency,0.000440005324780941,pytorch,p99_latency,False,2.0
731,621,191,196,1008,"[621, 191, 196]",gelu,model_8,Float8WeightOnlyConfig,float8,8.0,False,False,pytorch_quantized_p99_latency,0.000534144788980484,pytorch,p99_latency,False,2.0
732,621,191,196,1008,"[621, 191, 196]",gelu,model_8,Int8DynamicActivationInt8WeightConfig,int8,8.0,True,False,pytorch_quantized_p99_latency,0.01185877829790115,pytorch,p99_latency,False,2.0
733,621,191,196,1008,"[621, 191, 196]",gelu,model_8,Int8WeightOnlyConfig,int8,8.0,False,False,pytorch_relative_model_size,0.25,pytorch,model_size,True,2.0
734,621,191,196,1008,"[621, 191, 196]",gelu,model_8,Float8WeightOnlyConfig,float8,8.0,False,False,pytorch_relative_model_size,0.25,pytorch,model_size,True,2.0
735,621,191,196,1008,"[621, 191, 196]",gelu,model_8,Int8DynamicActivationInt8WeightConfig,int8,8.0,True,False,pytorch_relative_model_size,0.25,pytorch,model_size,True,2.0
736,621,191,196,1008,"[621, 191, 196]",gelu,model_8,Int8WeightOnlyConfig,int8,8.0,False,False,pytorch_relative_median_latency,2.6644429152914006,pytorch,median_latency,True,2.0
737,621,191,196,1008,"[621, 191, 196]",gelu,model_8,Float8WeightOnlyConfig,float8,8.0,False,False,pytorch_relative_median_latency,3.281942128036762,pytorch,median_latency,True,2.0
738,621,191,196,1008,"[621, 191, 196]",gelu,model_8,Int8DynamicActivationInt8WeightConfig,int8,8.0,True,False,pytorch_relative_median_latency,70.52304031910055,pytorch,median_latency,True,2.0
739,621,191,196,1008,"[621, 191, 196]",gelu,model_8,Int8WeightOnlyConfig,int8,8.0,False,False,pytorch_relative_p95_latency,2.5216997276905357,pytorch,p95_latency,True,2.0
740,621,191,196,1008,"[621, 191, 196]",gelu,model_8,Float8WeightOnlyConfig,float8,8.0,False,False,pytorch_relative_p95_latency,3.0735472343906403,pytorch,p95_latency,True,2.0
741,621,191,196,1008,"[621, 191, 196]",gelu,model_8,Int8DynamicActivationInt8WeightConfig,int8,8.0,True,False,pytorch_relative_p95_latency,65.52232614709015,pytorch,p95_latency,True,2.0
742,621,191,196,1008,"[621, 191, 196]",gelu,model_8,Int8WeightOnlyConfig,int8,8.0,False,False,pytorch_relative_p99_latency,2.4793217777357954,pytorch,p99_latency,True,2.0
743,621,191,196,1008,"[621, 191, 196]",gelu,model_8,Float8WeightOnlyConfig,float8,8.0,False,False,pytorch_relative_p99_latency,3.0097745031670313,pytorch,p99_latency,True,2.0
744,621,191,196,1008,"[621, 191, 196]",gelu,model_8,Int8DynamicActivationInt8WeightConfig,int8,8.0,True,False,pytorch_relative_p99_latency,66.8212988239739,pytorch,p99_latency,True,2.0
745,621,191,196,1008,"[621, 191, 196]",gelu,model_8,Int8WeightOnlyConfig,int8,8.0,False,False,pytorch_quantized_MAE,8.490094024284987,pytorch,MAE,False,3.0
746,621,191,196,1008,"[621, 191, 196]",gelu,model_8,Float8WeightOnlyConfig,float8,8.0,False,False,pytorch_quantized_MAE,8.48281856045225,pytorch,MAE,False,3.0
747,621,191,196,1008,"[621, 191, 196]",gelu,model_8,Int8DynamicActivationInt8WeightConfig,int8,8.0,True,False,pytorch_quantized_MAE,8.494608286070802,pytorch,MAE,False,3.0
748,621,191,196,1008,"[621, 191, 196]",gelu,model_8,Int8WeightOnlyConfig,int8,8.0,False,False,pytorch_relative_MAE,1.0009029493190904,pytorch,MAE,True,3.0
749,621,191,196,1008,"[621, 191, 196]",gelu,model_8,Float8WeightOnlyConfig,float8,8.0,False,False,pytorch_relative_MAE,1.00004523994779,pytorch,MAE,True,3.0
750,621,191,196,1008,"[621, 191, 196]",gelu,model_8,Int8DynamicActivationInt8WeightConfig,int8,8.0,True,False,pytorch_relative_MAE,1.0014351387062157,pytorch,MAE,True,3.0
751,621,191,196,1008,"[621, 191, 196]",gelu,model_8,Int8WeightOnlyConfig,int8,8.0,False,False,pytorch_quantized_model_size,207553.0,pytorch,model_size,False,3.0
752,621,191,196,1008,"[621, 191, 196]",gelu,model_8,Float8WeightOnlyConfig,float8,8.0,False,False,pytorch_quantized_model_size,207553.0,pytorch,model_size,False,3.0
753,621,191,196,1008,"[621, 191, 196]",gelu,model_8,Int8DynamicActivationInt8WeightConfig,int8,8.0,True,False,pytorch_quantized_model_size,207553.0,pytorch,model_size,False,3.0
754,621,191,196,1008,"[621, 191, 196]",gelu,model_8,Int8WeightOnlyConfig,int8,8.0,False,False,pytorch_quantized_median_latency,0.00043006613850593567,pytorch,median_latency,False,3.0
755,621,191,196,1008,"[621, 191, 196]",gelu,model_8,Float8WeightOnlyConfig,float8,8.0,False,False,pytorch_quantized_median_latency,0.0005228891968727112,pytorch,median_latency,False,3.0
756,621,191,196,1008,"[621, 191, 196]",gelu,model_8,Int8DynamicActivationInt8WeightConfig,int8,8.0,True,False,pytorch_quantized_median_latency,0.011165188625454903,pytorch,median_latency,False,3.0
757,621,191,196,1008,"[621, 191, 196]",gelu,model_8,Int8WeightOnlyConfig,int8,8.0,False,False,pytorch_quantized_p95_latency,0.00047913603484630587,pytorch,p95_latency,False,3.0
758,621,191,196,1008,"[621, 191, 196]",gelu,model_8,Float8WeightOnlyConfig,float8,8.0,False,False,pytorch_quantized_p95_latency,0.000530451163649559,pytorch,p95_latency,False,3.0
759,621,191,196,1008,"[621, 191, 196]",gelu,model_8,Int8DynamicActivationInt8WeightConfig,int8,8.0,True,False,pytorch_quantized_p95_latency,0.011299140751361847,pytorch,p95_latency,False,3.0
760,621,191,196,1008,"[621, 191, 196]",gelu,model_8,Int8WeightOnlyConfig,int8,8.0,False,False,pytorch_quantized_p99_latency,0.00048239175230264665,pytorch,p99_latency,False,3.0
761,621,191,196,1008,"[621, 191, 196]",gelu,model_8,Float8WeightOnlyConfig,float8,8.0,False,False,pytorch_quantized_p99_latency,0.0005514430999755858,pytorch,p99_latency,False,3.0
762,621,191,196,1008,"[621, 191, 196]",gelu,model_8,Int8DynamicActivationInt8WeightConfig,int8,8.0,True,False,pytorch_quantized_p99_latency,0.012440692037343977,pytorch,p99_latency,False,3.0
763,621,191,196,1008,"[621, 191, 196]",gelu,model_8,Int8WeightOnlyConfig,int8,8.0,False,False,pytorch_relative_model_size,0.25,pytorch,model_size,True,3.0
764,621,191,196,1008,"[621, 191, 196]",gelu,model_8,Float8WeightOnlyConfig,float8,8.0,False,False,pytorch_relative_model_size,0.25,pytorch,model_size,True,3.0
765,621,191,196,1008,"[621, 191, 196]",gelu,model_8,Int8DynamicActivationInt8WeightConfig,int8,8.0,True,False,pytorch_relative_model_size,0.25,pytorch,model_size,True,3.0
766,621,191,196,1008,"[621, 191, 196]",gelu,model_8,Int8WeightOnlyConfig,int8,8.0,False,False,pytorch_relative_median_latency,2.653938551017828,pytorch,median_latency,True,3.0
767,621,191,196,1008,"[621, 191, 196]",gelu,model_8,Float8WeightOnlyConfig,float8,8.0,False,False,pytorch_relative_median_latency,3.226749732755549,pytorch,median_latency,True,3.0
768,621,191,196,1008,"[621, 191, 196]",gelu,model_8,Int8DynamicActivationInt8WeightConfig,int8,8.0,True,False,pytorch_relative_median_latency,68.90038965965125,pytorch,median_latency,True,3.0
769,621,191,196,1008,"[621, 191, 196]",gelu,model_8,Int8WeightOnlyConfig,int8,8.0,False,False,pytorch_relative_p95_latency,2.749579921756419,pytorch,p95_latency,True,3.0
770,621,191,196,1008,"[621, 191, 196]",gelu,model_8,Float8WeightOnlyConfig,float8,8.0,False,False,pytorch_relative_p95_latency,3.0440579772110223,pytorch,p95_latency,True,3.0
771,621,191,196,1008,"[621, 191, 196]",gelu,model_8,Int8DynamicActivationInt8WeightConfig,int8,8.0,True,False,pytorch_relative_p95_latency,64.84148192487761,pytorch,p95_latency,True,3.0
772,621,191,196,1008,"[621, 191, 196]",gelu,model_8,Int8WeightOnlyConfig,int8,8.0,False,False,pytorch_relative_p99_latency,2.647981260403504,pytorch,p99_latency,True,3.0
773,621,191,196,1008,"[621, 191, 196]",gelu,model_8,Float8WeightOnlyConfig,float8,8.0,False,False,pytorch_relative_p99_latency,3.027023136162678,pytorch,p99_latency,True,3.0
774,621,191,196,1008,"[621, 191, 196]",gelu,model_8,Int8DynamicActivationInt8WeightConfig,int8,8.0,True,False,pytorch_relative_p99_latency,68.29038685692552,pytorch,p99_latency,True,3.0
775,612,276,87,975,"[612, 276, 87]",leaky_relu,model_9,Int8WeightOnlyConfig,int8,8.0,False,False,pytorch_quantized_MAE,8.372525851230854,pytorch,MAE,False,1.0
776,612,276,87,975,"[612, 276, 87]",leaky_relu,model_9,Float8WeightOnlyConfig,float8,8.0,False,False,pytorch_quantized_MAE,8.455207860593177,pytorch,MAE,False,1.0
777,612,276,87,975,"[612, 276, 87]",leaky_relu,model_9,Int8DynamicActivationInt8WeightConfig,int8,8.0,True,False,pytorch_quantized_MAE,8.37526797261422,pytorch,MAE,False,1.0
778,612,276,87,975,"[612, 276, 87]",leaky_relu,model_9,Int8WeightOnlyConfig,int8,8.0,False,False,pytorch_relative_MAE,0.9980736288932572,pytorch,MAE,True,1.0
779,612,276,87,975,"[612, 276, 87]",leaky_relu,model_9,Float8WeightOnlyConfig,float8,8.0,False,False,pytorch_relative_MAE,1.0079300013422365,pytorch,MAE,True,1.0
780,612,276,87,975,"[612, 276, 87]",leaky_relu,model_9,Int8DynamicActivationInt8WeightConfig,int8,8.0,True,False,pytorch_relative_MAE,0.9984005122124122,pytorch,MAE,True,1.0
781,612,276,87,975,"[612, 276, 87]",leaky_relu,model_9,Int8WeightOnlyConfig,int8,8.0,False,False,pytorch_quantized_model_size,243559.0,pytorch,model_size,False,1.0
782,612,276,87,975,"[612, 276, 87]",leaky_relu,model_9,Float8WeightOnlyConfig,float8,8.0,False,False,pytorch_quantized_model_size,243559.0,pytorch,model_size,False,1.0
783,612,276,87,975,"[612, 276, 87]",leaky_relu,model_9,Int8DynamicActivationInt8WeightConfig,int8,8.0,True,False,pytorch_quantized_model_size,243559.0,pytorch,model_size,False,1.0
784,612,276,87,975,"[612, 276, 87]",leaky_relu,model_9,Int8WeightOnlyConfig,int8,8.0,False,False,pytorch_quantized_median_latency,0.0004791170358657837,pytorch,median_latency,False,1.0
785,612,276,87,975,"[612, 276, 87]",leaky_relu,model_9,Float8WeightOnlyConfig,float8,8.0,False,False,pytorch_quantized_median_latency,0.0005278624594211578,pytorch,median_latency,False,1.0
786,612,276,87,975,"[612, 276, 87]",leaky_relu,model_9,Int8DynamicActivationInt8WeightConfig,int8,8.0,True,False,pytorch_quantized_median_latency,0.011498771607875824,pytorch,median_latency,False,1.0
787,612,276,87,975,"[612, 276, 87]",leaky_relu,model_9,Int8WeightOnlyConfig,int8,8.0,False,False,pytorch_quantized_p95_latency,0.0004886843264102936,pytorch,p95_latency,False,1.0
788,612,276,87,975,"[612, 276, 87]",leaky_relu,model_9,Float8WeightOnlyConfig,float8,8.0,False,False,pytorch_quantized_p95_latency,0.0005360469222068787,pytorch,p95_latency,False,1.0
789,612,276,87,975,"[612, 276, 87]",leaky_relu,model_9,Int8DynamicActivationInt8WeightConfig,int8,8.0,True,False,pytorch_quantized_p95_latency,0.011675931140780449,pytorch,p95_latency,False,1.0
790,612,276,87,975,"[612, 276, 87]",leaky_relu,model_9,Int8WeightOnlyConfig,int8,8.0,False,False,pytorch_quantized_p99_latency,0.0004928207769989968,pytorch,p99_latency,False,1.0
791,612,276,87,975,"[612, 276, 87]",leaky_relu,model_9,Float8WeightOnlyConfig,float8,8.0,False,False,pytorch_quantized_p99_latency,0.0005405280366539955,pytorch,p99_latency,False,1.0
792,612,276,87,975,"[612, 276, 87]",leaky_relu,model_9,Int8DynamicActivationInt8WeightConfig,int8,8.0,True,False,pytorch_quantized_p99_latency,0.012757355459034439,pytorch,p99_latency,False,1.0
793,612,276,87,975,"[612, 276, 87]",leaky_relu,model_9,Int8WeightOnlyConfig,int8,8.0,False,False,pytorch_relative_model_size,0.25,pytorch,model_size,True,1.0
794,612,276,87,975,"[612, 276, 87]",leaky_relu,model_9,Float8WeightOnlyConfig,float8,8.0,False,False,pytorch_relative_model_size,0.25,pytorch,model_size,True,1.0
795,612,276,87,975,"[612, 276, 87]",leaky_relu,model_9,Int8DynamicActivationInt8WeightConfig,int8,8.0,True,False,pytorch_relative_model_size,0.25,pytorch,model_size,True,1.0
796,612,276,87,975,"[612, 276, 87]",leaky_relu,model_9,Int8WeightOnlyConfig,int8,8.0,False,False,pytorch_relative_median_latency,2.905566600397614,pytorch,median_latency,True,1.0
797,612,276,87,975,"[612, 276, 87]",leaky_relu,model_9,Float8WeightOnlyConfig,float8,8.0,False,False,pytorch_relative_median_latency,3.2011792879089103,pytorch,median_latency,True,1.0
798,612,276,87,975,"[612, 276, 87]",leaky_relu,model_9,Int8DynamicActivationInt8WeightConfig,int8,8.0,True,False,pytorch_relative_median_latency,69.73337249231882,pytorch,median_latency,True,1.0
799,612,276,87,975,"[612, 276, 87]",leaky_relu,model_9,Int8WeightOnlyConfig,int8,8.0,False,False,pytorch_relative_p95_latency,2.7499792986703984,pytorch,p95_latency,True,1.0
800,612,276,87,975,"[612, 276, 87]",leaky_relu,model_9,Float8WeightOnlyConfig,float8,8.0,False,False,pytorch_relative_p95_latency,3.0165034144091734,pytorch,p95_latency,True,1.0
801,612,276,87,975,"[612, 276, 87]",leaky_relu,model_9,Int8DynamicActivationInt8WeightConfig,int8,8.0,True,False,pytorch_relative_p95_latency,65.70411039311563,pytorch,p95_latency,True,1.0
802,612,276,87,975,"[612, 276, 87]",leaky_relu,model_9,Int8WeightOnlyConfig,int8,8.0,False,False,pytorch_relative_p99_latency,2.7453939775915885,pytorch,p99_latency,True,1.0
803,612,276,87,975,"[612, 276, 87]",leaky_relu,model_9,Float8WeightOnlyConfig,float8,8.0,False,False,pytorch_relative_p99_latency,3.0111604173545334,pytorch,p99_latency,True,1.0
804,612,276,87,975,"[612, 276, 87]",leaky_relu,model_9,Int8DynamicActivationInt8WeightConfig,int8,8.0,True,False,pytorch_relative_p99_latency,71.06836497540692,pytorch,p99_latency,True,1.0
805,612,276,87,975,"[612, 276, 87]",leaky_relu,model_9,Int8WeightOnlyConfig,int8,8.0,False,False,pytorch_quantized_MAE,8.388741519242553,pytorch,MAE,False,2.0
806,612,276,87,975,"[612, 276, 87]",leaky_relu,model_9,Float8WeightOnlyConfig,float8,8.0,False,False,pytorch_quantized_MAE,8.472490043317162,pytorch,MAE,False,2.0
807,612,276,87,975,"[612, 276, 87]",leaky_relu,model_9,Int8DynamicActivationInt8WeightConfig,int8,8.0,True,False,pytorch_quantized_MAE,8.398896982618243,pytorch,MAE,False,2.0
808,612,276,87,975,"[612, 276, 87]",leaky_relu,model_9,Int8WeightOnlyConfig,int8,8.0,False,False,pytorch_relative_MAE,0.9979751124343331,pytorch,MAE,True,2.0
809,612,276,87,975,"[612, 276, 87]",leaky_relu,model_9,Float8WeightOnlyConfig,float8,8.0,False,False,pytorch_relative_MAE,1.0079383402364832,pytorch,MAE,True,2.0
810,612,276,87,975,"[612, 276, 87]",leaky_relu,model_9,Int8DynamicActivationInt8WeightConfig,int8,8.0,True,False,pytorch_relative_MAE,0.9991832673978553,pytorch,MAE,True,2.0
811,612,276,87,975,"[612, 276, 87]",leaky_relu,model_9,Int8WeightOnlyConfig,int8,8.0,False,False,pytorch_quantized_model_size,243559.0,pytorch,model_size,False,2.0
812,612,276,87,975,"[612, 276, 87]",leaky_relu,model_9,Float8WeightOnlyConfig,float8,8.0,False,False,pytorch_quantized_model_size,243559.0,pytorch,model_size,False,2.0
813,612,276,87,975,"[612, 276, 87]",leaky_relu,model_9,Int8DynamicActivationInt8WeightConfig,int8,8.0,True,False,pytorch_quantized_model_size,243559.0,pytorch,model_size,False,2.0
814,612,276,87,975,"[612, 276, 87]",leaky_relu,model_9,Int8WeightOnlyConfig,int8,8.0,False,False,pytorch_quantized_median_latency,0.0004427526146173477,pytorch,median_latency,False,2.0
815,612,276,87,975,"[612, 276, 87]",leaky_relu,model_9,Float8WeightOnlyConfig,float8,8.0,False,False,pytorch_quantized_median_latency,0.0005376487970352173,pytorch,median_latency,False,2.0
816,612,276,87,975,"[612, 276, 87]",leaky_relu,model_9,Int8DynamicActivationInt8WeightConfig,int8,8.0,True,False,pytorch_quantized_median_latency,0.011400492861866951,pytorch,median_latency,False,2.0
817,612,276,87,975,"[612, 276, 87]",leaky_relu,model_9,Int8WeightOnlyConfig,int8,8.0,False,False,pytorch_quantized_p95_latency,0.000456053763628006,pytorch,p95_latency,False,2.0
818,612,276,87,975,"[612, 276, 87]",leaky_relu,model_9,Float8WeightOnlyConfig,float8,8.0,False,False,pytorch_quantized_p95_latency,0.0005987608805298805,pytorch,p95_latency,False,2.0
819,612,276,87,975,"[612, 276, 87]",leaky_relu,model_9,Int8DynamicActivationInt8WeightConfig,int8,8.0,True,False,pytorch_quantized_p95_latency,0.011537909321486949,pytorch,p95_latency,False,2.0
820,612,276,87,975,"[612, 276, 87]",leaky_relu,model_9,Int8WeightOnlyConfig,int8,8.0,False,False,pytorch_quantized_p99_latency,0.00046034496277570726,pytorch,p99_latency,False,2.0
821,612,276,87,975,"[612, 276, 87]",leaky_relu,model_9,Float8WeightOnlyConfig,float8,8.0,False,False,pytorch_quantized_p99_latency,0.000612821616232395,pytorch,p99_latency,False,2.0
822,612,276,87,975,"[612, 276, 87]",leaky_relu,model_9,Int8DynamicActivationInt8WeightConfig,int8,8.0,True,False,pytorch_quantized_p99_latency,0.011992514543235295,pytorch,p99_latency,False,2.0
823,612,276,87,975,"[612, 276, 87]",leaky_relu,model_9,Int8WeightOnlyConfig,int8,8.0,False,False,pytorch_relative_model_size,0.25,pytorch,model_size,True,2.0
824,612,276,87,975,"[612, 276, 87]",leaky_relu,model_9,Float8WeightOnlyConfig,float8,8.0,False,False,pytorch_relative_model_size,0.25,pytorch,model_size,True,2.0
825,612,276,87,975,"[612, 276, 87]",leaky_relu,model_9,Int8DynamicActivationInt8WeightConfig,int8,8.0,True,False,pytorch_relative_model_size,0.25,pytorch,model_size,True,2.0
826,612,276,87,975,"[612, 276, 87]",leaky_relu,model_9,Int8WeightOnlyConfig,int8,8.0,False,False,pytorch_relative_median_latency,2.4149733815580934,pytorch,median_latency,True,2.0
827,612,276,87,975,"[612, 276, 87]",leaky_relu,model_9,Float8WeightOnlyConfig,float8,8.0,False,False,pytorch_relative_median_latency,2.93258016011704,pytorch,median_latency,True,2.0
828,612,276,87,975,"[612, 276, 87]",leaky_relu,model_9,Int8DynamicActivationInt8WeightConfig,int8,8.0,True,False,pytorch_relative_median_latency,62.183453895233065,pytorch,median_latency,True,2.0
829,612,276,87,975,"[612, 276, 87]",leaky_relu,model_9,Int8WeightOnlyConfig,int8,8.0,False,False,pytorch_relative_p95_latency,2.3227014607361927,pytorch,p95_latency,True,2.0
830,612,276,87,975,"[612, 276, 87]",leaky_relu,model_9,Float8WeightOnlyConfig,float8,8.0,False,False,pytorch_relative_p95_latency,3.0495149536203447,pytorch,p95_latency,True,2.0
831,612,276,87,975,"[612, 276, 87]",leaky_relu,model_9,Int8DynamicActivationInt8WeightConfig,int8,8.0,True,False,pytorch_relative_p95_latency,58.76306912076924,pytorch,p95_latency,True,2.0
832,612,276,87,975,"[612, 276, 87]",leaky_relu,model_9,Int8WeightOnlyConfig,int8,8.0,False,False,pytorch_relative_p99_latency,2.3223987519444487,pytorch,p99_latency,True,2.0
833,612,276,87,975,"[612, 276, 87]",leaky_relu,model_9,Float8WeightOnlyConfig,float8,8.0,False,False,pytorch_relative_p99_latency,3.0916296946560147,pytorch,p99_latency,True,2.0
834,612,276,87,975,"[612, 276, 87]",leaky_relu,model_9,Int8DynamicActivationInt8WeightConfig,int8,8.0,True,False,pytorch_relative_p99_latency,60.50115252690463,pytorch,p99_latency,True,2.0
835,612,276,87,975,"[612, 276, 87]",leaky_relu,model_9,Int8WeightOnlyConfig,int8,8.0,False,False,pytorch_quantized_MAE,8.726880135450964,pytorch,MAE,False,3.0
836,612,276,87,975,"[612, 276, 87]",leaky_relu,model_9,Float8WeightOnlyConfig,float8,8.0,False,False,pytorch_quantized_MAE,8.818238625297655,pytorch,MAE,False,3.0
837,612,276,87,975,"[612, 276, 87]",leaky_relu,model_9,Int8DynamicActivationInt8WeightConfig,int8,8.0,True,False,pytorch_quantized_MAE,8.740891163234764,pytorch,MAE,False,3.0
838,612,276,87,975,"[612, 276, 87]",leaky_relu,model_9,Int8WeightOnlyConfig,int8,8.0,False,False,pytorch_relative_MAE,0.9978325306576219,pytorch,MAE,True,3.0
839,612,276,87,975,"[612, 276, 87]",leaky_relu,model_9,Float8WeightOnlyConfig,float8,8.0,False,False,pytorch_relative_MAE,1.0082784714412547,pytorch,MAE,True,3.0
840,612,276,87,975,"[612, 276, 87]",leaky_relu,model_9,Int8DynamicActivationInt8WeightConfig,int8,8.0,True,False,pytorch_relative_MAE,0.9994345532697843,pytorch,MAE,True,3.0
841,612,276,87,975,"[612, 276, 87]",leaky_relu,model_9,Int8WeightOnlyConfig,int8,8.0,False,False,pytorch_quantized_model_size,243559.0,pytorch,model_size,False,3.0
842,612,276,87,975,"[612, 276, 87]",leaky_relu,model_9,Float8WeightOnlyConfig,float8,8.0,False,False,pytorch_quantized_model_size,243559.0,pytorch,model_size,False,3.0
843,612,276,87,975,"[612, 276, 87]",leaky_relu,model_9,Int8DynamicActivationInt8WeightConfig,int8,8.0,True,False,pytorch_quantized_model_size,243559.0,pytorch,model_size,False,3.0
844,612,276,87,975,"[612, 276, 87]",leaky_relu,model_9,Int8WeightOnlyConfig,int8,8.0,False,False,pytorch_quantized_median_latency,0.00042867474257946014,pytorch,median_latency,False,3.0
845,612,276,87,975,"[612, 276, 87]",leaky_relu,model_9,Float8WeightOnlyConfig,float8,8.0,False,False,pytorch_quantized_median_latency,0.0005218181759119034,pytorch,median_latency,False,3.0
846,612,276,87,975,"[612, 276, 87]",leaky_relu,model_9,Int8DynamicActivationInt8WeightConfig,int8,8.0,True,False,pytorch_quantized_median_latency,0.011317456141114235,pytorch,median_latency,False,3.0
847,612,276,87,975,"[612, 276, 87]",leaky_relu,model_9,Int8WeightOnlyConfig,int8,8.0,False,False,pytorch_quantized_p95_latency,0.00043951459228992463,pytorch,p95_latency,False,3.0
848,612,276,87,975,"[612, 276, 87]",leaky_relu,model_9,Float8WeightOnlyConfig,float8,8.0,False,False,pytorch_quantized_p95_latency,0.0005868291482329369,pytorch,p95_latency,False,3.0
849,612,276,87,975,"[612, 276, 87]",leaky_relu,model_9,Int8DynamicActivationInt8WeightConfig,int8,8.0,True,False,pytorch_quantized_p95_latency,0.011516831442713737,pytorch,p95_latency,False,3.0
850,612,276,87,975,"[612, 276, 87]",leaky_relu,model_9,Int8WeightOnlyConfig,int8,8.0,False,False,pytorch_quantized_p99_latency,0.00044274419546127316,pytorch,p99_latency,False,3.0
851,612,276,87,975,"[612, 276, 87]",leaky_relu,model_9,Float8WeightOnlyConfig,float8,8.0,False,False,pytorch_quantized_p99_latency,0.0005924813449382782,pytorch,p99_latency,False,3.0
852,612,276,87,975,"[612, 276, 87]",leaky_relu,model_9,Int8DynamicActivationInt8WeightConfig,int8,8.0,True,False,pytorch_quantized_p99_latency,0.01343948129564523,pytorch,p99_latency,False,3.0
853,612,276,87,975,"[612, 276, 87]",leaky_relu,model_9,Int8WeightOnlyConfig,int8,8.0,False,False,pytorch_relative_model_size,0.25,pytorch,model_size,True,3.0
854,612,276,87,975,"[612, 276, 87]",leaky_relu,model_9,Float8WeightOnlyConfig,float8,8.0,False,False,pytorch_relative_model_size,0.25,pytorch,model_size,True,3.0
855,612,276,87,975,"[612, 276, 87]",leaky_relu,model_9,Int8DynamicActivationInt8WeightConfig,int8,8.0,True,False,pytorch_relative_model_size,0.25,pytorch,model_size,True,3.0
856,612,276,87,975,"[612, 276, 87]",leaky_relu,model_9,Int8WeightOnlyConfig,int8,8.0,False,False,pytorch_relative_median_latency,2.6194882651551366,pytorch,median_latency,True,3.0
857,612,276,87,975,"[612, 276, 87]",leaky_relu,model_9,Float8WeightOnlyConfig,float8,8.0,False,False,pytorch_relative_median_latency,3.188656696032234,pytorch,median_latency,True,3.0
858,612,276,87,975,"[612, 276, 87]",leaky_relu,model_9,Int8DynamicActivationInt8WeightConfig,int8,8.0,True,False,pytorch_relative_median_latency,69.15719684035602,pytorch,median_latency,True,3.0
859,612,276,87,975,"[612, 276, 87]",leaky_relu,model_9,Int8WeightOnlyConfig,int8,8.0,False,False,pytorch_relative_p95_latency,2.4954640924060296,pytorch,p95_latency,True,3.0
860,612,276,87,975,"[612, 276, 87]",leaky_relu,model_9,Float8WeightOnlyConfig,float8,8.0,False,False,pytorch_relative_p95_latency,3.331882703058274,pytorch,p95_latency,True,3.0
861,612,276,87,975,"[612, 276, 87]",leaky_relu,model_9,Int8DynamicActivationInt8WeightConfig,int8,8.0,True,False,pytorch_relative_p95_latency,65.3899547995592,pytorch,p95_latency,True,3.0
862,612,276,87,975,"[612, 276, 87]",leaky_relu,model_9,Int8WeightOnlyConfig,int8,8.0,False,False,pytorch_relative_p99_latency,2.490786781721692,pytorch,p99_latency,True,3.0
863,612,276,87,975,"[612, 276, 87]",leaky_relu,model_9,Float8WeightOnlyConfig,float8,8.0,False,False,pytorch_relative_p99_latency,3.3331768491091087,pytorch,p99_latency,True,3.0
864,612,276,87,975,"[612, 276, 87]",leaky_relu,model_9,Int8DynamicActivationInt8WeightConfig,int8,8.0,True,False,pytorch_relative_p99_latency,75.60772723290759,pytorch,p99_latency,True,3.0
