,config_name,precision,bits_per_weight,dynamic_calibration,weight_only,metric,value,runtime,base_metric,relative,train_run,eval_run,split
0,Int8WeightOnlyConfig,int8,8,False,True,pytorch_quantized_MAE,7.30221640320165,pytorch,MAE,False,1,1,train
1,Float8WeightOnlyConfig,float8,8,False,True,pytorch_quantized_MAE,7.291303686108667,pytorch,MAE,False,1,1,train
2,Int8DynamicActivationInt8WeightConfig,int8,8,True,False,pytorch_quantized_MAE,7.295675824765042,pytorch,MAE,False,1,1,train
3,Int8WeightOnlyConfig,int8,8,False,True,pytorch_relative_MAE,1.001227484134964,pytorch,MAE,True,1,1,train
4,Float8WeightOnlyConfig,float8,8,False,True,pytorch_relative_MAE,0.9997312107192249,pytorch,MAE,True,1,1,train
5,Int8DynamicActivationInt8WeightConfig,int8,8,True,False,pytorch_relative_MAE,1.0003306869803354,pytorch,MAE,True,1,1,train
6,Int8WeightOnlyConfig,int8,8,False,True,pytorch_quantized_model_size,206337.0,pytorch,model_size,False,1,1,train
7,Float8WeightOnlyConfig,float8,8,False,True,pytorch_quantized_model_size,206337.0,pytorch,model_size,False,1,1,train
8,Int8DynamicActivationInt8WeightConfig,int8,8,True,False,pytorch_quantized_model_size,206337.0,pytorch,model_size,False,1,1,train
9,Int8WeightOnlyConfig,int8,8,False,True,pytorch_quantized_median_latency,0.0006922365000434638,pytorch,median_latency,False,1,1,train
10,Float8WeightOnlyConfig,float8,8,False,True,pytorch_quantized_median_latency,0.0007672159999856376,pytorch,median_latency,False,1,1,train
11,Int8DynamicActivationInt8WeightConfig,int8,8,True,False,pytorch_quantized_median_latency,0.013605211500021142,pytorch,median_latency,False,1,1,train
12,Int8WeightOnlyConfig,int8,8,False,True,pytorch_quantized_p95_latency,0.000760454399971877,pytorch,p95_latency,False,1,1,train
13,Float8WeightOnlyConfig,float8,8,False,True,pytorch_quantized_p95_latency,0.0008834259000138898,pytorch,p95_latency,False,1,1,train
14,Int8DynamicActivationInt8WeightConfig,int8,8,True,False,pytorch_quantized_p95_latency,0.016083296900001185,pytorch,p95_latency,False,1,1,train
15,Int8WeightOnlyConfig,int8,8,False,True,pytorch_quantized_p99_latency,0.0008597033300088696,pytorch,p99_latency,False,1,1,train
16,Float8WeightOnlyConfig,float8,8,False,True,pytorch_quantized_p99_latency,0.0009812267699862785,pytorch,p99_latency,False,1,1,train
17,Int8DynamicActivationInt8WeightConfig,int8,8,True,False,pytorch_quantized_p99_latency,0.016663444890039614,pytorch,p99_latency,False,1,1,train
18,Int8WeightOnlyConfig,int8,8,False,True,pytorch_relative_model_size,0.25,pytorch,model_size,True,1,1,train
19,Float8WeightOnlyConfig,float8,8,False,True,pytorch_relative_model_size,0.25,pytorch,model_size,True,1,1,train
20,Int8DynamicActivationInt8WeightConfig,int8,8,True,False,pytorch_relative_model_size,0.25,pytorch,model_size,True,1,1,train
21,Int8WeightOnlyConfig,int8,8,False,True,pytorch_relative_median_latency,2.059786295860019,pytorch,median_latency,True,1,1,train
22,Float8WeightOnlyConfig,float8,8,False,True,pytorch_relative_median_latency,2.2828917611766117,pytorch,median_latency,True,1,1,train
23,Int8DynamicActivationInt8WeightConfig,int8,8,True,False,pytorch_relative_median_latency,40.483025957546495,pytorch,median_latency,True,1,1,train
24,Int8WeightOnlyConfig,int8,8,False,True,pytorch_relative_p95_latency,2.0200028129310774,pytorch,p95_latency,True,1,1,train
25,Float8WeightOnlyConfig,float8,8,False,True,pytorch_relative_p95_latency,2.3466532682435934,pytorch,p95_latency,True,1,1,train
26,Int8DynamicActivationInt8WeightConfig,int8,8,True,False,pytorch_relative_p95_latency,42.722226316804196,pytorch,p95_latency,True,1,1,train
27,Int8WeightOnlyConfig,int8,8,False,True,pytorch_relative_p99_latency,1.8369444706012632,pytorch,p99_latency,True,1,1,train
28,Float8WeightOnlyConfig,float8,8,False,True,pytorch_relative_p99_latency,2.0966059181294967,pytorch,p99_latency,True,1,1,train
29,Int8DynamicActivationInt8WeightConfig,int8,8,True,False,pytorch_relative_p99_latency,35.60509990302276,pytorch,p99_latency,True,1,1,train
0,Int8WeightOnlyConfig,int8,8,False,True,pytorch_quantized_MAE,7.393006261070158,pytorch,MAE,False,1,1,test
1,Float8WeightOnlyConfig,float8,8,False,True,pytorch_quantized_MAE,7.381137645143669,pytorch,MAE,False,1,1,test
2,Int8DynamicActivationInt8WeightConfig,int8,8,True,False,pytorch_quantized_MAE,7.381046225188032,pytorch,MAE,False,1,1,test
3,Int8WeightOnlyConfig,int8,8,False,True,pytorch_relative_MAE,1.001226838158279,pytorch,MAE,True,1,1,test
4,Float8WeightOnlyConfig,float8,8,False,True,pytorch_relative_MAE,0.9996194843460731,pytorch,MAE,True,1,1,test
5,Int8DynamicActivationInt8WeightConfig,int8,8,True,False,pytorch_relative_MAE,0.9996071034404043,pytorch,MAE,True,1,1,test
6,Int8WeightOnlyConfig,int8,8,False,True,pytorch_quantized_model_size,206337.0,pytorch,model_size,False,1,1,test
7,Float8WeightOnlyConfig,float8,8,False,True,pytorch_quantized_model_size,206337.0,pytorch,model_size,False,1,1,test
8,Int8DynamicActivationInt8WeightConfig,int8,8,True,False,pytorch_quantized_model_size,206337.0,pytorch,model_size,False,1,1,test
9,Int8WeightOnlyConfig,int8,8,False,True,pytorch_quantized_median_latency,0.0006649494999919625,pytorch,median_latency,False,1,1,test
10,Float8WeightOnlyConfig,float8,8,False,True,pytorch_quantized_median_latency,0.0007536889999926188,pytorch,median_latency,False,1,1,test
11,Int8DynamicActivationInt8WeightConfig,int8,8,True,False,pytorch_quantized_median_latency,0.013348085999979276,pytorch,median_latency,False,1,1,test
12,Int8WeightOnlyConfig,int8,8,False,True,pytorch_quantized_p95_latency,0.0007223174499983996,pytorch,p95_latency,False,1,1,test
13,Float8WeightOnlyConfig,float8,8,False,True,pytorch_quantized_p95_latency,0.0008895895000051723,pytorch,p95_latency,False,1,1,test
14,Int8DynamicActivationInt8WeightConfig,int8,8,True,False,pytorch_quantized_p95_latency,0.014698383100019896,pytorch,p95_latency,False,1,1,test
15,Int8WeightOnlyConfig,int8,8,False,True,pytorch_quantized_p99_latency,0.0008317251299621373,pytorch,p99_latency,False,1,1,test
16,Float8WeightOnlyConfig,float8,8,False,True,pytorch_quantized_p99_latency,0.0009476337499978626,pytorch,p99_latency,False,1,1,test
17,Int8DynamicActivationInt8WeightConfig,int8,8,True,False,pytorch_quantized_p99_latency,0.01531131333001781,pytorch,p99_latency,False,1,1,test
18,Int8WeightOnlyConfig,int8,8,False,True,pytorch_relative_model_size,0.25,pytorch,model_size,True,1,1,test
19,Float8WeightOnlyConfig,float8,8,False,True,pytorch_relative_model_size,0.25,pytorch,model_size,True,1,1,test
20,Int8DynamicActivationInt8WeightConfig,int8,8,True,False,pytorch_relative_model_size,0.25,pytorch,model_size,True,1,1,test
21,Int8WeightOnlyConfig,int8,8,False,True,pytorch_relative_median_latency,2.047674404238048,pytorch,median_latency,True,1,1,test
22,Float8WeightOnlyConfig,float8,8,False,True,pytorch_relative_median_latency,2.320942679194902,pytorch,median_latency,True,1,1,test
23,Int8DynamicActivationInt8WeightConfig,int8,8,True,False,pytorch_relative_median_latency,41.10467644243085,pytorch,median_latency,True,1,1,test
24,Int8WeightOnlyConfig,int8,8,False,True,pytorch_relative_p95_latency,2.066739657528767,pytorch,p95_latency,True,1,1,test
25,Float8WeightOnlyConfig,float8,8,False,True,pytorch_relative_p95_latency,2.5453488609280455,pytorch,p95_latency,True,1,1,test
26,Int8DynamicActivationInt8WeightConfig,int8,8,True,False,pytorch_relative_p95_latency,42.055928808627066,pytorch,p95_latency,True,1,1,test
27,Int8WeightOnlyConfig,int8,8,False,True,pytorch_relative_p99_latency,2.1680724084219283,pytorch,p99_latency,True,1,1,test
28,Float8WeightOnlyConfig,float8,8,False,True,pytorch_relative_p99_latency,2.4702134306718597,pytorch,p99_latency,True,1,1,test
29,Int8DynamicActivationInt8WeightConfig,int8,8,True,False,pytorch_relative_p99_latency,39.91226761301017,pytorch,p99_latency,True,1,1,test
0,Int8WeightOnlyConfig,int8,8,False,True,pytorch_quantized_MAE,7.291788569540022,pytorch,MAE,False,1,2,train
1,Float8WeightOnlyConfig,float8,8,False,True,pytorch_quantized_MAE,7.279714282848001,pytorch,MAE,False,1,2,train
2,Int8DynamicActivationInt8WeightConfig,int8,8,True,False,pytorch_quantized_MAE,7.286384093208531,pytorch,MAE,False,1,2,train
3,Int8WeightOnlyConfig,int8,8,False,True,pytorch_relative_MAE,1.0012892198032637,pytorch,MAE,True,1,2,train
4,Float8WeightOnlyConfig,float8,8,False,True,pytorch_relative_MAE,0.9996312105252606,pytorch,MAE,True,1,2,train
5,Int8DynamicActivationInt8WeightConfig,int8,8,True,False,pytorch_relative_MAE,1.0005470913339867,pytorch,MAE,True,1,2,train
6,Int8WeightOnlyConfig,int8,8,False,True,pytorch_quantized_model_size,206337.0,pytorch,model_size,False,1,2,train
7,Float8WeightOnlyConfig,float8,8,False,True,pytorch_quantized_model_size,206337.0,pytorch,model_size,False,1,2,train
8,Int8DynamicActivationInt8WeightConfig,int8,8,True,False,pytorch_quantized_model_size,206337.0,pytorch,model_size,False,1,2,train
9,Int8WeightOnlyConfig,int8,8,False,True,pytorch_quantized_median_latency,0.0008666800000014518,pytorch,median_latency,False,1,2,train
10,Float8WeightOnlyConfig,float8,8,False,True,pytorch_quantized_median_latency,0.0009176270000352815,pytorch,median_latency,False,1,2,train
11,Int8DynamicActivationInt8WeightConfig,int8,8,True,False,pytorch_quantized_median_latency,0.01897486099994694,pytorch,median_latency,False,1,2,train
12,Int8WeightOnlyConfig,int8,8,False,True,pytorch_quantized_p95_latency,0.0013666961499609442,pytorch,p95_latency,False,1,2,train
13,Float8WeightOnlyConfig,float8,8,False,True,pytorch_quantized_p95_latency,0.0012787838999884116,pytorch,p95_latency,False,1,2,train
14,Int8DynamicActivationInt8WeightConfig,int8,8,True,False,pytorch_quantized_p95_latency,0.02337424810000925,pytorch,p95_latency,False,1,2,train
15,Int8WeightOnlyConfig,int8,8,False,True,pytorch_quantized_p99_latency,0.0016170401399597267,pytorch,p99_latency,False,1,2,train
16,Float8WeightOnlyConfig,float8,8,False,True,pytorch_quantized_p99_latency,0.0016988636500479969,pytorch,p99_latency,False,1,2,train
17,Int8DynamicActivationInt8WeightConfig,int8,8,True,False,pytorch_quantized_p99_latency,0.027663978839964323,pytorch,p99_latency,False,1,2,train
18,Int8WeightOnlyConfig,int8,8,False,True,pytorch_relative_model_size,0.25,pytorch,model_size,True,1,2,train
19,Float8WeightOnlyConfig,float8,8,False,True,pytorch_relative_model_size,0.25,pytorch,model_size,True,1,2,train
20,Int8DynamicActivationInt8WeightConfig,int8,8,True,False,pytorch_relative_model_size,0.25,pytorch,model_size,True,1,2,train
21,Int8WeightOnlyConfig,int8,8,False,True,pytorch_relative_median_latency,2.4295704067999964,pytorch,median_latency,True,1,2,train
22,Float8WeightOnlyConfig,float8,8,False,True,pytorch_relative_median_latency,2.5723905060260357,pytorch,median_latency,True,1,2,train
23,Int8DynamicActivationInt8WeightConfig,int8,8,True,False,pytorch_relative_median_latency,53.19236714650996,pytorch,median_latency,True,1,2,train
24,Int8WeightOnlyConfig,int8,8,False,True,pytorch_relative_p95_latency,3.025932158585554,pytorch,p95_latency,True,1,2,train
25,Float8WeightOnlyConfig,float8,8,False,True,pytorch_relative_p95_latency,2.8312901349484054,pytorch,p95_latency,True,1,2,train
26,Int8DynamicActivationInt8WeightConfig,int8,8,True,False,pytorch_relative_p95_latency,51.751729168620614,pytorch,p95_latency,True,1,2,train
27,Int8WeightOnlyConfig,int8,8,False,True,pytorch_relative_p99_latency,2.6438476392649006,pytorch,p99_latency,True,1,2,train
28,Float8WeightOnlyConfig,float8,8,False,True,pytorch_relative_p99_latency,2.777628420976744,pytorch,p99_latency,True,1,2,train
29,Int8DynamicActivationInt8WeightConfig,int8,8,True,False,pytorch_relative_p99_latency,45.23038318055321,pytorch,p99_latency,True,1,2,train
0,Int8WeightOnlyConfig,int8,8,False,True,pytorch_quantized_MAE,7.39185103580622,pytorch,MAE,False,1,2,test
1,Float8WeightOnlyConfig,float8,8,False,True,pytorch_quantized_MAE,7.37495097952526,pytorch,MAE,False,1,2,test
2,Int8DynamicActivationInt8WeightConfig,int8,8,True,False,pytorch_quantized_MAE,7.386285568337786,pytorch,MAE,False,1,2,test
3,Int8WeightOnlyConfig,int8,8,False,True,pytorch_relative_MAE,1.0014661374323566,pytorch,MAE,True,1,2,test
4,Float8WeightOnlyConfig,float8,8,False,True,pytorch_relative_MAE,0.9991764762900934,pytorch,MAE,True,1,2,test
5,Int8DynamicActivationInt8WeightConfig,int8,8,True,False,pytorch_relative_MAE,1.0007121142273947,pytorch,MAE,True,1,2,test
6,Int8WeightOnlyConfig,int8,8,False,True,pytorch_quantized_model_size,206337.0,pytorch,model_size,False,1,2,test
7,Float8WeightOnlyConfig,float8,8,False,True,pytorch_quantized_model_size,206337.0,pytorch,model_size,False,1,2,test
8,Int8DynamicActivationInt8WeightConfig,int8,8,True,False,pytorch_quantized_model_size,206337.0,pytorch,model_size,False,1,2,test
9,Int8WeightOnlyConfig,int8,8,False,True,pytorch_quantized_median_latency,0.000799186499989446,pytorch,median_latency,False,1,2,test
10,Float8WeightOnlyConfig,float8,8,False,True,pytorch_quantized_median_latency,0.0008855054999798995,pytorch,median_latency,False,1,2,test
11,Int8DynamicActivationInt8WeightConfig,int8,8,True,False,pytorch_quantized_median_latency,0.0179196484999693,pytorch,median_latency,False,1,2,test
12,Int8WeightOnlyConfig,int8,8,False,True,pytorch_quantized_p95_latency,0.0009949882500052353,pytorch,p95_latency,False,1,2,test
13,Float8WeightOnlyConfig,float8,8,False,True,pytorch_quantized_p95_latency,0.001071118650054359,pytorch,p95_latency,False,1,2,test
14,Int8DynamicActivationInt8WeightConfig,int8,8,True,False,pytorch_quantized_p95_latency,0.021040081099999948,pytorch,p95_latency,False,1,2,test
15,Int8WeightOnlyConfig,int8,8,False,True,pytorch_quantized_p99_latency,0.0011080810800024204,pytorch,p99_latency,False,1,2,test
16,Float8WeightOnlyConfig,float8,8,False,True,pytorch_quantized_p99_latency,0.0013640639699565324,pytorch,p99_latency,False,1,2,test
17,Int8DynamicActivationInt8WeightConfig,int8,8,True,False,pytorch_quantized_p99_latency,0.0225262448900628,pytorch,p99_latency,False,1,2,test
18,Int8WeightOnlyConfig,int8,8,False,True,pytorch_relative_model_size,0.25,pytorch,model_size,True,1,2,test
19,Float8WeightOnlyConfig,float8,8,False,True,pytorch_relative_model_size,0.25,pytorch,model_size,True,1,2,test
20,Int8DynamicActivationInt8WeightConfig,int8,8,True,False,pytorch_relative_model_size,0.25,pytorch,model_size,True,1,2,test
21,Int8WeightOnlyConfig,int8,8,False,True,pytorch_relative_median_latency,2.2900474952795387,pytorch,median_latency,True,1,2,test
22,Float8WeightOnlyConfig,float8,8,False,True,pytorch_relative_median_latency,2.537392276160826,pytorch,median_latency,True,1,2,test
23,Int8DynamicActivationInt8WeightConfig,int8,8,True,False,pytorch_relative_median_latency,51.34827247981086,pytorch,median_latency,True,1,2,test
24,Int8WeightOnlyConfig,int8,8,False,True,pytorch_relative_p95_latency,2.3053839110634606,pytorch,p95_latency,True,1,2,test
25,Float8WeightOnlyConfig,float8,8,False,True,pytorch_relative_p95_latency,2.481777752312491,pytorch,p95_latency,True,1,2,test
26,Int8DynamicActivationInt8WeightConfig,int8,8,True,False,pytorch_relative_p95_latency,48.74978619612348,pytorch,p95_latency,True,1,2,test
27,Int8WeightOnlyConfig,int8,8,False,True,pytorch_relative_p99_latency,2.0172558880602924,pytorch,p99_latency,True,1,2,test
28,Float8WeightOnlyConfig,float8,8,False,True,pytorch_relative_p99_latency,2.4832714182609297,pytorch,p99_latency,True,1,2,test
29,Int8DynamicActivationInt8WeightConfig,int8,8,True,False,pytorch_relative_p99_latency,41.008912579093945,pytorch,p99_latency,True,1,2,test
0,Int8WeightOnlyConfig,int8,8,False,True,pytorch_quantized_MAE,7.261774718926127,pytorch,MAE,False,1,3,train
1,Float8WeightOnlyConfig,float8,8,False,True,pytorch_quantized_MAE,7.24960272431717,pytorch,MAE,False,1,3,train
2,Int8DynamicActivationInt8WeightConfig,int8,8,True,False,pytorch_quantized_MAE,7.257748831265202,pytorch,MAE,False,1,3,train
3,Int8WeightOnlyConfig,int8,8,False,True,pytorch_relative_MAE,1.0012565839386067,pytorch,MAE,True,1,3,train
4,Float8WeightOnlyConfig,float8,8,False,True,pytorch_relative_MAE,0.9995783041497669,pytorch,MAE,True,1,3,train
5,Int8DynamicActivationInt8WeightConfig,int8,8,True,False,pytorch_relative_MAE,1.0007014928372273,pytorch,MAE,True,1,3,train
6,Int8WeightOnlyConfig,int8,8,False,True,pytorch_quantized_model_size,206337.0,pytorch,model_size,False,1,3,train
7,Float8WeightOnlyConfig,float8,8,False,True,pytorch_quantized_model_size,206337.0,pytorch,model_size,False,1,3,train
8,Int8DynamicActivationInt8WeightConfig,int8,8,True,False,pytorch_quantized_model_size,206337.0,pytorch,model_size,False,1,3,train
9,Int8WeightOnlyConfig,int8,8,False,True,pytorch_quantized_median_latency,0.0007284724999863101,pytorch,median_latency,False,1,3,train
10,Float8WeightOnlyConfig,float8,8,False,True,pytorch_quantized_median_latency,0.0007978839999509546,pytorch,median_latency,False,1,3,train
11,Int8DynamicActivationInt8WeightConfig,int8,8,True,False,pytorch_quantized_median_latency,0.016326246000062383,pytorch,median_latency,False,1,3,train
12,Int8WeightOnlyConfig,int8,8,False,True,pytorch_quantized_p95_latency,0.0008333015500625151,pytorch,p95_latency,False,1,3,train
13,Float8WeightOnlyConfig,float8,8,False,True,pytorch_quantized_p95_latency,0.0008852720999982465,pytorch,p95_latency,False,1,3,train
14,Int8DynamicActivationInt8WeightConfig,int8,8,True,False,pytorch_quantized_p95_latency,0.01817757540003981,pytorch,p95_latency,False,1,3,train
15,Int8WeightOnlyConfig,int8,8,False,True,pytorch_quantized_p99_latency,0.0009102287599762346,pytorch,p99_latency,False,1,3,train
16,Float8WeightOnlyConfig,float8,8,False,True,pytorch_quantized_p99_latency,0.0009618935100377256,pytorch,p99_latency,False,1,3,train
17,Int8DynamicActivationInt8WeightConfig,int8,8,True,False,pytorch_quantized_p99_latency,0.018851632230016548,pytorch,p99_latency,False,1,3,train
18,Int8WeightOnlyConfig,int8,8,False,True,pytorch_relative_model_size,0.25,pytorch,model_size,True,1,3,train
19,Float8WeightOnlyConfig,float8,8,False,True,pytorch_relative_model_size,0.25,pytorch,model_size,True,1,3,train
20,Int8DynamicActivationInt8WeightConfig,int8,8,True,False,pytorch_relative_model_size,0.25,pytorch,model_size,True,1,3,train
21,Int8WeightOnlyConfig,int8,8,False,True,pytorch_relative_median_latency,2.1492795143953085,pytorch,median_latency,True,1,3,train
22,Float8WeightOnlyConfig,float8,8,False,True,pytorch_relative_median_latency,2.3540706560516713,pytorch,median_latency,True,1,3,train
23,Int8DynamicActivationInt8WeightConfig,int8,8,True,False,pytorch_relative_median_latency,48.16882734155627,pytorch,median_latency,True,1,3,train
24,Int8WeightOnlyConfig,int8,8,False,True,pytorch_relative_p95_latency,2.278656659273014,pytorch,p95_latency,True,1,3,train
25,Float8WeightOnlyConfig,float8,8,False,True,pytorch_relative_p95_latency,2.420769727091322,pytorch,p95_latency,True,1,3,train
26,Int8DynamicActivationInt8WeightConfig,int8,8,True,False,pytorch_relative_p95_latency,49.70643968156622,pytorch,p95_latency,True,1,3,train
27,Int8WeightOnlyConfig,int8,8,False,True,pytorch_relative_p99_latency,2.1954350621774616,pytorch,p99_latency,True,1,3,train
28,Float8WeightOnlyConfig,float8,8,False,True,pytorch_relative_p99_latency,2.320048355836293,pytorch,p99_latency,True,1,3,train
29,Int8DynamicActivationInt8WeightConfig,int8,8,True,False,pytorch_relative_p99_latency,45.46937670716273,pytorch,p99_latency,True,1,3,train
0,Int8WeightOnlyConfig,int8,8,False,True,pytorch_quantized_MAE,7.350939954325263,pytorch,MAE,False,1,3,test
1,Float8WeightOnlyConfig,float8,8,False,True,pytorch_quantized_MAE,7.341869967901134,pytorch,MAE,False,1,3,test
2,Int8DynamicActivationInt8WeightConfig,int8,8,True,False,pytorch_quantized_MAE,7.3476274406024,pytorch,MAE,False,1,3,test
3,Int8WeightOnlyConfig,int8,8,False,True,pytorch_relative_MAE,1.0012196328128757,pytorch,MAE,True,1,3,test
4,Float8WeightOnlyConfig,float8,8,False,True,pytorch_relative_MAE,0.9999842739970497,pytorch,MAE,True,1,3,test
5,Int8DynamicActivationInt8WeightConfig,int8,8,True,False,pytorch_relative_MAE,1.0007684587053605,pytorch,MAE,True,1,3,test
6,Int8WeightOnlyConfig,int8,8,False,True,pytorch_quantized_model_size,206337.0,pytorch,model_size,False,1,3,test
7,Float8WeightOnlyConfig,float8,8,False,True,pytorch_quantized_model_size,206337.0,pytorch,model_size,False,1,3,test
8,Int8DynamicActivationInt8WeightConfig,int8,8,True,False,pytorch_quantized_model_size,206337.0,pytorch,model_size,False,1,3,test
9,Int8WeightOnlyConfig,int8,8,False,True,pytorch_quantized_median_latency,0.0006378990000257545,pytorch,median_latency,False,1,3,test
10,Float8WeightOnlyConfig,float8,8,False,True,pytorch_quantized_median_latency,0.0007526644999416021,pytorch,median_latency,False,1,3,test
11,Int8DynamicActivationInt8WeightConfig,int8,8,True,False,pytorch_quantized_median_latency,0.013771945999963009,pytorch,median_latency,False,1,3,test
12,Int8WeightOnlyConfig,int8,8,False,True,pytorch_quantized_p95_latency,0.0007580033500175885,pytorch,p95_latency,False,1,3,test
13,Float8WeightOnlyConfig,float8,8,False,True,pytorch_quantized_p95_latency,0.0008595320000779336,pytorch,p95_latency,False,1,3,test
14,Int8DynamicActivationInt8WeightConfig,int8,8,True,False,pytorch_quantized_p95_latency,0.014786377499967784,pytorch,p95_latency,False,1,3,test
15,Int8WeightOnlyConfig,int8,8,False,True,pytorch_quantized_p99_latency,0.0008298361200274939,pytorch,p99_latency,False,1,3,test
16,Float8WeightOnlyConfig,float8,8,False,True,pytorch_quantized_p99_latency,0.0009750232899762068,pytorch,p99_latency,False,1,3,test
17,Int8DynamicActivationInt8WeightConfig,int8,8,True,False,pytorch_quantized_p99_latency,0.015352256479949346,pytorch,p99_latency,False,1,3,test
18,Int8WeightOnlyConfig,int8,8,False,True,pytorch_relative_model_size,0.25,pytorch,model_size,True,1,3,test
19,Float8WeightOnlyConfig,float8,8,False,True,pytorch_relative_model_size,0.25,pytorch,model_size,True,1,3,test
20,Int8DynamicActivationInt8WeightConfig,int8,8,True,False,pytorch_relative_model_size,0.25,pytorch,model_size,True,1,3,test
21,Int8WeightOnlyConfig,int8,8,False,True,pytorch_relative_median_latency,1.9393979007219884,pytorch,median_latency,True,1,3,test
22,Float8WeightOnlyConfig,float8,8,False,True,pytorch_relative_median_latency,2.288318293453625,pytorch,median_latency,True,1,3,test
23,Int8DynamicActivationInt8WeightConfig,int8,8,True,False,pytorch_relative_median_latency,41.870708623318876,pytorch,median_latency,True,1,3,test
24,Int8WeightOnlyConfig,int8,8,False,True,pytorch_relative_p95_latency,2.036938424999888,pytorch,p95_latency,True,1,3,test
25,Float8WeightOnlyConfig,float8,8,False,True,pytorch_relative_p95_latency,2.3097704758628366,pytorch,p95_latency,True,1,3,test
26,Int8DynamicActivationInt8WeightConfig,int8,8,True,False,pytorch_relative_p95_latency,39.73457438616767,pytorch,p95_latency,True,1,3,test
27,Int8WeightOnlyConfig,int8,8,False,True,pytorch_relative_p99_latency,2.0794646688970895,pytorch,p99_latency,True,1,3,test
28,Float8WeightOnlyConfig,float8,8,False,True,pytorch_relative_p99_latency,2.443285407714174,pytorch,p99_latency,True,1,3,test
29,Int8DynamicActivationInt8WeightConfig,int8,8,True,False,pytorch_relative_p99_latency,38.47081871640312,pytorch,p99_latency,True,1,3,test
0,Int8WeightOnlyConfig,int8,8,False,True,pytorch_quantized_MAE,7.233618710870907,pytorch,MAE,False,1,4,train
1,Float8WeightOnlyConfig,float8,8,False,True,pytorch_quantized_MAE,7.221267116251295,pytorch,MAE,False,1,4,train
2,Int8DynamicActivationInt8WeightConfig,int8,8,True,False,pytorch_quantized_MAE,7.227780278919936,pytorch,MAE,False,1,4,train
3,Int8WeightOnlyConfig,int8,8,False,True,pytorch_relative_MAE,1.0012392658068283,pytorch,MAE,True,1,4,train
4,Float8WeightOnlyConfig,float8,8,False,True,pytorch_relative_MAE,0.9995296233688188,pytorch,MAE,True,1,4,train
5,Int8DynamicActivationInt8WeightConfig,int8,8,True,False,pytorch_relative_MAE,1.0004311409175155,pytorch,MAE,True,1,4,train
6,Int8WeightOnlyConfig,int8,8,False,True,pytorch_quantized_model_size,206337.0,pytorch,model_size,False,1,4,train
7,Float8WeightOnlyConfig,float8,8,False,True,pytorch_quantized_model_size,206337.0,pytorch,model_size,False,1,4,train
8,Int8DynamicActivationInt8WeightConfig,int8,8,True,False,pytorch_quantized_model_size,206337.0,pytorch,model_size,False,1,4,train
9,Int8WeightOnlyConfig,int8,8,False,True,pytorch_quantized_median_latency,0.0006431334999206229,pytorch,median_latency,False,1,4,train
10,Float8WeightOnlyConfig,float8,8,False,True,pytorch_quantized_median_latency,0.0007400384998845766,pytorch,median_latency,False,1,4,train
11,Int8DynamicActivationInt8WeightConfig,int8,8,True,False,pytorch_quantized_median_latency,0.015255044500008808,pytorch,median_latency,False,1,4,train
12,Int8WeightOnlyConfig,int8,8,False,True,pytorch_quantized_p95_latency,0.0007073041501712396,pytorch,p95_latency,False,1,4,train
13,Float8WeightOnlyConfig,float8,8,False,True,pytorch_quantized_p95_latency,0.000829176450088198,pytorch,p95_latency,False,1,4,train
14,Int8DynamicActivationInt8WeightConfig,int8,8,True,False,pytorch_quantized_p95_latency,0.017148470100073608,pytorch,p95_latency,False,1,4,train
15,Int8WeightOnlyConfig,int8,8,False,True,pytorch_quantized_p99_latency,0.0007622251500265519,pytorch,p99_latency,False,1,4,train
16,Float8WeightOnlyConfig,float8,8,False,True,pytorch_quantized_p99_latency,0.0009512222199032294,pytorch,p99_latency,False,1,4,train
17,Int8DynamicActivationInt8WeightConfig,int8,8,True,False,pytorch_quantized_p99_latency,0.017538370039981144,pytorch,p99_latency,False,1,4,train
18,Int8WeightOnlyConfig,int8,8,False,True,pytorch_relative_model_size,0.25,pytorch,model_size,True,1,4,train
19,Float8WeightOnlyConfig,float8,8,False,True,pytorch_relative_model_size,0.25,pytorch,model_size,True,1,4,train
20,Int8DynamicActivationInt8WeightConfig,int8,8,True,False,pytorch_relative_model_size,0.25,pytorch,model_size,True,1,4,train
21,Int8WeightOnlyConfig,int8,8,False,True,pytorch_relative_median_latency,1.9857429778835107,pytorch,median_latency,True,1,4,train
22,Float8WeightOnlyConfig,float8,8,False,True,pytorch_relative_median_latency,2.2849474559957113,pytorch,median_latency,True,1,4,train
23,Int8DynamicActivationInt8WeightConfig,int8,8,True,False,pytorch_relative_median_latency,47.10156988701684,pytorch,median_latency,True,1,4,train
24,Int8WeightOnlyConfig,int8,8,False,True,pytorch_relative_p95_latency,1.9553442952458564,pytorch,p95_latency,True,1,4,train
25,Float8WeightOnlyConfig,float8,8,False,True,pytorch_relative_p95_latency,2.292260608169262,pytorch,p95_latency,True,1,4,train
26,Int8DynamicActivationInt8WeightConfig,int8,8,True,False,pytorch_relative_p95_latency,47.40699340482467,pytorch,p95_latency,True,1,4,train
27,Int8WeightOnlyConfig,int8,8,False,True,pytorch_relative_p99_latency,1.879247584098987,pytorch,p99_latency,True,1,4,train
28,Float8WeightOnlyConfig,float8,8,False,True,pytorch_relative_p99_latency,2.345215266948551,pytorch,p99_latency,True,1,4,train
29,Int8DynamicActivationInt8WeightConfig,int8,8,True,False,pytorch_relative_p99_latency,43.24042512310241,pytorch,p99_latency,True,1,4,train
0,Int8WeightOnlyConfig,int8,8,False,True,pytorch_quantized_MAE,7.363900443908749,pytorch,MAE,False,1,4,test
1,Float8WeightOnlyConfig,float8,8,False,True,pytorch_quantized_MAE,7.3622238144825225,pytorch,MAE,False,1,4,test
2,Int8DynamicActivationInt8WeightConfig,int8,8,True,False,pytorch_quantized_MAE,7.360748212066105,pytorch,MAE,False,1,4,test
3,Int8WeightOnlyConfig,int8,8,False,True,pytorch_relative_MAE,1.0012048059235934,pytorch,MAE,True,1,4,test
4,Float8WeightOnlyConfig,float8,8,False,True,pytorch_relative_MAE,1.0009768493600744,pytorch,MAE,True,1,4,test
5,Int8DynamicActivationInt8WeightConfig,int8,8,True,False,pytorch_relative_MAE,1.0007762246718126,pytorch,MAE,True,1,4,test
6,Int8WeightOnlyConfig,int8,8,False,True,pytorch_quantized_model_size,206337.0,pytorch,model_size,False,1,4,test
7,Float8WeightOnlyConfig,float8,8,False,True,pytorch_quantized_model_size,206337.0,pytorch,model_size,False,1,4,test
8,Int8DynamicActivationInt8WeightConfig,int8,8,True,False,pytorch_quantized_model_size,206337.0,pytorch,model_size,False,1,4,test
9,Int8WeightOnlyConfig,int8,8,False,True,pytorch_quantized_median_latency,0.0006556609999961438,pytorch,median_latency,False,1,4,test
10,Float8WeightOnlyConfig,float8,8,False,True,pytorch_quantized_median_latency,0.0007731939999757742,pytorch,median_latency,False,1,4,test
11,Int8DynamicActivationInt8WeightConfig,int8,8,True,False,pytorch_quantized_median_latency,0.013449852500002635,pytorch,median_latency,False,1,4,test
12,Int8WeightOnlyConfig,int8,8,False,True,pytorch_quantized_p95_latency,0.0007405568001445315,pytorch,p95_latency,False,1,4,test
13,Float8WeightOnlyConfig,float8,8,False,True,pytorch_quantized_p95_latency,0.0008585845499396782,pytorch,p95_latency,False,1,4,test
14,Int8DynamicActivationInt8WeightConfig,int8,8,True,False,pytorch_quantized_p95_latency,0.014868431149966454,pytorch,p95_latency,False,1,4,test
15,Int8WeightOnlyConfig,int8,8,False,True,pytorch_quantized_p99_latency,0.0008129041900542688,pytorch,p99_latency,False,1,4,test
16,Float8WeightOnlyConfig,float8,8,False,True,pytorch_quantized_p99_latency,0.0009695153500774722,pytorch,p99_latency,False,1,4,test
17,Int8DynamicActivationInt8WeightConfig,int8,8,True,False,pytorch_quantized_p99_latency,0.015489670440047119,pytorch,p99_latency,False,1,4,test
18,Int8WeightOnlyConfig,int8,8,False,True,pytorch_relative_model_size,0.25,pytorch,model_size,True,1,4,test
19,Float8WeightOnlyConfig,float8,8,False,True,pytorch_relative_model_size,0.25,pytorch,model_size,True,1,4,test
20,Int8DynamicActivationInt8WeightConfig,int8,8,True,False,pytorch_relative_model_size,0.25,pytorch,model_size,True,1,4,test
21,Int8WeightOnlyConfig,int8,8,False,True,pytorch_relative_median_latency,1.9906397628697425,pytorch,median_latency,True,1,4,test
22,Float8WeightOnlyConfig,float8,8,False,True,pytorch_relative_median_latency,2.347479445587179,pytorch,median_latency,True,1,4,test
23,Int8DynamicActivationInt8WeightConfig,int8,8,True,False,pytorch_relative_median_latency,40.834838722138,pytorch,median_latency,True,1,4,test
24,Int8WeightOnlyConfig,int8,8,False,True,pytorch_relative_p95_latency,2.1209298384020214,pytorch,p95_latency,True,1,4,test
25,Float8WeightOnlyConfig,float8,8,False,True,pytorch_relative_p95_latency,2.4589573553340367,pytorch,p95_latency,True,1,4,test
26,Int8DynamicActivationInt8WeightConfig,int8,8,True,False,pytorch_relative_p95_latency,42.582688147668605,pytorch,p95_latency,True,1,4,test
27,Int8WeightOnlyConfig,int8,8,False,True,pytorch_relative_p99_latency,2.1085085172018254,pytorch,p99_latency,True,1,4,test
28,Float8WeightOnlyConfig,float8,8,False,True,pytorch_relative_p99_latency,2.514726087289313,pytorch,p99_latency,True,1,4,test
29,Int8DynamicActivationInt8WeightConfig,int8,8,True,False,pytorch_relative_p99_latency,40.17706200937202,pytorch,p99_latency,True,1,4,test
0,Int8WeightOnlyConfig,int8,8,False,True,pytorch_quantized_MAE,7.320481206898294,pytorch,MAE,False,1,5,train
1,Float8WeightOnlyConfig,float8,8,False,True,pytorch_quantized_MAE,7.309887934989676,pytorch,MAE,False,1,5,train
2,Int8DynamicActivationInt8WeightConfig,int8,8,True,False,pytorch_quantized_MAE,7.3144598739935285,pytorch,MAE,False,1,5,train
3,Int8WeightOnlyConfig,int8,8,False,True,pytorch_relative_MAE,1.0012019826703007,pytorch,MAE,True,1,5,train
4,Float8WeightOnlyConfig,float8,8,False,True,pytorch_relative_MAE,0.9997531701485391,pytorch,MAE,True,1,5,train
5,Int8DynamicActivationInt8WeightConfig,int8,8,True,False,pytorch_relative_MAE,1.0003784616103888,pytorch,MAE,True,1,5,train
6,Int8WeightOnlyConfig,int8,8,False,True,pytorch_quantized_model_size,206337.0,pytorch,model_size,False,1,5,train
7,Float8WeightOnlyConfig,float8,8,False,True,pytorch_quantized_model_size,206337.0,pytorch,model_size,False,1,5,train
8,Int8DynamicActivationInt8WeightConfig,int8,8,True,False,pytorch_quantized_model_size,206337.0,pytorch,model_size,False,1,5,train
9,Int8WeightOnlyConfig,int8,8,False,True,pytorch_quantized_median_latency,0.0007010145000094781,pytorch,median_latency,False,1,5,train
10,Float8WeightOnlyConfig,float8,8,False,True,pytorch_quantized_median_latency,0.0007854830000724178,pytorch,median_latency,False,1,5,train
11,Int8DynamicActivationInt8WeightConfig,int8,8,True,False,pytorch_quantized_median_latency,0.013861638999969728,pytorch,median_latency,False,1,5,train
12,Int8WeightOnlyConfig,int8,8,False,True,pytorch_quantized_p95_latency,0.000823115850062095,pytorch,p95_latency,False,1,5,train
13,Float8WeightOnlyConfig,float8,8,False,True,pytorch_quantized_p95_latency,0.0008887965000553777,pytorch,p95_latency,False,1,5,train
14,Int8DynamicActivationInt8WeightConfig,int8,8,True,False,pytorch_quantized_p95_latency,0.014978888849907435,pytorch,p95_latency,False,1,5,train
15,Int8WeightOnlyConfig,int8,8,False,True,pytorch_quantized_p99_latency,0.0011209502400606653,pytorch,p99_latency,False,1,5,train
16,Float8WeightOnlyConfig,float8,8,False,True,pytorch_quantized_p99_latency,0.0011151718301061918,pytorch,p99_latency,False,1,5,train
17,Int8DynamicActivationInt8WeightConfig,int8,8,True,False,pytorch_quantized_p99_latency,0.01590464817005568,pytorch,p99_latency,False,1,5,train
18,Int8WeightOnlyConfig,int8,8,False,True,pytorch_relative_model_size,0.25,pytorch,model_size,True,1,5,train
19,Float8WeightOnlyConfig,float8,8,False,True,pytorch_relative_model_size,0.25,pytorch,model_size,True,1,5,train
20,Int8DynamicActivationInt8WeightConfig,int8,8,True,False,pytorch_relative_model_size,0.25,pytorch,model_size,True,1,5,train
21,Int8WeightOnlyConfig,int8,8,False,True,pytorch_relative_median_latency,2.552043685024982,pytorch,median_latency,True,1,5,train
22,Float8WeightOnlyConfig,float8,8,False,True,pytorch_relative_median_latency,2.8595513074297156,pytorch,median_latency,True,1,5,train
23,Int8DynamicActivationInt8WeightConfig,int8,8,True,False,pytorch_relative_median_latency,50.463304644184184,pytorch,median_latency,True,1,5,train
24,Int8WeightOnlyConfig,int8,8,False,True,pytorch_relative_p95_latency,2.4981834562465965,pytorch,p95_latency,True,1,5,train
25,Float8WeightOnlyConfig,float8,8,False,True,pytorch_relative_p95_latency,2.697526371580281,pytorch,p95_latency,True,1,5,train
26,Int8DynamicActivationInt8WeightConfig,int8,8,True,False,pytorch_relative_p95_latency,45.46141629391833,pytorch,p95_latency,True,1,5,train
27,Int8WeightOnlyConfig,int8,8,False,True,pytorch_relative_p99_latency,2.771133290175274,pytorch,p99_latency,True,1,5,train
28,Float8WeightOnlyConfig,float8,8,False,True,pytorch_relative_p99_latency,2.75684831692949,pytorch,p99_latency,True,1,5,train
29,Int8DynamicActivationInt8WeightConfig,int8,8,True,False,pytorch_relative_p99_latency,39.31833763662987,pytorch,p99_latency,True,1,5,train
0,Int8WeightOnlyConfig,int8,8,False,True,pytorch_quantized_MAE,7.253067059664937,pytorch,MAE,False,1,5,test
1,Float8WeightOnlyConfig,float8,8,False,True,pytorch_quantized_MAE,7.237290218206138,pytorch,MAE,False,1,5,test
2,Int8DynamicActivationInt8WeightConfig,int8,8,True,False,pytorch_quantized_MAE,7.241233172555746,pytorch,MAE,False,1,5,test
3,Int8WeightOnlyConfig,int8,8,False,True,pytorch_relative_MAE,1.0013998639394694,pytorch,MAE,True,1,5,test
4,Float8WeightOnlyConfig,float8,8,False,True,pytorch_relative_MAE,0.9992216230986953,pytorch,MAE,True,1,5,test
5,Int8DynamicActivationInt8WeightConfig,int8,8,True,False,pytorch_relative_MAE,0.9997660098962715,pytorch,MAE,True,1,5,test
6,Int8WeightOnlyConfig,int8,8,False,True,pytorch_quantized_model_size,206337.0,pytorch,model_size,False,1,5,test
7,Float8WeightOnlyConfig,float8,8,False,True,pytorch_quantized_model_size,206337.0,pytorch,model_size,False,1,5,test
8,Int8DynamicActivationInt8WeightConfig,int8,8,True,False,pytorch_quantized_model_size,206337.0,pytorch,model_size,False,1,5,test
9,Int8WeightOnlyConfig,int8,8,False,True,pytorch_quantized_median_latency,0.0007178444999453859,pytorch,median_latency,False,1,5,test
10,Float8WeightOnlyConfig,float8,8,False,True,pytorch_quantized_median_latency,0.0008001179999155283,pytorch,median_latency,False,1,5,test
11,Int8DynamicActivationInt8WeightConfig,int8,8,True,False,pytorch_quantized_median_latency,0.013652340999897206,pytorch,median_latency,False,1,5,test
12,Int8WeightOnlyConfig,int8,8,False,True,pytorch_quantized_p95_latency,0.0008281220999606372,pytorch,p95_latency,False,1,5,test
13,Float8WeightOnlyConfig,float8,8,False,True,pytorch_quantized_p95_latency,0.0009351004501354508,pytorch,p95_latency,False,1,5,test
14,Int8DynamicActivationInt8WeightConfig,int8,8,True,False,pytorch_quantized_p95_latency,0.014877130599973042,pytorch,p95_latency,False,1,5,test
15,Int8WeightOnlyConfig,int8,8,False,True,pytorch_quantized_p99_latency,0.0010763919399960284,pytorch,p99_latency,False,1,5,test
16,Float8WeightOnlyConfig,float8,8,False,True,pytorch_quantized_p99_latency,0.0011194509698498221,pytorch,p99_latency,False,1,5,test
17,Int8DynamicActivationInt8WeightConfig,int8,8,True,False,pytorch_quantized_p99_latency,0.015842836749968683,pytorch,p99_latency,False,1,5,test
18,Int8WeightOnlyConfig,int8,8,False,True,pytorch_relative_model_size,0.25,pytorch,model_size,True,1,5,test
19,Float8WeightOnlyConfig,float8,8,False,True,pytorch_relative_model_size,0.25,pytorch,model_size,True,1,5,test
20,Int8DynamicActivationInt8WeightConfig,int8,8,True,False,pytorch_relative_model_size,0.25,pytorch,model_size,True,1,5,test
21,Int8WeightOnlyConfig,int8,8,False,True,pytorch_relative_median_latency,2.5596805760124677,pytorch,median_latency,True,1,5,test
22,Float8WeightOnlyConfig,float8,8,False,True,pytorch_relative_median_latency,2.8530503515142067,pytorch,median_latency,True,1,5,test
23,Int8DynamicActivationInt8WeightConfig,int8,8,True,False,pytorch_relative_median_latency,48.68133986844532,pytorch,median_latency,True,1,5,test
24,Int8WeightOnlyConfig,int8,8,False,True,pytorch_relative_p95_latency,2.4534047012419222,pytorch,p95_latency,True,1,5,test
25,Float8WeightOnlyConfig,float8,8,False,True,pytorch_relative_p95_latency,2.7703400749778333,pytorch,p95_latency,True,1,5,test
26,Int8DynamicActivationInt8WeightConfig,int8,8,True,False,pytorch_relative_p95_latency,44.07516978075919,pytorch,p95_latency,True,1,5,test
27,Int8WeightOnlyConfig,int8,8,False,True,pytorch_relative_p99_latency,2.815842692098217,pytorch,p99_latency,True,1,5,test
28,Float8WeightOnlyConfig,float8,8,False,True,pytorch_relative_p99_latency,2.9284851692827742,pytorch,p99_latency,True,1,5,test
29,Int8DynamicActivationInt8WeightConfig,int8,8,True,False,pytorch_relative_p99_latency,41.444881206253726,pytorch,p99_latency,True,1,5,test
0,Int8WeightOnlyConfig,int8,8,False,True,pytorch_quantized_MAE,7.254856813984793,pytorch,MAE,False,1,6,train
1,Float8WeightOnlyConfig,float8,8,False,True,pytorch_quantized_MAE,7.243983037256913,pytorch,MAE,False,1,6,train
2,Int8DynamicActivationInt8WeightConfig,int8,8,True,False,pytorch_quantized_MAE,7.248769530388884,pytorch,MAE,False,1,6,train
3,Int8WeightOnlyConfig,int8,8,False,True,pytorch_relative_MAE,1.0012293226412459,pytorch,MAE,True,1,6,train
4,Float8WeightOnlyConfig,float8,8,False,True,pytorch_relative_MAE,0.9997286528986233,pytorch,MAE,True,1,6,train
5,Int8DynamicActivationInt8WeightConfig,int8,8,True,False,pytorch_relative_MAE,1.0003892279312157,pytorch,MAE,True,1,6,train
6,Int8WeightOnlyConfig,int8,8,False,True,pytorch_quantized_model_size,206337.0,pytorch,model_size,False,1,6,train
7,Float8WeightOnlyConfig,float8,8,False,True,pytorch_quantized_model_size,206337.0,pytorch,model_size,False,1,6,train
8,Int8DynamicActivationInt8WeightConfig,int8,8,True,False,pytorch_quantized_model_size,206337.0,pytorch,model_size,False,1,6,train
9,Int8WeightOnlyConfig,int8,8,False,True,pytorch_quantized_median_latency,0.0006779865000225982,pytorch,median_latency,False,1,6,train
10,Float8WeightOnlyConfig,float8,8,False,True,pytorch_quantized_median_latency,0.0007942434999677062,pytorch,median_latency,False,1,6,train
11,Int8DynamicActivationInt8WeightConfig,int8,8,True,False,pytorch_quantized_median_latency,0.013862152499996228,pytorch,median_latency,False,1,6,train
12,Int8WeightOnlyConfig,int8,8,False,True,pytorch_quantized_p95_latency,0.0008541358999082149,pytorch,p95_latency,False,1,6,train
13,Float8WeightOnlyConfig,float8,8,False,True,pytorch_quantized_p95_latency,0.0009174931998927601,pytorch,p95_latency,False,1,6,train
14,Int8DynamicActivationInt8WeightConfig,int8,8,True,False,pytorch_quantized_p95_latency,0.015093682500003069,pytorch,p95_latency,False,1,6,train
15,Int8WeightOnlyConfig,int8,8,False,True,pytorch_quantized_p99_latency,0.0011089607200051432,pytorch,p99_latency,False,1,6,train
16,Float8WeightOnlyConfig,float8,8,False,True,pytorch_quantized_p99_latency,0.0010851853601025138,pytorch,p99_latency,False,1,6,train
17,Int8DynamicActivationInt8WeightConfig,int8,8,True,False,pytorch_quantized_p99_latency,0.015803333560188548,pytorch,p99_latency,False,1,6,train
18,Int8WeightOnlyConfig,int8,8,False,True,pytorch_relative_model_size,0.25,pytorch,model_size,True,1,6,train
19,Float8WeightOnlyConfig,float8,8,False,True,pytorch_relative_model_size,0.25,pytorch,model_size,True,1,6,train
20,Int8DynamicActivationInt8WeightConfig,int8,8,True,False,pytorch_relative_model_size,0.25,pytorch,model_size,True,1,6,train
21,Int8WeightOnlyConfig,int8,8,False,True,pytorch_relative_median_latency,2.427444634233645,pytorch,median_latency,True,1,6,train
22,Float8WeightOnlyConfig,float8,8,False,True,pytorch_relative_median_latency,2.8436880707909324,pytorch,median_latency,True,1,6,train
23,Int8DynamicActivationInt8WeightConfig,int8,8,True,False,pytorch_relative_median_latency,49.63167807017214,pytorch,median_latency,True,1,6,train
24,Int8WeightOnlyConfig,int8,8,False,True,pytorch_relative_p95_latency,2.6036839002781225,pytorch,p95_latency,True,1,6,train
25,Float8WeightOnlyConfig,float8,8,False,True,pytorch_relative_p95_latency,2.796817547924333,pytorch,p95_latency,True,1,6,train
26,Int8DynamicActivationInt8WeightConfig,int8,8,True,False,pytorch_relative_p95_latency,46.01045117690371,pytorch,p95_latency,True,1,6,train
27,Int8WeightOnlyConfig,int8,8,False,True,pytorch_relative_p99_latency,2.719089095533258,pytorch,p99_latency,True,1,6,train
28,Float8WeightOnlyConfig,float8,8,False,True,pytorch_relative_p99_latency,2.6607936837234347,pytorch,p99_latency,True,1,6,train
29,Int8DynamicActivationInt8WeightConfig,int8,8,True,False,pytorch_relative_p99_latency,38.74859693532172,pytorch,p99_latency,True,1,6,train
0,Int8WeightOnlyConfig,int8,8,False,True,pytorch_quantized_MAE,7.146428385435806,pytorch,MAE,False,1,6,test
1,Float8WeightOnlyConfig,float8,8,False,True,pytorch_quantized_MAE,7.137140239956014,pytorch,MAE,False,1,6,test
2,Int8DynamicActivationInt8WeightConfig,int8,8,True,False,pytorch_quantized_MAE,7.137152520195,pytorch,MAE,False,1,6,test
3,Int8WeightOnlyConfig,int8,8,False,True,pytorch_relative_MAE,1.0011757278635733,pytorch,MAE,True,1,6,test
4,Float8WeightOnlyConfig,float8,8,False,True,pytorch_relative_MAE,0.9998745092254372,pytorch,MAE,True,1,6,test
5,Int8DynamicActivationInt8WeightConfig,int8,8,True,False,pytorch_relative_MAE,0.9998762296200935,pytorch,MAE,True,1,6,test
6,Int8WeightOnlyConfig,int8,8,False,True,pytorch_quantized_model_size,206337.0,pytorch,model_size,False,1,6,test
7,Float8WeightOnlyConfig,float8,8,False,True,pytorch_quantized_model_size,206337.0,pytorch,model_size,False,1,6,test
8,Int8DynamicActivationInt8WeightConfig,int8,8,True,False,pytorch_quantized_model_size,206337.0,pytorch,model_size,False,1,6,test
9,Int8WeightOnlyConfig,int8,8,False,True,pytorch_quantized_median_latency,0.0006899104998865369,pytorch,median_latency,False,1,6,test
10,Float8WeightOnlyConfig,float8,8,False,True,pytorch_quantized_median_latency,0.0007868330001201684,pytorch,median_latency,False,1,6,test
11,Int8DynamicActivationInt8WeightConfig,int8,8,True,False,pytorch_quantized_median_latency,0.013912425000057738,pytorch,median_latency,False,1,6,test
12,Int8WeightOnlyConfig,int8,8,False,True,pytorch_quantized_p95_latency,0.0008080079500473401,pytorch,p95_latency,False,1,6,test
13,Float8WeightOnlyConfig,float8,8,False,True,pytorch_quantized_p95_latency,0.0009099680998360781,pytorch,p95_latency,False,1,6,test
14,Int8DynamicActivationInt8WeightConfig,int8,8,True,False,pytorch_quantized_p95_latency,0.015043324050179762,pytorch,p95_latency,False,1,6,test
15,Int8WeightOnlyConfig,int8,8,False,True,pytorch_quantized_p99_latency,0.0009194828899944695,pytorch,p99_latency,False,1,6,test
16,Float8WeightOnlyConfig,float8,8,False,True,pytorch_quantized_p99_latency,0.0010652901999742424,pytorch,p99_latency,False,1,6,test
17,Int8DynamicActivationInt8WeightConfig,int8,8,True,False,pytorch_quantized_p99_latency,0.015645479199922645,pytorch,p99_latency,False,1,6,test
18,Int8WeightOnlyConfig,int8,8,False,True,pytorch_relative_model_size,0.25,pytorch,model_size,True,1,6,test
19,Float8WeightOnlyConfig,float8,8,False,True,pytorch_relative_model_size,0.25,pytorch,model_size,True,1,6,test
20,Int8DynamicActivationInt8WeightConfig,int8,8,True,False,pytorch_relative_model_size,0.25,pytorch,model_size,True,1,6,test
21,Int8WeightOnlyConfig,int8,8,False,True,pytorch_relative_median_latency,2.517576974139055,pytorch,median_latency,True,1,6,test
22,Float8WeightOnlyConfig,float8,8,False,True,pytorch_relative_median_latency,2.8712603213330867,pytorch,median_latency,True,1,6,test
23,Int8DynamicActivationInt8WeightConfig,int8,8,True,False,pytorch_relative_median_latency,50.768325515182376,pytorch,median_latency,True,1,6,test
24,Int8WeightOnlyConfig,int8,8,False,True,pytorch_relative_p95_latency,2.3898422950039655,pytorch,p95_latency,True,1,6,test
25,Float8WeightOnlyConfig,float8,8,False,True,pytorch_relative_p95_latency,2.6914094743315817,pytorch,p95_latency,True,1,6,test
26,Int8DynamicActivationInt8WeightConfig,int8,8,True,False,pytorch_relative_p95_latency,44.49358706243376,pytorch,p95_latency,True,1,6,test
27,Int8WeightOnlyConfig,int8,8,False,True,pytorch_relative_p99_latency,2.248159659287302,pytorch,p99_latency,True,1,6,test
28,Float8WeightOnlyConfig,float8,8,False,True,pytorch_relative_p99_latency,2.6046623369257036,pytorch,p99_latency,True,1,6,test
29,Int8DynamicActivationInt8WeightConfig,int8,8,True,False,pytorch_relative_p99_latency,38.25360490144218,pytorch,p99_latency,True,1,6,test
0,Int8WeightOnlyConfig,int8,8,False,True,pytorch_quantized_MAE,7.218092473654456,pytorch,MAE,False,1,7,train
1,Float8WeightOnlyConfig,float8,8,False,True,pytorch_quantized_MAE,7.208243542895957,pytorch,MAE,False,1,7,train
2,Int8DynamicActivationInt8WeightConfig,int8,8,True,False,pytorch_quantized_MAE,7.212049372464875,pytorch,MAE,False,1,7,train
3,Int8WeightOnlyConfig,int8,8,False,True,pytorch_relative_MAE,1.0011989841944413,pytorch,MAE,True,1,7,train
4,Float8WeightOnlyConfig,float8,8,False,True,pytorch_relative_MAE,0.999832869877286,pytorch,MAE,True,1,7,train
5,Int8DynamicActivationInt8WeightConfig,int8,8,True,False,pytorch_relative_MAE,1.0003607645686226,pytorch,MAE,True,1,7,train
6,Int8WeightOnlyConfig,int8,8,False,True,pytorch_quantized_model_size,206337.0,pytorch,model_size,False,1,7,train
7,Float8WeightOnlyConfig,float8,8,False,True,pytorch_quantized_model_size,206337.0,pytorch,model_size,False,1,7,train
8,Int8DynamicActivationInt8WeightConfig,int8,8,True,False,pytorch_quantized_model_size,206337.0,pytorch,model_size,False,1,7,train
9,Int8WeightOnlyConfig,int8,8,False,True,pytorch_quantized_median_latency,0.0007181585001490021,pytorch,median_latency,False,1,7,train
10,Float8WeightOnlyConfig,float8,8,False,True,pytorch_quantized_median_latency,0.0008179640000207655,pytorch,median_latency,False,1,7,train
11,Int8DynamicActivationInt8WeightConfig,int8,8,True,False,pytorch_quantized_median_latency,0.014397459500059995,pytorch,median_latency,False,1,7,train
12,Int8WeightOnlyConfig,int8,8,False,True,pytorch_quantized_p95_latency,0.0008315293998407468,pytorch,p95_latency,False,1,7,train
13,Float8WeightOnlyConfig,float8,8,False,True,pytorch_quantized_p95_latency,0.0009016159499765307,pytorch,p95_latency,False,1,7,train
14,Int8DynamicActivationInt8WeightConfig,int8,8,True,False,pytorch_quantized_p95_latency,0.016880221799829086,pytorch,p95_latency,False,1,7,train
15,Int8WeightOnlyConfig,int8,8,False,True,pytorch_quantized_p99_latency,0.0010397534198864375,pytorch,p99_latency,False,1,7,train
16,Float8WeightOnlyConfig,float8,8,False,True,pytorch_quantized_p99_latency,0.0010866991998977934,pytorch,p99_latency,False,1,7,train
17,Int8DynamicActivationInt8WeightConfig,int8,8,True,False,pytorch_quantized_p99_latency,0.017802557550187427,pytorch,p99_latency,False,1,7,train
18,Int8WeightOnlyConfig,int8,8,False,True,pytorch_relative_model_size,0.25,pytorch,model_size,True,1,7,train
19,Float8WeightOnlyConfig,float8,8,False,True,pytorch_relative_model_size,0.25,pytorch,model_size,True,1,7,train
20,Int8DynamicActivationInt8WeightConfig,int8,8,True,False,pytorch_relative_model_size,0.25,pytorch,model_size,True,1,7,train
21,Int8WeightOnlyConfig,int8,8,False,True,pytorch_relative_median_latency,2.5204336442821726,pytorch,median_latency,True,1,7,train
22,Float8WeightOnlyConfig,float8,8,False,True,pytorch_relative_median_latency,2.8707088825603537,pytorch,median_latency,True,1,7,train
23,Int8DynamicActivationInt8WeightConfig,int8,8,True,False,pytorch_relative_median_latency,50.5290145679711,pytorch,median_latency,True,1,7,train
24,Int8WeightOnlyConfig,int8,8,False,True,pytorch_relative_p95_latency,2.462731656391432,pytorch,p95_latency,True,1,7,train
25,Float8WeightOnlyConfig,float8,8,False,True,pytorch_relative_p95_latency,2.67030623612333,pytorch,p95_latency,True,1,7,train
26,Int8DynamicActivationInt8WeightConfig,int8,8,True,False,pytorch_relative_p95_latency,49.99397087019358,pytorch,p95_latency,True,1,7,train
27,Int8WeightOnlyConfig,int8,8,False,True,pytorch_relative_p99_latency,2.480424203367105,pytorch,p99_latency,True,1,7,train
28,Float8WeightOnlyConfig,float8,8,False,True,pytorch_relative_p99_latency,2.592417534438652,pytorch,p99_latency,True,1,7,train
29,Int8DynamicActivationInt8WeightConfig,int8,8,True,False,pytorch_relative_p99_latency,42.469583446182504,pytorch,p99_latency,True,1,7,train
0,Int8WeightOnlyConfig,int8,8,False,True,pytorch_quantized_MAE,7.152453044844705,pytorch,MAE,False,1,7,test
1,Float8WeightOnlyConfig,float8,8,False,True,pytorch_quantized_MAE,7.13824578085152,pytorch,MAE,False,1,7,test
2,Int8DynamicActivationInt8WeightConfig,int8,8,True,False,pytorch_quantized_MAE,7.144586629499721,pytorch,MAE,False,1,7,test
3,Int8WeightOnlyConfig,int8,8,False,True,pytorch_relative_MAE,1.0012149014893321,pytorch,MAE,True,1,7,test
4,Float8WeightOnlyConfig,float8,8,False,True,pytorch_relative_MAE,0.9992261398253011,pytorch,MAE,True,1,7,test
5,Int8DynamicActivationInt8WeightConfig,int8,8,True,False,pytorch_relative_MAE,1.0001137446952475,pytorch,MAE,True,1,7,test
6,Int8WeightOnlyConfig,int8,8,False,True,pytorch_quantized_model_size,206337.0,pytorch,model_size,False,1,7,test
7,Float8WeightOnlyConfig,float8,8,False,True,pytorch_quantized_model_size,206337.0,pytorch,model_size,False,1,7,test
8,Int8DynamicActivationInt8WeightConfig,int8,8,True,False,pytorch_quantized_model_size,206337.0,pytorch,model_size,False,1,7,test
9,Int8WeightOnlyConfig,int8,8,False,True,pytorch_quantized_median_latency,0.0007138339999528398,pytorch,median_latency,False,1,7,test
10,Float8WeightOnlyConfig,float8,8,False,True,pytorch_quantized_median_latency,0.0008077329999878202,pytorch,median_latency,False,1,7,test
11,Int8DynamicActivationInt8WeightConfig,int8,8,True,False,pytorch_quantized_median_latency,0.013990542000101414,pytorch,median_latency,False,1,7,test
12,Int8WeightOnlyConfig,int8,8,False,True,pytorch_quantized_p95_latency,0.0008252633498045724,pytorch,p95_latency,False,1,7,test
13,Float8WeightOnlyConfig,float8,8,False,True,pytorch_quantized_p95_latency,0.0009032472999820129,pytorch,p95_latency,False,1,7,test
14,Int8DynamicActivationInt8WeightConfig,int8,8,True,False,pytorch_quantized_p95_latency,0.01635188834999326,pytorch,p95_latency,False,1,7,test
15,Int8WeightOnlyConfig,int8,8,False,True,pytorch_quantized_p99_latency,0.000958104090038887,pytorch,p99_latency,False,1,7,test
16,Float8WeightOnlyConfig,float8,8,False,True,pytorch_quantized_p99_latency,0.0011424503998455292,pytorch,p99_latency,False,1,7,test
17,Int8DynamicActivationInt8WeightConfig,int8,8,True,False,pytorch_quantized_p99_latency,0.018024649550168304,pytorch,p99_latency,False,1,7,test
18,Int8WeightOnlyConfig,int8,8,False,True,pytorch_relative_model_size,0.25,pytorch,model_size,True,1,7,test
19,Float8WeightOnlyConfig,float8,8,False,True,pytorch_relative_model_size,0.25,pytorch,model_size,True,1,7,test
20,Int8DynamicActivationInt8WeightConfig,int8,8,True,False,pytorch_relative_model_size,0.25,pytorch,model_size,True,1,7,test
21,Int8WeightOnlyConfig,int8,8,False,True,pytorch_relative_median_latency,2.627543724922119,pytorch,median_latency,True,1,7,test
22,Float8WeightOnlyConfig,float8,8,False,True,pytorch_relative_median_latency,2.9731755221392238,pytorch,median_latency,True,1,7,test
23,Int8DynamicActivationInt8WeightConfig,int8,8,True,False,pytorch_relative_median_latency,51.497632282931974,pytorch,median_latency,True,1,7,test
24,Int8WeightOnlyConfig,int8,8,False,True,pytorch_relative_p95_latency,2.5472058035029455,pytorch,p95_latency,True,1,7,test
25,Float8WeightOnlyConfig,float8,8,False,True,pytorch_relative_p95_latency,2.787906145423013,pytorch,p95_latency,True,1,7,test
26,Int8DynamicActivationInt8WeightConfig,int8,8,True,False,pytorch_relative_p95_latency,50.47070721509491,pytorch,p95_latency,True,1,7,test
27,Int8WeightOnlyConfig,int8,8,False,True,pytorch_relative_p99_latency,2.576260216323903,pytorch,p99_latency,True,1,7,test
28,Float8WeightOnlyConfig,float8,8,False,True,pytorch_relative_p99_latency,3.0719517272135985,pytorch,p99_latency,True,1,7,test
29,Int8DynamicActivationInt8WeightConfig,int8,8,True,False,pytorch_relative_p99_latency,48.46674597474519,pytorch,p99_latency,True,1,7,test
0,Int8WeightOnlyConfig,int8,8,False,True,pytorch_quantized_MAE,7.28471618404773,pytorch,MAE,False,1,8,train
1,Float8WeightOnlyConfig,float8,8,False,True,pytorch_quantized_MAE,7.2723226997420785,pytorch,MAE,False,1,8,train
2,Int8DynamicActivationInt8WeightConfig,int8,8,True,False,pytorch_quantized_MAE,7.277367907880609,pytorch,MAE,False,1,8,train
3,Int8WeightOnlyConfig,int8,8,False,True,pytorch_relative_MAE,1.0013041714703879,pytorch,MAE,True,1,8,train
4,Float8WeightOnlyConfig,float8,8,False,True,pytorch_relative_MAE,0.9996006531423195,pytorch,MAE,True,1,8,train
5,Int8DynamicActivationInt8WeightConfig,int8,8,True,False,pytorch_relative_MAE,1.0002941308053352,pytorch,MAE,True,1,8,train
6,Int8WeightOnlyConfig,int8,8,False,True,pytorch_quantized_model_size,206337.0,pytorch,model_size,False,1,8,train
7,Float8WeightOnlyConfig,float8,8,False,True,pytorch_quantized_model_size,206337.0,pytorch,model_size,False,1,8,train
8,Int8DynamicActivationInt8WeightConfig,int8,8,True,False,pytorch_quantized_model_size,206337.0,pytorch,model_size,False,1,8,train
9,Int8WeightOnlyConfig,int8,8,False,True,pytorch_quantized_median_latency,0.0007121359999473498,pytorch,median_latency,False,1,8,train
10,Float8WeightOnlyConfig,float8,8,False,True,pytorch_quantized_median_latency,0.0007974664998755543,pytorch,median_latency,False,1,8,train
11,Int8DynamicActivationInt8WeightConfig,int8,8,True,False,pytorch_quantized_median_latency,0.013808150500040028,pytorch,median_latency,False,1,8,train
12,Int8WeightOnlyConfig,int8,8,False,True,pytorch_quantized_p95_latency,0.0008029267000893012,pytorch,p95_latency,False,1,8,train
13,Float8WeightOnlyConfig,float8,8,False,True,pytorch_quantized_p95_latency,0.0008799622999845269,pytorch,p95_latency,False,1,8,train
14,Int8DynamicActivationInt8WeightConfig,int8,8,True,False,pytorch_quantized_p95_latency,0.015291961849925425,pytorch,p95_latency,False,1,8,train
15,Int8WeightOnlyConfig,int8,8,False,True,pytorch_quantized_p99_latency,0.0009296155899846779,pytorch,p99_latency,False,1,8,train
16,Float8WeightOnlyConfig,float8,8,False,True,pytorch_quantized_p99_latency,0.0009614952900233217,pytorch,p99_latency,False,1,8,train
17,Int8DynamicActivationInt8WeightConfig,int8,8,True,False,pytorch_quantized_p99_latency,0.01583537272012336,pytorch,p99_latency,False,1,8,train
18,Int8WeightOnlyConfig,int8,8,False,True,pytorch_relative_model_size,0.25,pytorch,model_size,True,1,8,train
19,Float8WeightOnlyConfig,float8,8,False,True,pytorch_relative_model_size,0.25,pytorch,model_size,True,1,8,train
20,Int8DynamicActivationInt8WeightConfig,int8,8,True,False,pytorch_relative_model_size,0.25,pytorch,model_size,True,1,8,train
21,Int8WeightOnlyConfig,int8,8,False,True,pytorch_relative_median_latency,2.4815046466863215,pytorch,median_latency,True,1,8,train
22,Float8WeightOnlyConfig,float8,8,False,True,pytorch_relative_median_latency,2.778846772476285,pytorch,median_latency,True,1,8,train
23,Int8DynamicActivationInt8WeightConfig,int8,8,True,False,pytorch_relative_median_latency,48.11579477870335,pytorch,median_latency,True,1,8,train
24,Int8WeightOnlyConfig,int8,8,False,True,pytorch_relative_p95_latency,2.35800933036053,pytorch,p95_latency,True,1,8,train
25,Float8WeightOnlyConfig,float8,8,False,True,pytorch_relative_p95_latency,2.584245004554276,pytorch,p95_latency,True,1,8,train
26,Int8DynamicActivationInt8WeightConfig,int8,8,True,False,pytorch_relative_p95_latency,44.908942145816056,pytorch,p95_latency,True,1,8,train
27,Int8WeightOnlyConfig,int8,8,False,True,pytorch_relative_p99_latency,2.3514032540473453,pytorch,p99_latency,True,1,8,train
28,Float8WeightOnlyConfig,float8,8,False,True,pytorch_relative_p99_latency,2.432040918923594,pytorch,p99_latency,True,1,8,train
29,Int8DynamicActivationInt8WeightConfig,int8,8,True,False,pytorch_relative_p99_latency,40.05456378347135,pytorch,p99_latency,True,1,8,train
0,Int8WeightOnlyConfig,int8,8,False,True,pytorch_quantized_MAE,7.370258220051777,pytorch,MAE,False,1,8,test
1,Float8WeightOnlyConfig,float8,8,False,True,pytorch_quantized_MAE,7.362510860583071,pytorch,MAE,False,1,8,test
2,Int8DynamicActivationInt8WeightConfig,int8,8,True,False,pytorch_quantized_MAE,7.366803956054228,pytorch,MAE,False,1,8,test
3,Int8WeightOnlyConfig,int8,8,False,True,pytorch_relative_MAE,1.0011115876795784,pytorch,MAE,True,1,8,test
4,Float8WeightOnlyConfig,float8,8,False,True,pytorch_relative_MAE,1.000059253947642,pytorch,MAE,True,1,8,test
5,Int8DynamicActivationInt8WeightConfig,int8,8,True,False,pytorch_relative_MAE,1.0006423905888384,pytorch,MAE,True,1,8,test
6,Int8WeightOnlyConfig,int8,8,False,True,pytorch_quantized_model_size,206337.0,pytorch,model_size,False,1,8,test
7,Float8WeightOnlyConfig,float8,8,False,True,pytorch_quantized_model_size,206337.0,pytorch,model_size,False,1,8,test
8,Int8DynamicActivationInt8WeightConfig,int8,8,True,False,pytorch_quantized_model_size,206337.0,pytorch,model_size,False,1,8,test
9,Int8WeightOnlyConfig,int8,8,False,True,pytorch_quantized_median_latency,0.0007255880000229809,pytorch,median_latency,False,1,8,test
10,Float8WeightOnlyConfig,float8,8,False,True,pytorch_quantized_median_latency,0.0008084279999138744,pytorch,median_latency,False,1,8,test
11,Int8DynamicActivationInt8WeightConfig,int8,8,True,False,pytorch_quantized_median_latency,0.01411363250008435,pytorch,median_latency,False,1,8,test
12,Int8WeightOnlyConfig,int8,8,False,True,pytorch_quantized_p95_latency,0.0008034506000171859,pytorch,p95_latency,False,1,8,test
13,Float8WeightOnlyConfig,float8,8,False,True,pytorch_quantized_p95_latency,0.0009217805000730549,pytorch,p95_latency,False,1,8,test
14,Int8DynamicActivationInt8WeightConfig,int8,8,True,False,pytorch_quantized_p95_latency,0.016717912449939826,pytorch,p95_latency,False,1,8,test
15,Int8WeightOnlyConfig,int8,8,False,True,pytorch_quantized_p99_latency,0.0009296021898967403,pytorch,p99_latency,False,1,8,test
16,Float8WeightOnlyConfig,float8,8,False,True,pytorch_quantized_p99_latency,0.0011304871601237208,pytorch,p99_latency,False,1,8,test
17,Int8DynamicActivationInt8WeightConfig,int8,8,True,False,pytorch_quantized_p99_latency,0.01793160915018688,pytorch,p99_latency,False,1,8,test
18,Int8WeightOnlyConfig,int8,8,False,True,pytorch_relative_model_size,0.25,pytorch,model_size,True,1,8,test
19,Float8WeightOnlyConfig,float8,8,False,True,pytorch_relative_model_size,0.25,pytorch,model_size,True,1,8,test
20,Int8DynamicActivationInt8WeightConfig,int8,8,True,False,pytorch_relative_model_size,0.25,pytorch,model_size,True,1,8,test
21,Int8WeightOnlyConfig,int8,8,False,True,pytorch_relative_median_latency,2.560947029462779,pytorch,median_latency,True,1,8,test
22,Float8WeightOnlyConfig,float8,8,False,True,pytorch_relative_median_latency,2.8533290033027012,pytorch,median_latency,True,1,8,test
23,Int8DynamicActivationInt8WeightConfig,int8,8,True,False,pytorch_relative_median_latency,49.81375825520211,pytorch,median_latency,True,1,8,test
24,Int8WeightOnlyConfig,int8,8,False,True,pytorch_relative_p95_latency,2.393465183890039,pytorch,p95_latency,True,1,8,test
25,Float8WeightOnlyConfig,float8,8,False,True,pytorch_relative_p95_latency,2.745967871660578,pytorch,p95_latency,True,1,8,test
26,Int8DynamicActivationInt8WeightConfig,int8,8,True,False,pytorch_relative_p95_latency,49.80236668613714,pytorch,p95_latency,True,1,8,test
27,Int8WeightOnlyConfig,int8,8,False,True,pytorch_relative_p99_latency,2.102618225493858,pytorch,p99_latency,True,1,8,test
28,Float8WeightOnlyConfig,float8,8,False,True,pytorch_relative_p99_latency,2.5569893578101,pytorch,p99_latency,True,1,8,test
29,Int8DynamicActivationInt8WeightConfig,int8,8,True,False,pytorch_relative_p99_latency,40.5585621692688,pytorch,p99_latency,True,1,8,test
0,Int8WeightOnlyConfig,int8,8,False,True,pytorch_quantized_MAE,7.251355385193083,pytorch,MAE,False,1,9,train
1,Float8WeightOnlyConfig,float8,8,False,True,pytorch_quantized_MAE,7.238545217811729,pytorch,MAE,False,1,9,train
2,Int8DynamicActivationInt8WeightConfig,int8,8,True,False,pytorch_quantized_MAE,7.24546183107966,pytorch,MAE,False,1,9,train
3,Int8WeightOnlyConfig,int8,8,False,True,pytorch_relative_MAE,1.0012783779293732,pytorch,MAE,True,1,9,train
4,Float8WeightOnlyConfig,float8,8,False,True,pytorch_relative_MAE,0.9995095301850195,pytorch,MAE,True,1,9,train
5,Int8DynamicActivationInt8WeightConfig,int8,8,True,False,pytorch_relative_MAE,1.0004645868531592,pytorch,MAE,True,1,9,train
6,Int8WeightOnlyConfig,int8,8,False,True,pytorch_quantized_model_size,206337.0,pytorch,model_size,False,1,9,train
7,Float8WeightOnlyConfig,float8,8,False,True,pytorch_quantized_model_size,206337.0,pytorch,model_size,False,1,9,train
8,Int8DynamicActivationInt8WeightConfig,int8,8,True,False,pytorch_quantized_model_size,206337.0,pytorch,model_size,False,1,9,train
9,Int8WeightOnlyConfig,int8,8,False,True,pytorch_quantized_median_latency,0.0006986084999880404,pytorch,median_latency,False,1,9,train
10,Float8WeightOnlyConfig,float8,8,False,True,pytorch_quantized_median_latency,0.0008015434999606441,pytorch,median_latency,False,1,9,train
11,Int8DynamicActivationInt8WeightConfig,int8,8,True,False,pytorch_quantized_median_latency,0.014282435000041005,pytorch,median_latency,False,1,9,train
12,Int8WeightOnlyConfig,int8,8,False,True,pytorch_quantized_p95_latency,0.0008276243000068461,pytorch,p95_latency,False,1,9,train
13,Float8WeightOnlyConfig,float8,8,False,True,pytorch_quantized_p95_latency,0.0008960516499087134,pytorch,p95_latency,False,1,9,train
14,Int8DynamicActivationInt8WeightConfig,int8,8,True,False,pytorch_quantized_p95_latency,0.016572208399838927,pytorch,p95_latency,False,1,9,train
15,Int8WeightOnlyConfig,int8,8,False,True,pytorch_quantized_p99_latency,0.0010510588299621304,pytorch,p99_latency,False,1,9,train
16,Float8WeightOnlyConfig,float8,8,False,True,pytorch_quantized_p99_latency,0.0010236240699737207,pytorch,p99_latency,False,1,9,train
17,Int8DynamicActivationInt8WeightConfig,int8,8,True,False,pytorch_quantized_p99_latency,0.020932007180097103,pytorch,p99_latency,False,1,9,train
18,Int8WeightOnlyConfig,int8,8,False,True,pytorch_relative_model_size,0.25,pytorch,model_size,True,1,9,train
19,Float8WeightOnlyConfig,float8,8,False,True,pytorch_relative_model_size,0.25,pytorch,model_size,True,1,9,train
20,Int8DynamicActivationInt8WeightConfig,int8,8,True,False,pytorch_relative_model_size,0.25,pytorch,model_size,True,1,9,train
21,Int8WeightOnlyConfig,int8,8,False,True,pytorch_relative_median_latency,2.418870492185667,pytorch,median_latency,True,1,9,train
22,Float8WeightOnlyConfig,float8,8,False,True,pytorch_relative_median_latency,2.775273876987206,pytorch,median_latency,True,1,9,train
23,Int8DynamicActivationInt8WeightConfig,int8,8,True,False,pytorch_relative_median_latency,49.4516751209732,pytorch,median_latency,True,1,9,train
24,Int8WeightOnlyConfig,int8,8,False,True,pytorch_relative_p95_latency,2.401211654005493,pytorch,p95_latency,True,1,9,train
25,Float8WeightOnlyConfig,float8,8,False,True,pytorch_relative_p95_latency,2.599742013778298,pytorch,p95_latency,True,1,9,train
26,Int8DynamicActivationInt8WeightConfig,int8,8,True,False,pytorch_relative_p95_latency,48.08145428060991,pytorch,p95_latency,True,1,9,train
27,Int8WeightOnlyConfig,int8,8,False,True,pytorch_relative_p99_latency,2.270386737083426,pytorch,p99_latency,True,1,9,train
28,Float8WeightOnlyConfig,float8,8,False,True,pytorch_relative_p99_latency,2.2111250540670753,pytorch,p99_latency,True,1,9,train
29,Int8DynamicActivationInt8WeightConfig,int8,8,True,False,pytorch_relative_p99_latency,45.2151203410182,pytorch,p99_latency,True,1,9,train
0,Int8WeightOnlyConfig,int8,8,False,True,pytorch_quantized_MAE,7.253496006761983,pytorch,MAE,False,1,9,test
1,Float8WeightOnlyConfig,float8,8,False,True,pytorch_quantized_MAE,7.243416962933114,pytorch,MAE,False,1,9,test
2,Int8DynamicActivationInt8WeightConfig,int8,8,True,False,pytorch_quantized_MAE,7.255760390244894,pytorch,MAE,False,1,9,test
3,Int8WeightOnlyConfig,int8,8,False,True,pytorch_relative_MAE,1.0011884212178521,pytorch,MAE,True,1,9,test
4,Float8WeightOnlyConfig,float8,8,False,True,pytorch_relative_MAE,0.9997972269621437,pytorch,MAE,True,1,9,test
5,Int8DynamicActivationInt8WeightConfig,int8,8,True,False,pytorch_relative_MAE,1.0015009704385551,pytorch,MAE,True,1,9,test
6,Int8WeightOnlyConfig,int8,8,False,True,pytorch_quantized_model_size,206337.0,pytorch,model_size,False,1,9,test
7,Float8WeightOnlyConfig,float8,8,False,True,pytorch_quantized_model_size,206337.0,pytorch,model_size,False,1,9,test
8,Int8DynamicActivationInt8WeightConfig,int8,8,True,False,pytorch_quantized_model_size,206337.0,pytorch,model_size,False,1,9,test
9,Int8WeightOnlyConfig,int8,8,False,True,pytorch_quantized_median_latency,0.0007122880000451914,pytorch,median_latency,False,1,9,test
10,Float8WeightOnlyConfig,float8,8,False,True,pytorch_quantized_median_latency,0.0007903929999883985,pytorch,median_latency,False,1,9,test
11,Int8DynamicActivationInt8WeightConfig,int8,8,True,False,pytorch_quantized_median_latency,0.01381292849998772,pytorch,median_latency,False,1,9,test
12,Int8WeightOnlyConfig,int8,8,False,True,pytorch_quantized_p95_latency,0.000795530200093708,pytorch,p95_latency,False,1,9,test
13,Float8WeightOnlyConfig,float8,8,False,True,pytorch_quantized_p95_latency,0.0008948148500621755,pytorch,p95_latency,False,1,9,test
14,Int8DynamicActivationInt8WeightConfig,int8,8,True,False,pytorch_quantized_p95_latency,0.015453133799803707,pytorch,p95_latency,False,1,9,test
15,Int8WeightOnlyConfig,int8,8,False,True,pytorch_quantized_p99_latency,0.0009200295700247801,pytorch,p99_latency,False,1,9,test
16,Float8WeightOnlyConfig,float8,8,False,True,pytorch_quantized_p99_latency,0.0010253379200275956,pytorch,p99_latency,False,1,9,test
17,Int8DynamicActivationInt8WeightConfig,int8,8,True,False,pytorch_quantized_p99_latency,0.01712141971001756,pytorch,p99_latency,False,1,9,test
18,Int8WeightOnlyConfig,int8,8,False,True,pytorch_relative_model_size,0.25,pytorch,model_size,True,1,9,test
19,Float8WeightOnlyConfig,float8,8,False,True,pytorch_relative_model_size,0.25,pytorch,model_size,True,1,9,test
20,Int8DynamicActivationInt8WeightConfig,int8,8,True,False,pytorch_relative_model_size,0.25,pytorch,model_size,True,1,9,test
21,Int8WeightOnlyConfig,int8,8,False,True,pytorch_relative_median_latency,2.579561977862337,pytorch,median_latency,True,1,9,test
22,Float8WeightOnlyConfig,float8,8,False,True,pytorch_relative_median_latency,2.862420439778941,pytorch,median_latency,True,1,9,test
23,Int8DynamicActivationInt8WeightConfig,int8,8,True,False,pytorch_relative_median_latency,50.02373360106968,pytorch,median_latency,True,1,9,test
24,Int8WeightOnlyConfig,int8,8,False,True,pytorch_relative_p95_latency,2.443020965159406,pytorch,p95_latency,True,1,9,test
25,Float8WeightOnlyConfig,float8,8,False,True,pytorch_relative_p95_latency,2.7479176005893464,pytorch,p95_latency,True,1,9,test
26,Int8DynamicActivationInt8WeightConfig,int8,8,True,False,pytorch_relative_p95_latency,47.45555837589437,pytorch,p95_latency,True,1,9,test
27,Int8WeightOnlyConfig,int8,8,False,True,pytorch_relative_p99_latency,2.142195857066717,pytorch,p99_latency,True,1,9,test
28,Float8WeightOnlyConfig,float8,8,False,True,pytorch_relative_p99_latency,2.3873957054634234,pytorch,p99_latency,True,1,9,test
29,Int8DynamicActivationInt8WeightConfig,int8,8,True,False,pytorch_relative_p99_latency,39.86549515893513,pytorch,p99_latency,True,1,9,test
0,Int8WeightOnlyConfig,int8,8,False,True,pytorch_quantized_MAE,7.2670185254382735,pytorch,MAE,False,1,10,train
1,Float8WeightOnlyConfig,float8,8,False,True,pytorch_quantized_MAE,7.256499768733053,pytorch,MAE,False,1,10,train
2,Int8DynamicActivationInt8WeightConfig,int8,8,True,False,pytorch_quantized_MAE,7.262176892203941,pytorch,MAE,False,1,10,train
3,Int8WeightOnlyConfig,int8,8,False,True,pytorch_relative_MAE,1.0012079092201622,pytorch,MAE,True,1,10,train
4,Float8WeightOnlyConfig,float8,8,False,True,pytorch_relative_MAE,0.9997586955747637,pytorch,MAE,True,1,10,train
5,Int8DynamicActivationInt8WeightConfig,int8,8,True,False,pytorch_relative_MAE,1.0005408569110499,pytorch,MAE,True,1,10,train
6,Int8WeightOnlyConfig,int8,8,False,True,pytorch_quantized_model_size,206337.0,pytorch,model_size,False,1,10,train
7,Float8WeightOnlyConfig,float8,8,False,True,pytorch_quantized_model_size,206337.0,pytorch,model_size,False,1,10,train
8,Int8DynamicActivationInt8WeightConfig,int8,8,True,False,pytorch_quantized_model_size,206337.0,pytorch,model_size,False,1,10,train
9,Int8WeightOnlyConfig,int8,8,False,True,pytorch_quantized_median_latency,0.0007312075001664198,pytorch,median_latency,False,1,10,train
10,Float8WeightOnlyConfig,float8,8,False,True,pytorch_quantized_median_latency,0.0007907694998721126,pytorch,median_latency,False,1,10,train
11,Int8DynamicActivationInt8WeightConfig,int8,8,True,False,pytorch_quantized_median_latency,0.01462914050011932,pytorch,median_latency,False,1,10,train
12,Int8WeightOnlyConfig,int8,8,False,True,pytorch_quantized_p95_latency,0.0008616403498535874,pytorch,p95_latency,False,1,10,train
13,Float8WeightOnlyConfig,float8,8,False,True,pytorch_quantized_p95_latency,0.0009167434501023307,pytorch,p95_latency,False,1,10,train
14,Int8DynamicActivationInt8WeightConfig,int8,8,True,False,pytorch_quantized_p95_latency,0.017389929199725877,pytorch,p95_latency,False,1,10,train
15,Int8WeightOnlyConfig,int8,8,False,True,pytorch_quantized_p99_latency,0.001017051729918421,pytorch,p99_latency,False,1,10,train
16,Float8WeightOnlyConfig,float8,8,False,True,pytorch_quantized_p99_latency,0.0010768573901395939,pytorch,p99_latency,False,1,10,train
17,Int8DynamicActivationInt8WeightConfig,int8,8,True,False,pytorch_quantized_p99_latency,0.018493081059800714,pytorch,p99_latency,False,1,10,train
18,Int8WeightOnlyConfig,int8,8,False,True,pytorch_relative_model_size,0.25,pytorch,model_size,True,1,10,train
19,Float8WeightOnlyConfig,float8,8,False,True,pytorch_relative_model_size,0.25,pytorch,model_size,True,1,10,train
20,Int8DynamicActivationInt8WeightConfig,int8,8,True,False,pytorch_relative_model_size,0.25,pytorch,model_size,True,1,10,train
21,Int8WeightOnlyConfig,int8,8,False,True,pytorch_relative_median_latency,2.6182815922200717,pytorch,median_latency,True,1,10,train
22,Float8WeightOnlyConfig,float8,8,False,True,pytorch_relative_median_latency,2.8315590646061444,pytorch,median_latency,True,1,10,train
23,Int8DynamicActivationInt8WeightConfig,int8,8,True,False,pytorch_relative_median_latency,52.38350163632881,pytorch,median_latency,True,1,10,train
24,Int8WeightOnlyConfig,int8,8,False,True,pytorch_relative_p95_latency,2.3606520257971995,pytorch,p95_latency,True,1,10,train
25,Float8WeightOnlyConfig,float8,8,False,True,pytorch_relative_p95_latency,2.511619010168353,pytorch,p95_latency,True,1,10,train
26,Int8DynamicActivationInt8WeightConfig,int8,8,True,False,pytorch_relative_p95_latency,47.64351112477308,pytorch,p95_latency,True,1,10,train
27,Int8WeightOnlyConfig,int8,8,False,True,pytorch_relative_p99_latency,2.2246306135782055,pytorch,p99_latency,True,1,10,train
28,Float8WeightOnlyConfig,float8,8,False,True,pytorch_relative_p99_latency,2.3554454961249855,pytorch,p99_latency,True,1,10,train
29,Int8DynamicActivationInt8WeightConfig,int8,8,True,False,pytorch_relative_p99_latency,40.45052287391111,pytorch,p99_latency,True,1,10,train
0,Int8WeightOnlyConfig,int8,8,False,True,pytorch_quantized_MAE,7.1663297113111755,pytorch,MAE,False,1,10,test
1,Float8WeightOnlyConfig,float8,8,False,True,pytorch_quantized_MAE,7.149344220883647,pytorch,MAE,False,1,10,test
2,Int8DynamicActivationInt8WeightConfig,int8,8,True,False,pytorch_quantized_MAE,7.1571213371441935,pytorch,MAE,False,1,10,test
3,Int8WeightOnlyConfig,int8,8,False,True,pytorch_relative_MAE,1.0014594439638393,pytorch,MAE,True,1,10,test
4,Float8WeightOnlyConfig,float8,8,False,True,pytorch_relative_MAE,0.9990858049485765,pytorch,MAE,True,1,10,test
5,Int8DynamicActivationInt8WeightConfig,int8,8,True,False,pytorch_relative_MAE,1.0001726188183928,pytorch,MAE,True,1,10,test
6,Int8WeightOnlyConfig,int8,8,False,True,pytorch_quantized_model_size,206337.0,pytorch,model_size,False,1,10,test
7,Float8WeightOnlyConfig,float8,8,False,True,pytorch_quantized_model_size,206337.0,pytorch,model_size,False,1,10,test
8,Int8DynamicActivationInt8WeightConfig,int8,8,True,False,pytorch_quantized_model_size,206337.0,pytorch,model_size,False,1,10,test
9,Int8WeightOnlyConfig,int8,8,False,True,pytorch_quantized_median_latency,0.0007000375001098291,pytorch,median_latency,False,1,10,test
10,Float8WeightOnlyConfig,float8,8,False,True,pytorch_quantized_median_latency,0.0007934730001579737,pytorch,median_latency,False,1,10,test
11,Int8DynamicActivationInt8WeightConfig,int8,8,True,False,pytorch_quantized_median_latency,0.013775004499848365,pytorch,median_latency,False,1,10,test
12,Int8WeightOnlyConfig,int8,8,False,True,pytorch_quantized_p95_latency,0.0007952422000471412,pytorch,p95_latency,False,1,10,test
13,Float8WeightOnlyConfig,float8,8,False,True,pytorch_quantized_p95_latency,0.0008930373497605614,pytorch,p95_latency,False,1,10,test
14,Int8DynamicActivationInt8WeightConfig,int8,8,True,False,pytorch_quantized_p95_latency,0.014806601999885061,pytorch,p95_latency,False,1,10,test
15,Int8WeightOnlyConfig,int8,8,False,True,pytorch_quantized_p99_latency,0.0009839035300228715,pytorch,p99_latency,False,1,10,test
16,Float8WeightOnlyConfig,float8,8,False,True,pytorch_quantized_p99_latency,0.0011581064496476755,pytorch,p99_latency,False,1,10,test
17,Int8DynamicActivationInt8WeightConfig,int8,8,True,False,pytorch_quantized_p99_latency,0.01535356905014396,pytorch,p99_latency,False,1,10,test
18,Int8WeightOnlyConfig,int8,8,False,True,pytorch_relative_model_size,0.25,pytorch,model_size,True,1,10,test
19,Float8WeightOnlyConfig,float8,8,False,True,pytorch_relative_model_size,0.25,pytorch,model_size,True,1,10,test
20,Int8DynamicActivationInt8WeightConfig,int8,8,True,False,pytorch_relative_model_size,0.25,pytorch,model_size,True,1,10,test
21,Int8WeightOnlyConfig,int8,8,False,True,pytorch_relative_median_latency,2.4951347486797664,pytorch,median_latency,True,1,10,test
22,Float8WeightOnlyConfig,float8,8,False,True,pytorch_relative_median_latency,2.828165711869337,pytorch,median_latency,True,1,10,test
23,Int8DynamicActivationInt8WeightConfig,int8,8,True,False,pytorch_relative_median_latency,49.09807315379447,pytorch,median_latency,True,1,10,test
24,Int8WeightOnlyConfig,int8,8,False,True,pytorch_relative_p95_latency,2.4461054096243413,pytorch,p95_latency,True,1,10,test
25,Float8WeightOnlyConfig,float8,8,False,True,pytorch_relative_p95_latency,2.7469159610951244,pytorch,p95_latency,True,1,10,test
26,Int8DynamicActivationInt8WeightConfig,int8,8,True,False,pytorch_relative_p95_latency,45.543998102623874,pytorch,p95_latency,True,1,10,test
27,Int8WeightOnlyConfig,int8,8,False,True,pytorch_relative_p99_latency,2.6078611496786963,pytorch,p99_latency,True,1,10,test
28,Float8WeightOnlyConfig,float8,8,False,True,pytorch_relative_p99_latency,3.069590386730592,pytorch,p99_latency,True,1,10,test
29,Int8DynamicActivationInt8WeightConfig,int8,8,True,False,pytorch_relative_p99_latency,40.69502244173158,pytorch,p99_latency,True,1,10,test
0,Int8WeightOnlyConfig,int8,8,False,True,pytorch_quantized_MAE,7.250790159676092,pytorch,MAE,False,2,1,train
1,Float8WeightOnlyConfig,float8,8,False,True,pytorch_quantized_MAE,7.239310161152618,pytorch,MAE,False,2,1,train
2,Int8DynamicActivationInt8WeightConfig,int8,8,True,False,pytorch_quantized_MAE,7.2438246458059306,pytorch,MAE,False,2,1,train
3,Int8WeightOnlyConfig,int8,8,False,True,pytorch_relative_MAE,1.0012046193978559,pytorch,MAE,True,2,1,train
4,Float8WeightOnlyConfig,float8,8,False,True,pytorch_relative_MAE,0.999619436638561,pytorch,MAE,True,2,1,train
5,Int8DynamicActivationInt8WeightConfig,int8,8,True,False,pytorch_relative_MAE,1.0002428063389053,pytorch,MAE,True,2,1,train
6,Int8WeightOnlyConfig,int8,8,False,True,pytorch_quantized_model_size,206337.0,pytorch,model_size,False,2,1,train
7,Float8WeightOnlyConfig,float8,8,False,True,pytorch_quantized_model_size,206337.0,pytorch,model_size,False,2,1,train
8,Int8DynamicActivationInt8WeightConfig,int8,8,True,False,pytorch_quantized_model_size,206337.0,pytorch,model_size,False,2,1,train
9,Int8WeightOnlyConfig,int8,8,False,True,pytorch_quantized_median_latency,0.0006826005001130397,pytorch,median_latency,False,2,1,train
10,Float8WeightOnlyConfig,float8,8,False,True,pytorch_quantized_median_latency,0.000785136000104103,pytorch,median_latency,False,2,1,train
11,Int8DynamicActivationInt8WeightConfig,int8,8,True,False,pytorch_quantized_median_latency,0.014906747999930303,pytorch,median_latency,False,2,1,train
12,Int8WeightOnlyConfig,int8,8,False,True,pytorch_quantized_p95_latency,0.0007718111501617386,pytorch,p95_latency,False,2,1,train
13,Float8WeightOnlyConfig,float8,8,False,True,pytorch_quantized_p95_latency,0.0008754921499303236,pytorch,p95_latency,False,2,1,train
14,Int8DynamicActivationInt8WeightConfig,int8,8,True,False,pytorch_quantized_p95_latency,0.017120914950100995,pytorch,p95_latency,False,2,1,train
15,Int8WeightOnlyConfig,int8,8,False,True,pytorch_quantized_p99_latency,0.0008490479300053266,pytorch,p99_latency,False,2,1,train
16,Float8WeightOnlyConfig,float8,8,False,True,pytorch_quantized_p99_latency,0.0011052131702035692,pytorch,p99_latency,False,2,1,train
17,Int8DynamicActivationInt8WeightConfig,int8,8,True,False,pytorch_quantized_p99_latency,0.017826686300281835,pytorch,p99_latency,False,2,1,train
18,Int8WeightOnlyConfig,int8,8,False,True,pytorch_relative_model_size,0.25,pytorch,model_size,True,2,1,train
19,Float8WeightOnlyConfig,float8,8,False,True,pytorch_relative_model_size,0.25,pytorch,model_size,True,2,1,train
20,Int8DynamicActivationInt8WeightConfig,int8,8,True,False,pytorch_relative_model_size,0.25,pytorch,model_size,True,2,1,train
21,Int8WeightOnlyConfig,int8,8,False,True,pytorch_relative_median_latency,2.0924192027914987,pytorch,median_latency,True,2,1,train
22,Float8WeightOnlyConfig,float8,8,False,True,pytorch_relative_median_latency,2.4067278637338787,pytorch,median_latency,True,2,1,train
23,Int8DynamicActivationInt8WeightConfig,int8,8,True,False,pytorch_relative_median_latency,45.69461311713459,pytorch,median_latency,True,2,1,train
24,Int8WeightOnlyConfig,int8,8,False,True,pytorch_relative_p95_latency,2.1626477898642986,pytorch,p95_latency,True,2,1,train
25,Float8WeightOnlyConfig,float8,8,False,True,pytorch_relative_p95_latency,2.453166377155326,pytorch,p95_latency,True,2,1,train
26,Int8DynamicActivationInt8WeightConfig,int8,8,True,False,pytorch_relative_p95_latency,47.97353454861513,pytorch,p95_latency,True,2,1,train
27,Int8WeightOnlyConfig,int8,8,False,True,pytorch_relative_p99_latency,2.206873567073287,pytorch,p99_latency,True,2,1,train
28,Float8WeightOnlyConfig,float8,8,False,True,pytorch_relative_p99_latency,2.8727067637844956,pytorch,p99_latency,True,2,1,train
29,Int8DynamicActivationInt8WeightConfig,int8,8,True,False,pytorch_relative_p99_latency,46.33571485693707,pytorch,p99_latency,True,2,1,train
0,Int8WeightOnlyConfig,int8,8,False,True,pytorch_quantized_MAE,7.270482049836152,pytorch,MAE,False,2,1,test
1,Float8WeightOnlyConfig,float8,8,False,True,pytorch_quantized_MAE,7.256999197930294,pytorch,MAE,False,2,1,test
2,Int8DynamicActivationInt8WeightConfig,int8,8,True,False,pytorch_quantized_MAE,7.268205963881197,pytorch,MAE,False,2,1,test
3,Int8WeightOnlyConfig,int8,8,False,True,pytorch_relative_MAE,1.001126848815385,pytorch,MAE,True,2,1,test
4,Float8WeightOnlyConfig,float8,8,False,True,pytorch_relative_MAE,0.9992702944701529,pytorch,MAE,True,2,1,test
5,Int8DynamicActivationInt8WeightConfig,int8,8,True,False,pytorch_relative_MAE,1.000813437580188,pytorch,MAE,True,2,1,test
6,Int8WeightOnlyConfig,int8,8,False,True,pytorch_quantized_model_size,206337.0,pytorch,model_size,False,2,1,test
7,Float8WeightOnlyConfig,float8,8,False,True,pytorch_quantized_model_size,206337.0,pytorch,model_size,False,2,1,test
8,Int8DynamicActivationInt8WeightConfig,int8,8,True,False,pytorch_quantized_model_size,206337.0,pytorch,model_size,False,2,1,test
9,Int8WeightOnlyConfig,int8,8,False,True,pytorch_quantized_median_latency,0.0006836699999439588,pytorch,median_latency,False,2,1,test
10,Float8WeightOnlyConfig,float8,8,False,True,pytorch_quantized_median_latency,0.0007298020000234828,pytorch,median_latency,False,2,1,test
11,Int8DynamicActivationInt8WeightConfig,int8,8,True,False,pytorch_quantized_median_latency,0.0140843499998482,pytorch,median_latency,False,2,1,test
12,Int8WeightOnlyConfig,int8,8,False,True,pytorch_quantized_p95_latency,0.0007694255002888891,pytorch,p95_latency,False,2,1,test
13,Float8WeightOnlyConfig,float8,8,False,True,pytorch_quantized_p95_latency,0.0008522443001993451,pytorch,p95_latency,False,2,1,test
14,Int8DynamicActivationInt8WeightConfig,int8,8,True,False,pytorch_quantized_p95_latency,0.016271908200155845,pytorch,p95_latency,False,2,1,test
15,Int8WeightOnlyConfig,int8,8,False,True,pytorch_quantized_p99_latency,0.00084048042987888,pytorch,p99_latency,False,2,1,test
16,Float8WeightOnlyConfig,float8,8,False,True,pytorch_quantized_p99_latency,0.0009376255198912986,pytorch,p99_latency,False,2,1,test
17,Int8DynamicActivationInt8WeightConfig,int8,8,True,False,pytorch_quantized_p99_latency,0.016905930329889997,pytorch,p99_latency,False,2,1,test
18,Int8WeightOnlyConfig,int8,8,False,True,pytorch_relative_model_size,0.25,pytorch,model_size,True,2,1,test
19,Float8WeightOnlyConfig,float8,8,False,True,pytorch_relative_model_size,0.25,pytorch,model_size,True,2,1,test
20,Int8DynamicActivationInt8WeightConfig,int8,8,True,False,pytorch_relative_model_size,0.25,pytorch,model_size,True,2,1,test
21,Int8WeightOnlyConfig,int8,8,False,True,pytorch_relative_median_latency,2.065100178234687,pytorch,median_latency,True,2,1,test
22,Float8WeightOnlyConfig,float8,8,False,True,pytorch_relative_median_latency,2.204446941430903,pytorch,median_latency,True,2,1,test
23,Int8DynamicActivationInt8WeightConfig,int8,8,True,False,pytorch_relative_median_latency,42.543323090658376,pytorch,median_latency,True,2,1,test
24,Int8WeightOnlyConfig,int8,8,False,True,pytorch_relative_p95_latency,2.052907714207521,pytorch,p95_latency,True,2,1,test
25,Float8WeightOnlyConfig,float8,8,False,True,pytorch_relative_p95_latency,2.273876934949164,pytorch,p95_latency,True,2,1,test
26,Int8DynamicActivationInt8WeightConfig,int8,8,True,False,pytorch_relative_p95_latency,43.4151530673657,pytorch,p95_latency,True,2,1,test
27,Int8WeightOnlyConfig,int8,8,False,True,pytorch_relative_p99_latency,2.1191575449841866,pytorch,p99_latency,True,2,1,test
28,Float8WeightOnlyConfig,float8,8,False,True,pytorch_relative_p99_latency,2.3640957293124663,pytorch,p99_latency,True,2,1,test
29,Int8DynamicActivationInt8WeightConfig,int8,8,True,False,pytorch_relative_p99_latency,42.626013099110764,pytorch,p99_latency,True,2,1,test
0,Int8WeightOnlyConfig,int8,8,False,True,pytorch_quantized_MAE,7.24185563322308,pytorch,MAE,False,2,2,train
1,Float8WeightOnlyConfig,float8,8,False,True,pytorch_quantized_MAE,7.231852462308396,pytorch,MAE,False,2,2,train
2,Int8DynamicActivationInt8WeightConfig,int8,8,True,False,pytorch_quantized_MAE,7.234887414014737,pytorch,MAE,False,2,2,train
3,Int8WeightOnlyConfig,int8,8,False,True,pytorch_relative_MAE,1.0011693305623044,pytorch,MAE,True,2,2,train
4,Float8WeightOnlyConfig,float8,8,False,True,pytorch_relative_MAE,0.9997864159565216,pytorch,MAE,True,2,2,train
5,Int8DynamicActivationInt8WeightConfig,int8,8,True,False,pytorch_relative_MAE,1.0002059908171674,pytorch,MAE,True,2,2,train
6,Int8WeightOnlyConfig,int8,8,False,True,pytorch_quantized_model_size,206337.0,pytorch,model_size,False,2,2,train
7,Float8WeightOnlyConfig,float8,8,False,True,pytorch_quantized_model_size,206337.0,pytorch,model_size,False,2,2,train
8,Int8DynamicActivationInt8WeightConfig,int8,8,True,False,pytorch_quantized_model_size,206337.0,pytorch,model_size,False,2,2,train
9,Int8WeightOnlyConfig,int8,8,False,True,pytorch_quantized_median_latency,0.0006806549999964773,pytorch,median_latency,False,2,2,train
10,Float8WeightOnlyConfig,float8,8,False,True,pytorch_quantized_median_latency,0.0007304099997327285,pytorch,median_latency,False,2,2,train
11,Int8DynamicActivationInt8WeightConfig,int8,8,True,False,pytorch_quantized_median_latency,0.015199994000113293,pytorch,median_latency,False,2,2,train
12,Int8WeightOnlyConfig,int8,8,False,True,pytorch_quantized_p95_latency,0.0007440849001341121,pytorch,p95_latency,False,2,2,train
13,Float8WeightOnlyConfig,float8,8,False,True,pytorch_quantized_p95_latency,0.0008562762501242101,pytorch,p95_latency,False,2,2,train
14,Int8DynamicActivationInt8WeightConfig,int8,8,True,False,pytorch_quantized_p95_latency,0.017018327300070267,pytorch,p95_latency,False,2,2,train
15,Int8WeightOnlyConfig,int8,8,False,True,pytorch_quantized_p99_latency,0.0008464392102359851,pytorch,p99_latency,False,2,2,train
16,Float8WeightOnlyConfig,float8,8,False,True,pytorch_quantized_p99_latency,0.0009230329401816561,pytorch,p99_latency,False,2,2,train
17,Int8DynamicActivationInt8WeightConfig,int8,8,True,False,pytorch_quantized_p99_latency,0.017463702509994617,pytorch,p99_latency,False,2,2,train
18,Int8WeightOnlyConfig,int8,8,False,True,pytorch_relative_model_size,0.25,pytorch,model_size,True,2,2,train
19,Float8WeightOnlyConfig,float8,8,False,True,pytorch_relative_model_size,0.25,pytorch,model_size,True,2,2,train
20,Int8DynamicActivationInt8WeightConfig,int8,8,True,False,pytorch_relative_model_size,0.25,pytorch,model_size,True,2,2,train
21,Int8WeightOnlyConfig,int8,8,False,True,pytorch_relative_median_latency,2.031727126754472,pytorch,median_latency,True,2,2,train
22,Float8WeightOnlyConfig,float8,8,False,True,pytorch_relative_median_latency,2.1802437506774965,pytorch,median_latency,True,2,2,train
23,Int8DynamicActivationInt8WeightConfig,int8,8,True,False,pytorch_relative_median_latency,45.37135573336745,pytorch,median_latency,True,2,2,train
24,Int8WeightOnlyConfig,int8,8,False,True,pytorch_relative_p95_latency,1.9678228898776164,pytorch,p95_latency,True,2,2,train
25,Float8WeightOnlyConfig,float8,8,False,True,pytorch_relative_p95_latency,2.264526540921999,pytorch,p95_latency,True,2,2,train
26,Int8DynamicActivationInt8WeightConfig,int8,8,True,False,pytorch_relative_p95_latency,45.00703347490511,pytorch,p95_latency,True,2,2,train
27,Int8WeightOnlyConfig,int8,8,False,True,pytorch_relative_p99_latency,1.8760458564402118,pytorch,p99_latency,True,2,2,train
28,Float8WeightOnlyConfig,float8,8,False,True,pytorch_relative_p99_latency,2.045808017687226,pytorch,p99_latency,True,2,2,train
29,Int8DynamicActivationInt8WeightConfig,int8,8,True,False,pytorch_relative_p99_latency,38.70650879092164,pytorch,p99_latency,True,2,2,train
0,Int8WeightOnlyConfig,int8,8,False,True,pytorch_quantized_MAE,7.306499477612557,pytorch,MAE,False,2,2,test
1,Float8WeightOnlyConfig,float8,8,False,True,pytorch_quantized_MAE,7.298077379659112,pytorch,MAE,False,2,2,test
2,Int8DynamicActivationInt8WeightConfig,int8,8,True,False,pytorch_quantized_MAE,7.3051060329376245,pytorch,MAE,False,2,2,test
3,Int8WeightOnlyConfig,int8,8,False,True,pytorch_relative_MAE,1.0011197273311816,pytorch,MAE,True,2,2,test
4,Float8WeightOnlyConfig,float8,8,False,True,pytorch_relative_MAE,0.9999657508705598,pytorch,MAE,True,2,2,test
5,Int8DynamicActivationInt8WeightConfig,int8,8,True,False,pytorch_relative_MAE,1.0009288007517307,pytorch,MAE,True,2,2,test
6,Int8WeightOnlyConfig,int8,8,False,True,pytorch_quantized_model_size,206337.0,pytorch,model_size,False,2,2,test
7,Float8WeightOnlyConfig,float8,8,False,True,pytorch_quantized_model_size,206337.0,pytorch,model_size,False,2,2,test
8,Int8DynamicActivationInt8WeightConfig,int8,8,True,False,pytorch_quantized_model_size,206337.0,pytorch,model_size,False,2,2,test
9,Int8WeightOnlyConfig,int8,8,False,True,pytorch_quantized_median_latency,0.0006925064997176378,pytorch,median_latency,False,2,2,test
10,Float8WeightOnlyConfig,float8,8,False,True,pytorch_quantized_median_latency,0.0007320270001400786,pytorch,median_latency,False,2,2,test
11,Int8DynamicActivationInt8WeightConfig,int8,8,True,False,pytorch_quantized_median_latency,0.013343601999849852,pytorch,median_latency,False,2,2,test
12,Int8WeightOnlyConfig,int8,8,False,True,pytorch_quantized_p95_latency,0.000740467050013649,pytorch,p95_latency,False,2,2,test
13,Float8WeightOnlyConfig,float8,8,False,True,pytorch_quantized_p95_latency,0.0007963117500139561,pytorch,p95_latency,False,2,2,test
14,Int8DynamicActivationInt8WeightConfig,int8,8,True,False,pytorch_quantized_p95_latency,0.014872806700395813,pytorch,p95_latency,False,2,2,test
15,Int8WeightOnlyConfig,int8,8,False,True,pytorch_quantized_p99_latency,0.0007849895198751255,pytorch,p99_latency,False,2,2,test
16,Float8WeightOnlyConfig,float8,8,False,True,pytorch_quantized_p99_latency,0.0008483148799723492,pytorch,p99_latency,False,2,2,test
17,Int8DynamicActivationInt8WeightConfig,int8,8,True,False,pytorch_quantized_p99_latency,0.015711765720106994,pytorch,p99_latency,False,2,2,test
18,Int8WeightOnlyConfig,int8,8,False,True,pytorch_relative_model_size,0.25,pytorch,model_size,True,2,2,test
19,Float8WeightOnlyConfig,float8,8,False,True,pytorch_relative_model_size,0.25,pytorch,model_size,True,2,2,test
20,Int8DynamicActivationInt8WeightConfig,int8,8,True,False,pytorch_relative_model_size,0.25,pytorch,model_size,True,2,2,test
21,Int8WeightOnlyConfig,int8,8,False,True,pytorch_relative_median_latency,2.072243567276237,pytorch,median_latency,True,2,2,test
22,Float8WeightOnlyConfig,float8,8,False,True,pytorch_relative_median_latency,2.1905039775530115,pytorch,median_latency,True,2,2,test
23,Int8DynamicActivationInt8WeightConfig,int8,8,True,False,pytorch_relative_median_latency,39.929146397553914,pytorch,median_latency,True,2,2,test
24,Int8WeightOnlyConfig,int8,8,False,True,pytorch_relative_p95_latency,2.0209055002069216,pytorch,p95_latency,True,2,2,test
25,Float8WeightOnlyConfig,float8,8,False,True,pytorch_relative_p95_latency,2.1733185770426102,pytorch,p95_latency,True,2,2,test
26,Int8DynamicActivationInt8WeightConfig,int8,8,True,False,pytorch_relative_p95_latency,40.59132254945068,pytorch,p95_latency,True,2,2,test
27,Int8WeightOnlyConfig,int8,8,False,True,pytorch_relative_p99_latency,1.9003601931435679,pytorch,p99_latency,True,2,2,test
28,Float8WeightOnlyConfig,float8,8,False,True,pytorch_relative_p99_latency,2.0536628685275518,pytorch,p99_latency,True,2,2,test
29,Int8DynamicActivationInt8WeightConfig,int8,8,True,False,pytorch_relative_p99_latency,38.03619460198496,pytorch,p99_latency,True,2,2,test
0,Int8WeightOnlyConfig,int8,8,False,True,pytorch_quantized_MAE,7.2959285083744065,pytorch,MAE,False,2,3,train
1,Float8WeightOnlyConfig,float8,8,False,True,pytorch_quantized_MAE,7.285376753001734,pytorch,MAE,False,2,3,train
2,Int8DynamicActivationInt8WeightConfig,int8,8,True,False,pytorch_quantized_MAE,7.290548663537105,pytorch,MAE,False,2,3,train
3,Int8WeightOnlyConfig,int8,8,False,True,pytorch_relative_MAE,1.0012026981254307,pytorch,MAE,True,2,3,train
4,Float8WeightOnlyConfig,float8,8,False,True,pytorch_relative_MAE,0.9997547061478568,pytorch,MAE,True,2,3,train
5,Int8DynamicActivationInt8WeightConfig,int8,8,True,False,pytorch_relative_MAE,1.000464434974905,pytorch,MAE,True,2,3,train
6,Int8WeightOnlyConfig,int8,8,False,True,pytorch_quantized_model_size,206337.0,pytorch,model_size,False,2,3,train
7,Float8WeightOnlyConfig,float8,8,False,True,pytorch_quantized_model_size,206337.0,pytorch,model_size,False,2,3,train
8,Int8DynamicActivationInt8WeightConfig,int8,8,True,False,pytorch_quantized_model_size,206337.0,pytorch,model_size,False,2,3,train
9,Int8WeightOnlyConfig,int8,8,False,True,pytorch_quantized_median_latency,0.0007134685001801699,pytorch,median_latency,False,2,3,train
10,Float8WeightOnlyConfig,float8,8,False,True,pytorch_quantized_median_latency,0.0007903260000148293,pytorch,median_latency,False,2,3,train
11,Int8DynamicActivationInt8WeightConfig,int8,8,True,False,pytorch_quantized_median_latency,0.01375092549983492,pytorch,median_latency,False,2,3,train
12,Int8WeightOnlyConfig,int8,8,False,True,pytorch_quantized_p95_latency,0.0007989694498746758,pytorch,p95_latency,False,2,3,train
13,Float8WeightOnlyConfig,float8,8,False,True,pytorch_quantized_p95_latency,0.0008903230501118742,pytorch,p95_latency,False,2,3,train
14,Int8DynamicActivationInt8WeightConfig,int8,8,True,False,pytorch_quantized_p95_latency,0.015049151700009132,pytorch,p95_latency,False,2,3,train
15,Int8WeightOnlyConfig,int8,8,False,True,pytorch_quantized_p99_latency,0.000955614090007657,pytorch,p99_latency,False,2,3,train
16,Float8WeightOnlyConfig,float8,8,False,True,pytorch_quantized_p99_latency,0.0010124000603400417,pytorch,p99_latency,False,2,3,train
17,Int8DynamicActivationInt8WeightConfig,int8,8,True,False,pytorch_quantized_p99_latency,0.01550228047994551,pytorch,p99_latency,False,2,3,train
18,Int8WeightOnlyConfig,int8,8,False,True,pytorch_relative_model_size,0.25,pytorch,model_size,True,2,3,train
19,Float8WeightOnlyConfig,float8,8,False,True,pytorch_relative_model_size,0.25,pytorch,model_size,True,2,3,train
20,Int8DynamicActivationInt8WeightConfig,int8,8,True,False,pytorch_relative_model_size,0.25,pytorch,model_size,True,2,3,train
21,Int8WeightOnlyConfig,int8,8,False,True,pytorch_relative_median_latency,2.62435331059637,pytorch,median_latency,True,2,3,train
22,Float8WeightOnlyConfig,float8,8,False,True,pytorch_relative_median_latency,2.907058481300211,pytorch,median_latency,True,2,3,train
23,Int8DynamicActivationInt8WeightConfig,int8,8,True,False,pytorch_relative_median_latency,50.580070248571324,pytorch,median_latency,True,2,3,train
24,Int8WeightOnlyConfig,int8,8,False,True,pytorch_relative_p95_latency,2.3701723299074517,pytorch,p95_latency,True,2,3,train
25,Float8WeightOnlyConfig,float8,8,False,True,pytorch_relative_p95_latency,2.641176153086921,pytorch,p95_latency,True,2,3,train
26,Int8DynamicActivationInt8WeightConfig,int8,8,True,False,pytorch_relative_p95_latency,44.643863358650684,pytorch,p95_latency,True,2,3,train
27,Int8WeightOnlyConfig,int8,8,False,True,pytorch_relative_p99_latency,2.427307369603572,pytorch,p99_latency,True,2,3,train
28,Float8WeightOnlyConfig,float8,8,False,True,pytorch_relative_p99_latency,2.5715465616782547,pytorch,p99_latency,True,2,3,train
29,Int8DynamicActivationInt8WeightConfig,int8,8,True,False,pytorch_relative_p99_latency,39.376564293157124,pytorch,p99_latency,True,2,3,train
0,Int8WeightOnlyConfig,int8,8,False,True,pytorch_quantized_MAE,7.106423845407767,pytorch,MAE,False,2,3,test
1,Float8WeightOnlyConfig,float8,8,False,True,pytorch_quantized_MAE,7.095511754951944,pytorch,MAE,False,2,3,test
2,Int8DynamicActivationInt8WeightConfig,int8,8,True,False,pytorch_quantized_MAE,7.095413064463231,pytorch,MAE,False,2,3,test
3,Int8WeightOnlyConfig,int8,8,False,True,pytorch_relative_MAE,1.001572159223516,pytorch,MAE,True,2,3,test
4,Float8WeightOnlyConfig,float8,8,False,True,pytorch_relative_MAE,1.0000342202773969,pytorch,MAE,True,2,3,test
5,Int8DynamicActivationInt8WeightConfig,int8,8,True,False,pytorch_relative_MAE,1.0000203109401515,pytorch,MAE,True,2,3,test
6,Int8WeightOnlyConfig,int8,8,False,True,pytorch_quantized_model_size,206337.0,pytorch,model_size,False,2,3,test
7,Float8WeightOnlyConfig,float8,8,False,True,pytorch_quantized_model_size,206337.0,pytorch,model_size,False,2,3,test
8,Int8DynamicActivationInt8WeightConfig,int8,8,True,False,pytorch_quantized_model_size,206337.0,pytorch,model_size,False,2,3,test
9,Int8WeightOnlyConfig,int8,8,False,True,pytorch_quantized_median_latency,0.0007116945000689157,pytorch,median_latency,False,2,3,test
10,Float8WeightOnlyConfig,float8,8,False,True,pytorch_quantized_median_latency,0.0008066954999321752,pytorch,median_latency,False,2,3,test
11,Int8DynamicActivationInt8WeightConfig,int8,8,True,False,pytorch_quantized_median_latency,0.01364827400016111,pytorch,median_latency,False,2,3,test
12,Int8WeightOnlyConfig,int8,8,False,True,pytorch_quantized_p95_latency,0.0007929852999950525,pytorch,p95_latency,False,2,3,test
13,Float8WeightOnlyConfig,float8,8,False,True,pytorch_quantized_p95_latency,0.0008919082496504413,pytorch,p95_latency,False,2,3,test
14,Int8DynamicActivationInt8WeightConfig,int8,8,True,False,pytorch_quantized_p95_latency,0.014937663900150255,pytorch,p95_latency,False,2,3,test
15,Int8WeightOnlyConfig,int8,8,False,True,pytorch_quantized_p99_latency,0.0009453309502441697,pytorch,p99_latency,False,2,3,test
16,Float8WeightOnlyConfig,float8,8,False,True,pytorch_quantized_p99_latency,0.0011401496002599741,pytorch,p99_latency,False,2,3,test
17,Int8DynamicActivationInt8WeightConfig,int8,8,True,False,pytorch_quantized_p99_latency,0.01562906606987326,pytorch,p99_latency,False,2,3,test
18,Int8WeightOnlyConfig,int8,8,False,True,pytorch_relative_model_size,0.25,pytorch,model_size,True,2,3,test
19,Float8WeightOnlyConfig,float8,8,False,True,pytorch_relative_model_size,0.25,pytorch,model_size,True,2,3,test
20,Int8DynamicActivationInt8WeightConfig,int8,8,True,False,pytorch_relative_model_size,0.25,pytorch,model_size,True,2,3,test
21,Int8WeightOnlyConfig,int8,8,False,True,pytorch_relative_median_latency,2.6729305968037305,pytorch,median_latency,True,2,3,test
22,Float8WeightOnlyConfig,float8,8,False,True,pytorch_relative_median_latency,3.029728463355832,pytorch,median_latency,True,2,3,test
23,Int8DynamicActivationInt8WeightConfig,int8,8,True,False,pytorch_relative_median_latency,51.25919782302506,pytorch,median_latency,True,2,3,test
24,Int8WeightOnlyConfig,int8,8,False,True,pytorch_relative_p95_latency,2.4722106520682092,pytorch,p95_latency,True,2,3,test
25,Float8WeightOnlyConfig,float8,8,False,True,pytorch_relative_p95_latency,2.780612800094894,pytorch,p95_latency,True,2,3,test
26,Int8DynamicActivationInt8WeightConfig,int8,8,True,False,pytorch_relative_p95_latency,46.56965496232605,pytorch,p95_latency,True,2,3,test
27,Int8WeightOnlyConfig,int8,8,False,True,pytorch_relative_p99_latency,2.3074177775962226,pytorch,p99_latency,True,2,3,test
28,Float8WeightOnlyConfig,float8,8,False,True,pytorch_relative_p99_latency,2.7829422659647194,pytorch,p99_latency,True,2,3,test
29,Int8DynamicActivationInt8WeightConfig,int8,8,True,False,pytorch_relative_p99_latency,38.14831714494995,pytorch,p99_latency,True,2,3,test
0,Int8WeightOnlyConfig,int8,8,False,True,pytorch_quantized_MAE,7.243464642076726,pytorch,MAE,False,2,4,train
1,Float8WeightOnlyConfig,float8,8,False,True,pytorch_quantized_MAE,7.230985279429716,pytorch,MAE,False,2,4,train
2,Int8DynamicActivationInt8WeightConfig,int8,8,True,False,pytorch_quantized_MAE,7.238834100568199,pytorch,MAE,False,2,4,train
3,Int8WeightOnlyConfig,int8,8,False,True,pytorch_relative_MAE,1.0012424356591352,pytorch,MAE,True,2,4,train
4,Float8WeightOnlyConfig,float8,8,False,True,pytorch_relative_MAE,0.9995174507148332,pytorch,MAE,True,2,4,train
5,Int8DynamicActivationInt8WeightConfig,int8,8,True,False,pytorch_relative_MAE,1.000602369766981,pytorch,MAE,True,2,4,train
6,Int8WeightOnlyConfig,int8,8,False,True,pytorch_quantized_model_size,206337.0,pytorch,model_size,False,2,4,train
7,Float8WeightOnlyConfig,float8,8,False,True,pytorch_quantized_model_size,206337.0,pytorch,model_size,False,2,4,train
8,Int8DynamicActivationInt8WeightConfig,int8,8,True,False,pytorch_quantized_model_size,206337.0,pytorch,model_size,False,2,4,train
9,Int8WeightOnlyConfig,int8,8,False,True,pytorch_quantized_median_latency,0.0007091769998623931,pytorch,median_latency,False,2,4,train
10,Float8WeightOnlyConfig,float8,8,False,True,pytorch_quantized_median_latency,0.0007961754999996629,pytorch,median_latency,False,2,4,train
11,Int8DynamicActivationInt8WeightConfig,int8,8,True,False,pytorch_quantized_median_latency,0.013907663000054526,pytorch,median_latency,False,2,4,train
12,Int8WeightOnlyConfig,int8,8,False,True,pytorch_quantized_p95_latency,0.0007991615503442516,pytorch,p95_latency,False,2,4,train
13,Float8WeightOnlyConfig,float8,8,False,True,pytorch_quantized_p95_latency,0.0009123519999320706,pytorch,p95_latency,False,2,4,train
14,Int8DynamicActivationInt8WeightConfig,int8,8,True,False,pytorch_quantized_p95_latency,0.015083710149997386,pytorch,p95_latency,False,2,4,train
15,Int8WeightOnlyConfig,int8,8,False,True,pytorch_quantized_p99_latency,0.0009142515200028355,pytorch,p99_latency,False,2,4,train
16,Float8WeightOnlyConfig,float8,8,False,True,pytorch_quantized_p99_latency,0.0011170648100187462,pytorch,p99_latency,False,2,4,train
17,Int8DynamicActivationInt8WeightConfig,int8,8,True,False,pytorch_quantized_p99_latency,0.015593428380088878,pytorch,p99_latency,False,2,4,train
18,Int8WeightOnlyConfig,int8,8,False,True,pytorch_relative_model_size,0.25,pytorch,model_size,True,2,4,train
19,Float8WeightOnlyConfig,float8,8,False,True,pytorch_relative_model_size,0.25,pytorch,model_size,True,2,4,train
20,Int8DynamicActivationInt8WeightConfig,int8,8,True,False,pytorch_relative_model_size,0.25,pytorch,model_size,True,2,4,train
21,Int8WeightOnlyConfig,int8,8,False,True,pytorch_relative_median_latency,2.536480072362977,pytorch,median_latency,True,2,4,train
22,Float8WeightOnlyConfig,float8,8,False,True,pytorch_relative_median_latency,2.847643522342983,pytorch,median_latency,True,2,4,train
23,Int8DynamicActivationInt8WeightConfig,int8,8,True,False,pytorch_relative_median_latency,49.74288514661807,pytorch,median_latency,True,2,4,train
24,Int8WeightOnlyConfig,int8,8,False,True,pytorch_relative_p95_latency,2.3712958227170047,pytorch,p95_latency,True,2,4,train
25,Float8WeightOnlyConfig,float8,8,False,True,pytorch_relative_p95_latency,2.7071578773459266,pytorch,p95_latency,True,2,4,train
26,Int8DynamicActivationInt8WeightConfig,int8,8,True,False,pytorch_relative_p95_latency,44.75683152468394,pytorch,p95_latency,True,2,4,train
27,Int8WeightOnlyConfig,int8,8,False,True,pytorch_relative_p99_latency,2.1871278876504094,pytorch,p99_latency,True,2,4,train
28,Float8WeightOnlyConfig,float8,8,False,True,pytorch_relative_p99_latency,2.672310130036567,pytorch,p99_latency,True,2,4,train
29,Int8DynamicActivationInt8WeightConfig,int8,8,True,False,pytorch_relative_p99_latency,37.30354429606631,pytorch,p99_latency,True,2,4,train
0,Int8WeightOnlyConfig,int8,8,False,True,pytorch_quantized_MAE,7.3979470799357285,pytorch,MAE,False,2,4,test
1,Float8WeightOnlyConfig,float8,8,False,True,pytorch_quantized_MAE,7.378348780261494,pytorch,MAE,False,2,4,test
2,Int8DynamicActivationInt8WeightConfig,int8,8,True,False,pytorch_quantized_MAE,7.386487503267075,pytorch,MAE,False,2,4,test
3,Int8WeightOnlyConfig,int8,8,False,True,pytorch_relative_MAE,1.0014666312809193,pytorch,MAE,True,2,4,test
4,Float8WeightOnlyConfig,float8,8,False,True,pytorch_relative_MAE,0.9988135921416125,pytorch,MAE,True,2,4,test
5,Int8DynamicActivationInt8WeightConfig,int8,8,True,False,pytorch_relative_MAE,0.9999153382643218,pytorch,MAE,True,2,4,test
6,Int8WeightOnlyConfig,int8,8,False,True,pytorch_quantized_model_size,206337.0,pytorch,model_size,False,2,4,test
7,Float8WeightOnlyConfig,float8,8,False,True,pytorch_quantized_model_size,206337.0,pytorch,model_size,False,2,4,test
8,Int8DynamicActivationInt8WeightConfig,int8,8,True,False,pytorch_quantized_model_size,206337.0,pytorch,model_size,False,2,4,test
9,Int8WeightOnlyConfig,int8,8,False,True,pytorch_quantized_median_latency,0.0007062815000153932,pytorch,median_latency,False,2,4,test
10,Float8WeightOnlyConfig,float8,8,False,True,pytorch_quantized_median_latency,0.000797572500005117,pytorch,median_latency,False,2,4,test
11,Int8DynamicActivationInt8WeightConfig,int8,8,True,False,pytorch_quantized_median_latency,0.014161206500148182,pytorch,median_latency,False,2,4,test
12,Int8WeightOnlyConfig,int8,8,False,True,pytorch_quantized_p95_latency,0.000811256799761395,pytorch,p95_latency,False,2,4,test
13,Float8WeightOnlyConfig,float8,8,False,True,pytorch_quantized_p95_latency,0.000895173099729618,pytorch,p95_latency,False,2,4,test
14,Int8DynamicActivationInt8WeightConfig,int8,8,True,False,pytorch_quantized_p95_latency,0.01524369044996092,pytorch,p95_latency,False,2,4,test
15,Int8WeightOnlyConfig,int8,8,False,True,pytorch_quantized_p99_latency,0.0009617566802990036,pytorch,p99_latency,False,2,4,test
16,Float8WeightOnlyConfig,float8,8,False,True,pytorch_quantized_p99_latency,0.0009691281401364902,pytorch,p99_latency,False,2,4,test
17,Int8DynamicActivationInt8WeightConfig,int8,8,True,False,pytorch_quantized_p99_latency,0.01598211872996671,pytorch,p99_latency,False,2,4,test
18,Int8WeightOnlyConfig,int8,8,False,True,pytorch_relative_model_size,0.25,pytorch,model_size,True,2,4,test
19,Float8WeightOnlyConfig,float8,8,False,True,pytorch_relative_model_size,0.25,pytorch,model_size,True,2,4,test
20,Int8DynamicActivationInt8WeightConfig,int8,8,True,False,pytorch_relative_model_size,0.25,pytorch,model_size,True,2,4,test
21,Int8WeightOnlyConfig,int8,8,False,True,pytorch_relative_median_latency,2.4636323046129958,pytorch,median_latency,True,2,4,test
22,Float8WeightOnlyConfig,float8,8,False,True,pytorch_relative_median_latency,2.782071137698963,pytorch,median_latency,True,2,4,test
23,Int8DynamicActivationInt8WeightConfig,int8,8,True,False,pytorch_relative_median_latency,49.39674309082176,pytorch,median_latency,True,2,4,test
24,Int8WeightOnlyConfig,int8,8,False,True,pytorch_relative_p95_latency,2.2461595826810403,pytorch,p95_latency,True,2,4,test
25,Float8WeightOnlyConfig,float8,8,False,True,pytorch_relative_p95_latency,2.4785020436283,pytorch,p95_latency,True,2,4,test
26,Int8DynamicActivationInt8WeightConfig,int8,8,True,False,pytorch_relative_p95_latency,42.205823593310654,pytorch,p95_latency,True,2,4,test
27,Int8WeightOnlyConfig,int8,8,False,True,pytorch_relative_p99_latency,2.0503604693747275,pytorch,p99_latency,True,2,4,test
28,Float8WeightOnlyConfig,float8,8,False,True,pytorch_relative_p99_latency,2.066075618707163,pytorch,p99_latency,True,2,4,test
29,Int8DynamicActivationInt8WeightConfig,int8,8,True,False,pytorch_relative_p99_latency,34.07213605273787,pytorch,p99_latency,True,2,4,test
0,Int8WeightOnlyConfig,int8,8,False,True,pytorch_quantized_MAE,7.289677871148862,pytorch,MAE,False,2,5,train
1,Float8WeightOnlyConfig,float8,8,False,True,pytorch_quantized_MAE,7.278013913216999,pytorch,MAE,False,2,5,train
2,Int8DynamicActivationInt8WeightConfig,int8,8,True,False,pytorch_quantized_MAE,7.286505976945984,pytorch,MAE,False,2,5,train
3,Int8WeightOnlyConfig,int8,8,False,True,pytorch_relative_MAE,1.0012525866199684,pytorch,MAE,True,2,5,train
4,Float8WeightOnlyConfig,float8,8,False,True,pytorch_relative_MAE,0.9996505174674034,pytorch,MAE,True,2,5,train
5,Int8DynamicActivationInt8WeightConfig,int8,8,True,False,pytorch_relative_MAE,1.0008169202803505,pytorch,MAE,True,2,5,train
6,Int8WeightOnlyConfig,int8,8,False,True,pytorch_quantized_model_size,206337.0,pytorch,model_size,False,2,5,train
7,Float8WeightOnlyConfig,float8,8,False,True,pytorch_quantized_model_size,206337.0,pytorch,model_size,False,2,5,train
8,Int8DynamicActivationInt8WeightConfig,int8,8,True,False,pytorch_quantized_model_size,206337.0,pytorch,model_size,False,2,5,train
9,Int8WeightOnlyConfig,int8,8,False,True,pytorch_quantized_median_latency,0.0007135885000479902,pytorch,median_latency,False,2,5,train
10,Float8WeightOnlyConfig,float8,8,False,True,pytorch_quantized_median_latency,0.0007953219999308203,pytorch,median_latency,False,2,5,train
11,Int8DynamicActivationInt8WeightConfig,int8,8,True,False,pytorch_quantized_median_latency,0.013932704499893589,pytorch,median_latency,False,2,5,train
12,Int8WeightOnlyConfig,int8,8,False,True,pytorch_quantized_p95_latency,0.0008078891501554607,pytorch,p95_latency,False,2,5,train
13,Float8WeightOnlyConfig,float8,8,False,True,pytorch_quantized_p95_latency,0.0008705745502084028,pytorch,p95_latency,False,2,5,train
14,Int8DynamicActivationInt8WeightConfig,int8,8,True,False,pytorch_quantized_p95_latency,0.014951540749802915,pytorch,p95_latency,False,2,5,train
15,Int8WeightOnlyConfig,int8,8,False,True,pytorch_quantized_p99_latency,0.0010276603998772766,pytorch,p99_latency,False,2,5,train
16,Float8WeightOnlyConfig,float8,8,False,True,pytorch_quantized_p99_latency,0.0009828406099268241,pytorch,p99_latency,False,2,5,train
17,Int8DynamicActivationInt8WeightConfig,int8,8,True,False,pytorch_quantized_p99_latency,0.015674949840131375,pytorch,p99_latency,False,2,5,train
18,Int8WeightOnlyConfig,int8,8,False,True,pytorch_relative_model_size,0.25,pytorch,model_size,True,2,5,train
19,Float8WeightOnlyConfig,float8,8,False,True,pytorch_relative_model_size,0.25,pytorch,model_size,True,2,5,train
20,Int8DynamicActivationInt8WeightConfig,int8,8,True,False,pytorch_relative_model_size,0.25,pytorch,model_size,True,2,5,train
21,Int8WeightOnlyConfig,int8,8,False,True,pytorch_relative_median_latency,2.504254250558286,pytorch,median_latency,True,2,5,train
22,Float8WeightOnlyConfig,float8,8,False,True,pytorch_relative_median_latency,2.7910882795271066,pytorch,median_latency,True,2,5,train
23,Int8DynamicActivationInt8WeightConfig,int8,8,True,False,pytorch_relative_median_latency,48.895174828748765,pytorch,median_latency,True,2,5,train
24,Int8WeightOnlyConfig,int8,8,False,True,pytorch_relative_p95_latency,2.2875280771228828,pytorch,p95_latency,True,2,5,train
25,Float8WeightOnlyConfig,float8,8,False,True,pytorch_relative_p95_latency,2.4650210074576844,pytorch,p95_latency,True,2,5,train
26,Int8DynamicActivationInt8WeightConfig,int8,8,True,False,pytorch_relative_p95_latency,42.33510160996671,pytorch,p95_latency,True,2,5,train
27,Int8WeightOnlyConfig,int8,8,False,True,pytorch_relative_p99_latency,2.232803733337637,pytorch,p99_latency,True,2,5,train
28,Float8WeightOnlyConfig,float8,8,False,True,pytorch_relative_p99_latency,2.135423514793914,pytorch,p99_latency,True,2,5,train
29,Int8DynamicActivationInt8WeightConfig,int8,8,True,False,pytorch_relative_p99_latency,34.05705476936265,pytorch,p99_latency,True,2,5,train
0,Int8WeightOnlyConfig,int8,8,False,True,pytorch_quantized_MAE,7.341367213768659,pytorch,MAE,False,2,5,test
1,Float8WeightOnlyConfig,float8,8,False,True,pytorch_quantized_MAE,7.331505744051283,pytorch,MAE,False,2,5,test
2,Int8DynamicActivationInt8WeightConfig,int8,8,True,False,pytorch_quantized_MAE,7.335619376497457,pytorch,MAE,False,2,5,test
3,Int8WeightOnlyConfig,int8,8,False,True,pytorch_relative_MAE,1.0011583036827079,pytorch,MAE,True,2,5,test
4,Float8WeightOnlyConfig,float8,8,False,True,pytorch_relative_MAE,0.999813473488742,pytorch,MAE,True,2,5,test
5,Int8DynamicActivationInt8WeightConfig,int8,8,True,False,pytorch_relative_MAE,1.000374458542597,pytorch,MAE,True,2,5,test
6,Int8WeightOnlyConfig,int8,8,False,True,pytorch_quantized_model_size,206337.0,pytorch,model_size,False,2,5,test
7,Float8WeightOnlyConfig,float8,8,False,True,pytorch_quantized_model_size,206337.0,pytorch,model_size,False,2,5,test
8,Int8DynamicActivationInt8WeightConfig,int8,8,True,False,pytorch_quantized_model_size,206337.0,pytorch,model_size,False,2,5,test
9,Int8WeightOnlyConfig,int8,8,False,True,pytorch_quantized_median_latency,0.0007134949998999218,pytorch,median_latency,False,2,5,test
10,Float8WeightOnlyConfig,float8,8,False,True,pytorch_quantized_median_latency,0.0007906984999408451,pytorch,median_latency,False,2,5,test
11,Int8DynamicActivationInt8WeightConfig,int8,8,True,False,pytorch_quantized_median_latency,0.013804692999883628,pytorch,median_latency,False,2,5,test
12,Int8WeightOnlyConfig,int8,8,False,True,pytorch_quantized_p95_latency,0.0008245094502171923,pytorch,p95_latency,False,2,5,test
13,Float8WeightOnlyConfig,float8,8,False,True,pytorch_quantized_p95_latency,0.0009205179499758743,pytorch,p95_latency,False,2,5,test
14,Int8DynamicActivationInt8WeightConfig,int8,8,True,False,pytorch_quantized_p95_latency,0.015277600550075475,pytorch,p95_latency,False,2,5,test
15,Int8WeightOnlyConfig,int8,8,False,True,pytorch_quantized_p99_latency,0.0010244224997222769,pytorch,p99_latency,False,2,5,test
16,Float8WeightOnlyConfig,float8,8,False,True,pytorch_quantized_p99_latency,0.0011157550901134525,pytorch,p99_latency,False,2,5,test
17,Int8DynamicActivationInt8WeightConfig,int8,8,True,False,pytorch_quantized_p99_latency,0.016304996470121295,pytorch,p99_latency,False,2,5,test
18,Int8WeightOnlyConfig,int8,8,False,True,pytorch_relative_model_size,0.25,pytorch,model_size,True,2,5,test
19,Float8WeightOnlyConfig,float8,8,False,True,pytorch_relative_model_size,0.25,pytorch,model_size,True,2,5,test
20,Int8DynamicActivationInt8WeightConfig,int8,8,True,False,pytorch_relative_model_size,0.25,pytorch,model_size,True,2,5,test
21,Int8WeightOnlyConfig,int8,8,False,True,pytorch_relative_median_latency,2.564494708692197,pytorch,median_latency,True,2,5,test
22,Float8WeightOnlyConfig,float8,8,False,True,pytorch_relative_median_latency,2.841985044819621,pytorch,median_latency,True,2,5,test
23,Int8DynamicActivationInt8WeightConfig,int8,8,True,False,pytorch_relative_median_latency,49.61781394163581,pytorch,median_latency,True,2,5,test
24,Int8WeightOnlyConfig,int8,8,False,True,pytorch_relative_p95_latency,2.4807345120712134,pytorch,p95_latency,True,2,5,test
25,Float8WeightOnlyConfig,float8,8,False,True,pytorch_relative_p95_latency,2.76959911967614,pytorch,p95_latency,True,2,5,test
26,Int8DynamicActivationInt8WeightConfig,int8,8,True,False,pytorch_relative_p95_latency,45.96632693079122,pytorch,p95_latency,True,2,5,test
27,Int8WeightOnlyConfig,int8,8,False,True,pytorch_relative_p99_latency,2.6067591911969616,pytorch,p99_latency,True,2,5,test
28,Float8WeightOnlyConfig,float8,8,False,True,pytorch_relative_p99_latency,2.839165321990232,pytorch,p99_latency,True,2,5,test
29,Int8DynamicActivationInt8WeightConfig,int8,8,True,False,pytorch_relative_p99_latency,41.48991204551385,pytorch,p99_latency,True,2,5,test
0,Int8WeightOnlyConfig,int8,8,False,True,pytorch_quantized_MAE,7.294644875638833,pytorch,MAE,False,2,6,train
1,Float8WeightOnlyConfig,float8,8,False,True,pytorch_quantized_MAE,7.2837057043569695,pytorch,MAE,False,2,6,train
2,Int8DynamicActivationInt8WeightConfig,int8,8,True,False,pytorch_quantized_MAE,7.288685320602524,pytorch,MAE,False,2,6,train
3,Int8WeightOnlyConfig,int8,8,False,True,pytorch_relative_MAE,1.001199154969114,pytorch,MAE,True,2,6,train
4,Float8WeightOnlyConfig,float8,8,False,True,pytorch_relative_MAE,0.999697739995502,pytorch,MAE,True,2,6,train
5,Int8DynamicActivationInt8WeightConfig,int8,8,True,False,pytorch_relative_MAE,1.0003811985684847,pytorch,MAE,True,2,6,train
6,Int8WeightOnlyConfig,int8,8,False,True,pytorch_quantized_model_size,206337.0,pytorch,model_size,False,2,6,train
7,Float8WeightOnlyConfig,float8,8,False,True,pytorch_quantized_model_size,206337.0,pytorch,model_size,False,2,6,train
8,Int8DynamicActivationInt8WeightConfig,int8,8,True,False,pytorch_quantized_model_size,206337.0,pytorch,model_size,False,2,6,train
9,Int8WeightOnlyConfig,int8,8,False,True,pytorch_quantized_median_latency,0.000729246500213776,pytorch,median_latency,False,2,6,train
10,Float8WeightOnlyConfig,float8,8,False,True,pytorch_quantized_median_latency,0.0008165964998170239,pytorch,median_latency,False,2,6,train
11,Int8DynamicActivationInt8WeightConfig,int8,8,True,False,pytorch_quantized_median_latency,0.013897831500116808,pytorch,median_latency,False,2,6,train
12,Int8WeightOnlyConfig,int8,8,False,True,pytorch_quantized_p95_latency,0.0008120294000491412,pytorch,p95_latency,False,2,6,train
13,Float8WeightOnlyConfig,float8,8,False,True,pytorch_quantized_p95_latency,0.0009463117001359933,pytorch,p95_latency,False,2,6,train
14,Int8DynamicActivationInt8WeightConfig,int8,8,True,False,pytorch_quantized_p95_latency,0.015463379600214466,pytorch,p95_latency,False,2,6,train
15,Int8WeightOnlyConfig,int8,8,False,True,pytorch_quantized_p99_latency,0.0008955712097485956,pytorch,p99_latency,False,2,6,train
16,Float8WeightOnlyConfig,float8,8,False,True,pytorch_quantized_p99_latency,0.0011964567599397923,pytorch,p99_latency,False,2,6,train
17,Int8DynamicActivationInt8WeightConfig,int8,8,True,False,pytorch_quantized_p99_latency,0.016307820629945128,pytorch,p99_latency,False,2,6,train
18,Int8WeightOnlyConfig,int8,8,False,True,pytorch_relative_model_size,0.25,pytorch,model_size,True,2,6,train
19,Float8WeightOnlyConfig,float8,8,False,True,pytorch_relative_model_size,0.25,pytorch,model_size,True,2,6,train
20,Int8DynamicActivationInt8WeightConfig,int8,8,True,False,pytorch_relative_model_size,0.25,pytorch,model_size,True,2,6,train
21,Int8WeightOnlyConfig,int8,8,False,True,pytorch_relative_median_latency,2.4658031960979545,pytorch,median_latency,True,2,6,train
22,Float8WeightOnlyConfig,float8,8,False,True,pytorch_relative_median_latency,2.761159989908694,pytorch,median_latency,True,2,6,train
23,Int8DynamicActivationInt8WeightConfig,int8,8,True,False,pytorch_relative_median_latency,46.99277586080006,pytorch,median_latency,True,2,6,train
24,Int8WeightOnlyConfig,int8,8,False,True,pytorch_relative_p95_latency,2.2718252388618585,pytorch,p95_latency,True,2,6,train
25,Float8WeightOnlyConfig,float8,8,False,True,pytorch_relative_p95_latency,2.6475085804394802,pytorch,p95_latency,True,2,6,train
26,Int8DynamicActivationInt8WeightConfig,int8,8,True,False,pytorch_relative_p95_latency,43.26209870202098,pytorch,p95_latency,True,2,6,train
27,Int8WeightOnlyConfig,int8,8,False,True,pytorch_relative_p99_latency,2.0771053167587263,pytorch,p99_latency,True,2,6,train
28,Float8WeightOnlyConfig,float8,8,False,True,pytorch_relative_p99_latency,2.7749515284669513,pytorch,p99_latency,True,2,6,train
29,Int8DynamicActivationInt8WeightConfig,int8,8,True,False,pytorch_relative_p99_latency,37.822856034770815,pytorch,p99_latency,True,2,6,train
0,Int8WeightOnlyConfig,int8,8,False,True,pytorch_quantized_MAE,7.288175595445893,pytorch,MAE,False,2,6,test
1,Float8WeightOnlyConfig,float8,8,False,True,pytorch_quantized_MAE,7.275207537474323,pytorch,MAE,False,2,6,test
2,Int8DynamicActivationInt8WeightConfig,int8,8,True,False,pytorch_quantized_MAE,7.278953986468454,pytorch,MAE,False,2,6,test
3,Int8WeightOnlyConfig,int8,8,False,True,pytorch_relative_MAE,1.0011505789587416,pytorch,MAE,True,2,6,test
4,Float8WeightOnlyConfig,float8,8,False,True,pytorch_relative_MAE,0.999369203280263,pytorch,MAE,True,2,6,test
5,Int8DynamicActivationInt8WeightConfig,int8,8,True,False,pytorch_relative_MAE,0.9998838395606866,pytorch,MAE,True,2,6,test
6,Int8WeightOnlyConfig,int8,8,False,True,pytorch_quantized_model_size,206337.0,pytorch,model_size,False,2,6,test
7,Float8WeightOnlyConfig,float8,8,False,True,pytorch_quantized_model_size,206337.0,pytorch,model_size,False,2,6,test
8,Int8DynamicActivationInt8WeightConfig,int8,8,True,False,pytorch_quantized_model_size,206337.0,pytorch,model_size,False,2,6,test
9,Int8WeightOnlyConfig,int8,8,False,True,pytorch_quantized_median_latency,0.0006934644998182193,pytorch,median_latency,False,2,6,test
10,Float8WeightOnlyConfig,float8,8,False,True,pytorch_quantized_median_latency,0.0007834914997602027,pytorch,median_latency,False,2,6,test
11,Int8DynamicActivationInt8WeightConfig,int8,8,True,False,pytorch_quantized_median_latency,0.01366064900003039,pytorch,median_latency,False,2,6,test
12,Int8WeightOnlyConfig,int8,8,False,True,pytorch_quantized_p95_latency,0.0007868164501132921,pytorch,p95_latency,False,2,6,test
13,Float8WeightOnlyConfig,float8,8,False,True,pytorch_quantized_p95_latency,0.0008957102000522354,pytorch,p95_latency,False,2,6,test
14,Int8DynamicActivationInt8WeightConfig,int8,8,True,False,pytorch_quantized_p95_latency,0.014686952400393237,pytorch,p95_latency,False,2,6,test
15,Int8WeightOnlyConfig,int8,8,False,True,pytorch_quantized_p99_latency,0.0008848309199584034,pytorch,p99_latency,False,2,6,test
16,Float8WeightOnlyConfig,float8,8,False,True,pytorch_quantized_p99_latency,0.0011916621299906181,pytorch,p99_latency,False,2,6,test
17,Int8DynamicActivationInt8WeightConfig,int8,8,True,False,pytorch_quantized_p99_latency,0.015428449449850631,pytorch,p99_latency,False,2,6,test
18,Int8WeightOnlyConfig,int8,8,False,True,pytorch_relative_model_size,0.25,pytorch,model_size,True,2,6,test
19,Float8WeightOnlyConfig,float8,8,False,True,pytorch_relative_model_size,0.25,pytorch,model_size,True,2,6,test
20,Int8DynamicActivationInt8WeightConfig,int8,8,True,False,pytorch_relative_model_size,0.25,pytorch,model_size,True,2,6,test
21,Int8WeightOnlyConfig,int8,8,False,True,pytorch_relative_median_latency,2.459800508168901,pytorch,median_latency,True,2,6,test
22,Float8WeightOnlyConfig,float8,8,False,True,pytorch_relative_median_latency,2.7791369129369343,pytorch,median_latency,True,2,6,test
23,Int8DynamicActivationInt8WeightConfig,int8,8,True,False,pytorch_relative_median_latency,48.4559359001075,pytorch,median_latency,True,2,6,test
24,Int8WeightOnlyConfig,int8,8,False,True,pytorch_relative_p95_latency,2.257322015033616,pytorch,p95_latency,True,2,6,test
25,Float8WeightOnlyConfig,float8,8,False,True,pytorch_relative_p95_latency,2.5697306574830066,pytorch,p95_latency,True,2,6,test
26,Int8DynamicActivationInt8WeightConfig,int8,8,True,False,pytorch_relative_p95_latency,42.13585135692677,pytorch,p95_latency,True,2,6,test
27,Int8WeightOnlyConfig,int8,8,False,True,pytorch_relative_p99_latency,2.0166665457138238,pytorch,p99_latency,True,2,6,test
28,Float8WeightOnlyConfig,float8,8,False,True,pytorch_relative_p99_latency,2.7159823387039115,pytorch,p99_latency,True,2,6,test
29,Int8DynamicActivationInt8WeightConfig,int8,8,True,False,pytorch_relative_p99_latency,35.1638230038495,pytorch,p99_latency,True,2,6,test
0,Int8WeightOnlyConfig,int8,8,False,True,pytorch_quantized_MAE,7.302668761579135,pytorch,MAE,False,2,7,train
1,Float8WeightOnlyConfig,float8,8,False,True,pytorch_quantized_MAE,7.290147595357645,pytorch,MAE,False,2,7,train
2,Int8DynamicActivationInt8WeightConfig,int8,8,True,False,pytorch_quantized_MAE,7.297835534985864,pytorch,MAE,False,2,7,train
3,Int8WeightOnlyConfig,int8,8,False,True,pytorch_relative_MAE,1.0012731845054366,pytorch,MAE,True,2,7,train
4,Float8WeightOnlyConfig,float8,8,False,True,pytorch_relative_MAE,0.9995564000824222,pytorch,MAE,True,2,7,train
5,Int8DynamicActivationInt8WeightConfig,int8,8,True,False,pytorch_relative_MAE,1.000610497980759,pytorch,MAE,True,2,7,train
6,Int8WeightOnlyConfig,int8,8,False,True,pytorch_quantized_model_size,206337.0,pytorch,model_size,False,2,7,train
7,Float8WeightOnlyConfig,float8,8,False,True,pytorch_quantized_model_size,206337.0,pytorch,model_size,False,2,7,train
8,Int8DynamicActivationInt8WeightConfig,int8,8,True,False,pytorch_quantized_model_size,206337.0,pytorch,model_size,False,2,7,train
9,Int8WeightOnlyConfig,int8,8,False,True,pytorch_quantized_median_latency,0.0007264260000283684,pytorch,median_latency,False,2,7,train
10,Float8WeightOnlyConfig,float8,8,False,True,pytorch_quantized_median_latency,0.0008090720000382134,pytorch,median_latency,False,2,7,train
11,Int8DynamicActivationInt8WeightConfig,int8,8,True,False,pytorch_quantized_median_latency,0.01443761300015467,pytorch,median_latency,False,2,7,train
12,Int8WeightOnlyConfig,int8,8,False,True,pytorch_quantized_p95_latency,0.0007884936502250638,pytorch,p95_latency,False,2,7,train
13,Float8WeightOnlyConfig,float8,8,False,True,pytorch_quantized_p95_latency,0.0009282974500820272,pytorch,p95_latency,False,2,7,train
14,Int8DynamicActivationInt8WeightConfig,int8,8,True,False,pytorch_quantized_p95_latency,0.016661015649833643,pytorch,p95_latency,False,2,7,train
15,Int8WeightOnlyConfig,int8,8,False,True,pytorch_quantized_p99_latency,0.0009080287001461325,pytorch,p99_latency,False,2,7,train
16,Float8WeightOnlyConfig,float8,8,False,True,pytorch_quantized_p99_latency,0.0013036472902058446,pytorch,p99_latency,False,2,7,train
17,Int8DynamicActivationInt8WeightConfig,int8,8,True,False,pytorch_quantized_p99_latency,0.01755497144016772,pytorch,p99_latency,False,2,7,train
18,Int8WeightOnlyConfig,int8,8,False,True,pytorch_relative_model_size,0.25,pytorch,model_size,True,2,7,train
19,Float8WeightOnlyConfig,float8,8,False,True,pytorch_relative_model_size,0.25,pytorch,model_size,True,2,7,train
20,Int8DynamicActivationInt8WeightConfig,int8,8,True,False,pytorch_relative_model_size,0.25,pytorch,model_size,True,2,7,train
21,Int8WeightOnlyConfig,int8,8,False,True,pytorch_relative_median_latency,2.5966970520556347,pytorch,median_latency,True,2,7,train
22,Float8WeightOnlyConfig,float8,8,False,True,pytorch_relative_median_latency,2.892125112974949,pytorch,median_latency,True,2,7,train
23,Int8DynamicActivationInt8WeightConfig,int8,8,True,False,pytorch_relative_median_latency,51.608983041297634,pytorch,median_latency,True,2,7,train
24,Int8WeightOnlyConfig,int8,8,False,True,pytorch_relative_p95_latency,2.1758983045126135,pytorch,p95_latency,True,2,7,train
25,Float8WeightOnlyConfig,float8,8,False,True,pytorch_relative_p95_latency,2.56169576906589,pytorch,p95_latency,True,2,7,train
26,Int8DynamicActivationInt8WeightConfig,int8,8,True,False,pytorch_relative_p95_latency,45.9771308159341,pytorch,p95_latency,True,2,7,train
27,Int8WeightOnlyConfig,int8,8,False,True,pytorch_relative_p99_latency,1.9797411284607298,pytorch,p99_latency,True,2,7,train
28,Float8WeightOnlyConfig,float8,8,False,True,pytorch_relative_p99_latency,2.8422935938165166,pytorch,p99_latency,True,2,7,train
29,Int8DynamicActivationInt8WeightConfig,int8,8,True,False,pytorch_relative_p99_latency,38.274449875274186,pytorch,p99_latency,True,2,7,train
0,Int8WeightOnlyConfig,int8,8,False,True,pytorch_quantized_MAE,7.322328942515103,pytorch,MAE,False,2,7,test
1,Float8WeightOnlyConfig,float8,8,False,True,pytorch_quantized_MAE,7.3099781441890395,pytorch,MAE,False,2,7,test
2,Int8DynamicActivationInt8WeightConfig,int8,8,True,False,pytorch_quantized_MAE,7.313988492719878,pytorch,MAE,False,2,7,test
3,Int8WeightOnlyConfig,int8,8,False,True,pytorch_relative_MAE,1.000901310027649,pytorch,MAE,True,2,7,test
4,Float8WeightOnlyConfig,float8,8,False,True,pytorch_relative_MAE,0.999213058882215,pytorch,MAE,True,2,7,test
5,Int8DynamicActivationInt8WeightConfig,int8,8,True,False,pytorch_relative_MAE,0.9997612400865418,pytorch,MAE,True,2,7,test
6,Int8WeightOnlyConfig,int8,8,False,True,pytorch_quantized_model_size,206337.0,pytorch,model_size,False,2,7,test
7,Float8WeightOnlyConfig,float8,8,False,True,pytorch_quantized_model_size,206337.0,pytorch,model_size,False,2,7,test
8,Int8DynamicActivationInt8WeightConfig,int8,8,True,False,pytorch_quantized_model_size,206337.0,pytorch,model_size,False,2,7,test
9,Int8WeightOnlyConfig,int8,8,False,True,pytorch_quantized_median_latency,0.0006883485000344081,pytorch,median_latency,False,2,7,test
10,Float8WeightOnlyConfig,float8,8,False,True,pytorch_quantized_median_latency,0.0008202990002246224,pytorch,median_latency,False,2,7,test
11,Int8DynamicActivationInt8WeightConfig,int8,8,True,False,pytorch_quantized_median_latency,0.014004029500028992,pytorch,median_latency,False,2,7,test
12,Int8WeightOnlyConfig,int8,8,False,True,pytorch_quantized_p95_latency,0.0008111755998925216,pytorch,p95_latency,False,2,7,test
13,Float8WeightOnlyConfig,float8,8,False,True,pytorch_quantized_p95_latency,0.0009686722502237896,pytorch,p95_latency,False,2,7,test
14,Int8DynamicActivationInt8WeightConfig,int8,8,True,False,pytorch_quantized_p95_latency,0.014972042299859822,pytorch,p95_latency,False,2,7,test
15,Int8WeightOnlyConfig,int8,8,False,True,pytorch_quantized_p99_latency,0.0010439994400712747,pytorch,p99_latency,False,2,7,test
16,Float8WeightOnlyConfig,float8,8,False,True,pytorch_quantized_p99_latency,0.0011469966402637508,pytorch,p99_latency,False,2,7,test
17,Int8DynamicActivationInt8WeightConfig,int8,8,True,False,pytorch_quantized_p99_latency,0.01570006237013331,pytorch,p99_latency,False,2,7,test
18,Int8WeightOnlyConfig,int8,8,False,True,pytorch_relative_model_size,0.25,pytorch,model_size,True,2,7,test
19,Float8WeightOnlyConfig,float8,8,False,True,pytorch_relative_model_size,0.25,pytorch,model_size,True,2,7,test
20,Int8DynamicActivationInt8WeightConfig,int8,8,True,False,pytorch_relative_model_size,0.25,pytorch,model_size,True,2,7,test
21,Int8WeightOnlyConfig,int8,8,False,True,pytorch_relative_median_latency,2.485088893111803,pytorch,median_latency,True,2,7,test
22,Float8WeightOnlyConfig,float8,8,False,True,pytorch_relative_median_latency,2.9614591073954943,pytorch,median_latency,True,2,7,test
23,Int8DynamicActivationInt8WeightConfig,int8,8,True,False,pytorch_relative_median_latency,50.55761459143514,pytorch,median_latency,True,2,7,test
24,Int8WeightOnlyConfig,int8,8,False,True,pytorch_relative_p95_latency,2.334963999713577,pytorch,p95_latency,True,2,7,test
25,Float8WeightOnlyConfig,float8,8,False,True,pytorch_relative_p95_latency,2.7883171437772223,pytorch,p95_latency,True,2,7,test
26,Int8DynamicActivationInt8WeightConfig,int8,8,True,False,pytorch_relative_p95_latency,43.09693212788149,pytorch,p95_latency,True,2,7,test
27,Int8WeightOnlyConfig,int8,8,False,True,pytorch_relative_p99_latency,2.3035265958930715,pytorch,p99_latency,True,2,7,test
28,Float8WeightOnlyConfig,float8,8,False,True,pytorch_relative_p99_latency,2.530784179412172,pytorch,p99_latency,True,2,7,test
29,Int8DynamicActivationInt8WeightConfig,int8,8,True,False,pytorch_relative_p99_latency,34.641312857709046,pytorch,p99_latency,True,2,7,test
0,Int8WeightOnlyConfig,int8,8,False,True,pytorch_quantized_MAE,7.301948911991919,pytorch,MAE,False,2,8,train
1,Float8WeightOnlyConfig,float8,8,False,True,pytorch_quantized_MAE,7.289585487796729,pytorch,MAE,False,2,8,train
2,Int8DynamicActivationInt8WeightConfig,int8,8,True,False,pytorch_quantized_MAE,7.2973801878196465,pytorch,MAE,False,2,8,train
3,Int8WeightOnlyConfig,int8,8,False,True,pytorch_relative_MAE,1.0013049451124931,pytorch,MAE,True,2,8,train
4,Float8WeightOnlyConfig,float8,8,False,True,pytorch_relative_MAE,0.9996095679009606,pytorch,MAE,True,2,8,train
5,Int8DynamicActivationInt8WeightConfig,int8,8,True,False,pytorch_relative_MAE,1.000678443042746,pytorch,MAE,True,2,8,train
6,Int8WeightOnlyConfig,int8,8,False,True,pytorch_quantized_model_size,206337.0,pytorch,model_size,False,2,8,train
7,Float8WeightOnlyConfig,float8,8,False,True,pytorch_quantized_model_size,206337.0,pytorch,model_size,False,2,8,train
8,Int8DynamicActivationInt8WeightConfig,int8,8,True,False,pytorch_quantized_model_size,206337.0,pytorch,model_size,False,2,8,train
9,Int8WeightOnlyConfig,int8,8,False,True,pytorch_quantized_median_latency,0.0007081504998041055,pytorch,median_latency,False,2,8,train
10,Float8WeightOnlyConfig,float8,8,False,True,pytorch_quantized_median_latency,0.000796811000100206,pytorch,median_latency,False,2,8,train
11,Int8DynamicActivationInt8WeightConfig,int8,8,True,False,pytorch_quantized_median_latency,0.013574060999872017,pytorch,median_latency,False,2,8,train
12,Int8WeightOnlyConfig,int8,8,False,True,pytorch_quantized_p95_latency,0.0008222012001397156,pytorch,p95_latency,False,2,8,train
13,Float8WeightOnlyConfig,float8,8,False,True,pytorch_quantized_p95_latency,0.0008969363497044468,pytorch,p95_latency,False,2,8,train
14,Int8DynamicActivationInt8WeightConfig,int8,8,True,False,pytorch_quantized_p95_latency,0.01532096554999498,pytorch,p95_latency,False,2,8,train
15,Int8WeightOnlyConfig,int8,8,False,True,pytorch_quantized_p99_latency,0.0010677078298431295,pytorch,p99_latency,False,2,8,train
16,Float8WeightOnlyConfig,float8,8,False,True,pytorch_quantized_p99_latency,0.0011862899700463456,pytorch,p99_latency,False,2,8,train
17,Int8DynamicActivationInt8WeightConfig,int8,8,True,False,pytorch_quantized_p99_latency,0.01593739209996329,pytorch,p99_latency,False,2,8,train
18,Int8WeightOnlyConfig,int8,8,False,True,pytorch_relative_model_size,0.25,pytorch,model_size,True,2,8,train
19,Float8WeightOnlyConfig,float8,8,False,True,pytorch_relative_model_size,0.25,pytorch,model_size,True,2,8,train
20,Int8DynamicActivationInt8WeightConfig,int8,8,True,False,pytorch_relative_model_size,0.25,pytorch,model_size,True,2,8,train
21,Int8WeightOnlyConfig,int8,8,False,True,pytorch_relative_median_latency,2.5146139727930614,pytorch,median_latency,True,2,8,train
22,Float8WeightOnlyConfig,float8,8,False,True,pytorch_relative_median_latency,2.829443847150378,pytorch,median_latency,True,2,8,train
23,Int8DynamicActivationInt8WeightConfig,int8,8,True,False,pytorch_relative_median_latency,48.200945233062505,pytorch,median_latency,True,2,8,train
24,Int8WeightOnlyConfig,int8,8,False,True,pytorch_relative_p95_latency,2.471267128523488,pytorch,p95_latency,True,2,8,train
25,Float8WeightOnlyConfig,float8,8,False,True,pytorch_relative_p95_latency,2.695896475249353,pytorch,p95_latency,True,2,8,train
26,Int8DynamicActivationInt8WeightConfig,int8,8,True,False,pytorch_relative_p95_latency,46.04979722057023,pytorch,p95_latency,True,2,8,train
27,Int8WeightOnlyConfig,int8,8,False,True,pytorch_relative_p99_latency,2.563604156867851,pytorch,p99_latency,True,2,8,train
28,Float8WeightOnlyConfig,float8,8,False,True,pytorch_relative_p99_latency,2.848324057816704,pytorch,p99_latency,True,2,8,train
29,Int8DynamicActivationInt8WeightConfig,int8,8,True,False,pytorch_relative_p99_latency,38.266240534268235,pytorch,p99_latency,True,2,8,train
0,Int8WeightOnlyConfig,int8,8,False,True,pytorch_quantized_MAE,7.272558217663195,pytorch,MAE,False,2,8,test
1,Float8WeightOnlyConfig,float8,8,False,True,pytorch_quantized_MAE,7.262866889544512,pytorch,MAE,False,2,8,test
2,Int8DynamicActivationInt8WeightConfig,int8,8,True,False,pytorch_quantized_MAE,7.26672317885276,pytorch,MAE,False,2,8,test
3,Int8WeightOnlyConfig,int8,8,False,True,pytorch_relative_MAE,1.00129276182239,pytorch,MAE,True,2,8,test
4,Float8WeightOnlyConfig,float8,8,False,True,pytorch_relative_MAE,0.9999584505102969,pytorch,MAE,True,2,8,test
5,Int8DynamicActivationInt8WeightConfig,int8,8,True,False,pytorch_relative_MAE,1.0004893881056074,pytorch,MAE,True,2,8,test
6,Int8WeightOnlyConfig,int8,8,False,True,pytorch_quantized_model_size,206337.0,pytorch,model_size,False,2,8,test
7,Float8WeightOnlyConfig,float8,8,False,True,pytorch_quantized_model_size,206337.0,pytorch,model_size,False,2,8,test
8,Int8DynamicActivationInt8WeightConfig,int8,8,True,False,pytorch_quantized_model_size,206337.0,pytorch,model_size,False,2,8,test
9,Int8WeightOnlyConfig,int8,8,False,True,pytorch_quantized_median_latency,0.0006919050001670257,pytorch,median_latency,False,2,8,test
10,Float8WeightOnlyConfig,float8,8,False,True,pytorch_quantized_median_latency,0.0007751340001505014,pytorch,median_latency,False,2,8,test
11,Int8DynamicActivationInt8WeightConfig,int8,8,True,False,pytorch_quantized_median_latency,0.013850809999894409,pytorch,median_latency,False,2,8,test
12,Int8WeightOnlyConfig,int8,8,False,True,pytorch_quantized_p95_latency,0.0007896317502172678,pytorch,p95_latency,False,2,8,test
13,Float8WeightOnlyConfig,float8,8,False,True,pytorch_quantized_p95_latency,0.0009069900499298455,pytorch,p95_latency,False,2,8,test
14,Int8DynamicActivationInt8WeightConfig,int8,8,True,False,pytorch_quantized_p95_latency,0.015001467050115024,pytorch,p95_latency,False,2,8,test
15,Int8WeightOnlyConfig,int8,8,False,True,pytorch_quantized_p99_latency,0.0009351142899186012,pytorch,p99_latency,False,2,8,test
16,Float8WeightOnlyConfig,float8,8,False,True,pytorch_quantized_p99_latency,0.00117842686023323,pytorch,p99_latency,False,2,8,test
17,Int8DynamicActivationInt8WeightConfig,int8,8,True,False,pytorch_quantized_p99_latency,0.015592548620193155,pytorch,p99_latency,False,2,8,test
18,Int8WeightOnlyConfig,int8,8,False,True,pytorch_relative_model_size,0.25,pytorch,model_size,True,2,8,test
19,Float8WeightOnlyConfig,float8,8,False,True,pytorch_relative_model_size,0.25,pytorch,model_size,True,2,8,test
20,Int8DynamicActivationInt8WeightConfig,int8,8,True,False,pytorch_relative_model_size,0.25,pytorch,model_size,True,2,8,test
21,Int8WeightOnlyConfig,int8,8,False,True,pytorch_relative_median_latency,2.4824687465566084,pytorch,median_latency,True,2,8,test
22,Float8WeightOnlyConfig,float8,8,False,True,pytorch_relative_median_latency,2.7810840061894515,pytorch,median_latency,True,2,8,test
23,Int8DynamicActivationInt8WeightConfig,int8,8,True,False,pytorch_relative_median_latency,49.69497681174622,pytorch,median_latency,True,2,8,test
24,Int8WeightOnlyConfig,int8,8,False,True,pytorch_relative_p95_latency,2.068632697047892,pytorch,p95_latency,True,2,8,test
25,Float8WeightOnlyConfig,float8,8,False,True,pytorch_relative_p95_latency,2.376081347622778,pytorch,p95_latency,True,2,8,test
26,Int8DynamicActivationInt8WeightConfig,int8,8,True,False,pytorch_relative_p95_latency,39.29999678333084,pytorch,p95_latency,True,2,8,test
27,Int8WeightOnlyConfig,int8,8,False,True,pytorch_relative_p99_latency,1.9502850908407097,pytorch,p99_latency,True,2,8,test
28,Float8WeightOnlyConfig,float8,8,False,True,pytorch_relative_p99_latency,2.457740578811125,pytorch,p99_latency,True,2,8,test
29,Int8DynamicActivationInt8WeightConfig,int8,8,True,False,pytorch_relative_p99_latency,32.51999828258285,pytorch,p99_latency,True,2,8,test
0,Int8WeightOnlyConfig,int8,8,False,True,pytorch_quantized_MAE,7.264159783099906,pytorch,MAE,False,2,9,train
1,Float8WeightOnlyConfig,float8,8,False,True,pytorch_quantized_MAE,7.2532250752672445,pytorch,MAE,False,2,9,train
2,Int8DynamicActivationInt8WeightConfig,int8,8,True,False,pytorch_quantized_MAE,7.2592220170725925,pytorch,MAE,False,2,9,train
3,Int8WeightOnlyConfig,int8,8,False,True,pytorch_relative_MAE,1.0012077721931283,pytorch,MAE,True,2,9,train
4,Float8WeightOnlyConfig,float8,8,False,True,pytorch_relative_MAE,0.9997006585288346,pytorch,MAE,True,2,9,train
5,Int8DynamicActivationInt8WeightConfig,int8,8,True,False,pytorch_relative_MAE,1.0005272076307519,pytorch,MAE,True,2,9,train
6,Int8WeightOnlyConfig,int8,8,False,True,pytorch_quantized_model_size,206337.0,pytorch,model_size,False,2,9,train
7,Float8WeightOnlyConfig,float8,8,False,True,pytorch_quantized_model_size,206337.0,pytorch,model_size,False,2,9,train
8,Int8DynamicActivationInt8WeightConfig,int8,8,True,False,pytorch_quantized_model_size,206337.0,pytorch,model_size,False,2,9,train
9,Int8WeightOnlyConfig,int8,8,False,True,pytorch_quantized_median_latency,0.0007186109999111068,pytorch,median_latency,False,2,9,train
10,Float8WeightOnlyConfig,float8,8,False,True,pytorch_quantized_median_latency,0.0008065775000432041,pytorch,median_latency,False,2,9,train
11,Int8DynamicActivationInt8WeightConfig,int8,8,True,False,pytorch_quantized_median_latency,0.013927040999988094,pytorch,median_latency,False,2,9,train
12,Int8WeightOnlyConfig,int8,8,False,True,pytorch_quantized_p95_latency,0.0008240425498115655,pytorch,p95_latency,False,2,9,train
13,Float8WeightOnlyConfig,float8,8,False,True,pytorch_quantized_p95_latency,0.0009040974501658637,pytorch,p95_latency,False,2,9,train
14,Int8DynamicActivationInt8WeightConfig,int8,8,True,False,pytorch_quantized_p95_latency,0.015308085349965948,pytorch,p95_latency,False,2,9,train
15,Int8WeightOnlyConfig,int8,8,False,True,pytorch_quantized_p99_latency,0.0009511780300090322,pytorch,p99_latency,False,2,9,train
16,Float8WeightOnlyConfig,float8,8,False,True,pytorch_quantized_p99_latency,0.0010386873000061308,pytorch,p99_latency,False,2,9,train
17,Int8DynamicActivationInt8WeightConfig,int8,8,True,False,pytorch_quantized_p99_latency,0.01628199709007731,pytorch,p99_latency,False,2,9,train
18,Int8WeightOnlyConfig,int8,8,False,True,pytorch_relative_model_size,0.25,pytorch,model_size,True,2,9,train
19,Float8WeightOnlyConfig,float8,8,False,True,pytorch_relative_model_size,0.25,pytorch,model_size,True,2,9,train
20,Int8DynamicActivationInt8WeightConfig,int8,8,True,False,pytorch_relative_model_size,0.25,pytorch,model_size,True,2,9,train
21,Int8WeightOnlyConfig,int8,8,False,True,pytorch_relative_median_latency,2.5500111758082253,pytorch,median_latency,True,2,9,train
22,Float8WeightOnlyConfig,float8,8,False,True,pytorch_relative_median_latency,2.8621627549815636,pytorch,median_latency,True,2,9,train
23,Int8DynamicActivationInt8WeightConfig,int8,8,True,False,pytorch_relative_median_latency,49.42049342454005,pytorch,median_latency,True,2,9,train
24,Int8WeightOnlyConfig,int8,8,False,True,pytorch_relative_p95_latency,2.3479745060103148,pytorch,p95_latency,True,2,9,train
25,Float8WeightOnlyConfig,float8,8,False,True,pytorch_relative_p95_latency,2.5760778547464582,pytorch,p95_latency,True,2,9,train
26,Int8DynamicActivationInt8WeightConfig,int8,8,True,False,pytorch_relative_p95_latency,43.6178861707677,pytorch,p95_latency,True,2,9,train
27,Int8WeightOnlyConfig,int8,8,False,True,pytorch_relative_p99_latency,1.8024383239339732,pytorch,p99_latency,True,2,9,train
28,Float8WeightOnlyConfig,float8,8,False,True,pytorch_relative_p99_latency,1.9682643385873584,pytorch,p99_latency,True,2,9,train
29,Int8DynamicActivationInt8WeightConfig,int8,8,True,False,pytorch_relative_p99_latency,30.853630571196117,pytorch,p99_latency,True,2,9,train
0,Int8WeightOnlyConfig,int8,8,False,True,pytorch_quantized_MAE,7.290716686230836,pytorch,MAE,False,2,9,test
1,Float8WeightOnlyConfig,float8,8,False,True,pytorch_quantized_MAE,7.277472531021707,pytorch,MAE,False,2,9,test
2,Int8DynamicActivationInt8WeightConfig,int8,8,True,False,pytorch_quantized_MAE,7.279425939522256,pytorch,MAE,False,2,9,test
3,Int8WeightOnlyConfig,int8,8,False,True,pytorch_relative_MAE,1.0011555836346206,pytorch,MAE,True,2,9,test
4,Float8WeightOnlyConfig,float8,8,False,True,pytorch_relative_MAE,0.9993369064717588,pytorch,MAE,True,2,9,test
5,Int8DynamicActivationInt8WeightConfig,int8,8,True,False,pytorch_relative_MAE,0.9996051470181426,pytorch,MAE,True,2,9,test
6,Int8WeightOnlyConfig,int8,8,False,True,pytorch_quantized_model_size,206337.0,pytorch,model_size,False,2,9,test
7,Float8WeightOnlyConfig,float8,8,False,True,pytorch_quantized_model_size,206337.0,pytorch,model_size,False,2,9,test
8,Int8DynamicActivationInt8WeightConfig,int8,8,True,False,pytorch_quantized_model_size,206337.0,pytorch,model_size,False,2,9,test
9,Int8WeightOnlyConfig,int8,8,False,True,pytorch_quantized_median_latency,0.0006745265000063227,pytorch,median_latency,False,2,9,test
10,Float8WeightOnlyConfig,float8,8,False,True,pytorch_quantized_median_latency,0.0007791250000082073,pytorch,median_latency,False,2,9,test
11,Int8DynamicActivationInt8WeightConfig,int8,8,True,False,pytorch_quantized_median_latency,0.013506330500149488,pytorch,median_latency,False,2,9,test
12,Int8WeightOnlyConfig,int8,8,False,True,pytorch_quantized_p95_latency,0.0007701569503524297,pytorch,p95_latency,False,2,9,test
13,Float8WeightOnlyConfig,float8,8,False,True,pytorch_quantized_p95_latency,0.0008972239499144052,pytorch,p95_latency,False,2,9,test
14,Int8DynamicActivationInt8WeightConfig,int8,8,True,False,pytorch_quantized_p95_latency,0.014799759450170312,pytorch,p95_latency,False,2,9,test
15,Int8WeightOnlyConfig,int8,8,False,True,pytorch_quantized_p99_latency,0.0008973504300865897,pytorch,p99_latency,False,2,9,test
16,Float8WeightOnlyConfig,float8,8,False,True,pytorch_quantized_p99_latency,0.0011035097199328446,pytorch,p99_latency,False,2,9,test
17,Int8DynamicActivationInt8WeightConfig,int8,8,True,False,pytorch_quantized_p99_latency,0.015318234300139006,pytorch,p99_latency,False,2,9,test
18,Int8WeightOnlyConfig,int8,8,False,True,pytorch_relative_model_size,0.25,pytorch,model_size,True,2,9,test
19,Float8WeightOnlyConfig,float8,8,False,True,pytorch_relative_model_size,0.25,pytorch,model_size,True,2,9,test
20,Int8DynamicActivationInt8WeightConfig,int8,8,True,False,pytorch_relative_model_size,0.25,pytorch,model_size,True,2,9,test
21,Int8WeightOnlyConfig,int8,8,False,True,pytorch_relative_median_latency,2.5160731405070074,pytorch,median_latency,True,2,9,test
22,Float8WeightOnlyConfig,float8,8,False,True,pytorch_relative_median_latency,2.9062393925217123,pytorch,median_latency,True,2,9,test
23,Int8DynamicActivationInt8WeightConfig,int8,8,True,False,pytorch_relative_median_latency,50.38040076693527,pytorch,median_latency,True,2,9,test
24,Int8WeightOnlyConfig,int8,8,False,True,pytorch_relative_p95_latency,2.345889562324707,pytorch,p95_latency,True,2,9,test
25,Float8WeightOnlyConfig,float8,8,False,True,pytorch_relative_p95_latency,2.7329342391947273,pytorch,p95_latency,True,2,9,test
26,Int8DynamicActivationInt8WeightConfig,int8,8,True,False,pytorch_relative_p95_latency,45.07990378218814,pytorch,p95_latency,True,2,9,test
27,Int8WeightOnlyConfig,int8,8,False,True,pytorch_relative_p99_latency,2.349372108028954,pytorch,p99_latency,True,2,9,test
28,Float8WeightOnlyConfig,float8,8,False,True,pytorch_relative_p99_latency,2.889122097705909,pytorch,p99_latency,True,2,9,test
29,Int8DynamicActivationInt8WeightConfig,int8,8,True,False,pytorch_relative_p99_latency,40.104992656577124,pytorch,p99_latency,True,2,9,test
0,Int8WeightOnlyConfig,int8,8,False,True,pytorch_quantized_MAE,7.287920954926683,pytorch,MAE,False,2,10,train
1,Float8WeightOnlyConfig,float8,8,False,True,pytorch_quantized_MAE,7.278031695254174,pytorch,MAE,False,2,10,train
2,Int8DynamicActivationInt8WeightConfig,int8,8,True,False,pytorch_quantized_MAE,7.2824829453184705,pytorch,MAE,False,2,10,train
3,Int8WeightOnlyConfig,int8,8,False,True,pytorch_relative_MAE,1.0011894254758482,pytorch,MAE,True,2,10,train
4,Float8WeightOnlyConfig,float8,8,False,True,pytorch_relative_MAE,0.9998308731162472,pytorch,MAE,True,2,10,train
5,Int8DynamicActivationInt8WeightConfig,int8,8,True,False,pytorch_relative_MAE,1.0004423704859478,pytorch,MAE,True,2,10,train
6,Int8WeightOnlyConfig,int8,8,False,True,pytorch_quantized_model_size,206337.0,pytorch,model_size,False,2,10,train
7,Float8WeightOnlyConfig,float8,8,False,True,pytorch_quantized_model_size,206337.0,pytorch,model_size,False,2,10,train
8,Int8DynamicActivationInt8WeightConfig,int8,8,True,False,pytorch_quantized_model_size,206337.0,pytorch,model_size,False,2,10,train
9,Int8WeightOnlyConfig,int8,8,False,True,pytorch_quantized_median_latency,0.0007416170001306455,pytorch,median_latency,False,2,10,train
10,Float8WeightOnlyConfig,float8,8,False,True,pytorch_quantized_median_latency,0.0008234020001509634,pytorch,median_latency,False,2,10,train
11,Int8DynamicActivationInt8WeightConfig,int8,8,True,False,pytorch_quantized_median_latency,0.01403216149947184,pytorch,median_latency,False,2,10,train
12,Int8WeightOnlyConfig,int8,8,False,True,pytorch_quantized_p95_latency,0.0008433692498783785,pytorch,p95_latency,False,2,10,train
13,Float8WeightOnlyConfig,float8,8,False,True,pytorch_quantized_p95_latency,0.0009060438001597503,pytorch,p95_latency,False,2,10,train
14,Int8DynamicActivationInt8WeightConfig,int8,8,True,False,pytorch_quantized_p95_latency,0.0150878736003051,pytorch,p95_latency,False,2,10,train
15,Int8WeightOnlyConfig,int8,8,False,True,pytorch_quantized_p99_latency,0.0009638913605158446,pytorch,p99_latency,False,2,10,train
16,Float8WeightOnlyConfig,float8,8,False,True,pytorch_quantized_p99_latency,0.001032772890057458,pytorch,p99_latency,False,2,10,train
17,Int8DynamicActivationInt8WeightConfig,int8,8,True,False,pytorch_quantized_p99_latency,0.016078406120113867,pytorch,p99_latency,False,2,10,train
18,Int8WeightOnlyConfig,int8,8,False,True,pytorch_relative_model_size,0.25,pytorch,model_size,True,2,10,train
19,Float8WeightOnlyConfig,float8,8,False,True,pytorch_relative_model_size,0.25,pytorch,model_size,True,2,10,train
20,Int8DynamicActivationInt8WeightConfig,int8,8,True,False,pytorch_relative_model_size,0.25,pytorch,model_size,True,2,10,train
21,Int8WeightOnlyConfig,int8,8,False,True,pytorch_relative_median_latency,2.55988636959223,pytorch,median_latency,True,2,10,train
22,Float8WeightOnlyConfig,float8,8,False,True,pytorch_relative_median_latency,2.8421888340074615,pytorch,median_latency,True,2,10,train
23,Int8DynamicActivationInt8WeightConfig,int8,8,True,False,pytorch_relative_median_latency,48.435700573324134,pytorch,median_latency,True,2,10,train
24,Int8WeightOnlyConfig,int8,8,False,True,pytorch_relative_p95_latency,2.274421186379991,pytorch,p95_latency,True,2,10,train
25,Float8WeightOnlyConfig,float8,8,False,True,pytorch_relative_p95_latency,2.443443622314603,pytorch,p95_latency,True,2,10,train
26,Int8DynamicActivationInt8WeightConfig,int8,8,True,False,pytorch_relative_p95_latency,40.68938887552039,pytorch,p95_latency,True,2,10,train
27,Int8WeightOnlyConfig,int8,8,False,True,pytorch_relative_p99_latency,1.838183270120871,pytorch,p99_latency,True,2,10,train
28,Float8WeightOnlyConfig,float8,8,False,True,pytorch_relative_p99_latency,1.969543380202124,pytorch,p99_latency,True,2,10,train
29,Int8DynamicActivationInt8WeightConfig,int8,8,True,False,pytorch_relative_p99_latency,30.662228494698184,pytorch,p99_latency,True,2,10,train
0,Int8WeightOnlyConfig,int8,8,False,True,pytorch_quantized_MAE,7.320510340320088,pytorch,MAE,False,2,10,test
1,Float8WeightOnlyConfig,float8,8,False,True,pytorch_quantized_MAE,7.303246240624817,pytorch,MAE,False,2,10,test
2,Int8DynamicActivationInt8WeightConfig,int8,8,True,False,pytorch_quantized_MAE,7.312861811296063,pytorch,MAE,False,2,10,test
3,Int8WeightOnlyConfig,int8,8,False,True,pytorch_relative_MAE,1.0013632829239019,pytorch,MAE,True,2,10,test
4,Float8WeightOnlyConfig,float8,8,False,True,pytorch_relative_MAE,0.9990017487215164,pytorch,MAE,True,2,10,test
5,Int8DynamicActivationInt8WeightConfig,int8,8,True,False,pytorch_relative_MAE,1.0003170503831387,pytorch,MAE,True,2,10,test
6,Int8WeightOnlyConfig,int8,8,False,True,pytorch_quantized_model_size,206337.0,pytorch,model_size,False,2,10,test
7,Float8WeightOnlyConfig,float8,8,False,True,pytorch_quantized_model_size,206337.0,pytorch,model_size,False,2,10,test
8,Int8DynamicActivationInt8WeightConfig,int8,8,True,False,pytorch_quantized_model_size,206337.0,pytorch,model_size,False,2,10,test
9,Int8WeightOnlyConfig,int8,8,False,True,pytorch_quantized_median_latency,0.0006989270000303804,pytorch,median_latency,False,2,10,test
10,Float8WeightOnlyConfig,float8,8,False,True,pytorch_quantized_median_latency,0.00076603499974226,pytorch,median_latency,False,2,10,test
11,Int8DynamicActivationInt8WeightConfig,int8,8,True,False,pytorch_quantized_median_latency,0.01365704200043183,pytorch,median_latency,False,2,10,test
12,Int8WeightOnlyConfig,int8,8,False,True,pytorch_quantized_p95_latency,0.0007995989502887822,pytorch,p95_latency,False,2,10,test
13,Float8WeightOnlyConfig,float8,8,False,True,pytorch_quantized_p95_latency,0.0009015342002840042,pytorch,p95_latency,False,2,10,test
14,Int8DynamicActivationInt8WeightConfig,int8,8,True,False,pytorch_quantized_p95_latency,0.014728683800512954,pytorch,p95_latency,False,2,10,test
15,Int8WeightOnlyConfig,int8,8,False,True,pytorch_quantized_p99_latency,0.0009245883299172417,pytorch,p99_latency,False,2,10,test
16,Float8WeightOnlyConfig,float8,8,False,True,pytorch_quantized_p99_latency,0.0010337653403348665,pytorch,p99_latency,False,2,10,test
17,Int8DynamicActivationInt8WeightConfig,int8,8,True,False,pytorch_quantized_p99_latency,0.015173298500485544,pytorch,p99_latency,False,2,10,test
18,Int8WeightOnlyConfig,int8,8,False,True,pytorch_relative_model_size,0.25,pytorch,model_size,True,2,10,test
19,Float8WeightOnlyConfig,float8,8,False,True,pytorch_relative_model_size,0.25,pytorch,model_size,True,2,10,test
20,Int8DynamicActivationInt8WeightConfig,int8,8,True,False,pytorch_relative_model_size,0.25,pytorch,model_size,True,2,10,test
21,Int8WeightOnlyConfig,int8,8,False,True,pytorch_relative_median_latency,2.510937551665996,pytorch,median_latency,True,2,10,test
22,Float8WeightOnlyConfig,float8,8,False,True,pytorch_relative_median_latency,2.7520271024866463,pytorch,median_latency,True,2,10,test
23,Int8DynamicActivationInt8WeightConfig,int8,8,True,False,pytorch_relative_median_latency,49.06375000833191,pytorch,median_latency,True,2,10,test
24,Int8WeightOnlyConfig,int8,8,False,True,pytorch_relative_p95_latency,2.3861904835021246,pytorch,p95_latency,True,2,10,test
25,Float8WeightOnlyConfig,float8,8,False,True,pytorch_relative_p95_latency,2.690389136319467,pytorch,p95_latency,True,2,10,test
26,Int8DynamicActivationInt8WeightConfig,int8,8,True,False,pytorch_relative_p95_latency,43.95384099316642,pytorch,p95_latency,True,2,10,test
27,Int8WeightOnlyConfig,int8,8,False,True,pytorch_relative_p99_latency,2.2793315121638984,pytorch,p99_latency,True,2,10,test
28,Float8WeightOnlyConfig,float8,8,False,True,pytorch_relative_p99_latency,2.548478971845779,pytorch,p99_latency,True,2,10,test
29,Int8DynamicActivationInt8WeightConfig,int8,8,True,False,pytorch_relative_p99_latency,37.40581218316001,pytorch,p99_latency,True,2,10,test
0,Int8WeightOnlyConfig,int8,8,False,True,pytorch_quantized_MAE,7.276032654852696,pytorch,MAE,False,3,1,train
1,Float8WeightOnlyConfig,float8,8,False,True,pytorch_quantized_MAE,7.263932294297853,pytorch,MAE,False,3,1,train
2,Int8DynamicActivationInt8WeightConfig,int8,8,True,False,pytorch_quantized_MAE,7.270262175686642,pytorch,MAE,False,3,1,train
3,Int8WeightOnlyConfig,int8,8,False,True,pytorch_relative_MAE,1.001312535583887,pytorch,MAE,True,3,1,train
4,Float8WeightOnlyConfig,float8,8,False,True,pytorch_relative_MAE,0.99964730904033,pytorch,MAE,True,3,1,train
5,Int8DynamicActivationInt8WeightConfig,int8,8,True,False,pytorch_relative_MAE,1.0005184141994203,pytorch,MAE,True,3,1,train
6,Int8WeightOnlyConfig,int8,8,False,True,pytorch_quantized_model_size,206337.0,pytorch,model_size,False,3,1,train
7,Float8WeightOnlyConfig,float8,8,False,True,pytorch_quantized_model_size,206337.0,pytorch,model_size,False,3,1,train
8,Int8DynamicActivationInt8WeightConfig,int8,8,True,False,pytorch_quantized_model_size,206337.0,pytorch,model_size,False,3,1,train
9,Int8WeightOnlyConfig,int8,8,False,True,pytorch_quantized_median_latency,0.0006838754998170771,pytorch,median_latency,False,3,1,train
10,Float8WeightOnlyConfig,float8,8,False,True,pytorch_quantized_median_latency,0.000799300499693345,pytorch,median_latency,False,3,1,train
11,Int8DynamicActivationInt8WeightConfig,int8,8,True,False,pytorch_quantized_median_latency,0.015188930499789421,pytorch,median_latency,False,3,1,train
12,Int8WeightOnlyConfig,int8,8,False,True,pytorch_quantized_p95_latency,0.0007655374001387826,pytorch,p95_latency,False,3,1,train
13,Float8WeightOnlyConfig,float8,8,False,True,pytorch_quantized_p95_latency,0.0008941090498865376,pytorch,p95_latency,False,3,1,train
14,Int8DynamicActivationInt8WeightConfig,int8,8,True,False,pytorch_quantized_p95_latency,0.017247257699955297,pytorch,p95_latency,False,3,1,train
15,Int8WeightOnlyConfig,int8,8,False,True,pytorch_quantized_p99_latency,0.0008237181995082207,pytorch,p99_latency,False,3,1,train
16,Float8WeightOnlyConfig,float8,8,False,True,pytorch_quantized_p99_latency,0.001037289050145773,pytorch,p99_latency,False,3,1,train
17,Int8DynamicActivationInt8WeightConfig,int8,8,True,False,pytorch_quantized_p99_latency,0.017767432800237654,pytorch,p99_latency,False,3,1,train
18,Int8WeightOnlyConfig,int8,8,False,True,pytorch_relative_model_size,0.25,pytorch,model_size,True,3,1,train
19,Float8WeightOnlyConfig,float8,8,False,True,pytorch_relative_model_size,0.25,pytorch,model_size,True,3,1,train
20,Int8DynamicActivationInt8WeightConfig,int8,8,True,False,pytorch_relative_model_size,0.25,pytorch,model_size,True,3,1,train
21,Int8WeightOnlyConfig,int8,8,False,True,pytorch_relative_median_latency,2.04077975242705,pytorch,median_latency,True,3,1,train
22,Float8WeightOnlyConfig,float8,8,False,True,pytorch_relative_median_latency,2.385224030273514,pytorch,median_latency,True,3,1,train
23,Int8DynamicActivationInt8WeightConfig,int8,8,True,False,pytorch_relative_median_latency,45.32588436533122,pytorch,median_latency,True,3,1,train
24,Int8WeightOnlyConfig,int8,8,False,True,pytorch_relative_p95_latency,2.0211205361110136,pytorch,p95_latency,True,3,1,train
25,Float8WeightOnlyConfig,float8,8,False,True,pytorch_relative_p95_latency,2.3605667886647765,pytorch,p95_latency,True,3,1,train
26,Int8DynamicActivationInt8WeightConfig,int8,8,True,False,pytorch_relative_p95_latency,45.535053836244956,pytorch,p95_latency,True,3,1,train
27,Int8WeightOnlyConfig,int8,8,False,True,pytorch_relative_p99_latency,1.9983525447943358,pytorch,p99_latency,True,3,1,train
28,Float8WeightOnlyConfig,float8,8,False,True,pytorch_relative_p99_latency,2.5164785897454456,pytorch,p99_latency,True,3,1,train
29,Int8DynamicActivationInt8WeightConfig,int8,8,True,False,pytorch_relative_p99_latency,43.104054969302545,pytorch,p99_latency,True,3,1,train
0,Int8WeightOnlyConfig,int8,8,False,True,pytorch_quantized_MAE,7.06650321795373,pytorch,MAE,False,3,1,test
1,Float8WeightOnlyConfig,float8,8,False,True,pytorch_quantized_MAE,7.051780298758764,pytorch,MAE,False,3,1,test
2,Int8DynamicActivationInt8WeightConfig,int8,8,True,False,pytorch_quantized_MAE,7.063529422792307,pytorch,MAE,False,3,1,test
3,Int8WeightOnlyConfig,int8,8,False,True,pytorch_relative_MAE,1.0013587797515016,pytorch,MAE,True,3,1,test
4,Float8WeightOnlyConfig,float8,8,False,True,pytorch_relative_MAE,0.9992724686093807,pytorch,MAE,True,3,1,test
5,Int8DynamicActivationInt8WeightConfig,int8,8,True,False,pytorch_relative_MAE,1.0009373781328754,pytorch,MAE,True,3,1,test
6,Int8WeightOnlyConfig,int8,8,False,True,pytorch_quantized_model_size,206337.0,pytorch,model_size,False,3,1,test
7,Float8WeightOnlyConfig,float8,8,False,True,pytorch_quantized_model_size,206337.0,pytorch,model_size,False,3,1,test
8,Int8DynamicActivationInt8WeightConfig,int8,8,True,False,pytorch_quantized_model_size,206337.0,pytorch,model_size,False,3,1,test
9,Int8WeightOnlyConfig,int8,8,False,True,pytorch_quantized_median_latency,0.000680344499869534,pytorch,median_latency,False,3,1,test
10,Float8WeightOnlyConfig,float8,8,False,True,pytorch_quantized_median_latency,0.0007290295002349012,pytorch,median_latency,False,3,1,test
11,Int8DynamicActivationInt8WeightConfig,int8,8,True,False,pytorch_quantized_median_latency,0.014953652500025783,pytorch,median_latency,False,3,1,test
12,Int8WeightOnlyConfig,int8,8,False,True,pytorch_quantized_p95_latency,0.0007721324500380432,pytorch,p95_latency,False,3,1,test
13,Float8WeightOnlyConfig,float8,8,False,True,pytorch_quantized_p95_latency,0.0008583597499182361,pytorch,p95_latency,False,3,1,test
14,Int8DynamicActivationInt8WeightConfig,int8,8,True,False,pytorch_quantized_p95_latency,0.01688811110047936,pytorch,p95_latency,False,3,1,test
15,Int8WeightOnlyConfig,int8,8,False,True,pytorch_quantized_p99_latency,0.0008976977593101764,pytorch,p99_latency,False,3,1,test
16,Float8WeightOnlyConfig,float8,8,False,True,pytorch_quantized_p99_latency,0.0009425691096475929,pytorch,p99_latency,False,3,1,test
17,Int8DynamicActivationInt8WeightConfig,int8,8,True,False,pytorch_quantized_p99_latency,0.017871844909968786,pytorch,p99_latency,False,3,1,test
18,Int8WeightOnlyConfig,int8,8,False,True,pytorch_relative_model_size,0.25,pytorch,model_size,True,3,1,test
19,Float8WeightOnlyConfig,float8,8,False,True,pytorch_relative_model_size,0.25,pytorch,model_size,True,3,1,test
20,Int8DynamicActivationInt8WeightConfig,int8,8,True,False,pytorch_relative_model_size,0.25,pytorch,model_size,True,3,1,test
21,Int8WeightOnlyConfig,int8,8,False,True,pytorch_relative_median_latency,2.0795911975153394,pytorch,median_latency,True,3,1,test
22,Float8WeightOnlyConfig,float8,8,False,True,pytorch_relative_median_latency,2.228405361854529,pytorch,median_latency,True,3,1,test
23,Int8DynamicActivationInt8WeightConfig,int8,8,True,False,pytorch_relative_median_latency,45.708437586722994,pytorch,median_latency,True,3,1,test
24,Int8WeightOnlyConfig,int8,8,False,True,pytorch_relative_p95_latency,2.14098386662487,pytorch,p95_latency,True,3,1,test
25,Float8WeightOnlyConfig,float8,8,False,True,pytorch_relative_p95_latency,2.3800765998690454,pytorch,p95_latency,True,3,1,test
26,Int8DynamicActivationInt8WeightConfig,int8,8,True,False,pytorch_relative_p95_latency,46.82768274032935,pytorch,p95_latency,True,3,1,test
27,Int8WeightOnlyConfig,int8,8,False,True,pytorch_relative_p99_latency,2.2590370258326526,pytorch,p99_latency,True,3,1,test
28,Float8WeightOnlyConfig,float8,8,False,True,pytorch_relative_p99_latency,2.371954809975531,pytorch,p99_latency,True,3,1,test
29,Int8DynamicActivationInt8WeightConfig,int8,8,True,False,pytorch_relative_p99_latency,44.97411177965123,pytorch,p99_latency,True,3,1,test
0,Int8WeightOnlyConfig,int8,8,False,True,pytorch_quantized_MAE,7.245310242441931,pytorch,MAE,False,3,2,train
1,Float8WeightOnlyConfig,float8,8,False,True,pytorch_quantized_MAE,7.232400257410417,pytorch,MAE,False,3,2,train
2,Int8DynamicActivationInt8WeightConfig,int8,8,True,False,pytorch_quantized_MAE,7.2379478403909605,pytorch,MAE,False,3,2,train
3,Int8WeightOnlyConfig,int8,8,False,True,pytorch_relative_MAE,1.001224526555058,pytorch,MAE,True,3,2,train
4,Float8WeightOnlyConfig,float8,8,False,True,pytorch_relative_MAE,0.9994405044471716,pytorch,MAE,True,3,2,train
5,Int8DynamicActivationInt8WeightConfig,int8,8,True,False,pytorch_relative_MAE,1.0002071211906043,pytorch,MAE,True,3,2,train
6,Int8WeightOnlyConfig,int8,8,False,True,pytorch_quantized_model_size,206337.0,pytorch,model_size,False,3,2,train
7,Float8WeightOnlyConfig,float8,8,False,True,pytorch_quantized_model_size,206337.0,pytorch,model_size,False,3,2,train
8,Int8DynamicActivationInt8WeightConfig,int8,8,True,False,pytorch_quantized_model_size,206337.0,pytorch,model_size,False,3,2,train
9,Int8WeightOnlyConfig,int8,8,False,True,pytorch_quantized_median_latency,0.0007199419997050427,pytorch,median_latency,False,3,2,train
10,Float8WeightOnlyConfig,float8,8,False,True,pytorch_quantized_median_latency,0.0008121034998112009,pytorch,median_latency,False,3,2,train
11,Int8DynamicActivationInt8WeightConfig,int8,8,True,False,pytorch_quantized_median_latency,0.014228943000034633,pytorch,median_latency,False,3,2,train
12,Int8WeightOnlyConfig,int8,8,False,True,pytorch_quantized_p95_latency,0.0007948306997604958,pytorch,p95_latency,False,3,2,train
13,Float8WeightOnlyConfig,float8,8,False,True,pytorch_quantized_p95_latency,0.0008963890504674054,pytorch,p95_latency,False,3,2,train
14,Int8DynamicActivationInt8WeightConfig,int8,8,True,False,pytorch_quantized_p95_latency,0.016678786049942572,pytorch,p95_latency,False,3,2,train
15,Int8WeightOnlyConfig,int8,8,False,True,pytorch_quantized_p99_latency,0.0009668974903252091,pytorch,p99_latency,False,3,2,train
16,Float8WeightOnlyConfig,float8,8,False,True,pytorch_quantized_p99_latency,0.0010178036808974862,pytorch,p99_latency,False,3,2,train
17,Int8DynamicActivationInt8WeightConfig,int8,8,True,False,pytorch_quantized_p99_latency,0.017410641500500788,pytorch,p99_latency,False,3,2,train
18,Int8WeightOnlyConfig,int8,8,False,True,pytorch_relative_model_size,0.25,pytorch,model_size,True,3,2,train
19,Float8WeightOnlyConfig,float8,8,False,True,pytorch_relative_model_size,0.25,pytorch,model_size,True,3,2,train
20,Int8DynamicActivationInt8WeightConfig,int8,8,True,False,pytorch_relative_model_size,0.25,pytorch,model_size,True,3,2,train
21,Int8WeightOnlyConfig,int8,8,False,True,pytorch_relative_median_latency,2.431341157467267,pytorch,median_latency,True,3,2,train
22,Float8WeightOnlyConfig,float8,8,False,True,pytorch_relative_median_latency,2.742582963659751,pytorch,median_latency,True,3,2,train
23,Int8DynamicActivationInt8WeightConfig,int8,8,True,False,pytorch_relative_median_latency,48.05305810386611,pytorch,median_latency,True,3,2,train
24,Int8WeightOnlyConfig,int8,8,False,True,pytorch_relative_p95_latency,2.2495497086622627,pytorch,p95_latency,True,3,2,train
25,Float8WeightOnlyConfig,float8,8,False,True,pytorch_relative_p95_latency,2.5369826906970405,pytorch,p95_latency,True,3,2,train
26,Int8DynamicActivationInt8WeightConfig,int8,8,True,False,pytorch_relative_p95_latency,47.204717068420045,pytorch,p95_latency,True,3,2,train
27,Int8WeightOnlyConfig,int8,8,False,True,pytorch_relative_p99_latency,2.290514378638434,pytorch,p99_latency,True,3,2,train
28,Float8WeightOnlyConfig,float8,8,False,True,pytorch_relative_p99_latency,2.4111076810662757,pytorch,p99_latency,True,3,2,train
29,Int8DynamicActivationInt8WeightConfig,int8,8,True,False,pytorch_relative_p99_latency,41.24462530645618,pytorch,p99_latency,True,3,2,train
0,Int8WeightOnlyConfig,int8,8,False,True,pytorch_quantized_MAE,7.0770944396168805,pytorch,MAE,False,3,2,test
1,Float8WeightOnlyConfig,float8,8,False,True,pytorch_quantized_MAE,7.065469628779931,pytorch,MAE,False,3,2,test
2,Int8DynamicActivationInt8WeightConfig,int8,8,True,False,pytorch_quantized_MAE,7.069533311300197,pytorch,MAE,False,3,2,test
3,Int8WeightOnlyConfig,int8,8,False,True,pytorch_relative_MAE,1.0011237871385286,pytorch,MAE,True,3,2,test
4,Float8WeightOnlyConfig,float8,8,False,True,pytorch_relative_MAE,0.9994793446700617,pytorch,MAE,True,3,2,test
5,Int8DynamicActivationInt8WeightConfig,int8,8,True,False,pytorch_relative_MAE,1.0000541920554018,pytorch,MAE,True,3,2,test
6,Int8WeightOnlyConfig,int8,8,False,True,pytorch_quantized_model_size,206337.0,pytorch,model_size,False,3,2,test
7,Float8WeightOnlyConfig,float8,8,False,True,pytorch_quantized_model_size,206337.0,pytorch,model_size,False,3,2,test
8,Int8DynamicActivationInt8WeightConfig,int8,8,True,False,pytorch_quantized_model_size,206337.0,pytorch,model_size,False,3,2,test
9,Int8WeightOnlyConfig,int8,8,False,True,pytorch_quantized_median_latency,0.0007224149994726758,pytorch,median_latency,False,3,2,test
10,Float8WeightOnlyConfig,float8,8,False,True,pytorch_quantized_median_latency,0.0007964379997247306,pytorch,median_latency,False,3,2,test
11,Int8DynamicActivationInt8WeightConfig,int8,8,True,False,pytorch_quantized_median_latency,0.013586133500211872,pytorch,median_latency,False,3,2,test
12,Int8WeightOnlyConfig,int8,8,False,True,pytorch_quantized_p95_latency,0.0008171078995928838,pytorch,p95_latency,False,3,2,test
13,Float8WeightOnlyConfig,float8,8,False,True,pytorch_quantized_p95_latency,0.0008973490000244054,pytorch,p95_latency,False,3,2,test
14,Int8DynamicActivationInt8WeightConfig,int8,8,True,False,pytorch_quantized_p95_latency,0.014774856949543391,pytorch,p95_latency,False,3,2,test
15,Int8WeightOnlyConfig,int8,8,False,True,pytorch_quantized_p99_latency,0.0008995727500223436,pytorch,p99_latency,False,3,2,test
16,Float8WeightOnlyConfig,float8,8,False,True,pytorch_quantized_p99_latency,0.0011061668301499592,pytorch,p99_latency,False,3,2,test
17,Int8DynamicActivationInt8WeightConfig,int8,8,True,False,pytorch_quantized_p99_latency,0.015500085730254793,pytorch,p99_latency,False,3,2,test
18,Int8WeightOnlyConfig,int8,8,False,True,pytorch_relative_model_size,0.25,pytorch,model_size,True,3,2,test
19,Float8WeightOnlyConfig,float8,8,False,True,pytorch_relative_model_size,0.25,pytorch,model_size,True,3,2,test
20,Int8DynamicActivationInt8WeightConfig,int8,8,True,False,pytorch_relative_model_size,0.25,pytorch,model_size,True,3,2,test
21,Int8WeightOnlyConfig,int8,8,False,True,pytorch_relative_median_latency,2.599021785492902,pytorch,median_latency,True,3,2,test
22,Float8WeightOnlyConfig,float8,8,False,True,pytorch_relative_median_latency,2.865333241405458,pytorch,median_latency,True,3,2,test
23,Int8DynamicActivationInt8WeightConfig,int8,8,True,False,pytorch_relative_median_latency,48.878632051439226,pytorch,median_latency,True,3,2,test
24,Int8WeightOnlyConfig,int8,8,False,True,pytorch_relative_p95_latency,2.437582924938669,pytorch,p95_latency,True,3,2,test
25,Float8WeightOnlyConfig,float8,8,False,True,pytorch_relative_p95_latency,2.676956863665267,pytorch,p95_latency,True,3,2,test
26,Int8DynamicActivationInt8WeightConfig,int8,8,True,False,pytorch_relative_p95_latency,44.07611165742309,pytorch,p95_latency,True,3,2,test
27,Int8WeightOnlyConfig,int8,8,False,True,pytorch_relative_p99_latency,2.138301399380726,pytorch,p99_latency,True,3,2,test
28,Float8WeightOnlyConfig,float8,8,False,True,pytorch_relative_p99_latency,2.629379425732327,pytorch,p99_latency,True,3,2,test
29,Int8DynamicActivationInt8WeightConfig,int8,8,True,False,pytorch_relative_p99_latency,36.84399622676634,pytorch,p99_latency,True,3,2,test
0,Int8WeightOnlyConfig,int8,8,False,True,pytorch_quantized_MAE,7.278521964246021,pytorch,MAE,False,3,3,train
1,Float8WeightOnlyConfig,float8,8,False,True,pytorch_quantized_MAE,7.2688767698508965,pytorch,MAE,False,3,3,train
2,Int8DynamicActivationInt8WeightConfig,int8,8,True,False,pytorch_quantized_MAE,7.273193743289039,pytorch,MAE,False,3,3,train
3,Int8WeightOnlyConfig,int8,8,False,True,pytorch_relative_MAE,1.0012034965084695,pytorch,MAE,True,3,3,train
4,Float8WeightOnlyConfig,float8,8,False,True,pytorch_relative_MAE,0.9998767433022089,pytorch,MAE,True,3,3,train
5,Int8DynamicActivationInt8WeightConfig,int8,8,True,False,pytorch_relative_MAE,1.0004705683839814,pytorch,MAE,True,3,3,train
6,Int8WeightOnlyConfig,int8,8,False,True,pytorch_quantized_model_size,206337.0,pytorch,model_size,False,3,3,train
7,Float8WeightOnlyConfig,float8,8,False,True,pytorch_quantized_model_size,206337.0,pytorch,model_size,False,3,3,train
8,Int8DynamicActivationInt8WeightConfig,int8,8,True,False,pytorch_quantized_model_size,206337.0,pytorch,model_size,False,3,3,train
9,Int8WeightOnlyConfig,int8,8,False,True,pytorch_quantized_median_latency,0.0007325969995690684,pytorch,median_latency,False,3,3,train
10,Float8WeightOnlyConfig,float8,8,False,True,pytorch_quantized_median_latency,0.0007695694998801628,pytorch,median_latency,False,3,3,train
11,Int8DynamicActivationInt8WeightConfig,int8,8,True,False,pytorch_quantized_median_latency,0.01407197000025917,pytorch,median_latency,False,3,3,train
12,Int8WeightOnlyConfig,int8,8,False,True,pytorch_quantized_p95_latency,0.0008377099497465676,pytorch,p95_latency,False,3,3,train
13,Float8WeightOnlyConfig,float8,8,False,True,pytorch_quantized_p95_latency,0.0009152432499377027,pytorch,p95_latency,False,3,3,train
14,Int8DynamicActivationInt8WeightConfig,int8,8,True,False,pytorch_quantized_p95_latency,0.015260728450630267,pytorch,p95_latency,False,3,3,train
15,Int8WeightOnlyConfig,int8,8,False,True,pytorch_quantized_p99_latency,0.0010780461398371697,pytorch,p99_latency,False,3,3,train
16,Float8WeightOnlyConfig,float8,8,False,True,pytorch_quantized_p99_latency,0.0010240070695817847,pytorch,p99_latency,False,3,3,train
17,Int8DynamicActivationInt8WeightConfig,int8,8,True,False,pytorch_quantized_p99_latency,0.01608743392973338,pytorch,p99_latency,False,3,3,train
18,Int8WeightOnlyConfig,int8,8,False,True,pytorch_relative_model_size,0.25,pytorch,model_size,True,3,3,train
19,Float8WeightOnlyConfig,float8,8,False,True,pytorch_relative_model_size,0.25,pytorch,model_size,True,3,3,train
20,Int8DynamicActivationInt8WeightConfig,int8,8,True,False,pytorch_relative_model_size,0.25,pytorch,model_size,True,3,3,train
21,Int8WeightOnlyConfig,int8,8,False,True,pytorch_relative_median_latency,2.5251995328822896,pytorch,median_latency,True,3,3,train
22,Float8WeightOnlyConfig,float8,8,False,True,pytorch_relative_median_latency,2.6526405960725348,pytorch,median_latency,True,3,3,train
23,Int8DynamicActivationInt8WeightConfig,int8,8,True,False,pytorch_relative_median_latency,48.504883438357425,pytorch,median_latency,True,3,3,train
24,Int8WeightOnlyConfig,int8,8,False,True,pytorch_relative_p95_latency,2.4477695076480708,pytorch,p95_latency,True,3,3,train
25,Float8WeightOnlyConfig,float8,8,False,True,pytorch_relative_p95_latency,2.674320055475037,pytorch,p95_latency,True,3,3,train
26,Int8DynamicActivationInt8WeightConfig,int8,8,True,False,pytorch_relative_p95_latency,44.591503034255574,pytorch,p95_latency,True,3,3,train
27,Int8WeightOnlyConfig,int8,8,False,True,pytorch_relative_p99_latency,2.691535746071326,pytorch,p99_latency,True,3,3,train
28,Float8WeightOnlyConfig,float8,8,False,True,pytorch_relative_p99_latency,2.556617504725184,pytorch,p99_latency,True,3,3,train
29,Int8DynamicActivationInt8WeightConfig,int8,8,True,False,pytorch_relative_p99_latency,40.16516722649571,pytorch,p99_latency,True,3,3,train
0,Int8WeightOnlyConfig,int8,8,False,True,pytorch_quantized_MAE,7.412996979333944,pytorch,MAE,False,3,3,test
1,Float8WeightOnlyConfig,float8,8,False,True,pytorch_quantized_MAE,7.398134506096396,pytorch,MAE,False,3,3,test
2,Int8DynamicActivationInt8WeightConfig,int8,8,True,False,pytorch_quantized_MAE,7.405668856171315,pytorch,MAE,False,3,3,test
3,Int8WeightOnlyConfig,int8,8,False,True,pytorch_relative_MAE,1.0011745174083408,pytorch,MAE,True,3,3,test
4,Float8WeightOnlyConfig,float8,8,False,True,pytorch_relative_MAE,0.9991672416044278,pytorch,MAE,True,3,3,test
5,Int8DynamicActivationInt8WeightConfig,int8,8,True,False,pytorch_relative_MAE,1.0001848056640479,pytorch,MAE,True,3,3,test
6,Int8WeightOnlyConfig,int8,8,False,True,pytorch_quantized_model_size,206337.0,pytorch,model_size,False,3,3,test
7,Float8WeightOnlyConfig,float8,8,False,True,pytorch_quantized_model_size,206337.0,pytorch,model_size,False,3,3,test
8,Int8DynamicActivationInt8WeightConfig,int8,8,True,False,pytorch_quantized_model_size,206337.0,pytorch,model_size,False,3,3,test
9,Int8WeightOnlyConfig,int8,8,False,True,pytorch_quantized_median_latency,0.0006930489998921985,pytorch,median_latency,False,3,3,test
10,Float8WeightOnlyConfig,float8,8,False,True,pytorch_quantized_median_latency,0.0007754660000500735,pytorch,median_latency,False,3,3,test
11,Int8DynamicActivationInt8WeightConfig,int8,8,True,False,pytorch_quantized_median_latency,0.013366670999857888,pytorch,median_latency,False,3,3,test
12,Int8WeightOnlyConfig,int8,8,False,True,pytorch_quantized_p95_latency,0.000782567099759035,pytorch,p95_latency,False,3,3,test
13,Float8WeightOnlyConfig,float8,8,False,True,pytorch_quantized_p95_latency,0.0008573327001158757,pytorch,p95_latency,False,3,3,test
14,Int8DynamicActivationInt8WeightConfig,int8,8,True,False,pytorch_quantized_p95_latency,0.014624265599695716,pytorch,p95_latency,False,3,3,test
15,Int8WeightOnlyConfig,int8,8,False,True,pytorch_quantized_p99_latency,0.0008844465106085406,pytorch,p99_latency,False,3,3,test
16,Float8WeightOnlyConfig,float8,8,False,True,pytorch_quantized_p99_latency,0.0010371065503477438,pytorch,p99_latency,False,3,3,test
17,Int8DynamicActivationInt8WeightConfig,int8,8,True,False,pytorch_quantized_p99_latency,0.01511764834041969,pytorch,p99_latency,False,3,3,test
18,Int8WeightOnlyConfig,int8,8,False,True,pytorch_relative_model_size,0.25,pytorch,model_size,True,3,3,test
19,Float8WeightOnlyConfig,float8,8,False,True,pytorch_relative_model_size,0.25,pytorch,model_size,True,3,3,test
20,Int8DynamicActivationInt8WeightConfig,int8,8,True,False,pytorch_relative_model_size,0.25,pytorch,model_size,True,3,3,test
21,Int8WeightOnlyConfig,int8,8,False,True,pytorch_relative_median_latency,2.6038224254769338,pytorch,median_latency,True,3,3,test
22,Float8WeightOnlyConfig,float8,8,False,True,pytorch_relative_median_latency,2.913467534675549,pytorch,median_latency,True,3,3,test
23,Int8DynamicActivationInt8WeightConfig,int8,8,True,False,pytorch_relative_median_latency,50.2193029768687,pytorch,median_latency,True,3,3,test
24,Int8WeightOnlyConfig,int8,8,False,True,pytorch_relative_p95_latency,2.2778118806806944,pytorch,p95_latency,True,3,3,test
25,Float8WeightOnlyConfig,float8,8,False,True,pytorch_relative_p95_latency,2.4954315235349305,pytorch,p95_latency,True,3,3,test
26,Int8DynamicActivationInt8WeightConfig,int8,8,True,False,pytorch_relative_p95_latency,42.56673445570862,pytorch,p95_latency,True,3,3,test
27,Int8WeightOnlyConfig,int8,8,False,True,pytorch_relative_p99_latency,1.734708337495647,pytorch,p99_latency,True,3,3,test
28,Float8WeightOnlyConfig,float8,8,False,True,pytorch_relative_p99_latency,2.034127963851348,pytorch,p99_latency,True,3,3,test
29,Int8DynamicActivationInt8WeightConfig,int8,8,True,False,pytorch_relative_p99_latency,29.650985452370023,pytorch,p99_latency,True,3,3,test
0,Int8WeightOnlyConfig,int8,8,False,True,pytorch_quantized_MAE,7.2477983749772665,pytorch,MAE,False,3,4,train
1,Float8WeightOnlyConfig,float8,8,False,True,pytorch_quantized_MAE,7.235528679627337,pytorch,MAE,False,3,4,train
2,Int8DynamicActivationInt8WeightConfig,int8,8,True,False,pytorch_quantized_MAE,7.243087713837967,pytorch,MAE,False,3,4,train
3,Int8WeightOnlyConfig,int8,8,False,True,pytorch_relative_MAE,1.0012079542483892,pytorch,MAE,True,3,4,train
4,Float8WeightOnlyConfig,float8,8,False,True,pytorch_relative_MAE,0.999513023464585,pytorch,MAE,True,3,4,train
5,Int8DynamicActivationInt8WeightConfig,int8,8,True,False,pytorch_relative_MAE,1.0005572254120683,pytorch,MAE,True,3,4,train
6,Int8WeightOnlyConfig,int8,8,False,True,pytorch_quantized_model_size,206337.0,pytorch,model_size,False,3,4,train
7,Float8WeightOnlyConfig,float8,8,False,True,pytorch_quantized_model_size,206337.0,pytorch,model_size,False,3,4,train
8,Int8DynamicActivationInt8WeightConfig,int8,8,True,False,pytorch_quantized_model_size,206337.0,pytorch,model_size,False,3,4,train
9,Int8WeightOnlyConfig,int8,8,False,True,pytorch_quantized_median_latency,0.0007184084997788887,pytorch,median_latency,False,3,4,train
10,Float8WeightOnlyConfig,float8,8,False,True,pytorch_quantized_median_latency,0.0008336709997820435,pytorch,median_latency,False,3,4,train
11,Int8DynamicActivationInt8WeightConfig,int8,8,True,False,pytorch_quantized_median_latency,0.014150726999559993,pytorch,median_latency,False,3,4,train
12,Int8WeightOnlyConfig,int8,8,False,True,pytorch_quantized_p95_latency,0.00082211429948984,pytorch,p95_latency,False,3,4,train
13,Float8WeightOnlyConfig,float8,8,False,True,pytorch_quantized_p95_latency,0.0009381628503433603,pytorch,p95_latency,False,3,4,train
14,Int8DynamicActivationInt8WeightConfig,int8,8,True,False,pytorch_quantized_p95_latency,0.015301432650039713,pytorch,p95_latency,False,3,4,train
15,Int8WeightOnlyConfig,int8,8,False,True,pytorch_quantized_p99_latency,0.0009954427797947572,pytorch,p99_latency,False,3,4,train
16,Float8WeightOnlyConfig,float8,8,False,True,pytorch_quantized_p99_latency,0.001045680300267122,pytorch,p99_latency,False,3,4,train
17,Int8DynamicActivationInt8WeightConfig,int8,8,True,False,pytorch_quantized_p99_latency,0.01579106415022579,pytorch,p99_latency,False,3,4,train
18,Int8WeightOnlyConfig,int8,8,False,True,pytorch_relative_model_size,0.25,pytorch,model_size,True,3,4,train
19,Float8WeightOnlyConfig,float8,8,False,True,pytorch_relative_model_size,0.25,pytorch,model_size,True,3,4,train
20,Int8DynamicActivationInt8WeightConfig,int8,8,True,False,pytorch_relative_model_size,0.25,pytorch,model_size,True,3,4,train
21,Int8WeightOnlyConfig,int8,8,False,True,pytorch_relative_median_latency,2.737826838036513,pytorch,median_latency,True,3,4,train
22,Float8WeightOnlyConfig,float8,8,False,True,pytorch_relative_median_latency,3.17708774046869,pytorch,median_latency,True,3,4,train
23,Int8DynamicActivationInt8WeightConfig,int8,8,True,False,pytorch_relative_median_latency,53.92786996402091,pytorch,median_latency,True,3,4,train
24,Int8WeightOnlyConfig,int8,8,False,True,pytorch_relative_p95_latency,2.4467461751220942,pytorch,p95_latency,True,3,4,train
25,Float8WeightOnlyConfig,float8,8,False,True,pytorch_relative_p95_latency,2.792125580522914,pytorch,p95_latency,True,3,4,train
26,Int8DynamicActivationInt8WeightConfig,int8,8,True,False,pytorch_relative_p95_latency,45.53955798312407,pytorch,p95_latency,True,3,4,train
27,Int8WeightOnlyConfig,int8,8,False,True,pytorch_relative_p99_latency,2.1252215787279805,pytorch,p99_latency,True,3,4,train
28,Float8WeightOnlyConfig,float8,8,False,True,pytorch_relative_p99_latency,2.2324762243357084,pytorch,p99_latency,True,3,4,train
29,Int8DynamicActivationInt8WeightConfig,int8,8,True,False,pytorch_relative_p99_latency,33.71314852477714,pytorch,p99_latency,True,3,4,train
0,Int8WeightOnlyConfig,int8,8,False,True,pytorch_quantized_MAE,7.74081119095954,pytorch,MAE,False,3,4,test
1,Float8WeightOnlyConfig,float8,8,False,True,pytorch_quantized_MAE,7.734795869125696,pytorch,MAE,False,3,4,test
2,Int8DynamicActivationInt8WeightConfig,int8,8,True,False,pytorch_quantized_MAE,7.727613425770685,pytorch,MAE,False,3,4,test
3,Int8WeightOnlyConfig,int8,8,False,True,pytorch_relative_MAE,1.0010169041547654,pytorch,MAE,True,3,4,test
4,Float8WeightOnlyConfig,float8,8,False,True,pytorch_relative_MAE,1.0002390220063622,pytorch,MAE,True,3,4,test
5,Int8DynamicActivationInt8WeightConfig,int8,8,True,False,pytorch_relative_MAE,0.9993102114419219,pytorch,MAE,True,3,4,test
6,Int8WeightOnlyConfig,int8,8,False,True,pytorch_quantized_model_size,206337.0,pytorch,model_size,False,3,4,test
7,Float8WeightOnlyConfig,float8,8,False,True,pytorch_quantized_model_size,206337.0,pytorch,model_size,False,3,4,test
8,Int8DynamicActivationInt8WeightConfig,int8,8,True,False,pytorch_quantized_model_size,206337.0,pytorch,model_size,False,3,4,test
9,Int8WeightOnlyConfig,int8,8,False,True,pytorch_quantized_median_latency,0.0007049480000205222,pytorch,median_latency,False,3,4,test
10,Float8WeightOnlyConfig,float8,8,False,True,pytorch_quantized_median_latency,0.0007983919999787759,pytorch,median_latency,False,3,4,test
11,Int8DynamicActivationInt8WeightConfig,int8,8,True,False,pytorch_quantized_median_latency,0.01367944499997975,pytorch,median_latency,False,3,4,test
12,Int8WeightOnlyConfig,int8,8,False,True,pytorch_quantized_p95_latency,0.0007972307003001331,pytorch,p95_latency,False,3,4,test
13,Float8WeightOnlyConfig,float8,8,False,True,pytorch_quantized_p95_latency,0.0008922608498323825,pytorch,p95_latency,False,3,4,test
14,Int8DynamicActivationInt8WeightConfig,int8,8,True,False,pytorch_quantized_p95_latency,0.01471165505022327,pytorch,p95_latency,False,3,4,test
15,Int8WeightOnlyConfig,int8,8,False,True,pytorch_quantized_p99_latency,0.0009287727606897533,pytorch,p99_latency,False,3,4,test
16,Float8WeightOnlyConfig,float8,8,False,True,pytorch_quantized_p99_latency,0.0011146760604879092,pytorch,p99_latency,False,3,4,test
17,Int8DynamicActivationInt8WeightConfig,int8,8,True,False,pytorch_quantized_p99_latency,0.015202120320473113,pytorch,p99_latency,False,3,4,test
18,Int8WeightOnlyConfig,int8,8,False,True,pytorch_relative_model_size,0.25,pytorch,model_size,True,3,4,test
19,Float8WeightOnlyConfig,float8,8,False,True,pytorch_relative_model_size,0.25,pytorch,model_size,True,3,4,test
20,Int8DynamicActivationInt8WeightConfig,int8,8,True,False,pytorch_relative_model_size,0.25,pytorch,model_size,True,3,4,test
21,Int8WeightOnlyConfig,int8,8,False,True,pytorch_relative_median_latency,2.634541573359383,pytorch,median_latency,True,3,4,test
22,Float8WeightOnlyConfig,float8,8,False,True,pytorch_relative_median_latency,2.9837618033108764,pytorch,median_latency,True,3,4,test
23,Int8DynamicActivationInt8WeightConfig,int8,8,True,False,pytorch_relative_median_latency,51.12301411150985,pytorch,median_latency,True,3,4,test
24,Int8WeightOnlyConfig,int8,8,False,True,pytorch_relative_p95_latency,2.3102112975130917,pytorch,p95_latency,True,3,4,test
25,Float8WeightOnlyConfig,float8,8,False,True,pytorch_relative_p95_latency,2.5855892087891013,pytorch,p95_latency,True,3,4,test
26,Int8DynamicActivationInt8WeightConfig,int8,8,True,False,pytorch_relative_p95_latency,42.631363405029745,pytorch,p95_latency,True,3,4,test
27,Int8WeightOnlyConfig,int8,8,False,True,pytorch_relative_p99_latency,2.2322484183497493,pytorch,p99_latency,True,3,4,test
28,Float8WeightOnlyConfig,float8,8,False,True,pytorch_relative_p99_latency,2.6790556079062626,pytorch,p99_latency,True,3,4,test
29,Int8DynamicActivationInt8WeightConfig,int8,8,True,False,pytorch_relative_p99_latency,36.53736465713844,pytorch,p99_latency,True,3,4,test
0,Int8WeightOnlyConfig,int8,8,False,True,pytorch_quantized_MAE,7.2808179065430085,pytorch,MAE,False,3,5,train
1,Float8WeightOnlyConfig,float8,8,False,True,pytorch_quantized_MAE,7.2693197635962115,pytorch,MAE,False,3,5,train
2,Int8DynamicActivationInt8WeightConfig,int8,8,True,False,pytorch_quantized_MAE,7.274229658181884,pytorch,MAE,False,3,5,train
3,Int8WeightOnlyConfig,int8,8,False,True,pytorch_relative_MAE,1.0012549615481507,pytorch,MAE,True,3,5,train
4,Float8WeightOnlyConfig,float8,8,False,True,pytorch_relative_MAE,0.9996737418525277,pytorch,MAE,True,3,5,train
5,Int8DynamicActivationInt8WeightConfig,int8,8,True,False,pytorch_relative_MAE,1.0003489484539956,pytorch,MAE,True,3,5,train
6,Int8WeightOnlyConfig,int8,8,False,True,pytorch_quantized_model_size,206337.0,pytorch,model_size,False,3,5,train
7,Float8WeightOnlyConfig,float8,8,False,True,pytorch_quantized_model_size,206337.0,pytorch,model_size,False,3,5,train
8,Int8DynamicActivationInt8WeightConfig,int8,8,True,False,pytorch_quantized_model_size,206337.0,pytorch,model_size,False,3,5,train
9,Int8WeightOnlyConfig,int8,8,False,True,pytorch_quantized_median_latency,0.0006969830001253285,pytorch,median_latency,False,3,5,train
10,Float8WeightOnlyConfig,float8,8,False,True,pytorch_quantized_median_latency,0.0007987624999259424,pytorch,median_latency,False,3,5,train
11,Int8DynamicActivationInt8WeightConfig,int8,8,True,False,pytorch_quantized_median_latency,0.014714555499722337,pytorch,median_latency,False,3,5,train
12,Int8WeightOnlyConfig,int8,8,False,True,pytorch_quantized_p95_latency,0.0007908283005690463,pytorch,p95_latency,False,3,5,train
13,Float8WeightOnlyConfig,float8,8,False,True,pytorch_quantized_p95_latency,0.000887149949721788,pytorch,p95_latency,False,3,5,train
14,Int8DynamicActivationInt8WeightConfig,int8,8,True,False,pytorch_quantized_p95_latency,0.01704650769997897,pytorch,p95_latency,False,3,5,train
15,Int8WeightOnlyConfig,int8,8,False,True,pytorch_quantized_p99_latency,0.0009135189604876347,pytorch,p99_latency,False,3,5,train
16,Float8WeightOnlyConfig,float8,8,False,True,pytorch_quantized_p99_latency,0.0010200096793232657,pytorch,p99_latency,False,3,5,train
17,Int8DynamicActivationInt8WeightConfig,int8,8,True,False,pytorch_quantized_p99_latency,0.018045352970575548,pytorch,p99_latency,False,3,5,train
18,Int8WeightOnlyConfig,int8,8,False,True,pytorch_relative_model_size,0.25,pytorch,model_size,True,3,5,train
19,Float8WeightOnlyConfig,float8,8,False,True,pytorch_relative_model_size,0.25,pytorch,model_size,True,3,5,train
20,Int8DynamicActivationInt8WeightConfig,int8,8,True,False,pytorch_relative_model_size,0.25,pytorch,model_size,True,3,5,train
21,Int8WeightOnlyConfig,int8,8,False,True,pytorch_relative_median_latency,2.710540643487043,pytorch,median_latency,True,3,5,train
22,Float8WeightOnlyConfig,float8,8,False,True,pytorch_relative_median_latency,3.1063572858351898,pytorch,median_latency,True,3,5,train
23,Int8DynamicActivationInt8WeightConfig,int8,8,True,False,pytorch_relative_median_latency,57.22435228071753,pytorch,median_latency,True,3,5,train
24,Int8WeightOnlyConfig,int8,8,False,True,pytorch_relative_p95_latency,2.484409145794077,pytorch,p95_latency,True,3,5,train
25,Float8WeightOnlyConfig,float8,8,False,True,pytorch_relative_p95_latency,2.7870062909908895,pytorch,p95_latency,True,3,5,train
26,Int8DynamicActivationInt8WeightConfig,int8,8,True,False,pytorch_relative_p95_latency,53.552079007798916,pytorch,p95_latency,True,3,5,train
27,Int8WeightOnlyConfig,int8,8,False,True,pytorch_relative_p99_latency,2.3446686341598117,pytorch,p99_latency,True,3,5,train
28,Float8WeightOnlyConfig,float8,8,False,True,pytorch_relative_p99_latency,2.617991311720608,pytorch,p99_latency,True,3,5,train
29,Int8DynamicActivationInt8WeightConfig,int8,8,True,False,pytorch_relative_p99_latency,46.31581273350459,pytorch,p99_latency,True,3,5,train
0,Int8WeightOnlyConfig,int8,8,False,True,pytorch_quantized_MAE,6.964000439935435,pytorch,MAE,False,3,5,test
1,Float8WeightOnlyConfig,float8,8,False,True,pytorch_quantized_MAE,6.955987544521787,pytorch,MAE,False,3,5,test
2,Int8DynamicActivationInt8WeightConfig,int8,8,True,False,pytorch_quantized_MAE,6.960916793694052,pytorch,MAE,False,3,5,test
3,Int8WeightOnlyConfig,int8,8,False,True,pytorch_relative_MAE,1.0010385978069538,pytorch,MAE,True,3,5,test
4,Float8WeightOnlyConfig,float8,8,False,True,pytorch_relative_MAE,0.9998867860489801,pytorch,MAE,True,3,5,test
5,Int8DynamicActivationInt8WeightConfig,int8,8,True,False,pytorch_relative_MAE,1.0005953398065803,pytorch,MAE,True,3,5,test
6,Int8WeightOnlyConfig,int8,8,False,True,pytorch_quantized_model_size,206337.0,pytorch,model_size,False,3,5,test
7,Float8WeightOnlyConfig,float8,8,False,True,pytorch_quantized_model_size,206337.0,pytorch,model_size,False,3,5,test
8,Int8DynamicActivationInt8WeightConfig,int8,8,True,False,pytorch_quantized_model_size,206337.0,pytorch,model_size,False,3,5,test
9,Int8WeightOnlyConfig,int8,8,False,True,pytorch_quantized_median_latency,0.0007189165003183007,pytorch,median_latency,False,3,5,test
10,Float8WeightOnlyConfig,float8,8,False,True,pytorch_quantized_median_latency,0.0008000739999260986,pytorch,median_latency,False,3,5,test
11,Int8DynamicActivationInt8WeightConfig,int8,8,True,False,pytorch_quantized_median_latency,0.013637677500355494,pytorch,median_latency,False,3,5,test
12,Int8WeightOnlyConfig,int8,8,False,True,pytorch_quantized_p95_latency,0.0008152889000939466,pytorch,p95_latency,False,3,5,test
13,Float8WeightOnlyConfig,float8,8,False,True,pytorch_quantized_p95_latency,0.0009222807502737845,pytorch,p95_latency,False,3,5,test
14,Int8DynamicActivationInt8WeightConfig,int8,8,True,False,pytorch_quantized_p95_latency,0.014775836050102952,pytorch,p95_latency,False,3,5,test
15,Int8WeightOnlyConfig,int8,8,False,True,pytorch_quantized_p99_latency,0.0010854128897244662,pytorch,p99_latency,False,3,5,test
16,Float8WeightOnlyConfig,float8,8,False,True,pytorch_quantized_p99_latency,0.0011253972003214582,pytorch,p99_latency,False,3,5,test
17,Int8DynamicActivationInt8WeightConfig,int8,8,True,False,pytorch_quantized_p99_latency,0.015485848489879573,pytorch,p99_latency,False,3,5,test
18,Int8WeightOnlyConfig,int8,8,False,True,pytorch_relative_model_size,0.25,pytorch,model_size,True,3,5,test
19,Float8WeightOnlyConfig,float8,8,False,True,pytorch_relative_model_size,0.25,pytorch,model_size,True,3,5,test
20,Int8DynamicActivationInt8WeightConfig,int8,8,True,False,pytorch_relative_model_size,0.25,pytorch,model_size,True,3,5,test
21,Int8WeightOnlyConfig,int8,8,False,True,pytorch_relative_median_latency,2.604359459180795,pytorch,median_latency,True,3,5,test
22,Float8WeightOnlyConfig,float8,8,False,True,pytorch_relative_median_latency,2.898362033462299,pytorch,median_latency,True,3,5,test
23,Int8DynamicActivationInt8WeightConfig,int8,8,True,False,pytorch_relative_median_latency,49.40408849092012,pytorch,median_latency,True,3,5,test
24,Int8WeightOnlyConfig,int8,8,False,True,pytorch_relative_p95_latency,2.476414889562103,pytorch,p95_latency,True,3,5,test
25,Float8WeightOnlyConfig,float8,8,False,True,pytorch_relative_p95_latency,2.8013993347282486,pytorch,p95_latency,True,3,5,test
26,Int8DynamicActivationInt8WeightConfig,int8,8,True,False,pytorch_relative_p95_latency,44.88114629794053,pytorch,p95_latency,True,3,5,test
27,Int8WeightOnlyConfig,int8,8,False,True,pytorch_relative_p99_latency,2.1048831188981856,pytorch,p99_latency,True,3,5,test
28,Float8WeightOnlyConfig,float8,8,False,True,pytorch_relative_p99_latency,2.1824225522264142,pytorch,p99_latency,True,3,5,test
29,Int8DynamicActivationInt8WeightConfig,int8,8,True,False,pytorch_relative_p99_latency,30.030877076129983,pytorch,p99_latency,True,3,5,test
0,Int8WeightOnlyConfig,int8,8,False,True,pytorch_quantized_MAE,7.292805665468989,pytorch,MAE,False,3,6,train
1,Float8WeightOnlyConfig,float8,8,False,True,pytorch_quantized_MAE,7.281434264386831,pytorch,MAE,False,3,6,train
2,Int8DynamicActivationInt8WeightConfig,int8,8,True,False,pytorch_quantized_MAE,7.287344100761088,pytorch,MAE,False,3,6,train
3,Int8WeightOnlyConfig,int8,8,False,True,pytorch_relative_MAE,1.0012426435670678,pytorch,MAE,True,3,6,train
4,Float8WeightOnlyConfig,float8,8,False,True,pytorch_relative_MAE,0.9996814430904842,pytorch,MAE,True,3,6,train
5,Int8DynamicActivationInt8WeightConfig,int8,8,True,False,pytorch_relative_MAE,1.000492815347725,pytorch,MAE,True,3,6,train
6,Int8WeightOnlyConfig,int8,8,False,True,pytorch_quantized_model_size,206337.0,pytorch,model_size,False,3,6,train
7,Float8WeightOnlyConfig,float8,8,False,True,pytorch_quantized_model_size,206337.0,pytorch,model_size,False,3,6,train
8,Int8DynamicActivationInt8WeightConfig,int8,8,True,False,pytorch_quantized_model_size,206337.0,pytorch,model_size,False,3,6,train
9,Int8WeightOnlyConfig,int8,8,False,True,pytorch_quantized_median_latency,0.0007173705007517128,pytorch,median_latency,False,3,6,train
10,Float8WeightOnlyConfig,float8,8,False,True,pytorch_quantized_median_latency,0.0007728294995104079,pytorch,median_latency,False,3,6,train
11,Int8DynamicActivationInt8WeightConfig,int8,8,True,False,pytorch_quantized_median_latency,0.014638329000263184,pytorch,median_latency,False,3,6,train
12,Int8WeightOnlyConfig,int8,8,False,True,pytorch_quantized_p95_latency,0.0008127559500280767,pytorch,p95_latency,False,3,6,train
13,Float8WeightOnlyConfig,float8,8,False,True,pytorch_quantized_p95_latency,0.0008768843507823475,pytorch,p95_latency,False,3,6,train
14,Int8DynamicActivationInt8WeightConfig,int8,8,True,False,pytorch_quantized_p95_latency,0.016521191250603806,pytorch,p95_latency,False,3,6,train
15,Int8WeightOnlyConfig,int8,8,False,True,pytorch_quantized_p99_latency,0.0009009040092041685,pytorch,p99_latency,False,3,6,train
16,Float8WeightOnlyConfig,float8,8,False,True,pytorch_quantized_p99_latency,0.001092566510251344,pytorch,p99_latency,False,3,6,train
17,Int8DynamicActivationInt8WeightConfig,int8,8,True,False,pytorch_quantized_p99_latency,0.017381140030502135,pytorch,p99_latency,False,3,6,train
18,Int8WeightOnlyConfig,int8,8,False,True,pytorch_relative_model_size,0.25,pytorch,model_size,True,3,6,train
19,Float8WeightOnlyConfig,float8,8,False,True,pytorch_relative_model_size,0.25,pytorch,model_size,True,3,6,train
20,Int8DynamicActivationInt8WeightConfig,int8,8,True,False,pytorch_relative_model_size,0.25,pytorch,model_size,True,3,6,train
21,Int8WeightOnlyConfig,int8,8,False,True,pytorch_relative_median_latency,2.3653891865446783,pytorch,median_latency,True,3,6,train
22,Float8WeightOnlyConfig,float8,8,False,True,pytorch_relative_median_latency,2.54825440866205,pytorch,median_latency,True,3,6,train
23,Int8DynamicActivationInt8WeightConfig,int8,8,True,False,pytorch_relative_median_latency,48.267032293665494,pytorch,median_latency,True,3,6,train
24,Int8WeightOnlyConfig,int8,8,False,True,pytorch_relative_p95_latency,2.020628660604506,pytorch,p95_latency,True,3,6,train
25,Float8WeightOnlyConfig,float8,8,False,True,pytorch_relative_p95_latency,2.1800611255631877,pytorch,p95_latency,True,3,6,train
26,Int8DynamicActivationInt8WeightConfig,int8,8,True,False,pytorch_relative_p95_latency,41.07406724877896,pytorch,p95_latency,True,3,6,train
27,Int8WeightOnlyConfig,int8,8,False,True,pytorch_relative_p99_latency,1.6152432829606087,pytorch,p99_latency,True,3,6,train
28,Float8WeightOnlyConfig,float8,8,False,True,pytorch_relative_p99_latency,1.9588776371748342,pytorch,p99_latency,True,3,6,train
29,Int8DynamicActivationInt8WeightConfig,int8,8,True,False,pytorch_relative_p99_latency,31.162886831047327,pytorch,p99_latency,True,3,6,train
0,Int8WeightOnlyConfig,int8,8,False,True,pytorch_quantized_MAE,7.453866077613292,pytorch,MAE,False,3,6,test
1,Float8WeightOnlyConfig,float8,8,False,True,pytorch_quantized_MAE,7.436764875898245,pytorch,MAE,False,3,6,test
2,Int8DynamicActivationInt8WeightConfig,int8,8,True,False,pytorch_quantized_MAE,7.443879207349115,pytorch,MAE,False,3,6,test
3,Int8WeightOnlyConfig,int8,8,False,True,pytorch_relative_MAE,1.0015320674223616,pytorch,MAE,True,3,6,test
4,Float8WeightOnlyConfig,float8,8,False,True,pytorch_relative_MAE,0.999234279706465,pytorch,MAE,True,3,6,test
5,Int8DynamicActivationInt8WeightConfig,int8,8,True,False,pytorch_relative_MAE,1.0001901905065955,pytorch,MAE,True,3,6,test
6,Int8WeightOnlyConfig,int8,8,False,True,pytorch_quantized_model_size,206337.0,pytorch,model_size,False,3,6,test
7,Float8WeightOnlyConfig,float8,8,False,True,pytorch_quantized_model_size,206337.0,pytorch,model_size,False,3,6,test
8,Int8DynamicActivationInt8WeightConfig,int8,8,True,False,pytorch_quantized_model_size,206337.0,pytorch,model_size,False,3,6,test
9,Int8WeightOnlyConfig,int8,8,False,True,pytorch_quantized_median_latency,0.0007037830000626855,pytorch,median_latency,False,3,6,test
10,Float8WeightOnlyConfig,float8,8,False,True,pytorch_quantized_median_latency,0.0008021809999263496,pytorch,median_latency,False,3,6,test
11,Int8DynamicActivationInt8WeightConfig,int8,8,True,False,pytorch_quantized_median_latency,0.013494343500042305,pytorch,median_latency,False,3,6,test
12,Int8WeightOnlyConfig,int8,8,False,True,pytorch_quantized_p95_latency,0.0007789571997363963,pytorch,p95_latency,False,3,6,test
13,Float8WeightOnlyConfig,float8,8,False,True,pytorch_quantized_p95_latency,0.0008864482500939629,pytorch,p95_latency,False,3,6,test
14,Int8DynamicActivationInt8WeightConfig,int8,8,True,False,pytorch_quantized_p95_latency,0.014748307150011896,pytorch,p95_latency,False,3,6,test
15,Int8WeightOnlyConfig,int8,8,False,True,pytorch_quantized_p99_latency,0.0010192858201662598,pytorch,p99_latency,False,3,6,test
16,Float8WeightOnlyConfig,float8,8,False,True,pytorch_quantized_p99_latency,0.001219341409369008,pytorch,p99_latency,False,3,6,test
17,Int8DynamicActivationInt8WeightConfig,int8,8,True,False,pytorch_quantized_p99_latency,0.015556876490118157,pytorch,p99_latency,False,3,6,test
18,Int8WeightOnlyConfig,int8,8,False,True,pytorch_relative_model_size,0.25,pytorch,model_size,True,3,6,test
19,Float8WeightOnlyConfig,float8,8,False,True,pytorch_relative_model_size,0.25,pytorch,model_size,True,3,6,test
20,Int8DynamicActivationInt8WeightConfig,int8,8,True,False,pytorch_relative_model_size,0.25,pytorch,model_size,True,3,6,test
21,Int8WeightOnlyConfig,int8,8,False,True,pytorch_relative_median_latency,2.446970591287055,pytorch,median_latency,True,3,6,test
22,Float8WeightOnlyConfig,float8,8,False,True,pytorch_relative_median_latency,2.789088846326475,pytorch,median_latency,True,3,6,test
23,Int8DynamicActivationInt8WeightConfig,int8,8,True,False,pytorch_relative_median_latency,46.91824282539939,pytorch,median_latency,True,3,6,test
24,Int8WeightOnlyConfig,int8,8,False,True,pytorch_relative_p95_latency,2.0845130483267242,pytorch,p95_latency,True,3,6,test
25,Float8WeightOnlyConfig,float8,8,False,True,pytorch_relative_p95_latency,2.37216235322373,pytorch,p95_latency,True,3,6,test
26,Int8DynamicActivationInt8WeightConfig,int8,8,True,False,pytorch_relative_p95_latency,39.46691641765908,pytorch,p95_latency,True,3,6,test
27,Int8WeightOnlyConfig,int8,8,False,True,pytorch_relative_p99_latency,2.0887113674408955,pytorch,p99_latency,True,3,6,test
28,Float8WeightOnlyConfig,float8,8,False,True,pytorch_relative_p99_latency,2.4986634878576277,pytorch,p99_latency,True,3,6,test
29,Int8DynamicActivationInt8WeightConfig,int8,8,True,False,pytorch_relative_p99_latency,31.879011876652633,pytorch,p99_latency,True,3,6,test
0,Int8WeightOnlyConfig,int8,8,False,True,pytorch_quantized_MAE,7.266761234860439,pytorch,MAE,False,3,7,train
1,Float8WeightOnlyConfig,float8,8,False,True,pytorch_quantized_MAE,7.255486275137686,pytorch,MAE,False,3,7,train
2,Int8DynamicActivationInt8WeightConfig,int8,8,True,False,pytorch_quantized_MAE,7.260985251730498,pytorch,MAE,False,3,7,train
3,Int8WeightOnlyConfig,int8,8,False,True,pytorch_relative_MAE,1.0012195418316845,pytorch,MAE,True,3,7,train
4,Float8WeightOnlyConfig,float8,8,False,True,pytorch_relative_MAE,0.9996660698456186,pytorch,MAE,True,3,7,train
5,Int8DynamicActivationInt8WeightConfig,int8,8,True,False,pytorch_relative_MAE,1.0004237227595998,pytorch,MAE,True,3,7,train
6,Int8WeightOnlyConfig,int8,8,False,True,pytorch_quantized_model_size,206337.0,pytorch,model_size,False,3,7,train
7,Float8WeightOnlyConfig,float8,8,False,True,pytorch_quantized_model_size,206337.0,pytorch,model_size,False,3,7,train
8,Int8DynamicActivationInt8WeightConfig,int8,8,True,False,pytorch_quantized_model_size,206337.0,pytorch,model_size,False,3,7,train
9,Int8WeightOnlyConfig,int8,8,False,True,pytorch_quantized_median_latency,0.0006671460000688967,pytorch,median_latency,False,3,7,train
10,Float8WeightOnlyConfig,float8,8,False,True,pytorch_quantized_median_latency,0.0007825715001672506,pytorch,median_latency,False,3,7,train
11,Int8DynamicActivationInt8WeightConfig,int8,8,True,False,pytorch_quantized_median_latency,0.013484307999988232,pytorch,median_latency,False,3,7,train
12,Int8WeightOnlyConfig,int8,8,False,True,pytorch_quantized_p95_latency,0.000772160799579069,pytorch,p95_latency,False,3,7,train
13,Float8WeightOnlyConfig,float8,8,False,True,pytorch_quantized_p95_latency,0.0008772263004175329,pytorch,p95_latency,False,3,7,train
14,Int8DynamicActivationInt8WeightConfig,int8,8,True,False,pytorch_quantized_p95_latency,0.015003247949425712,pytorch,p95_latency,False,3,7,train
15,Int8WeightOnlyConfig,int8,8,False,True,pytorch_quantized_p99_latency,0.001034126989852666,pytorch,p99_latency,False,3,7,train
16,Float8WeightOnlyConfig,float8,8,False,True,pytorch_quantized_p99_latency,0.0010862205199555317,pytorch,p99_latency,False,3,7,train
17,Int8DynamicActivationInt8WeightConfig,int8,8,True,False,pytorch_quantized_p99_latency,0.0158750172105556,pytorch,p99_latency,False,3,7,train
18,Int8WeightOnlyConfig,int8,8,False,True,pytorch_relative_model_size,0.25,pytorch,model_size,True,3,7,train
19,Float8WeightOnlyConfig,float8,8,False,True,pytorch_relative_model_size,0.25,pytorch,model_size,True,3,7,train
20,Int8DynamicActivationInt8WeightConfig,int8,8,True,False,pytorch_relative_model_size,0.25,pytorch,model_size,True,3,7,train
21,Int8WeightOnlyConfig,int8,8,False,True,pytorch_relative_median_latency,2.5408890834467575,pytorch,median_latency,True,3,7,train
22,Float8WeightOnlyConfig,float8,8,False,True,pytorch_relative_median_latency,2.980498094249494,pytorch,median_latency,True,3,7,train
23,Int8DynamicActivationInt8WeightConfig,int8,8,True,False,pytorch_relative_median_latency,51.356271328113486,pytorch,median_latency,True,3,7,train
24,Int8WeightOnlyConfig,int8,8,False,True,pytorch_relative_p95_latency,2.2552324294504205,pytorch,p95_latency,True,3,7,train
25,Float8WeightOnlyConfig,float8,8,False,True,pytorch_relative_p95_latency,2.5620948405395643,pytorch,p95_latency,True,3,7,train
26,Int8DynamicActivationInt8WeightConfig,int8,8,True,False,pytorch_relative_p95_latency,43.81964396674299,pytorch,p95_latency,True,3,7,train
27,Int8WeightOnlyConfig,int8,8,False,True,pytorch_relative_p99_latency,2.4691404681930327,pytorch,p99_latency,True,3,7,train
28,Float8WeightOnlyConfig,float8,8,False,True,pytorch_relative_p99_latency,2.59352194606776,pytorch,p99_latency,True,3,7,train
29,Int8DynamicActivationInt8WeightConfig,int8,8,True,False,pytorch_relative_p99_latency,37.90409477024506,pytorch,p99_latency,True,3,7,train
0,Int8WeightOnlyConfig,int8,8,False,True,pytorch_quantized_MAE,7.370587001739531,pytorch,MAE,False,3,7,test
1,Float8WeightOnlyConfig,float8,8,False,True,pytorch_quantized_MAE,7.358092744958255,pytorch,MAE,False,3,7,test
2,Int8DynamicActivationInt8WeightConfig,int8,8,True,False,pytorch_quantized_MAE,7.365102324750439,pytorch,MAE,False,3,7,test
3,Int8WeightOnlyConfig,int8,8,False,True,pytorch_relative_MAE,1.0013825770352134,pytorch,MAE,True,3,7,test
4,Float8WeightOnlyConfig,float8,8,False,True,pytorch_relative_MAE,0.9996850825139736,pytorch,MAE,True,3,7,test
5,Int8DynamicActivationInt8WeightConfig,int8,8,True,False,pytorch_relative_MAE,1.0006374179350974,pytorch,MAE,True,3,7,test
6,Int8WeightOnlyConfig,int8,8,False,True,pytorch_quantized_model_size,206337.0,pytorch,model_size,False,3,7,test
7,Float8WeightOnlyConfig,float8,8,False,True,pytorch_quantized_model_size,206337.0,pytorch,model_size,False,3,7,test
8,Int8DynamicActivationInt8WeightConfig,int8,8,True,False,pytorch_quantized_model_size,206337.0,pytorch,model_size,False,3,7,test
9,Int8WeightOnlyConfig,int8,8,False,True,pytorch_quantized_median_latency,0.0007033034999039955,pytorch,median_latency,False,3,7,test
10,Float8WeightOnlyConfig,float8,8,False,True,pytorch_quantized_median_latency,0.0008204080004361458,pytorch,median_latency,False,3,7,test
11,Int8DynamicActivationInt8WeightConfig,int8,8,True,False,pytorch_quantized_median_latency,0.013704547000088496,pytorch,median_latency,False,3,7,test
12,Int8WeightOnlyConfig,int8,8,False,True,pytorch_quantized_p95_latency,0.000799311800074065,pytorch,p95_latency,False,3,7,test
13,Float8WeightOnlyConfig,float8,8,False,True,pytorch_quantized_p95_latency,0.0009515484503026526,pytorch,p95_latency,False,3,7,test
14,Int8DynamicActivationInt8WeightConfig,int8,8,True,False,pytorch_quantized_p95_latency,0.01488230265040329,pytorch,p95_latency,False,3,7,test
15,Int8WeightOnlyConfig,int8,8,False,True,pytorch_quantized_p99_latency,0.0009332067198192813,pytorch,p99_latency,False,3,7,test
16,Float8WeightOnlyConfig,float8,8,False,True,pytorch_quantized_p99_latency,0.0010550200897523605,pytorch,p99_latency,False,3,7,test
17,Int8DynamicActivationInt8WeightConfig,int8,8,True,False,pytorch_quantized_p99_latency,0.01587253664034506,pytorch,p99_latency,False,3,7,test
18,Int8WeightOnlyConfig,int8,8,False,True,pytorch_relative_model_size,0.25,pytorch,model_size,True,3,7,test
19,Float8WeightOnlyConfig,float8,8,False,True,pytorch_relative_model_size,0.25,pytorch,model_size,True,3,7,test
20,Int8DynamicActivationInt8WeightConfig,int8,8,True,False,pytorch_relative_model_size,0.25,pytorch,model_size,True,3,7,test
21,Int8WeightOnlyConfig,int8,8,False,True,pytorch_relative_median_latency,2.4724248492270475,pytorch,median_latency,True,3,7,test
22,Float8WeightOnlyConfig,float8,8,False,True,pytorch_relative_median_latency,2.8840992929224547,pytorch,median_latency,True,3,7,test
23,Int8DynamicActivationInt8WeightConfig,int8,8,True,False,pytorch_relative_median_latency,48.17758272928266,pytorch,median_latency,True,3,7,test
24,Int8WeightOnlyConfig,int8,8,False,True,pytorch_relative_p95_latency,2.359686769944001,pytorch,p95_latency,True,3,7,test
25,Float8WeightOnlyConfig,float8,8,False,True,pytorch_relative_p95_latency,2.8091118996764832,pytorch,p95_latency,True,3,7,test
26,Int8DynamicActivationInt8WeightConfig,int8,8,True,False,pytorch_relative_p95_latency,43.93476071190887,pytorch,p95_latency,True,3,7,test
27,Int8WeightOnlyConfig,int8,8,False,True,pytorch_relative_p99_latency,2.327078270569018,pytorch,p99_latency,True,3,7,test
28,Float8WeightOnlyConfig,float8,8,False,True,pytorch_relative_p99_latency,2.630836527143669,pytorch,p99_latency,True,3,7,test
29,Int8DynamicActivationInt8WeightConfig,int8,8,True,False,pytorch_relative_p99_latency,39.580335557067635,pytorch,p99_latency,True,3,7,test
0,Int8WeightOnlyConfig,int8,8,False,True,pytorch_quantized_MAE,7.261296846410962,pytorch,MAE,False,3,8,train
1,Float8WeightOnlyConfig,float8,8,False,True,pytorch_quantized_MAE,7.249271944698696,pytorch,MAE,False,3,8,train
2,Int8DynamicActivationInt8WeightConfig,int8,8,True,False,pytorch_quantized_MAE,7.254803306414094,pytorch,MAE,False,3,8,train
3,Int8WeightOnlyConfig,int8,8,False,True,pytorch_relative_MAE,1.0011802533313556,pytorch,MAE,True,3,8,train
4,Float8WeightOnlyConfig,float8,8,False,True,pytorch_relative_MAE,0.9995222720647555,pytorch,MAE,True,3,8,train
5,Int8DynamicActivationInt8WeightConfig,int8,8,True,False,pytorch_relative_MAE,1.0002849306146846,pytorch,MAE,True,3,8,train
6,Int8WeightOnlyConfig,int8,8,False,True,pytorch_quantized_model_size,206337.0,pytorch,model_size,False,3,8,train
7,Float8WeightOnlyConfig,float8,8,False,True,pytorch_quantized_model_size,206337.0,pytorch,model_size,False,3,8,train
8,Int8DynamicActivationInt8WeightConfig,int8,8,True,False,pytorch_quantized_model_size,206337.0,pytorch,model_size,False,3,8,train
9,Int8WeightOnlyConfig,int8,8,False,True,pytorch_quantized_median_latency,0.0007240479999381932,pytorch,median_latency,False,3,8,train
10,Float8WeightOnlyConfig,float8,8,False,True,pytorch_quantized_median_latency,0.0007954524999149726,pytorch,median_latency,False,3,8,train
11,Int8DynamicActivationInt8WeightConfig,int8,8,True,False,pytorch_quantized_median_latency,0.01384585400001015,pytorch,median_latency,False,3,8,train
12,Int8WeightOnlyConfig,int8,8,False,True,pytorch_quantized_p95_latency,0.0008418137004355228,pytorch,p95_latency,False,3,8,train
13,Float8WeightOnlyConfig,float8,8,False,True,pytorch_quantized_p95_latency,0.0009129054998538777,pytorch,p95_latency,False,3,8,train
14,Int8DynamicActivationInt8WeightConfig,int8,8,True,False,pytorch_quantized_p95_latency,0.015197443699662472,pytorch,p95_latency,False,3,8,train
15,Int8WeightOnlyConfig,int8,8,False,True,pytorch_quantized_p99_latency,0.0009901616407660186,pytorch,p99_latency,False,3,8,train
16,Float8WeightOnlyConfig,float8,8,False,True,pytorch_quantized_p99_latency,0.0010904989602113343,pytorch,p99_latency,False,3,8,train
17,Int8DynamicActivationInt8WeightConfig,int8,8,True,False,pytorch_quantized_p99_latency,0.01604610558017157,pytorch,p99_latency,False,3,8,train
18,Int8WeightOnlyConfig,int8,8,False,True,pytorch_relative_model_size,0.25,pytorch,model_size,True,3,8,train
19,Float8WeightOnlyConfig,float8,8,False,True,pytorch_relative_model_size,0.25,pytorch,model_size,True,3,8,train
20,Int8DynamicActivationInt8WeightConfig,int8,8,True,False,pytorch_relative_model_size,0.25,pytorch,model_size,True,3,8,train
21,Int8WeightOnlyConfig,int8,8,False,True,pytorch_relative_median_latency,2.4821921397441726,pytorch,median_latency,True,3,8,train
22,Float8WeightOnlyConfig,float8,8,False,True,pytorch_relative_median_latency,2.72698211029841,pytorch,median_latency,True,3,8,train
23,Int8DynamicActivationInt8WeightConfig,int8,8,True,False,pytorch_relative_median_latency,47.46656294859506,pytorch,median_latency,True,3,8,train
24,Int8WeightOnlyConfig,int8,8,False,True,pytorch_relative_p95_latency,2.290477195294127,pytorch,p95_latency,True,3,8,train
25,Float8WeightOnlyConfig,float8,8,False,True,pytorch_relative_p95_latency,2.4839097151686813,pytorch,p95_latency,True,3,8,train
26,Int8DynamicActivationInt8WeightConfig,int8,8,True,False,pytorch_relative_p95_latency,41.35047719327237,pytorch,p95_latency,True,3,8,train
27,Int8WeightOnlyConfig,int8,8,False,True,pytorch_relative_p99_latency,2.294135455307199,pytorch,p99_latency,True,3,8,train
28,Float8WeightOnlyConfig,float8,8,False,True,pytorch_relative_p99_latency,2.5266100256732082,pytorch,p99_latency,True,3,8,train
29,Int8DynamicActivationInt8WeightConfig,int8,8,True,False,pytorch_relative_p99_latency,37.17770737169284,pytorch,p99_latency,True,3,8,train
0,Int8WeightOnlyConfig,int8,8,False,True,pytorch_quantized_MAE,7.222198475562282,pytorch,MAE,False,3,8,test
1,Float8WeightOnlyConfig,float8,8,False,True,pytorch_quantized_MAE,7.219900664134847,pytorch,MAE,False,3,8,test
2,Int8DynamicActivationInt8WeightConfig,int8,8,True,False,pytorch_quantized_MAE,7.220108480803381,pytorch,MAE,False,3,8,test
3,Int8WeightOnlyConfig,int8,8,False,True,pytorch_relative_MAE,1.0011198684456215,pytorch,MAE,True,3,8,test
4,Float8WeightOnlyConfig,float8,8,False,True,pytorch_relative_MAE,1.0008013525973336,pytorch,MAE,True,3,8,test
5,Int8DynamicActivationInt8WeightConfig,int8,8,True,False,pytorch_relative_MAE,1.0008301595314781,pytorch,MAE,True,3,8,test
6,Int8WeightOnlyConfig,int8,8,False,True,pytorch_quantized_model_size,206337.0,pytorch,model_size,False,3,8,test
7,Float8WeightOnlyConfig,float8,8,False,True,pytorch_quantized_model_size,206337.0,pytorch,model_size,False,3,8,test
8,Int8DynamicActivationInt8WeightConfig,int8,8,True,False,pytorch_quantized_model_size,206337.0,pytorch,model_size,False,3,8,test
9,Int8WeightOnlyConfig,int8,8,False,True,pytorch_quantized_median_latency,0.0007258819996422972,pytorch,median_latency,False,3,8,test
10,Float8WeightOnlyConfig,float8,8,False,True,pytorch_quantized_median_latency,0.0008267214998340933,pytorch,median_latency,False,3,8,test
11,Int8DynamicActivationInt8WeightConfig,int8,8,True,False,pytorch_quantized_median_latency,0.013920301999860385,pytorch,median_latency,False,3,8,test
12,Int8WeightOnlyConfig,int8,8,False,True,pytorch_quantized_p95_latency,0.0008357372495083836,pytorch,p95_latency,False,3,8,test
13,Float8WeightOnlyConfig,float8,8,False,True,pytorch_quantized_p95_latency,0.000940760349476477,pytorch,p95_latency,False,3,8,test
14,Int8DynamicActivationInt8WeightConfig,int8,8,True,False,pytorch_quantized_p95_latency,0.01510090350061546,pytorch,p95_latency,False,3,8,test
15,Int8WeightOnlyConfig,int8,8,False,True,pytorch_quantized_p99_latency,0.0010150395703294635,pytorch,p99_latency,False,3,8,test
16,Float8WeightOnlyConfig,float8,8,False,True,pytorch_quantized_p99_latency,0.0010814999708418326,pytorch,p99_latency,False,3,8,test
17,Int8DynamicActivationInt8WeightConfig,int8,8,True,False,pytorch_quantized_p99_latency,0.016172111289961322,pytorch,p99_latency,False,3,8,test
18,Int8WeightOnlyConfig,int8,8,False,True,pytorch_relative_model_size,0.25,pytorch,model_size,True,3,8,test
19,Float8WeightOnlyConfig,float8,8,False,True,pytorch_relative_model_size,0.25,pytorch,model_size,True,3,8,test
20,Int8DynamicActivationInt8WeightConfig,int8,8,True,False,pytorch_relative_model_size,0.25,pytorch,model_size,True,3,8,test
21,Int8WeightOnlyConfig,int8,8,False,True,pytorch_relative_median_latency,2.6447690777282773,pytorch,median_latency,True,3,8,test
22,Float8WeightOnlyConfig,float8,8,False,True,pytorch_relative_median_latency,3.012180298907837,pytorch,median_latency,True,3,8,test
23,Int8DynamicActivationInt8WeightConfig,int8,8,True,False,pytorch_relative_median_latency,50.7189657547813,pytorch,median_latency,True,3,8,test
24,Int8WeightOnlyConfig,int8,8,False,True,pytorch_relative_p95_latency,2.587262429227146,pytorch,p95_latency,True,3,8,test
25,Float8WeightOnlyConfig,float8,8,False,True,pytorch_relative_p95_latency,2.912391315020203,pytorch,p95_latency,True,3,8,test
26,Int8DynamicActivationInt8WeightConfig,int8,8,True,False,pytorch_relative_p95_latency,46.74914310389984,pytorch,p95_latency,True,3,8,test
27,Int8WeightOnlyConfig,int8,8,False,True,pytorch_relative_p99_latency,2.594293709701589,pytorch,p99_latency,True,3,8,test
28,Float8WeightOnlyConfig,float8,8,False,True,pytorch_relative_p99_latency,2.764156840197599,pytorch,p99_latency,True,3,8,test
29,Int8DynamicActivationInt8WeightConfig,int8,8,True,False,pytorch_relative_p99_latency,41.33356749680489,pytorch,p99_latency,True,3,8,test
0,Int8WeightOnlyConfig,int8,8,False,True,pytorch_quantized_MAE,7.23894073897152,pytorch,MAE,False,3,9,train
1,Float8WeightOnlyConfig,float8,8,False,True,pytorch_quantized_MAE,7.22747389040088,pytorch,MAE,False,3,9,train
2,Int8DynamicActivationInt8WeightConfig,int8,8,True,False,pytorch_quantized_MAE,7.232506773822362,pytorch,MAE,False,3,9,train
3,Int8WeightOnlyConfig,int8,8,False,True,pytorch_relative_MAE,1.0011963164453999,pytorch,MAE,True,3,9,train
4,Float8WeightOnlyConfig,float8,8,False,True,pytorch_relative_MAE,0.9996103707989111,pytorch,MAE,True,3,9,train
5,Int8DynamicActivationInt8WeightConfig,int8,8,True,False,pytorch_relative_MAE,1.000306453903385,pytorch,MAE,True,3,9,train
6,Int8WeightOnlyConfig,int8,8,False,True,pytorch_quantized_model_size,206337.0,pytorch,model_size,False,3,9,train
7,Float8WeightOnlyConfig,float8,8,False,True,pytorch_quantized_model_size,206337.0,pytorch,model_size,False,3,9,train
8,Int8DynamicActivationInt8WeightConfig,int8,8,True,False,pytorch_quantized_model_size,206337.0,pytorch,model_size,False,3,9,train
9,Int8WeightOnlyConfig,int8,8,False,True,pytorch_quantized_median_latency,0.0007210754997686308,pytorch,median_latency,False,3,9,train
10,Float8WeightOnlyConfig,float8,8,False,True,pytorch_quantized_median_latency,0.0008227235002777888,pytorch,median_latency,False,3,9,train
11,Int8DynamicActivationInt8WeightConfig,int8,8,True,False,pytorch_quantized_median_latency,0.014352175000567513,pytorch,median_latency,False,3,9,train
12,Int8WeightOnlyConfig,int8,8,False,True,pytorch_quantized_p95_latency,0.0008388226503484474,pytorch,p95_latency,False,3,9,train
13,Float8WeightOnlyConfig,float8,8,False,True,pytorch_quantized_p95_latency,0.0009119874997395528,pytorch,p95_latency,False,3,9,train
14,Int8DynamicActivationInt8WeightConfig,int8,8,True,False,pytorch_quantized_p95_latency,0.01686080804993253,pytorch,p95_latency,False,3,9,train
15,Int8WeightOnlyConfig,int8,8,False,True,pytorch_quantized_p99_latency,0.001045485730328437,pytorch,p99_latency,False,3,9,train
16,Float8WeightOnlyConfig,float8,8,False,True,pytorch_quantized_p99_latency,0.001049108769830127,pytorch,p99_latency,False,3,9,train
17,Int8DynamicActivationInt8WeightConfig,int8,8,True,False,pytorch_quantized_p99_latency,0.018149410829773838,pytorch,p99_latency,False,3,9,train
18,Int8WeightOnlyConfig,int8,8,False,True,pytorch_relative_model_size,0.25,pytorch,model_size,True,3,9,train
19,Float8WeightOnlyConfig,float8,8,False,True,pytorch_relative_model_size,0.25,pytorch,model_size,True,3,9,train
20,Int8DynamicActivationInt8WeightConfig,int8,8,True,False,pytorch_relative_model_size,0.25,pytorch,model_size,True,3,9,train
21,Int8WeightOnlyConfig,int8,8,False,True,pytorch_relative_median_latency,2.4483697611084416,pytorch,median_latency,True,3,9,train
22,Float8WeightOnlyConfig,float8,8,False,True,pytorch_relative_median_latency,2.7935096123495566,pytorch,median_latency,True,3,9,train
23,Int8DynamicActivationInt8WeightConfig,int8,8,True,False,pytorch_relative_median_latency,48.73197229527435,pytorch,median_latency,True,3,9,train
24,Int8WeightOnlyConfig,int8,8,False,True,pytorch_relative_p95_latency,2.2370629318431097,pytorch,p95_latency,True,3,9,train
25,Float8WeightOnlyConfig,float8,8,False,True,pytorch_relative_p95_latency,2.4321868622934084,pytorch,p95_latency,True,3,9,train
26,Int8DynamicActivationInt8WeightConfig,int8,8,True,False,pytorch_relative_p95_latency,44.96622578534044,pytorch,p95_latency,True,3,9,train
27,Int8WeightOnlyConfig,int8,8,False,True,pytorch_relative_p99_latency,2.1439093888671605,pytorch,p99_latency,True,3,9,train
28,Float8WeightOnlyConfig,float8,8,False,True,pytorch_relative_p99_latency,2.151338919637963,pytorch,p99_latency,True,3,9,train
29,Int8DynamicActivationInt8WeightConfig,int8,8,True,False,pytorch_relative_p99_latency,37.21781288027313,pytorch,p99_latency,True,3,9,train
0,Int8WeightOnlyConfig,int8,8,False,True,pytorch_quantized_MAE,7.467099711004564,pytorch,MAE,False,3,9,test
1,Float8WeightOnlyConfig,float8,8,False,True,pytorch_quantized_MAE,7.447813383947536,pytorch,MAE,False,3,9,test
2,Int8DynamicActivationInt8WeightConfig,int8,8,True,False,pytorch_quantized_MAE,7.4625805005192865,pytorch,MAE,False,3,9,test
3,Int8WeightOnlyConfig,int8,8,False,True,pytorch_relative_MAE,1.001374628365515,pytorch,MAE,True,3,9,test
4,Float8WeightOnlyConfig,float8,8,False,True,pytorch_relative_MAE,0.9987882374859602,pytorch,MAE,True,3,9,test
5,Int8DynamicActivationInt8WeightConfig,int8,8,True,False,pytorch_relative_MAE,1.0007685801144743,pytorch,MAE,True,3,9,test
6,Int8WeightOnlyConfig,int8,8,False,True,pytorch_quantized_model_size,206337.0,pytorch,model_size,False,3,9,test
7,Float8WeightOnlyConfig,float8,8,False,True,pytorch_quantized_model_size,206337.0,pytorch,model_size,False,3,9,test
8,Int8DynamicActivationInt8WeightConfig,int8,8,True,False,pytorch_quantized_model_size,206337.0,pytorch,model_size,False,3,9,test
9,Int8WeightOnlyConfig,int8,8,False,True,pytorch_quantized_median_latency,0.0007136710000850144,pytorch,median_latency,False,3,9,test
10,Float8WeightOnlyConfig,float8,8,False,True,pytorch_quantized_median_latency,0.0007970290002958791,pytorch,median_latency,False,3,9,test
11,Int8DynamicActivationInt8WeightConfig,int8,8,True,False,pytorch_quantized_median_latency,0.013825002000430686,pytorch,median_latency,False,3,9,test
12,Int8WeightOnlyConfig,int8,8,False,True,pytorch_quantized_p95_latency,0.0008235554001657875,pytorch,p95_latency,False,3,9,test
13,Float8WeightOnlyConfig,float8,8,False,True,pytorch_quantized_p95_latency,0.0009352990502065949,pytorch,p95_latency,False,3,9,test
14,Int8DynamicActivationInt8WeightConfig,int8,8,True,False,pytorch_quantized_p95_latency,0.015038152349688971,pytorch,p95_latency,False,3,9,test
15,Int8WeightOnlyConfig,int8,8,False,True,pytorch_quantized_p99_latency,0.0009596714092731413,pytorch,p99_latency,False,3,9,test
16,Float8WeightOnlyConfig,float8,8,False,True,pytorch_quantized_p99_latency,0.0010638789299991912,pytorch,p99_latency,False,3,9,test
17,Int8DynamicActivationInt8WeightConfig,int8,8,True,False,pytorch_quantized_p99_latency,0.016176508170146917,pytorch,p99_latency,False,3,9,test
18,Int8WeightOnlyConfig,int8,8,False,True,pytorch_relative_model_size,0.25,pytorch,model_size,True,3,9,test
19,Float8WeightOnlyConfig,float8,8,False,True,pytorch_relative_model_size,0.25,pytorch,model_size,True,3,9,test
20,Int8DynamicActivationInt8WeightConfig,int8,8,True,False,pytorch_relative_model_size,0.25,pytorch,model_size,True,3,9,test
21,Int8WeightOnlyConfig,int8,8,False,True,pytorch_relative_median_latency,2.5698472678714093,pytorch,median_latency,True,3,9,test
22,Float8WeightOnlyConfig,float8,8,False,True,pytorch_relative_median_latency,2.8700098484885244,pytorch,median_latency,True,3,9,test
23,Int8DynamicActivationInt8WeightConfig,int8,8,True,False,pytorch_relative_median_latency,49.78224365974148,pytorch,median_latency,True,3,9,test
24,Int8WeightOnlyConfig,int8,8,False,True,pytorch_relative_p95_latency,2.5231329792952537,pytorch,p95_latency,True,3,9,test
25,Float8WeightOnlyConfig,float8,8,False,True,pytorch_relative_p95_latency,2.8654828547110807,pytorch,p95_latency,True,3,9,test
26,Int8DynamicActivationInt8WeightConfig,int8,8,True,False,pytorch_relative_p95_latency,46.07250238845913,pytorch,p95_latency,True,3,9,test
27,Int8WeightOnlyConfig,int8,8,False,True,pytorch_relative_p99_latency,2.4775555589189993,pytorch,p99_latency,True,3,9,test
28,Float8WeightOnlyConfig,float8,8,False,True,pytorch_relative_p99_latency,2.746585061893917,pytorch,p99_latency,True,3,9,test
29,Int8DynamicActivationInt8WeightConfig,int8,8,True,False,pytorch_relative_p99_latency,41.76241717068708,pytorch,p99_latency,True,3,9,test
0,Int8WeightOnlyConfig,int8,8,False,True,pytorch_quantized_MAE,7.281662155042831,pytorch,MAE,False,3,10,train
1,Float8WeightOnlyConfig,float8,8,False,True,pytorch_quantized_MAE,7.2703145135753156,pytorch,MAE,False,3,10,train
2,Int8DynamicActivationInt8WeightConfig,int8,8,True,False,pytorch_quantized_MAE,7.2750307396741904,pytorch,MAE,False,3,10,train
3,Int8WeightOnlyConfig,int8,8,False,True,pytorch_relative_MAE,1.0012819153240515,pytorch,MAE,True,3,10,train
4,Float8WeightOnlyConfig,float8,8,False,True,pytorch_relative_MAE,0.9997215314527489,pytorch,MAE,True,3,10,train
5,Int8DynamicActivationInt8WeightConfig,int8,8,True,False,pytorch_relative_MAE,1.0003700471076686,pytorch,MAE,True,3,10,train
6,Int8WeightOnlyConfig,int8,8,False,True,pytorch_quantized_model_size,206337.0,pytorch,model_size,False,3,10,train
7,Float8WeightOnlyConfig,float8,8,False,True,pytorch_quantized_model_size,206337.0,pytorch,model_size,False,3,10,train
8,Int8DynamicActivationInt8WeightConfig,int8,8,True,False,pytorch_quantized_model_size,206337.0,pytorch,model_size,False,3,10,train
9,Int8WeightOnlyConfig,int8,8,False,True,pytorch_quantized_median_latency,0.0006996934998824145,pytorch,median_latency,False,3,10,train
10,Float8WeightOnlyConfig,float8,8,False,True,pytorch_quantized_median_latency,0.0008026805003282789,pytorch,median_latency,False,3,10,train
11,Int8DynamicActivationInt8WeightConfig,int8,8,True,False,pytorch_quantized_median_latency,0.013828710500092711,pytorch,median_latency,False,3,10,train
12,Int8WeightOnlyConfig,int8,8,False,True,pytorch_quantized_p95_latency,0.0008127489004891685,pytorch,p95_latency,False,3,10,train
13,Float8WeightOnlyConfig,float8,8,False,True,pytorch_quantized_p95_latency,0.0009047582499988493,pytorch,p95_latency,False,3,10,train
14,Int8DynamicActivationInt8WeightConfig,int8,8,True,False,pytorch_quantized_p95_latency,0.015267848799476269,pytorch,p95_latency,False,3,10,train
15,Int8WeightOnlyConfig,int8,8,False,True,pytorch_quantized_p99_latency,0.0009631160299704787,pytorch,p99_latency,False,3,10,train
16,Float8WeightOnlyConfig,float8,8,False,True,pytorch_quantized_p99_latency,0.0010541738600386452,pytorch,p99_latency,False,3,10,train
17,Int8DynamicActivationInt8WeightConfig,int8,8,True,False,pytorch_quantized_p99_latency,0.015857126329783568,pytorch,p99_latency,False,3,10,train
18,Int8WeightOnlyConfig,int8,8,False,True,pytorch_relative_model_size,0.25,pytorch,model_size,True,3,10,train
19,Float8WeightOnlyConfig,float8,8,False,True,pytorch_relative_model_size,0.25,pytorch,model_size,True,3,10,train
20,Int8DynamicActivationInt8WeightConfig,int8,8,True,False,pytorch_relative_model_size,0.25,pytorch,model_size,True,3,10,train
21,Int8WeightOnlyConfig,int8,8,False,True,pytorch_relative_median_latency,2.4832960731070024,pytorch,median_latency,True,3,10,train
22,Float8WeightOnlyConfig,float8,8,False,True,pytorch_relative_median_latency,2.848809278290791,pytorch,median_latency,True,3,10,train
23,Int8DynamicActivationInt8WeightConfig,int8,8,True,False,pytorch_relative_median_latency,49.079750614783286,pytorch,median_latency,True,3,10,train
24,Int8WeightOnlyConfig,int8,8,False,True,pytorch_relative_p95_latency,2.3530524365064207,pytorch,p95_latency,True,3,10,train
25,Float8WeightOnlyConfig,float8,8,False,True,pytorch_relative_p95_latency,2.6194358470712564,pytorch,p95_latency,True,3,10,train
26,Int8DynamicActivationInt8WeightConfig,int8,8,True,False,pytorch_relative_p95_latency,44.20313432130943,pytorch,p95_latency,True,3,10,train
27,Int8WeightOnlyConfig,int8,8,False,True,pytorch_relative_p99_latency,2.2971608191539907,pytorch,p99_latency,True,3,10,train
28,Float8WeightOnlyConfig,float8,8,False,True,pytorch_relative_p99_latency,2.5143459484640966,pytorch,p99_latency,True,3,10,train
29,Int8DynamicActivationInt8WeightConfig,int8,8,True,False,pytorch_relative_p99_latency,37.821371647474784,pytorch,p99_latency,True,3,10,train
0,Int8WeightOnlyConfig,int8,8,False,True,pytorch_quantized_MAE,7.335188247522765,pytorch,MAE,False,3,10,test
1,Float8WeightOnlyConfig,float8,8,False,True,pytorch_quantized_MAE,7.323572203671159,pytorch,MAE,False,3,10,test
2,Int8DynamicActivationInt8WeightConfig,int8,8,True,False,pytorch_quantized_MAE,7.328954504664395,pytorch,MAE,False,3,10,test
3,Int8WeightOnlyConfig,int8,8,False,True,pytorch_relative_MAE,1.001302159763872,pytorch,MAE,True,3,10,test
4,Float8WeightOnlyConfig,float8,8,False,True,pytorch_relative_MAE,0.9997164922385083,pytorch,MAE,True,3,10,test
5,Int8DynamicActivationInt8WeightConfig,int8,8,True,False,pytorch_relative_MAE,1.000451212252115,pytorch,MAE,True,3,10,test
6,Int8WeightOnlyConfig,int8,8,False,True,pytorch_quantized_model_size,206337.0,pytorch,model_size,False,3,10,test
7,Float8WeightOnlyConfig,float8,8,False,True,pytorch_quantized_model_size,206337.0,pytorch,model_size,False,3,10,test
8,Int8DynamicActivationInt8WeightConfig,int8,8,True,False,pytorch_quantized_model_size,206337.0,pytorch,model_size,False,3,10,test
9,Int8WeightOnlyConfig,int8,8,False,True,pytorch_quantized_median_latency,0.000662688499687647,pytorch,median_latency,False,3,10,test
10,Float8WeightOnlyConfig,float8,8,False,True,pytorch_quantized_median_latency,0.0007474310000361584,pytorch,median_latency,False,3,10,test
11,Int8DynamicActivationInt8WeightConfig,int8,8,True,False,pytorch_quantized_median_latency,0.015038075000120443,pytorch,median_latency,False,3,10,test
12,Int8WeightOnlyConfig,int8,8,False,True,pytorch_quantized_p95_latency,0.0007427196992466632,pytorch,p95_latency,False,3,10,test
13,Float8WeightOnlyConfig,float8,8,False,True,pytorch_quantized_p95_latency,0.0008780909996858099,pytorch,p95_latency,False,3,10,test
14,Int8DynamicActivationInt8WeightConfig,int8,8,True,False,pytorch_quantized_p95_latency,0.01700682010023229,pytorch,p95_latency,False,3,10,test
15,Int8WeightOnlyConfig,int8,8,False,True,pytorch_quantized_p99_latency,0.0008221413292176294,pytorch,p99_latency,False,3,10,test
16,Float8WeightOnlyConfig,float8,8,False,True,pytorch_quantized_p99_latency,0.0009409110391879948,pytorch,p99_latency,False,3,10,test
17,Int8DynamicActivationInt8WeightConfig,int8,8,True,False,pytorch_quantized_p99_latency,0.017665984890118124,pytorch,p99_latency,False,3,10,test
18,Int8WeightOnlyConfig,int8,8,False,True,pytorch_relative_model_size,0.25,pytorch,model_size,True,3,10,test
19,Float8WeightOnlyConfig,float8,8,False,True,pytorch_relative_model_size,0.25,pytorch,model_size,True,3,10,test
20,Int8DynamicActivationInt8WeightConfig,int8,8,True,False,pytorch_relative_model_size,0.25,pytorch,model_size,True,3,10,test
21,Int8WeightOnlyConfig,int8,8,False,True,pytorch_relative_median_latency,1.9807880818423387,pytorch,median_latency,True,3,10,test
22,Float8WeightOnlyConfig,float8,8,False,True,pytorch_relative_median_latency,2.2340849698899956,pytorch,median_latency,True,3,10,test
23,Int8DynamicActivationInt8WeightConfig,int8,8,True,False,pytorch_relative_median_latency,44.94908203194983,pytorch,median_latency,True,3,10,test
24,Int8WeightOnlyConfig,int8,8,False,True,pytorch_relative_p95_latency,1.9836976233169492,pytorch,p95_latency,True,3,10,test
25,Float8WeightOnlyConfig,float8,8,False,True,pytorch_relative_p95_latency,2.3452549203952877,pytorch,p95_latency,True,3,10,test
26,Int8DynamicActivationInt8WeightConfig,int8,8,True,False,pytorch_relative_p95_latency,45.42277341940488,pytorch,p95_latency,True,3,10,test
27,Int8WeightOnlyConfig,int8,8,False,True,pytorch_relative_p99_latency,1.9627192065786765,pytorch,p99_latency,True,3,10,test
28,Float8WeightOnlyConfig,float8,8,False,True,pytorch_relative_p99_latency,2.246261199462613,pytorch,p99_latency,True,3,10,test
29,Int8DynamicActivationInt8WeightConfig,int8,8,True,False,pytorch_relative_p99_latency,42.174461512547474,pytorch,p99_latency,True,3,10,test
0,Int8WeightOnlyConfig,int8,8,False,True,pytorch_quantized_MAE,7.209091835051125,pytorch,MAE,False,4,1,train
1,Float8WeightOnlyConfig,float8,8,False,True,pytorch_quantized_MAE,7.199043631378456,pytorch,MAE,False,4,1,train
2,Int8DynamicActivationInt8WeightConfig,int8,8,True,False,pytorch_quantized_MAE,7.202684596777453,pytorch,MAE,False,4,1,train
3,Int8WeightOnlyConfig,int8,8,False,True,pytorch_relative_MAE,1.0012354788620117,pytorch,MAE,True,4,1,train
4,Float8WeightOnlyConfig,float8,8,False,True,pytorch_relative_MAE,0.9998399330365316,pytorch,MAE,True,4,1,train
5,Int8DynamicActivationInt8WeightConfig,int8,8,True,False,pytorch_relative_MAE,1.0003456088994829,pytorch,MAE,True,4,1,train
6,Int8WeightOnlyConfig,int8,8,False,True,pytorch_quantized_model_size,206337.0,pytorch,model_size,False,4,1,train
7,Float8WeightOnlyConfig,float8,8,False,True,pytorch_quantized_model_size,206337.0,pytorch,model_size,False,4,1,train
8,Int8DynamicActivationInt8WeightConfig,int8,8,True,False,pytorch_quantized_model_size,206337.0,pytorch,model_size,False,4,1,train
9,Int8WeightOnlyConfig,int8,8,False,True,pytorch_quantized_median_latency,0.0007082949996402021,pytorch,median_latency,False,4,1,train
10,Float8WeightOnlyConfig,float8,8,False,True,pytorch_quantized_median_latency,0.0008097780000753119,pytorch,median_latency,False,4,1,train
11,Int8DynamicActivationInt8WeightConfig,int8,8,True,False,pytorch_quantized_median_latency,0.014964233499540569,pytorch,median_latency,False,4,1,train
12,Int8WeightOnlyConfig,int8,8,False,True,pytorch_quantized_p95_latency,0.0007896366498243878,pytorch,p95_latency,False,4,1,train
13,Float8WeightOnlyConfig,float8,8,False,True,pytorch_quantized_p95_latency,0.0009089433501685557,pytorch,p95_latency,False,4,1,train
14,Int8DynamicActivationInt8WeightConfig,int8,8,True,False,pytorch_quantized_p95_latency,0.017199559950540788,pytorch,p95_latency,False,4,1,train
15,Int8WeightOnlyConfig,int8,8,False,True,pytorch_quantized_p99_latency,0.0008874065804411657,pytorch,p99_latency,False,4,1,train
16,Float8WeightOnlyConfig,float8,8,False,True,pytorch_quantized_p99_latency,0.0009835360099259558,pytorch,p99_latency,False,4,1,train
17,Int8DynamicActivationInt8WeightConfig,int8,8,True,False,pytorch_quantized_p99_latency,0.018081113359967274,pytorch,p99_latency,False,4,1,train
18,Int8WeightOnlyConfig,int8,8,False,True,pytorch_relative_model_size,0.25,pytorch,model_size,True,4,1,train
19,Float8WeightOnlyConfig,float8,8,False,True,pytorch_relative_model_size,0.25,pytorch,model_size,True,4,1,train
20,Int8DynamicActivationInt8WeightConfig,int8,8,True,False,pytorch_relative_model_size,0.25,pytorch,model_size,True,4,1,train
21,Int8WeightOnlyConfig,int8,8,False,True,pytorch_relative_median_latency,2.161294161134513,pytorch,median_latency,True,4,1,train
22,Float8WeightOnlyConfig,float8,8,False,True,pytorch_relative_median_latency,2.470959789730269,pytorch,median_latency,True,4,1,train
23,Int8DynamicActivationInt8WeightConfig,int8,8,True,False,pytorch_relative_median_latency,45.661921240217104,pytorch,median_latency,True,4,1,train
24,Int8WeightOnlyConfig,int8,8,False,True,pytorch_relative_p95_latency,2.144991982759825,pytorch,p95_latency,True,4,1,train
25,Float8WeightOnlyConfig,float8,8,False,True,pytorch_relative_p95_latency,2.4690801767217985,pytorch,p95_latency,True,4,1,train
26,Int8DynamicActivationInt8WeightConfig,int8,8,True,False,pytorch_relative_p95_latency,46.72138534744026,pytorch,p95_latency,True,4,1,train
27,Int8WeightOnlyConfig,int8,8,False,True,pytorch_relative_p99_latency,2.2116227128684387,pytorch,p99_latency,True,4,1,train
28,Float8WeightOnlyConfig,float8,8,False,True,pytorch_relative_p99_latency,2.4511995137503453,pytorch,p99_latency,True,4,1,train
29,Int8DynamicActivationInt8WeightConfig,int8,8,True,False,pytorch_relative_p99_latency,45.062321896432906,pytorch,p99_latency,True,4,1,train
0,Int8WeightOnlyConfig,int8,8,False,True,pytorch_quantized_MAE,7.1526990587265,pytorch,MAE,False,4,1,test
1,Float8WeightOnlyConfig,float8,8,False,True,pytorch_quantized_MAE,7.140967719866662,pytorch,MAE,False,4,1,test
2,Int8DynamicActivationInt8WeightConfig,int8,8,True,False,pytorch_quantized_MAE,7.151509799042179,pytorch,MAE,False,4,1,test
3,Int8WeightOnlyConfig,int8,8,False,True,pytorch_relative_MAE,1.0014516650259397,pytorch,MAE,True,4,1,test
4,Float8WeightOnlyConfig,float8,8,False,True,pytorch_relative_MAE,0.99980915654939,pytorch,MAE,True,4,1,test
5,Int8DynamicActivationInt8WeightConfig,int8,8,True,False,pytorch_relative_MAE,1.0012851564001422,pytorch,MAE,True,4,1,test
6,Int8WeightOnlyConfig,int8,8,False,True,pytorch_quantized_model_size,206337.0,pytorch,model_size,False,4,1,test
7,Float8WeightOnlyConfig,float8,8,False,True,pytorch_quantized_model_size,206337.0,pytorch,model_size,False,4,1,test
8,Int8DynamicActivationInt8WeightConfig,int8,8,True,False,pytorch_quantized_model_size,206337.0,pytorch,model_size,False,4,1,test
9,Int8WeightOnlyConfig,int8,8,False,True,pytorch_quantized_median_latency,0.0006956589995752438,pytorch,median_latency,False,4,1,test
10,Float8WeightOnlyConfig,float8,8,False,True,pytorch_quantized_median_latency,0.0007884120000198891,pytorch,median_latency,False,4,1,test
11,Int8DynamicActivationInt8WeightConfig,int8,8,True,False,pytorch_quantized_median_latency,0.014775480500247795,pytorch,median_latency,False,4,1,test
12,Int8WeightOnlyConfig,int8,8,False,True,pytorch_quantized_p95_latency,0.0007723680996605253,pytorch,p95_latency,False,4,1,test
13,Float8WeightOnlyConfig,float8,8,False,True,pytorch_quantized_p95_latency,0.0009264981003525461,pytorch,p95_latency,False,4,1,test
14,Int8DynamicActivationInt8WeightConfig,int8,8,True,False,pytorch_quantized_p95_latency,0.016928361249983936,pytorch,p95_latency,False,4,1,test
15,Int8WeightOnlyConfig,int8,8,False,True,pytorch_quantized_p99_latency,0.000839237090476672,pytorch,p99_latency,False,4,1,test
16,Float8WeightOnlyConfig,float8,8,False,True,pytorch_quantized_p99_latency,0.0010162256100738887,pytorch,p99_latency,False,4,1,test
17,Int8DynamicActivationInt8WeightConfig,int8,8,True,False,pytorch_quantized_p99_latency,0.017571481149325337,pytorch,p99_latency,False,4,1,test
18,Int8WeightOnlyConfig,int8,8,False,True,pytorch_relative_model_size,0.25,pytorch,model_size,True,4,1,test
19,Float8WeightOnlyConfig,float8,8,False,True,pytorch_relative_model_size,0.25,pytorch,model_size,True,4,1,test
20,Int8DynamicActivationInt8WeightConfig,int8,8,True,False,pytorch_relative_model_size,0.25,pytorch,model_size,True,4,1,test
21,Int8WeightOnlyConfig,int8,8,False,True,pytorch_relative_median_latency,2.0985663328479456,pytorch,median_latency,True,4,1,test
22,Float8WeightOnlyConfig,float8,8,False,True,pytorch_relative_median_latency,2.378370553195288,pytorch,median_latency,True,4,1,test
23,Int8DynamicActivationInt8WeightConfig,int8,8,True,False,pytorch_relative_median_latency,44.572593682255004,pytorch,median_latency,True,4,1,test
24,Int8WeightOnlyConfig,int8,8,False,True,pytorch_relative_p95_latency,2.1549625484594164,pytorch,p95_latency,True,4,1,test
25,Float8WeightOnlyConfig,float8,8,False,True,pytorch_relative_p95_latency,2.5849963357576153,pytorch,p95_latency,True,4,1,test
26,Int8DynamicActivationInt8WeightConfig,int8,8,True,False,pytorch_relative_p95_latency,47.23134541229869,pytorch,p95_latency,True,4,1,test
27,Int8WeightOnlyConfig,int8,8,False,True,pytorch_relative_p99_latency,2.0904846166567834,pytorch,p99_latency,True,4,1,test
28,Float8WeightOnlyConfig,float8,8,False,True,pytorch_relative_p99_latency,2.5313514250251914,pytorch,p99_latency,True,4,1,test
29,Int8DynamicActivationInt8WeightConfig,int8,8,True,False,pytorch_relative_p99_latency,43.76940849179536,pytorch,p99_latency,True,4,1,test
0,Int8WeightOnlyConfig,int8,8,False,True,pytorch_quantized_MAE,7.300192340215982,pytorch,MAE,False,4,2,train
1,Float8WeightOnlyConfig,float8,8,False,True,pytorch_quantized_MAE,7.287730088653573,pytorch,MAE,False,4,2,train
2,Int8DynamicActivationInt8WeightConfig,int8,8,True,False,pytorch_quantized_MAE,7.293271234794995,pytorch,MAE,False,4,2,train
3,Int8WeightOnlyConfig,int8,8,False,True,pytorch_relative_MAE,1.001221073477343,pytorch,MAE,True,4,2,train
4,Float8WeightOnlyConfig,float8,8,False,True,pytorch_relative_MAE,0.9995118761979067,pytorch,MAE,True,4,2,train
5,Int8DynamicActivationInt8WeightConfig,int8,8,True,False,pytorch_relative_MAE,1.0002718441589489,pytorch,MAE,True,4,2,train
6,Int8WeightOnlyConfig,int8,8,False,True,pytorch_quantized_model_size,206337.0,pytorch,model_size,False,4,2,train
7,Float8WeightOnlyConfig,float8,8,False,True,pytorch_quantized_model_size,206337.0,pytorch,model_size,False,4,2,train
8,Int8DynamicActivationInt8WeightConfig,int8,8,True,False,pytorch_quantized_model_size,206337.0,pytorch,model_size,False,4,2,train
9,Int8WeightOnlyConfig,int8,8,False,True,pytorch_quantized_median_latency,0.0006933280001248932,pytorch,median_latency,False,4,2,train
10,Float8WeightOnlyConfig,float8,8,False,True,pytorch_quantized_median_latency,0.000742888999866409,pytorch,median_latency,False,4,2,train
11,Int8DynamicActivationInt8WeightConfig,int8,8,True,False,pytorch_quantized_median_latency,0.014916372500010766,pytorch,median_latency,False,4,2,train
12,Int8WeightOnlyConfig,int8,8,False,True,pytorch_quantized_p95_latency,0.0007605358000546402,pytorch,p95_latency,False,4,2,train
13,Float8WeightOnlyConfig,float8,8,False,True,pytorch_quantized_p95_latency,0.0008593999004460783,pytorch,p95_latency,False,4,2,train
14,Int8DynamicActivationInt8WeightConfig,int8,8,True,False,pytorch_quantized_p95_latency,0.016765947649719237,pytorch,p95_latency,False,4,2,train
15,Int8WeightOnlyConfig,int8,8,False,True,pytorch_quantized_p99_latency,0.0008470059701812715,pytorch,p99_latency,False,4,2,train
16,Float8WeightOnlyConfig,float8,8,False,True,pytorch_quantized_p99_latency,0.0009494299997368214,pytorch,p99_latency,False,4,2,train
17,Int8DynamicActivationInt8WeightConfig,int8,8,True,False,pytorch_quantized_p99_latency,0.017252591200485765,pytorch,p99_latency,False,4,2,train
18,Int8WeightOnlyConfig,int8,8,False,True,pytorch_relative_model_size,0.25,pytorch,model_size,True,4,2,train
19,Float8WeightOnlyConfig,float8,8,False,True,pytorch_relative_model_size,0.25,pytorch,model_size,True,4,2,train
20,Int8DynamicActivationInt8WeightConfig,int8,8,True,False,pytorch_relative_model_size,0.25,pytorch,model_size,True,4,2,train
21,Int8WeightOnlyConfig,int8,8,False,True,pytorch_relative_median_latency,2.1171548880257847,pytorch,median_latency,True,4,2,train
22,Float8WeightOnlyConfig,float8,8,False,True,pytorch_relative_median_latency,2.2684949649292037,pytorch,median_latency,True,4,2,train
23,Int8DynamicActivationInt8WeightConfig,int8,8,True,False,pytorch_relative_median_latency,45.548818083681105,pytorch,median_latency,True,4,2,train
24,Int8WeightOnlyConfig,int8,8,False,True,pytorch_relative_p95_latency,2.127226783685221,pytorch,p95_latency,True,4,2,train
25,Float8WeightOnlyConfig,float8,8,False,True,pytorch_relative_p95_latency,2.4037507320417646,pytorch,p95_latency,True,4,2,train
26,Int8DynamicActivationInt8WeightConfig,int8,8,True,False,pytorch_relative_p95_latency,46.89453526288272,pytorch,p95_latency,True,4,2,train
27,Int8WeightOnlyConfig,int8,8,False,True,pytorch_relative_p99_latency,2.1112740502413634,pytorch,p99_latency,True,4,2,train
28,Float8WeightOnlyConfig,float8,8,False,True,pytorch_relative_p99_latency,2.3665794475285953,pytorch,p99_latency,True,4,2,train
29,Int8DynamicActivationInt8WeightConfig,int8,8,True,False,pytorch_relative_p99_latency,43.004358154893076,pytorch,p99_latency,True,4,2,train
0,Int8WeightOnlyConfig,int8,8,False,True,pytorch_quantized_MAE,7.200222004615016,pytorch,MAE,False,4,2,test
1,Float8WeightOnlyConfig,float8,8,False,True,pytorch_quantized_MAE,7.183877831904931,pytorch,MAE,False,4,2,test
2,Int8DynamicActivationInt8WeightConfig,int8,8,True,False,pytorch_quantized_MAE,7.197377446229348,pytorch,MAE,False,4,2,test
3,Int8WeightOnlyConfig,int8,8,False,True,pytorch_relative_MAE,1.0011740390209698,pytorch,MAE,True,4,2,test
4,Float8WeightOnlyConfig,float8,8,False,True,pytorch_relative_MAE,0.9989014200105942,pytorch,MAE,True,4,2,test
5,Int8DynamicActivationInt8WeightConfig,int8,8,True,False,pytorch_relative_MAE,1.0007785098266777,pytorch,MAE,True,4,2,test
6,Int8WeightOnlyConfig,int8,8,False,True,pytorch_quantized_model_size,206337.0,pytorch,model_size,False,4,2,test
7,Float8WeightOnlyConfig,float8,8,False,True,pytorch_quantized_model_size,206337.0,pytorch,model_size,False,4,2,test
8,Int8DynamicActivationInt8WeightConfig,int8,8,True,False,pytorch_quantized_model_size,206337.0,pytorch,model_size,False,4,2,test
9,Int8WeightOnlyConfig,int8,8,False,True,pytorch_quantized_median_latency,0.0006554239998877165,pytorch,median_latency,False,4,2,test
10,Float8WeightOnlyConfig,float8,8,False,True,pytorch_quantized_median_latency,0.0007184480000432814,pytorch,median_latency,False,4,2,test
11,Int8DynamicActivationInt8WeightConfig,int8,8,True,False,pytorch_quantized_median_latency,0.01484468700027719,pytorch,median_latency,False,4,2,test
12,Int8WeightOnlyConfig,int8,8,False,True,pytorch_quantized_p95_latency,0.0008006049997675291,pytorch,p95_latency,False,4,2,test
13,Float8WeightOnlyConfig,float8,8,False,True,pytorch_quantized_p95_latency,0.0008217606503421848,pytorch,p95_latency,False,4,2,test
14,Int8DynamicActivationInt8WeightConfig,int8,8,True,False,pytorch_quantized_p95_latency,0.017429004050245563,pytorch,p95_latency,False,4,2,test
15,Int8WeightOnlyConfig,int8,8,False,True,pytorch_quantized_p99_latency,0.0008509307805616116,pytorch,p99_latency,False,4,2,test
16,Float8WeightOnlyConfig,float8,8,False,True,pytorch_quantized_p99_latency,0.0009140289698370905,pytorch,p99_latency,False,4,2,test
17,Int8DynamicActivationInt8WeightConfig,int8,8,True,False,pytorch_quantized_p99_latency,0.02212729863969798,pytorch,p99_latency,False,4,2,test
18,Int8WeightOnlyConfig,int8,8,False,True,pytorch_relative_model_size,0.25,pytorch,model_size,True,4,2,test
19,Float8WeightOnlyConfig,float8,8,False,True,pytorch_relative_model_size,0.25,pytorch,model_size,True,4,2,test
20,Int8DynamicActivationInt8WeightConfig,int8,8,True,False,pytorch_relative_model_size,0.25,pytorch,model_size,True,4,2,test
21,Int8WeightOnlyConfig,int8,8,False,True,pytorch_relative_median_latency,2.0213788307810923,pytorch,median_latency,True,4,2,test
22,Float8WeightOnlyConfig,float8,8,False,True,pytorch_relative_median_latency,2.2157497719846915,pytorch,median_latency,True,4,2,test
23,Int8DynamicActivationInt8WeightConfig,int8,8,True,False,pytorch_relative_median_latency,45.782174679401685,pytorch,median_latency,True,4,2,test
24,Int8WeightOnlyConfig,int8,8,False,True,pytorch_relative_p95_latency,2.2933695784453225,pytorch,p95_latency,True,4,2,test
25,Float8WeightOnlyConfig,float8,8,False,True,pytorch_relative_p95_latency,2.3539709055095086,pytorch,p95_latency,True,4,2,test
26,Int8DynamicActivationInt8WeightConfig,int8,8,True,False,pytorch_relative_p95_latency,49.926177931738955,pytorch,p95_latency,True,4,2,test
27,Int8WeightOnlyConfig,int8,8,False,True,pytorch_relative_p99_latency,2.223255303693318,pytorch,p99_latency,True,4,2,test
28,Float8WeightOnlyConfig,float8,8,False,True,pytorch_relative_p99_latency,2.388114052682944,pytorch,p99_latency,True,4,2,test
29,Int8DynamicActivationInt8WeightConfig,int8,8,True,False,pytorch_relative_p99_latency,57.812733045860874,pytorch,p99_latency,True,4,2,test
0,Int8WeightOnlyConfig,int8,8,False,True,pytorch_quantized_MAE,7.25906010939957,pytorch,MAE,False,4,3,train
1,Float8WeightOnlyConfig,float8,8,False,True,pytorch_quantized_MAE,7.2478203477770355,pytorch,MAE,False,4,3,train
2,Int8DynamicActivationInt8WeightConfig,int8,8,True,False,pytorch_quantized_MAE,7.254787921148678,pytorch,MAE,False,4,3,train
3,Int8WeightOnlyConfig,int8,8,False,True,pytorch_relative_MAE,1.001251882730114,pytorch,MAE,True,4,3,train
4,Float8WeightOnlyConfig,float8,8,False,True,pytorch_relative_MAE,0.9997015673564436,pytorch,MAE,True,4,3,train
5,Int8DynamicActivationInt8WeightConfig,int8,8,True,False,pytorch_relative_MAE,1.0006626140830555,pytorch,MAE,True,4,3,train
6,Int8WeightOnlyConfig,int8,8,False,True,pytorch_quantized_model_size,206337.0,pytorch,model_size,False,4,3,train
7,Float8WeightOnlyConfig,float8,8,False,True,pytorch_quantized_model_size,206337.0,pytorch,model_size,False,4,3,train
8,Int8DynamicActivationInt8WeightConfig,int8,8,True,False,pytorch_quantized_model_size,206337.0,pytorch,model_size,False,4,3,train
9,Int8WeightOnlyConfig,int8,8,False,True,pytorch_quantized_median_latency,0.0007089525006449549,pytorch,median_latency,False,4,3,train
10,Float8WeightOnlyConfig,float8,8,False,True,pytorch_quantized_median_latency,0.0007890560000305413,pytorch,median_latency,False,4,3,train
11,Int8DynamicActivationInt8WeightConfig,int8,8,True,False,pytorch_quantized_median_latency,0.014648271999703866,pytorch,median_latency,False,4,3,train
12,Int8WeightOnlyConfig,int8,8,False,True,pytorch_quantized_p95_latency,0.0007815264506916719,pytorch,p95_latency,False,4,3,train
13,Float8WeightOnlyConfig,float8,8,False,True,pytorch_quantized_p95_latency,0.0008690286997079965,pytorch,p95_latency,False,4,3,train
14,Int8DynamicActivationInt8WeightConfig,int8,8,True,False,pytorch_quantized_p95_latency,0.017515282200656655,pytorch,p95_latency,False,4,3,train
15,Int8WeightOnlyConfig,int8,8,False,True,pytorch_quantized_p99_latency,0.0008765477097040273,pytorch,p99_latency,False,4,3,train
16,Float8WeightOnlyConfig,float8,8,False,True,pytorch_quantized_p99_latency,0.0009534802308462531,pytorch,p99_latency,False,4,3,train
17,Int8DynamicActivationInt8WeightConfig,int8,8,True,False,pytorch_quantized_p99_latency,0.020004714120223067,pytorch,p99_latency,False,4,3,train
18,Int8WeightOnlyConfig,int8,8,False,True,pytorch_relative_model_size,0.25,pytorch,model_size,True,4,3,train
19,Float8WeightOnlyConfig,float8,8,False,True,pytorch_relative_model_size,0.25,pytorch,model_size,True,4,3,train
20,Int8DynamicActivationInt8WeightConfig,int8,8,True,False,pytorch_relative_model_size,0.25,pytorch,model_size,True,4,3,train
21,Int8WeightOnlyConfig,int8,8,False,True,pytorch_relative_median_latency,2.0846209956878754,pytorch,median_latency,True,4,3,train
22,Float8WeightOnlyConfig,float8,8,False,True,pytorch_relative_median_latency,2.3201592531809414,pytorch,median_latency,True,4,3,train
23,Int8DynamicActivationInt8WeightConfig,int8,8,True,False,pytorch_relative_median_latency,43.07213153680948,pytorch,median_latency,True,4,3,train
24,Int8WeightOnlyConfig,int8,8,False,True,pytorch_relative_p95_latency,2.047130740479242,pytorch,p95_latency,True,4,3,train
25,Float8WeightOnlyConfig,float8,8,False,True,pytorch_relative_p95_latency,2.2763341713597374,pytorch,p95_latency,True,4,3,train
26,Int8DynamicActivationInt8WeightConfig,int8,8,True,False,pytorch_relative_p95_latency,45.87953816457467,pytorch,p95_latency,True,4,3,train
27,Int8WeightOnlyConfig,int8,8,False,True,pytorch_relative_p99_latency,2.10949644611061,pytorch,p99_latency,True,4,3,train
28,Float8WeightOnlyConfig,float8,8,False,True,pytorch_relative_p99_latency,2.294641964310244,pytorch,p99_latency,True,4,3,train
29,Int8DynamicActivationInt8WeightConfig,int8,8,True,False,pytorch_relative_p99_latency,48.143270326173564,pytorch,p99_latency,True,4,3,train
0,Int8WeightOnlyConfig,int8,8,False,True,pytorch_quantized_MAE,7.174424875713359,pytorch,MAE,False,4,3,test
1,Float8WeightOnlyConfig,float8,8,False,True,pytorch_quantized_MAE,7.167593621355346,pytorch,MAE,False,4,3,test
2,Int8DynamicActivationInt8WeightConfig,int8,8,True,False,pytorch_quantized_MAE,7.171856475571698,pytorch,MAE,False,4,3,test
3,Int8WeightOnlyConfig,int8,8,False,True,pytorch_relative_MAE,1.001263648390221,pytorch,MAE,True,4,3,test
4,Float8WeightOnlyConfig,float8,8,False,True,pytorch_relative_MAE,1.0003102776629396,pytorch,MAE,True,4,3,test
5,Int8DynamicActivationInt8WeightConfig,int8,8,True,False,pytorch_relative_MAE,1.0009052021396971,pytorch,MAE,True,4,3,test
6,Int8WeightOnlyConfig,int8,8,False,True,pytorch_quantized_model_size,206337.0,pytorch,model_size,False,4,3,test
7,Float8WeightOnlyConfig,float8,8,False,True,pytorch_quantized_model_size,206337.0,pytorch,model_size,False,4,3,test
8,Int8DynamicActivationInt8WeightConfig,int8,8,True,False,pytorch_quantized_model_size,206337.0,pytorch,model_size,False,4,3,test
9,Int8WeightOnlyConfig,int8,8,False,True,pytorch_quantized_median_latency,0.0006600075003007078,pytorch,median_latency,False,4,3,test
10,Float8WeightOnlyConfig,float8,8,False,True,pytorch_quantized_median_latency,0.0007618584995725541,pytorch,median_latency,False,4,3,test
11,Int8DynamicActivationInt8WeightConfig,int8,8,True,False,pytorch_quantized_median_latency,0.013781462499991903,pytorch,median_latency,False,4,3,test
12,Int8WeightOnlyConfig,int8,8,False,True,pytorch_quantized_p95_latency,0.0007253328497426991,pytorch,p95_latency,False,4,3,test
13,Float8WeightOnlyConfig,float8,8,False,True,pytorch_quantized_p95_latency,0.0008407583500229521,pytorch,p95_latency,False,4,3,test
14,Int8DynamicActivationInt8WeightConfig,int8,8,True,False,pytorch_quantized_p95_latency,0.014583248949975314,pytorch,p95_latency,False,4,3,test
15,Int8WeightOnlyConfig,int8,8,False,True,pytorch_quantized_p99_latency,0.0008466361195314674,pytorch,p99_latency,False,4,3,test
16,Float8WeightOnlyConfig,float8,8,False,True,pytorch_quantized_p99_latency,0.0010066544901019367,pytorch,p99_latency,False,4,3,test
17,Int8DynamicActivationInt8WeightConfig,int8,8,True,False,pytorch_quantized_p99_latency,0.015264165260086884,pytorch,p99_latency,False,4,3,test
18,Int8WeightOnlyConfig,int8,8,False,True,pytorch_relative_model_size,0.25,pytorch,model_size,True,4,3,test
19,Float8WeightOnlyConfig,float8,8,False,True,pytorch_relative_model_size,0.25,pytorch,model_size,True,4,3,test
20,Int8DynamicActivationInt8WeightConfig,int8,8,True,False,pytorch_relative_model_size,0.25,pytorch,model_size,True,4,3,test
21,Int8WeightOnlyConfig,int8,8,False,True,pytorch_relative_median_latency,2.03910558305928,pytorch,median_latency,True,4,3,test
22,Float8WeightOnlyConfig,float8,8,False,True,pytorch_relative_median_latency,2.353776160531149,pytorch,median_latency,True,4,3,test
23,Int8DynamicActivationInt8WeightConfig,int8,8,True,False,pytorch_relative_median_latency,42.57808754241737,pytorch,median_latency,True,4,3,test
24,Int8WeightOnlyConfig,int8,8,False,True,pytorch_relative_p95_latency,2.0536046356835853,pytorch,p95_latency,True,4,3,test
25,Float8WeightOnlyConfig,float8,8,False,True,pytorch_relative_p95_latency,2.38040403893095,pytorch,p95_latency,True,4,3,test
26,Int8DynamicActivationInt8WeightConfig,int8,8,True,False,pytorch_relative_p95_latency,41.288944320694654,pytorch,p95_latency,True,4,3,test
27,Int8WeightOnlyConfig,int8,8,False,True,pytorch_relative_p99_latency,2.099218374352082,pytorch,p99_latency,True,4,3,test
28,Float8WeightOnlyConfig,float8,8,False,True,pytorch_relative_p99_latency,2.4959809220228637,pytorch,p99_latency,True,4,3,test
29,Int8DynamicActivationInt8WeightConfig,int8,8,True,False,pytorch_relative_p99_latency,37.84721138622548,pytorch,p99_latency,True,4,3,test
0,Int8WeightOnlyConfig,int8,8,False,True,pytorch_quantized_MAE,7.267594500548358,pytorch,MAE,False,4,4,train
1,Float8WeightOnlyConfig,float8,8,False,True,pytorch_quantized_MAE,7.256344907856038,pytorch,MAE,False,4,4,train
2,Int8DynamicActivationInt8WeightConfig,int8,8,True,False,pytorch_quantized_MAE,7.263830869231903,pytorch,MAE,False,4,4,train
3,Int8WeightOnlyConfig,int8,8,False,True,pytorch_relative_MAE,1.0012589528891769,pytorch,MAE,True,4,4,train
4,Float8WeightOnlyConfig,float8,8,False,True,pytorch_relative_MAE,0.9997090926983403,pytorch,MAE,True,4,4,train
5,Int8DynamicActivationInt8WeightConfig,int8,8,True,False,pytorch_relative_MAE,1.000740436129513,pytorch,MAE,True,4,4,train
6,Int8WeightOnlyConfig,int8,8,False,True,pytorch_quantized_model_size,206337.0,pytorch,model_size,False,4,4,train
7,Float8WeightOnlyConfig,float8,8,False,True,pytorch_quantized_model_size,206337.0,pytorch,model_size,False,4,4,train
8,Int8DynamicActivationInt8WeightConfig,int8,8,True,False,pytorch_quantized_model_size,206337.0,pytorch,model_size,False,4,4,train
9,Int8WeightOnlyConfig,int8,8,False,True,pytorch_quantized_median_latency,0.0006645299995398091,pytorch,median_latency,False,4,4,train
10,Float8WeightOnlyConfig,float8,8,False,True,pytorch_quantized_median_latency,0.0007554989997515804,pytorch,median_latency,False,4,4,train
11,Int8DynamicActivationInt8WeightConfig,int8,8,True,False,pytorch_quantized_median_latency,0.014318077000552876,pytorch,median_latency,False,4,4,train
12,Int8WeightOnlyConfig,int8,8,False,True,pytorch_quantized_p95_latency,0.000744074800695671,pytorch,p95_latency,False,4,4,train
13,Float8WeightOnlyConfig,float8,8,False,True,pytorch_quantized_p95_latency,0.0008779407501151582,pytorch,p95_latency,False,4,4,train
14,Int8DynamicActivationInt8WeightConfig,int8,8,True,False,pytorch_quantized_p95_latency,0.01667512594999607,pytorch,p95_latency,False,4,4,train
15,Int8WeightOnlyConfig,int8,8,False,True,pytorch_quantized_p99_latency,0.0008113657003195839,pytorch,p99_latency,False,4,4,train
16,Float8WeightOnlyConfig,float8,8,False,True,pytorch_quantized_p99_latency,0.0009311133297160266,pytorch,p99_latency,False,4,4,train
17,Int8DynamicActivationInt8WeightConfig,int8,8,True,False,pytorch_quantized_p99_latency,0.01721239866930773,pytorch,p99_latency,False,4,4,train
18,Int8WeightOnlyConfig,int8,8,False,True,pytorch_relative_model_size,0.25,pytorch,model_size,True,4,4,train
19,Float8WeightOnlyConfig,float8,8,False,True,pytorch_relative_model_size,0.25,pytorch,model_size,True,4,4,train
20,Int8DynamicActivationInt8WeightConfig,int8,8,True,False,pytorch_relative_model_size,0.25,pytorch,model_size,True,4,4,train
21,Int8WeightOnlyConfig,int8,8,False,True,pytorch_relative_median_latency,2.016100774004725,pytorch,median_latency,True,4,4,train
22,Float8WeightOnlyConfig,float8,8,False,True,pytorch_relative_median_latency,2.2920893251076033,pytorch,median_latency,True,4,4,train
23,Int8DynamicActivationInt8WeightConfig,int8,8,True,False,pytorch_relative_median_latency,43.439252017311865,pytorch,median_latency,True,4,4,train
24,Int8WeightOnlyConfig,int8,8,False,True,pytorch_relative_p95_latency,2.1106630854540342,pytorch,p95_latency,True,4,4,train
25,Float8WeightOnlyConfig,float8,8,False,True,pytorch_relative_p95_latency,2.490390926760853,pytorch,p95_latency,True,4,4,train
26,Int8DynamicActivationInt8WeightConfig,int8,8,True,False,pytorch_relative_p95_latency,47.30112181604232,pytorch,p95_latency,True,4,4,train
27,Int8WeightOnlyConfig,int8,8,False,True,pytorch_relative_p99_latency,2.1027831159761643,pytorch,p99_latency,True,4,4,train
28,Float8WeightOnlyConfig,float8,8,False,True,pytorch_relative_p99_latency,2.413128122147647,pytorch,p99_latency,True,4,4,train
29,Int8DynamicActivationInt8WeightConfig,int8,8,True,False,pytorch_relative_p99_latency,44.608665726212834,pytorch,p99_latency,True,4,4,train
0,Int8WeightOnlyConfig,int8,8,False,True,pytorch_quantized_MAE,7.2541314427401815,pytorch,MAE,False,4,4,test
1,Float8WeightOnlyConfig,float8,8,False,True,pytorch_quantized_MAE,7.240165968829467,pytorch,MAE,False,4,4,test
2,Int8DynamicActivationInt8WeightConfig,int8,8,True,False,pytorch_quantized_MAE,7.244848342852444,pytorch,MAE,False,4,4,test
3,Int8WeightOnlyConfig,int8,8,False,True,pytorch_relative_MAE,1.0012842002948388,pytorch,MAE,True,4,4,test
4,Float8WeightOnlyConfig,float8,8,False,True,pytorch_relative_MAE,0.999356552789854,pytorch,MAE,True,4,4,test
5,Int8DynamicActivationInt8WeightConfig,int8,8,True,False,pytorch_relative_MAE,1.0000028585765752,pytorch,MAE,True,4,4,test
6,Int8WeightOnlyConfig,int8,8,False,True,pytorch_quantized_model_size,206337.0,pytorch,model_size,False,4,4,test
7,Float8WeightOnlyConfig,float8,8,False,True,pytorch_quantized_model_size,206337.0,pytorch,model_size,False,4,4,test
8,Int8DynamicActivationInt8WeightConfig,int8,8,True,False,pytorch_quantized_model_size,206337.0,pytorch,model_size,False,4,4,test
9,Int8WeightOnlyConfig,int8,8,False,True,pytorch_quantized_median_latency,0.000712118000137707,pytorch,median_latency,False,4,4,test
10,Float8WeightOnlyConfig,float8,8,False,True,pytorch_quantized_median_latency,0.0007874135003476113,pytorch,median_latency,False,4,4,test
11,Int8DynamicActivationInt8WeightConfig,int8,8,True,False,pytorch_quantized_median_latency,0.013428304999706597,pytorch,median_latency,False,4,4,test
12,Int8WeightOnlyConfig,int8,8,False,True,pytorch_quantized_p95_latency,0.0008087573502962186,pytorch,p95_latency,False,4,4,test
13,Float8WeightOnlyConfig,float8,8,False,True,pytorch_quantized_p95_latency,0.0008819969502383173,pytorch,p95_latency,False,4,4,test
14,Int8DynamicActivationInt8WeightConfig,int8,8,True,False,pytorch_quantized_p95_latency,0.014325529399275182,pytorch,p95_latency,False,4,4,test
15,Int8WeightOnlyConfig,int8,8,False,True,pytorch_quantized_p99_latency,0.0009465736500897032,pytorch,p99_latency,False,4,4,test
16,Float8WeightOnlyConfig,float8,8,False,True,pytorch_quantized_p99_latency,0.0011528496600931245,pytorch,p99_latency,False,4,4,test
17,Int8DynamicActivationInt8WeightConfig,int8,8,True,False,pytorch_quantized_p99_latency,0.014930311179796261,pytorch,p99_latency,False,4,4,test
18,Int8WeightOnlyConfig,int8,8,False,True,pytorch_relative_model_size,0.25,pytorch,model_size,True,4,4,test
19,Float8WeightOnlyConfig,float8,8,False,True,pytorch_relative_model_size,0.25,pytorch,model_size,True,4,4,test
20,Int8DynamicActivationInt8WeightConfig,int8,8,True,False,pytorch_relative_model_size,0.25,pytorch,model_size,True,4,4,test
21,Int8WeightOnlyConfig,int8,8,False,True,pytorch_relative_median_latency,2.638338860948643,pytorch,median_latency,True,4,4,test
22,Float8WeightOnlyConfig,float8,8,False,True,pytorch_relative_median_latency,2.917302521774436,pytorch,median_latency,True,4,4,test
23,Int8DynamicActivationInt8WeightConfig,int8,8,True,False,pytorch_relative_median_latency,49.750770111899776,pytorch,median_latency,True,4,4,test
24,Int8WeightOnlyConfig,int8,8,False,True,pytorch_relative_p95_latency,2.3725103710048017,pytorch,p95_latency,True,4,4,test
25,Float8WeightOnlyConfig,float8,8,False,True,pytorch_relative_p95_latency,2.587360610532429,pytorch,p95_latency,True,4,4,test
26,Int8DynamicActivationInt8WeightConfig,int8,8,True,False,pytorch_relative_p95_latency,42.02430686715388,pytorch,p95_latency,True,4,4,test
27,Int8WeightOnlyConfig,int8,8,False,True,pytorch_relative_p99_latency,2.046393083864246,pytorch,p99_latency,True,4,4,test
28,Float8WeightOnlyConfig,float8,8,False,True,pytorch_relative_p99_latency,2.4923402113784237,pytorch,p99_latency,True,4,4,test
29,Int8DynamicActivationInt8WeightConfig,int8,8,True,False,pytorch_relative_p99_latency,32.27776891463298,pytorch,p99_latency,True,4,4,test
0,Int8WeightOnlyConfig,int8,8,False,True,pytorch_quantized_MAE,7.245327116719742,pytorch,MAE,False,4,5,train
1,Float8WeightOnlyConfig,float8,8,False,True,pytorch_quantized_MAE,7.234989883183354,pytorch,MAE,False,4,5,train
2,Int8DynamicActivationInt8WeightConfig,int8,8,True,False,pytorch_quantized_MAE,7.239838010664515,pytorch,MAE,False,4,5,train
3,Int8WeightOnlyConfig,int8,8,False,True,pytorch_relative_MAE,1.0012860804295671,pytorch,MAE,True,4,5,train
4,Float8WeightOnlyConfig,float8,8,False,True,pytorch_relative_MAE,0.9998575006175874,pytorch,MAE,True,4,5,train
5,Int8DynamicActivationInt8WeightConfig,int8,8,True,False,pytorch_relative_MAE,1.0005274997059423,pytorch,MAE,True,4,5,train
6,Int8WeightOnlyConfig,int8,8,False,True,pytorch_quantized_model_size,206337.0,pytorch,model_size,False,4,5,train
7,Float8WeightOnlyConfig,float8,8,False,True,pytorch_quantized_model_size,206337.0,pytorch,model_size,False,4,5,train
8,Int8DynamicActivationInt8WeightConfig,int8,8,True,False,pytorch_quantized_model_size,206337.0,pytorch,model_size,False,4,5,train
9,Int8WeightOnlyConfig,int8,8,False,True,pytorch_quantized_median_latency,0.0007351080002990784,pytorch,median_latency,False,4,5,train
10,Float8WeightOnlyConfig,float8,8,False,True,pytorch_quantized_median_latency,0.0008350804996553052,pytorch,median_latency,False,4,5,train
11,Int8DynamicActivationInt8WeightConfig,int8,8,True,False,pytorch_quantized_median_latency,0.015042080499824806,pytorch,median_latency,False,4,5,train
12,Int8WeightOnlyConfig,int8,8,False,True,pytorch_quantized_p95_latency,0.0008723085503788748,pytorch,p95_latency,False,4,5,train
13,Float8WeightOnlyConfig,float8,8,False,True,pytorch_quantized_p95_latency,0.000944404699930601,pytorch,p95_latency,False,4,5,train
14,Int8DynamicActivationInt8WeightConfig,int8,8,True,False,pytorch_quantized_p95_latency,0.016958469750170478,pytorch,p95_latency,False,4,5,train
15,Int8WeightOnlyConfig,int8,8,False,True,pytorch_quantized_p99_latency,0.0010562660299547125,pytorch,p99_latency,False,4,5,train
16,Float8WeightOnlyConfig,float8,8,False,True,pytorch_quantized_p99_latency,0.0010338817797037336,pytorch,p99_latency,False,4,5,train
17,Int8DynamicActivationInt8WeightConfig,int8,8,True,False,pytorch_quantized_p99_latency,0.018099157209680927,pytorch,p99_latency,False,4,5,train
18,Int8WeightOnlyConfig,int8,8,False,True,pytorch_relative_model_size,0.25,pytorch,model_size,True,4,5,train
19,Float8WeightOnlyConfig,float8,8,False,True,pytorch_relative_model_size,0.25,pytorch,model_size,True,4,5,train
20,Int8DynamicActivationInt8WeightConfig,int8,8,True,False,pytorch_relative_model_size,0.25,pytorch,model_size,True,4,5,train
21,Int8WeightOnlyConfig,int8,8,False,True,pytorch_relative_median_latency,2.4884835646165153,pytorch,median_latency,True,4,5,train
22,Float8WeightOnlyConfig,float8,8,False,True,pytorch_relative_median_latency,2.826909920281791,pytorch,median_latency,True,4,5,train
23,Int8DynamicActivationInt8WeightConfig,int8,8,True,False,pytorch_relative_median_latency,50.92036828088311,pytorch,median_latency,True,4,5,train
24,Int8WeightOnlyConfig,int8,8,False,True,pytorch_relative_p95_latency,2.394997955161397,pytorch,p95_latency,True,4,5,train
25,Float8WeightOnlyConfig,float8,8,False,True,pytorch_relative_p95_latency,2.5929441184500615,pytorch,p95_latency,True,4,5,train
26,Int8DynamicActivationInt8WeightConfig,int8,8,True,False,pytorch_relative_p95_latency,46.560933464063766,pytorch,p95_latency,True,4,5,train
27,Int8WeightOnlyConfig,int8,8,False,True,pytorch_relative_p99_latency,2.3230444420713785,pytorch,p99_latency,True,4,5,train
28,Float8WeightOnlyConfig,float8,8,False,True,pytorch_relative_p99_latency,2.2738147909600004,pytorch,p99_latency,True,4,5,train
29,Int8DynamicActivationInt8WeightConfig,int8,8,True,False,pytorch_relative_p99_latency,39.80545181778504,pytorch,p99_latency,True,4,5,train
0,Int8WeightOnlyConfig,int8,8,False,True,pytorch_quantized_MAE,7.344122239809942,pytorch,MAE,False,4,5,test
1,Float8WeightOnlyConfig,float8,8,False,True,pytorch_quantized_MAE,7.338505975502567,pytorch,MAE,False,4,5,test
2,Int8DynamicActivationInt8WeightConfig,int8,8,True,False,pytorch_quantized_MAE,7.340491584641465,pytorch,MAE,False,4,5,test
3,Int8WeightOnlyConfig,int8,8,False,True,pytorch_relative_MAE,1.0011944455200246,pytorch,MAE,True,4,5,test
4,Float8WeightOnlyConfig,float8,8,False,True,pytorch_relative_MAE,1.0004288029496116,pytorch,MAE,True,4,5,test
5,Int8DynamicActivationInt8WeightConfig,int8,8,True,False,pytorch_relative_MAE,1.0006994930029527,pytorch,MAE,True,4,5,test
6,Int8WeightOnlyConfig,int8,8,False,True,pytorch_quantized_model_size,206337.0,pytorch,model_size,False,4,5,test
7,Float8WeightOnlyConfig,float8,8,False,True,pytorch_quantized_model_size,206337.0,pytorch,model_size,False,4,5,test
8,Int8DynamicActivationInt8WeightConfig,int8,8,True,False,pytorch_quantized_model_size,206337.0,pytorch,model_size,False,4,5,test
9,Int8WeightOnlyConfig,int8,8,False,True,pytorch_quantized_median_latency,0.0007003534997238603,pytorch,median_latency,False,4,5,test
10,Float8WeightOnlyConfig,float8,8,False,True,pytorch_quantized_median_latency,0.0007936944998618856,pytorch,median_latency,False,4,5,test
11,Int8DynamicActivationInt8WeightConfig,int8,8,True,False,pytorch_quantized_median_latency,0.013533958499920118,pytorch,median_latency,False,4,5,test
12,Int8WeightOnlyConfig,int8,8,False,True,pytorch_quantized_p95_latency,0.0007944979997319023,pytorch,p95_latency,False,4,5,test
13,Float8WeightOnlyConfig,float8,8,False,True,pytorch_quantized_p95_latency,0.0008906610997200914,pytorch,p95_latency,False,4,5,test
14,Int8DynamicActivationInt8WeightConfig,int8,8,True,False,pytorch_quantized_p95_latency,0.0149437365495487,pytorch,p95_latency,False,4,5,test
15,Int8WeightOnlyConfig,int8,8,False,True,pytorch_quantized_p99_latency,0.000947901130894024,pytorch,p99_latency,False,4,5,test
16,Float8WeightOnlyConfig,float8,8,False,True,pytorch_quantized_p99_latency,0.0009957577300156112,pytorch,p99_latency,False,4,5,test
17,Int8DynamicActivationInt8WeightConfig,int8,8,True,False,pytorch_quantized_p99_latency,0.01582135946930975,pytorch,p99_latency,False,4,5,test
18,Int8WeightOnlyConfig,int8,8,False,True,pytorch_relative_model_size,0.25,pytorch,model_size,True,4,5,test
19,Float8WeightOnlyConfig,float8,8,False,True,pytorch_relative_model_size,0.25,pytorch,model_size,True,4,5,test
20,Int8DynamicActivationInt8WeightConfig,int8,8,True,False,pytorch_relative_model_size,0.25,pytorch,model_size,True,4,5,test
21,Int8WeightOnlyConfig,int8,8,False,True,pytorch_relative_median_latency,2.545615302406927,pytorch,median_latency,True,4,5,test
22,Float8WeightOnlyConfig,float8,8,False,True,pytorch_relative_median_latency,2.884887224924642,pytorch,median_latency,True,4,5,test
23,Int8DynamicActivationInt8WeightConfig,int8,8,True,False,pytorch_relative_median_latency,49.192660382394024,pytorch,median_latency,True,4,5,test
24,Int8WeightOnlyConfig,int8,8,False,True,pytorch_relative_p95_latency,2.4042656512352067,pytorch,p95_latency,True,4,5,test
25,Float8WeightOnlyConfig,float8,8,False,True,pytorch_relative_p95_latency,2.6952690751530985,pytorch,p95_latency,True,4,5,test
26,Int8DynamicActivationInt8WeightConfig,int8,8,True,False,pytorch_relative_p95_latency,45.22190427076212,pytorch,p95_latency,True,4,5,test
27,Int8WeightOnlyConfig,int8,8,False,True,pytorch_relative_p99_latency,2.421505357994883,pytorch,p99_latency,True,4,5,test
28,Float8WeightOnlyConfig,float8,8,False,True,pytorch_relative_p99_latency,2.5437596811636274,pytorch,p99_latency,True,4,5,test
29,Int8DynamicActivationInt8WeightConfig,int8,8,True,False,pytorch_relative_p99_latency,40.41719698083142,pytorch,p99_latency,True,4,5,test
0,Int8WeightOnlyConfig,int8,8,False,True,pytorch_quantized_MAE,7.262918671535147,pytorch,MAE,False,4,6,train
1,Float8WeightOnlyConfig,float8,8,False,True,pytorch_quantized_MAE,7.2494591548184815,pytorch,MAE,False,4,6,train
2,Int8DynamicActivationInt8WeightConfig,int8,8,True,False,pytorch_quantized_MAE,7.258430296624473,pytorch,MAE,False,4,6,train
3,Int8WeightOnlyConfig,int8,8,False,True,pytorch_relative_MAE,1.0012326348528795,pytorch,MAE,True,4,6,train
4,Float8WeightOnlyConfig,float8,8,False,True,pytorch_relative_MAE,0.9993771676508456,pytorch,MAE,True,4,6,train
5,Int8DynamicActivationInt8WeightConfig,int8,8,True,False,pytorch_relative_MAE,1.0006138880871152,pytorch,MAE,True,4,6,train
6,Int8WeightOnlyConfig,int8,8,False,True,pytorch_quantized_model_size,206337.0,pytorch,model_size,False,4,6,train
7,Float8WeightOnlyConfig,float8,8,False,True,pytorch_quantized_model_size,206337.0,pytorch,model_size,False,4,6,train
8,Int8DynamicActivationInt8WeightConfig,int8,8,True,False,pytorch_quantized_model_size,206337.0,pytorch,model_size,False,4,6,train
9,Int8WeightOnlyConfig,int8,8,False,True,pytorch_quantized_median_latency,0.0007625595003446506,pytorch,median_latency,False,4,6,train
10,Float8WeightOnlyConfig,float8,8,False,True,pytorch_quantized_median_latency,0.000858099999732076,pytorch,median_latency,False,4,6,train
11,Int8DynamicActivationInt8WeightConfig,int8,8,True,False,pytorch_quantized_median_latency,0.014326116500342323,pytorch,median_latency,False,4,6,train
12,Int8WeightOnlyConfig,int8,8,False,True,pytorch_quantized_p95_latency,0.0008866535007200582,pytorch,p95_latency,False,4,6,train
13,Float8WeightOnlyConfig,float8,8,False,True,pytorch_quantized_p95_latency,0.001038311450474793,pytorch,p95_latency,False,4,6,train
14,Int8DynamicActivationInt8WeightConfig,int8,8,True,False,pytorch_quantized_p95_latency,0.01653289910041167,pytorch,p95_latency,False,4,6,train
15,Int8WeightOnlyConfig,int8,8,False,True,pytorch_quantized_p99_latency,0.0010840163701686832,pytorch,p99_latency,False,4,6,train
16,Float8WeightOnlyConfig,float8,8,False,True,pytorch_quantized_p99_latency,0.001359049469383535,pytorch,p99_latency,False,4,6,train
17,Int8DynamicActivationInt8WeightConfig,int8,8,True,False,pytorch_quantized_p99_latency,0.01721904395993988,pytorch,p99_latency,False,4,6,train
18,Int8WeightOnlyConfig,int8,8,False,True,pytorch_relative_model_size,0.25,pytorch,model_size,True,4,6,train
19,Float8WeightOnlyConfig,float8,8,False,True,pytorch_relative_model_size,0.25,pytorch,model_size,True,4,6,train
20,Int8DynamicActivationInt8WeightConfig,int8,8,True,False,pytorch_relative_model_size,0.25,pytorch,model_size,True,4,6,train
21,Int8WeightOnlyConfig,int8,8,False,True,pytorch_relative_median_latency,2.6778460238237876,pytorch,median_latency,True,4,6,train
22,Float8WeightOnlyConfig,float8,8,False,True,pytorch_relative_median_latency,3.013351313946229,pytorch,median_latency,True,4,6,train
23,Int8DynamicActivationInt8WeightConfig,int8,8,True,False,pytorch_relative_median_latency,50.30838130000247,pytorch,median_latency,True,4,6,train
24,Int8WeightOnlyConfig,int8,8,False,True,pytorch_relative_p95_latency,2.471445323245946,pytorch,p95_latency,True,4,6,train
25,Float8WeightOnlyConfig,float8,8,False,True,pytorch_relative_p95_latency,2.8941745295819254,pytorch,p95_latency,True,4,6,train
26,Int8DynamicActivationInt8WeightConfig,int8,8,True,False,pytorch_relative_p95_latency,46.08356717503137,pytorch,p95_latency,True,4,6,train
27,Int8WeightOnlyConfig,int8,8,False,True,pytorch_relative_p99_latency,2.572675493579257,pytorch,p99_latency,True,4,6,train
28,Float8WeightOnlyConfig,float8,8,False,True,pytorch_relative_p99_latency,3.225406332102569,pytorch,p99_latency,True,4,6,train
29,Int8DynamicActivationInt8WeightConfig,int8,8,True,False,pytorch_relative_p99_latency,40.86563048093814,pytorch,p99_latency,True,4,6,train
0,Int8WeightOnlyConfig,int8,8,False,True,pytorch_quantized_MAE,7.448656783727465,pytorch,MAE,False,4,6,test
1,Float8WeightOnlyConfig,float8,8,False,True,pytorch_quantized_MAE,7.431774103518151,pytorch,MAE,False,4,6,test
2,Int8DynamicActivationInt8WeightConfig,int8,8,True,False,pytorch_quantized_MAE,7.446312230595528,pytorch,MAE,False,4,6,test
3,Int8WeightOnlyConfig,int8,8,False,True,pytorch_relative_MAE,1.0013213368897915,pytorch,MAE,True,4,6,test
4,Float8WeightOnlyConfig,float8,8,False,True,pytorch_relative_MAE,0.9990518018033576,pytorch,MAE,True,4,6,test
5,Int8DynamicActivationInt8WeightConfig,int8,8,True,False,pytorch_relative_MAE,1.0010061591141677,pytorch,MAE,True,4,6,test
6,Int8WeightOnlyConfig,int8,8,False,True,pytorch_quantized_model_size,206337.0,pytorch,model_size,False,4,6,test
7,Float8WeightOnlyConfig,float8,8,False,True,pytorch_quantized_model_size,206337.0,pytorch,model_size,False,4,6,test
8,Int8DynamicActivationInt8WeightConfig,int8,8,True,False,pytorch_quantized_model_size,206337.0,pytorch,model_size,False,4,6,test
9,Int8WeightOnlyConfig,int8,8,False,True,pytorch_quantized_median_latency,0.0007027969995760941,pytorch,median_latency,False,4,6,test
10,Float8WeightOnlyConfig,float8,8,False,True,pytorch_quantized_median_latency,0.0007938154999465041,pytorch,median_latency,False,4,6,test
11,Int8DynamicActivationInt8WeightConfig,int8,8,True,False,pytorch_quantized_median_latency,0.01364180300015505,pytorch,median_latency,False,4,6,test
12,Int8WeightOnlyConfig,int8,8,False,True,pytorch_quantized_p95_latency,0.0007887710504746791,pytorch,p95_latency,False,4,6,test
13,Float8WeightOnlyConfig,float8,8,False,True,pytorch_quantized_p95_latency,0.0008654344492242672,pytorch,p95_latency,False,4,6,test
14,Int8DynamicActivationInt8WeightConfig,int8,8,True,False,pytorch_quantized_p95_latency,0.014737690799984193,pytorch,p95_latency,False,4,6,test
15,Int8WeightOnlyConfig,int8,8,False,True,pytorch_quantized_p99_latency,0.0009044702000210236,pytorch,p99_latency,False,4,6,test
16,Float8WeightOnlyConfig,float8,8,False,True,pytorch_quantized_p99_latency,0.0010969574002137959,pytorch,p99_latency,False,4,6,test
17,Int8DynamicActivationInt8WeightConfig,int8,8,True,False,pytorch_quantized_p99_latency,0.015355391360171779,pytorch,p99_latency,False,4,6,test
18,Int8WeightOnlyConfig,int8,8,False,True,pytorch_relative_model_size,0.25,pytorch,model_size,True,4,6,test
19,Float8WeightOnlyConfig,float8,8,False,True,pytorch_relative_model_size,0.25,pytorch,model_size,True,4,6,test
20,Int8DynamicActivationInt8WeightConfig,int8,8,True,False,pytorch_relative_model_size,0.25,pytorch,model_size,True,4,6,test
21,Int8WeightOnlyConfig,int8,8,False,True,pytorch_relative_median_latency,2.5609942297469717,pytorch,median_latency,True,4,6,test
22,Float8WeightOnlyConfig,float8,8,False,True,pytorch_relative_median_latency,2.8926658993605874,pytorch,median_latency,True,4,6,test
23,Int8DynamicActivationInt8WeightConfig,int8,8,True,False,pytorch_relative_median_latency,49.710768241490356,pytorch,median_latency,True,4,6,test
24,Int8WeightOnlyConfig,int8,8,False,True,pytorch_relative_p95_latency,2.4275103197346954,pytorch,p95_latency,True,4,6,test
25,Float8WeightOnlyConfig,float8,8,False,True,pytorch_relative_p95_latency,2.663448481383207,pytorch,p95_latency,True,4,6,test
26,Int8DynamicActivationInt8WeightConfig,int8,8,True,False,pytorch_relative_p95_latency,45.3565029858676,pytorch,p95_latency,True,4,6,test
27,Int8WeightOnlyConfig,int8,8,False,True,pytorch_relative_p99_latency,2.4390049389119617,pytorch,p99_latency,True,4,6,test
28,Float8WeightOnlyConfig,float8,8,False,True,pytorch_relative_p99_latency,2.958068178294082,pytorch,p99_latency,True,4,6,test
29,Int8DynamicActivationInt8WeightConfig,int8,8,True,False,pytorch_relative_p99_latency,41.40752825854793,pytorch,p99_latency,True,4,6,test
0,Int8WeightOnlyConfig,int8,8,False,True,pytorch_quantized_MAE,7.192577596849097,pytorch,MAE,False,4,7,train
1,Float8WeightOnlyConfig,float8,8,False,True,pytorch_quantized_MAE,7.181508328939731,pytorch,MAE,False,4,7,train
2,Int8DynamicActivationInt8WeightConfig,int8,8,True,False,pytorch_quantized_MAE,7.187705548294119,pytorch,MAE,False,4,7,train
3,Int8WeightOnlyConfig,int8,8,False,True,pytorch_relative_MAE,1.0012943993016639,pytorch,MAE,True,4,7,train
4,Float8WeightOnlyConfig,float8,8,False,True,pytorch_relative_MAE,0.9997534223969624,pytorch,MAE,True,4,7,train
5,Int8DynamicActivationInt8WeightConfig,int8,8,True,False,pytorch_relative_MAE,1.000616150806526,pytorch,MAE,True,4,7,train
6,Int8WeightOnlyConfig,int8,8,False,True,pytorch_quantized_model_size,206337.0,pytorch,model_size,False,4,7,train
7,Float8WeightOnlyConfig,float8,8,False,True,pytorch_quantized_model_size,206337.0,pytorch,model_size,False,4,7,train
8,Int8DynamicActivationInt8WeightConfig,int8,8,True,False,pytorch_quantized_model_size,206337.0,pytorch,model_size,False,4,7,train
9,Int8WeightOnlyConfig,int8,8,False,True,pytorch_quantized_median_latency,0.0007084040003064729,pytorch,median_latency,False,4,7,train
10,Float8WeightOnlyConfig,float8,8,False,True,pytorch_quantized_median_latency,0.000792561999787722,pytorch,median_latency,False,4,7,train
11,Int8DynamicActivationInt8WeightConfig,int8,8,True,False,pytorch_quantized_median_latency,0.014357382499838423,pytorch,median_latency,False,4,7,train
12,Int8WeightOnlyConfig,int8,8,False,True,pytorch_quantized_p95_latency,0.0007851366500290167,pytorch,p95_latency,False,4,7,train
13,Float8WeightOnlyConfig,float8,8,False,True,pytorch_quantized_p95_latency,0.0008830458002194062,pytorch,p95_latency,False,4,7,train
14,Int8DynamicActivationInt8WeightConfig,int8,8,True,False,pytorch_quantized_p95_latency,0.01563015584988534,pytorch,p95_latency,False,4,7,train
15,Int8WeightOnlyConfig,int8,8,False,True,pytorch_quantized_p99_latency,0.0009363010697143179,pytorch,p99_latency,False,4,7,train
16,Float8WeightOnlyConfig,float8,8,False,True,pytorch_quantized_p99_latency,0.0009742675406960186,pytorch,p99_latency,False,4,7,train
17,Int8DynamicActivationInt8WeightConfig,int8,8,True,False,pytorch_quantized_p99_latency,0.016650032779762115,pytorch,p99_latency,False,4,7,train
18,Int8WeightOnlyConfig,int8,8,False,True,pytorch_relative_model_size,0.25,pytorch,model_size,True,4,7,train
19,Float8WeightOnlyConfig,float8,8,False,True,pytorch_relative_model_size,0.25,pytorch,model_size,True,4,7,train
20,Int8DynamicActivationInt8WeightConfig,int8,8,True,False,pytorch_relative_model_size,0.25,pytorch,model_size,True,4,7,train
21,Int8WeightOnlyConfig,int8,8,False,True,pytorch_relative_median_latency,2.5348032554267954,pytorch,median_latency,True,4,7,train
22,Float8WeightOnlyConfig,float8,8,False,True,pytorch_relative_median_latency,2.8359364660848208,pytorch,median_latency,True,4,7,train
23,Int8DynamicActivationInt8WeightConfig,int8,8,True,False,pytorch_relative_median_latency,51.373425170176304,pytorch,median_latency,True,4,7,train
24,Int8WeightOnlyConfig,int8,8,False,True,pytorch_relative_p95_latency,2.3776658541654765,pytorch,p95_latency,True,4,7,train
25,Float8WeightOnlyConfig,float8,8,False,True,pytorch_relative_p95_latency,2.6741686899577486,pytorch,p95_latency,True,4,7,train
26,Int8DynamicActivationInt8WeightConfig,int8,8,True,False,pytorch_relative_p95_latency,47.333528320431455,pytorch,p95_latency,True,4,7,train
27,Int8WeightOnlyConfig,int8,8,False,True,pytorch_relative_p99_latency,2.4099913022668358,pytorch,p99_latency,True,4,7,train
28,Float8WeightOnlyConfig,float8,8,False,True,pytorch_relative_p99_latency,2.5077150663458223,pytorch,p99_latency,True,4,7,train
29,Int8DynamicActivationInt8WeightConfig,int8,8,True,False,pytorch_relative_p99_latency,42.85633700485645,pytorch,p99_latency,True,4,7,train
0,Int8WeightOnlyConfig,int8,8,False,True,pytorch_quantized_MAE,7.319138578054261,pytorch,MAE,False,4,7,test
1,Float8WeightOnlyConfig,float8,8,False,True,pytorch_quantized_MAE,7.302180321622545,pytorch,MAE,False,4,7,test
2,Int8DynamicActivationInt8WeightConfig,int8,8,True,False,pytorch_quantized_MAE,7.32215254775556,pytorch,MAE,False,4,7,test
3,Int8WeightOnlyConfig,int8,8,False,True,pytorch_relative_MAE,1.0014940325875406,pytorch,MAE,True,4,7,test
4,Float8WeightOnlyConfig,float8,8,False,True,pytorch_relative_MAE,0.9991735965911003,pytorch,MAE,True,4,7,test
5,Int8DynamicActivationInt8WeightConfig,int8,8,True,False,pytorch_relative_MAE,1.0019064407743867,pytorch,MAE,True,4,7,test
6,Int8WeightOnlyConfig,int8,8,False,True,pytorch_quantized_model_size,206337.0,pytorch,model_size,False,4,7,test
7,Float8WeightOnlyConfig,float8,8,False,True,pytorch_quantized_model_size,206337.0,pytorch,model_size,False,4,7,test
8,Int8DynamicActivationInt8WeightConfig,int8,8,True,False,pytorch_quantized_model_size,206337.0,pytorch,model_size,False,4,7,test
9,Int8WeightOnlyConfig,int8,8,False,True,pytorch_quantized_median_latency,0.0006796640000175103,pytorch,median_latency,False,4,7,test
10,Float8WeightOnlyConfig,float8,8,False,True,pytorch_quantized_median_latency,0.0007571269998152275,pytorch,median_latency,False,4,7,test
11,Int8DynamicActivationInt8WeightConfig,int8,8,True,False,pytorch_quantized_median_latency,0.013406252999629942,pytorch,median_latency,False,4,7,test
12,Int8WeightOnlyConfig,int8,8,False,True,pytorch_quantized_p95_latency,0.0007644468494618195,pytorch,p95_latency,False,4,7,test
13,Float8WeightOnlyConfig,float8,8,False,True,pytorch_quantized_p95_latency,0.0008617400496859773,pytorch,p95_latency,False,4,7,test
14,Int8DynamicActivationInt8WeightConfig,int8,8,True,False,pytorch_quantized_p95_latency,0.014752229299710961,pytorch,p95_latency,False,4,7,test
15,Int8WeightOnlyConfig,int8,8,False,True,pytorch_quantized_p99_latency,0.0009189186101502853,pytorch,p99_latency,False,4,7,test
16,Float8WeightOnlyConfig,float8,8,False,True,pytorch_quantized_p99_latency,0.000994243259719951,pytorch,p99_latency,False,4,7,test
17,Int8DynamicActivationInt8WeightConfig,int8,8,True,False,pytorch_quantized_p99_latency,0.015466090049876584,pytorch,p99_latency,False,4,7,test
18,Int8WeightOnlyConfig,int8,8,False,True,pytorch_relative_model_size,0.25,pytorch,model_size,True,4,7,test
19,Float8WeightOnlyConfig,float8,8,False,True,pytorch_relative_model_size,0.25,pytorch,model_size,True,4,7,test
20,Int8DynamicActivationInt8WeightConfig,int8,8,True,False,pytorch_relative_model_size,0.25,pytorch,model_size,True,4,7,test
21,Int8WeightOnlyConfig,int8,8,False,True,pytorch_relative_median_latency,2.494701639132494,pytorch,median_latency,True,4,7,test
22,Float8WeightOnlyConfig,float8,8,False,True,pytorch_relative_median_latency,2.7790290017153385,pytorch,median_latency,True,4,7,test
23,Int8DynamicActivationInt8WeightConfig,int8,8,True,False,pytorch_relative_median_latency,49.20755157245359,pytorch,median_latency,True,4,7,test
24,Int8WeightOnlyConfig,int8,8,False,True,pytorch_relative_p95_latency,2.345434406023,pytorch,p95_latency,True,4,7,test
25,Float8WeightOnlyConfig,float8,8,False,True,pytorch_relative_p95_latency,2.643944131635025,pytorch,p95_latency,True,4,7,test
26,Int8DynamicActivationInt8WeightConfig,int8,8,True,False,pytorch_relative_p95_latency,45.26199066611603,pytorch,p95_latency,True,4,7,test
27,Int8WeightOnlyConfig,int8,8,False,True,pytorch_relative_p99_latency,2.3231038240150537,pytorch,p99_latency,True,4,7,test
28,Float8WeightOnlyConfig,float8,8,False,True,pytorch_relative_p99_latency,2.5135308972345913,pytorch,p99_latency,True,4,7,test
29,Int8DynamicActivationInt8WeightConfig,int8,8,True,False,pytorch_relative_p99_latency,39.0995813345791,pytorch,p99_latency,True,4,7,test
0,Int8WeightOnlyConfig,int8,8,False,True,pytorch_quantized_MAE,7.307223808365268,pytorch,MAE,False,4,8,train
1,Float8WeightOnlyConfig,float8,8,False,True,pytorch_quantized_MAE,7.296723827568146,pytorch,MAE,False,4,8,train
2,Int8DynamicActivationInt8WeightConfig,int8,8,True,False,pytorch_quantized_MAE,7.3014773363845915,pytorch,MAE,False,4,8,train
3,Int8WeightOnlyConfig,int8,8,False,True,pytorch_relative_MAE,1.001205091377413,pytorch,MAE,True,4,8,train
4,Float8WeightOnlyConfig,float8,8,False,True,pytorch_relative_MAE,0.9997664281437225,pytorch,MAE,True,4,8,train
5,Int8DynamicActivationInt8WeightConfig,int8,8,True,False,pytorch_relative_MAE,1.000417733941074,pytorch,MAE,True,4,8,train
6,Int8WeightOnlyConfig,int8,8,False,True,pytorch_quantized_model_size,206337.0,pytorch,model_size,False,4,8,train
7,Float8WeightOnlyConfig,float8,8,False,True,pytorch_quantized_model_size,206337.0,pytorch,model_size,False,4,8,train
8,Int8DynamicActivationInt8WeightConfig,int8,8,True,False,pytorch_quantized_model_size,206337.0,pytorch,model_size,False,4,8,train
9,Int8WeightOnlyConfig,int8,8,False,True,pytorch_quantized_median_latency,0.0007038909998300369,pytorch,median_latency,False,4,8,train
10,Float8WeightOnlyConfig,float8,8,False,True,pytorch_quantized_median_latency,0.0008086474999799975,pytorch,median_latency,False,4,8,train
11,Int8DynamicActivationInt8WeightConfig,int8,8,True,False,pytorch_quantized_median_latency,0.014563937000275473,pytorch,median_latency,False,4,8,train
12,Int8WeightOnlyConfig,int8,8,False,True,pytorch_quantized_p95_latency,0.0008003128498330625,pytorch,p95_latency,False,4,8,train
13,Float8WeightOnlyConfig,float8,8,False,True,pytorch_quantized_p95_latency,0.0009291208998092769,pytorch,p95_latency,False,4,8,train
14,Int8DynamicActivationInt8WeightConfig,int8,8,True,False,pytorch_quantized_p95_latency,0.017226968550085073,pytorch,p95_latency,False,4,8,train
15,Int8WeightOnlyConfig,int8,8,False,True,pytorch_quantized_p99_latency,0.0009352732495881348,pytorch,p99_latency,False,4,8,train
16,Float8WeightOnlyConfig,float8,8,False,True,pytorch_quantized_p99_latency,0.0010803566599588519,pytorch,p99_latency,False,4,8,train
17,Int8DynamicActivationInt8WeightConfig,int8,8,True,False,pytorch_quantized_p99_latency,0.018411801719694268,pytorch,p99_latency,False,4,8,train
18,Int8WeightOnlyConfig,int8,8,False,True,pytorch_relative_model_size,0.25,pytorch,model_size,True,4,8,train
19,Float8WeightOnlyConfig,float8,8,False,True,pytorch_relative_model_size,0.25,pytorch,model_size,True,4,8,train
20,Int8DynamicActivationInt8WeightConfig,int8,8,True,False,pytorch_relative_model_size,0.25,pytorch,model_size,True,4,8,train
21,Int8WeightOnlyConfig,int8,8,False,True,pytorch_relative_median_latency,2.5179116004567668,pytorch,median_latency,True,4,8,train
22,Float8WeightOnlyConfig,float8,8,False,True,pytorch_relative_median_latency,2.8926395157370113,pytorch,median_latency,True,4,8,train
23,Int8DynamicActivationInt8WeightConfig,int8,8,True,False,pytorch_relative_median_latency,52.097137099593155,pytorch,median_latency,True,4,8,train
24,Int8WeightOnlyConfig,int8,8,False,True,pytorch_relative_p95_latency,2.263819246526374,pytorch,p95_latency,True,4,8,train
25,Float8WeightOnlyConfig,float8,8,False,True,pytorch_relative_p95_latency,2.6281744392544546,pytorch,p95_latency,True,4,8,train
26,Int8DynamicActivationInt8WeightConfig,int8,8,True,False,pytorch_relative_p95_latency,48.72937248367546,pytorch,p95_latency,True,4,8,train
27,Int8WeightOnlyConfig,int8,8,False,True,pytorch_relative_p99_latency,2.2527635132117796,pytorch,p99_latency,True,4,8,train
28,Float8WeightOnlyConfig,float8,8,False,True,pytorch_relative_p99_latency,2.602221399876893,pytorch,p99_latency,True,4,8,train
29,Int8DynamicActivationInt8WeightConfig,int8,8,True,False,pytorch_relative_p99_latency,44.34793269761806,pytorch,p99_latency,True,4,8,train
0,Int8WeightOnlyConfig,int8,8,False,True,pytorch_quantized_MAE,7.201567458747584,pytorch,MAE,False,4,8,test
1,Float8WeightOnlyConfig,float8,8,False,True,pytorch_quantized_MAE,7.195313411508096,pytorch,MAE,False,4,8,test
2,Int8DynamicActivationInt8WeightConfig,int8,8,True,False,pytorch_quantized_MAE,7.195336952819537,pytorch,MAE,False,4,8,test
3,Int8WeightOnlyConfig,int8,8,False,True,pytorch_relative_MAE,1.0009023568330477,pytorch,MAE,True,4,8,test
4,Float8WeightOnlyConfig,float8,8,False,True,pytorch_relative_MAE,1.0000331445875739,pytorch,MAE,True,4,8,test
5,Int8DynamicActivationInt8WeightConfig,int8,8,True,False,pytorch_relative_MAE,1.0000364164522395,pytorch,MAE,True,4,8,test
6,Int8WeightOnlyConfig,int8,8,False,True,pytorch_quantized_model_size,206337.0,pytorch,model_size,False,4,8,test
7,Float8WeightOnlyConfig,float8,8,False,True,pytorch_quantized_model_size,206337.0,pytorch,model_size,False,4,8,test
8,Int8DynamicActivationInt8WeightConfig,int8,8,True,False,pytorch_quantized_model_size,206337.0,pytorch,model_size,False,4,8,test
9,Int8WeightOnlyConfig,int8,8,False,True,pytorch_quantized_median_latency,0.0006966884998291789,pytorch,median_latency,False,4,8,test
10,Float8WeightOnlyConfig,float8,8,False,True,pytorch_quantized_median_latency,0.0007906529999672784,pytorch,median_latency,False,4,8,test
11,Int8DynamicActivationInt8WeightConfig,int8,8,True,False,pytorch_quantized_median_latency,0.012541996499749075,pytorch,median_latency,False,4,8,test
12,Int8WeightOnlyConfig,int8,8,False,True,pytorch_quantized_p95_latency,0.0008038792997922426,pytorch,p95_latency,False,4,8,test
13,Float8WeightOnlyConfig,float8,8,False,True,pytorch_quantized_p95_latency,0.0008986310994259838,pytorch,p95_latency,False,4,8,test
14,Int8DynamicActivationInt8WeightConfig,int8,8,True,False,pytorch_quantized_p95_latency,0.013574957149921829,pytorch,p95_latency,False,4,8,test
15,Int8WeightOnlyConfig,int8,8,False,True,pytorch_quantized_p99_latency,0.0009415578703828942,pytorch,p99_latency,False,4,8,test
16,Float8WeightOnlyConfig,float8,8,False,True,pytorch_quantized_p99_latency,0.0010591805400144948,pytorch,p99_latency,False,4,8,test
17,Int8DynamicActivationInt8WeightConfig,int8,8,True,False,pytorch_quantized_p99_latency,0.014284861200412703,pytorch,p99_latency,False,4,8,test
18,Int8WeightOnlyConfig,int8,8,False,True,pytorch_relative_model_size,0.25,pytorch,model_size,True,4,8,test
19,Float8WeightOnlyConfig,float8,8,False,True,pytorch_relative_model_size,0.25,pytorch,model_size,True,4,8,test
20,Int8DynamicActivationInt8WeightConfig,int8,8,True,False,pytorch_relative_model_size,0.25,pytorch,model_size,True,4,8,test
21,Int8WeightOnlyConfig,int8,8,False,True,pytorch_relative_median_latency,2.5118020919253623,pytorch,median_latency,True,4,8,test
22,Float8WeightOnlyConfig,float8,8,False,True,pytorch_relative_median_latency,2.8505764912034746,pytorch,median_latency,True,4,8,test
23,Int8DynamicActivationInt8WeightConfig,int8,8,True,False,pytorch_relative_median_latency,45.218218834837266,pytorch,median_latency,True,4,8,test
24,Int8WeightOnlyConfig,int8,8,False,True,pytorch_relative_p95_latency,2.46990214594102,pytorch,p95_latency,True,4,8,test
25,Float8WeightOnlyConfig,float8,8,False,True,pytorch_relative_p95_latency,2.7610250462416417,pytorch,p95_latency,True,4,8,test
26,Int8DynamicActivationInt8WeightConfig,int8,8,True,False,pytorch_relative_p95_latency,41.70876872226293,pytorch,p95_latency,True,4,8,test
27,Int8WeightOnlyConfig,int8,8,False,True,pytorch_relative_p99_latency,2.193090179425316,pytorch,p99_latency,True,4,8,test
28,Float8WeightOnlyConfig,float8,8,False,True,pytorch_relative_p99_latency,2.4670585989574585,pytorch,p99_latency,True,4,8,test
29,Int8DynamicActivationInt8WeightConfig,int8,8,True,False,pytorch_relative_p99_latency,33.27250485446952,pytorch,p99_latency,True,4,8,test
0,Int8WeightOnlyConfig,int8,8,False,True,pytorch_quantized_MAE,7.321889450237392,pytorch,MAE,False,4,9,train
1,Float8WeightOnlyConfig,float8,8,False,True,pytorch_quantized_MAE,7.310717085262615,pytorch,MAE,False,4,9,train
2,Int8DynamicActivationInt8WeightConfig,int8,8,True,False,pytorch_quantized_MAE,7.3157601800799394,pytorch,MAE,False,4,9,train
3,Int8WeightOnlyConfig,int8,8,False,True,pytorch_relative_MAE,1.0012062237295976,pytorch,MAE,True,4,9,train
4,Float8WeightOnlyConfig,float8,8,False,True,pytorch_relative_MAE,0.9996784976661889,pytorch,MAE,True,4,9,train
5,Int8DynamicActivationInt8WeightConfig,int8,8,True,False,pytorch_relative_MAE,1.0003680980695109,pytorch,MAE,True,4,9,train
6,Int8WeightOnlyConfig,int8,8,False,True,pytorch_quantized_model_size,206337.0,pytorch,model_size,False,4,9,train
7,Float8WeightOnlyConfig,float8,8,False,True,pytorch_quantized_model_size,206337.0,pytorch,model_size,False,4,9,train
8,Int8DynamicActivationInt8WeightConfig,int8,8,True,False,pytorch_quantized_model_size,206337.0,pytorch,model_size,False,4,9,train
9,Int8WeightOnlyConfig,int8,8,False,True,pytorch_quantized_median_latency,0.0007205785000223841,pytorch,median_latency,False,4,9,train
10,Float8WeightOnlyConfig,float8,8,False,True,pytorch_quantized_median_latency,0.0008176444998753141,pytorch,median_latency,False,4,9,train
11,Int8DynamicActivationInt8WeightConfig,int8,8,True,False,pytorch_quantized_median_latency,0.013684105499578436,pytorch,median_latency,False,4,9,train
12,Int8WeightOnlyConfig,int8,8,False,True,pytorch_quantized_p95_latency,0.0008089791997917926,pytorch,p95_latency,False,4,9,train
13,Float8WeightOnlyConfig,float8,8,False,True,pytorch_quantized_p95_latency,0.0009216664996529289,pytorch,p95_latency,False,4,9,train
14,Int8DynamicActivationInt8WeightConfig,int8,8,True,False,pytorch_quantized_p95_latency,0.015520701149716841,pytorch,p95_latency,False,4,9,train
15,Int8WeightOnlyConfig,int8,8,False,True,pytorch_quantized_p99_latency,0.0009375876995909493,pytorch,p99_latency,False,4,9,train
16,Float8WeightOnlyConfig,float8,8,False,True,pytorch_quantized_p99_latency,0.001123207440086844,pytorch,p99_latency,False,4,9,train
17,Int8DynamicActivationInt8WeightConfig,int8,8,True,False,pytorch_quantized_p99_latency,0.016362210420311385,pytorch,p99_latency,False,4,9,train
18,Int8WeightOnlyConfig,int8,8,False,True,pytorch_relative_model_size,0.25,pytorch,model_size,True,4,9,train
19,Float8WeightOnlyConfig,float8,8,False,True,pytorch_relative_model_size,0.25,pytorch,model_size,True,4,9,train
20,Int8DynamicActivationInt8WeightConfig,int8,8,True,False,pytorch_relative_model_size,0.25,pytorch,model_size,True,4,9,train
21,Int8WeightOnlyConfig,int8,8,False,True,pytorch_relative_median_latency,2.5364533676703447,pytorch,median_latency,True,4,9,train
22,Float8WeightOnlyConfig,float8,8,False,True,pytorch_relative_median_latency,2.878127983559669,pytorch,median_latency,True,4,9,train
23,Int8DynamicActivationInt8WeightConfig,int8,8,True,False,pytorch_relative_median_latency,48.1683750998452,pytorch,median_latency,True,4,9,train
24,Int8WeightOnlyConfig,int8,8,False,True,pytorch_relative_p95_latency,2.3096339439987164,pytorch,p95_latency,True,4,9,train
25,Float8WeightOnlyConfig,float8,8,False,True,pytorch_relative_p95_latency,2.6313559522825227,pytorch,p95_latency,True,4,9,train
26,Int8DynamicActivationInt8WeightConfig,int8,8,True,False,pytorch_relative_p95_latency,44.311569715601976,pytorch,p95_latency,True,4,9,train
27,Int8WeightOnlyConfig,int8,8,False,True,pytorch_relative_p99_latency,2.231105858837205,pytorch,p99_latency,True,4,9,train
28,Float8WeightOnlyConfig,float8,8,False,True,pytorch_relative_p99_latency,2.672810982226635,pytorch,p99_latency,True,4,9,train
29,Int8DynamicActivationInt8WeightConfig,int8,8,True,False,pytorch_relative_p99_latency,38.93590279417131,pytorch,p99_latency,True,4,9,train
0,Int8WeightOnlyConfig,int8,8,False,True,pytorch_quantized_MAE,7.0859860718979215,pytorch,MAE,False,4,9,test
1,Float8WeightOnlyConfig,float8,8,False,True,pytorch_quantized_MAE,7.079120445789757,pytorch,MAE,False,4,9,test
2,Int8DynamicActivationInt8WeightConfig,int8,8,True,False,pytorch_quantized_MAE,7.081169218133333,pytorch,MAE,False,4,9,test
3,Int8WeightOnlyConfig,int8,8,False,True,pytorch_relative_MAE,1.001346707139559,pytorch,MAE,True,4,9,test
4,Float8WeightOnlyConfig,float8,8,False,True,pytorch_relative_MAE,1.0003765003079188,pytorch,MAE,True,4,9,test
5,Int8DynamicActivationInt8WeightConfig,int8,8,True,False,pytorch_relative_MAE,1.0006660198496033,pytorch,MAE,True,4,9,test
6,Int8WeightOnlyConfig,int8,8,False,True,pytorch_quantized_model_size,206337.0,pytorch,model_size,False,4,9,test
7,Float8WeightOnlyConfig,float8,8,False,True,pytorch_quantized_model_size,206337.0,pytorch,model_size,False,4,9,test
8,Int8DynamicActivationInt8WeightConfig,int8,8,True,False,pytorch_quantized_model_size,206337.0,pytorch,model_size,False,4,9,test
9,Int8WeightOnlyConfig,int8,8,False,True,pytorch_quantized_median_latency,0.0007056924996504677,pytorch,median_latency,False,4,9,test
10,Float8WeightOnlyConfig,float8,8,False,True,pytorch_quantized_median_latency,0.0007913190002000192,pytorch,median_latency,False,4,9,test
11,Int8DynamicActivationInt8WeightConfig,int8,8,True,False,pytorch_quantized_median_latency,0.013870005499938998,pytorch,median_latency,False,4,9,test
12,Int8WeightOnlyConfig,int8,8,False,True,pytorch_quantized_p95_latency,0.0007908843998393419,pytorch,p95_latency,False,4,9,test
13,Float8WeightOnlyConfig,float8,8,False,True,pytorch_quantized_p95_latency,0.0009005067997804868,pytorch,p95_latency,False,4,9,test
14,Int8DynamicActivationInt8WeightConfig,int8,8,True,False,pytorch_quantized_p95_latency,0.015227978900156812,pytorch,p95_latency,False,4,9,test
15,Int8WeightOnlyConfig,int8,8,False,True,pytorch_quantized_p99_latency,0.0010030397400805665,pytorch,p99_latency,False,4,9,test
16,Float8WeightOnlyConfig,float8,8,False,True,pytorch_quantized_p99_latency,0.001079839490666927,pytorch,p99_latency,False,4,9,test
17,Int8DynamicActivationInt8WeightConfig,int8,8,True,False,pytorch_quantized_p99_latency,0.016071866609117934,pytorch,p99_latency,False,4,9,test
18,Int8WeightOnlyConfig,int8,8,False,True,pytorch_relative_model_size,0.25,pytorch,model_size,True,4,9,test
19,Float8WeightOnlyConfig,float8,8,False,True,pytorch_relative_model_size,0.25,pytorch,model_size,True,4,9,test
20,Int8DynamicActivationInt8WeightConfig,int8,8,True,False,pytorch_relative_model_size,0.25,pytorch,model_size,True,4,9,test
21,Int8WeightOnlyConfig,int8,8,False,True,pytorch_relative_median_latency,2.5300892734657174,pytorch,median_latency,True,4,9,test
22,Float8WeightOnlyConfig,float8,8,False,True,pytorch_relative_median_latency,2.8370823202561124,pytorch,median_latency,True,4,9,test
23,Int8DynamicActivationInt8WeightConfig,int8,8,True,False,pytorch_relative_median_latency,49.72754019022102,pytorch,median_latency,True,4,9,test
24,Int8WeightOnlyConfig,int8,8,False,True,pytorch_relative_p95_latency,2.386980692987268,pytorch,p95_latency,True,4,9,test
25,Float8WeightOnlyConfig,float8,8,False,True,pytorch_relative_p95_latency,2.717833788877888,pytorch,p95_latency,True,4,9,test
26,Int8DynamicActivationInt8WeightConfig,int8,8,True,False,pytorch_relative_p95_latency,45.95980352536428,pytorch,p95_latency,True,4,9,test
27,Int8WeightOnlyConfig,int8,8,False,True,pytorch_relative_p99_latency,2.2570630898485264,pytorch,p99_latency,True,4,9,test
28,Float8WeightOnlyConfig,float8,8,False,True,pytorch_relative_p99_latency,2.429879654767603,pytorch,p99_latency,True,4,9,test
29,Int8DynamicActivationInt8WeightConfig,int8,8,True,False,pytorch_relative_p99_latency,36.165283845578614,pytorch,p99_latency,True,4,9,test
0,Int8WeightOnlyConfig,int8,8,False,True,pytorch_quantized_MAE,7.245967786727384,pytorch,MAE,False,4,10,train
1,Float8WeightOnlyConfig,float8,8,False,True,pytorch_quantized_MAE,7.236054724384451,pytorch,MAE,False,4,10,train
2,Int8DynamicActivationInt8WeightConfig,int8,8,True,False,pytorch_quantized_MAE,7.242100039358724,pytorch,MAE,False,4,10,train
3,Int8WeightOnlyConfig,int8,8,False,True,pytorch_relative_MAE,1.0012083992682381,pytorch,MAE,True,4,10,train
4,Float8WeightOnlyConfig,float8,8,False,True,pytorch_relative_MAE,0.9998386662563976,pytorch,MAE,True,4,10,train
5,Int8DynamicActivationInt8WeightConfig,int8,8,True,False,pytorch_relative_MAE,1.0006739749834872,pytorch,MAE,True,4,10,train
6,Int8WeightOnlyConfig,int8,8,False,True,pytorch_quantized_model_size,206337.0,pytorch,model_size,False,4,10,train
7,Float8WeightOnlyConfig,float8,8,False,True,pytorch_quantized_model_size,206337.0,pytorch,model_size,False,4,10,train
8,Int8DynamicActivationInt8WeightConfig,int8,8,True,False,pytorch_quantized_model_size,206337.0,pytorch,model_size,False,4,10,train
9,Int8WeightOnlyConfig,int8,8,False,True,pytorch_quantized_median_latency,0.0007133310009521665,pytorch,median_latency,False,4,10,train
10,Float8WeightOnlyConfig,float8,8,False,True,pytorch_quantized_median_latency,0.0007974160007506725,pytorch,median_latency,False,4,10,train
11,Int8DynamicActivationInt8WeightConfig,int8,8,True,False,pytorch_quantized_median_latency,0.013727099000789167,pytorch,median_latency,False,4,10,train
12,Int8WeightOnlyConfig,int8,8,False,True,pytorch_quantized_p95_latency,0.0008032316509343218,pytorch,p95_latency,False,4,10,train
13,Float8WeightOnlyConfig,float8,8,False,True,pytorch_quantized_p95_latency,0.0009014685993861349,pytorch,p95_latency,False,4,10,train
14,Int8DynamicActivationInt8WeightConfig,int8,8,True,False,pytorch_quantized_p95_latency,0.015103607851051491,pytorch,p95_latency,False,4,10,train
15,Int8WeightOnlyConfig,int8,8,False,True,pytorch_quantized_p99_latency,0.0009482829808439416,pytorch,p99_latency,False,4,10,train
16,Float8WeightOnlyConfig,float8,8,False,True,pytorch_quantized_p99_latency,0.0011066485305673266,pytorch,p99_latency,False,4,10,train
17,Int8DynamicActivationInt8WeightConfig,int8,8,True,False,pytorch_quantized_p99_latency,0.016045421781436742,pytorch,p99_latency,False,4,10,train
18,Int8WeightOnlyConfig,int8,8,False,True,pytorch_relative_model_size,0.25,pytorch,model_size,True,4,10,train
19,Float8WeightOnlyConfig,float8,8,False,True,pytorch_relative_model_size,0.25,pytorch,model_size,True,4,10,train
20,Int8DynamicActivationInt8WeightConfig,int8,8,True,False,pytorch_relative_model_size,0.25,pytorch,model_size,True,4,10,train
21,Int8WeightOnlyConfig,int8,8,False,True,pytorch_relative_median_latency,2.4971329553389388,pytorch,median_latency,True,4,10,train
22,Float8WeightOnlyConfig,float8,8,False,True,pytorch_relative_median_latency,2.791486381400955,pytorch,median_latency,True,4,10,train
23,Int8DynamicActivationInt8WeightConfig,int8,8,True,False,pytorch_relative_median_latency,48.05397669569311,pytorch,median_latency,True,4,10,train
24,Int8WeightOnlyConfig,int8,8,False,True,pytorch_relative_p95_latency,2.4165304640298477,pytorch,p95_latency,True,4,10,train
25,Float8WeightOnlyConfig,float8,8,False,True,pytorch_relative_p95_latency,2.712077307024643,pytorch,p95_latency,True,4,10,train
26,Int8DynamicActivationInt8WeightConfig,int8,8,True,False,pytorch_relative_p95_latency,45.439355441697714,pytorch,p95_latency,True,4,10,train
27,Int8WeightOnlyConfig,int8,8,False,True,pytorch_relative_p99_latency,2.059532522425603,pytorch,p99_latency,True,4,10,train
28,Float8WeightOnlyConfig,float8,8,False,True,pytorch_relative_p99_latency,2.4034794313924284,pytorch,p99_latency,True,4,10,train
29,Int8DynamicActivationInt8WeightConfig,int8,8,True,False,pytorch_relative_p99_latency,34.84831918579324,pytorch,p99_latency,True,4,10,train
0,Int8WeightOnlyConfig,int8,8,False,True,pytorch_quantized_MAE,7.234323377779712,pytorch,MAE,False,4,10,test
1,Float8WeightOnlyConfig,float8,8,False,True,pytorch_quantized_MAE,7.2254486083984375,pytorch,MAE,False,4,10,test
2,Int8DynamicActivationInt8WeightConfig,int8,8,True,False,pytorch_quantized_MAE,7.221220316128807,pytorch,MAE,False,4,10,test
3,Int8WeightOnlyConfig,int8,8,False,True,pytorch_relative_MAE,1.001136119320866,pytorch,MAE,True,4,10,test
4,Float8WeightOnlyConfig,float8,8,False,True,pytorch_relative_MAE,0.9999079668435347,pytorch,MAE,True,4,10,test
5,Int8DynamicActivationInt8WeightConfig,int8,8,True,False,pytorch_relative_MAE,0.9993228262722444,pytorch,MAE,True,4,10,test
6,Int8WeightOnlyConfig,int8,8,False,True,pytorch_quantized_model_size,206337.0,pytorch,model_size,False,4,10,test
7,Float8WeightOnlyConfig,float8,8,False,True,pytorch_quantized_model_size,206337.0,pytorch,model_size,False,4,10,test
8,Int8DynamicActivationInt8WeightConfig,int8,8,True,False,pytorch_quantized_model_size,206337.0,pytorch,model_size,False,4,10,test
9,Int8WeightOnlyConfig,int8,8,False,True,pytorch_quantized_median_latency,0.0006995139992795885,pytorch,median_latency,False,4,10,test
10,Float8WeightOnlyConfig,float8,8,False,True,pytorch_quantized_median_latency,0.0007890774995757965,pytorch,median_latency,False,4,10,test
11,Int8DynamicActivationInt8WeightConfig,int8,8,True,False,pytorch_quantized_median_latency,0.013037690499913879,pytorch,median_latency,False,4,10,test
12,Int8WeightOnlyConfig,int8,8,False,True,pytorch_quantized_p95_latency,0.0007812324990482011,pytorch,p95_latency,False,4,10,test
13,Float8WeightOnlyConfig,float8,8,False,True,pytorch_quantized_p95_latency,0.0008833725007207248,pytorch,p95_latency,False,4,10,test
14,Int8DynamicActivationInt8WeightConfig,int8,8,True,False,pytorch_quantized_p95_latency,0.014316043649432685,pytorch,p95_latency,False,4,10,test
15,Int8WeightOnlyConfig,int8,8,False,True,pytorch_quantized_p99_latency,0.0008700680712172466,pytorch,p99_latency,False,4,10,test
16,Float8WeightOnlyConfig,float8,8,False,True,pytorch_quantized_p99_latency,0.0010507314199458037,pytorch,p99_latency,False,4,10,test
17,Int8DynamicActivationInt8WeightConfig,int8,8,True,False,pytorch_quantized_p99_latency,0.0149734278307551,pytorch,p99_latency,False,4,10,test
18,Int8WeightOnlyConfig,int8,8,False,True,pytorch_relative_model_size,0.25,pytorch,model_size,True,4,10,test
19,Float8WeightOnlyConfig,float8,8,False,True,pytorch_relative_model_size,0.25,pytorch,model_size,True,4,10,test
20,Int8DynamicActivationInt8WeightConfig,int8,8,True,False,pytorch_relative_model_size,0.25,pytorch,model_size,True,4,10,test
21,Int8WeightOnlyConfig,int8,8,False,True,pytorch_relative_median_latency,2.542758012318047,pytorch,median_latency,True,4,10,test
22,Float8WeightOnlyConfig,float8,8,False,True,pytorch_relative_median_latency,2.868324488791677,pytorch,median_latency,True,4,10,test
23,Int8DynamicActivationInt8WeightConfig,int8,8,True,False,pytorch_relative_median_latency,47.39246393198846,pytorch,median_latency,True,4,10,test
24,Int8WeightOnlyConfig,int8,8,False,True,pytorch_relative_p95_latency,2.3740797764321173,pytorch,p95_latency,True,4,10,test
25,Float8WeightOnlyConfig,float8,8,False,True,pytorch_relative_p95_latency,2.6844720253860617,pytorch,p95_latency,True,4,10,test
26,Int8DynamicActivationInt8WeightConfig,int8,8,True,False,pytorch_relative_p95_latency,43.50488458691297,pytorch,p95_latency,True,4,10,test
27,Int8WeightOnlyConfig,int8,8,False,True,pytorch_relative_p99_latency,2.226334636262531,pytorch,p99_latency,True,4,10,test
28,Float8WeightOnlyConfig,float8,8,False,True,pytorch_relative_p99_latency,2.6886169381689227,pytorch,p99_latency,True,4,10,test
29,Int8DynamicActivationInt8WeightConfig,int8,8,True,False,pytorch_relative_p99_latency,38.31408381248806,pytorch,p99_latency,True,4,10,test
0,Int8WeightOnlyConfig,int8,8,False,True,pytorch_quantized_MAE,7.2807071311968174,pytorch,MAE,False,5,1,train
1,Float8WeightOnlyConfig,float8,8,False,True,pytorch_quantized_MAE,7.268497089630193,pytorch,MAE,False,5,1,train
2,Int8DynamicActivationInt8WeightConfig,int8,8,True,False,pytorch_quantized_MAE,7.273990949761138,pytorch,MAE,False,5,1,train
3,Int8WeightOnlyConfig,int8,8,False,True,pytorch_relative_MAE,1.0012199403071507,pytorch,MAE,True,5,1,train
4,Float8WeightOnlyConfig,float8,8,False,True,pytorch_relative_MAE,0.9995408538024756,pytorch,MAE,True,5,1,train
5,Int8DynamicActivationInt8WeightConfig,int8,8,True,False,pytorch_relative_MAE,1.0002963521645498,pytorch,MAE,True,5,1,train
6,Int8WeightOnlyConfig,int8,8,False,True,pytorch_quantized_model_size,206337.0,pytorch,model_size,False,5,1,train
7,Float8WeightOnlyConfig,float8,8,False,True,pytorch_quantized_model_size,206337.0,pytorch,model_size,False,5,1,train
8,Int8DynamicActivationInt8WeightConfig,int8,8,True,False,pytorch_quantized_model_size,206337.0,pytorch,model_size,False,5,1,train
9,Int8WeightOnlyConfig,int8,8,False,True,pytorch_quantized_median_latency,0.0007077925001794938,pytorch,median_latency,False,5,1,train
10,Float8WeightOnlyConfig,float8,8,False,True,pytorch_quantized_median_latency,0.0007935259991427301,pytorch,median_latency,False,5,1,train
11,Int8DynamicActivationInt8WeightConfig,int8,8,True,False,pytorch_quantized_median_latency,0.014724171000125352,pytorch,median_latency,False,5,1,train
12,Int8WeightOnlyConfig,int8,8,False,True,pytorch_quantized_p95_latency,0.0007774190503369027,pytorch,p95_latency,False,5,1,train
13,Float8WeightOnlyConfig,float8,8,False,True,pytorch_quantized_p95_latency,0.0008919016998333972,pytorch,p95_latency,False,5,1,train
14,Int8DynamicActivationInt8WeightConfig,int8,8,True,False,pytorch_quantized_p95_latency,0.017171104600220134,pytorch,p95_latency,False,5,1,train
15,Int8WeightOnlyConfig,int8,8,False,True,pytorch_quantized_p99_latency,0.0008366963084517919,pytorch,p99_latency,False,5,1,train
16,Float8WeightOnlyConfig,float8,8,False,True,pytorch_quantized_p99_latency,0.001029031778889474,pytorch,p99_latency,False,5,1,train
17,Int8DynamicActivationInt8WeightConfig,int8,8,True,False,pytorch_quantized_p99_latency,0.017864733510905353,pytorch,p99_latency,False,5,1,train
18,Int8WeightOnlyConfig,int8,8,False,True,pytorch_relative_model_size,0.25,pytorch,model_size,True,5,1,train
19,Float8WeightOnlyConfig,float8,8,False,True,pytorch_relative_model_size,0.25,pytorch,model_size,True,5,1,train
20,Int8DynamicActivationInt8WeightConfig,int8,8,True,False,pytorch_relative_model_size,0.25,pytorch,model_size,True,5,1,train
21,Int8WeightOnlyConfig,int8,8,False,True,pytorch_relative_median_latency,2.1366707982670605,pytorch,median_latency,True,5,1,train
22,Float8WeightOnlyConfig,float8,8,False,True,pytorch_relative_median_latency,2.395481485893097,pytorch,median_latency,True,5,1,train
23,Int8DynamicActivationInt8WeightConfig,int8,8,True,False,pytorch_relative_median_latency,44.4490527897374,pytorch,median_latency,True,5,1,train
24,Int8WeightOnlyConfig,int8,8,False,True,pytorch_relative_p95_latency,2.1871619209773585,pytorch,p95_latency,True,5,1,train
25,Float8WeightOnlyConfig,float8,8,False,True,pytorch_relative_p95_latency,2.5092431607962444,pytorch,p95_latency,True,5,1,train
26,Int8DynamicActivationInt8WeightConfig,int8,8,True,False,pytorch_relative_p95_latency,48.3085487890287,pytorch,p95_latency,True,5,1,train
27,Int8WeightOnlyConfig,int8,8,False,True,pytorch_relative_p99_latency,2.045260881845023,pytorch,p99_latency,True,5,1,train
28,Float8WeightOnlyConfig,float8,8,False,True,pytorch_relative_p99_latency,2.5154149985822505,pytorch,p99_latency,True,5,1,train
29,Int8DynamicActivationInt8WeightConfig,int8,8,True,False,pytorch_relative_p99_latency,43.66941773897624,pytorch,p99_latency,True,5,1,train
0,Int8WeightOnlyConfig,int8,8,False,True,pytorch_quantized_MAE,7.133001526682756,pytorch,MAE,False,5,1,test
1,Float8WeightOnlyConfig,float8,8,False,True,pytorch_quantized_MAE,7.1202604557586415,pytorch,MAE,False,5,1,test
2,Int8DynamicActivationInt8WeightConfig,int8,8,True,False,pytorch_quantized_MAE,7.125426198218301,pytorch,MAE,False,5,1,test
3,Int8WeightOnlyConfig,int8,8,False,True,pytorch_relative_MAE,1.0014246663865176,pytorch,MAE,True,5,1,test
4,Float8WeightOnlyConfig,float8,8,False,True,pytorch_relative_MAE,0.9996359071030856,pytorch,MAE,True,5,1,test
5,Int8DynamicActivationInt8WeightConfig,int8,8,True,False,pytorch_relative_MAE,1.000361142040994,pytorch,MAE,True,5,1,test
6,Int8WeightOnlyConfig,int8,8,False,True,pytorch_quantized_model_size,206337.0,pytorch,model_size,False,5,1,test
7,Float8WeightOnlyConfig,float8,8,False,True,pytorch_quantized_model_size,206337.0,pytorch,model_size,False,5,1,test
8,Int8DynamicActivationInt8WeightConfig,int8,8,True,False,pytorch_quantized_model_size,206337.0,pytorch,model_size,False,5,1,test
9,Int8WeightOnlyConfig,int8,8,False,True,pytorch_quantized_median_latency,0.0006644810009674984,pytorch,median_latency,False,5,1,test
10,Float8WeightOnlyConfig,float8,8,False,True,pytorch_quantized_median_latency,0.0007760464995953953,pytorch,median_latency,False,5,1,test
11,Int8DynamicActivationInt8WeightConfig,int8,8,True,False,pytorch_quantized_median_latency,0.013875806500436738,pytorch,median_latency,False,5,1,test
12,Int8WeightOnlyConfig,int8,8,False,True,pytorch_quantized_p95_latency,0.0007502821494199451,pytorch,p95_latency,False,5,1,test
13,Float8WeightOnlyConfig,float8,8,False,True,pytorch_quantized_p95_latency,0.0008727163002731683,pytorch,p95_latency,False,5,1,test
14,Int8DynamicActivationInt8WeightConfig,int8,8,True,False,pytorch_quantized_p95_latency,0.015219859000353608,pytorch,p95_latency,False,5,1,test
15,Int8WeightOnlyConfig,int8,8,False,True,pytorch_quantized_p99_latency,0.0009763042099257284,pytorch,p99_latency,False,5,1,test
16,Float8WeightOnlyConfig,float8,8,False,True,pytorch_quantized_p99_latency,0.0011596638786977563,pytorch,p99_latency,False,5,1,test
17,Int8DynamicActivationInt8WeightConfig,int8,8,True,False,pytorch_quantized_p99_latency,0.0158705522310629,pytorch,p99_latency,False,5,1,test
18,Int8WeightOnlyConfig,int8,8,False,True,pytorch_relative_model_size,0.25,pytorch,model_size,True,5,1,test
19,Float8WeightOnlyConfig,float8,8,False,True,pytorch_relative_model_size,0.25,pytorch,model_size,True,5,1,test
20,Int8DynamicActivationInt8WeightConfig,int8,8,True,False,pytorch_relative_model_size,0.25,pytorch,model_size,True,5,1,test
21,Int8WeightOnlyConfig,int8,8,False,True,pytorch_relative_median_latency,2.347848361042617,pytorch,median_latency,True,5,1,test
22,Float8WeightOnlyConfig,float8,8,False,True,pytorch_relative_median_latency,2.7420490571061937,pytorch,median_latency,True,5,1,test
23,Int8DynamicActivationInt8WeightConfig,int8,8,True,False,pytorch_relative_median_latency,49.028173119713294,pytorch,median_latency,True,5,1,test
24,Int8WeightOnlyConfig,int8,8,False,True,pytorch_relative_p95_latency,2.1584570405609926,pytorch,p95_latency,True,5,1,test
25,Float8WeightOnlyConfig,float8,8,False,True,pytorch_relative_p95_latency,2.510683006643961,pytorch,p95_latency,True,5,1,test
26,Int8DynamicActivationInt8WeightConfig,int8,8,True,False,pytorch_relative_p95_latency,43.78541038335616,pytorch,p95_latency,True,5,1,test
27,Int8WeightOnlyConfig,int8,8,False,True,pytorch_relative_p99_latency,2.248629266651281,pytorch,p99_latency,True,5,1,test
28,Float8WeightOnlyConfig,float8,8,False,True,pytorch_relative_p99_latency,2.670944271884775,pytorch,p99_latency,True,5,1,test
29,Int8DynamicActivationInt8WeightConfig,int8,8,True,False,pytorch_relative_p99_latency,36.553143847859346,pytorch,p99_latency,True,5,1,test
0,Int8WeightOnlyConfig,int8,8,False,True,pytorch_quantized_MAE,7.2574964311063885,pytorch,MAE,False,5,2,train
1,Float8WeightOnlyConfig,float8,8,False,True,pytorch_quantized_MAE,7.244097748619001,pytorch,MAE,False,5,2,train
2,Int8DynamicActivationInt8WeightConfig,int8,8,True,False,pytorch_quantized_MAE,7.252773757404446,pytorch,MAE,False,5,2,train
3,Int8WeightOnlyConfig,int8,8,False,True,pytorch_relative_MAE,1.0013280436802647,pytorch,MAE,True,5,2,train
4,Float8WeightOnlyConfig,float8,8,False,True,pytorch_relative_MAE,0.9994794066674396,pytorch,MAE,True,5,2,train
5,Int8DynamicActivationInt8WeightConfig,int8,8,True,False,pytorch_relative_MAE,1.00067644906168,pytorch,MAE,True,5,2,train
6,Int8WeightOnlyConfig,int8,8,False,True,pytorch_quantized_model_size,206337.0,pytorch,model_size,False,5,2,train
7,Float8WeightOnlyConfig,float8,8,False,True,pytorch_quantized_model_size,206337.0,pytorch,model_size,False,5,2,train
8,Int8DynamicActivationInt8WeightConfig,int8,8,True,False,pytorch_quantized_model_size,206337.0,pytorch,model_size,False,5,2,train
9,Int8WeightOnlyConfig,int8,8,False,True,pytorch_quantized_median_latency,0.0006969334999666899,pytorch,median_latency,False,5,2,train
10,Float8WeightOnlyConfig,float8,8,False,True,pytorch_quantized_median_latency,0.0008052734992816113,pytorch,median_latency,False,5,2,train
11,Int8DynamicActivationInt8WeightConfig,int8,8,True,False,pytorch_quantized_median_latency,0.014457674999903247,pytorch,median_latency,False,5,2,train
12,Int8WeightOnlyConfig,int8,8,False,True,pytorch_quantized_p95_latency,0.0007893551007327914,pytorch,p95_latency,False,5,2,train
13,Float8WeightOnlyConfig,float8,8,False,True,pytorch_quantized_p95_latency,0.000901048351170175,pytorch,p95_latency,False,5,2,train
14,Int8DynamicActivationInt8WeightConfig,int8,8,True,False,pytorch_quantized_p95_latency,0.016585609200774343,pytorch,p95_latency,False,5,2,train
15,Int8WeightOnlyConfig,int8,8,False,True,pytorch_quantized_p99_latency,0.0008907748212004661,pytorch,p99_latency,False,5,2,train
16,Float8WeightOnlyConfig,float8,8,False,True,pytorch_quantized_p99_latency,0.00106505892070345,pytorch,p99_latency,False,5,2,train
17,Int8DynamicActivationInt8WeightConfig,int8,8,True,False,pytorch_quantized_p99_latency,0.017299288208905635,pytorch,p99_latency,False,5,2,train
18,Int8WeightOnlyConfig,int8,8,False,True,pytorch_relative_model_size,0.25,pytorch,model_size,True,5,2,train
19,Float8WeightOnlyConfig,float8,8,False,True,pytorch_relative_model_size,0.25,pytorch,model_size,True,5,2,train
20,Int8DynamicActivationInt8WeightConfig,int8,8,True,False,pytorch_relative_model_size,0.25,pytorch,model_size,True,5,2,train
21,Int8WeightOnlyConfig,int8,8,False,True,pytorch_relative_median_latency,2.3838522244883267,pytorch,median_latency,True,5,2,train
22,Float8WeightOnlyConfig,float8,8,False,True,pytorch_relative_median_latency,2.7544278222753227,pytorch,median_latency,True,5,2,train
23,Int8DynamicActivationInt8WeightConfig,int8,8,True,False,pytorch_relative_median_latency,49.45229453182533,pytorch,median_latency,True,5,2,train
24,Int8WeightOnlyConfig,int8,8,False,True,pytorch_relative_p95_latency,2.2117852998877736,pytorch,p95_latency,True,5,2,train
25,Float8WeightOnlyConfig,float8,8,False,True,pytorch_relative_p95_latency,2.524751529135864,pytorch,p95_latency,True,5,2,train
26,Int8DynamicActivationInt8WeightConfig,int8,8,True,False,pytorch_relative_p95_latency,46.47313558359347,pytorch,p95_latency,True,5,2,train
27,Int8WeightOnlyConfig,int8,8,False,True,pytorch_relative_p99_latency,2.1429110450931135,pytorch,p99_latency,True,5,2,train
28,Float8WeightOnlyConfig,float8,8,False,True,pytorch_relative_p99_latency,2.5621812275458815,pytorch,p99_latency,True,5,2,train
29,Int8DynamicActivationInt8WeightConfig,int8,8,True,False,pytorch_relative_p99_latency,41.61639383245463,pytorch,p99_latency,True,5,2,train
0,Int8WeightOnlyConfig,int8,8,False,True,pytorch_quantized_MAE,7.3082139740995045,pytorch,MAE,False,5,2,test
1,Float8WeightOnlyConfig,float8,8,False,True,pytorch_quantized_MAE,7.287338852545953,pytorch,MAE,False,5,2,test
2,Int8DynamicActivationInt8WeightConfig,int8,8,True,False,pytorch_quantized_MAE,7.2942687543293045,pytorch,MAE,False,5,2,test
3,Int8WeightOnlyConfig,int8,8,False,True,pytorch_relative_MAE,1.0013551217816334,pytorch,MAE,True,5,2,test
4,Float8WeightOnlyConfig,float8,8,False,True,pytorch_relative_MAE,0.9984948593482202,pytorch,MAE,True,5,2,test
5,Int8DynamicActivationInt8WeightConfig,int8,8,True,False,pytorch_relative_MAE,0.9994443789803487,pytorch,MAE,True,5,2,test
6,Int8WeightOnlyConfig,int8,8,False,True,pytorch_quantized_model_size,206337.0,pytorch,model_size,False,5,2,test
7,Float8WeightOnlyConfig,float8,8,False,True,pytorch_quantized_model_size,206337.0,pytorch,model_size,False,5,2,test
8,Int8DynamicActivationInt8WeightConfig,int8,8,True,False,pytorch_quantized_model_size,206337.0,pytorch,model_size,False,5,2,test
9,Int8WeightOnlyConfig,int8,8,False,True,pytorch_quantized_median_latency,0.000686012499500066,pytorch,median_latency,False,5,2,test
10,Float8WeightOnlyConfig,float8,8,False,True,pytorch_quantized_median_latency,0.0007958759997563902,pytorch,median_latency,False,5,2,test
11,Int8DynamicActivationInt8WeightConfig,int8,8,True,False,pytorch_quantized_median_latency,0.013747829500061926,pytorch,median_latency,False,5,2,test
12,Int8WeightOnlyConfig,int8,8,False,True,pytorch_quantized_p95_latency,0.0007920497500890632,pytorch,p95_latency,False,5,2,test
13,Float8WeightOnlyConfig,float8,8,False,True,pytorch_quantized_p95_latency,0.0008853507008097948,pytorch,p95_latency,False,5,2,test
14,Int8DynamicActivationInt8WeightConfig,int8,8,True,False,pytorch_quantized_p95_latency,0.015184559098997852,pytorch,p95_latency,False,5,2,test
15,Int8WeightOnlyConfig,int8,8,False,True,pytorch_quantized_p99_latency,0.0010112763098004507,pytorch,p99_latency,False,5,2,test
16,Float8WeightOnlyConfig,float8,8,False,True,pytorch_quantized_p99_latency,0.0011157001401261367,pytorch,p99_latency,False,5,2,test
17,Int8DynamicActivationInt8WeightConfig,int8,8,True,False,pytorch_quantized_p99_latency,0.016034384490030786,pytorch,p99_latency,False,5,2,test
18,Int8WeightOnlyConfig,int8,8,False,True,pytorch_relative_model_size,0.25,pytorch,model_size,True,5,2,test
19,Float8WeightOnlyConfig,float8,8,False,True,pytorch_relative_model_size,0.25,pytorch,model_size,True,5,2,test
20,Int8DynamicActivationInt8WeightConfig,int8,8,True,False,pytorch_relative_model_size,0.25,pytorch,model_size,True,5,2,test
21,Int8WeightOnlyConfig,int8,8,False,True,pytorch_relative_median_latency,2.509249479938134,pytorch,median_latency,True,5,2,test
22,Float8WeightOnlyConfig,float8,8,False,True,pytorch_relative_median_latency,2.9111006576983987,pytorch,median_latency,True,5,2,test
23,Int8DynamicActivationInt8WeightConfig,int8,8,True,False,pytorch_relative_median_latency,50.28586803950094,pytorch,median_latency,True,5,2,test
24,Int8WeightOnlyConfig,int8,8,False,True,pytorch_relative_p95_latency,2.4067730276978048,pytorch,p95_latency,True,5,2,test
25,Float8WeightOnlyConfig,float8,8,False,True,pytorch_relative_p95_latency,2.6902832638009895,pytorch,p95_latency,True,5,2,test
26,Int8DynamicActivationInt8WeightConfig,int8,8,True,False,pytorch_relative_p95_latency,46.14077243612774,pytorch,p95_latency,True,5,2,test
27,Int8WeightOnlyConfig,int8,8,False,True,pytorch_relative_p99_latency,2.4090739882592467,pytorch,p99_latency,True,5,2,test
28,Float8WeightOnlyConfig,float8,8,False,True,pytorch_relative_p99_latency,2.6578336308554893,pytorch,p99_latency,True,5,2,test
29,Int8DynamicActivationInt8WeightConfig,int8,8,True,False,pytorch_relative_p99_latency,38.19729407119496,pytorch,p99_latency,True,5,2,test
0,Int8WeightOnlyConfig,int8,8,False,True,pytorch_quantized_MAE,7.311645102370571,pytorch,MAE,False,5,3,train
1,Float8WeightOnlyConfig,float8,8,False,True,pytorch_quantized_MAE,7.2998292974662995,pytorch,MAE,False,5,3,train
2,Int8DynamicActivationInt8WeightConfig,int8,8,True,False,pytorch_quantized_MAE,7.307192747207918,pytorch,MAE,False,5,3,train
3,Int8WeightOnlyConfig,int8,8,False,True,pytorch_relative_MAE,1.0012402957021889,pytorch,MAE,True,5,3,train
4,Float8WeightOnlyConfig,float8,8,False,True,pytorch_relative_MAE,0.9996222658565558,pytorch,MAE,True,5,3,train
5,Int8DynamicActivationInt8WeightConfig,int8,8,True,False,pytorch_relative_MAE,1.000630600163468,pytorch,MAE,True,5,3,train
6,Int8WeightOnlyConfig,int8,8,False,True,pytorch_quantized_model_size,206337.0,pytorch,model_size,False,5,3,train
7,Float8WeightOnlyConfig,float8,8,False,True,pytorch_quantized_model_size,206337.0,pytorch,model_size,False,5,3,train
8,Int8DynamicActivationInt8WeightConfig,int8,8,True,False,pytorch_quantized_model_size,206337.0,pytorch,model_size,False,5,3,train
9,Int8WeightOnlyConfig,int8,8,False,True,pytorch_quantized_median_latency,0.0007303140000658459,pytorch,median_latency,False,5,3,train
10,Float8WeightOnlyConfig,float8,8,False,True,pytorch_quantized_median_latency,0.0008116769995467621,pytorch,median_latency,False,5,3,train
11,Int8DynamicActivationInt8WeightConfig,int8,8,True,False,pytorch_quantized_median_latency,0.01496289450005861,pytorch,median_latency,False,5,3,train
12,Int8WeightOnlyConfig,int8,8,False,True,pytorch_quantized_p95_latency,0.0008145599996169039,pytorch,p95_latency,False,5,3,train
13,Float8WeightOnlyConfig,float8,8,False,True,pytorch_quantized_p95_latency,0.00090693964930324,pytorch,p95_latency,False,5,3,train
14,Int8DynamicActivationInt8WeightConfig,int8,8,True,False,pytorch_quantized_p95_latency,0.017923355000311857,pytorch,p95_latency,False,5,3,train
15,Int8WeightOnlyConfig,int8,8,False,True,pytorch_quantized_p99_latency,0.0009576460494827187,pytorch,p99_latency,False,5,3,train
16,Float8WeightOnlyConfig,float8,8,False,True,pytorch_quantized_p99_latency,0.0010281166105960435,pytorch,p99_latency,False,5,3,train
17,Int8DynamicActivationInt8WeightConfig,int8,8,True,False,pytorch_quantized_p99_latency,0.01881351485990308,pytorch,p99_latency,False,5,3,train
18,Int8WeightOnlyConfig,int8,8,False,True,pytorch_relative_model_size,0.25,pytorch,model_size,True,5,3,train
19,Float8WeightOnlyConfig,float8,8,False,True,pytorch_relative_model_size,0.25,pytorch,model_size,True,5,3,train
20,Int8DynamicActivationInt8WeightConfig,int8,8,True,False,pytorch_relative_model_size,0.25,pytorch,model_size,True,5,3,train
21,Int8WeightOnlyConfig,int8,8,False,True,pytorch_relative_median_latency,2.507937812613915,pytorch,median_latency,True,5,3,train
22,Float8WeightOnlyConfig,float8,8,False,True,pytorch_relative_median_latency,2.7873427575108747,pytorch,median_latency,True,5,3,train
23,Int8DynamicActivationInt8WeightConfig,int8,8,True,False,pytorch_relative_median_latency,51.38338974669304,pytorch,median_latency,True,5,3,train
24,Int8WeightOnlyConfig,int8,8,False,True,pytorch_relative_p95_latency,2.3640657179488986,pytorch,p95_latency,True,5,3,train
25,Float8WeightOnlyConfig,float8,8,False,True,pytorch_relative_p95_latency,2.6321755723025473,pytorch,p95_latency,True,5,3,train
26,Int8DynamicActivationInt8WeightConfig,int8,8,True,False,pytorch_relative_p95_latency,52.01825418237235,pytorch,p95_latency,True,5,3,train
27,Int8WeightOnlyConfig,int8,8,False,True,pytorch_relative_p99_latency,2.464140632349338,pytorch,p99_latency,True,5,3,train
28,Float8WeightOnlyConfig,float8,8,False,True,pytorch_relative_p99_latency,2.6454700213418563,pytorch,p99_latency,True,5,3,train
29,Int8DynamicActivationInt8WeightConfig,int8,8,True,False,pytorch_relative_p99_latency,48.40947908534322,pytorch,p99_latency,True,5,3,train
0,Int8WeightOnlyConfig,int8,8,False,True,pytorch_quantized_MAE,7.039083988623919,pytorch,MAE,False,5,3,test
1,Float8WeightOnlyConfig,float8,8,False,True,pytorch_quantized_MAE,7.028320929741702,pytorch,MAE,False,5,3,test
2,Int8DynamicActivationInt8WeightConfig,int8,8,True,False,pytorch_quantized_MAE,7.033421807993389,pytorch,MAE,False,5,3,test
3,Int8WeightOnlyConfig,int8,8,False,True,pytorch_relative_MAE,1.0014028122012268,pytorch,MAE,True,5,3,test
4,Float8WeightOnlyConfig,float8,8,False,True,pytorch_relative_MAE,0.9998716246987112,pytorch,MAE,True,5,3,test
5,Int8DynamicActivationInt8WeightConfig,int8,8,True,False,pytorch_relative_MAE,1.0005972921057473,pytorch,MAE,True,5,3,test
6,Int8WeightOnlyConfig,int8,8,False,True,pytorch_quantized_model_size,206337.0,pytorch,model_size,False,5,3,test
7,Float8WeightOnlyConfig,float8,8,False,True,pytorch_quantized_model_size,206337.0,pytorch,model_size,False,5,3,test
8,Int8DynamicActivationInt8WeightConfig,int8,8,True,False,pytorch_quantized_model_size,206337.0,pytorch,model_size,False,5,3,test
9,Int8WeightOnlyConfig,int8,8,False,True,pytorch_quantized_median_latency,0.0007133689987313119,pytorch,median_latency,False,5,3,test
10,Float8WeightOnlyConfig,float8,8,False,True,pytorch_quantized_median_latency,0.0008020260002012947,pytorch,median_latency,False,5,3,test
11,Int8DynamicActivationInt8WeightConfig,int8,8,True,False,pytorch_quantized_median_latency,0.01378824649964372,pytorch,median_latency,False,5,3,test
12,Int8WeightOnlyConfig,int8,8,False,True,pytorch_quantized_p95_latency,0.0007956961510899418,pytorch,p95_latency,False,5,3,test
13,Float8WeightOnlyConfig,float8,8,False,True,pytorch_quantized_p95_latency,0.0008987298996544266,pytorch,p95_latency,False,5,3,test
14,Int8DynamicActivationInt8WeightConfig,int8,8,True,False,pytorch_quantized_p95_latency,0.015000910049820959,pytorch,p95_latency,False,5,3,test
15,Int8WeightOnlyConfig,int8,8,False,True,pytorch_quantized_p99_latency,0.0008884870207839412,pytorch,p99_latency,False,5,3,test
16,Float8WeightOnlyConfig,float8,8,False,True,pytorch_quantized_p99_latency,0.001039625769954,pytorch,p99_latency,False,5,3,test
17,Int8DynamicActivationInt8WeightConfig,int8,8,True,False,pytorch_quantized_p99_latency,0.015550063128994223,pytorch,p99_latency,False,5,3,test
18,Int8WeightOnlyConfig,int8,8,False,True,pytorch_relative_model_size,0.25,pytorch,model_size,True,5,3,test
19,Float8WeightOnlyConfig,float8,8,False,True,pytorch_relative_model_size,0.25,pytorch,model_size,True,5,3,test
20,Int8DynamicActivationInt8WeightConfig,int8,8,True,False,pytorch_relative_model_size,0.25,pytorch,model_size,True,5,3,test
21,Int8WeightOnlyConfig,int8,8,False,True,pytorch_relative_median_latency,2.5555957520022403,pytorch,median_latency,True,5,3,test
22,Float8WeightOnlyConfig,float8,8,False,True,pytorch_relative_median_latency,2.8732034091122207,pytorch,median_latency,True,5,3,test
23,Int8DynamicActivationInt8WeightConfig,int8,8,True,False,pytorch_relative_median_latency,49.395452065784575,pytorch,median_latency,True,5,3,test
24,Int8WeightOnlyConfig,int8,8,False,True,pytorch_relative_p95_latency,2.313888480332523,pytorch,p95_latency,True,5,3,test
25,Float8WeightOnlyConfig,float8,8,False,True,pytorch_relative_p95_latency,2.613511148561178,pytorch,p95_latency,True,5,3,test
26,Int8DynamicActivationInt8WeightConfig,int8,8,True,False,pytorch_relative_p95_latency,43.622723210661334,pytorch,p95_latency,True,5,3,test
27,Int8WeightOnlyConfig,int8,8,False,True,pytorch_relative_p99_latency,2.0533139208368762,pytorch,p99_latency,True,5,3,test
28,Float8WeightOnlyConfig,float8,8,False,True,pytorch_relative_p99_latency,2.402599043060649,pytorch,p99_latency,True,5,3,test
29,Int8DynamicActivationInt8WeightConfig,int8,8,True,False,pytorch_relative_p99_latency,35.93655320308892,pytorch,p99_latency,True,5,3,test
0,Int8WeightOnlyConfig,int8,8,False,True,pytorch_quantized_MAE,7.346047431309382,pytorch,MAE,False,5,4,train
1,Float8WeightOnlyConfig,float8,8,False,True,pytorch_quantized_MAE,7.3337511274873615,pytorch,MAE,False,5,4,train
2,Int8DynamicActivationInt8WeightConfig,int8,8,True,False,pytorch_quantized_MAE,7.3400901044096925,pytorch,MAE,False,5,4,train
3,Int8WeightOnlyConfig,int8,8,False,True,pytorch_relative_MAE,1.0012483774570329,pytorch,MAE,True,5,4,train
4,Float8WeightOnlyConfig,float8,8,False,True,pytorch_relative_MAE,0.9995724211872646,pytorch,MAE,True,5,4,train
5,Int8DynamicActivationInt8WeightConfig,int8,8,True,False,pytorch_relative_MAE,1.000436408306538,pytorch,MAE,True,5,4,train
6,Int8WeightOnlyConfig,int8,8,False,True,pytorch_quantized_model_size,206337.0,pytorch,model_size,False,5,4,train
7,Float8WeightOnlyConfig,float8,8,False,True,pytorch_quantized_model_size,206337.0,pytorch,model_size,False,5,4,train
8,Int8DynamicActivationInt8WeightConfig,int8,8,True,False,pytorch_quantized_model_size,206337.0,pytorch,model_size,False,5,4,train
9,Int8WeightOnlyConfig,int8,8,False,True,pytorch_quantized_median_latency,0.0006878830008645309,pytorch,median_latency,False,5,4,train
10,Float8WeightOnlyConfig,float8,8,False,True,pytorch_quantized_median_latency,0.0008011455001906143,pytorch,median_latency,False,5,4,train
11,Int8DynamicActivationInt8WeightConfig,int8,8,True,False,pytorch_quantized_median_latency,0.014325141000881558,pytorch,median_latency,False,5,4,train
12,Int8WeightOnlyConfig,int8,8,False,True,pytorch_quantized_p95_latency,0.0008185570008208742,pytorch,p95_latency,False,5,4,train
13,Float8WeightOnlyConfig,float8,8,False,True,pytorch_quantized_p95_latency,0.0008968285495029704,pytorch,p95_latency,False,5,4,train
14,Int8DynamicActivationInt8WeightConfig,int8,8,True,False,pytorch_quantized_p95_latency,0.016439730451111245,pytorch,p95_latency,False,5,4,train
15,Int8WeightOnlyConfig,int8,8,False,True,pytorch_quantized_p99_latency,0.001071169220194861,pytorch,p99_latency,False,5,4,train
16,Float8WeightOnlyConfig,float8,8,False,True,pytorch_quantized_p99_latency,0.0011526737506574135,pytorch,p99_latency,False,5,4,train
17,Int8DynamicActivationInt8WeightConfig,int8,8,True,False,pytorch_quantized_p99_latency,0.017148451111497705,pytorch,p99_latency,False,5,4,train
18,Int8WeightOnlyConfig,int8,8,False,True,pytorch_relative_model_size,0.25,pytorch,model_size,True,5,4,train
19,Float8WeightOnlyConfig,float8,8,False,True,pytorch_relative_model_size,0.25,pytorch,model_size,True,5,4,train
20,Int8DynamicActivationInt8WeightConfig,int8,8,True,False,pytorch_relative_model_size,0.25,pytorch,model_size,True,5,4,train
21,Int8WeightOnlyConfig,int8,8,False,True,pytorch_relative_median_latency,2.4889344770370183,pytorch,median_latency,True,5,4,train
22,Float8WeightOnlyConfig,float8,8,False,True,pytorch_relative_median_latency,2.8987468131083785,pytorch,median_latency,True,5,4,train
23,Int8DynamicActivationInt8WeightConfig,int8,8,True,False,pytorch_relative_median_latency,51.83197910211524,pytorch,median_latency,True,5,4,train
24,Int8WeightOnlyConfig,int8,8,False,True,pytorch_relative_p95_latency,2.280077343995872,pytorch,p95_latency,True,5,4,train
25,Float8WeightOnlyConfig,float8,8,False,True,pytorch_relative_p95_latency,2.498101482388858,pytorch,p95_latency,True,5,4,train
26,Int8DynamicActivationInt8WeightConfig,int8,8,True,False,pytorch_relative_p95_latency,45.79260443119761,pytorch,p95_latency,True,5,4,train
27,Int8WeightOnlyConfig,int8,8,False,True,pytorch_relative_p99_latency,2.2048054323813187,pytorch,p99_latency,True,5,4,train
28,Float8WeightOnlyConfig,float8,8,False,True,pytorch_relative_p99_latency,2.3725675638350534,pytorch,p99_latency,True,5,4,train
29,Int8DynamicActivationInt8WeightConfig,int8,8,True,False,pytorch_relative_p99_latency,35.29694230821682,pytorch,p99_latency,True,5,4,train
0,Int8WeightOnlyConfig,int8,8,False,True,pytorch_quantized_MAE,7.466742683331695,pytorch,MAE,False,5,4,test
1,Float8WeightOnlyConfig,float8,8,False,True,pytorch_quantized_MAE,7.459946823478979,pytorch,MAE,False,5,4,test
2,Int8DynamicActivationInt8WeightConfig,int8,8,True,False,pytorch_quantized_MAE,7.453942913439402,pytorch,MAE,False,5,4,test
3,Int8WeightOnlyConfig,int8,8,False,True,pytorch_relative_MAE,1.0011439595707123,pytorch,MAE,True,5,4,test
4,Float8WeightOnlyConfig,float8,8,False,True,pytorch_relative_MAE,1.0002327678596568,pytorch,MAE,True,5,4,test
5,Int8DynamicActivationInt8WeightConfig,int8,8,True,False,pytorch_relative_MAE,0.9994277611084068,pytorch,MAE,True,5,4,test
6,Int8WeightOnlyConfig,int8,8,False,True,pytorch_quantized_model_size,206337.0,pytorch,model_size,False,5,4,test
7,Float8WeightOnlyConfig,float8,8,False,True,pytorch_quantized_model_size,206337.0,pytorch,model_size,False,5,4,test
8,Int8DynamicActivationInt8WeightConfig,int8,8,True,False,pytorch_quantized_model_size,206337.0,pytorch,model_size,False,5,4,test
9,Int8WeightOnlyConfig,int8,8,False,True,pytorch_quantized_median_latency,0.0006901215001562377,pytorch,median_latency,False,5,4,test
10,Float8WeightOnlyConfig,float8,8,False,True,pytorch_quantized_median_latency,0.0007886824996603536,pytorch,median_latency,False,5,4,test
11,Int8DynamicActivationInt8WeightConfig,int8,8,True,False,pytorch_quantized_median_latency,0.013586755500000436,pytorch,median_latency,False,5,4,test
12,Int8WeightOnlyConfig,int8,8,False,True,pytorch_quantized_p95_latency,0.0007880907496655702,pytorch,p95_latency,False,5,4,test
13,Float8WeightOnlyConfig,float8,8,False,True,pytorch_quantized_p95_latency,0.000894487500499963,pytorch,p95_latency,False,5,4,test
14,Int8DynamicActivationInt8WeightConfig,int8,8,True,False,pytorch_quantized_p95_latency,0.014649965498938398,pytorch,p95_latency,False,5,4,test
15,Int8WeightOnlyConfig,int8,8,False,True,pytorch_quantized_p99_latency,0.0010039983290880627,pytorch,p99_latency,False,5,4,test
16,Float8WeightOnlyConfig,float8,8,False,True,pytorch_quantized_p99_latency,0.0009993081494394562,pytorch,p99_latency,False,5,4,test
17,Int8DynamicActivationInt8WeightConfig,int8,8,True,False,pytorch_quantized_p99_latency,0.015476828231294348,pytorch,p99_latency,False,5,4,test
18,Int8WeightOnlyConfig,int8,8,False,True,pytorch_relative_model_size,0.25,pytorch,model_size,True,5,4,test
19,Float8WeightOnlyConfig,float8,8,False,True,pytorch_relative_model_size,0.25,pytorch,model_size,True,5,4,test
20,Int8DynamicActivationInt8WeightConfig,int8,8,True,False,pytorch_relative_model_size,0.25,pytorch,model_size,True,5,4,test
21,Int8WeightOnlyConfig,int8,8,False,True,pytorch_relative_median_latency,2.5023713900188325,pytorch,median_latency,True,5,4,test
22,Float8WeightOnlyConfig,float8,8,False,True,pytorch_relative_median_latency,2.859752264654565,pytorch,median_latency,True,5,4,test
23,Int8DynamicActivationInt8WeightConfig,int8,8,True,False,pytorch_relative_median_latency,49.26539491768477,pytorch,median_latency,True,5,4,test
24,Int8WeightOnlyConfig,int8,8,False,True,pytorch_relative_p95_latency,2.352016134362432,pytorch,p95_latency,True,5,4,test
25,Float8WeightOnlyConfig,float8,8,False,True,pytorch_relative_p95_latency,2.6695517414133016,pytorch,p95_latency,True,5,4,test
26,Int8DynamicActivationInt8WeightConfig,int8,8,True,False,pytorch_relative_p95_latency,43.722065302730755,pytorch,p95_latency,True,5,4,test
27,Int8WeightOnlyConfig,int8,8,False,True,pytorch_relative_p99_latency,2.359636868439264,pytorch,p99_latency,True,5,4,test
28,Float8WeightOnlyConfig,float8,8,False,True,pytorch_relative_p99_latency,2.348613821390463,pytorch,p99_latency,True,5,4,test
29,Int8DynamicActivationInt8WeightConfig,int8,8,True,False,pytorch_relative_p99_latency,36.37425824626106,pytorch,p99_latency,True,5,4,test
0,Int8WeightOnlyConfig,int8,8,False,True,pytorch_quantized_MAE,7.239471200534076,pytorch,MAE,False,5,5,train
1,Float8WeightOnlyConfig,float8,8,False,True,pytorch_quantized_MAE,7.229585575487001,pytorch,MAE,False,5,5,train
2,Int8DynamicActivationInt8WeightConfig,int8,8,True,False,pytorch_quantized_MAE,7.23427533304507,pytorch,MAE,False,5,5,train
3,Int8WeightOnlyConfig,int8,8,False,True,pytorch_relative_MAE,1.0012753215509067,pytorch,MAE,True,5,5,train
4,Float8WeightOnlyConfig,float8,8,False,True,pytorch_relative_MAE,0.999908062517262,pytorch,MAE,True,5,5,train
5,Int8DynamicActivationInt8WeightConfig,int8,8,True,False,pytorch_relative_MAE,1.0005566925589984,pytorch,MAE,True,5,5,train
6,Int8WeightOnlyConfig,int8,8,False,True,pytorch_quantized_model_size,206337.0,pytorch,model_size,False,5,5,train
7,Float8WeightOnlyConfig,float8,8,False,True,pytorch_quantized_model_size,206337.0,pytorch,model_size,False,5,5,train
8,Int8DynamicActivationInt8WeightConfig,int8,8,True,False,pytorch_quantized_model_size,206337.0,pytorch,model_size,False,5,5,train
9,Int8WeightOnlyConfig,int8,8,False,True,pytorch_quantized_median_latency,0.000721749999684107,pytorch,median_latency,False,5,5,train
10,Float8WeightOnlyConfig,float8,8,False,True,pytorch_quantized_median_latency,0.0007967995006765705,pytorch,median_latency,False,5,5,train
11,Int8DynamicActivationInt8WeightConfig,int8,8,True,False,pytorch_quantized_median_latency,0.013760998499492416,pytorch,median_latency,False,5,5,train
12,Int8WeightOnlyConfig,int8,8,False,True,pytorch_quantized_p95_latency,0.0008141399502164859,pytorch,p95_latency,False,5,5,train
13,Float8WeightOnlyConfig,float8,8,False,True,pytorch_quantized_p95_latency,0.0009465479996833892,pytorch,p95_latency,False,5,5,train
14,Int8DynamicActivationInt8WeightConfig,int8,8,True,False,pytorch_quantized_p95_latency,0.01643035684919596,pytorch,p95_latency,False,5,5,train
15,Int8WeightOnlyConfig,int8,8,False,True,pytorch_quantized_p99_latency,0.0009967134002363308,pytorch,p99_latency,False,5,5,train
16,Float8WeightOnlyConfig,float8,8,False,True,pytorch_quantized_p99_latency,0.0011479694890840614,pytorch,p99_latency,False,5,5,train
17,Int8DynamicActivationInt8WeightConfig,int8,8,True,False,pytorch_quantized_p99_latency,0.01777522397067514,pytorch,p99_latency,False,5,5,train
18,Int8WeightOnlyConfig,int8,8,False,True,pytorch_relative_model_size,0.25,pytorch,model_size,True,5,5,train
19,Float8WeightOnlyConfig,float8,8,False,True,pytorch_relative_model_size,0.25,pytorch,model_size,True,5,5,train
20,Int8DynamicActivationInt8WeightConfig,int8,8,True,False,pytorch_relative_model_size,0.25,pytorch,model_size,True,5,5,train
21,Int8WeightOnlyConfig,int8,8,False,True,pytorch_relative_median_latency,2.5707696209083943,pytorch,median_latency,True,5,5,train
22,Float8WeightOnlyConfig,float8,8,False,True,pytorch_relative_median_latency,2.8380851419339606,pytorch,median_latency,True,5,5,train
23,Int8DynamicActivationInt8WeightConfig,int8,8,True,False,pytorch_relative_median_latency,49.014696101620366,pytorch,median_latency,True,5,5,train
24,Int8WeightOnlyConfig,int8,8,False,True,pytorch_relative_p95_latency,2.4018655525040957,pytorch,p95_latency,True,5,5,train
25,Float8WeightOnlyConfig,float8,8,False,True,pytorch_relative_p95_latency,2.792494132767535,pytorch,p95_latency,True,5,5,train
26,Int8DynamicActivationInt8WeightConfig,int8,8,True,False,pytorch_relative_p95_latency,48.47263436825556,pytorch,p95_latency,True,5,5,train
27,Int8WeightOnlyConfig,int8,8,False,True,pytorch_relative_p99_latency,2.516164064542826,pytorch,p99_latency,True,5,5,train
28,Float8WeightOnlyConfig,float8,8,False,True,pytorch_relative_p99_latency,2.898004155397144,pytorch,p99_latency,True,5,5,train
29,Int8DynamicActivationInt8WeightConfig,int8,8,True,False,pytorch_relative_p99_latency,44.87285892174039,pytorch,p99_latency,True,5,5,train
0,Int8WeightOnlyConfig,int8,8,False,True,pytorch_quantized_MAE,7.40464494190234,pytorch,MAE,False,5,5,test
1,Float8WeightOnlyConfig,float8,8,False,True,pytorch_quantized_MAE,7.391802804826681,pytorch,MAE,False,5,5,test
2,Int8DynamicActivationInt8WeightConfig,int8,8,True,False,pytorch_quantized_MAE,7.397771733051634,pytorch,MAE,False,5,5,test
3,Int8WeightOnlyConfig,int8,8,False,True,pytorch_relative_MAE,1.0011182646507986,pytorch,MAE,True,5,5,test
4,Float8WeightOnlyConfig,float8,8,False,True,pytorch_relative_MAE,0.9993819899091376,pytorch,MAE,True,5,5,test
5,Int8DynamicActivationInt8WeightConfig,int8,8,True,False,pytorch_relative_MAE,1.0001889972826545,pytorch,MAE,True,5,5,test
6,Int8WeightOnlyConfig,int8,8,False,True,pytorch_quantized_model_size,206337.0,pytorch,model_size,False,5,5,test
7,Float8WeightOnlyConfig,float8,8,False,True,pytorch_quantized_model_size,206337.0,pytorch,model_size,False,5,5,test
8,Int8DynamicActivationInt8WeightConfig,int8,8,True,False,pytorch_quantized_model_size,206337.0,pytorch,model_size,False,5,5,test
9,Int8WeightOnlyConfig,int8,8,False,True,pytorch_quantized_median_latency,0.0007024970000202302,pytorch,median_latency,False,5,5,test
10,Float8WeightOnlyConfig,float8,8,False,True,pytorch_quantized_median_latency,0.0007863775008445373,pytorch,median_latency,False,5,5,test
11,Int8DynamicActivationInt8WeightConfig,int8,8,True,False,pytorch_quantized_median_latency,0.013539188501454191,pytorch,median_latency,False,5,5,test
12,Int8WeightOnlyConfig,int8,8,False,True,pytorch_quantized_p95_latency,0.0007852075991650053,pytorch,p95_latency,False,5,5,test
13,Float8WeightOnlyConfig,float8,8,False,True,pytorch_quantized_p95_latency,0.0008914958005334483,pytorch,p95_latency,False,5,5,test
14,Int8DynamicActivationInt8WeightConfig,int8,8,True,False,pytorch_quantized_p95_latency,0.015217754299192164,pytorch,p95_latency,False,5,5,test
15,Int8WeightOnlyConfig,int8,8,False,True,pytorch_quantized_p99_latency,0.0009669971699258893,pytorch,p99_latency,False,5,5,test
16,Float8WeightOnlyConfig,float8,8,False,True,pytorch_quantized_p99_latency,0.0010012624102273546,pytorch,p99_latency,False,5,5,test
17,Int8DynamicActivationInt8WeightConfig,int8,8,True,False,pytorch_quantized_p99_latency,0.016936508680119006,pytorch,p99_latency,False,5,5,test
18,Int8WeightOnlyConfig,int8,8,False,True,pytorch_relative_model_size,0.25,pytorch,model_size,True,5,5,test
19,Float8WeightOnlyConfig,float8,8,False,True,pytorch_relative_model_size,0.25,pytorch,model_size,True,5,5,test
20,Int8DynamicActivationInt8WeightConfig,int8,8,True,False,pytorch_relative_model_size,0.25,pytorch,model_size,True,5,5,test
21,Int8WeightOnlyConfig,int8,8,False,True,pytorch_relative_median_latency,2.5526455899413913,pytorch,median_latency,True,5,5,test
22,Float8WeightOnlyConfig,float8,8,False,True,pytorch_relative_median_latency,2.8574400452986053,pytorch,median_latency,True,5,5,test
23,Int8DynamicActivationInt8WeightConfig,int8,8,True,False,pytorch_relative_median_latency,49.19700698882269,pytorch,median_latency,True,5,5,test
24,Int8WeightOnlyConfig,int8,8,False,True,pytorch_relative_p95_latency,2.3618278007890368,pytorch,p95_latency,True,5,5,test
25,Float8WeightOnlyConfig,float8,8,False,True,pytorch_relative_p95_latency,2.681532333902068,pytorch,p95_latency,True,5,5,test
26,Int8DynamicActivationInt8WeightConfig,int8,8,True,False,pytorch_relative_p95_latency,45.77351926755368,pytorch,p95_latency,True,5,5,test
27,Int8WeightOnlyConfig,int8,8,False,True,pytorch_relative_p99_latency,2.6220132361067265,pytorch,p99_latency,True,5,5,test
28,Float8WeightOnlyConfig,float8,8,False,True,pytorch_relative_p99_latency,2.7149234497071504,pytorch,p99_latency,True,5,5,test
29,Int8DynamicActivationInt8WeightConfig,int8,8,True,False,pytorch_relative_p99_latency,45.92335046452298,pytorch,p99_latency,True,5,5,test
0,Int8WeightOnlyConfig,int8,8,False,True,pytorch_quantized_MAE,7.286826437529163,pytorch,MAE,False,5,6,train
1,Float8WeightOnlyConfig,float8,8,False,True,pytorch_quantized_MAE,7.274578485348176,pytorch,MAE,False,5,6,train
2,Int8DynamicActivationInt8WeightConfig,int8,8,True,False,pytorch_quantized_MAE,7.280121403952544,pytorch,MAE,False,5,6,train
3,Int8WeightOnlyConfig,int8,8,False,True,pytorch_relative_MAE,1.0012378995539222,pytorch,MAE,True,5,6,train
4,Float8WeightOnlyConfig,float8,8,False,True,pytorch_relative_MAE,0.9995549839498987,pytorch,MAE,True,5,6,train
5,Int8DynamicActivationInt8WeightConfig,int8,8,True,False,pytorch_relative_MAE,1.0003166022247973,pytorch,MAE,True,5,6,train
6,Int8WeightOnlyConfig,int8,8,False,True,pytorch_quantized_model_size,206337.0,pytorch,model_size,False,5,6,train
7,Float8WeightOnlyConfig,float8,8,False,True,pytorch_quantized_model_size,206337.0,pytorch,model_size,False,5,6,train
8,Int8DynamicActivationInt8WeightConfig,int8,8,True,False,pytorch_quantized_model_size,206337.0,pytorch,model_size,False,5,6,train
9,Int8WeightOnlyConfig,int8,8,False,True,pytorch_quantized_median_latency,0.0007035670005279826,pytorch,median_latency,False,5,6,train
10,Float8WeightOnlyConfig,float8,8,False,True,pytorch_quantized_median_latency,0.0008010879992070841,pytorch,median_latency,False,5,6,train
11,Int8DynamicActivationInt8WeightConfig,int8,8,True,False,pytorch_quantized_median_latency,0.013727592498980812,pytorch,median_latency,False,5,6,train
12,Int8WeightOnlyConfig,int8,8,False,True,pytorch_quantized_p95_latency,0.000801162650441256,pytorch,p95_latency,False,5,6,train
13,Float8WeightOnlyConfig,float8,8,False,True,pytorch_quantized_p95_latency,0.0009256550009013153,pytorch,p95_latency,False,5,6,train
14,Int8DynamicActivationInt8WeightConfig,int8,8,True,False,pytorch_quantized_p95_latency,0.015289231751285114,pytorch,p95_latency,False,5,6,train
15,Int8WeightOnlyConfig,int8,8,False,True,pytorch_quantized_p99_latency,0.0010330851494290982,pytorch,p99_latency,False,5,6,train
16,Float8WeightOnlyConfig,float8,8,False,True,pytorch_quantized_p99_latency,0.0010402639198036916,pytorch,p99_latency,False,5,6,train
17,Int8DynamicActivationInt8WeightConfig,int8,8,True,False,pytorch_quantized_p99_latency,0.015933627259273636,pytorch,p99_latency,False,5,6,train
18,Int8WeightOnlyConfig,int8,8,False,True,pytorch_relative_model_size,0.25,pytorch,model_size,True,5,6,train
19,Float8WeightOnlyConfig,float8,8,False,True,pytorch_relative_model_size,0.25,pytorch,model_size,True,5,6,train
20,Int8DynamicActivationInt8WeightConfig,int8,8,True,False,pytorch_relative_model_size,0.25,pytorch,model_size,True,5,6,train
21,Int8WeightOnlyConfig,int8,8,False,True,pytorch_relative_median_latency,2.674742723480521,pytorch,median_latency,True,5,6,train
22,Float8WeightOnlyConfig,float8,8,False,True,pytorch_relative_median_latency,3.045487203263873,pytorch,median_latency,True,5,6,train
23,Int8DynamicActivationInt8WeightConfig,int8,8,True,False,pytorch_relative_median_latency,52.188033435337836,pytorch,median_latency,True,5,6,train
24,Int8WeightOnlyConfig,int8,8,False,True,pytorch_relative_p95_latency,2.1800439228904867,pytorch,p95_latency,True,5,6,train
25,Float8WeightOnlyConfig,float8,8,False,True,pytorch_relative_p95_latency,2.518800094208916,pytorch,p95_latency,True,5,6,train
26,Int8DynamicActivationInt8WeightConfig,int8,8,True,False,pytorch_relative_p95_latency,41.603532998818125,pytorch,p95_latency,True,5,6,train
27,Int8WeightOnlyConfig,int8,8,False,True,pytorch_relative_p99_latency,2.2514017268675603,pytorch,p99_latency,True,5,6,train
28,Float8WeightOnlyConfig,float8,8,False,True,pytorch_relative_p99_latency,2.2670464160077315,pytorch,p99_latency,True,5,6,train
29,Int8DynamicActivationInt8WeightConfig,int8,8,True,False,pytorch_relative_p99_latency,34.724142483915074,pytorch,p99_latency,True,5,6,train
0,Int8WeightOnlyConfig,int8,8,False,True,pytorch_quantized_MAE,7.454248401430117,pytorch,MAE,False,5,6,test
1,Float8WeightOnlyConfig,float8,8,False,True,pytorch_quantized_MAE,7.439610564697495,pytorch,MAE,False,5,6,test
2,Int8DynamicActivationInt8WeightConfig,int8,8,True,False,pytorch_quantized_MAE,7.449869735445039,pytorch,MAE,False,5,6,test
3,Int8WeightOnlyConfig,int8,8,False,True,pytorch_relative_MAE,1.0011771505295737,pytorch,MAE,True,5,6,test
4,Float8WeightOnlyConfig,float8,8,False,True,pytorch_relative_MAE,0.9992111484753529,pytorch,MAE,True,5,6,test
5,Int8DynamicActivationInt8WeightConfig,int8,8,True,False,pytorch_relative_MAE,1.000589053635295,pytorch,MAE,True,5,6,test
6,Int8WeightOnlyConfig,int8,8,False,True,pytorch_quantized_model_size,206337.0,pytorch,model_size,False,5,6,test
7,Float8WeightOnlyConfig,float8,8,False,True,pytorch_quantized_model_size,206337.0,pytorch,model_size,False,5,6,test
8,Int8DynamicActivationInt8WeightConfig,int8,8,True,False,pytorch_quantized_model_size,206337.0,pytorch,model_size,False,5,6,test
9,Int8WeightOnlyConfig,int8,8,False,True,pytorch_quantized_median_latency,0.0007546525002908311,pytorch,median_latency,False,5,6,test
10,Float8WeightOnlyConfig,float8,8,False,True,pytorch_quantized_median_latency,0.000802747499619727,pytorch,median_latency,False,5,6,test
11,Int8DynamicActivationInt8WeightConfig,int8,8,True,False,pytorch_quantized_median_latency,0.013317742999788607,pytorch,median_latency,False,5,6,test
12,Int8WeightOnlyConfig,int8,8,False,True,pytorch_quantized_p95_latency,0.0009053574503013805,pytorch,p95_latency,False,5,6,test
13,Float8WeightOnlyConfig,float8,8,False,True,pytorch_quantized_p95_latency,0.0009393140499923899,pytorch,p95_latency,False,5,6,test
14,Int8DynamicActivationInt8WeightConfig,int8,8,True,False,pytorch_quantized_p95_latency,0.014371606500117194,pytorch,p95_latency,False,5,6,test
15,Int8WeightOnlyConfig,int8,8,False,True,pytorch_quantized_p99_latency,0.0011805855716556833,pytorch,p99_latency,False,5,6,test
16,Float8WeightOnlyConfig,float8,8,False,True,pytorch_quantized_p99_latency,0.0011475785188122239,pytorch,p99_latency,False,5,6,test
17,Int8DynamicActivationInt8WeightConfig,int8,8,True,False,pytorch_quantized_p99_latency,0.015188105919332883,pytorch,p99_latency,False,5,6,test
18,Int8WeightOnlyConfig,int8,8,False,True,pytorch_relative_model_size,0.25,pytorch,model_size,True,5,6,test
19,Float8WeightOnlyConfig,float8,8,False,True,pytorch_relative_model_size,0.25,pytorch,model_size,True,5,6,test
20,Int8DynamicActivationInt8WeightConfig,int8,8,True,False,pytorch_relative_model_size,0.25,pytorch,model_size,True,5,6,test
21,Int8WeightOnlyConfig,int8,8,False,True,pytorch_relative_median_latency,2.7015070950191302,pytorch,median_latency,True,5,6,test
22,Float8WeightOnlyConfig,float8,8,False,True,pytorch_relative_median_latency,2.8736777058259326,pytorch,median_latency,True,5,6,test
23,Int8DynamicActivationInt8WeightConfig,int8,8,True,False,pytorch_relative_median_latency,47.67489300002973,pytorch,median_latency,True,5,6,test
24,Int8WeightOnlyConfig,int8,8,False,True,pytorch_relative_p95_latency,2.5979382470514865,pytorch,p95_latency,True,5,6,test
25,Float8WeightOnlyConfig,float8,8,False,True,pytorch_relative_p95_latency,2.695377274087409,pytorch,p95_latency,True,5,6,test
26,Int8DynamicActivationInt8WeightConfig,int8,8,True,False,pytorch_relative_p95_latency,41.23956365057736,pytorch,p95_latency,True,5,6,test
27,Int8WeightOnlyConfig,int8,8,False,True,pytorch_relative_p99_latency,2.9152103838853387,pytorch,p99_latency,True,5,6,test
28,Float8WeightOnlyConfig,float8,8,False,True,pytorch_relative_p99_latency,2.8337063358087895,pytorch,p99_latency,True,5,6,test
29,Int8DynamicActivationInt8WeightConfig,int8,8,True,False,pytorch_relative_p99_latency,37.503866852696724,pytorch,p99_latency,True,5,6,test
0,Int8WeightOnlyConfig,int8,8,False,True,pytorch_quantized_MAE,7.256624680727039,pytorch,MAE,False,5,7,train
1,Float8WeightOnlyConfig,float8,8,False,True,pytorch_quantized_MAE,7.244930989191047,pytorch,MAE,False,5,7,train
2,Int8DynamicActivationInt8WeightConfig,int8,8,True,False,pytorch_quantized_MAE,7.252139491944091,pytorch,MAE,False,5,7,train
3,Int8WeightOnlyConfig,int8,8,False,True,pytorch_relative_MAE,1.0012414441362616,pytorch,MAE,True,5,7,train
4,Float8WeightOnlyConfig,float8,8,False,True,pytorch_relative_MAE,0.9996279931013919,pytorch,MAE,True,5,7,train
5,Int8DynamicActivationInt8WeightConfig,int8,8,True,False,pytorch_relative_MAE,1.0006225948651688,pytorch,MAE,True,5,7,train
6,Int8WeightOnlyConfig,int8,8,False,True,pytorch_quantized_model_size,206337.0,pytorch,model_size,False,5,7,train
7,Float8WeightOnlyConfig,float8,8,False,True,pytorch_quantized_model_size,206337.0,pytorch,model_size,False,5,7,train
8,Int8DynamicActivationInt8WeightConfig,int8,8,True,False,pytorch_quantized_model_size,206337.0,pytorch,model_size,False,5,7,train
9,Int8WeightOnlyConfig,int8,8,False,True,pytorch_quantized_median_latency,0.0007867739996072487,pytorch,median_latency,False,5,7,train
10,Float8WeightOnlyConfig,float8,8,False,True,pytorch_quantized_median_latency,0.000800585999058967,pytorch,median_latency,False,5,7,train
11,Int8DynamicActivationInt8WeightConfig,int8,8,True,False,pytorch_quantized_median_latency,0.013675571499334183,pytorch,median_latency,False,5,7,train
12,Int8WeightOnlyConfig,int8,8,False,True,pytorch_quantized_p95_latency,0.000899121849579387,pytorch,p95_latency,False,5,7,train
13,Float8WeightOnlyConfig,float8,8,False,True,pytorch_quantized_p95_latency,0.000893996399736352,pytorch,p95_latency,False,5,7,train
14,Int8DynamicActivationInt8WeightConfig,int8,8,True,False,pytorch_quantized_p95_latency,0.015092719350013795,pytorch,p95_latency,False,5,7,train
15,Int8WeightOnlyConfig,int8,8,False,True,pytorch_quantized_p99_latency,0.0009928227395721476,pytorch,p99_latency,False,5,7,train
16,Float8WeightOnlyConfig,float8,8,False,True,pytorch_quantized_p99_latency,0.0010701677810720865,pytorch,p99_latency,False,5,7,train
17,Int8DynamicActivationInt8WeightConfig,int8,8,True,False,pytorch_quantized_p99_latency,0.015720364890639757,pytorch,p99_latency,False,5,7,train
18,Int8WeightOnlyConfig,int8,8,False,True,pytorch_relative_model_size,0.25,pytorch,model_size,True,5,7,train
19,Float8WeightOnlyConfig,float8,8,False,True,pytorch_relative_model_size,0.25,pytorch,model_size,True,5,7,train
20,Int8DynamicActivationInt8WeightConfig,int8,8,True,False,pytorch_relative_model_size,0.25,pytorch,model_size,True,5,7,train
21,Int8WeightOnlyConfig,int8,8,False,True,pytorch_relative_median_latency,2.792885514134066,pytorch,median_latency,True,5,7,train
22,Float8WeightOnlyConfig,float8,8,False,True,pytorch_relative_median_latency,2.8419152650017714,pytorch,median_latency,True,5,7,train
23,Int8DynamicActivationInt8WeightConfig,int8,8,True,False,pytorch_relative_median_latency,48.545459759805766,pytorch,median_latency,True,5,7,train
24,Int8WeightOnlyConfig,int8,8,False,True,pytorch_relative_p95_latency,2.7210071597587935,pytorch,p95_latency,True,5,7,train
25,Float8WeightOnlyConfig,float8,8,False,True,pytorch_relative_p95_latency,2.70549604107515,pytorch,p95_latency,True,5,7,train
26,Int8DynamicActivationInt8WeightConfig,int8,8,True,False,pytorch_relative_p95_latency,45.67500770983279,pytorch,p95_latency,True,5,7,train
27,Int8WeightOnlyConfig,int8,8,False,True,pytorch_relative_p99_latency,2.3192669787426783,pytorch,p99_latency,True,5,7,train
28,Float8WeightOnlyConfig,float8,8,False,True,pytorch_relative_p99_latency,2.499947571128782,pytorch,p99_latency,True,5,7,train
29,Int8DynamicActivationInt8WeightConfig,int8,8,True,False,pytorch_relative_p99_latency,36.72329584267852,pytorch,p99_latency,True,5,7,train
0,Int8WeightOnlyConfig,int8,8,False,True,pytorch_quantized_MAE,7.097377393117853,pytorch,MAE,False,5,7,test
1,Float8WeightOnlyConfig,float8,8,False,True,pytorch_quantized_MAE,7.086115796725254,pytorch,MAE,False,5,7,test
2,Int8DynamicActivationInt8WeightConfig,int8,8,True,False,pytorch_quantized_MAE,7.088820513979175,pytorch,MAE,False,5,7,test
3,Int8WeightOnlyConfig,int8,8,False,True,pytorch_relative_MAE,1.0012238971619924,pytorch,MAE,True,5,7,test
4,Float8WeightOnlyConfig,float8,8,False,True,pytorch_relative_MAE,0.9996352287280162,pytorch,MAE,True,5,7,test
5,Int8DynamicActivationInt8WeightConfig,int8,8,True,False,pytorch_relative_MAE,1.0000167819975827,pytorch,MAE,True,5,7,test
6,Int8WeightOnlyConfig,int8,8,False,True,pytorch_quantized_model_size,206337.0,pytorch,model_size,False,5,7,test
7,Float8WeightOnlyConfig,float8,8,False,True,pytorch_quantized_model_size,206337.0,pytorch,model_size,False,5,7,test
8,Int8DynamicActivationInt8WeightConfig,int8,8,True,False,pytorch_quantized_model_size,206337.0,pytorch,model_size,False,5,7,test
9,Int8WeightOnlyConfig,int8,8,False,True,pytorch_quantized_median_latency,0.0007153824999477365,pytorch,median_latency,False,5,7,test
10,Float8WeightOnlyConfig,float8,8,False,True,pytorch_quantized_median_latency,0.0007889485004852759,pytorch,median_latency,False,5,7,test
11,Int8DynamicActivationInt8WeightConfig,int8,8,True,False,pytorch_quantized_median_latency,0.013729659501223068,pytorch,median_latency,False,5,7,test
12,Int8WeightOnlyConfig,int8,8,False,True,pytorch_quantized_p95_latency,0.0008163749000232202,pytorch,p95_latency,False,5,7,test
13,Float8WeightOnlyConfig,float8,8,False,True,pytorch_quantized_p95_latency,0.0008987891005745037,pytorch,p95_latency,False,5,7,test
14,Int8DynamicActivationInt8WeightConfig,int8,8,True,False,pytorch_quantized_p95_latency,0.01492399760054468,pytorch,p95_latency,False,5,7,test
15,Int8WeightOnlyConfig,int8,8,False,True,pytorch_quantized_p99_latency,0.0010047903396116446,pytorch,p99_latency,False,5,7,test
16,Float8WeightOnlyConfig,float8,8,False,True,pytorch_quantized_p99_latency,0.001105090899745846,pytorch,p99_latency,False,5,7,test
17,Int8DynamicActivationInt8WeightConfig,int8,8,True,False,pytorch_quantized_p99_latency,0.015720552530456188,pytorch,p99_latency,False,5,7,test
18,Int8WeightOnlyConfig,int8,8,False,True,pytorch_relative_model_size,0.25,pytorch,model_size,True,5,7,test
19,Float8WeightOnlyConfig,float8,8,False,True,pytorch_relative_model_size,0.25,pytorch,model_size,True,5,7,test
20,Int8DynamicActivationInt8WeightConfig,int8,8,True,False,pytorch_relative_model_size,0.25,pytorch,model_size,True,5,7,test
21,Int8WeightOnlyConfig,int8,8,False,True,pytorch_relative_median_latency,2.538518717909613,pytorch,median_latency,True,5,7,test
22,Float8WeightOnlyConfig,float8,8,False,True,pytorch_relative_median_latency,2.7995660169139014,pytorch,median_latency,True,5,7,test
23,Int8DynamicActivationInt8WeightConfig,int8,8,True,False,pytorch_relative_median_latency,48.71938807131369,pytorch,median_latency,True,5,7,test
24,Int8WeightOnlyConfig,int8,8,False,True,pytorch_relative_p95_latency,2.3448244475712765,pytorch,p95_latency,True,5,7,test
25,Float8WeightOnlyConfig,float8,8,False,True,pytorch_relative_p95_latency,2.5815377912497692,pytorch,p95_latency,True,5,7,test
26,Int8DynamicActivationInt8WeightConfig,int8,8,True,False,pytorch_relative_p95_latency,42.86529929846802,pytorch,p95_latency,True,5,7,test
27,Int8WeightOnlyConfig,int8,8,False,True,pytorch_relative_p99_latency,2.352872000071337,pytorch,p99_latency,True,5,7,test
28,Float8WeightOnlyConfig,float8,8,False,True,pytorch_relative_p99_latency,2.5877412760065,pytorch,p99_latency,True,5,7,test
29,Int8DynamicActivationInt8WeightConfig,int8,8,True,False,pytorch_relative_p99_latency,36.812105387933116,pytorch,p99_latency,True,5,7,test
0,Int8WeightOnlyConfig,int8,8,False,True,pytorch_quantized_MAE,7.233121362791218,pytorch,MAE,False,5,8,train
1,Float8WeightOnlyConfig,float8,8,False,True,pytorch_quantized_MAE,7.223163073939289,pytorch,MAE,False,5,8,train
2,Int8DynamicActivationInt8WeightConfig,int8,8,True,False,pytorch_quantized_MAE,7.225724024562691,pytorch,MAE,False,5,8,train
3,Int8WeightOnlyConfig,int8,8,False,True,pytorch_relative_MAE,1.001267224895891,pytorch,MAE,True,5,8,train
4,Float8WeightOnlyConfig,float8,8,False,True,pytorch_relative_MAE,0.9998887179217406,pytorch,MAE,True,5,8,train
5,Int8DynamicActivationInt8WeightConfig,int8,8,True,False,pytorch_relative_MAE,1.0002432254427924,pytorch,MAE,True,5,8,train
6,Int8WeightOnlyConfig,int8,8,False,True,pytorch_quantized_model_size,206337.0,pytorch,model_size,False,5,8,train
7,Float8WeightOnlyConfig,float8,8,False,True,pytorch_quantized_model_size,206337.0,pytorch,model_size,False,5,8,train
8,Int8DynamicActivationInt8WeightConfig,int8,8,True,False,pytorch_quantized_model_size,206337.0,pytorch,model_size,False,5,8,train
9,Int8WeightOnlyConfig,int8,8,False,True,pytorch_quantized_median_latency,0.0006943504995433614,pytorch,median_latency,False,5,8,train
10,Float8WeightOnlyConfig,float8,8,False,True,pytorch_quantized_median_latency,0.0007856045003791223,pytorch,median_latency,False,5,8,train
11,Int8DynamicActivationInt8WeightConfig,int8,8,True,False,pytorch_quantized_median_latency,0.014006699499987008,pytorch,median_latency,False,5,8,train
12,Int8WeightOnlyConfig,int8,8,False,True,pytorch_quantized_p95_latency,0.0007880582489633524,pytorch,p95_latency,False,5,8,train
13,Float8WeightOnlyConfig,float8,8,False,True,pytorch_quantized_p95_latency,0.0009023474497553252,pytorch,p95_latency,False,5,8,train
14,Int8DynamicActivationInt8WeightConfig,int8,8,True,False,pytorch_quantized_p95_latency,0.015768096000374498,pytorch,p95_latency,False,5,8,train
15,Int8WeightOnlyConfig,int8,8,False,True,pytorch_quantized_p99_latency,0.0009129716805728079,pytorch,p99_latency,False,5,8,train
16,Float8WeightOnlyConfig,float8,8,False,True,pytorch_quantized_p99_latency,0.0010719880711076255,pytorch,p99_latency,False,5,8,train
17,Int8DynamicActivationInt8WeightConfig,int8,8,True,False,pytorch_quantized_p99_latency,0.01693069246024606,pytorch,p99_latency,False,5,8,train
18,Int8WeightOnlyConfig,int8,8,False,True,pytorch_relative_model_size,0.25,pytorch,model_size,True,5,8,train
19,Float8WeightOnlyConfig,float8,8,False,True,pytorch_relative_model_size,0.25,pytorch,model_size,True,5,8,train
20,Int8DynamicActivationInt8WeightConfig,int8,8,True,False,pytorch_relative_model_size,0.25,pytorch,model_size,True,5,8,train
21,Int8WeightOnlyConfig,int8,8,False,True,pytorch_relative_median_latency,2.568353441015345,pytorch,median_latency,True,5,8,train
22,Float8WeightOnlyConfig,float8,8,False,True,pytorch_relative_median_latency,2.9058955428890796,pytorch,median_latency,True,5,8,train
23,Int8DynamicActivationInt8WeightConfig,int8,8,True,False,pytorch_relative_median_latency,51.809791858316366,pytorch,median_latency,True,5,8,train
24,Int8WeightOnlyConfig,int8,8,False,True,pytorch_relative_p95_latency,2.3764252113651807,pytorch,p95_latency,True,5,8,train
25,Float8WeightOnlyConfig,float8,8,False,True,pytorch_relative_p95_latency,2.7210694537242905,pytorch,p95_latency,True,5,8,train
26,Int8DynamicActivationInt8WeightConfig,int8,8,True,False,pytorch_relative_p95_latency,47.549405034219745,pytorch,p95_latency,True,5,8,train
27,Int8WeightOnlyConfig,int8,8,False,True,pytorch_relative_p99_latency,2.443856489756121,pytorch,p99_latency,True,5,8,train
28,Float8WeightOnlyConfig,float8,8,False,True,pytorch_relative_p99_latency,2.869513984129098,pytorch,p99_latency,True,5,8,train
29,Int8DynamicActivationInt8WeightConfig,int8,8,True,False,pytorch_relative_p99_latency,45.32033525845787,pytorch,p99_latency,True,5,8,train
0,Int8WeightOnlyConfig,int8,8,False,True,pytorch_quantized_MAE,7.33260541217908,pytorch,MAE,False,5,8,test
1,Float8WeightOnlyConfig,float8,8,False,True,pytorch_quantized_MAE,7.3212661994367085,pytorch,MAE,False,5,8,test
2,Int8DynamicActivationInt8WeightConfig,int8,8,True,False,pytorch_quantized_MAE,7.324546693746257,pytorch,MAE,False,5,8,test
3,Int8WeightOnlyConfig,int8,8,False,True,pytorch_relative_MAE,1.0014126624052133,pytorch,MAE,True,5,8,test
4,Float8WeightOnlyConfig,float8,8,False,True,pytorch_relative_MAE,0.9998640680675094,pytorch,MAE,True,5,8,test
5,Int8DynamicActivationInt8WeightConfig,int8,8,True,False,pytorch_relative_MAE,1.0003120846122253,pytorch,MAE,True,5,8,test
6,Int8WeightOnlyConfig,int8,8,False,True,pytorch_quantized_model_size,206337.0,pytorch,model_size,False,5,8,test
7,Float8WeightOnlyConfig,float8,8,False,True,pytorch_quantized_model_size,206337.0,pytorch,model_size,False,5,8,test
8,Int8DynamicActivationInt8WeightConfig,int8,8,True,False,pytorch_quantized_model_size,206337.0,pytorch,model_size,False,5,8,test
9,Int8WeightOnlyConfig,int8,8,False,True,pytorch_quantized_median_latency,0.0006796939997002482,pytorch,median_latency,False,5,8,test
10,Float8WeightOnlyConfig,float8,8,False,True,pytorch_quantized_median_latency,0.0007945175002532778,pytorch,median_latency,False,5,8,test
11,Int8DynamicActivationInt8WeightConfig,int8,8,True,False,pytorch_quantized_median_latency,0.013670526999703725,pytorch,median_latency,False,5,8,test
12,Int8WeightOnlyConfig,int8,8,False,True,pytorch_quantized_p95_latency,0.0007805103489772591,pytorch,p95_latency,False,5,8,test
13,Float8WeightOnlyConfig,float8,8,False,True,pytorch_quantized_p95_latency,0.0009014481507620074,pytorch,p95_latency,False,5,8,test
14,Int8DynamicActivationInt8WeightConfig,int8,8,True,False,pytorch_quantized_p95_latency,0.015440281999690341,pytorch,p95_latency,False,5,8,test
15,Int8WeightOnlyConfig,int8,8,False,True,pytorch_quantized_p99_latency,0.0009418174406891921,pytorch,p99_latency,False,5,8,test
16,Float8WeightOnlyConfig,float8,8,False,True,pytorch_quantized_p99_latency,0.0010435146201962196,pytorch,p99_latency,False,5,8,test
17,Int8DynamicActivationInt8WeightConfig,int8,8,True,False,pytorch_quantized_p99_latency,0.01711194870036706,pytorch,p99_latency,False,5,8,test
18,Int8WeightOnlyConfig,int8,8,False,True,pytorch_relative_model_size,0.25,pytorch,model_size,True,5,8,test
19,Float8WeightOnlyConfig,float8,8,False,True,pytorch_relative_model_size,0.25,pytorch,model_size,True,5,8,test
20,Int8DynamicActivationInt8WeightConfig,int8,8,True,False,pytorch_relative_model_size,0.25,pytorch,model_size,True,5,8,test
21,Int8WeightOnlyConfig,int8,8,False,True,pytorch_relative_median_latency,2.589601503196067,pytorch,median_latency,True,5,8,test
22,Float8WeightOnlyConfig,float8,8,False,True,pytorch_relative_median_latency,3.0270735270266336,pytorch,median_latency,True,5,8,test
23,Int8DynamicActivationInt8WeightConfig,int8,8,True,False,pytorch_relative_median_latency,52.08405147541022,pytorch,median_latency,True,5,8,test
24,Int8WeightOnlyConfig,int8,8,False,True,pytorch_relative_p95_latency,2.4687823244134113,pytorch,p95_latency,True,5,8,test
25,Float8WeightOnlyConfig,float8,8,False,True,pytorch_relative_p95_latency,2.8513129440148415,pytorch,p95_latency,True,5,8,test
26,Int8DynamicActivationInt8WeightConfig,int8,8,True,False,pytorch_relative_p95_latency,48.838167661380616,pytorch,p95_latency,True,5,8,test
27,Int8WeightOnlyConfig,int8,8,False,True,pytorch_relative_p99_latency,2.4754363705915834,pytorch,p99_latency,True,5,8,test
28,Float8WeightOnlyConfig,float8,8,False,True,pytorch_relative_p99_latency,2.7427332861743507,pytorch,p99_latency,True,5,8,test
29,Int8DynamicActivationInt8WeightConfig,int8,8,True,False,pytorch_relative_p99_latency,44.976381148334475,pytorch,p99_latency,True,5,8,test
0,Int8WeightOnlyConfig,int8,8,False,True,pytorch_quantized_MAE,7.207076677435969,pytorch,MAE,False,5,9,train
1,Float8WeightOnlyConfig,float8,8,False,True,pytorch_quantized_MAE,7.19312271531679,pytorch,MAE,False,5,9,train
2,Int8DynamicActivationInt8WeightConfig,int8,8,True,False,pytorch_quantized_MAE,7.2020269161486965,pytorch,MAE,False,5,9,train
3,Int8WeightOnlyConfig,int8,8,False,True,pytorch_relative_MAE,1.0013224443068536,pytorch,MAE,True,5,9,train
4,Float8WeightOnlyConfig,float8,8,False,True,pytorch_relative_MAE,0.9993837365502556,pytorch,MAE,True,5,9,train
5,Int8DynamicActivationInt8WeightConfig,int8,8,True,False,pytorch_relative_MAE,1.0006208506452836,pytorch,MAE,True,5,9,train
6,Int8WeightOnlyConfig,int8,8,False,True,pytorch_quantized_model_size,206337.0,pytorch,model_size,False,5,9,train
7,Float8WeightOnlyConfig,float8,8,False,True,pytorch_quantized_model_size,206337.0,pytorch,model_size,False,5,9,train
8,Int8DynamicActivationInt8WeightConfig,int8,8,True,False,pytorch_quantized_model_size,206337.0,pytorch,model_size,False,5,9,train
9,Int8WeightOnlyConfig,int8,8,False,True,pytorch_quantized_median_latency,0.0007123385003069416,pytorch,median_latency,False,5,9,train
10,Float8WeightOnlyConfig,float8,8,False,True,pytorch_quantized_median_latency,0.0007974650006872253,pytorch,median_latency,False,5,9,train
11,Int8DynamicActivationInt8WeightConfig,int8,8,True,False,pytorch_quantized_median_latency,0.014237833500374109,pytorch,median_latency,False,5,9,train
12,Int8WeightOnlyConfig,int8,8,False,True,pytorch_quantized_p95_latency,0.0008171780486009083,pytorch,p95_latency,False,5,9,train
13,Float8WeightOnlyConfig,float8,8,False,True,pytorch_quantized_p95_latency,0.0009062576000360421,pytorch,p95_latency,False,5,9,train
14,Int8DynamicActivationInt8WeightConfig,int8,8,True,False,pytorch_quantized_p95_latency,0.016497838650047923,pytorch,p95_latency,False,5,9,train
15,Int8WeightOnlyConfig,int8,8,False,True,pytorch_quantized_p99_latency,0.0009198431697586783,pytorch,p99_latency,False,5,9,train
16,Float8WeightOnlyConfig,float8,8,False,True,pytorch_quantized_p99_latency,0.0011713953390062668,pytorch,p99_latency,False,5,9,train
17,Int8DynamicActivationInt8WeightConfig,int8,8,True,False,pytorch_quantized_p99_latency,0.01731638502076748,pytorch,p99_latency,False,5,9,train
18,Int8WeightOnlyConfig,int8,8,False,True,pytorch_relative_model_size,0.25,pytorch,model_size,True,5,9,train
19,Float8WeightOnlyConfig,float8,8,False,True,pytorch_relative_model_size,0.25,pytorch,model_size,True,5,9,train
20,Int8DynamicActivationInt8WeightConfig,int8,8,True,False,pytorch_relative_model_size,0.25,pytorch,model_size,True,5,9,train
21,Int8WeightOnlyConfig,int8,8,False,True,pytorch_relative_median_latency,2.512077453473213,pytorch,median_latency,True,5,9,train
22,Float8WeightOnlyConfig,float8,8,False,True,pytorch_relative_median_latency,2.8122779371003728,pytorch,median_latency,True,5,9,train
23,Int8DynamicActivationInt8WeightConfig,int8,8,True,False,pytorch_relative_median_latency,50.21003428452042,pytorch,median_latency,True,5,9,train
24,Int8WeightOnlyConfig,int8,8,False,True,pytorch_relative_p95_latency,2.417254928934584,pytorch,p95_latency,True,5,9,train
25,Float8WeightOnlyConfig,float8,8,False,True,pytorch_relative_p95_latency,2.6807568489170435,pytorch,p95_latency,True,5,9,train
26,Int8DynamicActivationInt8WeightConfig,int8,8,True,False,pytorch_relative_p95_latency,48.8014599289268,pytorch,p95_latency,True,5,9,train
27,Int8WeightOnlyConfig,int8,8,False,True,pytorch_relative_p99_latency,1.9001963039591006,pytorch,p99_latency,True,5,9,train
28,Float8WeightOnlyConfig,float8,8,False,True,pytorch_relative_p99_latency,2.419848477255735,pytorch,p99_latency,True,5,9,train
29,Int8DynamicActivationInt8WeightConfig,int8,8,True,False,pytorch_relative_p99_latency,35.77189231402092,pytorch,p99_latency,True,5,9,train
0,Int8WeightOnlyConfig,int8,8,False,True,pytorch_quantized_MAE,7.027071987808816,pytorch,MAE,False,5,9,test
1,Float8WeightOnlyConfig,float8,8,False,True,pytorch_quantized_MAE,7.012609458485529,pytorch,MAE,False,5,9,test
2,Int8DynamicActivationInt8WeightConfig,int8,8,True,False,pytorch_quantized_MAE,7.028213048811129,pytorch,MAE,False,5,9,test
3,Int8WeightOnlyConfig,int8,8,False,True,pytorch_relative_MAE,1.0013612960003402,pytorch,MAE,True,5,9,test
4,Float8WeightOnlyConfig,float8,8,False,True,pytorch_relative_MAE,0.9993003782906974,pytorch,MAE,True,5,9,test
5,Int8DynamicActivationInt8WeightConfig,int8,8,True,False,pytorch_relative_MAE,1.0015238977676302,pytorch,MAE,True,5,9,test
6,Int8WeightOnlyConfig,int8,8,False,True,pytorch_quantized_model_size,206337.0,pytorch,model_size,False,5,9,test
7,Float8WeightOnlyConfig,float8,8,False,True,pytorch_quantized_model_size,206337.0,pytorch,model_size,False,5,9,test
8,Int8DynamicActivationInt8WeightConfig,int8,8,True,False,pytorch_quantized_model_size,206337.0,pytorch,model_size,False,5,9,test
9,Int8WeightOnlyConfig,int8,8,False,True,pytorch_quantized_median_latency,0.0006727860009050346,pytorch,median_latency,False,5,9,test
10,Float8WeightOnlyConfig,float8,8,False,True,pytorch_quantized_median_latency,0.0007995254991328693,pytorch,median_latency,False,5,9,test
11,Int8DynamicActivationInt8WeightConfig,int8,8,True,False,pytorch_quantized_median_latency,0.013332657500541245,pytorch,median_latency,False,5,9,test
12,Int8WeightOnlyConfig,int8,8,False,True,pytorch_quantized_p95_latency,0.0007870222512792679,pytorch,p95_latency,False,5,9,test
13,Float8WeightOnlyConfig,float8,8,False,True,pytorch_quantized_p95_latency,0.0009041314003297882,pytorch,p95_latency,False,5,9,test
14,Int8DynamicActivationInt8WeightConfig,int8,8,True,False,pytorch_quantized_p95_latency,0.014461382750232586,pytorch,p95_latency,False,5,9,test
15,Int8WeightOnlyConfig,int8,8,False,True,pytorch_quantized_p99_latency,0.0010314297205331964,pytorch,p99_latency,False,5,9,test
16,Float8WeightOnlyConfig,float8,8,False,True,pytorch_quantized_p99_latency,0.0011165418201017018,pytorch,p99_latency,False,5,9,test
17,Int8DynamicActivationInt8WeightConfig,int8,8,True,False,pytorch_quantized_p99_latency,0.015348392499399779,pytorch,p99_latency,False,5,9,test
18,Int8WeightOnlyConfig,int8,8,False,True,pytorch_relative_model_size,0.25,pytorch,model_size,True,5,9,test
19,Float8WeightOnlyConfig,float8,8,False,True,pytorch_relative_model_size,0.25,pytorch,model_size,True,5,9,test
20,Int8DynamicActivationInt8WeightConfig,int8,8,True,False,pytorch_relative_model_size,0.25,pytorch,model_size,True,5,9,test
21,Int8WeightOnlyConfig,int8,8,False,True,pytorch_relative_median_latency,2.5241654153087185,pytorch,median_latency,True,5,9,test
22,Float8WeightOnlyConfig,float8,8,False,True,pytorch_relative_median_latency,2.999667964038827,pytorch,median_latency,True,5,9,test
23,Int8DynamicActivationInt8WeightConfig,int8,8,True,False,pytorch_relative_median_latency,50.02160109121075,pytorch,median_latency,True,5,9,test
24,Int8WeightOnlyConfig,int8,8,False,True,pytorch_relative_p95_latency,2.432240314493923,pytorch,p95_latency,True,5,9,test
25,Float8WeightOnlyConfig,float8,8,False,True,pytorch_relative_p95_latency,2.794158408999845,pytorch,p95_latency,True,5,9,test
26,Int8DynamicActivationInt8WeightConfig,int8,8,True,False,pytorch_relative_p95_latency,44.69194876163886,pytorch,p95_latency,True,5,9,test
27,Int8WeightOnlyConfig,int8,8,False,True,pytorch_relative_p99_latency,2.2019165881248877,pytorch,p99_latency,True,5,9,test
28,Float8WeightOnlyConfig,float8,8,False,True,pytorch_relative_p99_latency,2.3836155833731025,pytorch,p99_latency,True,5,9,test
29,Int8DynamicActivationInt8WeightConfig,int8,8,True,False,pytorch_relative_p99_latency,32.766052182410675,pytorch,p99_latency,True,5,9,test
0,Int8WeightOnlyConfig,int8,8,False,True,pytorch_quantized_MAE,7.2748590439871625,pytorch,MAE,False,5,10,train
1,Float8WeightOnlyConfig,float8,8,False,True,pytorch_quantized_MAE,7.2629091956755465,pytorch,MAE,False,5,10,train
2,Int8DynamicActivationInt8WeightConfig,int8,8,True,False,pytorch_quantized_MAE,7.2690889989668905,pytorch,MAE,False,5,10,train
3,Int8WeightOnlyConfig,int8,8,False,True,pytorch_relative_MAE,1.001221919901944,pytorch,MAE,True,5,10,train
4,Float8WeightOnlyConfig,float8,8,False,True,pytorch_relative_MAE,0.9995772900889468,pytorch,MAE,True,5,10,train
5,Int8DynamicActivationInt8WeightConfig,int8,8,True,False,pytorch_relative_MAE,1.000427802034067,pytorch,MAE,True,5,10,train
6,Int8WeightOnlyConfig,int8,8,False,True,pytorch_quantized_model_size,206337.0,pytorch,model_size,False,5,10,train
7,Float8WeightOnlyConfig,float8,8,False,True,pytorch_quantized_model_size,206337.0,pytorch,model_size,False,5,10,train
8,Int8DynamicActivationInt8WeightConfig,int8,8,True,False,pytorch_quantized_model_size,206337.0,pytorch,model_size,False,5,10,train
9,Int8WeightOnlyConfig,int8,8,False,True,pytorch_quantized_median_latency,0.0007186515003922977,pytorch,median_latency,False,5,10,train
10,Float8WeightOnlyConfig,float8,8,False,True,pytorch_quantized_median_latency,0.0007862229995225789,pytorch,median_latency,False,5,10,train
11,Int8DynamicActivationInt8WeightConfig,int8,8,True,False,pytorch_quantized_median_latency,0.014321903000563907,pytorch,median_latency,False,5,10,train
12,Int8WeightOnlyConfig,int8,8,False,True,pytorch_quantized_p95_latency,0.0008189794990357768,pytorch,p95_latency,False,5,10,train
13,Float8WeightOnlyConfig,float8,8,False,True,pytorch_quantized_p95_latency,0.0008856297996317151,pytorch,p95_latency,False,5,10,train
14,Int8DynamicActivationInt8WeightConfig,int8,8,True,False,pytorch_quantized_p95_latency,0.01649748979871219,pytorch,p95_latency,False,5,10,train
15,Int8WeightOnlyConfig,int8,8,False,True,pytorch_quantized_p99_latency,0.000931650650982192,pytorch,p99_latency,False,5,10,train
16,Float8WeightOnlyConfig,float8,8,False,True,pytorch_quantized_p99_latency,0.0010636969295956078,pytorch,p99_latency,False,5,10,train
17,Int8DynamicActivationInt8WeightConfig,int8,8,True,False,pytorch_quantized_p99_latency,0.0172101156286044,pytorch,p99_latency,False,5,10,train
18,Int8WeightOnlyConfig,int8,8,False,True,pytorch_relative_model_size,0.25,pytorch,model_size,True,5,10,train
19,Float8WeightOnlyConfig,float8,8,False,True,pytorch_relative_model_size,0.25,pytorch,model_size,True,5,10,train
20,Int8DynamicActivationInt8WeightConfig,int8,8,True,False,pytorch_relative_model_size,0.25,pytorch,model_size,True,5,10,train
21,Int8WeightOnlyConfig,int8,8,False,True,pytorch_relative_median_latency,2.5501277455841276,pytorch,median_latency,True,5,10,train
22,Float8WeightOnlyConfig,float8,8,False,True,pytorch_relative_median_latency,2.7899045423330104,pytorch,median_latency,True,5,10,train
23,Int8DynamicActivationInt8WeightConfig,int8,8,True,False,pytorch_relative_median_latency,50.82113123171046,pytorch,median_latency,True,5,10,train
24,Int8WeightOnlyConfig,int8,8,False,True,pytorch_relative_p95_latency,2.4384481091390424,pytorch,p95_latency,True,5,10,train
25,Float8WeightOnlyConfig,float8,8,False,True,pytorch_relative_p95_latency,2.6368942236670136,pytorch,p95_latency,True,5,10,train
26,Int8DynamicActivationInt8WeightConfig,int8,8,True,False,pytorch_relative_p95_latency,49.1199997711457,pytorch,p95_latency,True,5,10,train
27,Int8WeightOnlyConfig,int8,8,False,True,pytorch_relative_p99_latency,2.3823800267176414,pytorch,p99_latency,True,5,10,train
28,Float8WeightOnlyConfig,float8,8,False,True,pytorch_relative_p99_latency,2.7200435236940503,pytorch,p99_latency,True,5,10,train
29,Int8DynamicActivationInt8WeightConfig,int8,8,True,False,pytorch_relative_p99_latency,44.00902386303593,pytorch,p99_latency,True,5,10,train
0,Int8WeightOnlyConfig,int8,8,False,True,pytorch_quantized_MAE,7.20154978482093,pytorch,MAE,False,5,10,test
1,Float8WeightOnlyConfig,float8,8,False,True,pytorch_quantized_MAE,7.1927450400753505,pytorch,MAE,False,5,10,test
2,Int8DynamicActivationInt8WeightConfig,int8,8,True,False,pytorch_quantized_MAE,7.201830457542039,pytorch,MAE,False,5,10,test
3,Int8WeightOnlyConfig,int8,8,False,True,pytorch_relative_MAE,1.001433566855662,pytorch,MAE,True,5,10,test
4,Float8WeightOnlyConfig,float8,8,False,True,pytorch_relative_MAE,1.000209196102244,pytorch,MAE,True,5,10,test
5,Int8DynamicActivationInt8WeightConfig,int8,8,True,False,pytorch_relative_MAE,1.0014725966607203,pytorch,MAE,True,5,10,test
6,Int8WeightOnlyConfig,int8,8,False,True,pytorch_quantized_model_size,206337.0,pytorch,model_size,False,5,10,test
7,Float8WeightOnlyConfig,float8,8,False,True,pytorch_quantized_model_size,206337.0,pytorch,model_size,False,5,10,test
8,Int8DynamicActivationInt8WeightConfig,int8,8,True,False,pytorch_quantized_model_size,206337.0,pytorch,model_size,False,5,10,test
9,Int8WeightOnlyConfig,int8,8,False,True,pytorch_quantized_median_latency,0.0006898459996591555,pytorch,median_latency,False,5,10,test
10,Float8WeightOnlyConfig,float8,8,False,True,pytorch_quantized_median_latency,0.00079883900070854,pytorch,median_latency,False,5,10,test
11,Int8DynamicActivationInt8WeightConfig,int8,8,True,False,pytorch_quantized_median_latency,0.013323362501068914,pytorch,median_latency,False,5,10,test
12,Int8WeightOnlyConfig,int8,8,False,True,pytorch_quantized_p95_latency,0.0007767516512103611,pytorch,p95_latency,False,5,10,test
13,Float8WeightOnlyConfig,float8,8,False,True,pytorch_quantized_p95_latency,0.0009282414999688624,pytorch,p95_latency,False,5,10,test
14,Int8DynamicActivationInt8WeightConfig,int8,8,True,False,pytorch_quantized_p95_latency,0.014526972548537742,pytorch,p95_latency,False,5,10,test
15,Int8WeightOnlyConfig,int8,8,False,True,pytorch_quantized_p99_latency,0.0008950187497794101,pytorch,p99_latency,False,5,10,test
16,Float8WeightOnlyConfig,float8,8,False,True,pytorch_quantized_p99_latency,0.0010186753889865935,pytorch,p99_latency,False,5,10,test
17,Int8DynamicActivationInt8WeightConfig,int8,8,True,False,pytorch_quantized_p99_latency,0.015319984369943996,pytorch,p99_latency,False,5,10,test
18,Int8WeightOnlyConfig,int8,8,False,True,pytorch_relative_model_size,0.25,pytorch,model_size,True,5,10,test
19,Float8WeightOnlyConfig,float8,8,False,True,pytorch_relative_model_size,0.25,pytorch,model_size,True,5,10,test
20,Int8DynamicActivationInt8WeightConfig,int8,8,True,False,pytorch_relative_model_size,0.25,pytorch,model_size,True,5,10,test
21,Int8WeightOnlyConfig,int8,8,False,True,pytorch_relative_median_latency,2.528760987870338,pytorch,median_latency,True,5,10,test
22,Float8WeightOnlyConfig,float8,8,False,True,pytorch_relative_median_latency,2.9282954479393584,pytorch,median_latency,True,5,10,test
23,Int8DynamicActivationInt8WeightConfig,int8,8,True,False,pytorch_relative_median_latency,48.83930520232668,pytorch,median_latency,True,5,10,test
24,Int8WeightOnlyConfig,int8,8,False,True,pytorch_relative_p95_latency,2.4729367296812077,pytorch,p95_latency,True,5,10,test
25,Float8WeightOnlyConfig,float8,8,False,True,pytorch_relative_p95_latency,2.9552334980047714,pytorch,p95_latency,True,5,10,test
26,Int8DynamicActivationInt8WeightConfig,int8,8,True,False,pytorch_relative_p95_latency,46.2493821936151,pytorch,p95_latency,True,5,10,test
27,Int8WeightOnlyConfig,int8,8,False,True,pytorch_relative_p99_latency,2.2100840985099994,pytorch,p99_latency,True,5,10,test
28,Float8WeightOnlyConfig,float8,8,False,True,pytorch_relative_p99_latency,2.5154314133616054,pytorch,p99_latency,True,5,10,test
29,Int8DynamicActivationInt8WeightConfig,int8,8,True,False,pytorch_relative_p99_latency,37.82988217149624,pytorch,p99_latency,True,5,10,test
0,Int8WeightOnlyConfig,int8,8,False,True,pytorch_quantized_MAE,7.253437178803881,pytorch,MAE,False,6,1,train
1,Float8WeightOnlyConfig,float8,8,False,True,pytorch_quantized_MAE,7.2421085428752905,pytorch,MAE,False,6,1,train
2,Int8DynamicActivationInt8WeightConfig,int8,8,True,False,pytorch_quantized_MAE,7.248077943333312,pytorch,MAE,False,6,1,train
3,Int8WeightOnlyConfig,int8,8,False,True,pytorch_relative_MAE,1.0012514604445932,pytorch,MAE,True,6,1,train
4,Float8WeightOnlyConfig,float8,8,False,True,pytorch_relative_MAE,0.9996876758568544,pytorch,MAE,True,6,1,train
5,Int8DynamicActivationInt8WeightConfig,int8,8,True,False,pytorch_relative_MAE,1.000511681191048,pytorch,MAE,True,6,1,train
6,Int8WeightOnlyConfig,int8,8,False,True,pytorch_quantized_model_size,206337.0,pytorch,model_size,False,6,1,train
7,Float8WeightOnlyConfig,float8,8,False,True,pytorch_quantized_model_size,206337.0,pytorch,model_size,False,6,1,train
8,Int8DynamicActivationInt8WeightConfig,int8,8,True,False,pytorch_quantized_model_size,206337.0,pytorch,model_size,False,6,1,train
9,Int8WeightOnlyConfig,int8,8,False,True,pytorch_quantized_median_latency,0.000689604000399413,pytorch,median_latency,False,6,1,train
10,Float8WeightOnlyConfig,float8,8,False,True,pytorch_quantized_median_latency,0.0007077595000737347,pytorch,median_latency,False,6,1,train
11,Int8DynamicActivationInt8WeightConfig,int8,8,True,False,pytorch_quantized_median_latency,0.01473048000025301,pytorch,median_latency,False,6,1,train
12,Int8WeightOnlyConfig,int8,8,False,True,pytorch_quantized_p95_latency,0.0007743753993963764,pytorch,p95_latency,False,6,1,train
13,Float8WeightOnlyConfig,float8,8,False,True,pytorch_quantized_p95_latency,0.0007700788007241498,pytorch,p95_latency,False,6,1,train
14,Int8DynamicActivationInt8WeightConfig,int8,8,True,False,pytorch_quantized_p95_latency,0.01680231425052625,pytorch,p95_latency,False,6,1,train
15,Int8WeightOnlyConfig,int8,8,False,True,pytorch_quantized_p99_latency,0.0008589885791298001,pytorch,p99_latency,False,6,1,train
16,Float8WeightOnlyConfig,float8,8,False,True,pytorch_quantized_p99_latency,0.0008195057095690573,pytorch,p99_latency,False,6,1,train
17,Int8DynamicActivationInt8WeightConfig,int8,8,True,False,pytorch_quantized_p99_latency,0.017667044871504913,pytorch,p99_latency,False,6,1,train
18,Int8WeightOnlyConfig,int8,8,False,True,pytorch_relative_model_size,0.25,pytorch,model_size,True,6,1,train
19,Float8WeightOnlyConfig,float8,8,False,True,pytorch_relative_model_size,0.25,pytorch,model_size,True,6,1,train
20,Int8DynamicActivationInt8WeightConfig,int8,8,True,False,pytorch_relative_model_size,0.25,pytorch,model_size,True,6,1,train
21,Int8WeightOnlyConfig,int8,8,False,True,pytorch_relative_median_latency,2.0968702248904325,pytorch,median_latency,True,6,1,train
22,Float8WeightOnlyConfig,float8,8,False,True,pytorch_relative_median_latency,2.152075424777677,pytorch,median_latency,True,6,1,train
23,Int8DynamicActivationInt8WeightConfig,int8,8,True,False,pytorch_relative_median_latency,44.790785571116935,pytorch,median_latency,True,6,1,train
24,Int8WeightOnlyConfig,int8,8,False,True,pytorch_relative_p95_latency,2.0959751037882093,pytorch,p95_latency,True,6,1,train
25,Float8WeightOnlyConfig,float8,8,False,True,pytorch_relative_p95_latency,2.084345648804262,pytorch,p95_latency,True,6,1,train
26,Int8DynamicActivationInt8WeightConfig,int8,8,True,False,pytorch_relative_p95_latency,45.47824270060827,pytorch,p95_latency,True,6,1,train
27,Int8WeightOnlyConfig,int8,8,False,True,pytorch_relative_p99_latency,1.9494432493222489,pytorch,p99_latency,True,6,1,train
28,Float8WeightOnlyConfig,float8,8,False,True,pytorch_relative_p99_latency,1.8598383169644344,pytorch,p99_latency,True,6,1,train
29,Int8DynamicActivationInt8WeightConfig,int8,8,True,False,pytorch_relative_p99_latency,40.0947139426684,pytorch,p99_latency,True,6,1,train
0,Int8WeightOnlyConfig,int8,8,False,True,pytorch_quantized_MAE,7.3265249587854795,pytorch,MAE,False,6,1,test
1,Float8WeightOnlyConfig,float8,8,False,True,pytorch_quantized_MAE,7.314921618629376,pytorch,MAE,False,6,1,test
2,Int8DynamicActivationInt8WeightConfig,int8,8,True,False,pytorch_quantized_MAE,7.3231338185178485,pytorch,MAE,False,6,1,test
3,Int8WeightOnlyConfig,int8,8,False,True,pytorch_relative_MAE,1.0010944111144684,pytorch,MAE,True,6,1,test
4,Float8WeightOnlyConfig,float8,8,False,True,pytorch_relative_MAE,0.9995089338184951,pytorch,MAE,True,6,1,test
5,Int8DynamicActivationInt8WeightConfig,int8,8,True,False,pytorch_relative_MAE,1.0006310466151556,pytorch,MAE,True,6,1,test
6,Int8WeightOnlyConfig,int8,8,False,True,pytorch_quantized_model_size,206337.0,pytorch,model_size,False,6,1,test
7,Float8WeightOnlyConfig,float8,8,False,True,pytorch_quantized_model_size,206337.0,pytorch,model_size,False,6,1,test
8,Int8DynamicActivationInt8WeightConfig,int8,8,True,False,pytorch_quantized_model_size,206337.0,pytorch,model_size,False,6,1,test
9,Int8WeightOnlyConfig,int8,8,False,True,pytorch_quantized_median_latency,0.0006521269997392665,pytorch,median_latency,False,6,1,test
10,Float8WeightOnlyConfig,float8,8,False,True,pytorch_quantized_median_latency,0.0007815235003363341,pytorch,median_latency,False,6,1,test
11,Int8DynamicActivationInt8WeightConfig,int8,8,True,False,pytorch_quantized_median_latency,0.014974065999922459,pytorch,median_latency,False,6,1,test
12,Int8WeightOnlyConfig,int8,8,False,True,pytorch_quantized_p95_latency,0.0007079162993250066,pytorch,p95_latency,False,6,1,test
13,Float8WeightOnlyConfig,float8,8,False,True,pytorch_quantized_p95_latency,0.0008633272488623333,pytorch,p95_latency,False,6,1,test
14,Int8DynamicActivationInt8WeightConfig,int8,8,True,False,pytorch_quantized_p95_latency,0.016709158299818224,pytorch,p95_latency,False,6,1,test
15,Int8WeightOnlyConfig,int8,8,False,True,pytorch_quantized_p99_latency,0.0007660749904243858,pytorch,p99_latency,False,6,1,test
16,Float8WeightOnlyConfig,float8,8,False,True,pytorch_quantized_p99_latency,0.0009304376601539841,pytorch,p99_latency,False,6,1,test
17,Int8DynamicActivationInt8WeightConfig,int8,8,True,False,pytorch_quantized_p99_latency,0.0172242867899331,pytorch,p99_latency,False,6,1,test
18,Int8WeightOnlyConfig,int8,8,False,True,pytorch_relative_model_size,0.25,pytorch,model_size,True,6,1,test
19,Float8WeightOnlyConfig,float8,8,False,True,pytorch_relative_model_size,0.25,pytorch,model_size,True,6,1,test
20,Int8DynamicActivationInt8WeightConfig,int8,8,True,False,pytorch_relative_model_size,0.25,pytorch,model_size,True,6,1,test
21,Int8WeightOnlyConfig,int8,8,False,True,pytorch_relative_median_latency,2.0232127731817577,pytorch,median_latency,True,6,1,test
22,Float8WeightOnlyConfig,float8,8,False,True,pytorch_relative_median_latency,2.424663185321847,pytorch,median_latency,True,6,1,test
23,Int8DynamicActivationInt8WeightConfig,int8,8,True,False,pytorch_relative_median_latency,46.45678159257726,pytorch,median_latency,True,6,1,test
24,Int8WeightOnlyConfig,int8,8,False,True,pytorch_relative_p95_latency,1.9973131861651172,pytorch,p95_latency,True,6,1,test
25,Float8WeightOnlyConfig,float8,8,False,True,pytorch_relative_p95_latency,2.4357892306937043,pytorch,p95_latency,True,6,1,test
26,Int8DynamicActivationInt8WeightConfig,int8,8,True,False,pytorch_relative_p95_latency,47.14317530726243,pytorch,p95_latency,True,6,1,test
27,Int8WeightOnlyConfig,int8,8,False,True,pytorch_relative_p99_latency,1.9930322824430349,pytorch,p99_latency,True,6,1,test
28,Float8WeightOnlyConfig,float8,8,False,True,pytorch_relative_p99_latency,2.420640690097932,pytorch,p99_latency,True,6,1,test
29,Int8DynamicActivationInt8WeightConfig,int8,8,True,False,pytorch_relative_p99_latency,44.81096504061129,pytorch,p99_latency,True,6,1,test
0,Int8WeightOnlyConfig,int8,8,False,True,pytorch_quantized_MAE,7.255816864593131,pytorch,MAE,False,6,2,train
1,Float8WeightOnlyConfig,float8,8,False,True,pytorch_quantized_MAE,7.243466741046005,pytorch,MAE,False,6,2,train
2,Int8DynamicActivationInt8WeightConfig,int8,8,True,False,pytorch_quantized_MAE,7.248734996065275,pytorch,MAE,False,6,2,train
3,Int8WeightOnlyConfig,int8,8,False,True,pytorch_relative_MAE,1.0012598706825944,pytorch,MAE,True,6,2,train
4,Float8WeightOnlyConfig,float8,8,False,True,pytorch_relative_MAE,0.9995556265793492,pytorch,MAE,True,6,2,train
5,Int8DynamicActivationInt8WeightConfig,int8,8,True,False,pytorch_relative_MAE,1.0002826146549522,pytorch,MAE,True,6,2,train
6,Int8WeightOnlyConfig,int8,8,False,True,pytorch_quantized_model_size,206337.0,pytorch,model_size,False,6,2,train
7,Float8WeightOnlyConfig,float8,8,False,True,pytorch_quantized_model_size,206337.0,pytorch,model_size,False,6,2,train
8,Int8DynamicActivationInt8WeightConfig,int8,8,True,False,pytorch_quantized_model_size,206337.0,pytorch,model_size,False,6,2,train
9,Int8WeightOnlyConfig,int8,8,False,True,pytorch_quantized_median_latency,0.0006925259995114175,pytorch,median_latency,False,6,2,train
10,Float8WeightOnlyConfig,float8,8,False,True,pytorch_quantized_median_latency,0.0007293489998119185,pytorch,median_latency,False,6,2,train
11,Int8DynamicActivationInt8WeightConfig,int8,8,True,False,pytorch_quantized_median_latency,0.014463915998931043,pytorch,median_latency,False,6,2,train
12,Int8WeightOnlyConfig,int8,8,False,True,pytorch_quantized_p95_latency,0.000782976800110191,pytorch,p95_latency,False,6,2,train
13,Float8WeightOnlyConfig,float8,8,False,True,pytorch_quantized_p95_latency,0.0008567981503802002,pytorch,p95_latency,False,6,2,train
14,Int8DynamicActivationInt8WeightConfig,int8,8,True,False,pytorch_quantized_p95_latency,0.01683861135061306,pytorch,p95_latency,False,6,2,train
15,Int8WeightOnlyConfig,int8,8,False,True,pytorch_quantized_p99_latency,0.0008643846894301532,pytorch,p99_latency,False,6,2,train
16,Float8WeightOnlyConfig,float8,8,False,True,pytorch_quantized_p99_latency,0.0009404471006382663,pytorch,p99_latency,False,6,2,train
17,Int8DynamicActivationInt8WeightConfig,int8,8,True,False,pytorch_quantized_p99_latency,0.017666252739727495,pytorch,p99_latency,False,6,2,train
18,Int8WeightOnlyConfig,int8,8,False,True,pytorch_relative_model_size,0.25,pytorch,model_size,True,6,2,train
19,Float8WeightOnlyConfig,float8,8,False,True,pytorch_relative_model_size,0.25,pytorch,model_size,True,6,2,train
20,Int8DynamicActivationInt8WeightConfig,int8,8,True,False,pytorch_relative_model_size,0.25,pytorch,model_size,True,6,2,train
21,Int8WeightOnlyConfig,int8,8,False,True,pytorch_relative_median_latency,2.107568705648761,pytorch,median_latency,True,6,2,train
22,Float8WeightOnlyConfig,float8,8,False,True,pytorch_relative_median_latency,2.2196323727691047,pytorch,median_latency,True,6,2,train
23,Int8DynamicActivationInt8WeightConfig,int8,8,True,False,pytorch_relative_median_latency,44.01812602268505,pytorch,median_latency,True,6,2,train
24,Int8WeightOnlyConfig,int8,8,False,True,pytorch_relative_p95_latency,2.0977671537887783,pytorch,p95_latency,True,6,2,train
25,Float8WeightOnlyConfig,float8,8,False,True,pytorch_relative_p95_latency,2.2955507967051045,pytorch,p95_latency,True,6,2,train
26,Int8DynamicActivationInt8WeightConfig,int8,8,True,False,pytorch_relative_p95_latency,45.11434540813953,pytorch,p95_latency,True,6,2,train
27,Int8WeightOnlyConfig,int8,8,False,True,pytorch_relative_p99_latency,2.0537502133011483,pytorch,p99_latency,True,6,2,train
28,Float8WeightOnlyConfig,float8,8,False,True,pytorch_relative_p99_latency,2.234472055269272,pytorch,p99_latency,True,6,2,train
29,Int8DynamicActivationInt8WeightConfig,int8,8,True,False,pytorch_relative_p99_latency,41.974448154983335,pytorch,p99_latency,True,6,2,train
0,Int8WeightOnlyConfig,int8,8,False,True,pytorch_quantized_MAE,7.040497479299723,pytorch,MAE,False,6,2,test
1,Float8WeightOnlyConfig,float8,8,False,True,pytorch_quantized_MAE,7.028951097633742,pytorch,MAE,False,6,2,test
2,Int8DynamicActivationInt8WeightConfig,int8,8,True,False,pytorch_quantized_MAE,7.03658893976364,pytorch,MAE,False,6,2,test
3,Int8WeightOnlyConfig,int8,8,False,True,pytorch_relative_MAE,1.0011149313134207,pytorch,MAE,True,6,2,test
4,Float8WeightOnlyConfig,float8,8,False,True,pytorch_relative_MAE,0.9994731076891039,pytorch,MAE,True,6,2,test
5,Int8DynamicActivationInt8WeightConfig,int8,8,True,False,pytorch_relative_MAE,1.0005591613126918,pytorch,MAE,True,6,2,test
6,Int8WeightOnlyConfig,int8,8,False,True,pytorch_quantized_model_size,206337.0,pytorch,model_size,False,6,2,test
7,Float8WeightOnlyConfig,float8,8,False,True,pytorch_quantized_model_size,206337.0,pytorch,model_size,False,6,2,test
8,Int8DynamicActivationInt8WeightConfig,int8,8,True,False,pytorch_quantized_model_size,206337.0,pytorch,model_size,False,6,2,test
9,Int8WeightOnlyConfig,int8,8,False,True,pytorch_quantized_median_latency,0.0006625565010835999,pytorch,median_latency,False,6,2,test
10,Float8WeightOnlyConfig,float8,8,False,True,pytorch_quantized_median_latency,0.0007079570004862035,pytorch,median_latency,False,6,2,test
11,Int8DynamicActivationInt8WeightConfig,int8,8,True,False,pytorch_quantized_median_latency,0.014405521999833582,pytorch,median_latency,False,6,2,test
12,Int8WeightOnlyConfig,int8,8,False,True,pytorch_quantized_p95_latency,0.000767683999856672,pytorch,p95_latency,False,6,2,test
13,Float8WeightOnlyConfig,float8,8,False,True,pytorch_quantized_p95_latency,0.0007909618999292434,pytorch,p95_latency,False,6,2,test
14,Int8DynamicActivationInt8WeightConfig,int8,8,True,False,pytorch_quantized_p95_latency,0.01630557790113016,pytorch,p95_latency,False,6,2,test
15,Int8WeightOnlyConfig,int8,8,False,True,pytorch_quantized_p99_latency,0.0008376855912865721,pytorch,p99_latency,False,6,2,test
16,Float8WeightOnlyConfig,float8,8,False,True,pytorch_quantized_p99_latency,0.0008672966607082341,pytorch,p99_latency,False,6,2,test
17,Int8DynamicActivationInt8WeightConfig,int8,8,True,False,pytorch_quantized_p99_latency,0.016894043300962946,pytorch,p99_latency,False,6,2,test
18,Int8WeightOnlyConfig,int8,8,False,True,pytorch_relative_model_size,0.25,pytorch,model_size,True,6,2,test
19,Float8WeightOnlyConfig,float8,8,False,True,pytorch_relative_model_size,0.25,pytorch,model_size,True,6,2,test
20,Int8DynamicActivationInt8WeightConfig,int8,8,True,False,pytorch_relative_model_size,0.25,pytorch,model_size,True,6,2,test
21,Int8WeightOnlyConfig,int8,8,False,True,pytorch_relative_median_latency,2.0519414347634397,pytorch,median_latency,True,6,2,test
22,Float8WeightOnlyConfig,float8,8,False,True,pytorch_relative_median_latency,2.192547052142176,pytorch,median_latency,True,6,2,test
23,Int8DynamicActivationInt8WeightConfig,int8,8,True,False,pytorch_relative_median_latency,44.6139875354194,pytorch,median_latency,True,6,2,test
24,Int8WeightOnlyConfig,int8,8,False,True,pytorch_relative_p95_latency,2.076095058225002,pytorch,p95_latency,True,6,2,test
25,Float8WeightOnlyConfig,float8,8,False,True,pytorch_relative_p95_latency,2.1390469151290716,pytorch,p95_latency,True,6,2,test
26,Int8DynamicActivationInt8WeightConfig,int8,8,True,False,pytorch_relative_p95_latency,44.09617721400908,pytorch,p95_latency,True,6,2,test
27,Int8WeightOnlyConfig,int8,8,False,True,pytorch_relative_p99_latency,1.856886523054308,pytorch,p99_latency,True,6,2,test
28,Float8WeightOnlyConfig,float8,8,False,True,pytorch_relative_p99_latency,1.9225249873113583,pytorch,p99_latency,True,6,2,test
29,Int8DynamicActivationInt8WeightConfig,int8,8,True,False,pytorch_relative_p99_latency,37.44880137817988,pytorch,p99_latency,True,6,2,test
0,Int8WeightOnlyConfig,int8,8,False,True,pytorch_quantized_MAE,7.291473670328436,pytorch,MAE,False,6,3,train
1,Float8WeightOnlyConfig,float8,8,False,True,pytorch_quantized_MAE,7.278459361141779,pytorch,MAE,False,6,3,train
2,Int8DynamicActivationInt8WeightConfig,int8,8,True,False,pytorch_quantized_MAE,7.286422918758221,pytorch,MAE,False,6,3,train
3,Int8WeightOnlyConfig,int8,8,False,True,pytorch_relative_MAE,1.00126885330462,pytorch,MAE,True,6,3,train
4,Float8WeightOnlyConfig,float8,8,False,True,pytorch_relative_MAE,0.9994817217829218,pytorch,MAE,True,6,3,train
5,Int8DynamicActivationInt8WeightConfig,int8,8,True,False,pytorch_relative_MAE,1.0005752815437268,pytorch,MAE,True,6,3,train
6,Int8WeightOnlyConfig,int8,8,False,True,pytorch_quantized_model_size,206337.0,pytorch,model_size,False,6,3,train
7,Float8WeightOnlyConfig,float8,8,False,True,pytorch_quantized_model_size,206337.0,pytorch,model_size,False,6,3,train
8,Int8DynamicActivationInt8WeightConfig,int8,8,True,False,pytorch_quantized_model_size,206337.0,pytorch,model_size,False,6,3,train
9,Int8WeightOnlyConfig,int8,8,False,True,pytorch_quantized_median_latency,0.0006636885000261827,pytorch,median_latency,False,6,3,train
10,Float8WeightOnlyConfig,float8,8,False,True,pytorch_quantized_median_latency,0.0007412770000883029,pytorch,median_latency,False,6,3,train
11,Int8DynamicActivationInt8WeightConfig,int8,8,True,False,pytorch_quantized_median_latency,0.014875503499752085,pytorch,median_latency,False,6,3,train
12,Int8WeightOnlyConfig,int8,8,False,True,pytorch_quantized_p95_latency,0.0007330321993322286,pytorch,p95_latency,False,6,3,train
13,Float8WeightOnlyConfig,float8,8,False,True,pytorch_quantized_p95_latency,0.0008168317993295204,pytorch,p95_latency,False,6,3,train
14,Int8DynamicActivationInt8WeightConfig,int8,8,True,False,pytorch_quantized_p95_latency,0.01766187374978472,pytorch,p95_latency,False,6,3,train
15,Int8WeightOnlyConfig,int8,8,False,True,pytorch_quantized_p99_latency,0.00081533144979403,pytorch,p99_latency,False,6,3,train
16,Float8WeightOnlyConfig,float8,8,False,True,pytorch_quantized_p99_latency,0.0009237583194590114,pytorch,p99_latency,False,6,3,train
17,Int8DynamicActivationInt8WeightConfig,int8,8,True,False,pytorch_quantized_p99_latency,0.018575024069268694,pytorch,p99_latency,False,6,3,train
18,Int8WeightOnlyConfig,int8,8,False,True,pytorch_relative_model_size,0.25,pytorch,model_size,True,6,3,train
19,Float8WeightOnlyConfig,float8,8,False,True,pytorch_relative_model_size,0.25,pytorch,model_size,True,6,3,train
20,Int8DynamicActivationInt8WeightConfig,int8,8,True,False,pytorch_relative_model_size,0.25,pytorch,model_size,True,6,3,train
21,Int8WeightOnlyConfig,int8,8,False,True,pytorch_relative_median_latency,2.1041254216644627,pytorch,median_latency,True,6,3,train
22,Float8WeightOnlyConfig,float8,8,False,True,pytorch_relative_median_latency,2.3501081912967243,pytorch,median_latency,True,6,3,train
23,Int8DynamicActivationInt8WeightConfig,int8,8,True,False,pytorch_relative_median_latency,47.16056564585985,pytorch,median_latency,True,6,3,train
24,Int8WeightOnlyConfig,int8,8,False,True,pytorch_relative_p95_latency,2.139945717662741,pytorch,p95_latency,True,6,3,train
25,Float8WeightOnlyConfig,float8,8,False,True,pytorch_relative_p95_latency,2.3845824407417773,pytorch,p95_latency,True,6,3,train
26,Int8DynamicActivationInt8WeightConfig,int8,8,True,False,pytorch_relative_p95_latency,51.56042412759271,pytorch,p95_latency,True,6,3,train
27,Int8WeightOnlyConfig,int8,8,False,True,pytorch_relative_p99_latency,2.1930053477707476,pytorch,p99_latency,True,6,3,train
28,Float8WeightOnlyConfig,float8,8,False,True,pytorch_relative_p99_latency,2.4846422091691576,pytorch,p99_latency,True,6,3,train
29,Int8DynamicActivationInt8WeightConfig,int8,8,True,False,pytorch_relative_p99_latency,49.96143240784733,pytorch,p99_latency,True,6,3,train
0,Int8WeightOnlyConfig,int8,8,False,True,pytorch_quantized_MAE,7.309675358425079,pytorch,MAE,False,6,3,test
1,Float8WeightOnlyConfig,float8,8,False,True,pytorch_quantized_MAE,7.30496840239244,pytorch,MAE,False,6,3,test
2,Int8DynamicActivationInt8WeightConfig,int8,8,True,False,pytorch_quantized_MAE,7.300747624681676,pytorch,MAE,False,6,3,test
3,Int8WeightOnlyConfig,int8,8,False,True,pytorch_relative_MAE,1.001175227724837,pytorch,MAE,True,6,3,test
4,Float8WeightOnlyConfig,float8,8,False,True,pytorch_relative_MAE,1.0005305359229724,pytorch,MAE,True,6,3,test
5,Int8DynamicActivationInt8WeightConfig,int8,8,True,False,pytorch_relative_MAE,0.9999524339035879,pytorch,MAE,True,6,3,test
6,Int8WeightOnlyConfig,int8,8,False,True,pytorch_quantized_model_size,206337.0,pytorch,model_size,False,6,3,test
7,Float8WeightOnlyConfig,float8,8,False,True,pytorch_quantized_model_size,206337.0,pytorch,model_size,False,6,3,test
8,Int8DynamicActivationInt8WeightConfig,int8,8,True,False,pytorch_quantized_model_size,206337.0,pytorch,model_size,False,6,3,test
9,Int8WeightOnlyConfig,int8,8,False,True,pytorch_quantized_median_latency,0.0006523859992739744,pytorch,median_latency,False,6,3,test
10,Float8WeightOnlyConfig,float8,8,False,True,pytorch_quantized_median_latency,0.0007276799997271155,pytorch,median_latency,False,6,3,test
11,Int8DynamicActivationInt8WeightConfig,int8,8,True,False,pytorch_quantized_median_latency,0.014579341499484144,pytorch,median_latency,False,6,3,test
12,Int8WeightOnlyConfig,int8,8,False,True,pytorch_quantized_p95_latency,0.000749686000381189,pytorch,p95_latency,False,6,3,test
13,Float8WeightOnlyConfig,float8,8,False,True,pytorch_quantized_p95_latency,0.000836934500694042,pytorch,p95_latency,False,6,3,test
14,Int8DynamicActivationInt8WeightConfig,int8,8,True,False,pytorch_quantized_p95_latency,0.01656399744970258,pytorch,p95_latency,False,6,3,test
15,Int8WeightOnlyConfig,int8,8,False,True,pytorch_quantized_p99_latency,0.0009060089299418903,pytorch,p99_latency,False,6,3,test
16,Float8WeightOnlyConfig,float8,8,False,True,pytorch_quantized_p99_latency,0.0010449370993410412,pytorch,p99_latency,False,6,3,test
17,Int8DynamicActivationInt8WeightConfig,int8,8,True,False,pytorch_quantized_p99_latency,0.017004170570344285,pytorch,p99_latency,False,6,3,test
18,Int8WeightOnlyConfig,int8,8,False,True,pytorch_relative_model_size,0.25,pytorch,model_size,True,6,3,test
19,Float8WeightOnlyConfig,float8,8,False,True,pytorch_relative_model_size,0.25,pytorch,model_size,True,6,3,test
20,Int8DynamicActivationInt8WeightConfig,int8,8,True,False,pytorch_relative_model_size,0.25,pytorch,model_size,True,6,3,test
21,Int8WeightOnlyConfig,int8,8,False,True,pytorch_relative_median_latency,2.0060638275124156,pytorch,median_latency,True,6,3,test
22,Float8WeightOnlyConfig,float8,8,False,True,pytorch_relative_median_latency,2.2375902105216214,pytorch,median_latency,True,6,3,test
23,Int8DynamicActivationInt8WeightConfig,int8,8,True,False,pytorch_relative_median_latency,44.83095842586166,pytorch,median_latency,True,6,3,test
24,Int8WeightOnlyConfig,int8,8,False,True,pytorch_relative_p95_latency,2.18444750110009,pytorch,p95_latency,True,6,3,test
25,Float8WeightOnlyConfig,float8,8,False,True,pytorch_relative_p95_latency,2.4386736282869843,pytorch,p95_latency,True,6,3,test
26,Int8DynamicActivationInt8WeightConfig,int8,8,True,False,pytorch_relative_p95_latency,48.26445047504314,pytorch,p95_latency,True,6,3,test
27,Int8WeightOnlyConfig,int8,8,False,True,pytorch_relative_p99_latency,2.302427616198214,pytorch,p99_latency,True,6,3,test
28,Float8WeightOnlyConfig,float8,8,False,True,pytorch_relative_p99_latency,2.655483798451279,pytorch,p99_latency,True,6,3,test
29,Int8DynamicActivationInt8WeightConfig,int8,8,True,False,pytorch_relative_p99_latency,43.21245698341702,pytorch,p99_latency,True,6,3,test
0,Int8WeightOnlyConfig,int8,8,False,True,pytorch_quantized_MAE,7.32022775546085,pytorch,MAE,False,6,4,train
1,Float8WeightOnlyConfig,float8,8,False,True,pytorch_quantized_MAE,7.308807837690502,pytorch,MAE,False,6,4,train
2,Int8DynamicActivationInt8WeightConfig,int8,8,True,False,pytorch_quantized_MAE,7.315225624630294,pytorch,MAE,False,6,4,train
3,Int8WeightOnlyConfig,int8,8,False,True,pytorch_relative_MAE,1.0012930294790636,pytorch,MAE,True,6,4,train
4,Float8WeightOnlyConfig,float8,8,False,True,pytorch_relative_MAE,0.9997309627725811,pytorch,MAE,True,6,4,train
5,Int8DynamicActivationInt8WeightConfig,int8,8,True,False,pytorch_relative_MAE,1.0006088159681599,pytorch,MAE,True,6,4,train
6,Int8WeightOnlyConfig,int8,8,False,True,pytorch_quantized_model_size,206337.0,pytorch,model_size,False,6,4,train
7,Float8WeightOnlyConfig,float8,8,False,True,pytorch_quantized_model_size,206337.0,pytorch,model_size,False,6,4,train
8,Int8DynamicActivationInt8WeightConfig,int8,8,True,False,pytorch_quantized_model_size,206337.0,pytorch,model_size,False,6,4,train
9,Int8WeightOnlyConfig,int8,8,False,True,pytorch_quantized_median_latency,0.0006796104999011732,pytorch,median_latency,False,6,4,train
10,Float8WeightOnlyConfig,float8,8,False,True,pytorch_quantized_median_latency,0.0007186305001596338,pytorch,median_latency,False,6,4,train
11,Int8DynamicActivationInt8WeightConfig,int8,8,True,False,pytorch_quantized_median_latency,0.013605234500573715,pytorch,median_latency,False,6,4,train
12,Int8WeightOnlyConfig,int8,8,False,True,pytorch_quantized_p95_latency,0.000757181500466686,pytorch,p95_latency,False,6,4,train
13,Float8WeightOnlyConfig,float8,8,False,True,pytorch_quantized_p95_latency,0.0007935750507385818,pytorch,p95_latency,False,6,4,train
14,Int8DynamicActivationInt8WeightConfig,int8,8,True,False,pytorch_quantized_p95_latency,0.01630670229988027,pytorch,p95_latency,False,6,4,train
15,Int8WeightOnlyConfig,int8,8,False,True,pytorch_quantized_p99_latency,0.0008723641413416771,pytorch,p99_latency,False,6,4,train
16,Float8WeightOnlyConfig,float8,8,False,True,pytorch_quantized_p99_latency,0.0008615094500601117,pytorch,p99_latency,False,6,4,train
17,Int8DynamicActivationInt8WeightConfig,int8,8,True,False,pytorch_quantized_p99_latency,0.017364976750232016,pytorch,p99_latency,False,6,4,train
18,Int8WeightOnlyConfig,int8,8,False,True,pytorch_relative_model_size,0.25,pytorch,model_size,True,6,4,train
19,Float8WeightOnlyConfig,float8,8,False,True,pytorch_relative_model_size,0.25,pytorch,model_size,True,6,4,train
20,Int8DynamicActivationInt8WeightConfig,int8,8,True,False,pytorch_relative_model_size,0.25,pytorch,model_size,True,6,4,train
21,Int8WeightOnlyConfig,int8,8,False,True,pytorch_relative_median_latency,2.0840203558382493,pytorch,median_latency,True,6,4,train
22,Float8WeightOnlyConfig,float8,8,False,True,pytorch_relative_median_latency,2.2036748856538875,pytorch,median_latency,True,6,4,train
23,Int8DynamicActivationInt8WeightConfig,int8,8,True,False,pytorch_relative_median_latency,41.72034665337211,pytorch,median_latency,True,6,4,train
24,Int8WeightOnlyConfig,int8,8,False,True,pytorch_relative_p95_latency,2.0496819056787103,pytorch,p95_latency,True,6,4,train
25,Float8WeightOnlyConfig,float8,8,False,True,pytorch_relative_p95_latency,2.148198841749833,pytorch,p95_latency,True,6,4,train
26,Int8DynamicActivationInt8WeightConfig,int8,8,True,False,pytorch_relative_p95_latency,44.14206187651642,pytorch,p95_latency,True,6,4,train
27,Int8WeightOnlyConfig,int8,8,False,True,pytorch_relative_p99_latency,2.1933927826187127,pytorch,p99_latency,True,6,4,train
28,Float8WeightOnlyConfig,float8,8,False,True,pytorch_relative_p99_latency,2.166100737489573,pytorch,p99_latency,True,6,4,train
29,Int8DynamicActivationInt8WeightConfig,int8,8,True,False,pytorch_relative_p99_latency,43.66091276484818,pytorch,p99_latency,True,6,4,train
0,Int8WeightOnlyConfig,int8,8,False,True,pytorch_quantized_MAE,7.172842196216027,pytorch,MAE,False,6,4,test
1,Float8WeightOnlyConfig,float8,8,False,True,pytorch_quantized_MAE,7.172641818745452,pytorch,MAE,False,6,4,test
2,Int8DynamicActivationInt8WeightConfig,int8,8,True,False,pytorch_quantized_MAE,7.167251988838892,pytorch,MAE,False,6,4,test
3,Int8WeightOnlyConfig,int8,8,False,True,pytorch_relative_MAE,1.0012169606256833,pytorch,MAE,True,6,4,test
4,Float8WeightOnlyConfig,float8,8,False,True,pytorch_relative_MAE,1.0011889910542668,pytorch,MAE,True,6,4,test
5,Int8DynamicActivationInt8WeightConfig,int8,8,True,False,pytorch_relative_MAE,1.0004366548157557,pytorch,MAE,True,6,4,test
6,Int8WeightOnlyConfig,int8,8,False,True,pytorch_quantized_model_size,206337.0,pytorch,model_size,False,6,4,test
7,Float8WeightOnlyConfig,float8,8,False,True,pytorch_quantized_model_size,206337.0,pytorch,model_size,False,6,4,test
8,Int8DynamicActivationInt8WeightConfig,int8,8,True,False,pytorch_quantized_model_size,206337.0,pytorch,model_size,False,6,4,test
9,Int8WeightOnlyConfig,int8,8,False,True,pytorch_quantized_median_latency,0.0006399855001291144,pytorch,median_latency,False,6,4,test
10,Float8WeightOnlyConfig,float8,8,False,True,pytorch_quantized_median_latency,0.0007183905008787406,pytorch,median_latency,False,6,4,test
11,Int8DynamicActivationInt8WeightConfig,int8,8,True,False,pytorch_quantized_median_latency,0.01375479800026369,pytorch,median_latency,False,6,4,test
12,Int8WeightOnlyConfig,int8,8,False,True,pytorch_quantized_p95_latency,0.0006899097001223708,pytorch,p95_latency,False,6,4,test
13,Float8WeightOnlyConfig,float8,8,False,True,pytorch_quantized_p95_latency,0.0007978990008268738,pytorch,p95_latency,False,6,4,test
14,Int8DynamicActivationInt8WeightConfig,int8,8,True,False,pytorch_quantized_p95_latency,0.01469550564934252,pytorch,p95_latency,False,6,4,test
15,Int8WeightOnlyConfig,int8,8,False,True,pytorch_quantized_p99_latency,0.0007725153607316314,pytorch,p99_latency,False,6,4,test
16,Float8WeightOnlyConfig,float8,8,False,True,pytorch_quantized_p99_latency,0.0008535390209544856,pytorch,p99_latency,False,6,4,test
17,Int8DynamicActivationInt8WeightConfig,int8,8,True,False,pytorch_quantized_p99_latency,0.015544813620108467,pytorch,p99_latency,False,6,4,test
18,Int8WeightOnlyConfig,int8,8,False,True,pytorch_relative_model_size,0.25,pytorch,model_size,True,6,4,test
19,Float8WeightOnlyConfig,float8,8,False,True,pytorch_relative_model_size,0.25,pytorch,model_size,True,6,4,test
20,Int8DynamicActivationInt8WeightConfig,int8,8,True,False,pytorch_relative_model_size,0.25,pytorch,model_size,True,6,4,test
21,Int8WeightOnlyConfig,int8,8,False,True,pytorch_relative_median_latency,2.002564282555034,pytorch,median_latency,True,6,4,test
22,Float8WeightOnlyConfig,float8,8,False,True,pytorch_relative_median_latency,2.247899612876152,pytorch,median_latency,True,6,4,test
23,Int8DynamicActivationInt8WeightConfig,int8,8,True,False,pytorch_relative_median_latency,43.039830095416875,pytorch,median_latency,True,6,4,test
24,Int8WeightOnlyConfig,int8,8,False,True,pytorch_relative_p95_latency,2.0309435656620987,pytorch,p95_latency,True,6,4,test
25,Float8WeightOnlyConfig,float8,8,False,True,pytorch_relative_p95_latency,2.3488404953432704,pytorch,p95_latency,True,6,4,test
26,Int8DynamicActivationInt8WeightConfig,int8,8,True,False,pytorch_relative_p95_latency,43.26036093910465,pytorch,p95_latency,True,6,4,test
27,Int8WeightOnlyConfig,int8,8,False,True,pytorch_relative_p99_latency,2.0816856119271034,pytorch,p99_latency,True,6,4,test
28,Float8WeightOnlyConfig,float8,8,False,True,pytorch_relative_p99_latency,2.300018859762909,pytorch,p99_latency,True,6,4,test
29,Int8DynamicActivationInt8WeightConfig,int8,8,True,False,pytorch_relative_p99_latency,41.88837723876638,pytorch,p99_latency,True,6,4,test
0,Int8WeightOnlyConfig,int8,8,False,True,pytorch_quantized_MAE,7.254773092020421,pytorch,MAE,False,6,5,train
1,Float8WeightOnlyConfig,float8,8,False,True,pytorch_quantized_MAE,7.244307121701583,pytorch,MAE,False,6,5,train
2,Int8DynamicActivationInt8WeightConfig,int8,8,True,False,pytorch_quantized_MAE,7.2513931917559775,pytorch,MAE,False,6,5,train
3,Int8WeightOnlyConfig,int8,8,False,True,pytorch_relative_MAE,1.001212837883238,pytorch,MAE,True,6,5,train
4,Float8WeightOnlyConfig,float8,8,False,True,pytorch_relative_MAE,0.999768455858988,pytorch,MAE,True,6,5,train
5,Int8DynamicActivationInt8WeightConfig,int8,8,True,False,pytorch_relative_MAE,1.0007463864184432,pytorch,MAE,True,6,5,train
6,Int8WeightOnlyConfig,int8,8,False,True,pytorch_quantized_model_size,206337.0,pytorch,model_size,False,6,5,train
7,Float8WeightOnlyConfig,float8,8,False,True,pytorch_quantized_model_size,206337.0,pytorch,model_size,False,6,5,train
8,Int8DynamicActivationInt8WeightConfig,int8,8,True,False,pytorch_quantized_model_size,206337.0,pytorch,model_size,False,6,5,train
9,Int8WeightOnlyConfig,int8,8,False,True,pytorch_quantized_median_latency,0.0007025329996395158,pytorch,median_latency,False,6,5,train
10,Float8WeightOnlyConfig,float8,8,False,True,pytorch_quantized_median_latency,0.0007838520004952443,pytorch,median_latency,False,6,5,train
11,Int8DynamicActivationInt8WeightConfig,int8,8,True,False,pytorch_quantized_median_latency,0.013852823500201339,pytorch,median_latency,False,6,5,train
12,Int8WeightOnlyConfig,int8,8,False,True,pytorch_quantized_p95_latency,0.0007936991506539922,pytorch,p95_latency,False,6,5,train
13,Float8WeightOnlyConfig,float8,8,False,True,pytorch_quantized_p95_latency,0.0008791884998572641,pytorch,p95_latency,False,6,5,train
14,Int8DynamicActivationInt8WeightConfig,int8,8,True,False,pytorch_quantized_p95_latency,0.015049455198550277,pytorch,p95_latency,False,6,5,train
15,Int8WeightOnlyConfig,int8,8,False,True,pytorch_quantized_p99_latency,0.0009362350901210444,pytorch,p99_latency,False,6,5,train
16,Float8WeightOnlyConfig,float8,8,False,True,pytorch_quantized_p99_latency,0.001035425138707069,pytorch,p99_latency,False,6,5,train
17,Int8DynamicActivationInt8WeightConfig,int8,8,True,False,pytorch_quantized_p99_latency,0.01577571805950356,pytorch,p99_latency,False,6,5,train
18,Int8WeightOnlyConfig,int8,8,False,True,pytorch_relative_model_size,0.25,pytorch,model_size,True,6,5,train
19,Float8WeightOnlyConfig,float8,8,False,True,pytorch_relative_model_size,0.25,pytorch,model_size,True,6,5,train
20,Int8DynamicActivationInt8WeightConfig,int8,8,True,False,pytorch_relative_model_size,0.25,pytorch,model_size,True,6,5,train
21,Int8WeightOnlyConfig,int8,8,False,True,pytorch_relative_median_latency,2.4885602444838253,pytorch,median_latency,True,6,5,train
22,Float8WeightOnlyConfig,float8,8,False,True,pytorch_relative_median_latency,2.7766139483732526,pytorch,median_latency,True,6,5,train
23,Int8DynamicActivationInt8WeightConfig,int8,8,True,False,pytorch_relative_median_latency,49.070414989959815,pytorch,median_latency,True,6,5,train
24,Int8WeightOnlyConfig,int8,8,False,True,pytorch_relative_p95_latency,2.1774467364974863,pytorch,p95_latency,True,6,5,train
25,Float8WeightOnlyConfig,float8,8,False,True,pytorch_relative_p95_latency,2.4119795620329243,pytorch,p95_latency,True,6,5,train
26,Int8DynamicActivationInt8WeightConfig,int8,8,True,False,pytorch_relative_p95_latency,41.286912151974846,pytorch,p95_latency,True,6,5,train
27,Int8WeightOnlyConfig,int8,8,False,True,pytorch_relative_p99_latency,2.1442110705935544,pytorch,p99_latency,True,6,5,train
28,Float8WeightOnlyConfig,float8,8,False,True,pytorch_relative_p99_latency,2.3713809369178005,pytorch,p99_latency,True,6,5,train
29,Int8DynamicActivationInt8WeightConfig,int8,8,True,False,pytorch_relative_p99_latency,36.13031562978143,pytorch,p99_latency,True,6,5,train
0,Int8WeightOnlyConfig,int8,8,False,True,pytorch_quantized_MAE,7.404128716110847,pytorch,MAE,False,6,5,test
1,Float8WeightOnlyConfig,float8,8,False,True,pytorch_quantized_MAE,7.389658277481093,pytorch,MAE,False,6,5,test
2,Int8DynamicActivationInt8WeightConfig,int8,8,True,False,pytorch_quantized_MAE,7.402786358952635,pytorch,MAE,False,6,5,test
3,Int8WeightOnlyConfig,int8,8,False,True,pytorch_relative_MAE,1.0012810936570071,pytorch,MAE,True,6,5,test
4,Float8WeightOnlyConfig,float8,8,False,True,pytorch_relative_MAE,0.9993242156538776,pytorch,MAE,True,6,5,test
5,Int8DynamicActivationInt8WeightConfig,int8,8,True,False,pytorch_relative_MAE,1.0010995629334085,pytorch,MAE,True,6,5,test
6,Int8WeightOnlyConfig,int8,8,False,True,pytorch_quantized_model_size,206337.0,pytorch,model_size,False,6,5,test
7,Float8WeightOnlyConfig,float8,8,False,True,pytorch_quantized_model_size,206337.0,pytorch,model_size,False,6,5,test
8,Int8DynamicActivationInt8WeightConfig,int8,8,True,False,pytorch_quantized_model_size,206337.0,pytorch,model_size,False,6,5,test
9,Int8WeightOnlyConfig,int8,8,False,True,pytorch_quantized_median_latency,0.0006648920007137349,pytorch,median_latency,False,6,5,test
10,Float8WeightOnlyConfig,float8,8,False,True,pytorch_quantized_median_latency,0.0007421319987770403,pytorch,median_latency,False,6,5,test
11,Int8DynamicActivationInt8WeightConfig,int8,8,True,False,pytorch_quantized_median_latency,0.013373777499509742,pytorch,median_latency,False,6,5,test
12,Int8WeightOnlyConfig,int8,8,False,True,pytorch_quantized_p95_latency,0.0007643575005204183,pytorch,p95_latency,False,6,5,test
13,Float8WeightOnlyConfig,float8,8,False,True,pytorch_quantized_p95_latency,0.0008602368015090176,pytorch,p95_latency,False,6,5,test
14,Int8DynamicActivationInt8WeightConfig,int8,8,True,False,pytorch_quantized_p95_latency,0.014642446601192205,pytorch,p95_latency,False,6,5,test
15,Int8WeightOnlyConfig,int8,8,False,True,pytorch_quantized_p99_latency,0.0008847991198854288,pytorch,p99_latency,False,6,5,test
16,Float8WeightOnlyConfig,float8,8,False,True,pytorch_quantized_p99_latency,0.0009686108795722243,pytorch,p99_latency,False,6,5,test
17,Int8DynamicActivationInt8WeightConfig,int8,8,True,False,pytorch_quantized_p99_latency,0.016095386879624127,pytorch,p99_latency,False,6,5,test
18,Int8WeightOnlyConfig,int8,8,False,True,pytorch_relative_model_size,0.25,pytorch,model_size,True,6,5,test
19,Float8WeightOnlyConfig,float8,8,False,True,pytorch_relative_model_size,0.25,pytorch,model_size,True,6,5,test
20,Int8DynamicActivationInt8WeightConfig,int8,8,True,False,pytorch_relative_model_size,0.25,pytorch,model_size,True,6,5,test
21,Int8WeightOnlyConfig,int8,8,False,True,pytorch_relative_median_latency,2.4654347412869324,pytorch,median_latency,True,6,5,test
22,Float8WeightOnlyConfig,float8,8,False,True,pytorch_relative_median_latency,2.7518424201848424,pytorch,median_latency,True,6,5,test
23,Int8DynamicActivationInt8WeightConfig,int8,8,True,False,pytorch_relative_median_latency,49.590272757287636,pytorch,median_latency,True,6,5,test
24,Int8WeightOnlyConfig,int8,8,False,True,pytorch_relative_p95_latency,2.307215041485653,pytorch,p95_latency,True,6,5,test
25,Float8WeightOnlyConfig,float8,8,False,True,pytorch_relative_p95_latency,2.596626953133555,pytorch,p95_latency,True,6,5,test
26,Int8DynamicActivationInt8WeightConfig,int8,8,True,False,pytorch_relative_p95_latency,44.19826196435509,pytorch,p95_latency,True,6,5,test
27,Int8WeightOnlyConfig,int8,8,False,True,pytorch_relative_p99_latency,2.1283245304313128,pytorch,p99_latency,True,6,5,test
28,Float8WeightOnlyConfig,float8,8,False,True,pytorch_relative_p99_latency,2.3299280583633015,pytorch,p99_latency,True,6,5,test
29,Int8DynamicActivationInt8WeightConfig,int8,8,True,False,pytorch_relative_p99_latency,38.71636618165049,pytorch,p99_latency,True,6,5,test
0,Int8WeightOnlyConfig,int8,8,False,True,pytorch_quantized_MAE,7.227724320757754,pytorch,MAE,False,6,6,train
1,Float8WeightOnlyConfig,float8,8,False,True,pytorch_quantized_MAE,7.2142009953750055,pytorch,MAE,False,6,6,train
2,Int8DynamicActivationInt8WeightConfig,int8,8,True,False,pytorch_quantized_MAE,7.221721867812555,pytorch,MAE,False,6,6,train
3,Int8WeightOnlyConfig,int8,8,False,True,pytorch_relative_MAE,1.0012430894511095,pytorch,MAE,True,6,6,train
4,Float8WeightOnlyConfig,float8,8,False,True,pytorch_relative_MAE,0.9993697285583886,pytorch,MAE,True,6,6,train
5,Int8DynamicActivationInt8WeightConfig,int8,8,True,False,pytorch_relative_MAE,1.0004115809064524,pytorch,MAE,True,6,6,train
6,Int8WeightOnlyConfig,int8,8,False,True,pytorch_quantized_model_size,206337.0,pytorch,model_size,False,6,6,train
7,Float8WeightOnlyConfig,float8,8,False,True,pytorch_quantized_model_size,206337.0,pytorch,model_size,False,6,6,train
8,Int8DynamicActivationInt8WeightConfig,int8,8,True,False,pytorch_quantized_model_size,206337.0,pytorch,model_size,False,6,6,train
9,Int8WeightOnlyConfig,int8,8,False,True,pytorch_quantized_median_latency,0.0006930039999133442,pytorch,median_latency,False,6,6,train
10,Float8WeightOnlyConfig,float8,8,False,True,pytorch_quantized_median_latency,0.0007798854994689464,pytorch,median_latency,False,6,6,train
11,Int8DynamicActivationInt8WeightConfig,int8,8,True,False,pytorch_quantized_median_latency,0.01368031249876367,pytorch,median_latency,False,6,6,train
12,Int8WeightOnlyConfig,int8,8,False,True,pytorch_quantized_p95_latency,0.000780788250540354,pytorch,p95_latency,False,6,6,train
13,Float8WeightOnlyConfig,float8,8,False,True,pytorch_quantized_p95_latency,0.0008672447488606847,pytorch,p95_latency,False,6,6,train
14,Int8DynamicActivationInt8WeightConfig,int8,8,True,False,pytorch_quantized_p95_latency,0.014853047299220634,pytorch,p95_latency,False,6,6,train
15,Int8WeightOnlyConfig,int8,8,False,True,pytorch_quantized_p99_latency,0.0009559886885472222,pytorch,p99_latency,False,6,6,train
16,Float8WeightOnlyConfig,float8,8,False,True,pytorch_quantized_p99_latency,0.0010190322297785315,pytorch,p99_latency,False,6,6,train
17,Int8DynamicActivationInt8WeightConfig,int8,8,True,False,pytorch_quantized_p99_latency,0.01563293467968833,pytorch,p99_latency,False,6,6,train
18,Int8WeightOnlyConfig,int8,8,False,True,pytorch_relative_model_size,0.25,pytorch,model_size,True,6,6,train
19,Float8WeightOnlyConfig,float8,8,False,True,pytorch_relative_model_size,0.25,pytorch,model_size,True,6,6,train
20,Int8DynamicActivationInt8WeightConfig,int8,8,True,False,pytorch_relative_model_size,0.25,pytorch,model_size,True,6,6,train
21,Int8WeightOnlyConfig,int8,8,False,True,pytorch_relative_median_latency,2.5235429204528335,pytorch,median_latency,True,6,6,train
22,Float8WeightOnlyConfig,float8,8,False,True,pytorch_relative_median_latency,2.8399179964253842,pytorch,median_latency,True,6,6,train
23,Int8DynamicActivationInt8WeightConfig,int8,8,True,False,pytorch_relative_median_latency,49.81624313879045,pytorch,median_latency,True,6,6,train
24,Int8WeightOnlyConfig,int8,8,False,True,pytorch_relative_p95_latency,2.4351325780950384,pytorch,p95_latency,True,6,6,train
25,Float8WeightOnlyConfig,float8,8,False,True,pytorch_relative_p95_latency,2.7047742325412396,pytorch,p95_latency,True,6,6,train
26,Int8DynamicActivationInt8WeightConfig,int8,8,True,False,pytorch_relative_p95_latency,46.32387761635424,pytorch,p95_latency,True,6,6,train
27,Int8WeightOnlyConfig,int8,8,False,True,pytorch_relative_p99_latency,2.2350977713497375,pytorch,p99_latency,True,6,6,train
28,Float8WeightOnlyConfig,float8,8,False,True,pytorch_relative_p99_latency,2.3824933213098816,pytorch,p99_latency,True,6,6,train
29,Int8DynamicActivationInt8WeightConfig,int8,8,True,False,pytorch_relative_p99_latency,36.54973942769769,pytorch,p99_latency,True,6,6,train
0,Int8WeightOnlyConfig,int8,8,False,True,pytorch_quantized_MAE,7.456117926065583,pytorch,MAE,False,6,6,test
1,Float8WeightOnlyConfig,float8,8,False,True,pytorch_quantized_MAE,7.449488606636859,pytorch,MAE,False,6,6,test
2,Int8DynamicActivationInt8WeightConfig,int8,8,True,False,pytorch_quantized_MAE,7.443033148405806,pytorch,MAE,False,6,6,test
3,Int8WeightOnlyConfig,int8,8,False,True,pytorch_relative_MAE,1.0013125606523614,pytorch,MAE,True,6,6,test
4,Float8WeightOnlyConfig,float8,8,False,True,pytorch_relative_MAE,1.000422282242285,pytorch,MAE,True,6,6,test
5,Int8DynamicActivationInt8WeightConfig,int8,8,True,False,pytorch_relative_MAE,0.9995553523632762,pytorch,MAE,True,6,6,test
6,Int8WeightOnlyConfig,int8,8,False,True,pytorch_quantized_model_size,206337.0,pytorch,model_size,False,6,6,test
7,Float8WeightOnlyConfig,float8,8,False,True,pytorch_quantized_model_size,206337.0,pytorch,model_size,False,6,6,test
8,Int8DynamicActivationInt8WeightConfig,int8,8,True,False,pytorch_quantized_model_size,206337.0,pytorch,model_size,False,6,6,test
9,Int8WeightOnlyConfig,int8,8,False,True,pytorch_quantized_median_latency,0.0006993674987825216,pytorch,median_latency,False,6,6,test
10,Float8WeightOnlyConfig,float8,8,False,True,pytorch_quantized_median_latency,0.0007728745003987569,pytorch,median_latency,False,6,6,test
11,Int8DynamicActivationInt8WeightConfig,int8,8,True,False,pytorch_quantized_median_latency,0.013468797998939408,pytorch,median_latency,False,6,6,test
12,Int8WeightOnlyConfig,int8,8,False,True,pytorch_quantized_p95_latency,0.0007704541509156116,pytorch,p95_latency,False,6,6,test
13,Float8WeightOnlyConfig,float8,8,False,True,pytorch_quantized_p95_latency,0.0008770837001975451,pytorch,p95_latency,False,6,6,test
14,Int8DynamicActivationInt8WeightConfig,int8,8,True,False,pytorch_quantized_p95_latency,0.014672172400059934,pytorch,p95_latency,False,6,6,test
15,Int8WeightOnlyConfig,int8,8,False,True,pytorch_quantized_p99_latency,0.0009249456097859365,pytorch,p99_latency,False,6,6,test
16,Float8WeightOnlyConfig,float8,8,False,True,pytorch_quantized_p99_latency,0.0010263948192914536,pytorch,p99_latency,False,6,6,test
17,Int8DynamicActivationInt8WeightConfig,int8,8,True,False,pytorch_quantized_p99_latency,0.015269694831185916,pytorch,p99_latency,False,6,6,test
18,Int8WeightOnlyConfig,int8,8,False,True,pytorch_relative_model_size,0.25,pytorch,model_size,True,6,6,test
19,Float8WeightOnlyConfig,float8,8,False,True,pytorch_relative_model_size,0.25,pytorch,model_size,True,6,6,test
20,Int8DynamicActivationInt8WeightConfig,int8,8,True,False,pytorch_relative_model_size,0.25,pytorch,model_size,True,6,6,test
21,Int8WeightOnlyConfig,int8,8,False,True,pytorch_relative_median_latency,2.599260771558324,pytorch,median_latency,True,6,6,test
22,Float8WeightOnlyConfig,float8,8,False,True,pytorch_relative_median_latency,2.8724560030618815,pytorch,median_latency,True,6,6,test
23,Int8DynamicActivationInt8WeightConfig,int8,8,True,False,pytorch_relative_median_latency,50.05797143795066,pytorch,median_latency,True,6,6,test
24,Int8WeightOnlyConfig,int8,8,False,True,pytorch_relative_p95_latency,2.3504873831155257,pytorch,p95_latency,True,6,6,test
25,Float8WeightOnlyConfig,float8,8,False,True,pytorch_relative_p95_latency,2.675790855043905,pytorch,p95_latency,True,6,6,test
26,Int8DynamicActivationInt8WeightConfig,int8,8,True,False,pytorch_relative_p95_latency,44.76159427300441,pytorch,p95_latency,True,6,6,test
27,Int8WeightOnlyConfig,int8,8,False,True,pytorch_relative_p99_latency,2.1316380952606924,pytorch,p99_latency,True,6,6,test
28,Float8WeightOnlyConfig,float8,8,False,True,pytorch_relative_p99_latency,2.365438869520372,pytorch,p99_latency,True,6,6,test
29,Int8DynamicActivationInt8WeightConfig,int8,8,True,False,pytorch_relative_p99_latency,35.19067809046007,pytorch,p99_latency,True,6,6,test
0,Int8WeightOnlyConfig,int8,8,False,True,pytorch_quantized_MAE,7.267107711898735,pytorch,MAE,False,6,7,train
1,Float8WeightOnlyConfig,float8,8,False,True,pytorch_quantized_MAE,7.255338755271175,pytorch,MAE,False,6,7,train
2,Int8DynamicActivationInt8WeightConfig,int8,8,True,False,pytorch_quantized_MAE,7.260902107431175,pytorch,MAE,False,6,7,train
3,Int8WeightOnlyConfig,int8,8,False,True,pytorch_relative_MAE,1.001235697913377,pytorch,MAE,True,6,7,train
4,Float8WeightOnlyConfig,float8,8,False,True,pytorch_relative_MAE,0.9996142138278429,pytorch,MAE,True,6,7,train
5,Int8DynamicActivationInt8WeightConfig,int8,8,True,False,pytorch_relative_MAE,1.0003807122758477,pytorch,MAE,True,6,7,train
6,Int8WeightOnlyConfig,int8,8,False,True,pytorch_quantized_model_size,206337.0,pytorch,model_size,False,6,7,train
7,Float8WeightOnlyConfig,float8,8,False,True,pytorch_quantized_model_size,206337.0,pytorch,model_size,False,6,7,train
8,Int8DynamicActivationInt8WeightConfig,int8,8,True,False,pytorch_quantized_model_size,206337.0,pytorch,model_size,False,6,7,train
9,Int8WeightOnlyConfig,int8,8,False,True,pytorch_quantized_median_latency,0.0007034145000943681,pytorch,median_latency,False,6,7,train
10,Float8WeightOnlyConfig,float8,8,False,True,pytorch_quantized_median_latency,0.0008058229996095179,pytorch,median_latency,False,6,7,train
11,Int8DynamicActivationInt8WeightConfig,int8,8,True,False,pytorch_quantized_median_latency,0.01382114750049368,pytorch,median_latency,False,6,7,train
12,Int8WeightOnlyConfig,int8,8,False,True,pytorch_quantized_p95_latency,0.0007763901999169319,pytorch,p95_latency,False,6,7,train
13,Float8WeightOnlyConfig,float8,8,False,True,pytorch_quantized_p95_latency,0.0009360744493278613,pytorch,p95_latency,False,6,7,train
14,Int8DynamicActivationInt8WeightConfig,int8,8,True,False,pytorch_quantized_p95_latency,0.014959346400974027,pytorch,p95_latency,False,6,7,train
15,Int8WeightOnlyConfig,int8,8,False,True,pytorch_quantized_p99_latency,0.0008851378289000421,pytorch,p99_latency,False,6,7,train
16,Float8WeightOnlyConfig,float8,8,False,True,pytorch_quantized_p99_latency,0.0012036239498775102,pytorch,p99_latency,False,6,7,train
17,Int8DynamicActivationInt8WeightConfig,int8,8,True,False,pytorch_quantized_p99_latency,0.015693840209569317,pytorch,p99_latency,False,6,7,train
18,Int8WeightOnlyConfig,int8,8,False,True,pytorch_relative_model_size,0.25,pytorch,model_size,True,6,7,train
19,Float8WeightOnlyConfig,float8,8,False,True,pytorch_relative_model_size,0.25,pytorch,model_size,True,6,7,train
20,Int8DynamicActivationInt8WeightConfig,int8,8,True,False,pytorch_relative_model_size,0.25,pytorch,model_size,True,6,7,train
21,Int8WeightOnlyConfig,int8,8,False,True,pytorch_relative_median_latency,2.5435070331855147,pytorch,median_latency,True,6,7,train
22,Float8WeightOnlyConfig,float8,8,False,True,pytorch_relative_median_latency,2.9138103731647362,pytorch,median_latency,True,6,7,train
23,Int8DynamicActivationInt8WeightConfig,int8,8,True,False,pytorch_relative_median_latency,49.97648736198058,pytorch,median_latency,True,6,7,train
24,Int8WeightOnlyConfig,int8,8,False,True,pytorch_relative_p95_latency,2.3395905491670446,pytorch,p95_latency,True,6,7,train
25,Float8WeightOnlyConfig,float8,8,False,True,pytorch_relative_p95_latency,2.820786423113696,pytorch,p95_latency,True,6,7,train
26,Int8DynamicActivationInt8WeightConfig,int8,8,True,False,pytorch_relative_p95_latency,45.078808909720244,pytorch,p95_latency,True,6,7,train
27,Int8WeightOnlyConfig,int8,8,False,True,pytorch_relative_p99_latency,2.3119483227818995,pytorch,p99_latency,True,6,7,train
28,Float8WeightOnlyConfig,float8,8,False,True,pytorch_relative_p99_latency,3.14382266955815,pytorch,p99_latency,True,6,7,train
29,Int8DynamicActivationInt8WeightConfig,int8,8,True,False,pytorch_relative_p99_latency,40.99174881680305,pytorch,p99_latency,True,6,7,train
0,Int8WeightOnlyConfig,int8,8,False,True,pytorch_quantized_MAE,7.0018103842676975,pytorch,MAE,False,6,7,test
1,Float8WeightOnlyConfig,float8,8,False,True,pytorch_quantized_MAE,6.986235287541616,pytorch,MAE,False,6,7,test
2,Int8DynamicActivationInt8WeightConfig,int8,8,True,False,pytorch_quantized_MAE,6.9948730396977705,pytorch,MAE,False,6,7,test
3,Int8WeightOnlyConfig,int8,8,False,True,pytorch_relative_MAE,1.0015377176095004,pytorch,MAE,True,6,7,test
4,Float8WeightOnlyConfig,float8,8,False,True,pytorch_relative_MAE,0.999309858531563,pytorch,MAE,True,6,7,test
5,Int8DynamicActivationInt8WeightConfig,int8,8,True,False,pytorch_relative_MAE,1.0005454010705597,pytorch,MAE,True,6,7,test
6,Int8WeightOnlyConfig,int8,8,False,True,pytorch_quantized_model_size,206337.0,pytorch,model_size,False,6,7,test
7,Float8WeightOnlyConfig,float8,8,False,True,pytorch_quantized_model_size,206337.0,pytorch,model_size,False,6,7,test
8,Int8DynamicActivationInt8WeightConfig,int8,8,True,False,pytorch_quantized_model_size,206337.0,pytorch,model_size,False,6,7,test
9,Int8WeightOnlyConfig,int8,8,False,True,pytorch_quantized_median_latency,0.0006938960004845285,pytorch,median_latency,False,6,7,test
10,Float8WeightOnlyConfig,float8,8,False,True,pytorch_quantized_median_latency,0.0007825194998076768,pytorch,median_latency,False,6,7,test
11,Int8DynamicActivationInt8WeightConfig,int8,8,True,False,pytorch_quantized_median_latency,0.01320720100102335,pytorch,median_latency,False,6,7,test
12,Int8WeightOnlyConfig,int8,8,False,True,pytorch_quantized_p95_latency,0.0007662705005714088,pytorch,p95_latency,False,6,7,test
13,Float8WeightOnlyConfig,float8,8,False,True,pytorch_quantized_p95_latency,0.0009029856990309781,pytorch,p95_latency,False,6,7,test
14,Int8DynamicActivationInt8WeightConfig,int8,8,True,False,pytorch_quantized_p95_latency,0.014402641699507512,pytorch,p95_latency,False,6,7,test
15,Int8WeightOnlyConfig,int8,8,False,True,pytorch_quantized_p99_latency,0.0009053556298931649,pytorch,p99_latency,False,6,7,test
16,Float8WeightOnlyConfig,float8,8,False,True,pytorch_quantized_p99_latency,0.0011073227201814004,pytorch,p99_latency,False,6,7,test
17,Int8DynamicActivationInt8WeightConfig,int8,8,True,False,pytorch_quantized_p99_latency,0.014936065320252963,pytorch,p99_latency,False,6,7,test
18,Int8WeightOnlyConfig,int8,8,False,True,pytorch_relative_model_size,0.25,pytorch,model_size,True,6,7,test
19,Float8WeightOnlyConfig,float8,8,False,True,pytorch_relative_model_size,0.25,pytorch,model_size,True,6,7,test
20,Int8DynamicActivationInt8WeightConfig,int8,8,True,False,pytorch_relative_model_size,0.25,pytorch,model_size,True,6,7,test
21,Int8WeightOnlyConfig,int8,8,False,True,pytorch_relative_median_latency,2.5448804190925554,pytorch,median_latency,True,6,7,test
22,Float8WeightOnlyConfig,float8,8,False,True,pytorch_relative_median_latency,2.8699092533003565,pytorch,median_latency,True,6,7,test
23,Int8DynamicActivationInt8WeightConfig,int8,8,True,False,pytorch_relative_median_latency,48.437730142635864,pytorch,median_latency,True,6,7,test
24,Int8WeightOnlyConfig,int8,8,False,True,pytorch_relative_p95_latency,2.34599006723109,pytorch,p95_latency,True,6,7,test
25,Float8WeightOnlyConfig,float8,8,False,True,pytorch_relative_p95_latency,2.7645530908454745,pytorch,p95_latency,True,6,7,test
26,Int8DynamicActivationInt8WeightConfig,int8,8,True,False,pytorch_relative_p95_latency,44.09468241794097,pytorch,p95_latency,True,6,7,test
27,Int8WeightOnlyConfig,int8,8,False,True,pytorch_relative_p99_latency,2.3458326056840453,pytorch,p99_latency,True,6,7,test
28,Float8WeightOnlyConfig,float8,8,False,True,pytorch_relative_p99_latency,2.869141866741144,pytorch,p99_latency,True,6,7,test
29,Int8DynamicActivationInt8WeightConfig,int8,8,True,False,pytorch_relative_p99_latency,38.700271884331976,pytorch,p99_latency,True,6,7,test
0,Int8WeightOnlyConfig,int8,8,False,True,pytorch_quantized_MAE,7.264817108518477,pytorch,MAE,False,6,8,train
1,Float8WeightOnlyConfig,float8,8,False,True,pytorch_quantized_MAE,7.251915845870411,pytorch,MAE,False,6,8,train
2,Int8DynamicActivationInt8WeightConfig,int8,8,True,False,pytorch_quantized_MAE,7.259707438701199,pytorch,MAE,False,6,8,train
3,Int8WeightOnlyConfig,int8,8,False,True,pytorch_relative_MAE,1.0012979172481546,pytorch,MAE,True,6,8,train
4,Float8WeightOnlyConfig,float8,8,False,True,pytorch_relative_MAE,0.999519757216537,pytorch,MAE,True,6,8,train
5,Int8DynamicActivationInt8WeightConfig,int8,8,True,False,pytorch_relative_MAE,1.0005936597741616,pytorch,MAE,True,6,8,train
6,Int8WeightOnlyConfig,int8,8,False,True,pytorch_quantized_model_size,206337.0,pytorch,model_size,False,6,8,train
7,Float8WeightOnlyConfig,float8,8,False,True,pytorch_quantized_model_size,206337.0,pytorch,model_size,False,6,8,train
8,Int8DynamicActivationInt8WeightConfig,int8,8,True,False,pytorch_quantized_model_size,206337.0,pytorch,model_size,False,6,8,train
9,Int8WeightOnlyConfig,int8,8,False,True,pytorch_quantized_median_latency,0.0006971419998080819,pytorch,median_latency,False,6,8,train
10,Float8WeightOnlyConfig,float8,8,False,True,pytorch_quantized_median_latency,0.000788145000115037,pytorch,median_latency,False,6,8,train
11,Int8DynamicActivationInt8WeightConfig,int8,8,True,False,pytorch_quantized_median_latency,0.013347140500627575,pytorch,median_latency,False,6,8,train
12,Int8WeightOnlyConfig,int8,8,False,True,pytorch_quantized_p95_latency,0.0008015974008230842,pytorch,p95_latency,False,6,8,train
13,Float8WeightOnlyConfig,float8,8,False,True,pytorch_quantized_p95_latency,0.0008922744505071023,pytorch,p95_latency,False,6,8,train
14,Int8DynamicActivationInt8WeightConfig,int8,8,True,False,pytorch_quantized_p95_latency,0.014878396801577763,pytorch,p95_latency,False,6,8,train
15,Int8WeightOnlyConfig,int8,8,False,True,pytorch_quantized_p99_latency,0.0008907538688436034,pytorch,p99_latency,False,6,8,train
16,Float8WeightOnlyConfig,float8,8,False,True,pytorch_quantized_p99_latency,0.0010817482983657097,pytorch,p99_latency,False,6,8,train
17,Int8DynamicActivationInt8WeightConfig,int8,8,True,False,pytorch_quantized_p99_latency,0.015488272120255714,pytorch,p99_latency,False,6,8,train
18,Int8WeightOnlyConfig,int8,8,False,True,pytorch_relative_model_size,0.25,pytorch,model_size,True,6,8,train
19,Float8WeightOnlyConfig,float8,8,False,True,pytorch_relative_model_size,0.25,pytorch,model_size,True,6,8,train
20,Int8DynamicActivationInt8WeightConfig,int8,8,True,False,pytorch_relative_model_size,0.25,pytorch,model_size,True,6,8,train
21,Int8WeightOnlyConfig,int8,8,False,True,pytorch_relative_median_latency,2.4485909399107513,pytorch,median_latency,True,6,8,train
22,Float8WeightOnlyConfig,float8,8,False,True,pytorch_relative_median_latency,2.768223270365162,pytorch,median_latency,True,6,8,train
23,Int8DynamicActivationInt8WeightConfig,int8,8,True,False,pytorch_relative_median_latency,46.87952714446922,pytorch,median_latency,True,6,8,train
24,Int8WeightOnlyConfig,int8,8,False,True,pytorch_relative_p95_latency,2.4341771018460028,pytorch,p95_latency,True,6,8,train
25,Float8WeightOnlyConfig,float8,8,False,True,pytorch_relative_p95_latency,2.709532283608255,pytorch,p95_latency,True,6,8,train
26,Int8DynamicActivationInt8WeightConfig,int8,8,True,False,pytorch_relative_p95_latency,45.18060159550413,pytorch,p95_latency,True,6,8,train
27,Int8WeightOnlyConfig,int8,8,False,True,pytorch_relative_p99_latency,2.167191016381954,pytorch,p99_latency,True,6,8,train
28,Float8WeightOnlyConfig,float8,8,False,True,pytorch_relative_p99_latency,2.631877644548573,pytorch,p99_latency,True,6,8,train
29,Int8DynamicActivationInt8WeightConfig,int8,8,True,False,pytorch_relative_p99_latency,37.68273747929206,pytorch,p99_latency,True,6,8,train
0,Int8WeightOnlyConfig,int8,8,False,True,pytorch_quantized_MAE,7.188749507139677,pytorch,MAE,False,6,8,test
1,Float8WeightOnlyConfig,float8,8,False,True,pytorch_quantized_MAE,7.1755204294945765,pytorch,MAE,False,6,8,test
2,Int8DynamicActivationInt8WeightConfig,int8,8,True,False,pytorch_quantized_MAE,7.18634226091157,pytorch,MAE,False,6,8,test
3,Int8WeightOnlyConfig,int8,8,False,True,pytorch_relative_MAE,1.0013104015385488,pytorch,MAE,True,6,8,test
4,Float8WeightOnlyConfig,float8,8,False,True,pytorch_relative_MAE,0.9994677426678168,pytorch,MAE,True,6,8,test
5,Int8DynamicActivationInt8WeightConfig,int8,8,True,False,pytorch_relative_MAE,1.000975099733294,pytorch,MAE,True,6,8,test
6,Int8WeightOnlyConfig,int8,8,False,True,pytorch_quantized_model_size,206337.0,pytorch,model_size,False,6,8,test
7,Float8WeightOnlyConfig,float8,8,False,True,pytorch_quantized_model_size,206337.0,pytorch,model_size,False,6,8,test
8,Int8DynamicActivationInt8WeightConfig,int8,8,True,False,pytorch_quantized_model_size,206337.0,pytorch,model_size,False,6,8,test
9,Int8WeightOnlyConfig,int8,8,False,True,pytorch_quantized_median_latency,0.000694993499564589,pytorch,median_latency,False,6,8,test
10,Float8WeightOnlyConfig,float8,8,False,True,pytorch_quantized_median_latency,0.0007712605001870543,pytorch,median_latency,False,6,8,test
11,Int8DynamicActivationInt8WeightConfig,int8,8,True,False,pytorch_quantized_median_latency,0.013487401999555004,pytorch,median_latency,False,6,8,test
12,Int8WeightOnlyConfig,int8,8,False,True,pytorch_quantized_p95_latency,0.0007640849501513002,pytorch,p95_latency,False,6,8,test
13,Float8WeightOnlyConfig,float8,8,False,True,pytorch_quantized_p95_latency,0.0008593735994509188,pytorch,p95_latency,False,6,8,test
14,Int8DynamicActivationInt8WeightConfig,int8,8,True,False,pytorch_quantized_p95_latency,0.01461632969931088,pytorch,p95_latency,False,6,8,test
15,Int8WeightOnlyConfig,int8,8,False,True,pytorch_quantized_p99_latency,0.0008563316200161352,pytorch,p99_latency,False,6,8,test
16,Float8WeightOnlyConfig,float8,8,False,True,pytorch_quantized_p99_latency,0.001039267719261261,pytorch,p99_latency,False,6,8,test
17,Int8DynamicActivationInt8WeightConfig,int8,8,True,False,pytorch_quantized_p99_latency,0.015257996879827259,pytorch,p99_latency,False,6,8,test
18,Int8WeightOnlyConfig,int8,8,False,True,pytorch_relative_model_size,0.25,pytorch,model_size,True,6,8,test
19,Float8WeightOnlyConfig,float8,8,False,True,pytorch_relative_model_size,0.25,pytorch,model_size,True,6,8,test
20,Int8DynamicActivationInt8WeightConfig,int8,8,True,False,pytorch_relative_model_size,0.25,pytorch,model_size,True,6,8,test
21,Int8WeightOnlyConfig,int8,8,False,True,pytorch_relative_median_latency,2.4933396708436413,pytorch,median_latency,True,6,8,test
22,Float8WeightOnlyConfig,float8,8,False,True,pytorch_relative_median_latency,2.766953076360936,pytorch,median_latency,True,6,8,test
23,Int8DynamicActivationInt8WeightConfig,int8,8,True,False,pytorch_relative_median_latency,48.38703453078999,pytorch,median_latency,True,6,8,test
24,Int8WeightOnlyConfig,int8,8,False,True,pytorch_relative_p95_latency,2.20212051346729,pytorch,p95_latency,True,6,8,test
25,Float8WeightOnlyConfig,float8,8,False,True,pytorch_relative_p95_latency,2.476745853596983,pytorch,p95_latency,True,6,8,test
26,Int8DynamicActivationInt8WeightConfig,int8,8,True,False,pytorch_relative_p95_latency,42.124791825935304,pytorch,p95_latency,True,6,8,test
27,Int8WeightOnlyConfig,int8,8,False,True,pytorch_relative_p99_latency,2.0097963067144518,pytorch,p99_latency,True,6,8,test
28,Float8WeightOnlyConfig,float8,8,False,True,pytorch_relative_p99_latency,2.439144339688727,pytorch,p99_latency,True,6,8,test
29,Int8DynamicActivationInt8WeightConfig,int8,8,True,False,pytorch_relative_p99_latency,35.81026912956881,pytorch,p99_latency,True,6,8,test
0,Int8WeightOnlyConfig,int8,8,False,True,pytorch_quantized_MAE,7.258259591220387,pytorch,MAE,False,6,9,train
1,Float8WeightOnlyConfig,float8,8,False,True,pytorch_quantized_MAE,7.245357198358094,pytorch,MAE,False,6,9,train
2,Int8DynamicActivationInt8WeightConfig,int8,8,True,False,pytorch_quantized_MAE,7.2522640666677995,pytorch,MAE,False,6,9,train
3,Int8WeightOnlyConfig,int8,8,False,True,pytorch_relative_MAE,1.0012370277445823,pytorch,MAE,True,6,9,train
4,Float8WeightOnlyConfig,float8,8,False,True,pytorch_relative_MAE,0.9994572135456162,pytorch,MAE,True,6,9,train
5,Int8DynamicActivationInt8WeightConfig,int8,8,True,False,pytorch_relative_MAE,1.0004099780769093,pytorch,MAE,True,6,9,train
6,Int8WeightOnlyConfig,int8,8,False,True,pytorch_quantized_model_size,206337.0,pytorch,model_size,False,6,9,train
7,Float8WeightOnlyConfig,float8,8,False,True,pytorch_quantized_model_size,206337.0,pytorch,model_size,False,6,9,train
8,Int8DynamicActivationInt8WeightConfig,int8,8,True,False,pytorch_quantized_model_size,206337.0,pytorch,model_size,False,6,9,train
9,Int8WeightOnlyConfig,int8,8,False,True,pytorch_quantized_median_latency,0.0006909774992891471,pytorch,median_latency,False,6,9,train
10,Float8WeightOnlyConfig,float8,8,False,True,pytorch_quantized_median_latency,0.0007815110002411529,pytorch,median_latency,False,6,9,train
11,Int8DynamicActivationInt8WeightConfig,int8,8,True,False,pytorch_quantized_median_latency,0.014179015499394154,pytorch,median_latency,False,6,9,train
12,Int8WeightOnlyConfig,int8,8,False,True,pytorch_quantized_p95_latency,0.0007765787496282427,pytorch,p95_latency,False,6,9,train
13,Float8WeightOnlyConfig,float8,8,False,True,pytorch_quantized_p95_latency,0.0008659071987494824,pytorch,p95_latency,False,6,9,train
14,Int8DynamicActivationInt8WeightConfig,int8,8,True,False,pytorch_quantized_p95_latency,0.016520809599569475,pytorch,p95_latency,False,6,9,train
15,Int8WeightOnlyConfig,int8,8,False,True,pytorch_quantized_p99_latency,0.0009799969894629611,pytorch,p99_latency,False,6,9,train
16,Float8WeightOnlyConfig,float8,8,False,True,pytorch_quantized_p99_latency,0.0009823824188606514,pytorch,p99_latency,False,6,9,train
17,Int8DynamicActivationInt8WeightConfig,int8,8,True,False,pytorch_quantized_p99_latency,0.017155886170057782,pytorch,p99_latency,False,6,9,train
18,Int8WeightOnlyConfig,int8,8,False,True,pytorch_relative_model_size,0.25,pytorch,model_size,True,6,9,train
19,Float8WeightOnlyConfig,float8,8,False,True,pytorch_relative_model_size,0.25,pytorch,model_size,True,6,9,train
20,Int8DynamicActivationInt8WeightConfig,int8,8,True,False,pytorch_relative_model_size,0.25,pytorch,model_size,True,6,9,train
21,Int8WeightOnlyConfig,int8,8,False,True,pytorch_relative_median_latency,2.6278953845141917,pytorch,median_latency,True,6,9,train
22,Float8WeightOnlyConfig,float8,8,False,True,pytorch_relative_median_latency,2.972208433116271,pytorch,median_latency,True,6,9,train
23,Int8DynamicActivationInt8WeightConfig,int8,8,True,False,pytorch_relative_median_latency,53.9250111995627,pytorch,median_latency,True,6,9,train
24,Int8WeightOnlyConfig,int8,8,False,True,pytorch_relative_p95_latency,2.4236003441509486,pytorch,p95_latency,True,6,9,train
25,Float8WeightOnlyConfig,float8,8,False,True,pytorch_relative_p95_latency,2.7023827086392203,pytorch,p95_latency,True,6,9,train
26,Int8DynamicActivationInt8WeightConfig,int8,8,True,False,pytorch_relative_p95_latency,51.55927824491258,pytorch,p95_latency,True,6,9,train
27,Int8WeightOnlyConfig,int8,8,False,True,pytorch_relative_p99_latency,2.573134797764682,pytorch,p99_latency,True,6,9,train
28,Float8WeightOnlyConfig,float8,8,False,True,pytorch_relative_p99_latency,2.5793981143430025,pytorch,p99_latency,True,6,9,train
29,Int8DynamicActivationInt8WeightConfig,int8,8,True,False,pytorch_relative_p99_latency,45.045452348641085,pytorch,p99_latency,True,6,9,train
0,Int8WeightOnlyConfig,int8,8,False,True,pytorch_quantized_MAE,7.090681748915032,pytorch,MAE,False,6,9,test
1,Float8WeightOnlyConfig,float8,8,False,True,pytorch_quantized_MAE,7.086860419889721,pytorch,MAE,False,6,9,test
2,Int8DynamicActivationInt8WeightConfig,int8,8,True,False,pytorch_quantized_MAE,7.084069410810354,pytorch,MAE,False,6,9,test
3,Int8WeightOnlyConfig,int8,8,False,True,pytorch_relative_MAE,1.0012788635125376,pytorch,MAE,True,6,9,test
4,Float8WeightOnlyConfig,float8,8,False,True,pytorch_relative_MAE,1.000739251650229,pytorch,MAE,True,6,9,test
5,Int8DynamicActivationInt8WeightConfig,int8,8,True,False,pytorch_relative_MAE,1.0003451318042114,pytorch,MAE,True,6,9,test
6,Int8WeightOnlyConfig,int8,8,False,True,pytorch_quantized_model_size,206337.0,pytorch,model_size,False,6,9,test
7,Float8WeightOnlyConfig,float8,8,False,True,pytorch_quantized_model_size,206337.0,pytorch,model_size,False,6,9,test
8,Int8DynamicActivationInt8WeightConfig,int8,8,True,False,pytorch_quantized_model_size,206337.0,pytorch,model_size,False,6,9,test
9,Int8WeightOnlyConfig,int8,8,False,True,pytorch_quantized_median_latency,0.0006831254995631753,pytorch,median_latency,False,6,9,test
10,Float8WeightOnlyConfig,float8,8,False,True,pytorch_quantized_median_latency,0.000756874500439153,pytorch,median_latency,False,6,9,test
11,Int8DynamicActivationInt8WeightConfig,int8,8,True,False,pytorch_quantized_median_latency,0.013190663999921526,pytorch,median_latency,False,6,9,test
12,Int8WeightOnlyConfig,int8,8,False,True,pytorch_quantized_p95_latency,0.0008357956489817296,pytorch,p95_latency,False,6,9,test
13,Float8WeightOnlyConfig,float8,8,False,True,pytorch_quantized_p95_latency,0.000858447100927151,pytorch,p95_latency,False,6,9,test
14,Int8DynamicActivationInt8WeightConfig,int8,8,True,False,pytorch_quantized_p95_latency,0.014485229600086313,pytorch,p95_latency,False,6,9,test
15,Int8WeightOnlyConfig,int8,8,False,True,pytorch_quantized_p99_latency,0.0009551216303043474,pytorch,p99_latency,False,6,9,test
16,Float8WeightOnlyConfig,float8,8,False,True,pytorch_quantized_p99_latency,0.0009550393086101393,pytorch,p99_latency,False,6,9,test
17,Int8DynamicActivationInt8WeightConfig,int8,8,True,False,pytorch_quantized_p99_latency,0.016956753189770097,pytorch,p99_latency,False,6,9,test
18,Int8WeightOnlyConfig,int8,8,False,True,pytorch_relative_model_size,0.25,pytorch,model_size,True,6,9,test
19,Float8WeightOnlyConfig,float8,8,False,True,pytorch_relative_model_size,0.25,pytorch,model_size,True,6,9,test
20,Int8DynamicActivationInt8WeightConfig,int8,8,True,False,pytorch_relative_model_size,0.25,pytorch,model_size,True,6,9,test
21,Int8WeightOnlyConfig,int8,8,False,True,pytorch_relative_median_latency,2.5030292857397956,pytorch,median_latency,True,6,9,test
22,Float8WeightOnlyConfig,float8,8,False,True,pytorch_relative_median_latency,2.773251827724632,pytorch,median_latency,True,6,9,test
23,Int8DynamicActivationInt8WeightConfig,int8,8,True,False,pytorch_relative_median_latency,48.331702317172606,pytorch,median_latency,True,6,9,test
24,Int8WeightOnlyConfig,int8,8,False,True,pytorch_relative_p95_latency,2.5378004669021683,pytorch,p95_latency,True,6,9,test
25,Float8WeightOnlyConfig,float8,8,False,True,pytorch_relative_p95_latency,2.6065790797043977,pytorch,p95_latency,True,6,9,test
26,Int8DynamicActivationInt8WeightConfig,int8,8,True,False,pytorch_relative_p95_latency,43.98278752356575,pytorch,p95_latency,True,6,9,test
27,Int8WeightOnlyConfig,int8,8,False,True,pytorch_relative_p99_latency,2.3929471228273074,pytorch,p99_latency,True,6,9,test
28,Float8WeightOnlyConfig,float8,8,False,True,pytorch_relative_p99_latency,2.392740875313848,pytorch,p99_latency,True,6,9,test
29,Int8DynamicActivationInt8WeightConfig,int8,8,True,False,pytorch_relative_p99_latency,42.48319006766025,pytorch,p99_latency,True,6,9,test
0,Int8WeightOnlyConfig,int8,8,False,True,pytorch_quantized_MAE,7.246386249441997,pytorch,MAE,False,6,10,train
1,Float8WeightOnlyConfig,float8,8,False,True,pytorch_quantized_MAE,7.236232734919225,pytorch,MAE,False,6,10,train
2,Int8DynamicActivationInt8WeightConfig,int8,8,True,False,pytorch_quantized_MAE,7.239635774077481,pytorch,MAE,False,6,10,train
3,Int8WeightOnlyConfig,int8,8,False,True,pytorch_relative_MAE,1.0011800940176534,pytorch,MAE,True,6,10,train
4,Float8WeightOnlyConfig,float8,8,False,True,pytorch_relative_MAE,0.9997772573105567,pytorch,MAE,True,6,10,train
5,Int8DynamicActivationInt8WeightConfig,int8,8,True,False,pytorch_relative_MAE,1.000247430297081,pytorch,MAE,True,6,10,train
6,Int8WeightOnlyConfig,int8,8,False,True,pytorch_quantized_model_size,206337.0,pytorch,model_size,False,6,10,train
7,Float8WeightOnlyConfig,float8,8,False,True,pytorch_quantized_model_size,206337.0,pytorch,model_size,False,6,10,train
8,Int8DynamicActivationInt8WeightConfig,int8,8,True,False,pytorch_quantized_model_size,206337.0,pytorch,model_size,False,6,10,train
9,Int8WeightOnlyConfig,int8,8,False,True,pytorch_quantized_median_latency,0.000702141000147094,pytorch,median_latency,False,6,10,train
10,Float8WeightOnlyConfig,float8,8,False,True,pytorch_quantized_median_latency,0.0008032884998101508,pytorch,median_latency,False,6,10,train
11,Int8DynamicActivationInt8WeightConfig,int8,8,True,False,pytorch_quantized_median_latency,0.01387711449933704,pytorch,median_latency,False,6,10,train
12,Int8WeightOnlyConfig,int8,8,False,True,pytorch_quantized_p95_latency,0.0007988486989233932,pytorch,p95_latency,False,6,10,train
13,Float8WeightOnlyConfig,float8,8,False,True,pytorch_quantized_p95_latency,0.0009148737006398732,pytorch,p95_latency,False,6,10,train
14,Int8DynamicActivationInt8WeightConfig,int8,8,True,False,pytorch_quantized_p95_latency,0.016157620200647215,pytorch,p95_latency,False,6,10,train
15,Int8WeightOnlyConfig,int8,8,False,True,pytorch_quantized_p99_latency,0.0009626101303365429,pytorch,p99_latency,False,6,10,train
16,Float8WeightOnlyConfig,float8,8,False,True,pytorch_quantized_p99_latency,0.0010462658700635074,pytorch,p99_latency,False,6,10,train
17,Int8DynamicActivationInt8WeightConfig,int8,8,True,False,pytorch_quantized_p99_latency,0.01690151966871781,pytorch,p99_latency,False,6,10,train
18,Int8WeightOnlyConfig,int8,8,False,True,pytorch_relative_model_size,0.25,pytorch,model_size,True,6,10,train
19,Float8WeightOnlyConfig,float8,8,False,True,pytorch_relative_model_size,0.25,pytorch,model_size,True,6,10,train
20,Int8DynamicActivationInt8WeightConfig,int8,8,True,False,pytorch_relative_model_size,0.25,pytorch,model_size,True,6,10,train
21,Int8WeightOnlyConfig,int8,8,False,True,pytorch_relative_median_latency,2.5771749264402604,pytorch,median_latency,True,6,10,train
22,Float8WeightOnlyConfig,float8,8,False,True,pytorch_relative_median_latency,2.948431981574692,pytorch,median_latency,True,6,10,train
23,Int8DynamicActivationInt8WeightConfig,int8,8,True,False,pytorch_relative_median_latency,50.93528441088005,pytorch,median_latency,True,6,10,train
24,Int8WeightOnlyConfig,int8,8,False,True,pytorch_relative_p95_latency,2.502350352454943,pytorch,p95_latency,True,6,10,train
25,Float8WeightOnlyConfig,float8,8,False,True,pytorch_relative_p95_latency,2.865792396399063,pytorch,p95_latency,True,6,10,train
26,Int8DynamicActivationInt8WeightConfig,int8,8,True,False,pytorch_relative_p95_latency,50.61287157181682,pytorch,p95_latency,True,6,10,train
27,Int8WeightOnlyConfig,int8,8,False,True,pytorch_relative_p99_latency,2.491775442479697,pytorch,p99_latency,True,6,10,train
28,Float8WeightOnlyConfig,float8,8,False,True,pytorch_relative_p99_latency,2.7083234626020753,pytorch,p99_latency,True,6,10,train
29,Int8DynamicActivationInt8WeightConfig,int8,8,True,False,pytorch_relative_p99_latency,43.75062169392988,pytorch,p99_latency,True,6,10,train
0,Int8WeightOnlyConfig,int8,8,False,True,pytorch_quantized_MAE,7.205182266594213,pytorch,MAE,False,6,10,test
1,Float8WeightOnlyConfig,float8,8,False,True,pytorch_quantized_MAE,7.190110376166041,pytorch,MAE,False,6,10,test
2,Int8DynamicActivationInt8WeightConfig,int8,8,True,False,pytorch_quantized_MAE,7.2077190438644685,pytorch,MAE,False,6,10,test
3,Int8WeightOnlyConfig,int8,8,False,True,pytorch_relative_MAE,1.0011905913378087,pytorch,MAE,True,6,10,test
4,Float8WeightOnlyConfig,float8,8,False,True,pytorch_relative_MAE,0.99909628833033,pytorch,MAE,True,6,10,test
5,Int8DynamicActivationInt8WeightConfig,int8,8,True,False,pytorch_relative_MAE,1.001543087283272,pytorch,MAE,True,6,10,test
6,Int8WeightOnlyConfig,int8,8,False,True,pytorch_quantized_model_size,206337.0,pytorch,model_size,False,6,10,test
7,Float8WeightOnlyConfig,float8,8,False,True,pytorch_quantized_model_size,206337.0,pytorch,model_size,False,6,10,test
8,Int8DynamicActivationInt8WeightConfig,int8,8,True,False,pytorch_quantized_model_size,206337.0,pytorch,model_size,False,6,10,test
9,Int8WeightOnlyConfig,int8,8,False,True,pytorch_quantized_median_latency,0.0006928079992576386,pytorch,median_latency,False,6,10,test
10,Float8WeightOnlyConfig,float8,8,False,True,pytorch_quantized_median_latency,0.0007675590004510013,pytorch,median_latency,False,6,10,test
11,Int8DynamicActivationInt8WeightConfig,int8,8,True,False,pytorch_quantized_median_latency,0.013427681000393932,pytorch,median_latency,False,6,10,test
12,Int8WeightOnlyConfig,int8,8,False,True,pytorch_quantized_p95_latency,0.0007643638003173691,pytorch,p95_latency,False,6,10,test
13,Float8WeightOnlyConfig,float8,8,False,True,pytorch_quantized_p95_latency,0.0008589521499743568,pytorch,p95_latency,False,6,10,test
14,Int8DynamicActivationInt8WeightConfig,int8,8,True,False,pytorch_quantized_p95_latency,0.014531893450111964,pytorch,p95_latency,False,6,10,test
15,Int8WeightOnlyConfig,int8,8,False,True,pytorch_quantized_p99_latency,0.0008823098191533062,pytorch,p99_latency,False,6,10,test
16,Float8WeightOnlyConfig,float8,8,False,True,pytorch_quantized_p99_latency,0.0009746054097740851,pytorch,p99_latency,False,6,10,test
17,Int8DynamicActivationInt8WeightConfig,int8,8,True,False,pytorch_quantized_p99_latency,0.015165076571029203,pytorch,p99_latency,False,6,10,test
18,Int8WeightOnlyConfig,int8,8,False,True,pytorch_relative_model_size,0.25,pytorch,model_size,True,6,10,test
19,Float8WeightOnlyConfig,float8,8,False,True,pytorch_relative_model_size,0.25,pytorch,model_size,True,6,10,test
20,Int8DynamicActivationInt8WeightConfig,int8,8,True,False,pytorch_relative_model_size,0.25,pytorch,model_size,True,6,10,test
21,Int8WeightOnlyConfig,int8,8,False,True,pytorch_relative_median_latency,2.5381580169513605,pytorch,median_latency,True,6,10,test
22,Float8WeightOnlyConfig,float8,8,False,True,pytorch_relative_median_latency,2.8120143424518953,pytorch,median_latency,True,6,10,test
23,Int8DynamicActivationInt8WeightConfig,int8,8,True,False,pytorch_relative_median_latency,49.193392998831705,pytorch,median_latency,True,6,10,test
24,Int8WeightOnlyConfig,int8,8,False,True,pytorch_relative_p95_latency,2.247110693520298,pytorch,p95_latency,True,6,10,test
25,Float8WeightOnlyConfig,float8,8,False,True,pytorch_relative_p95_latency,2.5251857304443406,pytorch,p95_latency,True,6,10,test
26,Int8DynamicActivationInt8WeightConfig,int8,8,True,False,pytorch_relative_p95_latency,42.72150663765825,pytorch,p95_latency,True,6,10,test
27,Int8WeightOnlyConfig,int8,8,False,True,pytorch_relative_p99_latency,2.1398843504096225,pytorch,p99_latency,True,6,10,test
28,Float8WeightOnlyConfig,float8,8,False,True,pytorch_relative_p99_latency,2.363730765460004,pytorch,p99_latency,True,6,10,test
29,Int8DynamicActivationInt8WeightConfig,int8,8,True,False,pytorch_relative_p99_latency,36.78017553771595,pytorch,p99_latency,True,6,10,test
0,Int8WeightOnlyConfig,int8,8,False,True,pytorch_quantized_MAE,7.241407454844246,pytorch,MAE,False,7,1,train
1,Float8WeightOnlyConfig,float8,8,False,True,pytorch_quantized_MAE,7.228826821414498,pytorch,MAE,False,7,1,train
2,Int8DynamicActivationInt8WeightConfig,int8,8,True,False,pytorch_quantized_MAE,7.235492512772066,pytorch,MAE,False,7,1,train
3,Int8WeightOnlyConfig,int8,8,False,True,pytorch_relative_MAE,1.0013004493998516,pytorch,MAE,True,7,1,train
4,Float8WeightOnlyConfig,float8,8,False,True,pytorch_relative_MAE,0.9995608712880696,pytorch,MAE,True,7,1,train
5,Int8DynamicActivationInt8WeightConfig,int8,8,True,False,pytorch_relative_MAE,1.000482565004866,pytorch,MAE,True,7,1,train
6,Int8WeightOnlyConfig,int8,8,False,True,pytorch_quantized_model_size,206337.0,pytorch,model_size,False,7,1,train
7,Float8WeightOnlyConfig,float8,8,False,True,pytorch_quantized_model_size,206337.0,pytorch,model_size,False,7,1,train
8,Int8DynamicActivationInt8WeightConfig,int8,8,True,False,pytorch_quantized_model_size,206337.0,pytorch,model_size,False,7,1,train
9,Int8WeightOnlyConfig,int8,8,False,True,pytorch_quantized_median_latency,0.0008423519993812079,pytorch,median_latency,False,7,1,train
10,Float8WeightOnlyConfig,float8,8,False,True,pytorch_quantized_median_latency,0.0008665904997542384,pytorch,median_latency,False,7,1,train
11,Int8DynamicActivationInt8WeightConfig,int8,8,True,False,pytorch_quantized_median_latency,0.0135537785008637,pytorch,median_latency,False,7,1,train
12,Int8WeightOnlyConfig,int8,8,False,True,pytorch_quantized_p95_latency,0.0010576134993243612,pytorch,p95_latency,False,7,1,train
13,Float8WeightOnlyConfig,float8,8,False,True,pytorch_quantized_p95_latency,0.0010925626005700905,pytorch,p95_latency,False,7,1,train
14,Int8DynamicActivationInt8WeightConfig,int8,8,True,False,pytorch_quantized_p95_latency,0.01491830735130861,pytorch,p95_latency,False,7,1,train
15,Int8WeightOnlyConfig,int8,8,False,True,pytorch_quantized_p99_latency,0.0011697817308049705,pytorch,p99_latency,False,7,1,train
16,Float8WeightOnlyConfig,float8,8,False,True,pytorch_quantized_p99_latency,0.0012430408904219802,pytorch,p99_latency,False,7,1,train
17,Int8DynamicActivationInt8WeightConfig,int8,8,True,False,pytorch_quantized_p99_latency,0.015588901120754598,pytorch,p99_latency,False,7,1,train
18,Int8WeightOnlyConfig,int8,8,False,True,pytorch_relative_model_size,0.25,pytorch,model_size,True,7,1,train
19,Float8WeightOnlyConfig,float8,8,False,True,pytorch_relative_model_size,0.25,pytorch,model_size,True,7,1,train
20,Int8DynamicActivationInt8WeightConfig,int8,8,True,False,pytorch_relative_model_size,0.25,pytorch,model_size,True,7,1,train
21,Int8WeightOnlyConfig,int8,8,False,True,pytorch_relative_median_latency,2.6966740996402954,pytorch,median_latency,True,7,1,train
22,Float8WeightOnlyConfig,float8,8,False,True,pytorch_relative_median_latency,2.7742703257050394,pytorch,median_latency,True,7,1,train
23,Int8DynamicActivationInt8WeightConfig,int8,8,True,False,pytorch_relative_median_latency,43.390558178042376,pytorch,median_latency,True,7,1,train
24,Int8WeightOnlyConfig,int8,8,False,True,pytorch_relative_p95_latency,2.6642876597848555,pytorch,p95_latency,True,7,1,train
25,Float8WeightOnlyConfig,float8,8,False,True,pytorch_relative_p95_latency,2.7523297084435123,pytorch,p95_latency,True,7,1,train
26,Int8DynamicActivationInt8WeightConfig,int8,8,True,False,pytorch_relative_p95_latency,37.58146261026425,pytorch,p95_latency,True,7,1,train
27,Int8WeightOnlyConfig,int8,8,False,True,pytorch_relative_p99_latency,2.386065247778484,pytorch,p99_latency,True,7,1,train
28,Float8WeightOnlyConfig,float8,8,False,True,pytorch_relative_p99_latency,2.535495804129639,pytorch,p99_latency,True,7,1,train
29,Int8DynamicActivationInt8WeightConfig,int8,8,True,False,pytorch_relative_p99_latency,31.797500538576163,pytorch,p99_latency,True,7,1,train
0,Int8WeightOnlyConfig,int8,8,False,True,pytorch_quantized_MAE,7.272548783195546,pytorch,MAE,False,7,1,test
1,Float8WeightOnlyConfig,float8,8,False,True,pytorch_quantized_MAE,7.267997935484404,pytorch,MAE,False,7,1,test
2,Int8DynamicActivationInt8WeightConfig,int8,8,True,False,pytorch_quantized_MAE,7.270493440098731,pytorch,MAE,False,7,1,test
3,Int8WeightOnlyConfig,int8,8,False,True,pytorch_relative_MAE,1.0012263738167344,pytorch,MAE,True,7,1,test
4,Float8WeightOnlyConfig,float8,8,False,True,pytorch_relative_MAE,1.000599849487032,pytorch,MAE,True,7,1,test
5,Int8DynamicActivationInt8WeightConfig,int8,8,True,False,pytorch_relative_MAE,1.0009434106112447,pytorch,MAE,True,7,1,test
6,Int8WeightOnlyConfig,int8,8,False,True,pytorch_quantized_model_size,206337.0,pytorch,model_size,False,7,1,test
7,Float8WeightOnlyConfig,float8,8,False,True,pytorch_quantized_model_size,206337.0,pytorch,model_size,False,7,1,test
8,Int8DynamicActivationInt8WeightConfig,int8,8,True,False,pytorch_quantized_model_size,206337.0,pytorch,model_size,False,7,1,test
9,Int8WeightOnlyConfig,int8,8,False,True,pytorch_quantized_median_latency,0.0006820694998168619,pytorch,median_latency,False,7,1,test
10,Float8WeightOnlyConfig,float8,8,False,True,pytorch_quantized_median_latency,0.000774625999838463,pytorch,median_latency,False,7,1,test
11,Int8DynamicActivationInt8WeightConfig,int8,8,True,False,pytorch_quantized_median_latency,0.013385896500039962,pytorch,median_latency,False,7,1,test
12,Int8WeightOnlyConfig,int8,8,False,True,pytorch_quantized_p95_latency,0.0007613235988173982,pytorch,p95_latency,False,7,1,test
13,Float8WeightOnlyConfig,float8,8,False,True,pytorch_quantized_p95_latency,0.0008519367484041138,pytorch,p95_latency,False,7,1,test
14,Int8DynamicActivationInt8WeightConfig,int8,8,True,False,pytorch_quantized_p95_latency,0.014433989250392186,pytorch,p95_latency,False,7,1,test
15,Int8WeightOnlyConfig,int8,8,False,True,pytorch_quantized_p99_latency,0.0008388944396574515,pytorch,p99_latency,False,7,1,test
16,Float8WeightOnlyConfig,float8,8,False,True,pytorch_quantized_p99_latency,0.0010319574604727674,pytorch,p99_latency,False,7,1,test
17,Int8DynamicActivationInt8WeightConfig,int8,8,True,False,pytorch_quantized_p99_latency,0.015463297950864216,pytorch,p99_latency,False,7,1,test
18,Int8WeightOnlyConfig,int8,8,False,True,pytorch_relative_model_size,0.25,pytorch,model_size,True,7,1,test
19,Float8WeightOnlyConfig,float8,8,False,True,pytorch_relative_model_size,0.25,pytorch,model_size,True,7,1,test
20,Int8DynamicActivationInt8WeightConfig,int8,8,True,False,pytorch_relative_model_size,0.25,pytorch,model_size,True,7,1,test
21,Int8WeightOnlyConfig,int8,8,False,True,pytorch_relative_median_latency,2.502125853279363,pytorch,median_latency,True,7,1,test
22,Float8WeightOnlyConfig,float8,8,False,True,pytorch_relative_median_latency,2.8416631169383924,pytorch,median_latency,True,7,1,test
23,Int8DynamicActivationInt8WeightConfig,int8,8,True,False,pytorch_relative_median_latency,49.105256445369236,pytorch,median_latency,True,7,1,test
24,Int8WeightOnlyConfig,int8,8,False,True,pytorch_relative_p95_latency,2.3564717724323483,pytorch,p95_latency,True,7,1,test
25,Float8WeightOnlyConfig,float8,8,False,True,pytorch_relative_p95_latency,2.6369403268604104,pytorch,p95_latency,True,7,1,test
26,Int8DynamicActivationInt8WeightConfig,int8,8,True,False,pytorch_relative_p95_latency,44.67651900581523,pytorch,p95_latency,True,7,1,test
27,Int8WeightOnlyConfig,int8,8,False,True,pytorch_relative_p99_latency,1.931904085204807,pytorch,p99_latency,True,7,1,test
28,Float8WeightOnlyConfig,float8,8,False,True,pytorch_relative_p99_latency,2.376512156236234,pytorch,p99_latency,True,7,1,test
29,Int8DynamicActivationInt8WeightConfig,int8,8,True,False,pytorch_relative_p99_latency,35.610688389128065,pytorch,p99_latency,True,7,1,test
0,Int8WeightOnlyConfig,int8,8,False,True,pytorch_quantized_MAE,7.284115642027126,pytorch,MAE,False,7,2,train
1,Float8WeightOnlyConfig,float8,8,False,True,pytorch_quantized_MAE,7.27175434909305,pytorch,MAE,False,7,2,train
2,Int8DynamicActivationInt8WeightConfig,int8,8,True,False,pytorch_quantized_MAE,7.2792239062167035,pytorch,MAE,False,7,2,train
3,Int8WeightOnlyConfig,int8,8,False,True,pytorch_relative_MAE,1.0011925202882717,pytorch,MAE,True,7,2,train
4,Float8WeightOnlyConfig,float8,8,False,True,pytorch_relative_MAE,0.9994934761441504,pytorch,MAE,True,7,2,train
5,Int8DynamicActivationInt8WeightConfig,int8,8,True,False,pytorch_relative_MAE,1.0005201573625153,pytorch,MAE,True,7,2,train
6,Int8WeightOnlyConfig,int8,8,False,True,pytorch_quantized_model_size,206337.0,pytorch,model_size,False,7,2,train
7,Float8WeightOnlyConfig,float8,8,False,True,pytorch_quantized_model_size,206337.0,pytorch,model_size,False,7,2,train
8,Int8DynamicActivationInt8WeightConfig,int8,8,True,False,pytorch_quantized_model_size,206337.0,pytorch,model_size,False,7,2,train
9,Int8WeightOnlyConfig,int8,8,False,True,pytorch_quantized_median_latency,0.0006945889990674914,pytorch,median_latency,False,7,2,train
10,Float8WeightOnlyConfig,float8,8,False,True,pytorch_quantized_median_latency,0.0007722780001131468,pytorch,median_latency,False,7,2,train
11,Int8DynamicActivationInt8WeightConfig,int8,8,True,False,pytorch_quantized_median_latency,0.013507671499610296,pytorch,median_latency,False,7,2,train
12,Int8WeightOnlyConfig,int8,8,False,True,pytorch_quantized_p95_latency,0.0007719663488387595,pytorch,p95_latency,False,7,2,train
13,Float8WeightOnlyConfig,float8,8,False,True,pytorch_quantized_p95_latency,0.000879709800483397,pytorch,p95_latency,False,7,2,train
14,Int8DynamicActivationInt8WeightConfig,int8,8,True,False,pytorch_quantized_p95_latency,0.014983295749971148,pytorch,p95_latency,False,7,2,train
15,Int8WeightOnlyConfig,int8,8,False,True,pytorch_quantized_p99_latency,0.0009216690286484658,pytorch,p99_latency,False,7,2,train
16,Float8WeightOnlyConfig,float8,8,False,True,pytorch_quantized_p99_latency,0.00098728197028322,pytorch,p99_latency,False,7,2,train
17,Int8DynamicActivationInt8WeightConfig,int8,8,True,False,pytorch_quantized_p99_latency,0.0159385551298692,pytorch,p99_latency,False,7,2,train
18,Int8WeightOnlyConfig,int8,8,False,True,pytorch_relative_model_size,0.25,pytorch,model_size,True,7,2,train
19,Float8WeightOnlyConfig,float8,8,False,True,pytorch_relative_model_size,0.25,pytorch,model_size,True,7,2,train
20,Int8DynamicActivationInt8WeightConfig,int8,8,True,False,pytorch_relative_model_size,0.25,pytorch,model_size,True,7,2,train
21,Int8WeightOnlyConfig,int8,8,False,True,pytorch_relative_median_latency,2.519977643891505,pytorch,median_latency,True,7,2,train
22,Float8WeightOnlyConfig,float8,8,False,True,pytorch_relative_median_latency,2.801834318952799,pytorch,median_latency,True,7,2,train
23,Int8DynamicActivationInt8WeightConfig,int8,8,True,False,pytorch_relative_median_latency,49.006002464402556,pytorch,median_latency,True,7,2,train
24,Int8WeightOnlyConfig,int8,8,False,True,pytorch_relative_p95_latency,2.3460685547112887,pytorch,p95_latency,True,7,2,train
25,Float8WeightOnlyConfig,float8,8,False,True,pytorch_relative_p95_latency,2.6735096721379463,pytorch,p95_latency,True,7,2,train
26,Int8DynamicActivationInt8WeightConfig,int8,8,True,False,pytorch_relative_p95_latency,45.535455085346946,pytorch,p95_latency,True,7,2,train
27,Int8WeightOnlyConfig,int8,8,False,True,pytorch_relative_p99_latency,2.374900313523111,pytorch,p99_latency,True,7,2,train
28,Float8WeightOnlyConfig,float8,8,False,True,pytorch_relative_p99_latency,2.543967723641092,pytorch,p99_latency,True,7,2,train
29,Int8DynamicActivationInt8WeightConfig,int8,8,True,False,pytorch_relative_p99_latency,41.06949284228262,pytorch,p99_latency,True,7,2,train
0,Int8WeightOnlyConfig,int8,8,False,True,pytorch_quantized_MAE,7.480965328126837,pytorch,MAE,False,7,2,test
1,Float8WeightOnlyConfig,float8,8,False,True,pytorch_quantized_MAE,7.464749279721997,pytorch,MAE,False,7,2,test
2,Int8DynamicActivationInt8WeightConfig,int8,8,True,False,pytorch_quantized_MAE,7.472827147002054,pytorch,MAE,False,7,2,test
3,Int8WeightOnlyConfig,int8,8,False,True,pytorch_relative_MAE,1.0012945393300448,pytorch,MAE,True,7,2,test
4,Float8WeightOnlyConfig,float8,8,False,True,pytorch_relative_MAE,0.9991240920675465,pytorch,MAE,True,7,2,test
5,Int8DynamicActivationInt8WeightConfig,int8,8,True,False,pytorch_relative_MAE,1.0002052793264344,pytorch,MAE,True,7,2,test
6,Int8WeightOnlyConfig,int8,8,False,True,pytorch_quantized_model_size,206337.0,pytorch,model_size,False,7,2,test
7,Float8WeightOnlyConfig,float8,8,False,True,pytorch_quantized_model_size,206337.0,pytorch,model_size,False,7,2,test
8,Int8DynamicActivationInt8WeightConfig,int8,8,True,False,pytorch_quantized_model_size,206337.0,pytorch,model_size,False,7,2,test
9,Int8WeightOnlyConfig,int8,8,False,True,pytorch_quantized_median_latency,0.0006887324998388067,pytorch,median_latency,False,7,2,test
10,Float8WeightOnlyConfig,float8,8,False,True,pytorch_quantized_median_latency,0.000774312999965332,pytorch,median_latency,False,7,2,test
11,Int8DynamicActivationInt8WeightConfig,int8,8,True,False,pytorch_quantized_median_latency,0.013644616999954451,pytorch,median_latency,False,7,2,test
12,Int8WeightOnlyConfig,int8,8,False,True,pytorch_quantized_p95_latency,0.0007594876996336097,pytorch,p95_latency,False,7,2,test
13,Float8WeightOnlyConfig,float8,8,False,True,pytorch_quantized_p95_latency,0.0008623018999969644,pytorch,p95_latency,False,7,2,test
14,Int8DynamicActivationInt8WeightConfig,int8,8,True,False,pytorch_quantized_p95_latency,0.01539382344944897,pytorch,p95_latency,False,7,2,test
15,Int8WeightOnlyConfig,int8,8,False,True,pytorch_quantized_p99_latency,0.0008982554714384605,pytorch,p99_latency,False,7,2,test
16,Float8WeightOnlyConfig,float8,8,False,True,pytorch_quantized_p99_latency,0.0009542166593382716,pytorch,p99_latency,False,7,2,test
17,Int8DynamicActivationInt8WeightConfig,int8,8,True,False,pytorch_quantized_p99_latency,0.015968623660628508,pytorch,p99_latency,False,7,2,test
18,Int8WeightOnlyConfig,int8,8,False,True,pytorch_relative_model_size,0.25,pytorch,model_size,True,7,2,test
19,Float8WeightOnlyConfig,float8,8,False,True,pytorch_relative_model_size,0.25,pytorch,model_size,True,7,2,test
20,Int8DynamicActivationInt8WeightConfig,int8,8,True,False,pytorch_relative_model_size,0.25,pytorch,model_size,True,7,2,test
21,Int8WeightOnlyConfig,int8,8,False,True,pytorch_relative_median_latency,2.701414961889763,pytorch,median_latency,True,7,2,test
22,Float8WeightOnlyConfig,float8,8,False,True,pytorch_relative_median_latency,3.037087292645045,pytorch,median_latency,True,7,2,test
23,Int8DynamicActivationInt8WeightConfig,int8,8,True,False,pytorch_relative_median_latency,53.51827091295845,pytorch,median_latency,True,7,2,test
24,Int8WeightOnlyConfig,int8,8,False,True,pytorch_relative_p95_latency,2.425315205611184,pytorch,p95_latency,True,7,2,test
25,Float8WeightOnlyConfig,float8,8,False,True,pytorch_relative_p95_latency,2.753637630864803,pytorch,p95_latency,True,7,2,test
26,Int8DynamicActivationInt8WeightConfig,int8,8,True,False,pytorch_relative_p95_latency,49.15797069847687,pytorch,p95_latency,True,7,2,test
27,Int8WeightOnlyConfig,int8,8,False,True,pytorch_relative_p99_latency,2.1614557076664545,pytorch,p99_latency,True,7,2,test
28,Float8WeightOnlyConfig,float8,8,False,True,pytorch_relative_p99_latency,2.296114090320268,pytorch,p99_latency,True,7,2,test
29,Int8DynamicActivationInt8WeightConfig,int8,8,True,False,pytorch_relative_p99_latency,38.42500697443037,pytorch,p99_latency,True,7,2,test
0,Int8WeightOnlyConfig,int8,8,False,True,pytorch_quantized_MAE,7.276477543052335,pytorch,MAE,False,7,3,train
1,Float8WeightOnlyConfig,float8,8,False,True,pytorch_quantized_MAE,7.265034098886153,pytorch,MAE,False,7,3,train
2,Int8DynamicActivationInt8WeightConfig,int8,8,True,False,pytorch_quantized_MAE,7.271166135377476,pytorch,MAE,False,7,3,train
3,Int8WeightOnlyConfig,int8,8,False,True,pytorch_relative_MAE,1.0012619767649475,pytorch,MAE,True,7,3,train
4,Float8WeightOnlyConfig,float8,8,False,True,pytorch_relative_MAE,0.999687329491038,pytorch,MAE,True,7,3,train
5,Int8DynamicActivationInt8WeightConfig,int8,8,True,False,pytorch_relative_MAE,1.000531113443173,pytorch,MAE,True,7,3,train
6,Int8WeightOnlyConfig,int8,8,False,True,pytorch_quantized_model_size,206337.0,pytorch,model_size,False,7,3,train
7,Float8WeightOnlyConfig,float8,8,False,True,pytorch_quantized_model_size,206337.0,pytorch,model_size,False,7,3,train
8,Int8DynamicActivationInt8WeightConfig,int8,8,True,False,pytorch_quantized_model_size,206337.0,pytorch,model_size,False,7,3,train
9,Int8WeightOnlyConfig,int8,8,False,True,pytorch_quantized_median_latency,0.0007093619997249334,pytorch,median_latency,False,7,3,train
10,Float8WeightOnlyConfig,float8,8,False,True,pytorch_quantized_median_latency,0.0007913069994174293,pytorch,median_latency,False,7,3,train
11,Int8DynamicActivationInt8WeightConfig,int8,8,True,False,pytorch_quantized_median_latency,0.014217511499737157,pytorch,median_latency,False,7,3,train
12,Int8WeightOnlyConfig,int8,8,False,True,pytorch_quantized_p95_latency,0.000804619450627797,pytorch,p95_latency,False,7,3,train
13,Float8WeightOnlyConfig,float8,8,False,True,pytorch_quantized_p95_latency,0.0008875538494066856,pytorch,p95_latency,False,7,3,train
14,Int8DynamicActivationInt8WeightConfig,int8,8,True,False,pytorch_quantized_p95_latency,0.016682627448881247,pytorch,p95_latency,False,7,3,train
15,Int8WeightOnlyConfig,int8,8,False,True,pytorch_quantized_p99_latency,0.0009140092206507683,pytorch,p99_latency,False,7,3,train
16,Float8WeightOnlyConfig,float8,8,False,True,pytorch_quantized_p99_latency,0.0010880915502275456,pytorch,p99_latency,False,7,3,train
17,Int8DynamicActivationInt8WeightConfig,int8,8,True,False,pytorch_quantized_p99_latency,0.01809147410906007,pytorch,p99_latency,False,7,3,train
18,Int8WeightOnlyConfig,int8,8,False,True,pytorch_relative_model_size,0.25,pytorch,model_size,True,7,3,train
19,Float8WeightOnlyConfig,float8,8,False,True,pytorch_relative_model_size,0.25,pytorch,model_size,True,7,3,train
20,Int8DynamicActivationInt8WeightConfig,int8,8,True,False,pytorch_relative_model_size,0.25,pytorch,model_size,True,7,3,train
21,Int8WeightOnlyConfig,int8,8,False,True,pytorch_relative_median_latency,2.729344137132745,pytorch,median_latency,True,7,3,train
22,Float8WeightOnlyConfig,float8,8,False,True,pytorch_relative_median_latency,3.0446360537631603,pytorch,median_latency,True,7,3,train
23,Int8DynamicActivationInt8WeightConfig,int8,8,True,False,pytorch_relative_median_latency,54.703355510264224,pytorch,median_latency,True,7,3,train
24,Int8WeightOnlyConfig,int8,8,False,True,pytorch_relative_p95_latency,2.5653712312696046,pytorch,p95_latency,True,7,3,train
25,Float8WeightOnlyConfig,float8,8,False,True,pytorch_relative_p95_latency,2.8297912879112874,pytorch,p95_latency,True,7,3,train
26,Int8DynamicActivationInt8WeightConfig,int8,8,True,False,pytorch_relative_p95_latency,53.18928405963405,pytorch,p95_latency,True,7,3,train
27,Int8WeightOnlyConfig,int8,8,False,True,pytorch_relative_p99_latency,2.475380568628508,pytorch,p99_latency,True,7,3,train
28,Float8WeightOnlyConfig,float8,8,False,True,pytorch_relative_p99_latency,2.9468419130437495,pytorch,p99_latency,True,7,3,train
29,Int8DynamicActivationInt8WeightConfig,int8,8,True,False,pytorch_relative_p99_latency,48.99653357493227,pytorch,p99_latency,True,7,3,train
0,Int8WeightOnlyConfig,int8,8,False,True,pytorch_quantized_MAE,7.4844114962099635,pytorch,MAE,False,7,3,test
1,Float8WeightOnlyConfig,float8,8,False,True,pytorch_quantized_MAE,7.4765903189399845,pytorch,MAE,False,7,3,test
2,Int8DynamicActivationInt8WeightConfig,int8,8,True,False,pytorch_quantized_MAE,7.4804077076665205,pytorch,MAE,False,7,3,test
3,Int8WeightOnlyConfig,int8,8,False,True,pytorch_relative_MAE,1.0011949258560517,pytorch,MAE,True,7,3,test
4,Float8WeightOnlyConfig,float8,8,False,True,pytorch_relative_MAE,1.000148681538661,pytorch,MAE,True,7,3,test
5,Int8DynamicActivationInt8WeightConfig,int8,8,True,False,pytorch_relative_MAE,1.0006593362808494,pytorch,MAE,True,7,3,test
6,Int8WeightOnlyConfig,int8,8,False,True,pytorch_quantized_model_size,206337.0,pytorch,model_size,False,7,3,test
7,Float8WeightOnlyConfig,float8,8,False,True,pytorch_quantized_model_size,206337.0,pytorch,model_size,False,7,3,test
8,Int8DynamicActivationInt8WeightConfig,int8,8,True,False,pytorch_quantized_model_size,206337.0,pytorch,model_size,False,7,3,test
9,Int8WeightOnlyConfig,int8,8,False,True,pytorch_quantized_median_latency,0.0007147365004129824,pytorch,median_latency,False,7,3,test
10,Float8WeightOnlyConfig,float8,8,False,True,pytorch_quantized_median_latency,0.0008079059998635785,pytorch,median_latency,False,7,3,test
11,Int8DynamicActivationInt8WeightConfig,int8,8,True,False,pytorch_quantized_median_latency,0.013769735500318347,pytorch,median_latency,False,7,3,test
12,Int8WeightOnlyConfig,int8,8,False,True,pytorch_quantized_p95_latency,0.0008166467495357209,pytorch,p95_latency,False,7,3,test
13,Float8WeightOnlyConfig,float8,8,False,True,pytorch_quantized_p95_latency,0.0008921780004129687,pytorch,p95_latency,False,7,3,test
14,Int8DynamicActivationInt8WeightConfig,int8,8,True,False,pytorch_quantized_p95_latency,0.014884542100207909,pytorch,p95_latency,False,7,3,test
15,Int8WeightOnlyConfig,int8,8,False,True,pytorch_quantized_p99_latency,0.0009212011991075996,pytorch,p99_latency,False,7,3,test
16,Float8WeightOnlyConfig,float8,8,False,True,pytorch_quantized_p99_latency,0.0010220229383412515,pytorch,p99_latency,False,7,3,test
17,Int8DynamicActivationInt8WeightConfig,int8,8,True,False,pytorch_quantized_p99_latency,0.015785391699591856,pytorch,p99_latency,False,7,3,test
18,Int8WeightOnlyConfig,int8,8,False,True,pytorch_relative_model_size,0.25,pytorch,model_size,True,7,3,test
19,Float8WeightOnlyConfig,float8,8,False,True,pytorch_relative_model_size,0.25,pytorch,model_size,True,7,3,test
20,Int8DynamicActivationInt8WeightConfig,int8,8,True,False,pytorch_relative_model_size,0.25,pytorch,model_size,True,7,3,test
21,Int8WeightOnlyConfig,int8,8,False,True,pytorch_relative_median_latency,2.7319225326213923,pytorch,median_latency,True,7,3,test
22,Float8WeightOnlyConfig,float8,8,False,True,pytorch_relative_median_latency,3.088042382041519,pytorch,median_latency,True,7,3,test
23,Int8DynamicActivationInt8WeightConfig,int8,8,True,False,pytorch_relative_median_latency,52.6317750105394,pytorch,median_latency,True,7,3,test
24,Int8WeightOnlyConfig,int8,8,False,True,pytorch_relative_p95_latency,2.485658292389128,pytorch,p95_latency,True,7,3,test
25,Float8WeightOnlyConfig,float8,8,False,True,pytorch_relative_p95_latency,2.7155555890896794,pytorch,p95_latency,True,7,3,test
26,Int8DynamicActivationInt8WeightConfig,int8,8,True,False,pytorch_relative_p95_latency,45.30463816923397,pytorch,p95_latency,True,7,3,test
27,Int8WeightOnlyConfig,int8,8,False,True,pytorch_relative_p99_latency,2.387813224481353,pytorch,p99_latency,True,7,3,test
28,Float8WeightOnlyConfig,float8,8,False,True,pytorch_relative_p99_latency,2.6491497082924265,pytorch,p99_latency,True,7,3,test
29,Int8DynamicActivationInt8WeightConfig,int8,8,True,False,pytorch_relative_p99_latency,40.9167585652491,pytorch,p99_latency,True,7,3,test
0,Int8WeightOnlyConfig,int8,8,False,True,pytorch_quantized_MAE,7.252704276139336,pytorch,MAE,False,7,4,train
1,Float8WeightOnlyConfig,float8,8,False,True,pytorch_quantized_MAE,7.2409280394969615,pytorch,MAE,False,7,4,train
2,Int8DynamicActivationInt8WeightConfig,int8,8,True,False,pytorch_quantized_MAE,7.245819696371787,pytorch,MAE,False,7,4,train
3,Int8WeightOnlyConfig,int8,8,False,True,pytorch_relative_MAE,1.0012365516175066,pytorch,MAE,True,7,4,train
4,Float8WeightOnlyConfig,float8,8,False,True,pytorch_relative_MAE,0.9996108409697371,pytorch,MAE,True,7,4,train
5,Int8DynamicActivationInt8WeightConfig,int8,8,True,False,pytorch_relative_MAE,1.0002861346911645,pytorch,MAE,True,7,4,train
6,Int8WeightOnlyConfig,int8,8,False,True,pytorch_quantized_model_size,206337.0,pytorch,model_size,False,7,4,train
7,Float8WeightOnlyConfig,float8,8,False,True,pytorch_quantized_model_size,206337.0,pytorch,model_size,False,7,4,train
8,Int8DynamicActivationInt8WeightConfig,int8,8,True,False,pytorch_quantized_model_size,206337.0,pytorch,model_size,False,7,4,train
9,Int8WeightOnlyConfig,int8,8,False,True,pytorch_quantized_median_latency,0.0007017665002422291,pytorch,median_latency,False,7,4,train
10,Float8WeightOnlyConfig,float8,8,False,True,pytorch_quantized_median_latency,0.0007479530004275148,pytorch,median_latency,False,7,4,train
11,Int8DynamicActivationInt8WeightConfig,int8,8,True,False,pytorch_quantized_median_latency,0.014330099499602511,pytorch,median_latency,False,7,4,train
12,Int8WeightOnlyConfig,int8,8,False,True,pytorch_quantized_p95_latency,0.0008093201499832502,pytorch,p95_latency,False,7,4,train
13,Float8WeightOnlyConfig,float8,8,False,True,pytorch_quantized_p95_latency,0.0008996151005703722,pytorch,p95_latency,False,7,4,train
14,Int8DynamicActivationInt8WeightConfig,int8,8,True,False,pytorch_quantized_p95_latency,0.016786219099321896,pytorch,p95_latency,False,7,4,train
15,Int8WeightOnlyConfig,int8,8,False,True,pytorch_quantized_p99_latency,0.0008945814911203342,pytorch,p99_latency,False,7,4,train
16,Float8WeightOnlyConfig,float8,8,False,True,pytorch_quantized_p99_latency,0.0009657534104735532,pytorch,p99_latency,False,7,4,train
17,Int8DynamicActivationInt8WeightConfig,int8,8,True,False,pytorch_quantized_p99_latency,0.01744601078060441,pytorch,p99_latency,False,7,4,train
18,Int8WeightOnlyConfig,int8,8,False,True,pytorch_relative_model_size,0.25,pytorch,model_size,True,7,4,train
19,Float8WeightOnlyConfig,float8,8,False,True,pytorch_relative_model_size,0.25,pytorch,model_size,True,7,4,train
20,Int8DynamicActivationInt8WeightConfig,int8,8,True,False,pytorch_relative_model_size,0.25,pytorch,model_size,True,7,4,train
21,Int8WeightOnlyConfig,int8,8,False,True,pytorch_relative_median_latency,2.5246259918844642,pytorch,median_latency,True,7,4,train
22,Float8WeightOnlyConfig,float8,8,False,True,pytorch_relative_median_latency,2.690783308886203,pytorch,median_latency,True,7,4,train
23,Int8DynamicActivationInt8WeightConfig,int8,8,True,False,pytorch_relative_median_latency,51.552961918956555,pytorch,median_latency,True,7,4,train
24,Int8WeightOnlyConfig,int8,8,False,True,pytorch_relative_p95_latency,2.255250338294489,pytorch,p95_latency,True,7,4,train
25,Float8WeightOnlyConfig,float8,8,False,True,pytorch_relative_p95_latency,2.5068661146496254,pytorch,p95_latency,True,7,4,train
26,Int8DynamicActivationInt8WeightConfig,int8,8,True,False,pytorch_relative_p95_latency,46.77645342602012,pytorch,p95_latency,True,7,4,train
27,Int8WeightOnlyConfig,int8,8,False,True,pytorch_relative_p99_latency,2.0223116533496466,pytorch,p99_latency,True,7,4,train
28,Float8WeightOnlyConfig,float8,8,False,True,pytorch_relative_p99_latency,2.183204543855376,pytorch,p99_latency,True,7,4,train
29,Int8DynamicActivationInt8WeightConfig,int8,8,True,False,pytorch_relative_p99_latency,39.43885633257979,pytorch,p99_latency,True,7,4,train
0,Int8WeightOnlyConfig,int8,8,False,True,pytorch_quantized_MAE,7.41232140829063,pytorch,MAE,False,7,4,test
1,Float8WeightOnlyConfig,float8,8,False,True,pytorch_quantized_MAE,7.404712483216768,pytorch,MAE,False,7,4,test
2,Int8DynamicActivationInt8WeightConfig,int8,8,True,False,pytorch_quantized_MAE,7.404584724950207,pytorch,MAE,False,7,4,test
3,Int8WeightOnlyConfig,int8,8,False,True,pytorch_relative_MAE,1.0012518948576645,pytorch,MAE,True,7,4,test
4,Float8WeightOnlyConfig,float8,8,False,True,pytorch_relative_MAE,1.0002240858585143,pytorch,MAE,True,7,4,test
5,Int8DynamicActivationInt8WeightConfig,int8,8,True,False,pytorch_relative_MAE,1.000206828349101,pytorch,MAE,True,7,4,test
6,Int8WeightOnlyConfig,int8,8,False,True,pytorch_quantized_model_size,206337.0,pytorch,model_size,False,7,4,test
7,Float8WeightOnlyConfig,float8,8,False,True,pytorch_quantized_model_size,206337.0,pytorch,model_size,False,7,4,test
8,Int8DynamicActivationInt8WeightConfig,int8,8,True,False,pytorch_quantized_model_size,206337.0,pytorch,model_size,False,7,4,test
9,Int8WeightOnlyConfig,int8,8,False,True,pytorch_quantized_median_latency,0.0007051095008137054,pytorch,median_latency,False,7,4,test
10,Float8WeightOnlyConfig,float8,8,False,True,pytorch_quantized_median_latency,0.0007861589992899098,pytorch,median_latency,False,7,4,test
11,Int8DynamicActivationInt8WeightConfig,int8,8,True,False,pytorch_quantized_median_latency,0.013676969000698591,pytorch,median_latency,False,7,4,test
12,Int8WeightOnlyConfig,int8,8,False,True,pytorch_quantized_p95_latency,0.0008005815497199363,pytorch,p95_latency,False,7,4,test
13,Float8WeightOnlyConfig,float8,8,False,True,pytorch_quantized_p95_latency,0.0008979092498520909,pytorch,p95_latency,False,7,4,test
14,Int8DynamicActivationInt8WeightConfig,int8,8,True,False,pytorch_quantized_p95_latency,0.017240788099843477,pytorch,p95_latency,False,7,4,test
15,Int8WeightOnlyConfig,int8,8,False,True,pytorch_quantized_p99_latency,0.000986945809363533,pytorch,p99_latency,False,7,4,test
16,Float8WeightOnlyConfig,float8,8,False,True,pytorch_quantized_p99_latency,0.001123818830710661,pytorch,p99_latency,False,7,4,test
17,Int8DynamicActivationInt8WeightConfig,int8,8,True,False,pytorch_quantized_p99_latency,0.01917293816066376,pytorch,p99_latency,False,7,4,test
18,Int8WeightOnlyConfig,int8,8,False,True,pytorch_relative_model_size,0.25,pytorch,model_size,True,7,4,test
19,Float8WeightOnlyConfig,float8,8,False,True,pytorch_relative_model_size,0.25,pytorch,model_size,True,7,4,test
20,Int8DynamicActivationInt8WeightConfig,int8,8,True,False,pytorch_relative_model_size,0.25,pytorch,model_size,True,7,4,test
21,Int8WeightOnlyConfig,int8,8,False,True,pytorch_relative_median_latency,2.522775708301776,pytorch,median_latency,True,7,4,test
22,Float8WeightOnlyConfig,float8,8,False,True,pytorch_relative_median_latency,2.8127586197358863,pytorch,median_latency,True,7,4,test
23,Int8DynamicActivationInt8WeightConfig,int8,8,True,False,pytorch_relative_median_latency,48.93413734794503,pytorch,median_latency,True,7,4,test
24,Int8WeightOnlyConfig,int8,8,False,True,pytorch_relative_p95_latency,2.1039319333710504,pytorch,p95_latency,True,7,4,test
25,Float8WeightOnlyConfig,float8,8,False,True,pytorch_relative_p95_latency,2.3597095694922374,pytorch,p95_latency,True,7,4,test
26,Int8DynamicActivationInt8WeightConfig,int8,8,True,False,pytorch_relative_p95_latency,45.30886909951104,pytorch,p95_latency,True,7,4,test
27,Int8WeightOnlyConfig,int8,8,False,True,pytorch_relative_p99_latency,1.8249432896460709,pytorch,p99_latency,True,7,4,test
28,Float8WeightOnlyConfig,float8,8,False,True,pytorch_relative_p99_latency,2.078032668486544,pytorch,p99_latency,True,7,4,test
29,Int8DynamicActivationInt8WeightConfig,int8,8,True,False,pytorch_relative_p99_latency,35.45232626466761,pytorch,p99_latency,True,7,4,test
0,Int8WeightOnlyConfig,int8,8,False,True,pytorch_quantized_MAE,7.301533538529527,pytorch,MAE,False,7,5,train
1,Float8WeightOnlyConfig,float8,8,False,True,pytorch_quantized_MAE,7.290536446459506,pytorch,MAE,False,7,5,train
2,Int8DynamicActivationInt8WeightConfig,int8,8,True,False,pytorch_quantized_MAE,7.296739363528792,pytorch,MAE,False,7,5,train
3,Int8WeightOnlyConfig,int8,8,False,True,pytorch_relative_MAE,1.0012461613932924,pytorch,MAE,True,7,5,train
4,Float8WeightOnlyConfig,float8,8,False,True,pytorch_relative_MAE,0.999738149937412,pytorch,MAE,True,7,5,train
5,Int8DynamicActivationInt8WeightConfig,int8,8,True,False,pytorch_relative_MAE,1.0005887447983806,pytorch,MAE,True,7,5,train
6,Int8WeightOnlyConfig,int8,8,False,True,pytorch_quantized_model_size,206337.0,pytorch,model_size,False,7,5,train
7,Float8WeightOnlyConfig,float8,8,False,True,pytorch_quantized_model_size,206337.0,pytorch,model_size,False,7,5,train
8,Int8DynamicActivationInt8WeightConfig,int8,8,True,False,pytorch_quantized_model_size,206337.0,pytorch,model_size,False,7,5,train
9,Int8WeightOnlyConfig,int8,8,False,True,pytorch_quantized_median_latency,0.0007078999997247593,pytorch,median_latency,False,7,5,train
10,Float8WeightOnlyConfig,float8,8,False,True,pytorch_quantized_median_latency,0.0007861669992053066,pytorch,median_latency,False,7,5,train
11,Int8DynamicActivationInt8WeightConfig,int8,8,True,False,pytorch_quantized_median_latency,0.013826819000314572,pytorch,median_latency,False,7,5,train
12,Int8WeightOnlyConfig,int8,8,False,True,pytorch_quantized_p95_latency,0.0007989327490577123,pytorch,p95_latency,False,7,5,train
13,Float8WeightOnlyConfig,float8,8,False,True,pytorch_quantized_p95_latency,0.0008810584001366805,pytorch,p95_latency,False,7,5,train
14,Int8DynamicActivationInt8WeightConfig,int8,8,True,False,pytorch_quantized_p95_latency,0.014976127551290117,pytorch,p95_latency,False,7,5,train
15,Int8WeightOnlyConfig,int8,8,False,True,pytorch_quantized_p99_latency,0.0011306453296128893,pytorch,p99_latency,False,7,5,train
16,Float8WeightOnlyConfig,float8,8,False,True,pytorch_quantized_p99_latency,0.0010115577798751473,pytorch,p99_latency,False,7,5,train
17,Int8DynamicActivationInt8WeightConfig,int8,8,True,False,pytorch_quantized_p99_latency,0.01570106774017404,pytorch,p99_latency,False,7,5,train
18,Int8WeightOnlyConfig,int8,8,False,True,pytorch_relative_model_size,0.25,pytorch,model_size,True,7,5,train
19,Float8WeightOnlyConfig,float8,8,False,True,pytorch_relative_model_size,0.25,pytorch,model_size,True,7,5,train
20,Int8DynamicActivationInt8WeightConfig,int8,8,True,False,pytorch_relative_model_size,0.25,pytorch,model_size,True,7,5,train
21,Int8WeightOnlyConfig,int8,8,False,True,pytorch_relative_median_latency,2.503536566093587,pytorch,median_latency,True,7,5,train
22,Float8WeightOnlyConfig,float8,8,False,True,pytorch_relative_median_latency,2.7803331407427803,pytorch,median_latency,True,7,5,train
23,Int8DynamicActivationInt8WeightConfig,int8,8,True,False,pytorch_relative_median_latency,48.899487178279756,pytorch,median_latency,True,7,5,train
24,Int8WeightOnlyConfig,int8,8,False,True,pytorch_relative_p95_latency,2.4034500308771487,pytorch,p95_latency,True,7,5,train
25,Float8WeightOnlyConfig,float8,8,False,True,pytorch_relative_p95_latency,2.650510748884208,pytorch,p95_latency,True,7,5,train
26,Int8DynamicActivationInt8WeightConfig,int8,8,True,False,pytorch_relative_p95_latency,45.053071448155436,pytorch,p95_latency,True,7,5,train
27,Int8WeightOnlyConfig,int8,8,False,True,pytorch_relative_p99_latency,2.895511957840809,pytorch,p99_latency,True,7,5,train
28,Float8WeightOnlyConfig,float8,8,False,True,pytorch_relative_p99_latency,2.5905361928821784,pytorch,p99_latency,True,7,5,train
29,Int8DynamicActivationInt8WeightConfig,int8,8,True,False,pytorch_relative_p99_latency,40.20945224981207,pytorch,p99_latency,True,7,5,train
0,Int8WeightOnlyConfig,int8,8,False,True,pytorch_quantized_MAE,7.364502290454768,pytorch,MAE,False,7,5,test
1,Float8WeightOnlyConfig,float8,8,False,True,pytorch_quantized_MAE,7.349449724715942,pytorch,MAE,False,7,5,test
2,Int8DynamicActivationInt8WeightConfig,int8,8,True,False,pytorch_quantized_MAE,7.357177598007647,pytorch,MAE,False,7,5,test
3,Int8WeightOnlyConfig,int8,8,False,True,pytorch_relative_MAE,1.0014781262710626,pytorch,MAE,True,7,5,test
4,Float8WeightOnlyConfig,float8,8,False,True,pytorch_relative_MAE,0.9994311698390944,pytorch,MAE,True,7,5,test
5,Int8DynamicActivationInt8WeightConfig,int8,8,True,False,pytorch_relative_MAE,1.0004820617743535,pytorch,MAE,True,7,5,test
6,Int8WeightOnlyConfig,int8,8,False,True,pytorch_quantized_model_size,206337.0,pytorch,model_size,False,7,5,test
7,Float8WeightOnlyConfig,float8,8,False,True,pytorch_quantized_model_size,206337.0,pytorch,model_size,False,7,5,test
8,Int8DynamicActivationInt8WeightConfig,int8,8,True,False,pytorch_quantized_model_size,206337.0,pytorch,model_size,False,7,5,test
9,Int8WeightOnlyConfig,int8,8,False,True,pytorch_quantized_median_latency,0.0007098630003383732,pytorch,median_latency,False,7,5,test
10,Float8WeightOnlyConfig,float8,8,False,True,pytorch_quantized_median_latency,0.0007835175001673633,pytorch,median_latency,False,7,5,test
11,Int8DynamicActivationInt8WeightConfig,int8,8,True,False,pytorch_quantized_median_latency,0.013393004000135988,pytorch,median_latency,False,7,5,test
12,Int8WeightOnlyConfig,int8,8,False,True,pytorch_quantized_p95_latency,0.000807594300567871,pytorch,p95_latency,False,7,5,test
13,Float8WeightOnlyConfig,float8,8,False,True,pytorch_quantized_p95_latency,0.0008787906994257355,pytorch,p95_latency,False,7,5,test
14,Int8DynamicActivationInt8WeightConfig,int8,8,True,False,pytorch_quantized_p95_latency,0.014530907200514774,pytorch,p95_latency,False,7,5,test
15,Int8WeightOnlyConfig,int8,8,False,True,pytorch_quantized_p99_latency,0.00093047251992175,pytorch,p99_latency,False,7,5,test
16,Float8WeightOnlyConfig,float8,8,False,True,pytorch_quantized_p99_latency,0.0009688659095627372,pytorch,p99_latency,False,7,5,test
17,Int8DynamicActivationInt8WeightConfig,int8,8,True,False,pytorch_quantized_p99_latency,0.01563218813971616,pytorch,p99_latency,False,7,5,test
18,Int8WeightOnlyConfig,int8,8,False,True,pytorch_relative_model_size,0.25,pytorch,model_size,True,7,5,test
19,Float8WeightOnlyConfig,float8,8,False,True,pytorch_relative_model_size,0.25,pytorch,model_size,True,7,5,test
20,Int8DynamicActivationInt8WeightConfig,int8,8,True,False,pytorch_relative_model_size,0.25,pytorch,model_size,True,7,5,test
21,Int8WeightOnlyConfig,int8,8,False,True,pytorch_relative_median_latency,2.526068013516726,pytorch,median_latency,True,7,5,test
22,Float8WeightOnlyConfig,float8,8,False,True,pytorch_relative_median_latency,2.7881696809946717,pytorch,median_latency,True,7,5,test
23,Int8DynamicActivationInt8WeightConfig,int8,8,True,False,pytorch_relative_median_latency,47.65939201440055,pytorch,median_latency,True,7,5,test
24,Int8WeightOnlyConfig,int8,8,False,True,pytorch_relative_p95_latency,2.35839816111904,pytorch,p95_latency,True,7,5,test
25,Float8WeightOnlyConfig,float8,8,False,True,pytorch_relative_p95_latency,2.5663112878295897,pytorch,p95_latency,True,7,5,test
26,Int8DynamicActivationInt8WeightConfig,int8,8,True,False,pytorch_relative_p95_latency,42.43425789036436,pytorch,p95_latency,True,7,5,test
27,Int8WeightOnlyConfig,int8,8,False,True,pytorch_relative_p99_latency,2.217731460942233,pytorch,p99_latency,True,7,5,test
28,Float8WeightOnlyConfig,float8,8,False,True,pytorch_relative_p99_latency,2.3092400506920856,pytorch,p99_latency,True,7,5,test
29,Int8DynamicActivationInt8WeightConfig,int8,8,True,False,pytorch_relative_p99_latency,37.25848394075308,pytorch,p99_latency,True,7,5,test
0,Int8WeightOnlyConfig,int8,8,False,True,pytorch_quantized_MAE,7.2626815920580805,pytorch,MAE,False,7,6,train
1,Float8WeightOnlyConfig,float8,8,False,True,pytorch_quantized_MAE,7.251971488290206,pytorch,MAE,False,7,6,train
2,Int8DynamicActivationInt8WeightConfig,int8,8,True,False,pytorch_quantized_MAE,7.258578813949889,pytorch,MAE,False,7,6,train
3,Int8WeightOnlyConfig,int8,8,False,True,pytorch_relative_MAE,1.0012305024892043,pytorch,MAE,True,7,6,train
4,Float8WeightOnlyConfig,float8,8,False,True,pytorch_relative_MAE,0.9997540116860075,pytorch,MAE,True,7,6,train
5,Int8DynamicActivationInt8WeightConfig,int8,8,True,False,pytorch_relative_MAE,1.0006648950706776,pytorch,MAE,True,7,6,train
6,Int8WeightOnlyConfig,int8,8,False,True,pytorch_quantized_model_size,206337.0,pytorch,model_size,False,7,6,train
7,Float8WeightOnlyConfig,float8,8,False,True,pytorch_quantized_model_size,206337.0,pytorch,model_size,False,7,6,train
8,Int8DynamicActivationInt8WeightConfig,int8,8,True,False,pytorch_quantized_model_size,206337.0,pytorch,model_size,False,7,6,train
9,Int8WeightOnlyConfig,int8,8,False,True,pytorch_quantized_median_latency,0.0007109939997462789,pytorch,median_latency,False,7,6,train
10,Float8WeightOnlyConfig,float8,8,False,True,pytorch_quantized_median_latency,0.0008120134998534922,pytorch,median_latency,False,7,6,train
11,Int8DynamicActivationInt8WeightConfig,int8,8,True,False,pytorch_quantized_median_latency,0.014442710499679379,pytorch,median_latency,False,7,6,train
12,Int8WeightOnlyConfig,int8,8,False,True,pytorch_quantized_p95_latency,0.0008073333991887921,pytorch,p95_latency,False,7,6,train
13,Float8WeightOnlyConfig,float8,8,False,True,pytorch_quantized_p95_latency,0.0009288183492571988,pytorch,p95_latency,False,7,6,train
14,Int8DynamicActivationInt8WeightConfig,int8,8,True,False,pytorch_quantized_p95_latency,0.016536658550830908,pytorch,p95_latency,False,7,6,train
15,Int8WeightOnlyConfig,int8,8,False,True,pytorch_quantized_p99_latency,0.0010311914992053057,pytorch,p99_latency,False,7,6,train
16,Float8WeightOnlyConfig,float8,8,False,True,pytorch_quantized_p99_latency,0.001059515049528272,pytorch,p99_latency,False,7,6,train
17,Int8DynamicActivationInt8WeightConfig,int8,8,True,False,pytorch_quantized_p99_latency,0.01689613970056598,pytorch,p99_latency,False,7,6,train
18,Int8WeightOnlyConfig,int8,8,False,True,pytorch_relative_model_size,0.25,pytorch,model_size,True,7,6,train
19,Float8WeightOnlyConfig,float8,8,False,True,pytorch_relative_model_size,0.25,pytorch,model_size,True,7,6,train
20,Int8DynamicActivationInt8WeightConfig,int8,8,True,False,pytorch_relative_model_size,0.25,pytorch,model_size,True,7,6,train
21,Int8WeightOnlyConfig,int8,8,False,True,pytorch_relative_median_latency,2.5371665976367894,pytorch,median_latency,True,7,6,train
22,Float8WeightOnlyConfig,float8,8,False,True,pytorch_relative_median_latency,2.897652482853051,pytorch,median_latency,True,7,6,train
23,Int8DynamicActivationInt8WeightConfig,int8,8,True,False,pytorch_relative_median_latency,51.53849775413164,pytorch,median_latency,True,7,6,train
24,Int8WeightOnlyConfig,int8,8,False,True,pytorch_relative_p95_latency,2.3952837913804723,pytorch,p95_latency,True,7,6,train
25,Float8WeightOnlyConfig,float8,8,False,True,pytorch_relative_p95_latency,2.7557184421553664,pytorch,p95_latency,True,7,6,train
26,Int8DynamicActivationInt8WeightConfig,int8,8,True,False,pytorch_relative_p95_latency,49.06274189845069,pytorch,p95_latency,True,7,6,train
27,Int8WeightOnlyConfig,int8,8,False,True,pytorch_relative_p99_latency,2.459052682970747,pytorch,p99_latency,True,7,6,train
28,Float8WeightOnlyConfig,float8,8,False,True,pytorch_relative_p99_latency,2.526595038068343,pytorch,p99_latency,True,7,6,train
29,Int8DynamicActivationInt8WeightConfig,int8,8,True,False,pytorch_relative_p99_latency,40.29173795026912,pytorch,p99_latency,True,7,6,train
0,Int8WeightOnlyConfig,int8,8,False,True,pytorch_quantized_MAE,7.200217662391411,pytorch,MAE,False,7,6,test
1,Float8WeightOnlyConfig,float8,8,False,True,pytorch_quantized_MAE,7.189532824540519,pytorch,MAE,False,7,6,test
2,Int8DynamicActivationInt8WeightConfig,int8,8,True,False,pytorch_quantized_MAE,7.198047052995282,pytorch,MAE,False,7,6,test
3,Int8WeightOnlyConfig,int8,8,False,True,pytorch_relative_MAE,1.001365243454698,pytorch,MAE,True,7,6,test
4,Float8WeightOnlyConfig,float8,8,False,True,pytorch_relative_MAE,0.9998792570918525,pytorch,MAE,True,7,6,test
5,Int8DynamicActivationInt8WeightConfig,int8,8,True,False,pytorch_relative_MAE,1.0010633674686769,pytorch,MAE,True,7,6,test
6,Int8WeightOnlyConfig,int8,8,False,True,pytorch_quantized_model_size,206337.0,pytorch,model_size,False,7,6,test
7,Float8WeightOnlyConfig,float8,8,False,True,pytorch_quantized_model_size,206337.0,pytorch,model_size,False,7,6,test
8,Int8DynamicActivationInt8WeightConfig,int8,8,True,False,pytorch_quantized_model_size,206337.0,pytorch,model_size,False,7,6,test
9,Int8WeightOnlyConfig,int8,8,False,True,pytorch_quantized_median_latency,0.000700767001035274,pytorch,median_latency,False,7,6,test
10,Float8WeightOnlyConfig,float8,8,False,True,pytorch_quantized_median_latency,0.0007926895004857215,pytorch,median_latency,False,7,6,test
11,Int8DynamicActivationInt8WeightConfig,int8,8,True,False,pytorch_quantized_median_latency,0.013413842999398184,pytorch,median_latency,False,7,6,test
12,Int8WeightOnlyConfig,int8,8,False,True,pytorch_quantized_p95_latency,0.0008087424487712269,pytorch,p95_latency,False,7,6,test
13,Float8WeightOnlyConfig,float8,8,False,True,pytorch_quantized_p95_latency,0.0008968488497885118,pytorch,p95_latency,False,7,6,test
14,Int8DynamicActivationInt8WeightConfig,int8,8,True,False,pytorch_quantized_p95_latency,0.014735956850108776,pytorch,p95_latency,False,7,6,test
15,Int8WeightOnlyConfig,int8,8,False,True,pytorch_quantized_p99_latency,0.0010534257898871142,pytorch,p99_latency,False,7,6,test
16,Float8WeightOnlyConfig,float8,8,False,True,pytorch_quantized_p99_latency,0.0010290365489163376,pytorch,p99_latency,False,7,6,test
17,Int8DynamicActivationInt8WeightConfig,int8,8,True,False,pytorch_quantized_p99_latency,0.01541506059027597,pytorch,p99_latency,False,7,6,test
18,Int8WeightOnlyConfig,int8,8,False,True,pytorch_relative_model_size,0.25,pytorch,model_size,True,7,6,test
19,Float8WeightOnlyConfig,float8,8,False,True,pytorch_relative_model_size,0.25,pytorch,model_size,True,7,6,test
20,Int8DynamicActivationInt8WeightConfig,int8,8,True,False,pytorch_relative_model_size,0.25,pytorch,model_size,True,7,6,test
21,Int8WeightOnlyConfig,int8,8,False,True,pytorch_relative_median_latency,2.5558274700921735,pytorch,median_latency,True,7,6,test
22,Float8WeightOnlyConfig,float8,8,False,True,pytorch_relative_median_latency,2.8910859067307455,pytorch,median_latency,True,7,6,test
23,Int8DynamicActivationInt8WeightConfig,int8,8,True,False,pytorch_relative_median_latency,48.922777994279116,pytorch,median_latency,True,7,6,test
24,Int8WeightOnlyConfig,int8,8,False,True,pytorch_relative_p95_latency,2.4593341609539174,pytorch,p95_latency,True,7,6,test
25,Float8WeightOnlyConfig,float8,8,False,True,pytorch_relative_p95_latency,2.7272601022096707,pytorch,p95_latency,True,7,6,test
26,Int8DynamicActivationInt8WeightConfig,int8,8,True,False,pytorch_relative_p95_latency,44.811104117111796,pytorch,p95_latency,True,7,6,test
27,Int8WeightOnlyConfig,int8,8,False,True,pytorch_relative_p99_latency,2.6905961678391197,pytorch,p99_latency,True,7,6,test
28,Float8WeightOnlyConfig,float8,8,False,True,pytorch_relative_p99_latency,2.628302649944984,pytorch,p99_latency,True,7,6,test
29,Int8DynamicActivationInt8WeightConfig,int8,8,True,False,pytorch_relative_p99_latency,39.37221145463785,pytorch,p99_latency,True,7,6,test
0,Int8WeightOnlyConfig,int8,8,False,True,pytorch_quantized_MAE,7.25933824973891,pytorch,MAE,False,7,7,train
1,Float8WeightOnlyConfig,float8,8,False,True,pytorch_quantized_MAE,7.2474706738470696,pytorch,MAE,False,7,7,train
2,Int8DynamicActivationInt8WeightConfig,int8,8,True,False,pytorch_quantized_MAE,7.254206416958834,pytorch,MAE,False,7,7,train
3,Int8WeightOnlyConfig,int8,8,False,True,pytorch_relative_MAE,1.0012582241613783,pytorch,MAE,True,7,7,train
4,Float8WeightOnlyConfig,float8,8,False,True,pytorch_relative_MAE,0.9996213658757086,pytorch,MAE,True,7,7,train
5,Int8DynamicActivationInt8WeightConfig,int8,8,True,False,pytorch_relative_MAE,1.000550406230969,pytorch,MAE,True,7,7,train
6,Int8WeightOnlyConfig,int8,8,False,True,pytorch_quantized_model_size,206337.0,pytorch,model_size,False,7,7,train
7,Float8WeightOnlyConfig,float8,8,False,True,pytorch_quantized_model_size,206337.0,pytorch,model_size,False,7,7,train
8,Int8DynamicActivationInt8WeightConfig,int8,8,True,False,pytorch_quantized_model_size,206337.0,pytorch,model_size,False,7,7,train
9,Int8WeightOnlyConfig,int8,8,False,True,pytorch_quantized_median_latency,0.0007118895000530756,pytorch,median_latency,False,7,7,train
10,Float8WeightOnlyConfig,float8,8,False,True,pytorch_quantized_median_latency,0.0007990200001586345,pytorch,median_latency,False,7,7,train
11,Int8DynamicActivationInt8WeightConfig,int8,8,True,False,pytorch_quantized_median_latency,0.01376366749900626,pytorch,median_latency,False,7,7,train
12,Int8WeightOnlyConfig,int8,8,False,True,pytorch_quantized_p95_latency,0.0008027269996091491,pytorch,p95_latency,False,7,7,train
13,Float8WeightOnlyConfig,float8,8,False,True,pytorch_quantized_p95_latency,0.0009044739011187627,pytorch,p95_latency,False,7,7,train
14,Int8DynamicActivationInt8WeightConfig,int8,8,True,False,pytorch_quantized_p95_latency,0.016046895049748853,pytorch,p95_latency,False,7,7,train
15,Int8WeightOnlyConfig,int8,8,False,True,pytorch_quantized_p99_latency,0.0009900313798425482,pytorch,p99_latency,False,7,7,train
16,Float8WeightOnlyConfig,float8,8,False,True,pytorch_quantized_p99_latency,0.001192500920842576,pytorch,p99_latency,False,7,7,train
17,Int8DynamicActivationInt8WeightConfig,int8,8,True,False,pytorch_quantized_p99_latency,0.016692340748886637,pytorch,p99_latency,False,7,7,train
18,Int8WeightOnlyConfig,int8,8,False,True,pytorch_relative_model_size,0.25,pytorch,model_size,True,7,7,train
19,Float8WeightOnlyConfig,float8,8,False,True,pytorch_relative_model_size,0.25,pytorch,model_size,True,7,7,train
20,Int8DynamicActivationInt8WeightConfig,int8,8,True,False,pytorch_relative_model_size,0.25,pytorch,model_size,True,7,7,train
21,Int8WeightOnlyConfig,int8,8,False,True,pytorch_relative_median_latency,2.5385549412154025,pytorch,median_latency,True,7,7,train
22,Float8WeightOnlyConfig,float8,8,False,True,pytorch_relative_median_latency,2.8492570397251358,pytorch,median_latency,True,7,7,train
23,Int8DynamicActivationInt8WeightConfig,int8,8,True,False,pytorch_relative_median_latency,49.080406630865056,pytorch,median_latency,True,7,7,train
24,Int8WeightOnlyConfig,int8,8,False,True,pytorch_relative_p95_latency,2.397518634000894,pytorch,p95_latency,True,7,7,train
25,Float8WeightOnlyConfig,float8,8,False,True,pytorch_relative_p95_latency,2.701407867127384,pytorch,p95_latency,True,7,7,train
26,Int8DynamicActivationInt8WeightConfig,int8,8,True,False,pytorch_relative_p95_latency,47.927539398029595,pytorch,p95_latency,True,7,7,train
27,Int8WeightOnlyConfig,int8,8,False,True,pytorch_relative_p99_latency,2.426596737552767,pytorch,p99_latency,True,7,7,train
28,Float8WeightOnlyConfig,float8,8,False,True,pytorch_relative_p99_latency,2.9228556821153227,pytorch,p99_latency,True,7,7,train
29,Int8DynamicActivationInt8WeightConfig,int8,8,True,False,pytorch_relative_p99_latency,40.913430046842876,pytorch,p99_latency,True,7,7,train
0,Int8WeightOnlyConfig,int8,8,False,True,pytorch_quantized_MAE,7.381200978807537,pytorch,MAE,False,7,7,test
1,Float8WeightOnlyConfig,float8,8,False,True,pytorch_quantized_MAE,7.363236112406202,pytorch,MAE,False,7,7,test
2,Int8DynamicActivationInt8WeightConfig,int8,8,True,False,pytorch_quantized_MAE,7.376969553677405,pytorch,MAE,False,7,7,test
3,Int8WeightOnlyConfig,int8,8,False,True,pytorch_relative_MAE,1.0012691290937394,pytorch,MAE,True,7,7,test
4,Float8WeightOnlyConfig,float8,8,False,True,pytorch_relative_MAE,0.9988321725350988,pytorch,MAE,True,7,7,test
5,Int8DynamicActivationInt8WeightConfig,int8,8,True,False,pytorch_relative_MAE,1.0006951309913932,pytorch,MAE,True,7,7,test
6,Int8WeightOnlyConfig,int8,8,False,True,pytorch_quantized_model_size,206337.0,pytorch,model_size,False,7,7,test
7,Float8WeightOnlyConfig,float8,8,False,True,pytorch_quantized_model_size,206337.0,pytorch,model_size,False,7,7,test
8,Int8DynamicActivationInt8WeightConfig,int8,8,True,False,pytorch_quantized_model_size,206337.0,pytorch,model_size,False,7,7,test
9,Int8WeightOnlyConfig,int8,8,False,True,pytorch_quantized_median_latency,0.0007084329990902916,pytorch,median_latency,False,7,7,test
10,Float8WeightOnlyConfig,float8,8,False,True,pytorch_quantized_median_latency,0.0007953515005283407,pytorch,median_latency,False,7,7,test
11,Int8DynamicActivationInt8WeightConfig,int8,8,True,False,pytorch_quantized_median_latency,0.013940638500571367,pytorch,median_latency,False,7,7,test
12,Int8WeightOnlyConfig,int8,8,False,True,pytorch_quantized_p95_latency,0.0007927214501251001,pytorch,p95_latency,False,7,7,test
13,Float8WeightOnlyConfig,float8,8,False,True,pytorch_quantized_p95_latency,0.0009181322002405067,pytorch,p95_latency,False,7,7,test
14,Int8DynamicActivationInt8WeightConfig,int8,8,True,False,pytorch_quantized_p95_latency,0.015110255849867825,pytorch,p95_latency,False,7,7,test
15,Int8WeightOnlyConfig,int8,8,False,True,pytorch_quantized_p99_latency,0.0008879923298445645,pytorch,p99_latency,False,7,7,test
16,Float8WeightOnlyConfig,float8,8,False,True,pytorch_quantized_p99_latency,0.0010520471896597883,pytorch,p99_latency,False,7,7,test
17,Int8DynamicActivationInt8WeightConfig,int8,8,True,False,pytorch_quantized_p99_latency,0.016279797799616063,pytorch,p99_latency,False,7,7,test
18,Int8WeightOnlyConfig,int8,8,False,True,pytorch_relative_model_size,0.25,pytorch,model_size,True,7,7,test
19,Float8WeightOnlyConfig,float8,8,False,True,pytorch_relative_model_size,0.25,pytorch,model_size,True,7,7,test
20,Int8DynamicActivationInt8WeightConfig,int8,8,True,False,pytorch_relative_model_size,0.25,pytorch,model_size,True,7,7,test
21,Int8WeightOnlyConfig,int8,8,False,True,pytorch_relative_median_latency,2.547229783040913,pytorch,median_latency,True,7,7,test
22,Float8WeightOnlyConfig,float8,8,False,True,pytorch_relative_median_latency,2.859752485744751,pytorch,median_latency,True,7,7,test
23,Int8DynamicActivationInt8WeightConfig,int8,8,True,False,pytorch_relative_median_latency,50.124725455845635,pytorch,median_latency,True,7,7,test
24,Int8WeightOnlyConfig,int8,8,False,True,pytorch_relative_p95_latency,2.394784517087347,pytorch,p95_latency,True,7,7,test
25,Float8WeightOnlyConfig,float8,8,False,True,pytorch_relative_p95_latency,2.7736461242827755,pytorch,p95_latency,True,7,7,test
26,Int8DynamicActivationInt8WeightConfig,int8,8,True,False,pytorch_relative_p95_latency,45.6475685788261,pytorch,p95_latency,True,7,7,test
27,Int8WeightOnlyConfig,int8,8,False,True,pytorch_relative_p99_latency,2.1928800090773626,pytorch,p99_latency,True,7,7,test
28,Float8WeightOnlyConfig,float8,8,False,True,pytorch_relative_p99_latency,2.5980103355338593,pytorch,p99_latency,True,7,7,test
29,Int8DynamicActivationInt8WeightConfig,int8,8,True,False,pytorch_relative_p99_latency,40.20264809364809,pytorch,p99_latency,True,7,7,test
0,Int8WeightOnlyConfig,int8,8,False,True,pytorch_quantized_MAE,7.257470992316323,pytorch,MAE,False,7,8,train
1,Float8WeightOnlyConfig,float8,8,False,True,pytorch_quantized_MAE,7.247370475870852,pytorch,MAE,False,7,8,train
2,Int8DynamicActivationInt8WeightConfig,int8,8,True,False,pytorch_quantized_MAE,7.25180517816367,pytorch,MAE,False,7,8,train
3,Int8WeightOnlyConfig,int8,8,False,True,pytorch_relative_MAE,1.0012090214704192,pytorch,MAE,True,7,8,train
4,Float8WeightOnlyConfig,float8,8,False,True,pytorch_relative_MAE,0.9998155983072509,pytorch,MAE,True,7,8,train
5,Int8DynamicActivationInt8WeightConfig,int8,8,True,False,pytorch_relative_MAE,1.000427390479456,pytorch,MAE,True,7,8,train
6,Int8WeightOnlyConfig,int8,8,False,True,pytorch_quantized_model_size,206337.0,pytorch,model_size,False,7,8,train
7,Float8WeightOnlyConfig,float8,8,False,True,pytorch_quantized_model_size,206337.0,pytorch,model_size,False,7,8,train
8,Int8DynamicActivationInt8WeightConfig,int8,8,True,False,pytorch_quantized_model_size,206337.0,pytorch,model_size,False,7,8,train
9,Int8WeightOnlyConfig,int8,8,False,True,pytorch_quantized_median_latency,0.0007078129992805771,pytorch,median_latency,False,7,8,train
10,Float8WeightOnlyConfig,float8,8,False,True,pytorch_quantized_median_latency,0.0007824185004210449,pytorch,median_latency,False,7,8,train
11,Int8DynamicActivationInt8WeightConfig,int8,8,True,False,pytorch_quantized_median_latency,0.013632092999614542,pytorch,median_latency,False,7,8,train
12,Int8WeightOnlyConfig,int8,8,False,True,pytorch_quantized_p95_latency,0.0008158605506650924,pytorch,p95_latency,False,7,8,train
13,Float8WeightOnlyConfig,float8,8,False,True,pytorch_quantized_p95_latency,0.0008915045998037385,pytorch,p95_latency,False,7,8,train
14,Int8DynamicActivationInt8WeightConfig,int8,8,True,False,pytorch_quantized_p95_latency,0.01521883269997488,pytorch,p95_latency,False,7,8,train
15,Int8WeightOnlyConfig,int8,8,False,True,pytorch_quantized_p99_latency,0.000977104009634786,pytorch,p99_latency,False,7,8,train
16,Float8WeightOnlyConfig,float8,8,False,True,pytorch_quantized_p99_latency,0.0011043846491520523,pytorch,p99_latency,False,7,8,train
17,Int8DynamicActivationInt8WeightConfig,int8,8,True,False,pytorch_quantized_p99_latency,0.016145516710239463,pytorch,p99_latency,False,7,8,train
18,Int8WeightOnlyConfig,int8,8,False,True,pytorch_relative_model_size,0.25,pytorch,model_size,True,7,8,train
19,Float8WeightOnlyConfig,float8,8,False,True,pytorch_relative_model_size,0.25,pytorch,model_size,True,7,8,train
20,Int8DynamicActivationInt8WeightConfig,int8,8,True,False,pytorch_relative_model_size,0.25,pytorch,model_size,True,7,8,train
21,Int8WeightOnlyConfig,int8,8,False,True,pytorch_relative_median_latency,2.5695299544016827,pytorch,median_latency,True,7,8,train
22,Float8WeightOnlyConfig,float8,8,False,True,pytorch_relative_median_latency,2.840365712064267,pytorch,median_latency,True,7,8,train
23,Int8DynamicActivationInt8WeightConfig,int8,8,True,False,pytorch_relative_median_latency,49.48774794939013,pytorch,median_latency,True,7,8,train
24,Int8WeightOnlyConfig,int8,8,False,True,pytorch_relative_p95_latency,2.393647629352533,pytorch,p95_latency,True,7,8,train
25,Float8WeightOnlyConfig,float8,8,False,True,pytorch_relative_p95_latency,2.6155791821745704,pytorch,p95_latency,True,7,8,train
26,Int8DynamicActivationInt8WeightConfig,int8,8,True,False,pytorch_relative_p95_latency,44.65042804693893,pytorch,p95_latency,True,7,8,train
27,Int8WeightOnlyConfig,int8,8,False,True,pytorch_relative_p99_latency,2.3417474617518037,pytorch,p99_latency,True,7,8,train
28,Float8WeightOnlyConfig,float8,8,False,True,pytorch_relative_p99_latency,2.6467908466736514,pytorch,p99_latency,True,7,8,train
29,Int8DynamicActivationInt8WeightConfig,int8,8,True,False,pytorch_relative_p99_latency,38.69467569681393,pytorch,p99_latency,True,7,8,train
0,Int8WeightOnlyConfig,int8,8,False,True,pytorch_quantized_MAE,7.255726660856747,pytorch,MAE,False,7,8,test
1,Float8WeightOnlyConfig,float8,8,False,True,pytorch_quantized_MAE,7.242413837508222,pytorch,MAE,False,7,8,test
2,Int8DynamicActivationInt8WeightConfig,int8,8,True,False,pytorch_quantized_MAE,7.251103459499069,pytorch,MAE,False,7,8,test
3,Int8WeightOnlyConfig,int8,8,False,True,pytorch_relative_MAE,1.0012286772076342,pytorch,MAE,True,7,8,test
4,Float8WeightOnlyConfig,float8,8,False,True,pytorch_relative_MAE,0.9993916206130065,pytorch,MAE,True,7,8,test
5,Int8DynamicActivationInt8WeightConfig,int8,8,True,False,pytorch_relative_MAE,1.0005907146718092,pytorch,MAE,True,7,8,test
6,Int8WeightOnlyConfig,int8,8,False,True,pytorch_quantized_model_size,206337.0,pytorch,model_size,False,7,8,test
7,Float8WeightOnlyConfig,float8,8,False,True,pytorch_quantized_model_size,206337.0,pytorch,model_size,False,7,8,test
8,Int8DynamicActivationInt8WeightConfig,int8,8,True,False,pytorch_quantized_model_size,206337.0,pytorch,model_size,False,7,8,test
9,Int8WeightOnlyConfig,int8,8,False,True,pytorch_quantized_median_latency,0.0006907130000399775,pytorch,median_latency,False,7,8,test
10,Float8WeightOnlyConfig,float8,8,False,True,pytorch_quantized_median_latency,0.0007895464996181545,pytorch,median_latency,False,7,8,test
11,Int8DynamicActivationInt8WeightConfig,int8,8,True,False,pytorch_quantized_median_latency,0.01338668999960646,pytorch,median_latency,False,7,8,test
12,Int8WeightOnlyConfig,int8,8,False,True,pytorch_quantized_p95_latency,0.000769380051133339,pytorch,p95_latency,False,7,8,test
13,Float8WeightOnlyConfig,float8,8,False,True,pytorch_quantized_p95_latency,0.0008961724495748058,pytorch,p95_latency,False,7,8,test
14,Int8DynamicActivationInt8WeightConfig,int8,8,True,False,pytorch_quantized_p95_latency,0.014538707848805642,pytorch,p95_latency,False,7,8,test
15,Int8WeightOnlyConfig,int8,8,False,True,pytorch_quantized_p99_latency,0.000875894139626325,pytorch,p99_latency,False,7,8,test
16,Float8WeightOnlyConfig,float8,8,False,True,pytorch_quantized_p99_latency,0.0010262879505535236,pytorch,p99_latency,False,7,8,test
17,Int8DynamicActivationInt8WeightConfig,int8,8,True,False,pytorch_quantized_p99_latency,0.015062978548994578,pytorch,p99_latency,False,7,8,test
18,Int8WeightOnlyConfig,int8,8,False,True,pytorch_relative_model_size,0.25,pytorch,model_size,True,7,8,test
19,Float8WeightOnlyConfig,float8,8,False,True,pytorch_relative_model_size,0.25,pytorch,model_size,True,7,8,test
20,Int8DynamicActivationInt8WeightConfig,int8,8,True,False,pytorch_relative_model_size,0.25,pytorch,model_size,True,7,8,test
21,Int8WeightOnlyConfig,int8,8,False,True,pytorch_relative_median_latency,2.508226840110426,pytorch,median_latency,True,7,8,test
22,Float8WeightOnlyConfig,float8,8,False,True,pytorch_relative_median_latency,2.8671267541553016,pytorch,median_latency,True,7,8,test
23,Int8DynamicActivationInt8WeightConfig,int8,8,True,False,pytorch_relative_median_latency,48.61187664819885,pytorch,median_latency,True,7,8,test
24,Int8WeightOnlyConfig,int8,8,False,True,pytorch_relative_p95_latency,2.212278257477177,pytorch,p95_latency,True,7,8,test
25,Float8WeightOnlyConfig,float8,8,False,True,pytorch_relative_p95_latency,2.5768575910227347,pytorch,p95_latency,True,7,8,test
26,Int8DynamicActivationInt8WeightConfig,int8,8,True,False,pytorch_relative_p95_latency,41.80465456356277,pytorch,p95_latency,True,7,8,test
27,Int8WeightOnlyConfig,int8,8,False,True,pytorch_relative_p99_latency,2.1162707062936628,pytorch,p99_latency,True,7,8,test
28,Float8WeightOnlyConfig,float8,8,False,True,pytorch_relative_p99_latency,2.4796411206783056,pytorch,p99_latency,True,7,8,test
29,Int8DynamicActivationInt8WeightConfig,int8,8,True,False,pytorch_relative_p99_latency,36.39405586885944,pytorch,p99_latency,True,7,8,test
0,Int8WeightOnlyConfig,int8,8,False,True,pytorch_quantized_MAE,7.2650885106282335,pytorch,MAE,False,7,9,train
1,Float8WeightOnlyConfig,float8,8,False,True,pytorch_quantized_MAE,7.254094019844926,pytorch,MAE,False,7,9,train
2,Int8DynamicActivationInt8WeightConfig,int8,8,True,False,pytorch_quantized_MAE,7.259943172685138,pytorch,MAE,False,7,9,train
3,Int8WeightOnlyConfig,int8,8,False,True,pytorch_relative_MAE,1.00123411192933,pytorch,MAE,True,7,9,train
4,Float8WeightOnlyConfig,float8,8,False,True,pytorch_relative_MAE,0.9997189123279162,pytorch,MAE,True,7,9,train
5,Int8DynamicActivationInt8WeightConfig,int8,8,True,False,pytorch_relative_MAE,1.000525010056931,pytorch,MAE,True,7,9,train
6,Int8WeightOnlyConfig,int8,8,False,True,pytorch_quantized_model_size,206337.0,pytorch,model_size,False,7,9,train
7,Float8WeightOnlyConfig,float8,8,False,True,pytorch_quantized_model_size,206337.0,pytorch,model_size,False,7,9,train
8,Int8DynamicActivationInt8WeightConfig,int8,8,True,False,pytorch_quantized_model_size,206337.0,pytorch,model_size,False,7,9,train
9,Int8WeightOnlyConfig,int8,8,False,True,pytorch_quantized_median_latency,0.0007148259992391104,pytorch,median_latency,False,7,9,train
10,Float8WeightOnlyConfig,float8,8,False,True,pytorch_quantized_median_latency,0.0008062520000748918,pytorch,median_latency,False,7,9,train
11,Int8DynamicActivationInt8WeightConfig,int8,8,True,False,pytorch_quantized_median_latency,0.014276470999902813,pytorch,median_latency,False,7,9,train
12,Int8WeightOnlyConfig,int8,8,False,True,pytorch_quantized_p95_latency,0.0007950431499011755,pytorch,p95_latency,False,7,9,train
13,Float8WeightOnlyConfig,float8,8,False,True,pytorch_quantized_p95_latency,0.0009059600499313091,pytorch,p95_latency,False,7,9,train
14,Int8DynamicActivationInt8WeightConfig,int8,8,True,False,pytorch_quantized_p95_latency,0.016375704799429514,pytorch,p95_latency,False,7,9,train
15,Int8WeightOnlyConfig,int8,8,False,True,pytorch_quantized_p99_latency,0.0009127194190295977,pytorch,p99_latency,False,7,9,train
16,Float8WeightOnlyConfig,float8,8,False,True,pytorch_quantized_p99_latency,0.0010926489511803082,pytorch,p99_latency,False,7,9,train
17,Int8DynamicActivationInt8WeightConfig,int8,8,True,False,pytorch_quantized_p99_latency,0.016969950259517644,pytorch,p99_latency,False,7,9,train
18,Int8WeightOnlyConfig,int8,8,False,True,pytorch_relative_model_size,0.25,pytorch,model_size,True,7,9,train
19,Float8WeightOnlyConfig,float8,8,False,True,pytorch_relative_model_size,0.25,pytorch,model_size,True,7,9,train
20,Int8DynamicActivationInt8WeightConfig,int8,8,True,False,pytorch_relative_model_size,0.25,pytorch,model_size,True,7,9,train
21,Int8WeightOnlyConfig,int8,8,False,True,pytorch_relative_median_latency,2.6091682558127975,pytorch,median_latency,True,7,9,train
22,Float8WeightOnlyConfig,float8,8,False,True,pytorch_relative_median_latency,2.9428799834088184,pytorch,median_latency,True,7,9,train
23,Int8DynamicActivationInt8WeightConfig,int8,8,True,False,pytorch_relative_median_latency,52.110184824878374,pytorch,median_latency,True,7,9,train
24,Int8WeightOnlyConfig,int8,8,False,True,pytorch_relative_p95_latency,2.4164600621248864,pytorch,p95_latency,True,7,9,train
25,Float8WeightOnlyConfig,float8,8,False,True,pytorch_relative_p95_latency,2.7535817129067746,pytorch,p95_latency,True,7,9,train
26,Int8DynamicActivationInt8WeightConfig,int8,8,True,False,pytorch_relative_p95_latency,49.77243894483837,pytorch,p95_latency,True,7,9,train
27,Int8WeightOnlyConfig,int8,8,False,True,pytorch_relative_p99_latency,2.1921408650387857,pytorch,p99_latency,True,7,9,train
28,Float8WeightOnlyConfig,float8,8,False,True,pytorch_relative_p99_latency,2.624289970263523,pytorch,p99_latency,True,7,9,train
29,Int8DynamicActivationInt8WeightConfig,int8,8,True,False,pytorch_relative_p99_latency,40.75789411943895,pytorch,p99_latency,True,7,9,train
0,Int8WeightOnlyConfig,int8,8,False,True,pytorch_quantized_MAE,7.1481210416146075,pytorch,MAE,False,7,9,test
1,Float8WeightOnlyConfig,float8,8,False,True,pytorch_quantized_MAE,7.139913851432047,pytorch,MAE,False,7,9,test
2,Int8DynamicActivationInt8WeightConfig,int8,8,True,False,pytorch_quantized_MAE,7.149365372177798,pytorch,MAE,False,7,9,test
3,Int8WeightOnlyConfig,int8,8,False,True,pytorch_relative_MAE,1.0013770563024091,pytorch,MAE,True,7,9,test
4,Float8WeightOnlyConfig,float8,8,False,True,pytorch_relative_MAE,1.0002273147272902,pytorch,MAE,True,7,9,test
5,Int8DynamicActivationInt8WeightConfig,int8,8,True,False,pytorch_relative_MAE,1.0015513740104027,pytorch,MAE,True,7,9,test
6,Int8WeightOnlyConfig,int8,8,False,True,pytorch_quantized_model_size,206337.0,pytorch,model_size,False,7,9,test
7,Float8WeightOnlyConfig,float8,8,False,True,pytorch_quantized_model_size,206337.0,pytorch,model_size,False,7,9,test
8,Int8DynamicActivationInt8WeightConfig,int8,8,True,False,pytorch_quantized_model_size,206337.0,pytorch,model_size,False,7,9,test
9,Int8WeightOnlyConfig,int8,8,False,True,pytorch_quantized_median_latency,0.0006977345001359936,pytorch,median_latency,False,7,9,test
10,Float8WeightOnlyConfig,float8,8,False,True,pytorch_quantized_median_latency,0.0007806420007909765,pytorch,median_latency,False,7,9,test
11,Int8DynamicActivationInt8WeightConfig,int8,8,True,False,pytorch_quantized_median_latency,0.013640990000567399,pytorch,median_latency,False,7,9,test
12,Int8WeightOnlyConfig,int8,8,False,True,pytorch_quantized_p95_latency,0.0008123954509756003,pytorch,p95_latency,False,7,9,test
13,Float8WeightOnlyConfig,float8,8,False,True,pytorch_quantized_p95_latency,0.0009005934991364483,pytorch,p95_latency,False,7,9,test
14,Int8DynamicActivationInt8WeightConfig,int8,8,True,False,pytorch_quantized_p95_latency,0.014778339300119113,pytorch,p95_latency,False,7,9,test
15,Int8WeightOnlyConfig,int8,8,False,True,pytorch_quantized_p99_latency,0.0009348497706196213,pytorch,p99_latency,False,7,9,test
16,Float8WeightOnlyConfig,float8,8,False,True,pytorch_quantized_p99_latency,0.0010028897097072327,pytorch,p99_latency,False,7,9,test
17,Int8DynamicActivationInt8WeightConfig,int8,8,True,False,pytorch_quantized_p99_latency,0.015366196969807788,pytorch,p99_latency,False,7,9,test
18,Int8WeightOnlyConfig,int8,8,False,True,pytorch_relative_model_size,0.25,pytorch,model_size,True,7,9,test
19,Float8WeightOnlyConfig,float8,8,False,True,pytorch_relative_model_size,0.25,pytorch,model_size,True,7,9,test
20,Int8DynamicActivationInt8WeightConfig,int8,8,True,False,pytorch_relative_model_size,0.25,pytorch,model_size,True,7,9,test
21,Int8WeightOnlyConfig,int8,8,False,True,pytorch_relative_median_latency,2.5412731688965433,pytorch,median_latency,True,7,9,test
22,Float8WeightOnlyConfig,float8,8,False,True,pytorch_relative_median_latency,2.843237034627298,pytorch,median_latency,True,7,9,test
23,Int8DynamicActivationInt8WeightConfig,int8,8,True,False,pytorch_relative_median_latency,49.68291216626297,pytorch,median_latency,True,7,9,test
24,Int8WeightOnlyConfig,int8,8,False,True,pytorch_relative_p95_latency,2.4701651489034373,pytorch,p95_latency,True,7,9,test
25,Float8WeightOnlyConfig,float8,8,False,True,pytorch_relative_p95_latency,2.7383396500119828,pytorch,p95_latency,True,7,9,test
26,Int8DynamicActivationInt8WeightConfig,int8,8,True,False,pytorch_relative_p95_latency,44.93493735592156,pytorch,p95_latency,True,7,9,test
27,Int8WeightOnlyConfig,int8,8,False,True,pytorch_relative_p99_latency,2.2625410044791314,pytorch,p99_latency,True,7,9,test
28,Float8WeightOnlyConfig,float8,8,False,True,pytorch_relative_p99_latency,2.427212545261507,pytorch,p99_latency,True,7,9,test
29,Int8DynamicActivationInt8WeightConfig,int8,8,True,False,pytorch_relative_p99_latency,37.1895590283449,pytorch,p99_latency,True,7,9,test
0,Int8WeightOnlyConfig,int8,8,False,True,pytorch_quantized_MAE,7.2830990986473365,pytorch,MAE,False,7,10,train
1,Float8WeightOnlyConfig,float8,8,False,True,pytorch_quantized_MAE,7.271041984035605,pytorch,MAE,False,7,10,train
2,Int8DynamicActivationInt8WeightConfig,int8,8,True,False,pytorch_quantized_MAE,7.277933553191455,pytorch,MAE,False,7,10,train
3,Int8WeightOnlyConfig,int8,8,False,True,pytorch_relative_MAE,1.0012589299624493,pytorch,MAE,True,7,10,train
4,Float8WeightOnlyConfig,float8,8,False,True,pytorch_relative_MAE,0.9996013534951981,pytorch,MAE,True,7,10,train
5,Int8DynamicActivationInt8WeightConfig,int8,8,True,False,pytorch_relative_MAE,1.000548786046271,pytorch,MAE,True,7,10,train
6,Int8WeightOnlyConfig,int8,8,False,True,pytorch_quantized_model_size,206337.0,pytorch,model_size,False,7,10,train
7,Float8WeightOnlyConfig,float8,8,False,True,pytorch_quantized_model_size,206337.0,pytorch,model_size,False,7,10,train
8,Int8DynamicActivationInt8WeightConfig,int8,8,True,False,pytorch_quantized_model_size,206337.0,pytorch,model_size,False,7,10,train
9,Int8WeightOnlyConfig,int8,8,False,True,pytorch_quantized_median_latency,0.00067497599957278,pytorch,median_latency,False,7,10,train
10,Float8WeightOnlyConfig,float8,8,False,True,pytorch_quantized_median_latency,0.0007944529997985228,pytorch,median_latency,False,7,10,train
11,Int8DynamicActivationInt8WeightConfig,int8,8,True,False,pytorch_quantized_median_latency,0.014202907499566209,pytorch,median_latency,False,7,10,train
12,Int8WeightOnlyConfig,int8,8,False,True,pytorch_quantized_p95_latency,0.0007767910500660945,pytorch,p95_latency,False,7,10,train
13,Float8WeightOnlyConfig,float8,8,False,True,pytorch_quantized_p95_latency,0.000912633001189533,pytorch,p95_latency,False,7,10,train
14,Int8DynamicActivationInt8WeightConfig,int8,8,True,False,pytorch_quantized_p95_latency,0.016637905849165687,pytorch,p95_latency,False,7,10,train
15,Int8WeightOnlyConfig,int8,8,False,True,pytorch_quantized_p99_latency,0.0010462541397282619,pytorch,p99_latency,False,7,10,train
16,Float8WeightOnlyConfig,float8,8,False,True,pytorch_quantized_p99_latency,0.0011349152607363063,pytorch,p99_latency,False,7,10,train
17,Int8DynamicActivationInt8WeightConfig,int8,8,True,False,pytorch_quantized_p99_latency,0.017408976120768783,pytorch,p99_latency,False,7,10,train
18,Int8WeightOnlyConfig,int8,8,False,True,pytorch_relative_model_size,0.25,pytorch,model_size,True,7,10,train
19,Float8WeightOnlyConfig,float8,8,False,True,pytorch_relative_model_size,0.25,pytorch,model_size,True,7,10,train
20,Int8DynamicActivationInt8WeightConfig,int8,8,True,False,pytorch_relative_model_size,0.25,pytorch,model_size,True,7,10,train
21,Int8WeightOnlyConfig,int8,8,False,True,pytorch_relative_median_latency,2.374656763073343,pytorch,median_latency,True,7,10,train
22,Float8WeightOnlyConfig,float8,8,False,True,pytorch_relative_median_latency,2.7949929925057253,pytorch,median_latency,True,7,10,train
23,Int8DynamicActivationInt8WeightConfig,int8,8,True,False,pytorch_relative_median_latency,49.96774755027916,pytorch,median_latency,True,7,10,train
24,Int8WeightOnlyConfig,int8,8,False,True,pytorch_relative_p95_latency,2.2428902184446837,pytorch,p95_latency,True,7,10,train
25,Float8WeightOnlyConfig,float8,8,False,True,pytorch_relative_p95_latency,2.635117424722713,pytorch,p95_latency,True,7,10,train
26,Int8DynamicActivationInt8WeightConfig,int8,8,True,False,pytorch_relative_p95_latency,48.03994109010671,pytorch,p95_latency,True,7,10,train
27,Int8WeightOnlyConfig,int8,8,False,True,pytorch_relative_p99_latency,2.576611482546397,pytorch,p99_latency,True,7,10,train
28,Float8WeightOnlyConfig,float8,8,False,True,pytorch_relative_p99_latency,2.794957344961905,pytorch,p99_latency,True,7,10,train
29,Int8DynamicActivationInt8WeightConfig,int8,8,True,False,pytorch_relative_p99_latency,42.87310899797169,pytorch,p99_latency,True,7,10,train
0,Int8WeightOnlyConfig,int8,8,False,True,pytorch_quantized_MAE,7.170974175210057,pytorch,MAE,False,7,10,test
1,Float8WeightOnlyConfig,float8,8,False,True,pytorch_quantized_MAE,7.166409260129884,pytorch,MAE,False,7,10,test
2,Int8DynamicActivationInt8WeightConfig,int8,8,True,False,pytorch_quantized_MAE,7.163815359293237,pytorch,MAE,False,7,10,test
3,Int8WeightOnlyConfig,int8,8,False,True,pytorch_relative_MAE,1.0012130445763971,pytorch,MAE,True,7,10,test
4,Float8WeightOnlyConfig,float8,8,False,True,pytorch_relative_MAE,1.0005756900951257,pytorch,MAE,True,7,10,test
5,Int8DynamicActivationInt8WeightConfig,int8,8,True,False,pytorch_relative_MAE,1.0002135290706213,pytorch,MAE,True,7,10,test
6,Int8WeightOnlyConfig,int8,8,False,True,pytorch_quantized_model_size,206337.0,pytorch,model_size,False,7,10,test
7,Float8WeightOnlyConfig,float8,8,False,True,pytorch_quantized_model_size,206337.0,pytorch,model_size,False,7,10,test
8,Int8DynamicActivationInt8WeightConfig,int8,8,True,False,pytorch_quantized_model_size,206337.0,pytorch,model_size,False,7,10,test
9,Int8WeightOnlyConfig,int8,8,False,True,pytorch_quantized_median_latency,0.0006619130008402863,pytorch,median_latency,False,7,10,test
10,Float8WeightOnlyConfig,float8,8,False,True,pytorch_quantized_median_latency,0.0007696195007156348,pytorch,median_latency,False,7,10,test
11,Int8DynamicActivationInt8WeightConfig,int8,8,True,False,pytorch_quantized_median_latency,0.013238967500910803,pytorch,median_latency,False,7,10,test
12,Int8WeightOnlyConfig,int8,8,False,True,pytorch_quantized_p95_latency,0.0007736670993836014,pytorch,p95_latency,False,7,10,test
13,Float8WeightOnlyConfig,float8,8,False,True,pytorch_quantized_p95_latency,0.0008577206001064041,pytorch,p95_latency,False,7,10,test
14,Int8DynamicActivationInt8WeightConfig,int8,8,True,False,pytorch_quantized_p95_latency,0.014496461149428794,pytorch,p95_latency,False,7,10,test
15,Int8WeightOnlyConfig,int8,8,False,True,pytorch_quantized_p99_latency,0.0009139488099208387,pytorch,p99_latency,False,7,10,test
16,Float8WeightOnlyConfig,float8,8,False,True,pytorch_quantized_p99_latency,0.0009695357895179767,pytorch,p99_latency,False,7,10,test
17,Int8DynamicActivationInt8WeightConfig,int8,8,True,False,pytorch_quantized_p99_latency,0.015489817858524475,pytorch,p99_latency,False,7,10,test
18,Int8WeightOnlyConfig,int8,8,False,True,pytorch_relative_model_size,0.25,pytorch,model_size,True,7,10,test
19,Float8WeightOnlyConfig,float8,8,False,True,pytorch_relative_model_size,0.25,pytorch,model_size,True,7,10,test
20,Int8DynamicActivationInt8WeightConfig,int8,8,True,False,pytorch_relative_model_size,0.25,pytorch,model_size,True,7,10,test
21,Int8WeightOnlyConfig,int8,8,False,True,pytorch_relative_median_latency,2.3220373504492255,pytorch,median_latency,True,7,10,test
22,Float8WeightOnlyConfig,float8,8,False,True,pytorch_relative_median_latency,2.6998793255716644,pytorch,median_latency,True,7,10,test
23,Int8DynamicActivationInt8WeightConfig,int8,8,True,False,pytorch_relative_median_latency,46.44322891297304,pytorch,median_latency,True,7,10,test
24,Int8WeightOnlyConfig,int8,8,False,True,pytorch_relative_p95_latency,2.15791373107869,pytorch,p95_latency,True,7,10,test
25,Float8WeightOnlyConfig,float8,8,False,True,pytorch_relative_p95_latency,2.3923559136394816,pytorch,p95_latency,True,7,10,test
26,Int8DynamicActivationInt8WeightConfig,int8,8,True,False,pytorch_relative_p95_latency,40.43355674724226,pytorch,p95_latency,True,7,10,test
27,Int8WeightOnlyConfig,int8,8,False,True,pytorch_relative_p99_latency,2.1498647147189054,pytorch,p99_latency,True,7,10,test
28,Float8WeightOnlyConfig,float8,8,False,True,pytorch_relative_p99_latency,2.2806209285642276,pytorch,p99_latency,True,7,10,test
29,Int8DynamicActivationInt8WeightConfig,int8,8,True,False,pytorch_relative_p99_latency,36.43640922772128,pytorch,p99_latency,True,7,10,test
0,Int8WeightOnlyConfig,int8,8,False,True,pytorch_quantized_MAE,7.268328920929151,pytorch,MAE,False,8,1,train
1,Float8WeightOnlyConfig,float8,8,False,True,pytorch_quantized_MAE,7.25706365593288,pytorch,MAE,False,8,1,train
2,Int8DynamicActivationInt8WeightConfig,int8,8,True,False,pytorch_quantized_MAE,7.263381155196913,pytorch,MAE,False,8,1,train
3,Int8WeightOnlyConfig,int8,8,False,True,pytorch_relative_MAE,1.0012591323511861,pytorch,MAE,True,8,1,train
4,Float8WeightOnlyConfig,float8,8,False,True,pytorch_relative_MAE,0.9997072695256896,pytorch,MAE,True,8,1,train
5,Int8DynamicActivationInt8WeightConfig,int8,8,True,False,pytorch_relative_MAE,1.0005775457474384,pytorch,MAE,True,8,1,train
6,Int8WeightOnlyConfig,int8,8,False,True,pytorch_quantized_model_size,206337.0,pytorch,model_size,False,8,1,train
7,Float8WeightOnlyConfig,float8,8,False,True,pytorch_quantized_model_size,206337.0,pytorch,model_size,False,8,1,train
8,Int8DynamicActivationInt8WeightConfig,int8,8,True,False,pytorch_quantized_model_size,206337.0,pytorch,model_size,False,8,1,train
9,Int8WeightOnlyConfig,int8,8,False,True,pytorch_quantized_median_latency,0.0006898930014358484,pytorch,median_latency,False,8,1,train
10,Float8WeightOnlyConfig,float8,8,False,True,pytorch_quantized_median_latency,0.000782431000516226,pytorch,median_latency,False,8,1,train
11,Int8DynamicActivationInt8WeightConfig,int8,8,True,False,pytorch_quantized_median_latency,0.01356244750058977,pytorch,median_latency,False,8,1,train
12,Int8WeightOnlyConfig,int8,8,False,True,pytorch_quantized_p95_latency,0.0008420579000812722,pytorch,p95_latency,False,8,1,train
13,Float8WeightOnlyConfig,float8,8,False,True,pytorch_quantized_p95_latency,0.0008929260005970717,pytorch,p95_latency,False,8,1,train
14,Int8DynamicActivationInt8WeightConfig,int8,8,True,False,pytorch_quantized_p95_latency,0.014969938849662866,pytorch,p95_latency,False,8,1,train
15,Int8WeightOnlyConfig,int8,8,False,True,pytorch_quantized_p99_latency,0.0010005894685309609,pytorch,p99_latency,False,8,1,train
16,Float8WeightOnlyConfig,float8,8,False,True,pytorch_quantized_p99_latency,0.0010451627215115878,pytorch,p99_latency,False,8,1,train
17,Int8DynamicActivationInt8WeightConfig,int8,8,True,False,pytorch_quantized_p99_latency,0.015741707258930544,pytorch,p99_latency,False,8,1,train
18,Int8WeightOnlyConfig,int8,8,False,True,pytorch_relative_model_size,0.25,pytorch,model_size,True,8,1,train
19,Float8WeightOnlyConfig,float8,8,False,True,pytorch_relative_model_size,0.25,pytorch,model_size,True,8,1,train
20,Int8DynamicActivationInt8WeightConfig,int8,8,True,False,pytorch_relative_model_size,0.25,pytorch,model_size,True,8,1,train
21,Int8WeightOnlyConfig,int8,8,False,True,pytorch_relative_median_latency,2.524629942925975,pytorch,median_latency,True,8,1,train
22,Float8WeightOnlyConfig,float8,8,False,True,pytorch_relative_median_latency,2.8632682576364363,pytorch,median_latency,True,8,1,train
23,Int8DynamicActivationInt8WeightConfig,int8,8,True,False,pytorch_relative_median_latency,49.63111814163605,pytorch,median_latency,True,8,1,train
24,Int8WeightOnlyConfig,int8,8,False,True,pytorch_relative_p95_latency,2.580127121992913,pytorch,p95_latency,True,8,1,train
25,Float8WeightOnlyConfig,float8,8,False,True,pytorch_relative_p95_latency,2.7359907102003374,pytorch,p95_latency,True,8,1,train
26,Int8DynamicActivationInt8WeightConfig,int8,8,True,False,pytorch_relative_p95_latency,45.86898981277021,pytorch,p95_latency,True,8,1,train
27,Int8WeightOnlyConfig,int8,8,False,True,pytorch_relative_p99_latency,2.659530286979992,pytorch,p99_latency,True,8,1,train
28,Float8WeightOnlyConfig,float8,8,False,True,pytorch_relative_p99_latency,2.7780043665295615,pytorch,p99_latency,True,8,1,train
29,Int8DynamicActivationInt8WeightConfig,int8,8,True,False,pytorch_relative_p99_latency,41.84088333986212,pytorch,p99_latency,True,8,1,train
0,Int8WeightOnlyConfig,int8,8,False,True,pytorch_quantized_MAE,7.16259475306083,pytorch,MAE,False,8,1,test
1,Float8WeightOnlyConfig,float8,8,False,True,pytorch_quantized_MAE,7.149754083728521,pytorch,MAE,False,8,1,test
2,Int8DynamicActivationInt8WeightConfig,int8,8,True,False,pytorch_quantized_MAE,7.165288647053271,pytorch,MAE,False,8,1,test
3,Int8WeightOnlyConfig,int8,8,False,True,pytorch_relative_MAE,1.0013877976058583,pytorch,MAE,True,8,1,test
4,Float8WeightOnlyConfig,float8,8,False,True,pytorch_relative_MAE,0.9995925697553685,pytorch,MAE,True,8,1,test
5,Int8DynamicActivationInt8WeightConfig,int8,8,True,False,pytorch_relative_MAE,1.001764425443266,pytorch,MAE,True,8,1,test
6,Int8WeightOnlyConfig,int8,8,False,True,pytorch_quantized_model_size,206337.0,pytorch,model_size,False,8,1,test
7,Float8WeightOnlyConfig,float8,8,False,True,pytorch_quantized_model_size,206337.0,pytorch,model_size,False,8,1,test
8,Int8DynamicActivationInt8WeightConfig,int8,8,True,False,pytorch_quantized_model_size,206337.0,pytorch,model_size,False,8,1,test
9,Int8WeightOnlyConfig,int8,8,False,True,pytorch_quantized_median_latency,0.0006945929999346845,pytorch,median_latency,False,8,1,test
10,Float8WeightOnlyConfig,float8,8,False,True,pytorch_quantized_median_latency,0.0007948059992486378,pytorch,median_latency,False,8,1,test
11,Int8DynamicActivationInt8WeightConfig,int8,8,True,False,pytorch_quantized_median_latency,0.013562495499172655,pytorch,median_latency,False,8,1,test
12,Int8WeightOnlyConfig,int8,8,False,True,pytorch_quantized_p95_latency,0.0007914663502560869,pytorch,p95_latency,False,8,1,test
13,Float8WeightOnlyConfig,float8,8,False,True,pytorch_quantized_p95_latency,0.0009015097012706973,pytorch,p95_latency,False,8,1,test
14,Int8DynamicActivationInt8WeightConfig,int8,8,True,False,pytorch_quantized_p95_latency,0.014787382900885857,pytorch,p95_latency,False,8,1,test
15,Int8WeightOnlyConfig,int8,8,False,True,pytorch_quantized_p99_latency,0.0009643081598187561,pytorch,p99_latency,False,8,1,test
16,Float8WeightOnlyConfig,float8,8,False,True,pytorch_quantized_p99_latency,0.0010622763512401431,pytorch,p99_latency,False,8,1,test
17,Int8DynamicActivationInt8WeightConfig,int8,8,True,False,pytorch_quantized_p99_latency,0.015443069190714595,pytorch,p99_latency,False,8,1,test
18,Int8WeightOnlyConfig,int8,8,False,True,pytorch_relative_model_size,0.25,pytorch,model_size,True,8,1,test
19,Float8WeightOnlyConfig,float8,8,False,True,pytorch_relative_model_size,0.25,pytorch,model_size,True,8,1,test
20,Int8DynamicActivationInt8WeightConfig,int8,8,True,False,pytorch_relative_model_size,0.25,pytorch,model_size,True,8,1,test
21,Int8WeightOnlyConfig,int8,8,False,True,pytorch_relative_median_latency,2.511572661293734,pytorch,median_latency,True,8,1,test
22,Float8WeightOnlyConfig,float8,8,False,True,pytorch_relative_median_latency,2.873931955739317,pytorch,median_latency,True,8,1,test
23,Int8DynamicActivationInt8WeightConfig,int8,8,True,False,pytorch_relative_median_latency,49.04050705642651,pytorch,median_latency,True,8,1,test
24,Int8WeightOnlyConfig,int8,8,False,True,pytorch_relative_p95_latency,2.3595043201415464,pytorch,p95_latency,True,8,1,test
25,Float8WeightOnlyConfig,float8,8,False,True,pytorch_relative_p95_latency,2.6875634499299625,pytorch,p95_latency,True,8,1,test
26,Int8DynamicActivationInt8WeightConfig,int8,8,True,False,pytorch_relative_p95_latency,44.08386260128192,pytorch,p95_latency,True,8,1,test
27,Int8WeightOnlyConfig,int8,8,False,True,pytorch_relative_p99_latency,2.376657984683783,pytorch,p99_latency,True,8,1,test
28,Float8WeightOnlyConfig,float8,8,False,True,pytorch_relative_p99_latency,2.6181128370729105,pytorch,p99_latency,True,8,1,test
29,Int8DynamicActivationInt8WeightConfig,int8,8,True,False,pytorch_relative_p99_latency,38.06137418461166,pytorch,p99_latency,True,8,1,test
0,Int8WeightOnlyConfig,int8,8,False,True,pytorch_quantized_MAE,7.309485338330024,pytorch,MAE,False,8,2,train
1,Float8WeightOnlyConfig,float8,8,False,True,pytorch_quantized_MAE,7.296745732196262,pytorch,MAE,False,8,2,train
2,Int8DynamicActivationInt8WeightConfig,int8,8,True,False,pytorch_quantized_MAE,7.303117262876319,pytorch,MAE,False,8,2,train
3,Int8WeightOnlyConfig,int8,8,False,True,pytorch_relative_MAE,1.0012643767835296,pytorch,MAE,True,8,2,train
4,Float8WeightOnlyConfig,float8,8,False,True,pytorch_relative_MAE,0.9995192862326123,pytorch,MAE,True,8,2,train
5,Int8DynamicActivationInt8WeightConfig,int8,8,True,False,pytorch_relative_MAE,1.0003920681591414,pytorch,MAE,True,8,2,train
6,Int8WeightOnlyConfig,int8,8,False,True,pytorch_quantized_model_size,206337.0,pytorch,model_size,False,8,2,train
7,Float8WeightOnlyConfig,float8,8,False,True,pytorch_quantized_model_size,206337.0,pytorch,model_size,False,8,2,train
8,Int8DynamicActivationInt8WeightConfig,int8,8,True,False,pytorch_quantized_model_size,206337.0,pytorch,model_size,False,8,2,train
9,Int8WeightOnlyConfig,int8,8,False,True,pytorch_quantized_median_latency,0.0007112224993761629,pytorch,median_latency,False,8,2,train
10,Float8WeightOnlyConfig,float8,8,False,True,pytorch_quantized_median_latency,0.0007827895005902974,pytorch,median_latency,False,8,2,train
11,Int8DynamicActivationInt8WeightConfig,int8,8,True,False,pytorch_quantized_median_latency,0.013560784000219428,pytorch,median_latency,False,8,2,train
12,Int8WeightOnlyConfig,int8,8,False,True,pytorch_quantized_p95_latency,0.0008068840995292703,pytorch,p95_latency,False,8,2,train
13,Float8WeightOnlyConfig,float8,8,False,True,pytorch_quantized_p95_latency,0.0009076719504264474,pytorch,p95_latency,False,8,2,train
14,Int8DynamicActivationInt8WeightConfig,int8,8,True,False,pytorch_quantized_p95_latency,0.014936147800835896,pytorch,p95_latency,False,8,2,train
15,Int8WeightOnlyConfig,int8,8,False,True,pytorch_quantized_p99_latency,0.0009091117394018506,pytorch,p99_latency,False,8,2,train
16,Float8WeightOnlyConfig,float8,8,False,True,pytorch_quantized_p99_latency,0.0011269869994794135,pytorch,p99_latency,False,8,2,train
17,Int8DynamicActivationInt8WeightConfig,int8,8,True,False,pytorch_quantized_p99_latency,0.015766781189813627,pytorch,p99_latency,False,8,2,train
18,Int8WeightOnlyConfig,int8,8,False,True,pytorch_relative_model_size,0.25,pytorch,model_size,True,8,2,train
19,Float8WeightOnlyConfig,float8,8,False,True,pytorch_relative_model_size,0.25,pytorch,model_size,True,8,2,train
20,Int8DynamicActivationInt8WeightConfig,int8,8,True,False,pytorch_relative_model_size,0.25,pytorch,model_size,True,8,2,train
21,Int8WeightOnlyConfig,int8,8,False,True,pytorch_relative_median_latency,2.6084353362517283,pytorch,median_latency,True,8,2,train
22,Float8WeightOnlyConfig,float8,8,False,True,pytorch_relative_median_latency,2.870910011954846,pytorch,median_latency,True,8,2,train
23,Int8DynamicActivationInt8WeightConfig,int8,8,True,False,pytorch_relative_median_latency,49.734686690136726,pytorch,median_latency,True,8,2,train
24,Int8WeightOnlyConfig,int8,8,False,True,pytorch_relative_p95_latency,2.3796977007042375,pytorch,p95_latency,True,8,2,train
25,Float8WeightOnlyConfig,float8,8,False,True,pytorch_relative_p95_latency,2.676945616704636,pytorch,p95_latency,True,8,2,train
26,Int8DynamicActivationInt8WeightConfig,int8,8,True,False,pytorch_relative_p95_latency,44.05033709272948,pytorch,p95_latency,True,8,2,train
27,Int8WeightOnlyConfig,int8,8,False,True,pytorch_relative_p99_latency,1.9584158551466821,pytorch,p99_latency,True,8,2,train
28,Float8WeightOnlyConfig,float8,8,False,True,pytorch_relative_p99_latency,2.4277645009587436,pytorch,p99_latency,True,8,2,train
29,Int8DynamicActivationInt8WeightConfig,int8,8,True,False,pytorch_relative_p99_latency,33.9649274434357,pytorch,p99_latency,True,8,2,train
0,Int8WeightOnlyConfig,int8,8,False,True,pytorch_quantized_MAE,7.253169026558734,pytorch,MAE,False,8,2,test
1,Float8WeightOnlyConfig,float8,8,False,True,pytorch_quantized_MAE,7.241953364432363,pytorch,MAE,False,8,2,test
2,Int8DynamicActivationInt8WeightConfig,int8,8,True,False,pytorch_quantized_MAE,7.245843896300638,pytorch,MAE,False,8,2,test
3,Int8WeightOnlyConfig,int8,8,False,True,pytorch_relative_MAE,1.001248166496729,pytorch,MAE,True,8,2,test
4,Float8WeightOnlyConfig,float8,8,False,True,pytorch_relative_MAE,0.9996999244663893,pytorch,MAE,True,8,2,test
5,Int8DynamicActivationInt8WeightConfig,int8,8,True,False,pytorch_relative_MAE,1.0002369845963193,pytorch,MAE,True,8,2,test
6,Int8WeightOnlyConfig,int8,8,False,True,pytorch_quantized_model_size,206337.0,pytorch,model_size,False,8,2,test
7,Float8WeightOnlyConfig,float8,8,False,True,pytorch_quantized_model_size,206337.0,pytorch,model_size,False,8,2,test
8,Int8DynamicActivationInt8WeightConfig,int8,8,True,False,pytorch_quantized_model_size,206337.0,pytorch,model_size,False,8,2,test
9,Int8WeightOnlyConfig,int8,8,False,True,pytorch_quantized_median_latency,0.0006952490002731793,pytorch,median_latency,False,8,2,test
10,Float8WeightOnlyConfig,float8,8,False,True,pytorch_quantized_median_latency,0.0007827364997865516,pytorch,median_latency,False,8,2,test
11,Int8DynamicActivationInt8WeightConfig,int8,8,True,False,pytorch_quantized_median_latency,0.013456609500281047,pytorch,median_latency,False,8,2,test
12,Int8WeightOnlyConfig,int8,8,False,True,pytorch_quantized_p95_latency,0.0007842187487767659,pytorch,p95_latency,False,8,2,test
13,Float8WeightOnlyConfig,float8,8,False,True,pytorch_quantized_p95_latency,0.0008835156998429735,pytorch,p95_latency,False,8,2,test
14,Int8DynamicActivationInt8WeightConfig,int8,8,True,False,pytorch_quantized_p95_latency,0.014611684849842276,pytorch,p95_latency,False,8,2,test
15,Int8WeightOnlyConfig,int8,8,False,True,pytorch_quantized_p99_latency,0.0009397465710026153,pytorch,p99_latency,False,8,2,test
16,Float8WeightOnlyConfig,float8,8,False,True,pytorch_quantized_p99_latency,0.001029235419609904,pytorch,p99_latency,False,8,2,test
17,Int8DynamicActivationInt8WeightConfig,int8,8,True,False,pytorch_quantized_p99_latency,0.015217951979993814,pytorch,p99_latency,False,8,2,test
18,Int8WeightOnlyConfig,int8,8,False,True,pytorch_relative_model_size,0.25,pytorch,model_size,True,8,2,test
19,Float8WeightOnlyConfig,float8,8,False,True,pytorch_relative_model_size,0.25,pytorch,model_size,True,8,2,test
20,Int8DynamicActivationInt8WeightConfig,int8,8,True,False,pytorch_relative_model_size,0.25,pytorch,model_size,True,8,2,test
21,Int8WeightOnlyConfig,int8,8,False,True,pytorch_relative_median_latency,2.5297742351116863,pytorch,median_latency,True,8,2,test
22,Float8WeightOnlyConfig,float8,8,False,True,pytorch_relative_median_latency,2.848111438151622,pytorch,median_latency,True,8,2,test
23,Int8DynamicActivationInt8WeightConfig,int8,8,True,False,pytorch_relative_median_latency,48.96401719728353,pytorch,median_latency,True,8,2,test
24,Int8WeightOnlyConfig,int8,8,False,True,pytorch_relative_p95_latency,2.325109166529114,pytorch,p95_latency,True,8,2,test
25,Float8WeightOnlyConfig,float8,8,False,True,pytorch_relative_p95_latency,2.619512037529783,pytorch,p95_latency,True,8,2,test
26,Int8DynamicActivationInt8WeightConfig,int8,8,True,False,pytorch_relative_p95_latency,43.32179310402302,pytorch,p95_latency,True,8,2,test
27,Int8WeightOnlyConfig,int8,8,False,True,pytorch_relative_p99_latency,2.3866204425172697,pytorch,p99_latency,True,8,2,test
28,Float8WeightOnlyConfig,float8,8,False,True,pytorch_relative_p99_latency,2.6138901363408125,pytorch,p99_latency,True,8,2,test
29,Int8DynamicActivationInt8WeightConfig,int8,8,True,False,pytorch_relative_p99_latency,38.64815941807605,pytorch,p99_latency,True,8,2,test
0,Int8WeightOnlyConfig,int8,8,False,True,pytorch_quantized_MAE,7.2810643004205,pytorch,MAE,False,8,3,train
1,Float8WeightOnlyConfig,float8,8,False,True,pytorch_quantized_MAE,7.26887969405596,pytorch,MAE,False,8,3,train
2,Int8DynamicActivationInt8WeightConfig,int8,8,True,False,pytorch_quantized_MAE,7.274413488422932,pytorch,MAE,False,8,3,train
3,Int8WeightOnlyConfig,int8,8,False,True,pytorch_relative_MAE,1.0012703554185112,pytorch,MAE,True,8,3,train
4,Float8WeightOnlyConfig,float8,8,False,True,pytorch_relative_MAE,0.9995947645101115,pytorch,MAE,True,8,3,train
5,Int8DynamicActivationInt8WeightConfig,int8,8,True,False,pytorch_relative_MAE,1.0003557554894538,pytorch,MAE,True,8,3,train
6,Int8WeightOnlyConfig,int8,8,False,True,pytorch_quantized_model_size,206337.0,pytorch,model_size,False,8,3,train
7,Float8WeightOnlyConfig,float8,8,False,True,pytorch_quantized_model_size,206337.0,pytorch,model_size,False,8,3,train
8,Int8DynamicActivationInt8WeightConfig,int8,8,True,False,pytorch_quantized_model_size,206337.0,pytorch,model_size,False,8,3,train
9,Int8WeightOnlyConfig,int8,8,False,True,pytorch_quantized_median_latency,0.0007169485006670584,pytorch,median_latency,False,8,3,train
10,Float8WeightOnlyConfig,float8,8,False,True,pytorch_quantized_median_latency,0.0008076080002865638,pytorch,median_latency,False,8,3,train
11,Int8DynamicActivationInt8WeightConfig,int8,8,True,False,pytorch_quantized_median_latency,0.013475702000505407,pytorch,median_latency,False,8,3,train
12,Int8WeightOnlyConfig,int8,8,False,True,pytorch_quantized_p95_latency,0.0008251254505012184,pytorch,p95_latency,False,8,3,train
13,Float8WeightOnlyConfig,float8,8,False,True,pytorch_quantized_p95_latency,0.00109811430074842,pytorch,p95_latency,False,8,3,train
14,Int8DynamicActivationInt8WeightConfig,int8,8,True,False,pytorch_quantized_p95_latency,0.01568377164994672,pytorch,p95_latency,False,8,3,train
15,Int8WeightOnlyConfig,int8,8,False,True,pytorch_quantized_p99_latency,0.000993847291701968,pytorch,p99_latency,False,8,3,train
16,Float8WeightOnlyConfig,float8,8,False,True,pytorch_quantized_p99_latency,0.001192579880062112,pytorch,p99_latency,False,8,3,train
17,Int8DynamicActivationInt8WeightConfig,int8,8,True,False,pytorch_quantized_p99_latency,0.01663183609032785,pytorch,p99_latency,False,8,3,train
18,Int8WeightOnlyConfig,int8,8,False,True,pytorch_relative_model_size,0.25,pytorch,model_size,True,8,3,train
19,Float8WeightOnlyConfig,float8,8,False,True,pytorch_relative_model_size,0.25,pytorch,model_size,True,8,3,train
20,Int8DynamicActivationInt8WeightConfig,int8,8,True,False,pytorch_relative_model_size,0.25,pytorch,model_size,True,8,3,train
21,Int8WeightOnlyConfig,int8,8,False,True,pytorch_relative_median_latency,2.511326298587888,pytorch,median_latency,True,8,3,train
22,Float8WeightOnlyConfig,float8,8,False,True,pytorch_relative_median_latency,2.828888278840933,pytorch,median_latency,True,8,3,train
23,Int8DynamicActivationInt8WeightConfig,int8,8,True,False,pytorch_relative_median_latency,47.20267187157196,pytorch,median_latency,True,8,3,train
24,Int8WeightOnlyConfig,int8,8,False,True,pytorch_relative_p95_latency,2.444895831480234,pytorch,p95_latency,True,8,3,train
25,Float8WeightOnlyConfig,float8,8,False,True,pytorch_relative_p95_latency,3.2537780464265045,pytorch,p95_latency,True,8,3,train
26,Int8DynamicActivationInt8WeightConfig,int8,8,True,False,pytorch_relative_p95_latency,46.47194909034742,pytorch,p95_latency,True,8,3,train
27,Int8WeightOnlyConfig,int8,8,False,True,pytorch_relative_p99_latency,2.3361619159337543,pytorch,p99_latency,True,8,3,train
28,Float8WeightOnlyConfig,float8,8,False,True,pytorch_relative_p99_latency,2.80330763163706,pytorch,p99_latency,True,8,3,train
29,Int8DynamicActivationInt8WeightConfig,int8,8,True,False,pytorch_relative_p99_latency,39.09520344895007,pytorch,p99_latency,True,8,3,train
0,Int8WeightOnlyConfig,int8,8,False,True,pytorch_quantized_MAE,7.316134046409227,pytorch,MAE,False,8,3,test
1,Float8WeightOnlyConfig,float8,8,False,True,pytorch_quantized_MAE,7.304372412465366,pytorch,MAE,False,8,3,test
2,Int8DynamicActivationInt8WeightConfig,int8,8,True,False,pytorch_quantized_MAE,7.308255243166818,pytorch,MAE,False,8,3,test
3,Int8WeightOnlyConfig,int8,8,False,True,pytorch_relative_MAE,1.0012431785150668,pytorch,MAE,True,8,3,test
4,Float8WeightOnlyConfig,float8,8,False,True,pytorch_relative_MAE,0.9996335503043505,pytorch,MAE,True,8,3,test
5,Int8DynamicActivationInt8WeightConfig,int8,8,True,False,pytorch_relative_MAE,1.0001649317318226,pytorch,MAE,True,8,3,test
6,Int8WeightOnlyConfig,int8,8,False,True,pytorch_quantized_model_size,206337.0,pytorch,model_size,False,8,3,test
7,Float8WeightOnlyConfig,float8,8,False,True,pytorch_quantized_model_size,206337.0,pytorch,model_size,False,8,3,test
8,Int8DynamicActivationInt8WeightConfig,int8,8,True,False,pytorch_quantized_model_size,206337.0,pytorch,model_size,False,8,3,test
9,Int8WeightOnlyConfig,int8,8,False,True,pytorch_quantized_median_latency,0.0006763529991076211,pytorch,median_latency,False,8,3,test
10,Float8WeightOnlyConfig,float8,8,False,True,pytorch_quantized_median_latency,0.0007547454997620662,pytorch,median_latency,False,8,3,test
11,Int8DynamicActivationInt8WeightConfig,int8,8,True,False,pytorch_quantized_median_latency,0.013308211999174091,pytorch,median_latency,False,8,3,test
12,Int8WeightOnlyConfig,int8,8,False,True,pytorch_quantized_p95_latency,0.000782918001004873,pytorch,p95_latency,False,8,3,test
13,Float8WeightOnlyConfig,float8,8,False,True,pytorch_quantized_p95_latency,0.0008462530989163495,pytorch,p95_latency,False,8,3,test
14,Int8DynamicActivationInt8WeightConfig,int8,8,True,False,pytorch_quantized_p95_latency,0.01442226245007987,pytorch,p95_latency,False,8,3,test
15,Int8WeightOnlyConfig,int8,8,False,True,pytorch_quantized_p99_latency,0.0009280387198305107,pytorch,p99_latency,False,8,3,test
16,Float8WeightOnlyConfig,float8,8,False,True,pytorch_quantized_p99_latency,0.0009642301595522437,pytorch,p99_latency,False,8,3,test
17,Int8DynamicActivationInt8WeightConfig,int8,8,True,False,pytorch_quantized_p99_latency,0.015070817110481584,pytorch,p99_latency,False,8,3,test
18,Int8WeightOnlyConfig,int8,8,False,True,pytorch_relative_model_size,0.25,pytorch,model_size,True,8,3,test
19,Float8WeightOnlyConfig,float8,8,False,True,pytorch_relative_model_size,0.25,pytorch,model_size,True,8,3,test
20,Int8DynamicActivationInt8WeightConfig,int8,8,True,False,pytorch_relative_model_size,0.25,pytorch,model_size,True,8,3,test
21,Int8WeightOnlyConfig,int8,8,False,True,pytorch_relative_median_latency,2.5661082442846284,pytorch,median_latency,True,8,3,test
22,Float8WeightOnlyConfig,float8,8,False,True,pytorch_relative_median_latency,2.8635322854064604,pytorch,median_latency,True,8,3,test
23,Int8DynamicActivationInt8WeightConfig,int8,8,True,False,pytorch_relative_median_latency,50.49184756011448,pytorch,median_latency,True,8,3,test
24,Int8WeightOnlyConfig,int8,8,False,True,pytorch_relative_p95_latency,2.53184705263483,pytorch,p95_latency,True,8,3,test
25,Float8WeightOnlyConfig,float8,8,False,True,pytorch_relative_p95_latency,2.7366638799011533,pytorch,p95_latency,True,8,3,test
26,Int8DynamicActivationInt8WeightConfig,int8,8,True,False,pytorch_relative_p95_latency,46.6395748082096,pytorch,p95_latency,True,8,3,test
27,Int8WeightOnlyConfig,int8,8,False,True,pytorch_relative_p99_latency,2.498705653746908,pytorch,p99_latency,True,8,3,test
28,Float8WeightOnlyConfig,float8,8,False,True,pytorch_relative_p99_latency,2.596149599907312,pytorch,p99_latency,True,8,3,test
29,Int8DynamicActivationInt8WeightConfig,int8,8,True,False,pytorch_relative_p99_latency,40.577548237883256,pytorch,p99_latency,True,8,3,test
0,Int8WeightOnlyConfig,int8,8,False,True,pytorch_quantized_MAE,7.195623689238535,pytorch,MAE,False,8,4,train
1,Float8WeightOnlyConfig,float8,8,False,True,pytorch_quantized_MAE,7.185197398409025,pytorch,MAE,False,8,4,train
2,Int8DynamicActivationInt8WeightConfig,int8,8,True,False,pytorch_quantized_MAE,7.190210468995705,pytorch,MAE,False,8,4,train
3,Int8WeightOnlyConfig,int8,8,False,True,pytorch_relative_MAE,1.0012682211404118,pytorch,MAE,True,8,4,train
4,Float8WeightOnlyConfig,float8,8,False,True,pytorch_relative_MAE,0.9998174068506694,pytorch,MAE,True,8,4,train
5,Int8DynamicActivationInt8WeightConfig,int8,8,True,False,pytorch_relative_MAE,1.0005149736614913,pytorch,MAE,True,8,4,train
6,Int8WeightOnlyConfig,int8,8,False,True,pytorch_quantized_model_size,206337.0,pytorch,model_size,False,8,4,train
7,Float8WeightOnlyConfig,float8,8,False,True,pytorch_quantized_model_size,206337.0,pytorch,model_size,False,8,4,train
8,Int8DynamicActivationInt8WeightConfig,int8,8,True,False,pytorch_quantized_model_size,206337.0,pytorch,model_size,False,8,4,train
9,Int8WeightOnlyConfig,int8,8,False,True,pytorch_quantized_median_latency,0.0007029039998087683,pytorch,median_latency,False,8,4,train
10,Float8WeightOnlyConfig,float8,8,False,True,pytorch_quantized_median_latency,0.0007903295008873101,pytorch,median_latency,False,8,4,train
11,Int8DynamicActivationInt8WeightConfig,int8,8,True,False,pytorch_quantized_median_latency,0.013866763500118395,pytorch,median_latency,False,8,4,train
12,Int8WeightOnlyConfig,int8,8,False,True,pytorch_quantized_p95_latency,0.0007996570496288767,pytorch,p95_latency,False,8,4,train
13,Float8WeightOnlyConfig,float8,8,False,True,pytorch_quantized_p95_latency,0.0008980018501461017,pytorch,p95_latency,False,8,4,train
14,Int8DynamicActivationInt8WeightConfig,int8,8,True,False,pytorch_quantized_p95_latency,0.015822447249593096,pytorch,p95_latency,False,8,4,train
15,Int8WeightOnlyConfig,int8,8,False,True,pytorch_quantized_p99_latency,0.0009422788588926776,pytorch,p99_latency,False,8,4,train
16,Float8WeightOnlyConfig,float8,8,False,True,pytorch_quantized_p99_latency,0.001075410200319311,pytorch,p99_latency,False,8,4,train
17,Int8DynamicActivationInt8WeightConfig,int8,8,True,False,pytorch_quantized_p99_latency,0.016560153438695123,pytorch,p99_latency,False,8,4,train
18,Int8WeightOnlyConfig,int8,8,False,True,pytorch_relative_model_size,0.25,pytorch,model_size,True,8,4,train
19,Float8WeightOnlyConfig,float8,8,False,True,pytorch_relative_model_size,0.25,pytorch,model_size,True,8,4,train
20,Int8DynamicActivationInt8WeightConfig,int8,8,True,False,pytorch_relative_model_size,0.25,pytorch,model_size,True,8,4,train
21,Int8WeightOnlyConfig,int8,8,False,True,pytorch_relative_median_latency,2.5225698552468057,pytorch,median_latency,True,8,4,train
22,Float8WeightOnlyConfig,float8,8,False,True,pytorch_relative_median_latency,2.8363209985901014,pytorch,median_latency,True,8,4,train
23,Int8DynamicActivationInt8WeightConfig,int8,8,True,False,pytorch_relative_median_latency,49.76480373529238,pytorch,median_latency,True,8,4,train
24,Int8WeightOnlyConfig,int8,8,False,True,pytorch_relative_p95_latency,2.346752045626311,pytorch,p95_latency,True,8,4,train
25,Float8WeightOnlyConfig,float8,8,False,True,pytorch_relative_p95_latency,2.635364347484489,pytorch,p95_latency,True,8,4,train
26,Int8DynamicActivationInt8WeightConfig,int8,8,True,False,pytorch_relative_p95_latency,46.43410630473373,pytorch,p95_latency,True,8,4,train
27,Int8WeightOnlyConfig,int8,8,False,True,pytorch_relative_p99_latency,2.2530417421401654,pytorch,p99_latency,True,8,4,train
28,Float8WeightOnlyConfig,float8,8,False,True,pytorch_relative_p99_latency,2.57136626634079,pytorch,p99_latency,True,8,4,train
29,Int8DynamicActivationInt8WeightConfig,int8,8,True,False,pytorch_relative_p99_latency,39.59625815809126,pytorch,p99_latency,True,8,4,train
0,Int8WeightOnlyConfig,int8,8,False,True,pytorch_quantized_MAE,7.262773443815962,pytorch,MAE,False,8,4,test
1,Float8WeightOnlyConfig,float8,8,False,True,pytorch_quantized_MAE,7.254976102123817,pytorch,MAE,False,8,4,test
2,Int8DynamicActivationInt8WeightConfig,int8,8,True,False,pytorch_quantized_MAE,7.251029221829892,pytorch,MAE,False,8,4,test
3,Int8WeightOnlyConfig,int8,8,False,True,pytorch_relative_MAE,1.001317605120624,pytorch,MAE,True,8,4,test
4,Float8WeightOnlyConfig,float8,8,False,True,pytorch_relative_MAE,1.000242586662471,pytorch,MAE,True,8,4,test
5,Int8DynamicActivationInt8WeightConfig,int8,8,True,False,pytorch_relative_MAE,0.999698430803255,pytorch,MAE,True,8,4,test
6,Int8WeightOnlyConfig,int8,8,False,True,pytorch_quantized_model_size,206337.0,pytorch,model_size,False,8,4,test
7,Float8WeightOnlyConfig,float8,8,False,True,pytorch_quantized_model_size,206337.0,pytorch,model_size,False,8,4,test
8,Int8DynamicActivationInt8WeightConfig,int8,8,True,False,pytorch_quantized_model_size,206337.0,pytorch,model_size,False,8,4,test
9,Int8WeightOnlyConfig,int8,8,False,True,pytorch_quantized_median_latency,0.0006964215008338215,pytorch,median_latency,False,8,4,test
10,Float8WeightOnlyConfig,float8,8,False,True,pytorch_quantized_median_latency,0.0007813065003574593,pytorch,median_latency,False,8,4,test
11,Int8DynamicActivationInt8WeightConfig,int8,8,True,False,pytorch_quantized_median_latency,0.013386893000642885,pytorch,median_latency,False,8,4,test
12,Int8WeightOnlyConfig,int8,8,False,True,pytorch_quantized_p95_latency,0.0007933618487186322,pytorch,p95_latency,False,8,4,test
13,Float8WeightOnlyConfig,float8,8,False,True,pytorch_quantized_p95_latency,0.0008568139491217151,pytorch,p95_latency,False,8,4,test
14,Int8DynamicActivationInt8WeightConfig,int8,8,True,False,pytorch_quantized_p95_latency,0.01442167244858865,pytorch,p95_latency,False,8,4,test
15,Int8WeightOnlyConfig,int8,8,False,True,pytorch_quantized_p99_latency,0.001083040188714221,pytorch,p99_latency,False,8,4,test
16,Float8WeightOnlyConfig,float8,8,False,True,pytorch_quantized_p99_latency,0.0009900586610456228,pytorch,p99_latency,False,8,4,test
17,Int8DynamicActivationInt8WeightConfig,int8,8,True,False,pytorch_quantized_p99_latency,0.01496347200929449,pytorch,p99_latency,False,8,4,test
18,Int8WeightOnlyConfig,int8,8,False,True,pytorch_relative_model_size,0.25,pytorch,model_size,True,8,4,test
19,Float8WeightOnlyConfig,float8,8,False,True,pytorch_relative_model_size,0.25,pytorch,model_size,True,8,4,test
20,Int8DynamicActivationInt8WeightConfig,int8,8,True,False,pytorch_relative_model_size,0.25,pytorch,model_size,True,8,4,test
21,Int8WeightOnlyConfig,int8,8,False,True,pytorch_relative_median_latency,2.6039072356858486,pytorch,median_latency,True,8,4,test
22,Float8WeightOnlyConfig,float8,8,False,True,pytorch_relative_median_latency,2.921290694117487,pytorch,median_latency,True,8,4,test
23,Int8DynamicActivationInt8WeightConfig,int8,8,True,False,pytorch_relative_median_latency,50.05334772977384,pytorch,median_latency,True,8,4,test
24,Int8WeightOnlyConfig,int8,8,False,True,pytorch_relative_p95_latency,2.5127706417045124,pytorch,p95_latency,True,8,4,test
25,Float8WeightOnlyConfig,float8,8,False,True,pytorch_relative_p95_latency,2.7137389329134587,pytorch,p95_latency,True,8,4,test
26,Int8DynamicActivationInt8WeightConfig,int8,8,True,False,pytorch_relative_p95_latency,45.67695710553939,pytorch,p95_latency,True,8,4,test
27,Int8WeightOnlyConfig,int8,8,False,True,pytorch_relative_p99_latency,2.8598806019051417,pytorch,p99_latency,True,8,4,test
28,Float8WeightOnlyConfig,float8,8,False,True,pytorch_relative_p99_latency,2.6143531781900307,pytorch,p99_latency,True,8,4,test
29,Int8DynamicActivationInt8WeightConfig,int8,8,True,False,pytorch_relative_p99_latency,39.51260884172391,pytorch,p99_latency,True,8,4,test
0,Int8WeightOnlyConfig,int8,8,False,True,pytorch_quantized_MAE,7.241320894786369,pytorch,MAE,False,8,5,train
1,Float8WeightOnlyConfig,float8,8,False,True,pytorch_quantized_MAE,7.229175081679685,pytorch,MAE,False,8,5,train
2,Int8DynamicActivationInt8WeightConfig,int8,8,True,False,pytorch_quantized_MAE,7.23513389759177,pytorch,MAE,False,8,5,train
3,Int8WeightOnlyConfig,int8,8,False,True,pytorch_relative_MAE,1.001281489943381,pytorch,MAE,True,8,5,train
4,Float8WeightOnlyConfig,float8,8,False,True,pytorch_relative_MAE,0.9996020480265353,pytorch,MAE,True,8,5,train
5,Int8DynamicActivationInt8WeightConfig,int8,8,True,False,pytorch_relative_MAE,1.0004259932930746,pytorch,MAE,True,8,5,train
6,Int8WeightOnlyConfig,int8,8,False,True,pytorch_quantized_model_size,206337.0,pytorch,model_size,False,8,5,train
7,Float8WeightOnlyConfig,float8,8,False,True,pytorch_quantized_model_size,206337.0,pytorch,model_size,False,8,5,train
8,Int8DynamicActivationInt8WeightConfig,int8,8,True,False,pytorch_quantized_model_size,206337.0,pytorch,model_size,False,8,5,train
9,Int8WeightOnlyConfig,int8,8,False,True,pytorch_quantized_median_latency,0.0006980329990255996,pytorch,median_latency,False,8,5,train
10,Float8WeightOnlyConfig,float8,8,False,True,pytorch_quantized_median_latency,0.0007747149993519997,pytorch,median_latency,False,8,5,train
11,Int8DynamicActivationInt8WeightConfig,int8,8,True,False,pytorch_quantized_median_latency,0.013807369500682398,pytorch,median_latency,False,8,5,train
12,Int8WeightOnlyConfig,int8,8,False,True,pytorch_quantized_p95_latency,0.0007906365495728096,pytorch,p95_latency,False,8,5,train
13,Float8WeightOnlyConfig,float8,8,False,True,pytorch_quantized_p95_latency,0.000907094700323796,pytorch,p95_latency,False,8,5,train
14,Int8DynamicActivationInt8WeightConfig,int8,8,True,False,pytorch_quantized_p95_latency,0.01520970475012291,pytorch,p95_latency,False,8,5,train
15,Int8WeightOnlyConfig,int8,8,False,True,pytorch_quantized_p99_latency,0.0009257726699433987,pytorch,p99_latency,False,8,5,train
16,Float8WeightOnlyConfig,float8,8,False,True,pytorch_quantized_p99_latency,0.0011026097597277838,pytorch,p99_latency,False,8,5,train
17,Int8DynamicActivationInt8WeightConfig,int8,8,True,False,pytorch_quantized_p99_latency,0.016294931508455193,pytorch,p99_latency,False,8,5,train
18,Int8WeightOnlyConfig,int8,8,False,True,pytorch_relative_model_size,0.25,pytorch,model_size,True,8,5,train
19,Float8WeightOnlyConfig,float8,8,False,True,pytorch_relative_model_size,0.25,pytorch,model_size,True,8,5,train
20,Int8DynamicActivationInt8WeightConfig,int8,8,True,False,pytorch_relative_model_size,0.25,pytorch,model_size,True,8,5,train
21,Int8WeightOnlyConfig,int8,8,False,True,pytorch_relative_median_latency,2.5321326140335603,pytorch,median_latency,True,8,5,train
22,Float8WeightOnlyConfig,float8,8,False,True,pytorch_relative_median_latency,2.8102985377174763,pytorch,median_latency,True,8,5,train
23,Int8DynamicActivationInt8WeightConfig,int8,8,True,False,pytorch_relative_median_latency,50.086587131975946,pytorch,median_latency,True,8,5,train
24,Int8WeightOnlyConfig,int8,8,False,True,pytorch_relative_p95_latency,2.2685565910730063,pytorch,p95_latency,True,8,5,train
25,Float8WeightOnlyConfig,float8,8,False,True,pytorch_relative_p95_latency,2.6027074795097604,pytorch,p95_latency,True,8,5,train
26,Int8DynamicActivationInt8WeightConfig,int8,8,True,False,pytorch_relative_p95_latency,43.64088148695972,pytorch,p95_latency,True,8,5,train
27,Int8WeightOnlyConfig,int8,8,False,True,pytorch_relative_p99_latency,2.196526051590751,pytorch,p99_latency,True,8,5,train
28,Float8WeightOnlyConfig,float8,8,False,True,pytorch_relative_p99_latency,2.6160969540485253,pytorch,p99_latency,True,8,5,train
29,Int8DynamicActivationInt8WeightConfig,int8,8,True,False,pytorch_relative_p99_latency,38.66202009333148,pytorch,p99_latency,True,8,5,train
0,Int8WeightOnlyConfig,int8,8,False,True,pytorch_quantized_MAE,7.289568078372127,pytorch,MAE,False,8,5,test
1,Float8WeightOnlyConfig,float8,8,False,True,pytorch_quantized_MAE,7.281707139252943,pytorch,MAE,False,8,5,test
2,Int8DynamicActivationInt8WeightConfig,int8,8,True,False,pytorch_quantized_MAE,7.278259266577907,pytorch,MAE,False,8,5,test
3,Int8WeightOnlyConfig,int8,8,False,True,pytorch_relative_MAE,1.0013136854953202,pytorch,MAE,True,8,5,test
4,Float8WeightOnlyConfig,float8,8,False,True,pytorch_relative_MAE,1.0002338868246365,pytorch,MAE,True,8,5,test
5,Int8DynamicActivationInt8WeightConfig,int8,8,True,False,pytorch_relative_MAE,0.9997602782296907,pytorch,MAE,True,8,5,test
6,Int8WeightOnlyConfig,int8,8,False,True,pytorch_quantized_model_size,206337.0,pytorch,model_size,False,8,5,test
7,Float8WeightOnlyConfig,float8,8,False,True,pytorch_quantized_model_size,206337.0,pytorch,model_size,False,8,5,test
8,Int8DynamicActivationInt8WeightConfig,int8,8,True,False,pytorch_quantized_model_size,206337.0,pytorch,model_size,False,8,5,test
9,Int8WeightOnlyConfig,int8,8,False,True,pytorch_quantized_median_latency,0.0006896015001984779,pytorch,median_latency,False,8,5,test
10,Float8WeightOnlyConfig,float8,8,False,True,pytorch_quantized_median_latency,0.0007662809994144482,pytorch,median_latency,False,8,5,test
11,Int8DynamicActivationInt8WeightConfig,int8,8,True,False,pytorch_quantized_median_latency,0.01320599599966954,pytorch,median_latency,False,8,5,test
12,Int8WeightOnlyConfig,int8,8,False,True,pytorch_quantized_p95_latency,0.0007837176016437297,pytorch,p95_latency,False,8,5,test
13,Float8WeightOnlyConfig,float8,8,False,True,pytorch_quantized_p95_latency,0.0008496180995280155,pytorch,p95_latency,False,8,5,test
14,Int8DynamicActivationInt8WeightConfig,int8,8,True,False,pytorch_quantized_p95_latency,0.014359788999081502,pytorch,p95_latency,False,8,5,test
15,Int8WeightOnlyConfig,int8,8,False,True,pytorch_quantized_p99_latency,0.0010918708111785234,pytorch,p99_latency,False,8,5,test
16,Float8WeightOnlyConfig,float8,8,False,True,pytorch_quantized_p99_latency,0.001108252320391329,pytorch,p99_latency,False,8,5,test
17,Int8DynamicActivationInt8WeightConfig,int8,8,True,False,pytorch_quantized_p99_latency,0.014941105919333493,pytorch,p99_latency,False,8,5,test
18,Int8WeightOnlyConfig,int8,8,False,True,pytorch_relative_model_size,0.25,pytorch,model_size,True,8,5,test
19,Float8WeightOnlyConfig,float8,8,False,True,pytorch_relative_model_size,0.25,pytorch,model_size,True,8,5,test
20,Int8DynamicActivationInt8WeightConfig,int8,8,True,False,pytorch_relative_model_size,0.25,pytorch,model_size,True,8,5,test
21,Int8WeightOnlyConfig,int8,8,False,True,pytorch_relative_median_latency,2.5313351131220467,pytorch,median_latency,True,8,5,test
22,Float8WeightOnlyConfig,float8,8,False,True,pytorch_relative_median_latency,2.812804206165108,pytorch,median_latency,True,8,5,test
23,Int8DynamicActivationInt8WeightConfig,int8,8,True,False,pytorch_relative_median_latency,48.47553459221227,pytorch,median_latency,True,8,5,test
24,Int8WeightOnlyConfig,int8,8,False,True,pytorch_relative_p95_latency,2.46412132115613,pytorch,p95_latency,True,8,5,test
25,Float8WeightOnlyConfig,float8,8,False,True,pytorch_relative_p95_latency,2.6713220036097223,pytorch,p95_latency,True,8,5,test
26,Int8DynamicActivationInt8WeightConfig,int8,8,True,False,pytorch_relative_p95_latency,45.14925040056114,pytorch,p95_latency,True,8,5,test
27,Int8WeightOnlyConfig,int8,8,False,True,pytorch_relative_p99_latency,2.757125794566105,pytorch,p99_latency,True,8,5,test
28,Float8WeightOnlyConfig,float8,8,False,True,pytorch_relative_p99_latency,2.798491385753398,pytorch,p99_latency,True,8,5,test
29,Int8DynamicActivationInt8WeightConfig,int8,8,True,False,pytorch_relative_p99_latency,37.72837235668469,pytorch,p99_latency,True,8,5,test
0,Int8WeightOnlyConfig,int8,8,False,True,pytorch_quantized_MAE,7.279630679287024,pytorch,MAE,False,8,6,train
1,Float8WeightOnlyConfig,float8,8,False,True,pytorch_quantized_MAE,7.267974058777685,pytorch,MAE,False,8,6,train
2,Int8DynamicActivationInt8WeightConfig,int8,8,True,False,pytorch_quantized_MAE,7.272725856126872,pytorch,MAE,False,8,6,train
3,Int8WeightOnlyConfig,int8,8,False,True,pytorch_relative_MAE,1.001255165981278,pytorch,MAE,True,8,6,train
4,Float8WeightOnlyConfig,float8,8,False,True,pytorch_relative_MAE,0.9996518907579802,pytorch,MAE,True,8,6,train
5,Int8DynamicActivationInt8WeightConfig,int8,8,True,False,pytorch_relative_MAE,1.0003054626015502,pytorch,MAE,True,8,6,train
6,Int8WeightOnlyConfig,int8,8,False,True,pytorch_quantized_model_size,206337.0,pytorch,model_size,False,8,6,train
7,Float8WeightOnlyConfig,float8,8,False,True,pytorch_quantized_model_size,206337.0,pytorch,model_size,False,8,6,train
8,Int8DynamicActivationInt8WeightConfig,int8,8,True,False,pytorch_quantized_model_size,206337.0,pytorch,model_size,False,8,6,train
9,Int8WeightOnlyConfig,int8,8,False,True,pytorch_quantized_median_latency,0.0006967979998080409,pytorch,median_latency,False,8,6,train
10,Float8WeightOnlyConfig,float8,8,False,True,pytorch_quantized_median_latency,0.0007924305000415188,pytorch,median_latency,False,8,6,train
11,Int8DynamicActivationInt8WeightConfig,int8,8,True,False,pytorch_quantized_median_latency,0.013639393500852748,pytorch,median_latency,False,8,6,train
12,Int8WeightOnlyConfig,int8,8,False,True,pytorch_quantized_p95_latency,0.0007966017004036983,pytorch,p95_latency,False,8,6,train
13,Float8WeightOnlyConfig,float8,8,False,True,pytorch_quantized_p95_latency,0.0010052205506326571,pytorch,p95_latency,False,8,6,train
14,Int8DynamicActivationInt8WeightConfig,int8,8,True,False,pytorch_quantized_p95_latency,0.015013019350590183,pytorch,p95_latency,False,8,6,train
15,Int8WeightOnlyConfig,int8,8,False,True,pytorch_quantized_p99_latency,0.0009082074001889846,pytorch,p99_latency,False,8,6,train
16,Float8WeightOnlyConfig,float8,8,False,True,pytorch_quantized_p99_latency,0.001222093630967719,pytorch,p99_latency,False,8,6,train
17,Int8DynamicActivationInt8WeightConfig,int8,8,True,False,pytorch_quantized_p99_latency,0.015902422669551015,pytorch,p99_latency,False,8,6,train
18,Int8WeightOnlyConfig,int8,8,False,True,pytorch_relative_model_size,0.25,pytorch,model_size,True,8,6,train
19,Float8WeightOnlyConfig,float8,8,False,True,pytorch_relative_model_size,0.25,pytorch,model_size,True,8,6,train
20,Int8DynamicActivationInt8WeightConfig,int8,8,True,False,pytorch_relative_model_size,0.25,pytorch,model_size,True,8,6,train
21,Int8WeightOnlyConfig,int8,8,False,True,pytorch_relative_median_latency,2.4904588191065526,pytorch,median_latency,True,8,6,train
22,Float8WeightOnlyConfig,float8,8,False,True,pytorch_relative_median_latency,2.832263479374359,pytorch,median_latency,True,8,6,train
23,Int8DynamicActivationInt8WeightConfig,int8,8,True,False,pytorch_relative_median_latency,48.74920398856078,pytorch,median_latency,True,8,6,train
24,Int8WeightOnlyConfig,int8,8,False,True,pytorch_relative_p95_latency,2.3395177470892023,pytorch,p95_latency,True,8,6,train
25,Float8WeightOnlyConfig,float8,8,False,True,pytorch_relative_p95_latency,2.952204742661334,pytorch,p95_latency,True,8,6,train
26,Int8DynamicActivationInt8WeightConfig,int8,8,True,False,pytorch_relative_p95_latency,44.09132592900536,pytorch,p95_latency,True,8,6,train
27,Int8WeightOnlyConfig,int8,8,False,True,pytorch_relative_p99_latency,2.2174205368502053,pytorch,p99_latency,True,8,6,train
28,Float8WeightOnlyConfig,float8,8,False,True,pytorch_relative_p99_latency,2.983784887348162,pytorch,p99_latency,True,8,6,train
29,Int8DynamicActivationInt8WeightConfig,int8,8,True,False,pytorch_relative_p99_latency,38.826328221722385,pytorch,p99_latency,True,8,6,train
0,Int8WeightOnlyConfig,int8,8,False,True,pytorch_quantized_MAE,7.451951472801862,pytorch,MAE,False,8,6,test
1,Float8WeightOnlyConfig,float8,8,False,True,pytorch_quantized_MAE,7.438993351703978,pytorch,MAE,False,8,6,test
2,Int8DynamicActivationInt8WeightConfig,int8,8,True,False,pytorch_quantized_MAE,7.442629113470958,pytorch,MAE,False,8,6,test
3,Int8WeightOnlyConfig,int8,8,False,True,pytorch_relative_MAE,1.0011203627413368,pytorch,MAE,True,8,6,test
4,Float8WeightOnlyConfig,float8,8,False,True,pytorch_relative_MAE,0.9993795249297505,pytorch,MAE,True,8,6,test
5,Int8DynamicActivationInt8WeightConfig,int8,8,True,False,pytorch_relative_MAE,0.999867965461373,pytorch,MAE,True,8,6,test
6,Int8WeightOnlyConfig,int8,8,False,True,pytorch_quantized_model_size,206337.0,pytorch,model_size,False,8,6,test
7,Float8WeightOnlyConfig,float8,8,False,True,pytorch_quantized_model_size,206337.0,pytorch,model_size,False,8,6,test
8,Int8DynamicActivationInt8WeightConfig,int8,8,True,False,pytorch_quantized_model_size,206337.0,pytorch,model_size,False,8,6,test
9,Int8WeightOnlyConfig,int8,8,False,True,pytorch_quantized_median_latency,0.0006893309991937713,pytorch,median_latency,False,8,6,test
10,Float8WeightOnlyConfig,float8,8,False,True,pytorch_quantized_median_latency,0.0007776755001032143,pytorch,median_latency,False,8,6,test
11,Int8DynamicActivationInt8WeightConfig,int8,8,True,False,pytorch_quantized_median_latency,0.013425584499600518,pytorch,median_latency,False,8,6,test
12,Int8WeightOnlyConfig,int8,8,False,True,pytorch_quantized_p95_latency,0.0007731186999990313,pytorch,p95_latency,False,8,6,test
13,Float8WeightOnlyConfig,float8,8,False,True,pytorch_quantized_p95_latency,0.0008580283498304195,pytorch,p95_latency,False,8,6,test
14,Int8DynamicActivationInt8WeightConfig,int8,8,True,False,pytorch_quantized_p95_latency,0.014576420099547249,pytorch,p95_latency,False,8,6,test
15,Int8WeightOnlyConfig,int8,8,False,True,pytorch_quantized_p99_latency,0.0008880240108737774,pytorch,p99_latency,False,8,6,test
16,Float8WeightOnlyConfig,float8,8,False,True,pytorch_quantized_p99_latency,0.0011703726798441493,pytorch,p99_latency,False,8,6,test
17,Int8DynamicActivationInt8WeightConfig,int8,8,True,False,pytorch_quantized_p99_latency,0.015055050568935257,pytorch,p99_latency,False,8,6,test
18,Int8WeightOnlyConfig,int8,8,False,True,pytorch_relative_model_size,0.25,pytorch,model_size,True,8,6,test
19,Float8WeightOnlyConfig,float8,8,False,True,pytorch_relative_model_size,0.25,pytorch,model_size,True,8,6,test
20,Int8DynamicActivationInt8WeightConfig,int8,8,True,False,pytorch_relative_model_size,0.25,pytorch,model_size,True,8,6,test
21,Int8WeightOnlyConfig,int8,8,False,True,pytorch_relative_median_latency,2.5445863912699576,pytorch,median_latency,True,8,6,test
22,Float8WeightOnlyConfig,float8,8,False,True,pytorch_relative_median_latency,2.870699992748242,pytorch,median_latency,True,8,6,test
23,Int8DynamicActivationInt8WeightConfig,int8,8,True,False,pytorch_relative_median_latency,49.559006707204894,pytorch,median_latency,True,8,6,test
24,Int8WeightOnlyConfig,int8,8,False,True,pytorch_relative_p95_latency,2.455914135149498,pytorch,p95_latency,True,8,6,test
25,Float8WeightOnlyConfig,float8,8,False,True,pytorch_relative_p95_latency,2.7256409044434777,pytorch,p95_latency,True,8,6,test
26,Int8DynamicActivationInt8WeightConfig,int8,8,True,False,pytorch_relative_p95_latency,46.303932581633575,pytorch,p95_latency,True,8,6,test
27,Int8WeightOnlyConfig,int8,8,False,True,pytorch_relative_p99_latency,2.4412572135748283,pytorch,p99_latency,True,8,6,test
28,Float8WeightOnlyConfig,float8,8,False,True,pytorch_relative_p99_latency,3.2174588887851012,pytorch,p99_latency,True,8,6,test
29,Int8DynamicActivationInt8WeightConfig,int8,8,True,False,pytorch_relative_p99_latency,41.387676855700555,pytorch,p99_latency,True,8,6,test
0,Int8WeightOnlyConfig,int8,8,False,True,pytorch_quantized_MAE,7.296899143528682,pytorch,MAE,False,8,7,train
1,Float8WeightOnlyConfig,float8,8,False,True,pytorch_quantized_MAE,7.285028564496181,pytorch,MAE,False,8,7,train
2,Int8DynamicActivationInt8WeightConfig,int8,8,True,False,pytorch_quantized_MAE,7.291567958898837,pytorch,MAE,False,8,7,train
3,Int8WeightOnlyConfig,int8,8,False,True,pytorch_relative_MAE,1.0012350292644874,pytorch,MAE,True,8,7,train
4,Float8WeightOnlyConfig,float8,8,False,True,pytorch_relative_MAE,0.9996062223821099,pytorch,MAE,True,8,7,train
5,Int8DynamicActivationInt8WeightConfig,int8,8,True,False,pytorch_relative_MAE,1.0005035173312833,pytorch,MAE,True,8,7,train
6,Int8WeightOnlyConfig,int8,8,False,True,pytorch_quantized_model_size,206337.0,pytorch,model_size,False,8,7,train
7,Float8WeightOnlyConfig,float8,8,False,True,pytorch_quantized_model_size,206337.0,pytorch,model_size,False,8,7,train
8,Int8DynamicActivationInt8WeightConfig,int8,8,True,False,pytorch_quantized_model_size,206337.0,pytorch,model_size,False,8,7,train
9,Int8WeightOnlyConfig,int8,8,False,True,pytorch_quantized_median_latency,0.0007282145006684004,pytorch,median_latency,False,8,7,train
10,Float8WeightOnlyConfig,float8,8,False,True,pytorch_quantized_median_latency,0.0007995135001692688,pytorch,median_latency,False,8,7,train
11,Int8DynamicActivationInt8WeightConfig,int8,8,True,False,pytorch_quantized_median_latency,0.01334991749990877,pytorch,median_latency,False,8,7,train
12,Int8WeightOnlyConfig,int8,8,False,True,pytorch_quantized_p95_latency,0.0010268292506225407,pytorch,p95_latency,False,8,7,train
13,Float8WeightOnlyConfig,float8,8,False,True,pytorch_quantized_p95_latency,0.0009020082996357814,pytorch,p95_latency,False,8,7,train
14,Int8DynamicActivationInt8WeightConfig,int8,8,True,False,pytorch_quantized_p95_latency,0.014960088450152398,pytorch,p95_latency,False,8,7,train
15,Int8WeightOnlyConfig,int8,8,False,True,pytorch_quantized_p99_latency,0.0012325323687218768,pytorch,p99_latency,False,8,7,train
16,Float8WeightOnlyConfig,float8,8,False,True,pytorch_quantized_p99_latency,0.001142925270141859,pytorch,p99_latency,False,8,7,train
17,Int8DynamicActivationInt8WeightConfig,int8,8,True,False,pytorch_quantized_p99_latency,0.0155651482896792,pytorch,p99_latency,False,8,7,train
18,Int8WeightOnlyConfig,int8,8,False,True,pytorch_relative_model_size,0.25,pytorch,model_size,True,8,7,train
19,Float8WeightOnlyConfig,float8,8,False,True,pytorch_relative_model_size,0.25,pytorch,model_size,True,8,7,train
20,Int8DynamicActivationInt8WeightConfig,int8,8,True,False,pytorch_relative_model_size,0.25,pytorch,model_size,True,8,7,train
21,Int8WeightOnlyConfig,int8,8,False,True,pytorch_relative_median_latency,2.6048407948490904,pytorch,median_latency,True,8,7,train
22,Float8WeightOnlyConfig,float8,8,False,True,pytorch_relative_median_latency,2.8598790320186596,pytorch,median_latency,True,8,7,train
23,Int8DynamicActivationInt8WeightConfig,int8,8,True,False,pytorch_relative_median_latency,47.75297619000175,pytorch,median_latency,True,8,7,train
24,Int8WeightOnlyConfig,int8,8,False,True,pytorch_relative_p95_latency,2.848646920714116,pytorch,p95_latency,True,8,7,train
25,Float8WeightOnlyConfig,float8,8,False,True,pytorch_relative_p95_latency,2.502366546003846,pytorch,p95_latency,True,8,7,train
26,Int8DynamicActivationInt8WeightConfig,int8,8,True,False,pytorch_relative_p95_latency,41.50252816746351,pytorch,p95_latency,True,8,7,train
27,Int8WeightOnlyConfig,int8,8,False,True,pytorch_relative_p99_latency,2.6080720092927305,pytorch,p99_latency,True,8,7,train
28,Float8WeightOnlyConfig,float8,8,False,True,pytorch_relative_p99_latency,2.418460951951636,pytorch,p99_latency,True,8,7,train
29,Int8DynamicActivationInt8WeightConfig,int8,8,True,False,pytorch_relative_p99_latency,32.93627705445137,pytorch,p99_latency,True,8,7,train
0,Int8WeightOnlyConfig,int8,8,False,True,pytorch_quantized_MAE,7.3838830554922685,pytorch,MAE,False,8,7,test
1,Float8WeightOnlyConfig,float8,8,False,True,pytorch_quantized_MAE,7.375471680319096,pytorch,MAE,False,8,7,test
2,Int8DynamicActivationInt8WeightConfig,int8,8,True,False,pytorch_quantized_MAE,7.371890286062533,pytorch,MAE,False,8,7,test
3,Int8WeightOnlyConfig,int8,8,False,True,pytorch_relative_MAE,1.0011510127978172,pytorch,MAE,True,8,7,test
4,Float8WeightOnlyConfig,float8,8,False,True,pytorch_relative_MAE,1.0000105482603432,pytorch,MAE,True,8,7,test
5,Int8DynamicActivationInt8WeightConfig,int8,8,True,False,pytorch_relative_MAE,0.9995249614139319,pytorch,MAE,True,8,7,test
6,Int8WeightOnlyConfig,int8,8,False,True,pytorch_quantized_model_size,206337.0,pytorch,model_size,False,8,7,test
7,Float8WeightOnlyConfig,float8,8,False,True,pytorch_quantized_model_size,206337.0,pytorch,model_size,False,8,7,test
8,Int8DynamicActivationInt8WeightConfig,int8,8,True,False,pytorch_quantized_model_size,206337.0,pytorch,model_size,False,8,7,test
9,Int8WeightOnlyConfig,int8,8,False,True,pytorch_quantized_median_latency,0.0006870585002616281,pytorch,median_latency,False,8,7,test
10,Float8WeightOnlyConfig,float8,8,False,True,pytorch_quantized_median_latency,0.0007781439999234863,pytorch,median_latency,False,8,7,test
11,Int8DynamicActivationInt8WeightConfig,int8,8,True,False,pytorch_quantized_median_latency,0.013045343499470619,pytorch,median_latency,False,8,7,test
12,Int8WeightOnlyConfig,int8,8,False,True,pytorch_quantized_p95_latency,0.0007894944501458667,pytorch,p95_latency,False,8,7,test
13,Float8WeightOnlyConfig,float8,8,False,True,pytorch_quantized_p95_latency,0.0008608914996329985,pytorch,p95_latency,False,8,7,test
14,Int8DynamicActivationInt8WeightConfig,int8,8,True,False,pytorch_quantized_p95_latency,0.014825810750426171,pytorch,p95_latency,False,8,7,test
15,Int8WeightOnlyConfig,int8,8,False,True,pytorch_quantized_p99_latency,0.0008832156604512419,pytorch,p99_latency,False,8,7,test
16,Float8WeightOnlyConfig,float8,8,False,True,pytorch_quantized_p99_latency,0.0010754119200828425,pytorch,p99_latency,False,8,7,test
17,Int8DynamicActivationInt8WeightConfig,int8,8,True,False,pytorch_quantized_p99_latency,0.015980599120957777,pytorch,p99_latency,False,8,7,test
18,Int8WeightOnlyConfig,int8,8,False,True,pytorch_relative_model_size,0.25,pytorch,model_size,True,8,7,test
19,Float8WeightOnlyConfig,float8,8,False,True,pytorch_relative_model_size,0.25,pytorch,model_size,True,8,7,test
20,Int8DynamicActivationInt8WeightConfig,int8,8,True,False,pytorch_relative_model_size,0.25,pytorch,model_size,True,8,7,test
21,Int8WeightOnlyConfig,int8,8,False,True,pytorch_relative_median_latency,2.50482511917642,pytorch,median_latency,True,8,7,test
22,Float8WeightOnlyConfig,float8,8,False,True,pytorch_relative_median_latency,2.836897639142155,pytorch,median_latency,True,8,7,test
23,Int8DynamicActivationInt8WeightConfig,int8,8,True,False,pytorch_relative_median_latency,47.55971154321775,pytorch,median_latency,True,8,7,test
24,Int8WeightOnlyConfig,int8,8,False,True,pytorch_relative_p95_latency,2.3996799004515124,pytorch,p95_latency,True,8,7,test
25,Float8WeightOnlyConfig,float8,8,False,True,pytorch_relative_p95_latency,2.6166922740966436,pytorch,p95_latency,True,8,7,test
26,Int8DynamicActivationInt8WeightConfig,int8,8,True,False,pytorch_relative_p95_latency,45.06326809405994,pytorch,p95_latency,True,8,7,test
27,Int8WeightOnlyConfig,int8,8,False,True,pytorch_relative_p99_latency,2.2798154921065303,pytorch,p99_latency,True,8,7,test
28,Float8WeightOnlyConfig,float8,8,False,True,pytorch_relative_p99_latency,2.77592536634629,pytorch,p99_latency,True,8,7,test
29,Int8DynamicActivationInt8WeightConfig,int8,8,True,False,pytorch_relative_p99_latency,41.250194126414975,pytorch,p99_latency,True,8,7,test
0,Int8WeightOnlyConfig,int8,8,False,True,pytorch_quantized_MAE,7.3271754442380574,pytorch,MAE,False,8,8,train
1,Float8WeightOnlyConfig,float8,8,False,True,pytorch_quantized_MAE,7.316876986019616,pytorch,MAE,False,8,8,train
2,Int8DynamicActivationInt8WeightConfig,int8,8,True,False,pytorch_quantized_MAE,7.3206727907677385,pytorch,MAE,False,8,8,train
3,Int8WeightOnlyConfig,int8,8,False,True,pytorch_relative_MAE,1.0012118240574397,pytorch,MAE,True,8,8,train
4,Float8WeightOnlyConfig,float8,8,False,True,pytorch_relative_MAE,0.9998046053800197,pytorch,MAE,True,8,8,train
5,Int8DynamicActivationInt8WeightConfig,int8,8,True,False,pytorch_relative_MAE,1.000323277905955,pytorch,MAE,True,8,8,train
6,Int8WeightOnlyConfig,int8,8,False,True,pytorch_quantized_model_size,206337.0,pytorch,model_size,False,8,8,train
7,Float8WeightOnlyConfig,float8,8,False,True,pytorch_quantized_model_size,206337.0,pytorch,model_size,False,8,8,train
8,Int8DynamicActivationInt8WeightConfig,int8,8,True,False,pytorch_quantized_model_size,206337.0,pytorch,model_size,False,8,8,train
9,Int8WeightOnlyConfig,int8,8,False,True,pytorch_quantized_median_latency,0.0007045160000416217,pytorch,median_latency,False,8,8,train
10,Float8WeightOnlyConfig,float8,8,False,True,pytorch_quantized_median_latency,0.0007522229998357943,pytorch,median_latency,False,8,8,train
11,Int8DynamicActivationInt8WeightConfig,int8,8,True,False,pytorch_quantized_median_latency,0.014393542000107118,pytorch,median_latency,False,8,8,train
12,Int8WeightOnlyConfig,int8,8,False,True,pytorch_quantized_p95_latency,0.0008093065511275198,pytorch,p95_latency,False,8,8,train
13,Float8WeightOnlyConfig,float8,8,False,True,pytorch_quantized_p95_latency,0.0008980261503893414,pytorch,p95_latency,False,8,8,train
14,Int8DynamicActivationInt8WeightConfig,int8,8,True,False,pytorch_quantized_p95_latency,0.01654238385008284,pytorch,p95_latency,False,8,8,train
15,Int8WeightOnlyConfig,int8,8,False,True,pytorch_quantized_p99_latency,0.0010430614992401385,pytorch,p99_latency,False,8,8,train
16,Float8WeightOnlyConfig,float8,8,False,True,pytorch_quantized_p99_latency,0.0012003813887531576,pytorch,p99_latency,False,8,8,train
17,Int8DynamicActivationInt8WeightConfig,int8,8,True,False,pytorch_quantized_p99_latency,0.017181973960105096,pytorch,p99_latency,False,8,8,train
18,Int8WeightOnlyConfig,int8,8,False,True,pytorch_relative_model_size,0.25,pytorch,model_size,True,8,8,train
19,Float8WeightOnlyConfig,float8,8,False,True,pytorch_relative_model_size,0.25,pytorch,model_size,True,8,8,train
20,Int8DynamicActivationInt8WeightConfig,int8,8,True,False,pytorch_relative_model_size,0.25,pytorch,model_size,True,8,8,train
21,Int8WeightOnlyConfig,int8,8,False,True,pytorch_relative_median_latency,2.576454407398932,pytorch,median_latency,True,8,8,train
22,Float8WeightOnlyConfig,float8,8,False,True,pytorch_relative_median_latency,2.750921573334431,pytorch,median_latency,True,8,8,train
23,Int8DynamicActivationInt8WeightConfig,int8,8,True,False,pytorch_relative_median_latency,52.637987954946,pytorch,median_latency,True,8,8,train
24,Int8WeightOnlyConfig,int8,8,False,True,pytorch_relative_p95_latency,2.418155378014664,pytorch,p95_latency,True,8,8,train
25,Float8WeightOnlyConfig,float8,8,False,True,pytorch_relative_p95_latency,2.683243774730825,pytorch,p95_latency,True,8,8,train
26,Int8DynamicActivationInt8WeightConfig,int8,8,True,False,pytorch_relative_p95_latency,49.42756785612348,pytorch,p95_latency,True,8,8,train
27,Int8WeightOnlyConfig,int8,8,False,True,pytorch_relative_p99_latency,2.39920665247123,pytorch,p99_latency,True,8,8,train
28,Float8WeightOnlyConfig,float8,8,False,True,pytorch_relative_p99_latency,2.7610673152994893,pytorch,p99_latency,True,8,8,train
29,Int8DynamicActivationInt8WeightConfig,int8,8,True,False,pytorch_relative_p99_latency,39.5212614574522,pytorch,p99_latency,True,8,8,train
0,Int8WeightOnlyConfig,int8,8,False,True,pytorch_quantized_MAE,7.326634311048018,pytorch,MAE,False,8,8,test
1,Float8WeightOnlyConfig,float8,8,False,True,pytorch_quantized_MAE,7.309560723721925,pytorch,MAE,False,8,8,test
2,Int8DynamicActivationInt8WeightConfig,int8,8,True,False,pytorch_quantized_MAE,7.319148597466082,pytorch,MAE,False,8,8,test
3,Int8WeightOnlyConfig,int8,8,False,True,pytorch_relative_MAE,1.0014647621790196,pytorch,MAE,True,8,8,test
4,Float8WeightOnlyConfig,float8,8,False,True,pytorch_relative_MAE,0.9991310035464528,pytorch,MAE,True,8,8,test
5,Int8DynamicActivationInt8WeightConfig,int8,8,True,False,pytorch_relative_MAE,1.0004415531509985,pytorch,MAE,True,8,8,test
6,Int8WeightOnlyConfig,int8,8,False,True,pytorch_quantized_model_size,206337.0,pytorch,model_size,False,8,8,test
7,Float8WeightOnlyConfig,float8,8,False,True,pytorch_quantized_model_size,206337.0,pytorch,model_size,False,8,8,test
8,Int8DynamicActivationInt8WeightConfig,int8,8,True,False,pytorch_quantized_model_size,206337.0,pytorch,model_size,False,8,8,test
9,Int8WeightOnlyConfig,int8,8,False,True,pytorch_quantized_median_latency,0.0006968669995330856,pytorch,median_latency,False,8,8,test
10,Float8WeightOnlyConfig,float8,8,False,True,pytorch_quantized_median_latency,0.0007814395003151731,pytorch,median_latency,False,8,8,test
11,Int8DynamicActivationInt8WeightConfig,int8,8,True,False,pytorch_quantized_median_latency,0.013423237999631965,pytorch,median_latency,False,8,8,test
12,Int8WeightOnlyConfig,int8,8,False,True,pytorch_quantized_p95_latency,0.0008182843997929012,pytorch,p95_latency,False,8,8,test
13,Float8WeightOnlyConfig,float8,8,False,True,pytorch_quantized_p95_latency,0.0008797338492513517,pytorch,p95_latency,False,8,8,test
14,Int8DynamicActivationInt8WeightConfig,int8,8,True,False,pytorch_quantized_p95_latency,0.0144519565003975,pytorch,p95_latency,False,8,8,test
15,Int8WeightOnlyConfig,int8,8,False,True,pytorch_quantized_p99_latency,0.0010042591107958286,pytorch,p99_latency,False,8,8,test
16,Float8WeightOnlyConfig,float8,8,False,True,pytorch_quantized_p99_latency,0.0010410920202411943,pytorch,p99_latency,False,8,8,test
17,Int8DynamicActivationInt8WeightConfig,int8,8,True,False,pytorch_quantized_p99_latency,0.014968082179748307,pytorch,p99_latency,False,8,8,test
18,Int8WeightOnlyConfig,int8,8,False,True,pytorch_relative_model_size,0.25,pytorch,model_size,True,8,8,test
19,Float8WeightOnlyConfig,float8,8,False,True,pytorch_relative_model_size,0.25,pytorch,model_size,True,8,8,test
20,Int8DynamicActivationInt8WeightConfig,int8,8,True,False,pytorch_relative_model_size,0.25,pytorch,model_size,True,8,8,test
21,Int8WeightOnlyConfig,int8,8,False,True,pytorch_relative_median_latency,2.576780138692048,pytorch,median_latency,True,8,8,test
22,Float8WeightOnlyConfig,float8,8,False,True,pytorch_relative_median_latency,2.889500844997289,pytorch,median_latency,True,8,8,test
23,Int8DynamicActivationInt8WeightConfig,int8,8,True,False,pytorch_relative_median_latency,49.634626259477265,pytorch,median_latency,True,8,8,test
24,Int8WeightOnlyConfig,int8,8,False,True,pytorch_relative_p95_latency,2.5339350305258885,pytorch,p95_latency,True,8,8,test
25,Float8WeightOnlyConfig,float8,8,False,True,pytorch_relative_p95_latency,2.724222065973107,pytorch,p95_latency,True,8,8,test
26,Int8DynamicActivationInt8WeightConfig,int8,8,True,False,pytorch_relative_p95_latency,44.752556501458116,pytorch,p95_latency,True,8,8,test
27,Int8WeightOnlyConfig,int8,8,False,True,pytorch_relative_p99_latency,2.577049051490316,pytorch,p99_latency,True,8,8,test
28,Float8WeightOnlyConfig,float8,8,False,True,pytorch_relative_p99_latency,2.671566704683015,pytorch,p99_latency,True,8,8,test
29,Int8DynamicActivationInt8WeightConfig,int8,8,True,False,pytorch_relative_p99_latency,38.40989000675512,pytorch,p99_latency,True,8,8,test
0,Int8WeightOnlyConfig,int8,8,False,True,pytorch_quantized_MAE,7.280385669566751,pytorch,MAE,False,8,9,train
1,Float8WeightOnlyConfig,float8,8,False,True,pytorch_quantized_MAE,7.268147322412704,pytorch,MAE,False,8,9,train
2,Int8DynamicActivationInt8WeightConfig,int8,8,True,False,pytorch_quantized_MAE,7.275480507528906,pytorch,MAE,False,8,9,train
3,Int8WeightOnlyConfig,int8,8,False,True,pytorch_relative_MAE,1.001257183859747,pytorch,MAE,True,8,9,train
4,Float8WeightOnlyConfig,float8,8,False,True,pytorch_relative_MAE,0.9995740679421683,pytorch,MAE,True,8,9,train
5,Int8DynamicActivationInt8WeightConfig,int8,8,True,False,pytorch_relative_MAE,1.000582586530526,pytorch,MAE,True,8,9,train
6,Int8WeightOnlyConfig,int8,8,False,True,pytorch_quantized_model_size,206337.0,pytorch,model_size,False,8,9,train
7,Float8WeightOnlyConfig,float8,8,False,True,pytorch_quantized_model_size,206337.0,pytorch,model_size,False,8,9,train
8,Int8DynamicActivationInt8WeightConfig,int8,8,True,False,pytorch_quantized_model_size,206337.0,pytorch,model_size,False,8,9,train
9,Int8WeightOnlyConfig,int8,8,False,True,pytorch_quantized_median_latency,0.0006940205003047595,pytorch,median_latency,False,8,9,train
10,Float8WeightOnlyConfig,float8,8,False,True,pytorch_quantized_median_latency,0.0007932429998618318,pytorch,median_latency,False,8,9,train
11,Int8DynamicActivationInt8WeightConfig,int8,8,True,False,pytorch_quantized_median_latency,0.014417969500755135,pytorch,median_latency,False,8,9,train
12,Int8WeightOnlyConfig,int8,8,False,True,pytorch_quantized_p95_latency,0.0007846323498597484,pytorch,p95_latency,False,8,9,train
13,Float8WeightOnlyConfig,float8,8,False,True,pytorch_quantized_p95_latency,0.0008838006001496979,pytorch,p95_latency,False,8,9,train
14,Int8DynamicActivationInt8WeightConfig,int8,8,True,False,pytorch_quantized_p95_latency,0.016977356100596804,pytorch,p95_latency,False,8,9,train
15,Int8WeightOnlyConfig,int8,8,False,True,pytorch_quantized_p99_latency,0.0010410713709097764,pytorch,p99_latency,False,8,9,train
16,Float8WeightOnlyConfig,float8,8,False,True,pytorch_quantized_p99_latency,0.0010052485001870082,pytorch,p99_latency,False,8,9,train
17,Int8DynamicActivationInt8WeightConfig,int8,8,True,False,pytorch_quantized_p99_latency,0.018690507619230627,pytorch,p99_latency,False,8,9,train
18,Int8WeightOnlyConfig,int8,8,False,True,pytorch_relative_model_size,0.25,pytorch,model_size,True,8,9,train
19,Float8WeightOnlyConfig,float8,8,False,True,pytorch_relative_model_size,0.25,pytorch,model_size,True,8,9,train
20,Int8DynamicActivationInt8WeightConfig,int8,8,True,False,pytorch_relative_model_size,0.25,pytorch,model_size,True,8,9,train
21,Int8WeightOnlyConfig,int8,8,False,True,pytorch_relative_median_latency,2.4586244109182886,pytorch,median_latency,True,8,9,train
22,Float8WeightOnlyConfig,float8,8,False,True,pytorch_relative_median_latency,2.810128234531889,pytorch,median_latency,True,8,9,train
23,Int8DynamicActivationInt8WeightConfig,int8,8,True,False,pytorch_relative_median_latency,51.07683671428408,pytorch,median_latency,True,8,9,train
24,Int8WeightOnlyConfig,int8,8,False,True,pytorch_relative_p95_latency,2.3054343930644188,pytorch,p95_latency,True,8,9,train
25,Float8WeightOnlyConfig,float8,8,False,True,pytorch_relative_p95_latency,2.5968140372497963,pytorch,p95_latency,True,8,9,train
26,Int8DynamicActivationInt8WeightConfig,int8,8,True,False,pytorch_relative_p95_latency,49.883465376636764,pytorch,p95_latency,True,8,9,train
27,Int8WeightOnlyConfig,int8,8,False,True,pytorch_relative_p99_latency,2.375387947789826,pytorch,p99_latency,True,8,9,train
28,Float8WeightOnlyConfig,float8,8,False,True,pytorch_relative_p99_latency,2.2936517501113376,pytorch,p99_latency,True,8,9,train
29,Int8DynamicActivationInt8WeightConfig,int8,8,True,False,pytorch_relative_p99_latency,42.64568960146921,pytorch,p99_latency,True,8,9,train
0,Int8WeightOnlyConfig,int8,8,False,True,pytorch_quantized_MAE,7.386273331162173,pytorch,MAE,False,8,9,test
1,Float8WeightOnlyConfig,float8,8,False,True,pytorch_quantized_MAE,7.3733494741560035,pytorch,MAE,False,8,9,test
2,Int8DynamicActivationInt8WeightConfig,int8,8,True,False,pytorch_quantized_MAE,7.3784090582200745,pytorch,MAE,False,8,9,test
3,Int8WeightOnlyConfig,int8,8,False,True,pytorch_relative_MAE,1.001331350726012,pytorch,MAE,True,8,9,test
4,Float8WeightOnlyConfig,float8,8,False,True,pytorch_relative_MAE,0.9995793084426619,pytorch,MAE,True,8,9,test
5,Int8DynamicActivationInt8WeightConfig,int8,8,True,False,pytorch_relative_MAE,1.0002652186327998,pytorch,MAE,True,8,9,test
6,Int8WeightOnlyConfig,int8,8,False,True,pytorch_quantized_model_size,206337.0,pytorch,model_size,False,8,9,test
7,Float8WeightOnlyConfig,float8,8,False,True,pytorch_quantized_model_size,206337.0,pytorch,model_size,False,8,9,test
8,Int8DynamicActivationInt8WeightConfig,int8,8,True,False,pytorch_quantized_model_size,206337.0,pytorch,model_size,False,8,9,test
9,Int8WeightOnlyConfig,int8,8,False,True,pytorch_quantized_median_latency,0.0006803465003031306,pytorch,median_latency,False,8,9,test
10,Float8WeightOnlyConfig,float8,8,False,True,pytorch_quantized_median_latency,0.0007817775003786664,pytorch,median_latency,False,8,9,test
11,Int8DynamicActivationInt8WeightConfig,int8,8,True,False,pytorch_quantized_median_latency,0.013095786000121734,pytorch,median_latency,False,8,9,test
12,Int8WeightOnlyConfig,int8,8,False,True,pytorch_quantized_p95_latency,0.0007615311506924627,pytorch,p95_latency,False,8,9,test
13,Float8WeightOnlyConfig,float8,8,False,True,pytorch_quantized_p95_latency,0.0008810244997221161,pytorch,p95_latency,False,8,9,test
14,Int8DynamicActivationInt8WeightConfig,int8,8,True,False,pytorch_quantized_p95_latency,0.014134679798917204,pytorch,p95_latency,False,8,9,test
15,Int8WeightOnlyConfig,int8,8,False,True,pytorch_quantized_p99_latency,0.0008634946697566189,pytorch,p99_latency,False,8,9,test
16,Float8WeightOnlyConfig,float8,8,False,True,pytorch_quantized_p99_latency,0.0010144216600565413,pytorch,p99_latency,False,8,9,test
17,Int8DynamicActivationInt8WeightConfig,int8,8,True,False,pytorch_quantized_p99_latency,0.014644668349610583,pytorch,p99_latency,False,8,9,test
18,Int8WeightOnlyConfig,int8,8,False,True,pytorch_relative_model_size,0.25,pytorch,model_size,True,8,9,test
19,Float8WeightOnlyConfig,float8,8,False,True,pytorch_relative_model_size,0.25,pytorch,model_size,True,8,9,test
20,Int8DynamicActivationInt8WeightConfig,int8,8,True,False,pytorch_relative_model_size,0.25,pytorch,model_size,True,8,9,test
21,Int8WeightOnlyConfig,int8,8,False,True,pytorch_relative_median_latency,2.485411126667727,pytorch,median_latency,True,8,9,test
22,Float8WeightOnlyConfig,float8,8,False,True,pytorch_relative_median_latency,2.85595427793616,pytorch,median_latency,True,8,9,test
23,Int8DynamicActivationInt8WeightConfig,int8,8,True,False,pytorch_relative_median_latency,47.840934321937354,pytorch,median_latency,True,8,9,test
24,Int8WeightOnlyConfig,int8,8,False,True,pytorch_relative_p95_latency,2.302270284996391,pytorch,p95_latency,True,8,9,test
25,Float8WeightOnlyConfig,float8,8,False,True,pytorch_relative_p95_latency,2.663524038668212,pytorch,p95_latency,True,8,9,test
26,Int8DynamicActivationInt8WeightConfig,int8,8,True,False,pytorch_relative_p95_latency,42.732136773913226,pytorch,p95_latency,True,8,9,test
27,Int8WeightOnlyConfig,int8,8,False,True,pytorch_relative_p99_latency,2.096224433792673,pytorch,p99_latency,True,8,9,test
28,Float8WeightOnlyConfig,float8,8,False,True,pytorch_relative_p99_latency,2.4626156297854167,pytorch,p99_latency,True,8,9,test
29,Int8DynamicActivationInt8WeightConfig,int8,8,True,False,pytorch_relative_p99_latency,35.551477842818045,pytorch,p99_latency,True,8,9,test
0,Int8WeightOnlyConfig,int8,8,False,True,pytorch_quantized_MAE,7.271804153866662,pytorch,MAE,False,8,10,train
1,Float8WeightOnlyConfig,float8,8,False,True,pytorch_quantized_MAE,7.258031209010897,pytorch,MAE,False,8,10,train
2,Int8DynamicActivationInt8WeightConfig,int8,8,True,False,pytorch_quantized_MAE,7.265948427844024,pytorch,MAE,False,8,10,train
3,Int8WeightOnlyConfig,int8,8,False,True,pytorch_relative_MAE,1.0012822979861273,pytorch,MAE,True,8,10,train
4,Float8WeightOnlyConfig,float8,8,False,True,pytorch_relative_MAE,0.9993858489642042,pytorch,MAE,True,8,10,train
5,Int8DynamicActivationInt8WeightConfig,int8,8,True,False,pytorch_relative_MAE,1.0004760008576208,pytorch,MAE,True,8,10,train
6,Int8WeightOnlyConfig,int8,8,False,True,pytorch_quantized_model_size,206337.0,pytorch,model_size,False,8,10,train
7,Float8WeightOnlyConfig,float8,8,False,True,pytorch_quantized_model_size,206337.0,pytorch,model_size,False,8,10,train
8,Int8DynamicActivationInt8WeightConfig,int8,8,True,False,pytorch_quantized_model_size,206337.0,pytorch,model_size,False,8,10,train
9,Int8WeightOnlyConfig,int8,8,False,True,pytorch_quantized_median_latency,0.0007044034991849912,pytorch,median_latency,False,8,10,train
10,Float8WeightOnlyConfig,float8,8,False,True,pytorch_quantized_median_latency,0.0007866870000725612,pytorch,median_latency,False,8,10,train
11,Int8DynamicActivationInt8WeightConfig,int8,8,True,False,pytorch_quantized_median_latency,0.014056718498977716,pytorch,median_latency,False,8,10,train
12,Int8WeightOnlyConfig,int8,8,False,True,pytorch_quantized_p95_latency,0.0008024262977414763,pytorch,p95_latency,False,8,10,train
13,Float8WeightOnlyConfig,float8,8,False,True,pytorch_quantized_p95_latency,0.0008943493510741973,pytorch,p95_latency,False,8,10,train
14,Int8DynamicActivationInt8WeightConfig,int8,8,True,False,pytorch_quantized_p95_latency,0.01659748335041513,pytorch,p95_latency,False,8,10,train
15,Int8WeightOnlyConfig,int8,8,False,True,pytorch_quantized_p99_latency,0.0010024125397831082,pytorch,p99_latency,False,8,10,train
16,Float8WeightOnlyConfig,float8,8,False,True,pytorch_quantized_p99_latency,0.0009900194321380694,pytorch,p99_latency,False,8,10,train
17,Int8DynamicActivationInt8WeightConfig,int8,8,True,False,pytorch_quantized_p99_latency,0.017144333729120262,pytorch,p99_latency,False,8,10,train
18,Int8WeightOnlyConfig,int8,8,False,True,pytorch_relative_model_size,0.25,pytorch,model_size,True,8,10,train
19,Float8WeightOnlyConfig,float8,8,False,True,pytorch_relative_model_size,0.25,pytorch,model_size,True,8,10,train
20,Int8DynamicActivationInt8WeightConfig,int8,8,True,False,pytorch_relative_model_size,0.25,pytorch,model_size,True,8,10,train
21,Int8WeightOnlyConfig,int8,8,False,True,pytorch_relative_median_latency,2.493790341615282,pytorch,median_latency,True,8,10,train
22,Float8WeightOnlyConfig,float8,8,False,True,pytorch_relative_median_latency,2.785097525672619,pytorch,median_latency,True,8,10,train
23,Int8DynamicActivationInt8WeightConfig,int8,8,True,False,pytorch_relative_median_latency,49.764813587828925,pytorch,median_latency,True,8,10,train
24,Int8WeightOnlyConfig,int8,8,False,True,pytorch_relative_p95_latency,2.3531832026653494,pytorch,p95_latency,True,8,10,train
25,Float8WeightOnlyConfig,float8,8,False,True,pytorch_relative_p95_latency,2.6227553560819374,pytorch,p95_latency,True,8,10,train
26,Int8DynamicActivationInt8WeightConfig,int8,8,True,False,pytorch_relative_p95_latency,48.67352819398493,pytorch,p95_latency,True,8,10,train
27,Int8WeightOnlyConfig,int8,8,False,True,pytorch_relative_p99_latency,2.3544835505806856,pytorch,p99_latency,True,8,10,train
28,Float8WeightOnlyConfig,float8,8,False,True,pytorch_relative_p99_latency,2.3253744094508937,pytorch,p99_latency,True,8,10,train
29,Int8DynamicActivationInt8WeightConfig,int8,8,True,False,pytorch_relative_p99_latency,40.268901424171396,pytorch,p99_latency,True,8,10,train
0,Int8WeightOnlyConfig,int8,8,False,True,pytorch_quantized_MAE,7.253566551746788,pytorch,MAE,False,8,10,test
1,Float8WeightOnlyConfig,float8,8,False,True,pytorch_quantized_MAE,7.238808736863948,pytorch,MAE,False,8,10,test
2,Int8DynamicActivationInt8WeightConfig,int8,8,True,False,pytorch_quantized_MAE,7.24906779636444,pytorch,MAE,False,8,10,test
3,Int8WeightOnlyConfig,int8,8,False,True,pytorch_relative_MAE,1.0013912157923273,pytorch,MAE,True,8,10,test
4,Float8WeightOnlyConfig,float8,8,False,True,pytorch_relative_MAE,0.9993538254847404,pytorch,MAE,True,8,10,test
5,Int8DynamicActivationInt8WeightConfig,int8,8,True,False,pytorch_relative_MAE,1.0007701400649947,pytorch,MAE,True,8,10,test
6,Int8WeightOnlyConfig,int8,8,False,True,pytorch_quantized_model_size,206337.0,pytorch,model_size,False,8,10,test
7,Float8WeightOnlyConfig,float8,8,False,True,pytorch_quantized_model_size,206337.0,pytorch,model_size,False,8,10,test
8,Int8DynamicActivationInt8WeightConfig,int8,8,True,False,pytorch_quantized_model_size,206337.0,pytorch,model_size,False,8,10,test
9,Int8WeightOnlyConfig,int8,8,False,True,pytorch_quantized_median_latency,0.0006797579990234226,pytorch,median_latency,False,8,10,test
10,Float8WeightOnlyConfig,float8,8,False,True,pytorch_quantized_median_latency,0.0007666530000278726,pytorch,median_latency,False,8,10,test
11,Int8DynamicActivationInt8WeightConfig,int8,8,True,False,pytorch_quantized_median_latency,0.013251368000055663,pytorch,median_latency,False,8,10,test
12,Int8WeightOnlyConfig,int8,8,False,True,pytorch_quantized_p95_latency,0.0007796333984515513,pytorch,p95_latency,False,8,10,test
13,Float8WeightOnlyConfig,float8,8,False,True,pytorch_quantized_p95_latency,0.0008611489507529765,pytorch,p95_latency,False,8,10,test
14,Int8DynamicActivationInt8WeightConfig,int8,8,True,False,pytorch_quantized_p95_latency,0.014822351700058788,pytorch,p95_latency,False,8,10,test
15,Int8WeightOnlyConfig,int8,8,False,True,pytorch_quantized_p99_latency,0.0009573967594042187,pytorch,p99_latency,False,8,10,test
16,Float8WeightOnlyConfig,float8,8,False,True,pytorch_quantized_p99_latency,0.0009365901213095636,pytorch,p99_latency,False,8,10,test
17,Int8DynamicActivationInt8WeightConfig,int8,8,True,False,pytorch_quantized_p99_latency,0.01564074956175318,pytorch,p99_latency,False,8,10,test
18,Int8WeightOnlyConfig,int8,8,False,True,pytorch_relative_model_size,0.25,pytorch,model_size,True,8,10,test
19,Float8WeightOnlyConfig,float8,8,False,True,pytorch_relative_model_size,0.25,pytorch,model_size,True,8,10,test
20,Int8DynamicActivationInt8WeightConfig,int8,8,True,False,pytorch_relative_model_size,0.25,pytorch,model_size,True,8,10,test
21,Int8WeightOnlyConfig,int8,8,False,True,pytorch_relative_median_latency,2.4854085657199083,pytorch,median_latency,True,8,10,test
22,Float8WeightOnlyConfig,float8,8,False,True,pytorch_relative_median_latency,2.8031239587347367,pytorch,median_latency,True,8,10,test
23,Int8DynamicActivationInt8WeightConfig,int8,8,True,False,pytorch_relative_median_latency,48.4511599453943,pytorch,median_latency,True,8,10,test
24,Int8WeightOnlyConfig,int8,8,False,True,pytorch_relative_p95_latency,2.345545113428335,pytorch,p95_latency,True,8,10,test
25,Float8WeightOnlyConfig,float8,8,False,True,pytorch_relative_p95_latency,2.590786538114301,pytorch,p95_latency,True,8,10,test
26,Int8DynamicActivationInt8WeightConfig,int8,8,True,False,pytorch_relative_p95_latency,44.59338795469722,pytorch,p95_latency,True,8,10,test
27,Int8WeightOnlyConfig,int8,8,False,True,pytorch_relative_p99_latency,2.258628673576875,pytorch,p99_latency,True,8,10,test
28,Float8WeightOnlyConfig,float8,8,False,True,pytorch_relative_p99_latency,2.2095429952102914,pytorch,p99_latency,True,8,10,test
29,Int8DynamicActivationInt8WeightConfig,int8,8,True,False,pytorch_relative_p99_latency,36.8986473887735,pytorch,p99_latency,True,8,10,test
0,Int8WeightOnlyConfig,int8,8,False,True,pytorch_quantized_MAE,7.309587427172583,pytorch,MAE,False,9,1,train
1,Float8WeightOnlyConfig,float8,8,False,True,pytorch_quantized_MAE,7.298030922115883,pytorch,MAE,False,9,1,train
2,Int8DynamicActivationInt8WeightConfig,int8,8,True,False,pytorch_quantized_MAE,7.304033131078328,pytorch,MAE,False,9,1,train
3,Int8WeightOnlyConfig,int8,8,False,True,pytorch_relative_MAE,1.0012817881716878,pytorch,MAE,True,9,1,train
4,Float8WeightOnlyConfig,float8,8,False,True,pytorch_relative_MAE,0.9996987551806366,pytorch,MAE,True,9,1,train
5,Int8DynamicActivationInt8WeightConfig,int8,8,True,False,pytorch_relative_MAE,1.0005209496728396,pytorch,MAE,True,9,1,train
6,Int8WeightOnlyConfig,int8,8,False,True,pytorch_quantized_model_size,206337.0,pytorch,model_size,False,9,1,train
7,Float8WeightOnlyConfig,float8,8,False,True,pytorch_quantized_model_size,206337.0,pytorch,model_size,False,9,1,train
8,Int8DynamicActivationInt8WeightConfig,int8,8,True,False,pytorch_quantized_model_size,206337.0,pytorch,model_size,False,9,1,train
9,Int8WeightOnlyConfig,int8,8,False,True,pytorch_quantized_median_latency,0.0006413709998014383,pytorch,median_latency,False,9,1,train
10,Float8WeightOnlyConfig,float8,8,False,True,pytorch_quantized_median_latency,0.0007434689996443922,pytorch,median_latency,False,9,1,train
11,Int8DynamicActivationInt8WeightConfig,int8,8,True,False,pytorch_quantized_median_latency,0.014748688001418486,pytorch,median_latency,False,9,1,train
12,Int8WeightOnlyConfig,int8,8,False,True,pytorch_quantized_p95_latency,0.0006985477522903238,pytorch,p95_latency,False,9,1,train
13,Float8WeightOnlyConfig,float8,8,False,True,pytorch_quantized_p95_latency,0.0008976113493190495,pytorch,p95_latency,False,9,1,train
14,Int8DynamicActivationInt8WeightConfig,int8,8,True,False,pytorch_quantized_p95_latency,0.01672495555012574,pytorch,p95_latency,False,9,1,train
15,Int8WeightOnlyConfig,int8,8,False,True,pytorch_quantized_p99_latency,0.0008176590990842669,pytorch,p99_latency,False,9,1,train
16,Float8WeightOnlyConfig,float8,8,False,True,pytorch_quantized_p99_latency,0.0009962578903650865,pytorch,p99_latency,False,9,1,train
17,Int8DynamicActivationInt8WeightConfig,int8,8,True,False,pytorch_quantized_p99_latency,0.017122745028718783,pytorch,p99_latency,False,9,1,train
18,Int8WeightOnlyConfig,int8,8,False,True,pytorch_relative_model_size,0.25,pytorch,model_size,True,9,1,train
19,Float8WeightOnlyConfig,float8,8,False,True,pytorch_relative_model_size,0.25,pytorch,model_size,True,9,1,train
20,Int8DynamicActivationInt8WeightConfig,int8,8,True,False,pytorch_relative_model_size,0.25,pytorch,model_size,True,9,1,train
21,Int8WeightOnlyConfig,int8,8,False,True,pytorch_relative_median_latency,1.9915014233267025,pytorch,median_latency,True,9,1,train
22,Float8WeightOnlyConfig,float8,8,False,True,pytorch_relative_median_latency,2.3085227917219067,pytorch,median_latency,True,9,1,train
23,Int8DynamicActivationInt8WeightConfig,int8,8,True,False,pytorch_relative_median_latency,45.79569883284347,pytorch,median_latency,True,9,1,train
24,Int8WeightOnlyConfig,int8,8,False,True,pytorch_relative_p95_latency,1.9934289897230386,pytorch,p95_latency,True,9,1,train
25,Float8WeightOnlyConfig,float8,8,False,True,pytorch_relative_p95_latency,2.5614920087715696,pytorch,p95_latency,True,9,1,train
26,Int8DynamicActivationInt8WeightConfig,int8,8,True,False,pytorch_relative_p95_latency,47.72760507229207,pytorch,p95_latency,True,9,1,train
27,Int8WeightOnlyConfig,int8,8,False,True,pytorch_relative_p99_latency,2.009479911655466,pytorch,p99_latency,True,9,1,train
28,Float8WeightOnlyConfig,float8,8,False,True,pytorch_relative_p99_latency,2.4484044998202554,pytorch,p99_latency,True,9,1,train
29,Int8DynamicActivationInt8WeightConfig,int8,8,True,False,pytorch_relative_p99_latency,42.08087723373193,pytorch,p99_latency,True,9,1,train
0,Int8WeightOnlyConfig,int8,8,False,True,pytorch_quantized_MAE,7.419668242489518,pytorch,MAE,False,9,1,test
1,Float8WeightOnlyConfig,float8,8,False,True,pytorch_quantized_MAE,7.41034683414147,pytorch,MAE,False,9,1,test
2,Int8DynamicActivationInt8WeightConfig,int8,8,True,False,pytorch_quantized_MAE,7.413829961365837,pytorch,MAE,False,9,1,test
3,Int8WeightOnlyConfig,int8,8,False,True,pytorch_relative_MAE,1.0013042059336554,pytorch,MAE,True,9,1,test
4,Float8WeightOnlyConfig,float8,8,False,True,pytorch_relative_MAE,1.0000462567802584,pytorch,MAE,True,9,1,test
5,Int8DynamicActivationInt8WeightConfig,int8,8,True,False,pytorch_relative_MAE,1.0005163141771092,pytorch,MAE,True,9,1,test
6,Int8WeightOnlyConfig,int8,8,False,True,pytorch_quantized_model_size,206337.0,pytorch,model_size,False,9,1,test
7,Float8WeightOnlyConfig,float8,8,False,True,pytorch_quantized_model_size,206337.0,pytorch,model_size,False,9,1,test
8,Int8DynamicActivationInt8WeightConfig,int8,8,True,False,pytorch_quantized_model_size,206337.0,pytorch,model_size,False,9,1,test
9,Int8WeightOnlyConfig,int8,8,False,True,pytorch_quantized_median_latency,0.0006566294996446231,pytorch,median_latency,False,9,1,test
10,Float8WeightOnlyConfig,float8,8,False,True,pytorch_quantized_median_latency,0.0007482550008717226,pytorch,median_latency,False,9,1,test
11,Int8DynamicActivationInt8WeightConfig,int8,8,True,False,pytorch_quantized_median_latency,0.013122185500833439,pytorch,median_latency,False,9,1,test
12,Int8WeightOnlyConfig,int8,8,False,True,pytorch_quantized_p95_latency,0.0007389702506770845,pytorch,p95_latency,False,9,1,test
13,Float8WeightOnlyConfig,float8,8,False,True,pytorch_quantized_p95_latency,0.0008409761490838718,pytorch,p95_latency,False,9,1,test
14,Int8DynamicActivationInt8WeightConfig,int8,8,True,False,pytorch_quantized_p95_latency,0.014251449752191546,pytorch,p95_latency,False,9,1,test
15,Int8WeightOnlyConfig,int8,8,False,True,pytorch_quantized_p99_latency,0.000978656478182529,pytorch,p99_latency,False,9,1,test
16,Float8WeightOnlyConfig,float8,8,False,True,pytorch_quantized_p99_latency,0.0009934126785447004,pytorch,p99_latency,False,9,1,test
17,Int8DynamicActivationInt8WeightConfig,int8,8,True,False,pytorch_quantized_p99_latency,0.015401006699867138,pytorch,p99_latency,False,9,1,test
18,Int8WeightOnlyConfig,int8,8,False,True,pytorch_relative_model_size,0.25,pytorch,model_size,True,9,1,test
19,Float8WeightOnlyConfig,float8,8,False,True,pytorch_relative_model_size,0.25,pytorch,model_size,True,9,1,test
20,Int8DynamicActivationInt8WeightConfig,int8,8,True,False,pytorch_relative_model_size,0.25,pytorch,model_size,True,9,1,test
21,Int8WeightOnlyConfig,int8,8,False,True,pytorch_relative_median_latency,2.6039831130935114,pytorch,median_latency,True,9,1,test
22,Float8WeightOnlyConfig,float8,8,False,True,pytorch_relative_median_latency,2.967340619957313,pytorch,median_latency,True,9,1,test
23,Int8DynamicActivationInt8WeightConfig,int8,8,True,False,pytorch_relative_median_latency,52.03840136567736,pytorch,median_latency,True,9,1,test
24,Int8WeightOnlyConfig,int8,8,False,True,pytorch_relative_p95_latency,2.3582676712890462,pytorch,p95_latency,True,9,1,test
25,Float8WeightOnlyConfig,float8,8,False,True,pytorch_relative_p95_latency,2.6837979781899124,pytorch,p95_latency,True,9,1,test
26,Int8DynamicActivationInt8WeightConfig,int8,8,True,False,pytorch_relative_p95_latency,45.48049557989577,pytorch,p95_latency,True,9,1,test
27,Int8WeightOnlyConfig,int8,8,False,True,pytorch_relative_p99_latency,2.46071586370018,pytorch,p99_latency,True,9,1,test
28,Float8WeightOnlyConfig,float8,8,False,True,pytorch_relative_p99_latency,2.4978185827120303,pytorch,p99_latency,True,9,1,test
29,Int8DynamicActivationInt8WeightConfig,int8,8,True,False,pytorch_relative_p99_latency,38.724008217567395,pytorch,p99_latency,True,9,1,test
0,Int8WeightOnlyConfig,int8,8,False,True,pytorch_quantized_MAE,7.222821968109559,pytorch,MAE,False,9,2,train
1,Float8WeightOnlyConfig,float8,8,False,True,pytorch_quantized_MAE,7.210259224356436,pytorch,MAE,False,9,2,train
2,Int8DynamicActivationInt8WeightConfig,int8,8,True,False,pytorch_quantized_MAE,7.217041557410233,pytorch,MAE,False,9,2,train
3,Int8WeightOnlyConfig,int8,8,False,True,pytorch_relative_MAE,1.001242759460161,pytorch,MAE,True,9,2,train
4,Float8WeightOnlyConfig,float8,8,False,True,pytorch_relative_MAE,0.9995012855214006,pytorch,MAE,True,9,2,train
5,Int8DynamicActivationInt8WeightConfig,int8,8,True,False,pytorch_relative_MAE,1.0004414667819028,pytorch,MAE,True,9,2,train
6,Int8WeightOnlyConfig,int8,8,False,True,pytorch_quantized_model_size,206337.0,pytorch,model_size,False,9,2,train
7,Float8WeightOnlyConfig,float8,8,False,True,pytorch_quantized_model_size,206337.0,pytorch,model_size,False,9,2,train
8,Int8DynamicActivationInt8WeightConfig,int8,8,True,False,pytorch_quantized_model_size,206337.0,pytorch,model_size,False,9,2,train
9,Int8WeightOnlyConfig,int8,8,False,True,pytorch_quantized_median_latency,0.000692268999046064,pytorch,median_latency,False,9,2,train
10,Float8WeightOnlyConfig,float8,8,False,True,pytorch_quantized_median_latency,0.0007832289993530139,pytorch,median_latency,False,9,2,train
11,Int8DynamicActivationInt8WeightConfig,int8,8,True,False,pytorch_quantized_median_latency,0.01330437999968126,pytorch,median_latency,False,9,2,train
12,Int8WeightOnlyConfig,int8,8,False,True,pytorch_quantized_p95_latency,0.0007751905019176773,pytorch,p95_latency,False,9,2,train
13,Float8WeightOnlyConfig,float8,8,False,True,pytorch_quantized_p95_latency,0.0009104839498832005,pytorch,p95_latency,False,9,2,train
14,Int8DynamicActivationInt8WeightConfig,int8,8,True,False,pytorch_quantized_p95_latency,0.015189028450186014,pytorch,p95_latency,False,9,2,train
15,Int8WeightOnlyConfig,int8,8,False,True,pytorch_quantized_p99_latency,0.001014739232705324,pytorch,p99_latency,False,9,2,train
16,Float8WeightOnlyConfig,float8,8,False,True,pytorch_quantized_p99_latency,0.0010046648105708298,pytorch,p99_latency,False,9,2,train
17,Int8DynamicActivationInt8WeightConfig,int8,8,True,False,pytorch_quantized_p99_latency,0.016445753660846087,pytorch,p99_latency,False,9,2,train
18,Int8WeightOnlyConfig,int8,8,False,True,pytorch_relative_model_size,0.25,pytorch,model_size,True,9,2,train
19,Float8WeightOnlyConfig,float8,8,False,True,pytorch_relative_model_size,0.25,pytorch,model_size,True,9,2,train
20,Int8DynamicActivationInt8WeightConfig,int8,8,True,False,pytorch_relative_model_size,0.25,pytorch,model_size,True,9,2,train
21,Int8WeightOnlyConfig,int8,8,False,True,pytorch_relative_median_latency,2.5098351421744773,pytorch,median_latency,True,9,2,train
22,Float8WeightOnlyConfig,float8,8,False,True,pytorch_relative_median_latency,2.8396124478420295,pytorch,median_latency,True,9,2,train
23,Int8DynamicActivationInt8WeightConfig,int8,8,True,False,pytorch_relative_median_latency,48.23529655965625,pytorch,median_latency,True,9,2,train
24,Int8WeightOnlyConfig,int8,8,False,True,pytorch_relative_p95_latency,2.2980867499034776,pytorch,p95_latency,True,9,2,train
25,Float8WeightOnlyConfig,float8,8,False,True,pytorch_relative_p95_latency,2.6991701988739902,pytorch,p95_latency,True,9,2,train
26,Int8DynamicActivationInt8WeightConfig,int8,8,True,False,pytorch_relative_p95_latency,45.02855096770304,pytorch,p95_latency,True,9,2,train
27,Int8WeightOnlyConfig,int8,8,False,True,pytorch_relative_p99_latency,2.2340912413670373,pytorch,p99_latency,True,9,2,train
28,Float8WeightOnlyConfig,float8,8,False,True,pytorch_relative_p99_latency,2.2119109831025545,pytorch,p99_latency,True,9,2,train
29,Int8DynamicActivationInt8WeightConfig,int8,8,True,False,pytorch_relative_p99_latency,36.20764135966512,pytorch,p99_latency,True,9,2,train
0,Int8WeightOnlyConfig,int8,8,False,True,pytorch_quantized_MAE,7.486589616576345,pytorch,MAE,False,9,2,test
1,Float8WeightOnlyConfig,float8,8,False,True,pytorch_quantized_MAE,7.472933520714517,pytorch,MAE,False,9,2,test
2,Int8DynamicActivationInt8WeightConfig,int8,8,True,False,pytorch_quantized_MAE,7.480840849853975,pytorch,MAE,False,9,2,test
3,Int8WeightOnlyConfig,int8,8,False,True,pytorch_relative_MAE,1.0011384482894201,pytorch,MAE,True,9,2,test
4,Float8WeightOnlyConfig,float8,8,False,True,pytorch_relative_MAE,0.999312297355418,pytorch,MAE,True,9,2,test
5,Int8DynamicActivationInt8WeightConfig,int8,8,True,False,pytorch_relative_MAE,1.000369698873362,pytorch,MAE,True,9,2,test
6,Int8WeightOnlyConfig,int8,8,False,True,pytorch_quantized_model_size,206337.0,pytorch,model_size,False,9,2,test
7,Float8WeightOnlyConfig,float8,8,False,True,pytorch_quantized_model_size,206337.0,pytorch,model_size,False,9,2,test
8,Int8DynamicActivationInt8WeightConfig,int8,8,True,False,pytorch_quantized_model_size,206337.0,pytorch,model_size,False,9,2,test
9,Int8WeightOnlyConfig,int8,8,False,True,pytorch_quantized_median_latency,0.0006810639988543699,pytorch,median_latency,False,9,2,test
10,Float8WeightOnlyConfig,float8,8,False,True,pytorch_quantized_median_latency,0.0007874750008340925,pytorch,median_latency,False,9,2,test
11,Int8DynamicActivationInt8WeightConfig,int8,8,True,False,pytorch_quantized_median_latency,0.013335226500203134,pytorch,median_latency,False,9,2,test
12,Int8WeightOnlyConfig,int8,8,False,True,pytorch_quantized_p95_latency,0.0007634163985130726,pytorch,p95_latency,False,9,2,test
13,Float8WeightOnlyConfig,float8,8,False,True,pytorch_quantized_p95_latency,0.00089152640211978,pytorch,p95_latency,False,9,2,test
14,Int8DynamicActivationInt8WeightConfig,int8,8,True,False,pytorch_quantized_p95_latency,0.014241195147405959,pytorch,p95_latency,False,9,2,test
15,Int8WeightOnlyConfig,int8,8,False,True,pytorch_quantized_p99_latency,0.0009086108702467753,pytorch,p99_latency,False,9,2,test
16,Float8WeightOnlyConfig,float8,8,False,True,pytorch_quantized_p99_latency,0.0009558373107574873,pytorch,p99_latency,False,9,2,test
17,Int8DynamicActivationInt8WeightConfig,int8,8,True,False,pytorch_quantized_p99_latency,0.01481351938120497,pytorch,p99_latency,False,9,2,test
18,Int8WeightOnlyConfig,int8,8,False,True,pytorch_relative_model_size,0.25,pytorch,model_size,True,9,2,test
19,Float8WeightOnlyConfig,float8,8,False,True,pytorch_relative_model_size,0.25,pytorch,model_size,True,9,2,test
20,Int8DynamicActivationInt8WeightConfig,int8,8,True,False,pytorch_relative_model_size,0.25,pytorch,model_size,True,9,2,test
21,Int8WeightOnlyConfig,int8,8,False,True,pytorch_relative_median_latency,2.4893963846825966,pytorch,median_latency,True,9,2,test
22,Float8WeightOnlyConfig,float8,8,False,True,pytorch_relative_median_latency,2.878345388101315,pytorch,median_latency,True,9,2,test
23,Int8DynamicActivationInt8WeightConfig,int8,8,True,False,pytorch_relative_median_latency,48.742357097673576,pytorch,median_latency,True,9,2,test
24,Int8WeightOnlyConfig,int8,8,False,True,pytorch_relative_p95_latency,2.281990796943551,pytorch,p95_latency,True,9,2,test
25,Float8WeightOnlyConfig,float8,8,False,True,pytorch_relative_p95_latency,2.6649349540199796,pytorch,p95_latency,True,9,2,test
26,Int8DynamicActivationInt8WeightConfig,int8,8,True,False,pytorch_relative_p95_latency,42.56952867027137,pytorch,p95_latency,True,9,2,test
27,Int8WeightOnlyConfig,int8,8,False,True,pytorch_relative_p99_latency,2.2743748590809023,pytorch,p99_latency,True,9,2,test
28,Float8WeightOnlyConfig,float8,8,False,True,pytorch_relative_p99_latency,2.3925889730637904,pytorch,p99_latency,True,9,2,test
29,Int8DynamicActivationInt8WeightConfig,int8,8,True,False,pytorch_relative_p99_latency,37.08022560413545,pytorch,p99_latency,True,9,2,test
0,Int8WeightOnlyConfig,int8,8,False,True,pytorch_quantized_MAE,7.290879593850808,pytorch,MAE,False,9,3,train
1,Float8WeightOnlyConfig,float8,8,False,True,pytorch_quantized_MAE,7.277395097605731,pytorch,MAE,False,9,3,train
2,Int8DynamicActivationInt8WeightConfig,int8,8,True,False,pytorch_quantized_MAE,7.284011210232533,pytorch,MAE,False,9,3,train
3,Int8WeightOnlyConfig,int8,8,False,True,pytorch_relative_MAE,1.0013354584919316,pytorch,MAE,True,9,3,train
4,Float8WeightOnlyConfig,float8,8,False,True,pytorch_relative_MAE,0.9994834865787643,pytorch,MAE,True,9,3,train
5,Int8DynamicActivationInt8WeightConfig,int8,8,True,False,pytorch_relative_MAE,1.000392148981608,pytorch,MAE,True,9,3,train
6,Int8WeightOnlyConfig,int8,8,False,True,pytorch_quantized_model_size,206337.0,pytorch,model_size,False,9,3,train
7,Float8WeightOnlyConfig,float8,8,False,True,pytorch_quantized_model_size,206337.0,pytorch,model_size,False,9,3,train
8,Int8DynamicActivationInt8WeightConfig,int8,8,True,False,pytorch_quantized_model_size,206337.0,pytorch,model_size,False,9,3,train
9,Int8WeightOnlyConfig,int8,8,False,True,pytorch_quantized_median_latency,0.0006657220019405941,pytorch,median_latency,False,9,3,train
10,Float8WeightOnlyConfig,float8,8,False,True,pytorch_quantized_median_latency,0.0007833134986867663,pytorch,median_latency,False,9,3,train
11,Int8DynamicActivationInt8WeightConfig,int8,8,True,False,pytorch_quantized_median_latency,0.013878003499485203,pytorch,median_latency,False,9,3,train
12,Int8WeightOnlyConfig,int8,8,False,True,pytorch_quantized_p95_latency,0.0008096104493233724,pytorch,p95_latency,False,9,3,train
13,Float8WeightOnlyConfig,float8,8,False,True,pytorch_quantized_p95_latency,0.0008665167997605743,pytorch,p95_latency,False,9,3,train
14,Int8DynamicActivationInt8WeightConfig,int8,8,True,False,pytorch_quantized_p95_latency,0.016121775702413285,pytorch,p95_latency,False,9,3,train
15,Int8WeightOnlyConfig,int8,8,False,True,pytorch_quantized_p99_latency,0.0010822185404686024,pytorch,p99_latency,False,9,3,train
16,Float8WeightOnlyConfig,float8,8,False,True,pytorch_quantized_p99_latency,0.0009840213574716472,pytorch,p99_latency,False,9,3,train
17,Int8DynamicActivationInt8WeightConfig,int8,8,True,False,pytorch_quantized_p99_latency,0.01696992648005107,pytorch,p99_latency,False,9,3,train
18,Int8WeightOnlyConfig,int8,8,False,True,pytorch_relative_model_size,0.25,pytorch,model_size,True,9,3,train
19,Float8WeightOnlyConfig,float8,8,False,True,pytorch_relative_model_size,0.25,pytorch,model_size,True,9,3,train
20,Int8DynamicActivationInt8WeightConfig,int8,8,True,False,pytorch_relative_model_size,0.25,pytorch,model_size,True,9,3,train
21,Int8WeightOnlyConfig,int8,8,False,True,pytorch_relative_median_latency,2.4107216949738737,pytorch,median_latency,True,9,3,train
22,Float8WeightOnlyConfig,float8,8,False,True,pytorch_relative_median_latency,2.8365456447969164,pytorch,median_latency,True,9,3,train
23,Int8DynamicActivationInt8WeightConfig,int8,8,True,False,pytorch_relative_median_latency,50.2552176758577,pytorch,median_latency,True,9,3,train
24,Int8WeightOnlyConfig,int8,8,False,True,pytorch_relative_p95_latency,2.4295218334794324,pytorch,p95_latency,True,9,3,train
25,Float8WeightOnlyConfig,float8,8,False,True,pytorch_relative_p95_latency,2.6002894180213065,pytorch,p95_latency,True,9,3,train
26,Int8DynamicActivationInt8WeightConfig,int8,8,True,False,pytorch_relative_p95_latency,48.37907674759621,pytorch,p95_latency,True,9,3,train
27,Int8WeightOnlyConfig,int8,8,False,True,pytorch_relative_p99_latency,2.5186828158892665,pytorch,p99_latency,True,9,3,train
28,Float8WeightOnlyConfig,float8,8,False,True,pytorch_relative_p99_latency,2.2901452810619003,pytorch,p99_latency,True,9,3,train
29,Int8DynamicActivationInt8WeightConfig,int8,8,True,False,pytorch_relative_p99_latency,39.494668233739155,pytorch,p99_latency,True,9,3,train
0,Int8WeightOnlyConfig,int8,8,False,True,pytorch_quantized_MAE,7.11144521790412,pytorch,MAE,False,9,3,test
1,Float8WeightOnlyConfig,float8,8,False,True,pytorch_quantized_MAE,7.100499451889368,pytorch,MAE,False,9,3,test
2,Int8DynamicActivationInt8WeightConfig,int8,8,True,False,pytorch_quantized_MAE,7.111588995746027,pytorch,MAE,False,9,3,test
3,Int8WeightOnlyConfig,int8,8,False,True,pytorch_relative_MAE,1.0011597282471023,pytorch,MAE,True,9,3,test
4,Float8WeightOnlyConfig,float8,8,False,True,pytorch_relative_MAE,0.9996187671916481,pytorch,MAE,True,9,3,test
5,Int8DynamicActivationInt8WeightConfig,int8,8,True,False,pytorch_relative_MAE,1.0011799695033758,pytorch,MAE,True,9,3,test
6,Int8WeightOnlyConfig,int8,8,False,True,pytorch_quantized_model_size,206337.0,pytorch,model_size,False,9,3,test
7,Float8WeightOnlyConfig,float8,8,False,True,pytorch_quantized_model_size,206337.0,pytorch,model_size,False,9,3,test
8,Int8DynamicActivationInt8WeightConfig,int8,8,True,False,pytorch_quantized_model_size,206337.0,pytorch,model_size,False,9,3,test
9,Int8WeightOnlyConfig,int8,8,False,True,pytorch_quantized_median_latency,0.0006942715008335654,pytorch,median_latency,False,9,3,test
10,Float8WeightOnlyConfig,float8,8,False,True,pytorch_quantized_median_latency,0.0007655499994143611,pytorch,median_latency,False,9,3,test
11,Int8DynamicActivationInt8WeightConfig,int8,8,True,False,pytorch_quantized_median_latency,0.01330046050134115,pytorch,median_latency,False,9,3,test
12,Int8WeightOnlyConfig,int8,8,False,True,pytorch_quantized_p95_latency,0.0008588548998886834,pytorch,p95_latency,False,9,3,test
13,Float8WeightOnlyConfig,float8,8,False,True,pytorch_quantized_p95_latency,0.0008434042991211754,pytorch,p95_latency,False,9,3,test
14,Int8DynamicActivationInt8WeightConfig,int8,8,True,False,pytorch_quantized_p95_latency,0.014450568699066935,pytorch,p95_latency,False,9,3,test
15,Int8WeightOnlyConfig,int8,8,False,True,pytorch_quantized_p99_latency,0.0010263298303107148,pytorch,p99_latency,False,9,3,test
16,Float8WeightOnlyConfig,float8,8,False,True,pytorch_quantized_p99_latency,0.0008950080097929458,pytorch,p99_latency,False,9,3,test
17,Int8DynamicActivationInt8WeightConfig,int8,8,True,False,pytorch_quantized_p99_latency,0.015137744762105285,pytorch,p99_latency,False,9,3,test
18,Int8WeightOnlyConfig,int8,8,False,True,pytorch_relative_model_size,0.25,pytorch,model_size,True,9,3,test
19,Float8WeightOnlyConfig,float8,8,False,True,pytorch_relative_model_size,0.25,pytorch,model_size,True,9,3,test
20,Int8DynamicActivationInt8WeightConfig,int8,8,True,False,pytorch_relative_model_size,0.25,pytorch,model_size,True,9,3,test
21,Int8WeightOnlyConfig,int8,8,False,True,pytorch_relative_median_latency,2.5691398148679596,pytorch,median_latency,True,9,3,test
22,Float8WeightOnlyConfig,float8,8,False,True,pytorch_relative_median_latency,2.8329046798063393,pytorch,median_latency,True,9,3,test
23,Int8DynamicActivationInt8WeightConfig,int8,8,True,False,pytorch_relative_median_latency,49.218126610479736,pytorch,median_latency,True,9,3,test
24,Int8WeightOnlyConfig,int8,8,False,True,pytorch_relative_p95_latency,2.7090390104346684,pytorch,p95_latency,True,9,3,test
25,Float8WeightOnlyConfig,float8,8,False,True,pytorch_relative_p95_latency,2.6603040259579473,pytorch,p95_latency,True,9,3,test
26,Int8DynamicActivationInt8WeightConfig,int8,8,True,False,pytorch_relative_p95_latency,45.580638049351954,pytorch,p95_latency,True,9,3,test
27,Int8WeightOnlyConfig,int8,8,False,True,pytorch_relative_p99_latency,2.493203549733177,pytorch,p99_latency,True,9,3,test
28,Float8WeightOnlyConfig,float8,8,False,True,pytorch_relative_p99_latency,2.1741910652444405,pytorch,p99_latency,True,9,3,test
29,Int8DynamicActivationInt8WeightConfig,int8,8,True,False,pytorch_relative_p99_latency,36.77324565769438,pytorch,p99_latency,True,9,3,test
0,Int8WeightOnlyConfig,int8,8,False,True,pytorch_quantized_MAE,7.293712466841309,pytorch,MAE,False,9,4,train
1,Float8WeightOnlyConfig,float8,8,False,True,pytorch_quantized_MAE,7.280489444760697,pytorch,MAE,False,9,4,train
2,Int8DynamicActivationInt8WeightConfig,int8,8,True,False,pytorch_quantized_MAE,7.289054929358668,pytorch,MAE,False,9,4,train
3,Int8WeightOnlyConfig,int8,8,False,True,pytorch_relative_MAE,1.0012686734309173,pytorch,MAE,True,9,4,train
4,Float8WeightOnlyConfig,float8,8,False,True,pytorch_relative_MAE,0.999453439030385,pytorch,MAE,True,9,4,train
5,Int8DynamicActivationInt8WeightConfig,int8,8,True,False,pytorch_relative_MAE,1.0006292944592483,pytorch,MAE,True,9,4,train
6,Int8WeightOnlyConfig,int8,8,False,True,pytorch_quantized_model_size,206337.0,pytorch,model_size,False,9,4,train
7,Float8WeightOnlyConfig,float8,8,False,True,pytorch_quantized_model_size,206337.0,pytorch,model_size,False,9,4,train
8,Int8DynamicActivationInt8WeightConfig,int8,8,True,False,pytorch_quantized_model_size,206337.0,pytorch,model_size,False,9,4,train
9,Int8WeightOnlyConfig,int8,8,False,True,pytorch_quantized_median_latency,0.0007002365000516875,pytorch,median_latency,False,9,4,train
10,Float8WeightOnlyConfig,float8,8,False,True,pytorch_quantized_median_latency,0.0007858655008021742,pytorch,median_latency,False,9,4,train
11,Int8DynamicActivationInt8WeightConfig,int8,8,True,False,pytorch_quantized_median_latency,0.013722460498684086,pytorch,median_latency,False,9,4,train
12,Int8WeightOnlyConfig,int8,8,False,True,pytorch_quantized_p95_latency,0.0007732086480245924,pytorch,p95_latency,False,9,4,train
13,Float8WeightOnlyConfig,float8,8,False,True,pytorch_quantized_p95_latency,0.0009156714013442976,pytorch,p95_latency,False,9,4,train
14,Int8DynamicActivationInt8WeightConfig,int8,8,True,False,pytorch_quantized_p95_latency,0.015213100999972085,pytorch,p95_latency,False,9,4,train
15,Int8WeightOnlyConfig,int8,8,False,True,pytorch_quantized_p99_latency,0.0008782371490451621,pytorch,p99_latency,False,9,4,train
16,Float8WeightOnlyConfig,float8,8,False,True,pytorch_quantized_p99_latency,0.0011270390510253491,pytorch,p99_latency,False,9,4,train
17,Int8DynamicActivationInt8WeightConfig,int8,8,True,False,pytorch_quantized_p99_latency,0.016199352792791614,pytorch,p99_latency,False,9,4,train
18,Int8WeightOnlyConfig,int8,8,False,True,pytorch_relative_model_size,0.25,pytorch,model_size,True,9,4,train
19,Float8WeightOnlyConfig,float8,8,False,True,pytorch_relative_model_size,0.25,pytorch,model_size,True,9,4,train
20,Int8DynamicActivationInt8WeightConfig,int8,8,True,False,pytorch_relative_model_size,0.25,pytorch,model_size,True,9,4,train
21,Int8WeightOnlyConfig,int8,8,False,True,pytorch_relative_median_latency,2.4902566085626114,pytorch,median_latency,True,9,4,train
22,Float8WeightOnlyConfig,float8,8,False,True,pytorch_relative_median_latency,2.7947797018143516,pytorch,median_latency,True,9,4,train
23,Int8DynamicActivationInt8WeightConfig,int8,8,True,False,pytorch_relative_median_latency,48.80129490545696,pytorch,median_latency,True,9,4,train
24,Int8WeightOnlyConfig,int8,8,False,True,pytorch_relative_p95_latency,2.4029201748151143,pytorch,p95_latency,True,9,4,train
25,Float8WeightOnlyConfig,float8,8,False,True,pytorch_relative_p95_latency,2.8456552955179295,pytorch,p95_latency,True,9,4,train
26,Int8DynamicActivationInt8WeightConfig,int8,8,True,False,pytorch_relative_p95_latency,47.278140780921824,pytorch,p95_latency,True,9,4,train
27,Int8WeightOnlyConfig,int8,8,False,True,pytorch_relative_p99_latency,2.2888223823383305,pytorch,p99_latency,True,9,4,train
28,Float8WeightOnlyConfig,float8,8,False,True,pytorch_relative_p99_latency,2.9372387726490023,pytorch,p99_latency,True,9,4,train
29,Int8DynamicActivationInt8WeightConfig,int8,8,True,False,pytorch_relative_p99_latency,42.218028799906456,pytorch,p99_latency,True,9,4,train
0,Int8WeightOnlyConfig,int8,8,False,True,pytorch_quantized_MAE,7.145119922742009,pytorch,MAE,False,9,4,test
1,Float8WeightOnlyConfig,float8,8,False,True,pytorch_quantized_MAE,7.133029331268282,pytorch,MAE,False,9,4,test
2,Int8DynamicActivationInt8WeightConfig,int8,8,True,False,pytorch_quantized_MAE,7.144987649998346,pytorch,MAE,False,9,4,test
3,Int8WeightOnlyConfig,int8,8,False,True,pytorch_relative_MAE,1.0011066522452114,pytorch,MAE,True,9,4,test
4,Float8WeightOnlyConfig,float8,8,False,True,pytorch_relative_MAE,0.9994126328746753,pytorch,MAE,True,9,4,test
5,Int8DynamicActivationInt8WeightConfig,int8,8,True,False,pytorch_relative_MAE,1.001088119438901,pytorch,MAE,True,9,4,test
6,Int8WeightOnlyConfig,int8,8,False,True,pytorch_quantized_model_size,206337.0,pytorch,model_size,False,9,4,test
7,Float8WeightOnlyConfig,float8,8,False,True,pytorch_quantized_model_size,206337.0,pytorch,model_size,False,9,4,test
8,Int8DynamicActivationInt8WeightConfig,int8,8,True,False,pytorch_quantized_model_size,206337.0,pytorch,model_size,False,9,4,test
9,Int8WeightOnlyConfig,int8,8,False,True,pytorch_quantized_median_latency,0.0007043079986033263,pytorch,median_latency,False,9,4,test
10,Float8WeightOnlyConfig,float8,8,False,True,pytorch_quantized_median_latency,0.0007745999992039287,pytorch,median_latency,False,9,4,test
11,Int8DynamicActivationInt8WeightConfig,int8,8,True,False,pytorch_quantized_median_latency,0.013320418500370579,pytorch,median_latency,False,9,4,test
12,Int8WeightOnlyConfig,int8,8,False,True,pytorch_quantized_p95_latency,0.0008710971982509358,pytorch,p95_latency,False,9,4,test
13,Float8WeightOnlyConfig,float8,8,False,True,pytorch_quantized_p95_latency,0.0008573565986807806,pytorch,p95_latency,False,9,4,test
14,Int8DynamicActivationInt8WeightConfig,int8,8,True,False,pytorch_quantized_p95_latency,0.014734102798320237,pytorch,p95_latency,False,9,4,test
15,Int8WeightOnlyConfig,int8,8,False,True,pytorch_quantized_p99_latency,0.000983957719836326,pytorch,p99_latency,False,9,4,test
16,Float8WeightOnlyConfig,float8,8,False,True,pytorch_quantized_p99_latency,0.000986571067769546,pytorch,p99_latency,False,9,4,test
17,Int8DynamicActivationInt8WeightConfig,int8,8,True,False,pytorch_quantized_p99_latency,0.01538806584962003,pytorch,p99_latency,False,9,4,test
18,Int8WeightOnlyConfig,int8,8,False,True,pytorch_relative_model_size,0.25,pytorch,model_size,True,9,4,test
19,Float8WeightOnlyConfig,float8,8,False,True,pytorch_relative_model_size,0.25,pytorch,model_size,True,9,4,test
20,Int8DynamicActivationInt8WeightConfig,int8,8,True,False,pytorch_relative_model_size,0.25,pytorch,model_size,True,9,4,test
21,Int8WeightOnlyConfig,int8,8,False,True,pytorch_relative_median_latency,2.48863730246165,pytorch,median_latency,True,9,4,test
22,Float8WeightOnlyConfig,float8,8,False,True,pytorch_relative_median_latency,2.7370105924231622,pytorch,median_latency,True,9,4,test
23,Int8DynamicActivationInt8WeightConfig,int8,8,True,False,pytorch_relative_median_latency,47.06703662340878,pytorch,median_latency,True,9,4,test
24,Int8WeightOnlyConfig,int8,8,False,True,pytorch_relative_p95_latency,2.4197016681524213,pytorch,p95_latency,True,9,4,test
25,Float8WeightOnlyConfig,float8,8,False,True,pytorch_relative_p95_latency,2.3815335374684086,pytorch,p95_latency,True,9,4,test
26,Int8DynamicActivationInt8WeightConfig,int8,8,True,False,pytorch_relative_p95_latency,40.92784730729265,pytorch,p95_latency,True,9,4,test
27,Int8WeightOnlyConfig,int8,8,False,True,pytorch_relative_p99_latency,2.325626911451396,pytorch,p99_latency,True,9,4,test
28,Float8WeightOnlyConfig,float8,8,False,True,pytorch_relative_p99_latency,2.331803673074338,pytorch,p99_latency,True,9,4,test
29,Int8DynamicActivationInt8WeightConfig,int8,8,True,False,pytorch_relative_p99_latency,36.370363617875185,pytorch,p99_latency,True,9,4,test
0,Int8WeightOnlyConfig,int8,8,False,True,pytorch_quantized_MAE,7.318866873479844,pytorch,MAE,False,9,5,train
1,Float8WeightOnlyConfig,float8,8,False,True,pytorch_quantized_MAE,7.305028498190279,pytorch,MAE,False,9,5,train
2,Int8DynamicActivationInt8WeightConfig,int8,8,True,False,pytorch_quantized_MAE,7.3137633283472825,pytorch,MAE,False,9,5,train
3,Int8WeightOnlyConfig,int8,8,False,True,pytorch_relative_MAE,1.0012671802764652,pytorch,MAE,True,9,5,train
4,Float8WeightOnlyConfig,float8,8,False,True,pytorch_relative_MAE,0.9993740031979207,pytorch,MAE,True,9,5,train
5,Int8DynamicActivationInt8WeightConfig,int8,8,True,False,pytorch_relative_MAE,1.0005689830920335,pytorch,MAE,True,9,5,train
6,Int8WeightOnlyConfig,int8,8,False,True,pytorch_quantized_model_size,206337.0,pytorch,model_size,False,9,5,train
7,Float8WeightOnlyConfig,float8,8,False,True,pytorch_quantized_model_size,206337.0,pytorch,model_size,False,9,5,train
8,Int8DynamicActivationInt8WeightConfig,int8,8,True,False,pytorch_quantized_model_size,206337.0,pytorch,model_size,False,9,5,train
9,Int8WeightOnlyConfig,int8,8,False,True,pytorch_quantized_median_latency,0.0006998030021350132,pytorch,median_latency,False,9,5,train
10,Float8WeightOnlyConfig,float8,8,False,True,pytorch_quantized_median_latency,0.0007845840009395033,pytorch,median_latency,False,9,5,train
11,Int8DynamicActivationInt8WeightConfig,int8,8,True,False,pytorch_quantized_median_latency,0.013677728502443642,pytorch,median_latency,False,9,5,train
12,Int8WeightOnlyConfig,int8,8,False,True,pytorch_quantized_p95_latency,0.0007923063978523714,pytorch,p95_latency,False,9,5,train
13,Float8WeightOnlyConfig,float8,8,False,True,pytorch_quantized_p95_latency,0.0008761133000007248,pytorch,p95_latency,False,9,5,train
14,Int8DynamicActivationInt8WeightConfig,int8,8,True,False,pytorch_quantized_p95_latency,0.01509778114996152,pytorch,p95_latency,False,9,5,train
15,Int8WeightOnlyConfig,int8,8,False,True,pytorch_quantized_p99_latency,0.0008532415618174124,pytorch,p99_latency,False,9,5,train
16,Float8WeightOnlyConfig,float8,8,False,True,pytorch_quantized_p99_latency,0.0010044442516664268,pytorch,p99_latency,False,9,5,train
17,Int8DynamicActivationInt8WeightConfig,int8,8,True,False,pytorch_quantized_p99_latency,0.015669545990094774,pytorch,p99_latency,False,9,5,train
18,Int8WeightOnlyConfig,int8,8,False,True,pytorch_relative_model_size,0.25,pytorch,model_size,True,9,5,train
19,Float8WeightOnlyConfig,float8,8,False,True,pytorch_relative_model_size,0.25,pytorch,model_size,True,9,5,train
20,Int8DynamicActivationInt8WeightConfig,int8,8,True,False,pytorch_relative_model_size,0.25,pytorch,model_size,True,9,5,train
21,Int8WeightOnlyConfig,int8,8,False,True,pytorch_relative_median_latency,2.5262004720712787,pytorch,median_latency,True,9,5,train
22,Float8WeightOnlyConfig,float8,8,False,True,pytorch_relative_median_latency,2.8322491722757066,pytorch,median_latency,True,9,5,train
23,Int8DynamicActivationInt8WeightConfig,int8,8,True,False,pytorch_relative_median_latency,49.374872777510106,pytorch,median_latency,True,9,5,train
24,Int8WeightOnlyConfig,int8,8,False,True,pytorch_relative_p95_latency,2.285729115317575,pytorch,p95_latency,True,9,5,train
25,Float8WeightOnlyConfig,float8,8,False,True,pytorch_relative_p95_latency,2.527504111486109,pytorch,p95_latency,True,9,5,train
26,Int8DynamicActivationInt8WeightConfig,int8,8,True,False,pytorch_relative_p95_latency,43.55567245790431,pytorch,p95_latency,True,9,5,train
27,Int8WeightOnlyConfig,int8,8,False,True,pytorch_relative_p99_latency,1.8497943496359563,pytorch,p99_latency,True,9,5,train
28,Float8WeightOnlyConfig,float8,8,False,True,pytorch_relative_p99_latency,2.177595870153445,pytorch,p99_latency,True,9,5,train
29,Int8DynamicActivationInt8WeightConfig,int8,8,True,False,pytorch_relative_p99_latency,33.97096312572822,pytorch,p99_latency,True,9,5,train
0,Int8WeightOnlyConfig,int8,8,False,True,pytorch_quantized_MAE,7.191395179124116,pytorch,MAE,False,9,5,test
1,Float8WeightOnlyConfig,float8,8,False,True,pytorch_quantized_MAE,7.177518440885356,pytorch,MAE,False,9,5,test
2,Int8DynamicActivationInt8WeightConfig,int8,8,True,False,pytorch_quantized_MAE,7.188675167194988,pytorch,MAE,False,9,5,test
3,Int8WeightOnlyConfig,int8,8,False,True,pytorch_relative_MAE,1.001310494940601,pytorch,MAE,True,9,5,test
4,Float8WeightOnlyConfig,float8,8,False,True,pytorch_relative_MAE,0.9993783352848016,pytorch,MAE,True,9,5,test
5,Int8DynamicActivationInt8WeightConfig,int8,8,True,False,pytorch_relative_MAE,1.0009317678058571,pytorch,MAE,True,9,5,test
6,Int8WeightOnlyConfig,int8,8,False,True,pytorch_quantized_model_size,206337.0,pytorch,model_size,False,9,5,test
7,Float8WeightOnlyConfig,float8,8,False,True,pytorch_quantized_model_size,206337.0,pytorch,model_size,False,9,5,test
8,Int8DynamicActivationInt8WeightConfig,int8,8,True,False,pytorch_quantized_model_size,206337.0,pytorch,model_size,False,9,5,test
9,Int8WeightOnlyConfig,int8,8,False,True,pytorch_quantized_median_latency,0.0006867100000818027,pytorch,median_latency,False,9,5,test
10,Float8WeightOnlyConfig,float8,8,False,True,pytorch_quantized_median_latency,0.0007822460011084331,pytorch,median_latency,False,9,5,test
11,Int8DynamicActivationInt8WeightConfig,int8,8,True,False,pytorch_quantized_median_latency,0.013072908499452751,pytorch,median_latency,False,9,5,test
12,Int8WeightOnlyConfig,int8,8,False,True,pytorch_quantized_p95_latency,0.0007748757030640263,pytorch,p95_latency,False,9,5,test
13,Float8WeightOnlyConfig,float8,8,False,True,pytorch_quantized_p95_latency,0.0008854154515574918,pytorch,p95_latency,False,9,5,test
14,Int8DynamicActivationInt8WeightConfig,int8,8,True,False,pytorch_quantized_p95_latency,0.014575811599388542,pytorch,p95_latency,False,9,5,test
15,Int8WeightOnlyConfig,int8,8,False,True,pytorch_quantized_p99_latency,0.000989361559950339,pytorch,p99_latency,False,9,5,test
16,Float8WeightOnlyConfig,float8,8,False,True,pytorch_quantized_p99_latency,0.0009801448001235257,pytorch,p99_latency,False,9,5,test
17,Int8DynamicActivationInt8WeightConfig,int8,8,True,False,pytorch_quantized_p99_latency,0.015181208097710624,pytorch,p99_latency,False,9,5,test
18,Int8WeightOnlyConfig,int8,8,False,True,pytorch_relative_model_size,0.25,pytorch,model_size,True,9,5,test
19,Float8WeightOnlyConfig,float8,8,False,True,pytorch_relative_model_size,0.25,pytorch,model_size,True,9,5,test
20,Int8DynamicActivationInt8WeightConfig,int8,8,True,False,pytorch_relative_model_size,0.25,pytorch,model_size,True,9,5,test
21,Int8WeightOnlyConfig,int8,8,False,True,pytorch_relative_median_latency,2.5763089521707836,pytorch,median_latency,True,9,5,test
22,Float8WeightOnlyConfig,float8,8,False,True,pytorch_relative_median_latency,2.9347284519162153,pytorch,median_latency,True,9,5,test
23,Int8DynamicActivationInt8WeightConfig,int8,8,True,False,pytorch_relative_median_latency,49.04523189415855,pytorch,median_latency,True,9,5,test
24,Int8WeightOnlyConfig,int8,8,False,True,pytorch_relative_p95_latency,2.2885723803366926,pytorch,p95_latency,True,9,5,test
25,Float8WeightOnlyConfig,float8,8,False,True,pytorch_relative_p95_latency,2.6150482452156387,pytorch,p95_latency,True,9,5,test
26,Int8DynamicActivationInt8WeightConfig,int8,8,True,False,pytorch_relative_p95_latency,43.04922675397854,pytorch,p95_latency,True,9,5,test
27,Int8WeightOnlyConfig,int8,8,False,True,pytorch_relative_p99_latency,2.2317782628145695,pytorch,p99_latency,True,9,5,test
28,Float8WeightOnlyConfig,float8,8,False,True,pytorch_relative_p99_latency,2.210987315331127,pytorch,p99_latency,True,9,5,test
29,Int8DynamicActivationInt8WeightConfig,int8,8,True,False,pytorch_relative_p99_latency,34.24540795524314,pytorch,p99_latency,True,9,5,test
0,Int8WeightOnlyConfig,int8,8,False,True,pytorch_quantized_MAE,7.271670874699414,pytorch,MAE,False,9,6,train
1,Float8WeightOnlyConfig,float8,8,False,True,pytorch_quantized_MAE,7.260622998336784,pytorch,MAE,False,9,6,train
2,Int8DynamicActivationInt8WeightConfig,int8,8,True,False,pytorch_quantized_MAE,7.264851883236858,pytorch,MAE,False,9,6,train
3,Int8WeightOnlyConfig,int8,8,False,True,pytorch_relative_MAE,1.0012236364713434,pytorch,MAE,True,9,6,train
4,Float8WeightOnlyConfig,float8,8,False,True,pytorch_relative_MAE,0.9997024737100356,pytorch,MAE,True,9,6,train
5,Int8DynamicActivationInt8WeightConfig,int8,8,True,False,pytorch_relative_MAE,1.0002847414708886,pytorch,MAE,True,9,6,train
6,Int8WeightOnlyConfig,int8,8,False,True,pytorch_quantized_model_size,206337.0,pytorch,model_size,False,9,6,train
7,Float8WeightOnlyConfig,float8,8,False,True,pytorch_quantized_model_size,206337.0,pytorch,model_size,False,9,6,train
8,Int8DynamicActivationInt8WeightConfig,int8,8,True,False,pytorch_quantized_model_size,206337.0,pytorch,model_size,False,9,6,train
9,Int8WeightOnlyConfig,int8,8,False,True,pytorch_quantized_median_latency,0.000678100001096027,pytorch,median_latency,False,9,6,train
10,Float8WeightOnlyConfig,float8,8,False,True,pytorch_quantized_median_latency,0.0007874669990997063,pytorch,median_latency,False,9,6,train
11,Int8DynamicActivationInt8WeightConfig,int8,8,True,False,pytorch_quantized_median_latency,0.013922543501394102,pytorch,median_latency,False,9,6,train
12,Int8WeightOnlyConfig,int8,8,False,True,pytorch_quantized_p95_latency,0.0007793775999743956,pytorch,p95_latency,False,9,6,train
13,Float8WeightOnlyConfig,float8,8,False,True,pytorch_quantized_p95_latency,0.0008685073000378906,pytorch,p95_latency,False,9,6,train
14,Int8DynamicActivationInt8WeightConfig,int8,8,True,False,pytorch_quantized_p95_latency,0.015427925900075933,pytorch,p95_latency,False,9,6,train
15,Int8WeightOnlyConfig,int8,8,False,True,pytorch_quantized_p99_latency,0.0008884417002627742,pytorch,p99_latency,False,9,6,train
16,Float8WeightOnlyConfig,float8,8,False,True,pytorch_quantized_p99_latency,0.0009638258214908998,pytorch,p99_latency,False,9,6,train
17,Int8DynamicActivationInt8WeightConfig,int8,8,True,False,pytorch_quantized_p99_latency,0.01594847411761293,pytorch,p99_latency,False,9,6,train
18,Int8WeightOnlyConfig,int8,8,False,True,pytorch_relative_model_size,0.25,pytorch,model_size,True,9,6,train
19,Float8WeightOnlyConfig,float8,8,False,True,pytorch_relative_model_size,0.25,pytorch,model_size,True,9,6,train
20,Int8DynamicActivationInt8WeightConfig,int8,8,True,False,pytorch_relative_model_size,0.25,pytorch,model_size,True,9,6,train
21,Int8WeightOnlyConfig,int8,8,False,True,pytorch_relative_median_latency,2.4826869162348424,pytorch,median_latency,True,9,6,train
22,Float8WeightOnlyConfig,float8,8,False,True,pytorch_relative_median_latency,2.8831057550089865,pytorch,median_latency,True,9,6,train
23,Int8DynamicActivationInt8WeightConfig,int8,8,True,False,pytorch_relative_median_latency,50.973774569758056,pytorch,median_latency,True,9,6,train
24,Int8WeightOnlyConfig,int8,8,False,True,pytorch_relative_p95_latency,2.31229280130144,pytorch,p95_latency,True,9,6,train
25,Float8WeightOnlyConfig,float8,8,False,True,pytorch_relative_p95_latency,2.5767268366724165,pytorch,p95_latency,True,9,6,train
26,Int8DynamicActivationInt8WeightConfig,int8,8,True,False,pytorch_relative_p95_latency,45.77227007669914,pytorch,p95_latency,True,9,6,train
27,Int8WeightOnlyConfig,int8,8,False,True,pytorch_relative_p99_latency,2.0451690992580738,pytorch,p99_latency,True,9,6,train
28,Float8WeightOnlyConfig,float8,8,False,True,pytorch_relative_p99_latency,2.2187013358301386,pytorch,p99_latency,True,9,6,train
29,Int8DynamicActivationInt8WeightConfig,int8,8,True,False,pytorch_relative_p99_latency,36.71296207282022,pytorch,p99_latency,True,9,6,train
0,Int8WeightOnlyConfig,int8,8,False,True,pytorch_quantized_MAE,7.163791423234195,pytorch,MAE,False,9,6,test
1,Float8WeightOnlyConfig,float8,8,False,True,pytorch_quantized_MAE,7.1583531362653785,pytorch,MAE,False,9,6,test
2,Int8DynamicActivationInt8WeightConfig,int8,8,True,False,pytorch_quantized_MAE,7.158063183387045,pytorch,MAE,False,9,6,test
3,Int8WeightOnlyConfig,int8,8,False,True,pytorch_relative_MAE,1.0011391927270379,pytorch,MAE,True,9,6,test
4,Float8WeightOnlyConfig,float8,8,False,True,pytorch_relative_MAE,1.0003791926231653,pytorch,MAE,True,9,6,test
5,Int8DynamicActivationInt8WeightConfig,int8,8,True,False,pytorch_relative_MAE,1.000338671735078,pytorch,MAE,True,9,6,test
6,Int8WeightOnlyConfig,int8,8,False,True,pytorch_quantized_model_size,206337.0,pytorch,model_size,False,9,6,test
7,Float8WeightOnlyConfig,float8,8,False,True,pytorch_quantized_model_size,206337.0,pytorch,model_size,False,9,6,test
8,Int8DynamicActivationInt8WeightConfig,int8,8,True,False,pytorch_quantized_model_size,206337.0,pytorch,model_size,False,9,6,test
9,Int8WeightOnlyConfig,int8,8,False,True,pytorch_quantized_median_latency,0.0006972024984861491,pytorch,median_latency,False,9,6,test
10,Float8WeightOnlyConfig,float8,8,False,True,pytorch_quantized_median_latency,0.0007598390020575607,pytorch,median_latency,False,9,6,test
11,Int8DynamicActivationInt8WeightConfig,int8,8,True,False,pytorch_quantized_median_latency,0.013159781501599355,pytorch,median_latency,False,9,6,test
12,Int8WeightOnlyConfig,int8,8,False,True,pytorch_quantized_p95_latency,0.0008047073506531888,pytorch,p95_latency,False,9,6,test
13,Float8WeightOnlyConfig,float8,8,False,True,pytorch_quantized_p95_latency,0.0008778973491644136,pytorch,p95_latency,False,9,6,test
14,Int8DynamicActivationInt8WeightConfig,int8,8,True,False,pytorch_quantized_p95_latency,0.014262470101675716,pytorch,p95_latency,False,9,6,test
15,Int8WeightOnlyConfig,int8,8,False,True,pytorch_quantized_p99_latency,0.0009959344819799295,pytorch,p99_latency,False,9,6,test
16,Float8WeightOnlyConfig,float8,8,False,True,pytorch_quantized_p99_latency,0.0009860002284040091,pytorch,p99_latency,False,9,6,test
17,Int8DynamicActivationInt8WeightConfig,int8,8,True,False,pytorch_quantized_p99_latency,0.014999626912249367,pytorch,p99_latency,False,9,6,test
18,Int8WeightOnlyConfig,int8,8,False,True,pytorch_relative_model_size,0.25,pytorch,model_size,True,9,6,test
19,Float8WeightOnlyConfig,float8,8,False,True,pytorch_relative_model_size,0.25,pytorch,model_size,True,9,6,test
20,Int8DynamicActivationInt8WeightConfig,int8,8,True,False,pytorch_relative_model_size,0.25,pytorch,model_size,True,9,6,test
21,Int8WeightOnlyConfig,int8,8,False,True,pytorch_relative_median_latency,2.5431053193228275,pytorch,median_latency,True,9,6,test
22,Float8WeightOnlyConfig,float8,8,False,True,pytorch_relative_median_latency,2.7715772851607476,pytorch,median_latency,True,9,6,test
23,Int8DynamicActivationInt8WeightConfig,int8,8,True,False,pytorch_relative_median_latency,48.001420549281534,pytorch,median_latency,True,9,6,test
24,Int8WeightOnlyConfig,int8,8,False,True,pytorch_relative_p95_latency,2.425672744655679,pytorch,p95_latency,True,9,6,test
25,Float8WeightOnlyConfig,float8,8,False,True,pytorch_relative_p95_latency,2.646293302459657,pytorch,p95_latency,True,9,6,test
26,Int8DynamicActivationInt8WeightConfig,int8,8,True,False,pytorch_relative_p95_latency,42.99213244295497,pytorch,p95_latency,True,9,6,test
27,Int8WeightOnlyConfig,int8,8,False,True,pytorch_relative_p99_latency,2.6330697321528143,pytorch,p99_latency,True,9,6,test
28,Float8WeightOnlyConfig,float8,8,False,True,pytorch_relative_p99_latency,2.6068053715190853,pytorch,p99_latency,True,9,6,test
29,Int8DynamicActivationInt8WeightConfig,int8,8,True,False,pytorch_relative_p99_latency,39.656286965495894,pytorch,p99_latency,True,9,6,test
0,Int8WeightOnlyConfig,int8,8,False,True,pytorch_quantized_MAE,7.260483795411792,pytorch,MAE,False,9,7,train
1,Float8WeightOnlyConfig,float8,8,False,True,pytorch_quantized_MAE,7.248217444060782,pytorch,MAE,False,9,7,train
2,Int8DynamicActivationInt8WeightConfig,int8,8,True,False,pytorch_quantized_MAE,7.254973739131573,pytorch,MAE,False,9,7,train
3,Int8WeightOnlyConfig,int8,8,False,True,pytorch_relative_MAE,1.0012367092546703,pytorch,MAE,True,9,7,train
4,Float8WeightOnlyConfig,float8,8,False,True,pytorch_relative_MAE,0.9995451523822471,pytorch,MAE,True,9,7,train
5,Int8DynamicActivationInt8WeightConfig,int8,8,True,False,pytorch_relative_MAE,1.0004768603557168,pytorch,MAE,True,9,7,train
6,Int8WeightOnlyConfig,int8,8,False,True,pytorch_quantized_model_size,206337.0,pytorch,model_size,False,9,7,train
7,Float8WeightOnlyConfig,float8,8,False,True,pytorch_quantized_model_size,206337.0,pytorch,model_size,False,9,7,train
8,Int8DynamicActivationInt8WeightConfig,int8,8,True,False,pytorch_quantized_model_size,206337.0,pytorch,model_size,False,9,7,train
9,Int8WeightOnlyConfig,int8,8,False,True,pytorch_quantized_median_latency,0.000690053500875365,pytorch,median_latency,False,9,7,train
10,Float8WeightOnlyConfig,float8,8,False,True,pytorch_quantized_median_latency,0.0007772475000820123,pytorch,median_latency,False,9,7,train
11,Int8DynamicActivationInt8WeightConfig,int8,8,True,False,pytorch_quantized_median_latency,0.013326148002306581,pytorch,median_latency,False,9,7,train
12,Int8WeightOnlyConfig,int8,8,False,True,pytorch_quantized_p95_latency,0.0008195628495741402,pytorch,p95_latency,False,9,7,train
13,Float8WeightOnlyConfig,float8,8,False,True,pytorch_quantized_p95_latency,0.0008782685988990124,pytorch,p95_latency,False,9,7,train
14,Int8DynamicActivationInt8WeightConfig,int8,8,True,False,pytorch_quantized_p95_latency,0.015054490052170877,pytorch,p95_latency,False,9,7,train
15,Int8WeightOnlyConfig,int8,8,False,True,pytorch_quantized_p99_latency,0.0009479325611755482,pytorch,p99_latency,False,9,7,train
16,Float8WeightOnlyConfig,float8,8,False,True,pytorch_quantized_p99_latency,0.000946842337325506,pytorch,p99_latency,False,9,7,train
17,Int8DynamicActivationInt8WeightConfig,int8,8,True,False,pytorch_quantized_p99_latency,0.015900981708982728,pytorch,p99_latency,False,9,7,train
18,Int8WeightOnlyConfig,int8,8,False,True,pytorch_relative_model_size,0.25,pytorch,model_size,True,9,7,train
19,Float8WeightOnlyConfig,float8,8,False,True,pytorch_relative_model_size,0.25,pytorch,model_size,True,9,7,train
20,Int8DynamicActivationInt8WeightConfig,int8,8,True,False,pytorch_relative_model_size,0.25,pytorch,model_size,True,9,7,train
21,Int8WeightOnlyConfig,int8,8,False,True,pytorch_relative_median_latency,2.604678249176292,pytorch,median_latency,True,9,7,train
22,Float8WeightOnlyConfig,float8,8,False,True,pytorch_relative_median_latency,2.9338010098088323,pytorch,median_latency,True,9,7,train
23,Int8DynamicActivationInt8WeightConfig,int8,8,True,False,pytorch_relative_median_latency,50.30092275871419,pytorch,median_latency,True,9,7,train
24,Int8WeightOnlyConfig,int8,8,False,True,pytorch_relative_p95_latency,2.538596320684107,pytorch,p95_latency,True,9,7,train
25,Float8WeightOnlyConfig,float8,8,False,True,pytorch_relative_p95_latency,2.7204374074495243,pytorch,p95_latency,True,9,7,train
26,Int8DynamicActivationInt8WeightConfig,int8,8,True,False,pytorch_relative_p95_latency,46.631290176311516,pytorch,p95_latency,True,9,7,train
27,Int8WeightOnlyConfig,int8,8,False,True,pytorch_relative_p99_latency,2.2038477287593894,pytorch,p99_latency,True,9,7,train
28,Float8WeightOnlyConfig,float8,8,False,True,pytorch_relative_p99_latency,2.201313068115625,pytorch,p99_latency,True,9,7,train
29,Int8DynamicActivationInt8WeightConfig,int8,8,True,False,pytorch_relative_p99_latency,36.968180923048266,pytorch,p99_latency,True,9,7,train
0,Int8WeightOnlyConfig,int8,8,False,True,pytorch_quantized_MAE,7.325306451892583,pytorch,MAE,False,9,7,test
1,Float8WeightOnlyConfig,float8,8,False,True,pytorch_quantized_MAE,7.312388171593423,pytorch,MAE,False,9,7,test
2,Int8DynamicActivationInt8WeightConfig,int8,8,True,False,pytorch_quantized_MAE,7.322923105837372,pytorch,MAE,False,9,7,test
3,Int8WeightOnlyConfig,int8,8,False,True,pytorch_relative_MAE,1.001425518422657,pytorch,MAE,True,9,7,test
4,Float8WeightOnlyConfig,float8,8,False,True,pytorch_relative_MAE,0.9996594905259848,pytorch,MAE,True,9,7,test
5,Int8DynamicActivationInt8WeightConfig,int8,8,True,False,pytorch_relative_MAE,1.0010996967557282,pytorch,MAE,True,9,7,test
6,Int8WeightOnlyConfig,int8,8,False,True,pytorch_quantized_model_size,206337.0,pytorch,model_size,False,9,7,test
7,Float8WeightOnlyConfig,float8,8,False,True,pytorch_quantized_model_size,206337.0,pytorch,model_size,False,9,7,test
8,Int8DynamicActivationInt8WeightConfig,int8,8,True,False,pytorch_quantized_model_size,206337.0,pytorch,model_size,False,9,7,test
9,Int8WeightOnlyConfig,int8,8,False,True,pytorch_quantized_median_latency,0.0007156980009312974,pytorch,median_latency,False,9,7,test
10,Float8WeightOnlyConfig,float8,8,False,True,pytorch_quantized_median_latency,0.0008029905002331361,pytorch,median_latency,False,9,7,test
11,Int8DynamicActivationInt8WeightConfig,int8,8,True,False,pytorch_quantized_median_latency,0.013630323499455699,pytorch,median_latency,False,9,7,test
12,Int8WeightOnlyConfig,int8,8,False,True,pytorch_quantized_p95_latency,0.0008459124988803523,pytorch,p95_latency,False,9,7,test
13,Float8WeightOnlyConfig,float8,8,False,True,pytorch_quantized_p95_latency,0.000908781749785703,pytorch,p95_latency,False,9,7,test
14,Int8DynamicActivationInt8WeightConfig,int8,8,True,False,pytorch_quantized_p95_latency,0.014740253298805328,pytorch,p95_latency,False,9,7,test
15,Int8WeightOnlyConfig,int8,8,False,True,pytorch_quantized_p99_latency,0.0010743127777823245,pytorch,p99_latency,False,9,7,test
16,Float8WeightOnlyConfig,float8,8,False,True,pytorch_quantized_p99_latency,0.0011349829006940123,pytorch,p99_latency,False,9,7,test
17,Int8DynamicActivationInt8WeightConfig,int8,8,True,False,pytorch_quantized_p99_latency,0.01585164496078505,pytorch,p99_latency,False,9,7,test
18,Int8WeightOnlyConfig,int8,8,False,True,pytorch_relative_model_size,0.25,pytorch,model_size,True,9,7,test
19,Float8WeightOnlyConfig,float8,8,False,True,pytorch_relative_model_size,0.25,pytorch,model_size,True,9,7,test
20,Int8DynamicActivationInt8WeightConfig,int8,8,True,False,pytorch_relative_model_size,0.25,pytorch,model_size,True,9,7,test
21,Int8WeightOnlyConfig,int8,8,False,True,pytorch_relative_median_latency,2.5671534790943302,pytorch,median_latency,True,9,7,test
22,Float8WeightOnlyConfig,float8,8,False,True,pytorch_relative_median_latency,2.880264935309039,pytorch,median_latency,True,9,7,test
23,Int8DynamicActivationInt8WeightConfig,int8,8,True,False,pytorch_relative_median_latency,48.8909181627962,pytorch,median_latency,True,9,7,test
24,Int8WeightOnlyConfig,int8,8,False,True,pytorch_relative_p95_latency,2.43089934997431,pytorch,p95_latency,True,9,7,test
25,Float8WeightOnlyConfig,float8,8,False,True,pytorch_relative_p95_latency,2.61156676103807,pytorch,p95_latency,True,9,7,test
26,Int8DynamicActivationInt8WeightConfig,int8,8,True,False,pytorch_relative_p95_latency,42.35907639377571,pytorch,p95_latency,True,9,7,test
27,Int8WeightOnlyConfig,int8,8,False,True,pytorch_relative_p99_latency,2.4642118039807515,pytorch,p99_latency,True,9,7,test
28,Float8WeightOnlyConfig,float8,8,False,True,pytorch_relative_p99_latency,2.603374286378626,pytorch,p99_latency,True,9,7,test
29,Int8DynamicActivationInt8WeightConfig,int8,8,True,False,pytorch_relative_p99_latency,36.35981199582563,pytorch,p99_latency,True,9,7,test
0,Int8WeightOnlyConfig,int8,8,False,True,pytorch_quantized_MAE,7.241127355466913,pytorch,MAE,False,9,8,train
1,Float8WeightOnlyConfig,float8,8,False,True,pytorch_quantized_MAE,7.229908045339918,pytorch,MAE,False,9,8,train
2,Int8DynamicActivationInt8WeightConfig,int8,8,True,False,pytorch_quantized_MAE,7.237046794141245,pytorch,MAE,False,9,8,train
3,Int8WeightOnlyConfig,int8,8,False,True,pytorch_relative_MAE,1.00130081721786,pytorch,MAE,True,9,8,train
4,Float8WeightOnlyConfig,float8,8,False,True,pytorch_relative_MAE,0.9997494145360246,pytorch,MAE,True,9,8,train
5,Int8DynamicActivationInt8WeightConfig,int8,8,True,False,pytorch_relative_MAE,1.0007365584789198,pytorch,MAE,True,9,8,train
6,Int8WeightOnlyConfig,int8,8,False,True,pytorch_quantized_model_size,206337.0,pytorch,model_size,False,9,8,train
7,Float8WeightOnlyConfig,float8,8,False,True,pytorch_quantized_model_size,206337.0,pytorch,model_size,False,9,8,train
8,Int8DynamicActivationInt8WeightConfig,int8,8,True,False,pytorch_quantized_model_size,206337.0,pytorch,model_size,False,9,8,train
9,Int8WeightOnlyConfig,int8,8,False,True,pytorch_quantized_median_latency,0.0006872220001241658,pytorch,median_latency,False,9,8,train
10,Float8WeightOnlyConfig,float8,8,False,True,pytorch_quantized_median_latency,0.0007952844989631558,pytorch,median_latency,False,9,8,train
11,Int8DynamicActivationInt8WeightConfig,int8,8,True,False,pytorch_quantized_median_latency,0.013551715499488637,pytorch,median_latency,False,9,8,train
12,Int8WeightOnlyConfig,int8,8,False,True,pytorch_quantized_p95_latency,0.000785806050953397,pytorch,p95_latency,False,9,8,train
13,Float8WeightOnlyConfig,float8,8,False,True,pytorch_quantized_p95_latency,0.0009152103006272227,pytorch,p95_latency,False,9,8,train
14,Int8DynamicActivationInt8WeightConfig,int8,8,True,False,pytorch_quantized_p95_latency,0.015172080200136405,pytorch,p95_latency,False,9,8,train
15,Int8WeightOnlyConfig,int8,8,False,True,pytorch_quantized_p99_latency,0.0010007767504794174,pytorch,p99_latency,False,9,8,train
16,Float8WeightOnlyConfig,float8,8,False,True,pytorch_quantized_p99_latency,0.0011636957114751563,pytorch,p99_latency,False,9,8,train
17,Int8DynamicActivationInt8WeightConfig,int8,8,True,False,pytorch_quantized_p99_latency,0.01593596337006602,pytorch,p99_latency,False,9,8,train
18,Int8WeightOnlyConfig,int8,8,False,True,pytorch_relative_model_size,0.25,pytorch,model_size,True,9,8,train
19,Float8WeightOnlyConfig,float8,8,False,True,pytorch_relative_model_size,0.25,pytorch,model_size,True,9,8,train
20,Int8DynamicActivationInt8WeightConfig,int8,8,True,False,pytorch_relative_model_size,0.25,pytorch,model_size,True,9,8,train
21,Int8WeightOnlyConfig,int8,8,False,True,pytorch_relative_median_latency,2.4704131497408692,pytorch,median_latency,True,9,8,train
22,Float8WeightOnlyConfig,float8,8,False,True,pytorch_relative_median_latency,2.8588742555807065,pytorch,median_latency,True,9,8,train
23,Int8DynamicActivationInt8WeightConfig,int8,8,True,False,pytorch_relative_median_latency,48.71546045591539,pytorch,median_latency,True,9,8,train
24,Int8WeightOnlyConfig,int8,8,False,True,pytorch_relative_p95_latency,2.3706326551396,pytorch,p95_latency,True,9,8,train
25,Float8WeightOnlyConfig,float8,8,False,True,pytorch_relative_p95_latency,2.7610215298732745,pytorch,p95_latency,True,9,8,train
26,Int8DynamicActivationInt8WeightConfig,int8,8,True,False,pytorch_relative_p95_latency,45.771381787149664,pytorch,p95_latency,True,9,8,train
27,Int8WeightOnlyConfig,int8,8,False,True,pytorch_relative_p99_latency,2.5232866776956535,pytorch,p99_latency,True,9,8,train
28,Float8WeightOnlyConfig,float8,8,False,True,pytorch_relative_p99_latency,2.9340588540353156,pytorch,p99_latency,True,9,8,train
29,Int8DynamicActivationInt8WeightConfig,int8,8,True,False,pytorch_relative_p99_latency,40.179794393375566,pytorch,p99_latency,True,9,8,train
0,Int8WeightOnlyConfig,int8,8,False,True,pytorch_quantized_MAE,7.099102368359283,pytorch,MAE,False,9,8,test
1,Float8WeightOnlyConfig,float8,8,False,True,pytorch_quantized_MAE,7.087359427508608,pytorch,MAE,False,9,8,test
2,Int8DynamicActivationInt8WeightConfig,int8,8,True,False,pytorch_quantized_MAE,7.0936867040165845,pytorch,MAE,False,9,8,test
3,Int8WeightOnlyConfig,int8,8,False,True,pytorch_relative_MAE,1.0010323373979158,pytorch,MAE,True,9,8,test
4,Float8WeightOnlyConfig,float8,8,False,True,pytorch_relative_MAE,0.9993764853031399,pytorch,MAE,True,9,8,test
5,Int8DynamicActivationInt8WeightConfig,int8,8,True,False,pytorch_relative_MAE,1.0002686837901447,pytorch,MAE,True,9,8,test
6,Int8WeightOnlyConfig,int8,8,False,True,pytorch_quantized_model_size,206337.0,pytorch,model_size,False,9,8,test
7,Float8WeightOnlyConfig,float8,8,False,True,pytorch_quantized_model_size,206337.0,pytorch,model_size,False,9,8,test
8,Int8DynamicActivationInt8WeightConfig,int8,8,True,False,pytorch_quantized_model_size,206337.0,pytorch,model_size,False,9,8,test
9,Int8WeightOnlyConfig,int8,8,False,True,pytorch_quantized_median_latency,0.0006895925016578985,pytorch,median_latency,False,9,8,test
10,Float8WeightOnlyConfig,float8,8,False,True,pytorch_quantized_median_latency,0.0007778994986438192,pytorch,median_latency,False,9,8,test
11,Int8DynamicActivationInt8WeightConfig,int8,8,True,False,pytorch_quantized_median_latency,0.013471257498167688,pytorch,median_latency,False,9,8,test
12,Int8WeightOnlyConfig,int8,8,False,True,pytorch_quantized_p95_latency,0.0007700122499954887,pytorch,p95_latency,False,9,8,test
13,Float8WeightOnlyConfig,float8,8,False,True,pytorch_quantized_p95_latency,0.0008547368001018185,pytorch,p95_latency,False,9,8,test
14,Int8DynamicActivationInt8WeightConfig,int8,8,True,False,pytorch_quantized_p95_latency,0.014567231049295514,pytorch,p95_latency,False,9,8,test
15,Int8WeightOnlyConfig,int8,8,False,True,pytorch_quantized_p99_latency,0.0008398801104340237,pytorch,p99_latency,False,9,8,test
16,Float8WeightOnlyConfig,float8,8,False,True,pytorch_quantized_p99_latency,0.0010792399985803058,pytorch,p99_latency,False,9,8,test
17,Int8DynamicActivationInt8WeightConfig,int8,8,True,False,pytorch_quantized_p99_latency,0.015217592320332186,pytorch,p99_latency,False,9,8,test
18,Int8WeightOnlyConfig,int8,8,False,True,pytorch_relative_model_size,0.25,pytorch,model_size,True,9,8,test
19,Float8WeightOnlyConfig,float8,8,False,True,pytorch_relative_model_size,0.25,pytorch,model_size,True,9,8,test
20,Int8DynamicActivationInt8WeightConfig,int8,8,True,False,pytorch_relative_model_size,0.25,pytorch,model_size,True,9,8,test
21,Int8WeightOnlyConfig,int8,8,False,True,pytorch_relative_median_latency,2.5411663465783088,pytorch,median_latency,True,9,8,test
22,Float8WeightOnlyConfig,float8,8,False,True,pytorch_relative_median_latency,2.8665799326722863,pytorch,median_latency,True,9,8,test
23,Int8DynamicActivationInt8WeightConfig,int8,8,True,False,pytorch_relative_median_latency,49.64193508214364,pytorch,median_latency,True,9,8,test
24,Int8WeightOnlyConfig,int8,8,False,True,pytorch_relative_p95_latency,2.424771092866968,pytorch,p95_latency,True,9,8,test
25,Float8WeightOnlyConfig,float8,8,False,True,pytorch_relative_p95_latency,2.6915689781670933,pytorch,p95_latency,True,9,8,test
26,Int8DynamicActivationInt8WeightConfig,int8,8,True,False,pytorch_relative_p95_latency,45.8722582032336,pytorch,p95_latency,True,9,8,test
27,Int8WeightOnlyConfig,int8,8,False,True,pytorch_relative_p99_latency,2.3109031913799765,pytorch,p99_latency,True,9,8,test
28,Float8WeightOnlyConfig,float8,8,False,True,pytorch_relative_p99_latency,2.9694942480484734,pytorch,p99_latency,True,9,8,test
29,Int8DynamicActivationInt8WeightConfig,int8,8,True,False,pytorch_relative_p99_latency,41.87071728606859,pytorch,p99_latency,True,9,8,test
0,Int8WeightOnlyConfig,int8,8,False,True,pytorch_quantized_MAE,7.202705080564828,pytorch,MAE,False,9,9,train
1,Float8WeightOnlyConfig,float8,8,False,True,pytorch_quantized_MAE,7.190615871457026,pytorch,MAE,False,9,9,train
2,Int8DynamicActivationInt8WeightConfig,int8,8,True,False,pytorch_quantized_MAE,7.198032251104294,pytorch,MAE,False,9,9,train
3,Int8WeightOnlyConfig,int8,8,False,True,pytorch_relative_MAE,1.0012506773244867,pytorch,MAE,True,9,9,train
4,Float8WeightOnlyConfig,float8,8,False,True,pytorch_relative_MAE,0.999570151928526,pytorch,MAE,True,9,9,train
5,Int8DynamicActivationInt8WeightConfig,int8,8,True,False,pytorch_relative_MAE,1.0006011055858068,pytorch,MAE,True,9,9,train
6,Int8WeightOnlyConfig,int8,8,False,True,pytorch_quantized_model_size,206337.0,pytorch,model_size,False,9,9,train
7,Float8WeightOnlyConfig,float8,8,False,True,pytorch_quantized_model_size,206337.0,pytorch,model_size,False,9,9,train
8,Int8DynamicActivationInt8WeightConfig,int8,8,True,False,pytorch_quantized_model_size,206337.0,pytorch,model_size,False,9,9,train
9,Int8WeightOnlyConfig,int8,8,False,True,pytorch_quantized_median_latency,0.0007118789999367436,pytorch,median_latency,False,9,9,train
10,Float8WeightOnlyConfig,float8,8,False,True,pytorch_quantized_median_latency,0.0007710185000178171,pytorch,median_latency,False,9,9,train
11,Int8DynamicActivationInt8WeightConfig,int8,8,True,False,pytorch_quantized_median_latency,0.014153481499306508,pytorch,median_latency,False,9,9,train
12,Int8WeightOnlyConfig,int8,8,False,True,pytorch_quantized_p95_latency,0.0008374293014639988,pytorch,p95_latency,False,9,9,train
13,Float8WeightOnlyConfig,float8,8,False,True,pytorch_quantized_p95_latency,0.0009732473501571803,pytorch,p95_latency,False,9,9,train
14,Int8DynamicActivationInt8WeightConfig,int8,8,True,False,pytorch_quantized_p95_latency,0.016251463398293708,pytorch,p95_latency,False,9,9,train
15,Int8WeightOnlyConfig,int8,8,False,True,pytorch_quantized_p99_latency,0.0009572864701840444,pytorch,p99_latency,False,9,9,train
16,Float8WeightOnlyConfig,float8,8,False,True,pytorch_quantized_p99_latency,0.0011400851987491479,pytorch,p99_latency,False,9,9,train
17,Int8DynamicActivationInt8WeightConfig,int8,8,True,False,pytorch_quantized_p99_latency,0.016714951136673335,pytorch,p99_latency,False,9,9,train
18,Int8WeightOnlyConfig,int8,8,False,True,pytorch_relative_model_size,0.25,pytorch,model_size,True,9,9,train
19,Float8WeightOnlyConfig,float8,8,False,True,pytorch_relative_model_size,0.25,pytorch,model_size,True,9,9,train
20,Int8DynamicActivationInt8WeightConfig,int8,8,True,False,pytorch_relative_model_size,0.25,pytorch,model_size,True,9,9,train
21,Int8WeightOnlyConfig,int8,8,False,True,pytorch_relative_median_latency,2.569784035430958,pytorch,median_latency,True,9,9,train
22,Float8WeightOnlyConfig,float8,8,False,True,pytorch_relative_median_latency,2.783269393455587,pytorch,median_latency,True,9,9,train
23,Int8DynamicActivationInt8WeightConfig,int8,8,True,False,pytorch_relative_median_latency,51.09209683937465,pytorch,median_latency,True,9,9,train
24,Int8WeightOnlyConfig,int8,8,False,True,pytorch_relative_p95_latency,2.5010686108988374,pytorch,p95_latency,True,9,9,train
25,Float8WeightOnlyConfig,float8,8,False,True,pytorch_relative_p95_latency,2.9067031615244217,pytorch,p95_latency,True,9,9,train
26,Int8DynamicActivationInt8WeightConfig,int8,8,True,False,pytorch_relative_p95_latency,48.53666442717746,pytorch,p95_latency,True,9,9,train
27,Int8WeightOnlyConfig,int8,8,False,True,pytorch_relative_p99_latency,2.332480598912308,pytorch,p99_latency,True,9,9,train
28,Float8WeightOnlyConfig,float8,8,False,True,pytorch_relative_p99_latency,2.777879652553971,pytorch,p99_latency,True,9,9,train
29,Int8DynamicActivationInt8WeightConfig,int8,8,True,False,pytorch_relative_p99_latency,40.72688840004417,pytorch,p99_latency,True,9,9,train
0,Int8WeightOnlyConfig,int8,8,False,True,pytorch_quantized_MAE,7.255802014585048,pytorch,MAE,False,9,9,test
1,Float8WeightOnlyConfig,float8,8,False,True,pytorch_quantized_MAE,7.239937546336191,pytorch,MAE,False,9,9,test
2,Int8DynamicActivationInt8WeightConfig,int8,8,True,False,pytorch_quantized_MAE,7.247682458369774,pytorch,MAE,False,9,9,test
3,Int8WeightOnlyConfig,int8,8,False,True,pytorch_relative_MAE,1.0013329840272809,pytorch,MAE,True,9,9,test
4,Float8WeightOnlyConfig,float8,8,False,True,pytorch_relative_MAE,0.9991436167733644,pytorch,MAE,True,9,9,test
5,Int8DynamicActivationInt8WeightConfig,int8,8,True,False,pytorch_relative_MAE,1.000212449117746,pytorch,MAE,True,9,9,test
6,Int8WeightOnlyConfig,int8,8,False,True,pytorch_quantized_model_size,206337.0,pytorch,model_size,False,9,9,test
7,Float8WeightOnlyConfig,float8,8,False,True,pytorch_quantized_model_size,206337.0,pytorch,model_size,False,9,9,test
8,Int8DynamicActivationInt8WeightConfig,int8,8,True,False,pytorch_quantized_model_size,206337.0,pytorch,model_size,False,9,9,test
9,Int8WeightOnlyConfig,int8,8,False,True,pytorch_quantized_median_latency,0.0006864610004413407,pytorch,median_latency,False,9,9,test
10,Float8WeightOnlyConfig,float8,8,False,True,pytorch_quantized_median_latency,0.0007777319988235831,pytorch,median_latency,False,9,9,test
11,Int8DynamicActivationInt8WeightConfig,int8,8,True,False,pytorch_quantized_median_latency,0.013409613000476384,pytorch,median_latency,False,9,9,test
12,Int8WeightOnlyConfig,int8,8,False,True,pytorch_quantized_p95_latency,0.0007721856001808188,pytorch,p95_latency,False,9,9,test
13,Float8WeightOnlyConfig,float8,8,False,True,pytorch_quantized_p95_latency,0.000982839148309722,pytorch,p95_latency,False,9,9,test
14,Int8DynamicActivationInt8WeightConfig,int8,8,True,False,pytorch_quantized_p95_latency,0.014574201751929649,pytorch,p95_latency,False,9,9,test
15,Int8WeightOnlyConfig,int8,8,False,True,pytorch_quantized_p99_latency,0.00088511387060862,pytorch,p99_latency,False,9,9,test
16,Float8WeightOnlyConfig,float8,8,False,True,pytorch_quantized_p99_latency,0.0012678337101533538,pytorch,p99_latency,False,9,9,test
17,Int8DynamicActivationInt8WeightConfig,int8,8,True,False,pytorch_quantized_p99_latency,0.015325615988876962,pytorch,p99_latency,False,9,9,test
18,Int8WeightOnlyConfig,int8,8,False,True,pytorch_relative_model_size,0.25,pytorch,model_size,True,9,9,test
19,Float8WeightOnlyConfig,float8,8,False,True,pytorch_relative_model_size,0.25,pytorch,model_size,True,9,9,test
20,Int8DynamicActivationInt8WeightConfig,int8,8,True,False,pytorch_relative_model_size,0.25,pytorch,model_size,True,9,9,test
21,Int8WeightOnlyConfig,int8,8,False,True,pytorch_relative_median_latency,2.558133296716454,pytorch,median_latency,True,9,9,test
22,Float8WeightOnlyConfig,float8,8,False,True,pytorch_relative_median_latency,2.898259509037411,pytorch,median_latency,True,9,9,test
23,Int8DynamicActivationInt8WeightConfig,int8,8,True,False,pytorch_relative_median_latency,49.97163348033749,pytorch,median_latency,True,9,9,test
24,Int8WeightOnlyConfig,int8,8,False,True,pytorch_relative_p95_latency,2.3316056764369755,pytorch,p95_latency,True,9,9,test
25,Float8WeightOnlyConfig,float8,8,False,True,pytorch_relative_p95_latency,2.9676716798225966,pytorch,p95_latency,True,9,9,test
26,Int8DynamicActivationInt8WeightConfig,int8,8,True,False,pytorch_relative_p95_latency,44.00663716906875,pytorch,p95_latency,True,9,9,test
27,Int8WeightOnlyConfig,int8,8,False,True,pytorch_relative_p99_latency,1.985966593085495,pytorch,p99_latency,True,9,9,test
28,Float8WeightOnlyConfig,float8,8,False,True,pytorch_relative_p99_latency,2.8446909234637383,pytorch,p99_latency,True,9,9,test
29,Int8DynamicActivationInt8WeightConfig,int8,8,True,False,pytorch_relative_p99_latency,34.38671834555945,pytorch,p99_latency,True,9,9,test
0,Int8WeightOnlyConfig,int8,8,False,True,pytorch_quantized_MAE,7.208149699235284,pytorch,MAE,False,9,10,train
1,Float8WeightOnlyConfig,float8,8,False,True,pytorch_quantized_MAE,7.1973047160603345,pytorch,MAE,False,9,10,train
2,Int8DynamicActivationInt8WeightConfig,int8,8,True,False,pytorch_quantized_MAE,7.203160711181598,pytorch,MAE,False,9,10,train
3,Int8WeightOnlyConfig,int8,8,False,True,pytorch_relative_MAE,1.0012109187851703,pytorch,MAE,True,9,10,train
4,Float8WeightOnlyConfig,float8,8,False,True,pytorch_relative_MAE,0.9997045522387107,pytorch,MAE,True,9,10,train
5,Int8DynamicActivationInt8WeightConfig,int8,8,True,False,pytorch_relative_MAE,1.0005179490881662,pytorch,MAE,True,9,10,train
6,Int8WeightOnlyConfig,int8,8,False,True,pytorch_quantized_model_size,206337.0,pytorch,model_size,False,9,10,train
7,Float8WeightOnlyConfig,float8,8,False,True,pytorch_quantized_model_size,206337.0,pytorch,model_size,False,9,10,train
8,Int8DynamicActivationInt8WeightConfig,int8,8,True,False,pytorch_quantized_model_size,206337.0,pytorch,model_size,False,9,10,train
9,Int8WeightOnlyConfig,int8,8,False,True,pytorch_quantized_median_latency,0.0006996409974817652,pytorch,median_latency,False,9,10,train
10,Float8WeightOnlyConfig,float8,8,False,True,pytorch_quantized_median_latency,0.0007809894996171352,pytorch,median_latency,False,9,10,train
11,Int8DynamicActivationInt8WeightConfig,int8,8,True,False,pytorch_quantized_median_latency,0.014081248000366031,pytorch,median_latency,False,9,10,train
12,Int8WeightOnlyConfig,int8,8,False,True,pytorch_quantized_p95_latency,0.0008112503010124783,pytorch,p95_latency,False,9,10,train
13,Float8WeightOnlyConfig,float8,8,False,True,pytorch_quantized_p95_latency,0.00087893279724085,pytorch,p95_latency,False,9,10,train
14,Int8DynamicActivationInt8WeightConfig,int8,8,True,False,pytorch_quantized_p95_latency,0.01634561955161189,pytorch,p95_latency,False,9,10,train
15,Int8WeightOnlyConfig,int8,8,False,True,pytorch_quantized_p99_latency,0.0010714565798843974,pytorch,p99_latency,False,9,10,train
16,Float8WeightOnlyConfig,float8,8,False,True,pytorch_quantized_p99_latency,0.0010143842492834664,pytorch,p99_latency,False,9,10,train
17,Int8DynamicActivationInt8WeightConfig,int8,8,True,False,pytorch_quantized_p99_latency,0.017024177829043766,pytorch,p99_latency,False,9,10,train
18,Int8WeightOnlyConfig,int8,8,False,True,pytorch_relative_model_size,0.25,pytorch,model_size,True,9,10,train
19,Float8WeightOnlyConfig,float8,8,False,True,pytorch_relative_model_size,0.25,pytorch,model_size,True,9,10,train
20,Int8DynamicActivationInt8WeightConfig,int8,8,True,False,pytorch_relative_model_size,0.25,pytorch,model_size,True,9,10,train
21,Int8WeightOnlyConfig,int8,8,False,True,pytorch_relative_median_latency,2.508370595695952,pytorch,median_latency,True,9,10,train
22,Float8WeightOnlyConfig,float8,8,False,True,pytorch_relative_median_latency,2.800023302576654,pytorch,median_latency,True,9,10,train
23,Int8DynamicActivationInt8WeightConfig,int8,8,True,False,pytorch_relative_median_latency,50.484446397441346,pytorch,median_latency,True,9,10,train
24,Int8WeightOnlyConfig,int8,8,False,True,pytorch_relative_p95_latency,2.427514016680798,pytorch,p95_latency,True,9,10,train
25,Float8WeightOnlyConfig,float8,8,False,True,pytorch_relative_p95_latency,2.630041162831947,pytorch,p95_latency,True,9,10,train
26,Int8DynamicActivationInt8WeightConfig,int8,8,True,False,pytorch_relative_p95_latency,48.91119365175957,pytorch,p95_latency,True,9,10,train
27,Int8WeightOnlyConfig,int8,8,False,True,pytorch_relative_p99_latency,2.745233560473951,pytorch,p99_latency,True,9,10,train
28,Float8WeightOnlyConfig,float8,8,False,True,pytorch_relative_p99_latency,2.5990056308670932,pytorch,p99_latency,True,9,10,train
29,Int8DynamicActivationInt8WeightConfig,int8,8,True,False,pytorch_relative_p99_latency,43.61851445329677,pytorch,p99_latency,True,9,10,train
0,Int8WeightOnlyConfig,int8,8,False,True,pytorch_quantized_MAE,7.249638748527807,pytorch,MAE,False,9,10,test
1,Float8WeightOnlyConfig,float8,8,False,True,pytorch_quantized_MAE,7.245690195939503,pytorch,MAE,False,9,10,test
2,Int8DynamicActivationInt8WeightConfig,int8,8,True,False,pytorch_quantized_MAE,7.238778614033424,pytorch,MAE,False,9,10,test
3,Int8WeightOnlyConfig,int8,8,False,True,pytorch_relative_MAE,1.0013206327394302,pytorch,MAE,True,9,10,test
4,Float8WeightOnlyConfig,float8,8,False,True,pytorch_relative_MAE,1.000775258367924,pytorch,MAE,True,9,10,test
5,Int8DynamicActivationInt8WeightConfig,int8,8,True,False,pytorch_relative_MAE,0.9998206301709216,pytorch,MAE,True,9,10,test
6,Int8WeightOnlyConfig,int8,8,False,True,pytorch_quantized_model_size,206337.0,pytorch,model_size,False,9,10,test
7,Float8WeightOnlyConfig,float8,8,False,True,pytorch_quantized_model_size,206337.0,pytorch,model_size,False,9,10,test
8,Int8DynamicActivationInt8WeightConfig,int8,8,True,False,pytorch_quantized_model_size,206337.0,pytorch,model_size,False,9,10,test
9,Int8WeightOnlyConfig,int8,8,False,True,pytorch_quantized_median_latency,0.0007016915023996262,pytorch,median_latency,False,9,10,test
10,Float8WeightOnlyConfig,float8,8,False,True,pytorch_quantized_median_latency,0.0007777825012453832,pytorch,median_latency,False,9,10,test
11,Int8DynamicActivationInt8WeightConfig,int8,8,True,False,pytorch_quantized_median_latency,0.01332125700173492,pytorch,median_latency,False,9,10,test
12,Int8WeightOnlyConfig,int8,8,False,True,pytorch_quantized_p95_latency,0.0007949208506033752,pytorch,p95_latency,False,9,10,test
13,Float8WeightOnlyConfig,float8,8,False,True,pytorch_quantized_p95_latency,0.0008790704505372559,pytorch,p95_latency,False,9,10,test
14,Int8DynamicActivationInt8WeightConfig,int8,8,True,False,pytorch_quantized_p95_latency,0.014519579199622967,pytorch,p95_latency,False,9,10,test
15,Int8WeightOnlyConfig,int8,8,False,True,pytorch_quantized_p99_latency,0.0009112435821953112,pytorch,p99_latency,False,9,10,test
16,Float8WeightOnlyConfig,float8,8,False,True,pytorch_quantized_p99_latency,0.0010011419488364479,pytorch,p99_latency,False,9,10,test
17,Int8DynamicActivationInt8WeightConfig,int8,8,True,False,pytorch_quantized_p99_latency,0.015339563609049941,pytorch,p99_latency,False,9,10,test
18,Int8WeightOnlyConfig,int8,8,False,True,pytorch_relative_model_size,0.25,pytorch,model_size,True,9,10,test
19,Float8WeightOnlyConfig,float8,8,False,True,pytorch_relative_model_size,0.25,pytorch,model_size,True,9,10,test
20,Int8DynamicActivationInt8WeightConfig,int8,8,True,False,pytorch_relative_model_size,0.25,pytorch,model_size,True,9,10,test
21,Int8WeightOnlyConfig,int8,8,False,True,pytorch_relative_median_latency,2.526537625635339,pytorch,median_latency,True,9,10,test
22,Float8WeightOnlyConfig,float8,8,False,True,pytorch_relative_median_latency,2.8005138258580007,pytorch,median_latency,True,9,10,test
23,Int8DynamicActivationInt8WeightConfig,int8,8,True,False,pytorch_relative_median_latency,47.96503437841748,pytorch,median_latency,True,9,10,test
24,Int8WeightOnlyConfig,int8,8,False,True,pytorch_relative_p95_latency,2.340628131475707,pytorch,p95_latency,True,9,10,test
25,Float8WeightOnlyConfig,float8,8,False,True,pytorch_relative_p95_latency,2.58840490158831,pytorch,p95_latency,True,9,10,test
26,Int8DynamicActivationInt8WeightConfig,int8,8,True,False,pytorch_relative_p95_latency,42.7526029868649,pytorch,p95_latency,True,9,10,test
27,Int8WeightOnlyConfig,int8,8,False,True,pytorch_relative_p99_latency,2.2534755896946446,pytorch,p99_latency,True,9,10,test
28,Float8WeightOnlyConfig,float8,8,False,True,pytorch_relative_p99_latency,2.475791311569106,pytorch,p99_latency,True,9,10,test
29,Int8DynamicActivationInt8WeightConfig,int8,8,True,False,pytorch_relative_p99_latency,37.934239346064714,pytorch,p99_latency,True,9,10,test
0,Int8WeightOnlyConfig,int8,8,False,True,pytorch_quantized_MAE,7.299200431918363,pytorch,MAE,False,10,1,train
1,Float8WeightOnlyConfig,float8,8,False,True,pytorch_quantized_MAE,7.28654209356951,pytorch,MAE,False,10,1,train
2,Int8DynamicActivationInt8WeightConfig,int8,8,True,False,pytorch_quantized_MAE,7.293709173074133,pytorch,MAE,False,10,1,train
3,Int8WeightOnlyConfig,int8,8,False,True,pytorch_relative_MAE,1.0011701775488921,pytorch,MAE,True,10,1,train
4,Float8WeightOnlyConfig,float8,8,False,True,pytorch_relative_MAE,0.9994339393169924,pytorch,MAE,True,10,1,train
5,Int8DynamicActivationInt8WeightConfig,int8,8,True,False,pytorch_relative_MAE,1.0004169875737265,pytorch,MAE,True,10,1,train
6,Int8WeightOnlyConfig,int8,8,False,True,pytorch_quantized_model_size,206337.0,pytorch,model_size,False,10,1,train
7,Float8WeightOnlyConfig,float8,8,False,True,pytorch_quantized_model_size,206337.0,pytorch,model_size,False,10,1,train
8,Int8DynamicActivationInt8WeightConfig,int8,8,True,False,pytorch_quantized_model_size,206337.0,pytorch,model_size,False,10,1,train
9,Int8WeightOnlyConfig,int8,8,False,True,pytorch_quantized_median_latency,0.0006772854994778754,pytorch,median_latency,False,10,1,train
10,Float8WeightOnlyConfig,float8,8,False,True,pytorch_quantized_median_latency,0.0007684965003136313,pytorch,median_latency,False,10,1,train
11,Int8DynamicActivationInt8WeightConfig,int8,8,True,False,pytorch_quantized_median_latency,0.014842847500403877,pytorch,median_latency,False,10,1,train
12,Int8WeightOnlyConfig,int8,8,False,True,pytorch_quantized_p95_latency,0.000734930098769837,pytorch,p95_latency,False,10,1,train
13,Float8WeightOnlyConfig,float8,8,False,True,pytorch_quantized_p95_latency,0.0008740120998481871,pytorch,p95_latency,False,10,1,train
14,Int8DynamicActivationInt8WeightConfig,int8,8,True,False,pytorch_quantized_p95_latency,0.016667907398550594,pytorch,p95_latency,False,10,1,train
15,Int8WeightOnlyConfig,int8,8,False,True,pytorch_quantized_p99_latency,0.0008049353184833307,pytorch,p99_latency,False,10,1,train
16,Float8WeightOnlyConfig,float8,8,False,True,pytorch_quantized_p99_latency,0.0009556353773223236,pytorch,p99_latency,False,10,1,train
17,Int8DynamicActivationInt8WeightConfig,int8,8,True,False,pytorch_quantized_p99_latency,0.017152947731628957,pytorch,p99_latency,False,10,1,train
18,Int8WeightOnlyConfig,int8,8,False,True,pytorch_relative_model_size,0.25,pytorch,model_size,True,10,1,train
19,Float8WeightOnlyConfig,float8,8,False,True,pytorch_relative_model_size,0.25,pytorch,model_size,True,10,1,train
20,Int8DynamicActivationInt8WeightConfig,int8,8,True,False,pytorch_relative_model_size,0.25,pytorch,model_size,True,10,1,train
21,Int8WeightOnlyConfig,int8,8,False,True,pytorch_relative_median_latency,2.0708643325491125,pytorch,median_latency,True,10,1,train
22,Float8WeightOnlyConfig,float8,8,False,True,pytorch_relative_median_latency,2.34975057551827,pytorch,median_latency,True,10,1,train
23,Int8DynamicActivationInt8WeightConfig,int8,8,True,False,pytorch_relative_median_latency,45.38340700597891,pytorch,median_latency,True,10,1,train
24,Int8WeightOnlyConfig,int8,8,False,True,pytorch_relative_p95_latency,1.9937074216381399,pytorch,p95_latency,True,10,1,train
25,Float8WeightOnlyConfig,float8,8,False,True,pytorch_relative_p95_latency,2.3710070018707774,pytorch,p95_latency,True,10,1,train
26,Int8DynamicActivationInt8WeightConfig,int8,8,True,False,pytorch_relative_p95_latency,45.216450842455885,pytorch,p95_latency,True,10,1,train
27,Int8WeightOnlyConfig,int8,8,False,True,pytorch_relative_p99_latency,2.0547187718759745,pytorch,p99_latency,True,10,1,train
28,Float8WeightOnlyConfig,float8,8,False,True,pytorch_relative_p99_latency,2.4394033952351926,pytorch,p99_latency,True,10,1,train
29,Int8DynamicActivationInt8WeightConfig,int8,8,True,False,pytorch_relative_p99_latency,43.78548547676294,pytorch,p99_latency,True,10,1,train
0,Int8WeightOnlyConfig,int8,8,False,True,pytorch_quantized_MAE,7.307993252773052,pytorch,MAE,False,10,1,test
1,Float8WeightOnlyConfig,float8,8,False,True,pytorch_quantized_MAE,7.296244300993007,pytorch,MAE,False,10,1,test
2,Int8DynamicActivationInt8WeightConfig,int8,8,True,False,pytorch_quantized_MAE,7.300516761930507,pytorch,MAE,False,10,1,test
3,Int8WeightOnlyConfig,int8,8,False,True,pytorch_relative_MAE,1.0014856835091537,pytorch,MAE,True,10,1,test
4,Float8WeightOnlyConfig,float8,8,False,True,pytorch_relative_MAE,0.9998756099093336,pytorch,MAE,True,10,1,test
5,Int8DynamicActivationInt8WeightConfig,int8,8,True,False,pytorch_relative_MAE,1.0004611069554117,pytorch,MAE,True,10,1,test
6,Int8WeightOnlyConfig,int8,8,False,True,pytorch_quantized_model_size,206337.0,pytorch,model_size,False,10,1,test
7,Float8WeightOnlyConfig,float8,8,False,True,pytorch_quantized_model_size,206337.0,pytorch,model_size,False,10,1,test
8,Int8DynamicActivationInt8WeightConfig,int8,8,True,False,pytorch_quantized_model_size,206337.0,pytorch,model_size,False,10,1,test
9,Int8WeightOnlyConfig,int8,8,False,True,pytorch_quantized_median_latency,0.0006607259983866243,pytorch,median_latency,False,10,1,test
10,Float8WeightOnlyConfig,float8,8,False,True,pytorch_quantized_median_latency,0.0007532409981649835,pytorch,median_latency,False,10,1,test
11,Int8DynamicActivationInt8WeightConfig,int8,8,True,False,pytorch_quantized_median_latency,0.014829036497758352,pytorch,median_latency,False,10,1,test
12,Int8WeightOnlyConfig,int8,8,False,True,pytorch_quantized_p95_latency,0.000749726450885646,pytorch,p95_latency,False,10,1,test
13,Float8WeightOnlyConfig,float8,8,False,True,pytorch_quantized_p95_latency,0.0008537844507372936,pytorch,p95_latency,False,10,1,test
14,Int8DynamicActivationInt8WeightConfig,int8,8,True,False,pytorch_quantized_p95_latency,0.016777056349746997,pytorch,p95_latency,False,10,1,test
15,Int8WeightOnlyConfig,int8,8,False,True,pytorch_quantized_p99_latency,0.0008474876500258688,pytorch,p99_latency,False,10,1,test
16,Float8WeightOnlyConfig,float8,8,False,True,pytorch_quantized_p99_latency,0.0009217086802163976,pytorch,p99_latency,False,10,1,test
17,Int8DynamicActivationInt8WeightConfig,int8,8,True,False,pytorch_quantized_p99_latency,0.017609954802719582,pytorch,p99_latency,False,10,1,test
18,Int8WeightOnlyConfig,int8,8,False,True,pytorch_relative_model_size,0.25,pytorch,model_size,True,10,1,test
19,Float8WeightOnlyConfig,float8,8,False,True,pytorch_relative_model_size,0.25,pytorch,model_size,True,10,1,test
20,Int8DynamicActivationInt8WeightConfig,int8,8,True,False,pytorch_relative_model_size,0.25,pytorch,model_size,True,10,1,test
21,Int8WeightOnlyConfig,int8,8,False,True,pytorch_relative_median_latency,2.0326653518956945,pytorch,median_latency,True,10,1,test
22,Float8WeightOnlyConfig,float8,8,False,True,pytorch_relative_median_latency,2.317279602037657,pytorch,median_latency,True,10,1,test
23,Int8DynamicActivationInt8WeightConfig,int8,8,True,False,pytorch_relative_median_latency,45.620224971610995,pytorch,median_latency,True,10,1,test
24,Int8WeightOnlyConfig,int8,8,False,True,pytorch_relative_p95_latency,2.019315602609887,pytorch,p95_latency,True,10,1,test
25,Float8WeightOnlyConfig,float8,8,False,True,pytorch_relative_p95_latency,2.2995857497129926,pytorch,p95_latency,True,10,1,test
26,Int8DynamicActivationInt8WeightConfig,int8,8,True,False,pytorch_relative_p95_latency,45.187376826426984,pytorch,p95_latency,True,10,1,test
27,Int8WeightOnlyConfig,int8,8,False,True,pytorch_relative_p99_latency,2.0985787051986824,pytorch,p99_latency,True,10,1,test
28,Float8WeightOnlyConfig,float8,8,False,True,pytorch_relative_p99_latency,2.2823674287641498,pytorch,p99_latency,True,10,1,test
29,Int8DynamicActivationInt8WeightConfig,int8,8,True,False,pytorch_relative_p99_latency,43.60638901035376,pytorch,p99_latency,True,10,1,test
0,Int8WeightOnlyConfig,int8,8,False,True,pytorch_quantized_MAE,7.21524970859848,pytorch,MAE,False,10,2,train
1,Float8WeightOnlyConfig,float8,8,False,True,pytorch_quantized_MAE,7.204935990693981,pytorch,MAE,False,10,2,train
2,Int8DynamicActivationInt8WeightConfig,int8,8,True,False,pytorch_quantized_MAE,7.210038122161763,pytorch,MAE,False,10,2,train
3,Int8WeightOnlyConfig,int8,8,False,True,pytorch_relative_MAE,1.0012048586165656,pytorch,MAE,True,10,2,train
4,Float8WeightOnlyConfig,float8,8,False,True,pytorch_relative_MAE,0.9997737030927202,pytorch,MAE,True,10,2,train
5,Int8DynamicActivationInt8WeightConfig,int8,8,True,False,pytorch_relative_MAE,1.000481686741402,pytorch,MAE,True,10,2,train
6,Int8WeightOnlyConfig,int8,8,False,True,pytorch_quantized_model_size,206337.0,pytorch,model_size,False,10,2,train
7,Float8WeightOnlyConfig,float8,8,False,True,pytorch_quantized_model_size,206337.0,pytorch,model_size,False,10,2,train
8,Int8DynamicActivationInt8WeightConfig,int8,8,True,False,pytorch_quantized_model_size,206337.0,pytorch,model_size,False,10,2,train
9,Int8WeightOnlyConfig,int8,8,False,True,pytorch_quantized_median_latency,0.0006495904981420608,pytorch,median_latency,False,10,2,train
10,Float8WeightOnlyConfig,float8,8,False,True,pytorch_quantized_median_latency,0.0007482569981220877,pytorch,median_latency,False,10,2,train
11,Int8DynamicActivationInt8WeightConfig,int8,8,True,False,pytorch_quantized_median_latency,0.014338338498419034,pytorch,median_latency,False,10,2,train
12,Int8WeightOnlyConfig,int8,8,False,True,pytorch_quantized_p95_latency,0.0007706814518314786,pytorch,p95_latency,False,10,2,train
13,Float8WeightOnlyConfig,float8,8,False,True,pytorch_quantized_p95_latency,0.00085491234985966,pytorch,p95_latency,False,10,2,train
14,Int8DynamicActivationInt8WeightConfig,int8,8,True,False,pytorch_quantized_p95_latency,0.016231762549068662,pytorch,p95_latency,False,10,2,train
15,Int8WeightOnlyConfig,int8,8,False,True,pytorch_quantized_p99_latency,0.0008656559407609165,pytorch,p99_latency,False,10,2,train
16,Float8WeightOnlyConfig,float8,8,False,True,pytorch_quantized_p99_latency,0.0009598542276216903,pytorch,p99_latency,False,10,2,train
17,Int8DynamicActivationInt8WeightConfig,int8,8,True,False,pytorch_quantized_p99_latency,0.016984880567943037,pytorch,p99_latency,False,10,2,train
18,Int8WeightOnlyConfig,int8,8,False,True,pytorch_relative_model_size,0.25,pytorch,model_size,True,10,2,train
19,Float8WeightOnlyConfig,float8,8,False,True,pytorch_relative_model_size,0.25,pytorch,model_size,True,10,2,train
20,Int8DynamicActivationInt8WeightConfig,int8,8,True,False,pytorch_relative_model_size,0.25,pytorch,model_size,True,10,2,train
21,Int8WeightOnlyConfig,int8,8,False,True,pytorch_relative_median_latency,1.9770020949184697,pytorch,median_latency,True,10,2,train
22,Float8WeightOnlyConfig,float8,8,False,True,pytorch_relative_median_latency,2.2772895494251197,pytorch,median_latency,True,10,2,train
23,Int8DynamicActivationInt8WeightConfig,int8,8,True,False,pytorch_relative_median_latency,43.63814638622578,pytorch,median_latency,True,10,2,train
24,Int8WeightOnlyConfig,int8,8,False,True,pytorch_relative_p95_latency,2.2407220509251458,pytorch,p95_latency,True,10,2,train
25,Float8WeightOnlyConfig,float8,8,False,True,pytorch_relative_p95_latency,2.4856196414049068,pytorch,p95_latency,True,10,2,train
26,Int8DynamicActivationInt8WeightConfig,int8,8,True,False,pytorch_relative_p95_latency,47.19312782557034,pytorch,p95_latency,True,10,2,train
27,Int8WeightOnlyConfig,int8,8,False,True,pytorch_relative_p99_latency,2.114258412217844,pytorch,p99_latency,True,10,2,train
28,Float8WeightOnlyConfig,float8,8,False,True,pytorch_relative_p99_latency,2.3443261689721475,pytorch,p99_latency,True,10,2,train
29,Int8DynamicActivationInt8WeightConfig,int8,8,True,False,pytorch_relative_p99_latency,41.483486602914645,pytorch,p99_latency,True,10,2,train
0,Int8WeightOnlyConfig,int8,8,False,True,pytorch_quantized_MAE,7.129651031063507,pytorch,MAE,False,10,2,test
1,Float8WeightOnlyConfig,float8,8,False,True,pytorch_quantized_MAE,7.114658423896567,pytorch,MAE,False,10,2,test
2,Int8DynamicActivationInt8WeightConfig,int8,8,True,False,pytorch_quantized_MAE,7.121640862996917,pytorch,MAE,False,10,2,test
3,Int8WeightOnlyConfig,int8,8,False,True,pytorch_relative_MAE,1.0013789337456014,pytorch,MAE,True,10,2,test
4,Float8WeightOnlyConfig,float8,8,False,True,pytorch_relative_MAE,0.9992731811760176,pytorch,MAE,True,10,2,test
5,Int8DynamicActivationInt8WeightConfig,int8,8,True,False,pytorch_relative_MAE,1.0002538837925676,pytorch,MAE,True,10,2,test
6,Int8WeightOnlyConfig,int8,8,False,True,pytorch_quantized_model_size,206337.0,pytorch,model_size,False,10,2,test
7,Float8WeightOnlyConfig,float8,8,False,True,pytorch_quantized_model_size,206337.0,pytorch,model_size,False,10,2,test
8,Int8DynamicActivationInt8WeightConfig,int8,8,True,False,pytorch_quantized_model_size,206337.0,pytorch,model_size,False,10,2,test
9,Int8WeightOnlyConfig,int8,8,False,True,pytorch_quantized_median_latency,0.0006648214985034429,pytorch,median_latency,False,10,2,test
10,Float8WeightOnlyConfig,float8,8,False,True,pytorch_quantized_median_latency,0.0007210964995465474,pytorch,median_latency,False,10,2,test
11,Int8DynamicActivationInt8WeightConfig,int8,8,True,False,pytorch_quantized_median_latency,0.014946415500162402,pytorch,median_latency,False,10,2,test
12,Int8WeightOnlyConfig,int8,8,False,True,pytorch_quantized_p95_latency,0.0007464226489901193,pytorch,p95_latency,False,10,2,test
13,Float8WeightOnlyConfig,float8,8,False,True,pytorch_quantized_p95_latency,0.0008332928506206371,pytorch,p95_latency,False,10,2,test
14,Int8DynamicActivationInt8WeightConfig,int8,8,True,False,pytorch_quantized_p95_latency,0.01684569589979219,pytorch,p95_latency,False,10,2,test
15,Int8WeightOnlyConfig,int8,8,False,True,pytorch_quantized_p99_latency,0.0008026717595930676,pytorch,p99_latency,False,10,2,test
16,Float8WeightOnlyConfig,float8,8,False,True,pytorch_quantized_p99_latency,0.0008785234730385127,pytorch,p99_latency,False,10,2,test
17,Int8DynamicActivationInt8WeightConfig,int8,8,True,False,pytorch_quantized_p99_latency,0.017289258680575584,pytorch,p99_latency,False,10,2,test
18,Int8WeightOnlyConfig,int8,8,False,True,pytorch_relative_model_size,0.25,pytorch,model_size,True,10,2,test
19,Float8WeightOnlyConfig,float8,8,False,True,pytorch_relative_model_size,0.25,pytorch,model_size,True,10,2,test
20,Int8DynamicActivationInt8WeightConfig,int8,8,True,False,pytorch_relative_model_size,0.25,pytorch,model_size,True,10,2,test
21,Int8WeightOnlyConfig,int8,8,False,True,pytorch_relative_median_latency,2.099158991258173,pytorch,median_latency,True,10,2,test
22,Float8WeightOnlyConfig,float8,8,False,True,pytorch_relative_median_latency,2.2768460466386244,pytorch,median_latency,True,10,2,test
23,Int8DynamicActivationInt8WeightConfig,int8,8,True,False,pytorch_relative_median_latency,47.19297218106425,pytorch,median_latency,True,10,2,test
24,Int8WeightOnlyConfig,int8,8,False,True,pytorch_relative_p95_latency,2.1093262896079272,pytorch,p95_latency,True,10,2,test
25,Float8WeightOnlyConfig,float8,8,False,True,pytorch_relative_p95_latency,2.354814017412953,pytorch,p95_latency,True,10,2,test
26,Int8DynamicActivationInt8WeightConfig,int8,8,True,False,pytorch_relative_p95_latency,47.604489596138315,pytorch,p95_latency,True,10,2,test
27,Int8WeightOnlyConfig,int8,8,False,True,pytorch_relative_p99_latency,1.9848397503428552,pytorch,p99_latency,True,10,2,test
28,Float8WeightOnlyConfig,float8,8,False,True,pytorch_relative_p99_latency,2.1724052080518215,pytorch,p99_latency,True,10,2,test
29,Int8DynamicActivationInt8WeightConfig,int8,8,True,False,pytorch_relative_p99_latency,42.752728588039716,pytorch,p99_latency,True,10,2,test
0,Int8WeightOnlyConfig,int8,8,False,True,pytorch_quantized_MAE,7.2802551818492445,pytorch,MAE,False,10,3,train
1,Float8WeightOnlyConfig,float8,8,False,True,pytorch_quantized_MAE,7.26877299465695,pytorch,MAE,False,10,3,train
2,Int8DynamicActivationInt8WeightConfig,int8,8,True,False,pytorch_quantized_MAE,7.275163961433732,pytorch,MAE,False,10,3,train
3,Int8WeightOnlyConfig,int8,8,False,True,pytorch_relative_MAE,1.0012492671556257,pytorch,MAE,True,10,3,train
4,Float8WeightOnlyConfig,float8,8,False,True,pytorch_relative_MAE,0.999670128619343,pytorch,MAE,True,10,3,train
5,Int8DynamicActivationInt8WeightConfig,int8,8,True,False,pytorch_relative_MAE,1.0005490745686034,pytorch,MAE,True,10,3,train
6,Int8WeightOnlyConfig,int8,8,False,True,pytorch_quantized_model_size,206337.0,pytorch,model_size,False,10,3,train
7,Float8WeightOnlyConfig,float8,8,False,True,pytorch_quantized_model_size,206337.0,pytorch,model_size,False,10,3,train
8,Int8DynamicActivationInt8WeightConfig,int8,8,True,False,pytorch_quantized_model_size,206337.0,pytorch,model_size,False,10,3,train
9,Int8WeightOnlyConfig,int8,8,False,True,pytorch_quantized_median_latency,0.0006499754999822471,pytorch,median_latency,False,10,3,train
10,Float8WeightOnlyConfig,float8,8,False,True,pytorch_quantized_median_latency,0.0007766220005578361,pytorch,median_latency,False,10,3,train
11,Int8DynamicActivationInt8WeightConfig,int8,8,True,False,pytorch_quantized_median_latency,0.014398505500139436,pytorch,median_latency,False,10,3,train
12,Int8WeightOnlyConfig,int8,8,False,True,pytorch_quantized_p95_latency,0.0007069002993375761,pytorch,p95_latency,False,10,3,train
13,Float8WeightOnlyConfig,float8,8,False,True,pytorch_quantized_p95_latency,0.0008564243980799802,pytorch,p95_latency,False,10,3,train
14,Int8DynamicActivationInt8WeightConfig,int8,8,True,False,pytorch_quantized_p95_latency,0.01663710220091161,pytorch,p95_latency,False,10,3,train
15,Int8WeightOnlyConfig,int8,8,False,True,pytorch_quantized_p99_latency,0.0007866877201740862,pytorch,p99_latency,False,10,3,train
16,Float8WeightOnlyConfig,float8,8,False,True,pytorch_quantized_p99_latency,0.0009002359776422963,pytorch,p99_latency,False,10,3,train
17,Int8DynamicActivationInt8WeightConfig,int8,8,True,False,pytorch_quantized_p99_latency,0.022779319250730616,pytorch,p99_latency,False,10,3,train
18,Int8WeightOnlyConfig,int8,8,False,True,pytorch_relative_model_size,0.25,pytorch,model_size,True,10,3,train
19,Float8WeightOnlyConfig,float8,8,False,True,pytorch_relative_model_size,0.25,pytorch,model_size,True,10,3,train
20,Int8DynamicActivationInt8WeightConfig,int8,8,True,False,pytorch_relative_model_size,0.25,pytorch,model_size,True,10,3,train
21,Int8WeightOnlyConfig,int8,8,False,True,pytorch_relative_median_latency,1.9713909928357294,pytorch,median_latency,True,10,3,train
22,Float8WeightOnlyConfig,float8,8,False,True,pytorch_relative_median_latency,2.355512810528397,pytorch,median_latency,True,10,3,train
23,Int8DynamicActivationInt8WeightConfig,int8,8,True,False,pytorch_relative_median_latency,43.67100614414832,pytorch,median_latency,True,10,3,train
24,Int8WeightOnlyConfig,int8,8,False,True,pytorch_relative_p95_latency,1.8893351064562003,pytorch,p95_latency,True,10,3,train
25,Float8WeightOnlyConfig,float8,8,False,True,pytorch_relative_p95_latency,2.2889687312827482,pytorch,p95_latency,True,10,3,train
26,Int8DynamicActivationInt8WeightConfig,int8,8,True,False,pytorch_relative_p95_latency,44.466046042613634,pytorch,p95_latency,True,10,3,train
27,Int8WeightOnlyConfig,int8,8,False,True,pytorch_relative_p99_latency,1.9490229396129741,pytorch,p99_latency,True,10,3,train
28,Float8WeightOnlyConfig,float8,8,False,True,pytorch_relative_p99_latency,2.2303393411320527,pytorch,p99_latency,True,10,3,train
29,Int8DynamicActivationInt8WeightConfig,int8,8,True,False,pytorch_relative_p99_latency,56.43588253623266,pytorch,p99_latency,True,10,3,train
0,Int8WeightOnlyConfig,int8,8,False,True,pytorch_quantized_MAE,7.354503125597145,pytorch,MAE,False,10,3,test
1,Float8WeightOnlyConfig,float8,8,False,True,pytorch_quantized_MAE,7.344877930261679,pytorch,MAE,False,10,3,test
2,Int8DynamicActivationInt8WeightConfig,int8,8,True,False,pytorch_quantized_MAE,7.346944742570591,pytorch,MAE,False,10,3,test
3,Int8WeightOnlyConfig,int8,8,False,True,pytorch_relative_MAE,1.0012053763242017,pytorch,MAE,True,10,3,test
4,Float8WeightOnlyConfig,float8,8,False,True,pytorch_relative_MAE,0.9998950502350741,pytorch,MAE,True,10,3,test
5,Int8DynamicActivationInt8WeightConfig,int8,8,True,False,pytorch_relative_MAE,1.0001764157549735,pytorch,MAE,True,10,3,test
6,Int8WeightOnlyConfig,int8,8,False,True,pytorch_quantized_model_size,206337.0,pytorch,model_size,False,10,3,test
7,Float8WeightOnlyConfig,float8,8,False,True,pytorch_quantized_model_size,206337.0,pytorch,model_size,False,10,3,test
8,Int8DynamicActivationInt8WeightConfig,int8,8,True,False,pytorch_quantized_model_size,206337.0,pytorch,model_size,False,10,3,test
9,Int8WeightOnlyConfig,int8,8,False,True,pytorch_quantized_median_latency,0.0006815670003561536,pytorch,median_latency,False,10,3,test
10,Float8WeightOnlyConfig,float8,8,False,True,pytorch_quantized_median_latency,0.0007693334991927259,pytorch,median_latency,False,10,3,test
11,Int8DynamicActivationInt8WeightConfig,int8,8,True,False,pytorch_quantized_median_latency,0.013265313500596676,pytorch,median_latency,False,10,3,test
12,Int8WeightOnlyConfig,int8,8,False,True,pytorch_quantized_p95_latency,0.0008082939473752047,pytorch,p95_latency,False,10,3,test
13,Float8WeightOnlyConfig,float8,8,False,True,pytorch_quantized_p95_latency,0.0008672315980220445,pytorch,p95_latency,False,10,3,test
14,Int8DynamicActivationInt8WeightConfig,int8,8,True,False,pytorch_quantized_p95_latency,0.014504389549256303,pytorch,p95_latency,False,10,3,test
15,Int8WeightOnlyConfig,int8,8,False,True,pytorch_quantized_p99_latency,0.0009716114794719033,pytorch,p99_latency,False,10,3,test
16,Float8WeightOnlyConfig,float8,8,False,True,pytorch_quantized_p99_latency,0.0010009913500834953,pytorch,p99_latency,False,10,3,test
17,Int8DynamicActivationInt8WeightConfig,int8,8,True,False,pytorch_quantized_p99_latency,0.015728469029236292,pytorch,p99_latency,False,10,3,test
18,Int8WeightOnlyConfig,int8,8,False,True,pytorch_relative_model_size,0.25,pytorch,model_size,True,10,3,test
19,Float8WeightOnlyConfig,float8,8,False,True,pytorch_relative_model_size,0.25,pytorch,model_size,True,10,3,test
20,Int8DynamicActivationInt8WeightConfig,int8,8,True,False,pytorch_relative_model_size,0.25,pytorch,model_size,True,10,3,test
21,Int8WeightOnlyConfig,int8,8,False,True,pytorch_relative_median_latency,2.629137161369205,pytorch,median_latency,True,10,3,test
22,Float8WeightOnlyConfig,float8,8,False,True,pytorch_relative_median_latency,2.9676954593706055,pytorch,median_latency,True,10,3,test
23,Int8DynamicActivationInt8WeightConfig,int8,8,True,False,pytorch_relative_median_latency,51.170800029060494,pytorch,median_latency,True,10,3,test
24,Int8WeightOnlyConfig,int8,8,False,True,pytorch_relative_p95_latency,2.625941523319087,pytorch,p95_latency,True,10,3,test
25,Float8WeightOnlyConfig,float8,8,False,True,pytorch_relative_p95_latency,2.8174149651566625,pytorch,p95_latency,True,10,3,test
26,Int8DynamicActivationInt8WeightConfig,int8,8,True,False,pytorch_relative_p95_latency,47.121073851252646,pytorch,p95_latency,True,10,3,test
27,Int8WeightOnlyConfig,int8,8,False,True,pytorch_relative_p99_latency,2.342540915384374,pytorch,p99_latency,True,10,3,test
28,Float8WeightOnlyConfig,float8,8,False,True,pytorch_relative_p99_latency,2.4133753491580063,pytorch,p99_latency,True,10,3,test
29,Int8DynamicActivationInt8WeightConfig,int8,8,True,False,pytorch_relative_p99_latency,37.92110634321445,pytorch,p99_latency,True,10,3,test
0,Int8WeightOnlyConfig,int8,8,False,True,pytorch_quantized_MAE,7.175277651656235,pytorch,MAE,False,10,4,train
1,Float8WeightOnlyConfig,float8,8,False,True,pytorch_quantized_MAE,7.163197527318031,pytorch,MAE,False,10,4,train
2,Int8DynamicActivationInt8WeightConfig,int8,8,True,False,pytorch_quantized_MAE,7.170213057652723,pytorch,MAE,False,10,4,train
3,Int8WeightOnlyConfig,int8,8,False,True,pytorch_relative_MAE,1.0012751957487183,pytorch,MAE,True,10,4,train
4,Float8WeightOnlyConfig,float8,8,False,True,pytorch_relative_MAE,0.9995894729866713,pytorch,MAE,True,10,4,train
5,Int8DynamicActivationInt8WeightConfig,int8,8,True,False,pytorch_relative_MAE,1.000568456219122,pytorch,MAE,True,10,4,train
6,Int8WeightOnlyConfig,int8,8,False,True,pytorch_quantized_model_size,206337.0,pytorch,model_size,False,10,4,train
7,Float8WeightOnlyConfig,float8,8,False,True,pytorch_quantized_model_size,206337.0,pytorch,model_size,False,10,4,train
8,Int8DynamicActivationInt8WeightConfig,int8,8,True,False,pytorch_quantized_model_size,206337.0,pytorch,model_size,False,10,4,train
9,Int8WeightOnlyConfig,int8,8,False,True,pytorch_quantized_median_latency,0.0006833970001025591,pytorch,median_latency,False,10,4,train
10,Float8WeightOnlyConfig,float8,8,False,True,pytorch_quantized_median_latency,0.0007812139992893208,pytorch,median_latency,False,10,4,train
11,Int8DynamicActivationInt8WeightConfig,int8,8,True,False,pytorch_quantized_median_latency,0.014595460499549517,pytorch,median_latency,False,10,4,train
12,Int8WeightOnlyConfig,int8,8,False,True,pytorch_quantized_p95_latency,0.0008062728502409295,pytorch,p95_latency,False,10,4,train
13,Float8WeightOnlyConfig,float8,8,False,True,pytorch_quantized_p95_latency,0.0008829861477352095,pytorch,p95_latency,False,10,4,train
14,Int8DynamicActivationInt8WeightConfig,int8,8,True,False,pytorch_quantized_p95_latency,0.01649182144956285,pytorch,p95_latency,False,10,4,train
15,Int8WeightOnlyConfig,int8,8,False,True,pytorch_quantized_p99_latency,0.0010878548005348418,pytorch,p99_latency,False,10,4,train
16,Float8WeightOnlyConfig,float8,8,False,True,pytorch_quantized_p99_latency,0.0009881782973388906,pytorch,p99_latency,False,10,4,train
17,Int8DynamicActivationInt8WeightConfig,int8,8,True,False,pytorch_quantized_p99_latency,0.017556876642374843,pytorch,p99_latency,False,10,4,train
18,Int8WeightOnlyConfig,int8,8,False,True,pytorch_relative_model_size,0.25,pytorch,model_size,True,10,4,train
19,Float8WeightOnlyConfig,float8,8,False,True,pytorch_relative_model_size,0.25,pytorch,model_size,True,10,4,train
20,Int8DynamicActivationInt8WeightConfig,int8,8,True,False,pytorch_relative_model_size,0.25,pytorch,model_size,True,10,4,train
21,Int8WeightOnlyConfig,int8,8,False,True,pytorch_relative_median_latency,2.4758697488059758,pytorch,median_latency,True,10,4,train
22,Float8WeightOnlyConfig,float8,8,False,True,pytorch_relative_median_latency,2.8302496321960655,pytorch,median_latency,True,10,4,train
23,Int8DynamicActivationInt8WeightConfig,int8,8,True,False,pytorch_relative_median_latency,52.87769644189851,pytorch,median_latency,True,10,4,train
24,Int8WeightOnlyConfig,int8,8,False,True,pytorch_relative_p95_latency,2.2961270559839395,pytorch,p95_latency,True,10,4,train
25,Float8WeightOnlyConfig,float8,8,False,True,pytorch_relative_p95_latency,2.5145933951118487,pytorch,p95_latency,True,10,4,train
26,Int8DynamicActivationInt8WeightConfig,int8,8,True,False,pytorch_relative_p95_latency,46.96588434235638,pytorch,p95_latency,True,10,4,train
27,Int8WeightOnlyConfig,int8,8,False,True,pytorch_relative_p99_latency,2.6134399339649956,pytorch,p99_latency,True,10,4,train
28,Float8WeightOnlyConfig,float8,8,False,True,pytorch_relative_p99_latency,2.3739791586830234,pytorch,p99_latency,True,10,4,train
29,Int8DynamicActivationInt8WeightConfig,int8,8,True,False,pytorch_relative_p99_latency,42.17827830545122,pytorch,p99_latency,True,10,4,train
0,Int8WeightOnlyConfig,int8,8,False,True,pytorch_quantized_MAE,7.130305974750393,pytorch,MAE,False,10,4,test
1,Float8WeightOnlyConfig,float8,8,False,True,pytorch_quantized_MAE,7.120991445776436,pytorch,MAE,False,10,4,test
2,Int8DynamicActivationInt8WeightConfig,int8,8,True,False,pytorch_quantized_MAE,7.129790484624882,pytorch,MAE,False,10,4,test
3,Int8WeightOnlyConfig,int8,8,False,True,pytorch_relative_MAE,1.0013151128726523,pytorch,MAE,True,10,4,test
4,Float8WeightOnlyConfig,float8,8,False,True,pytorch_relative_MAE,1.000007065411023,pytorch,MAE,True,10,4,test
5,Int8DynamicActivationInt8WeightConfig,int8,8,True,False,pytorch_relative_MAE,1.0012427221428521,pytorch,MAE,True,10,4,test
6,Int8WeightOnlyConfig,int8,8,False,True,pytorch_quantized_model_size,206337.0,pytorch,model_size,False,10,4,test
7,Float8WeightOnlyConfig,float8,8,False,True,pytorch_quantized_model_size,206337.0,pytorch,model_size,False,10,4,test
8,Int8DynamicActivationInt8WeightConfig,int8,8,True,False,pytorch_quantized_model_size,206337.0,pytorch,model_size,False,10,4,test
9,Int8WeightOnlyConfig,int8,8,False,True,pytorch_quantized_median_latency,0.00068050349909754,pytorch,median_latency,False,10,4,test
10,Float8WeightOnlyConfig,float8,8,False,True,pytorch_quantized_median_latency,0.000728225999409915,pytorch,median_latency,False,10,4,test
11,Int8DynamicActivationInt8WeightConfig,int8,8,True,False,pytorch_quantized_median_latency,0.013168586998290266,pytorch,median_latency,False,10,4,test
12,Int8WeightOnlyConfig,int8,8,False,True,pytorch_quantized_p95_latency,0.0008010906505660386,pytorch,p95_latency,False,10,4,test
13,Float8WeightOnlyConfig,float8,8,False,True,pytorch_quantized_p95_latency,0.000867827749971184,pytorch,p95_latency,False,10,4,test
14,Int8DynamicActivationInt8WeightConfig,int8,8,True,False,pytorch_quantized_p95_latency,0.01465104795006482,pytorch,p95_latency,False,10,4,test
15,Int8WeightOnlyConfig,int8,8,False,True,pytorch_quantized_p99_latency,0.0009750395121227483,pytorch,p99_latency,False,10,4,test
16,Float8WeightOnlyConfig,float8,8,False,True,pytorch_quantized_p99_latency,0.0010408180402009745,pytorch,p99_latency,False,10,4,test
17,Int8DynamicActivationInt8WeightConfig,int8,8,True,False,pytorch_quantized_p99_latency,0.01586600405862555,pytorch,p99_latency,False,10,4,test
18,Int8WeightOnlyConfig,int8,8,False,True,pytorch_relative_model_size,0.25,pytorch,model_size,True,10,4,test
19,Float8WeightOnlyConfig,float8,8,False,True,pytorch_relative_model_size,0.25,pytorch,model_size,True,10,4,test
20,Int8DynamicActivationInt8WeightConfig,int8,8,True,False,pytorch_relative_model_size,0.25,pytorch,model_size,True,10,4,test
21,Int8WeightOnlyConfig,int8,8,False,True,pytorch_relative_median_latency,2.5461751168608715,pytorch,median_latency,True,10,4,test
22,Float8WeightOnlyConfig,float8,8,False,True,pytorch_relative_median_latency,2.7247338501677483,pytorch,median_latency,True,10,4,test
23,Int8DynamicActivationInt8WeightConfig,int8,8,True,False,pytorch_relative_median_latency,49.27164751353955,pytorch,median_latency,True,10,4,test
24,Int8WeightOnlyConfig,int8,8,False,True,pytorch_relative_p95_latency,2.316389517152941,pytorch,p95_latency,True,10,4,test
25,Float8WeightOnlyConfig,float8,8,False,True,pytorch_relative_p95_latency,2.509362830919669,pytorch,p95_latency,True,10,4,test
26,Int8DynamicActivationInt8WeightConfig,int8,8,True,False,pytorch_relative_p95_latency,42.36416173732084,pytorch,p95_latency,True,10,4,test
27,Int8WeightOnlyConfig,int8,8,False,True,pytorch_relative_p99_latency,2.326134433827045,pytorch,p99_latency,True,10,4,test
28,Float8WeightOnlyConfig,float8,8,False,True,pytorch_relative_p99_latency,2.4830610991230033,pytorch,p99_latency,True,10,4,test
29,Int8DynamicActivationInt8WeightConfig,int8,8,True,False,pytorch_relative_p99_latency,37.85124388206574,pytorch,p99_latency,True,10,4,test
0,Int8WeightOnlyConfig,int8,8,False,True,pytorch_quantized_MAE,7.3261516854271225,pytorch,MAE,False,10,5,train
1,Float8WeightOnlyConfig,float8,8,False,True,pytorch_quantized_MAE,7.313859651303293,pytorch,MAE,False,10,5,train
2,Int8DynamicActivationInt8WeightConfig,int8,8,True,False,pytorch_quantized_MAE,7.321091687628134,pytorch,MAE,False,10,5,train
3,Int8WeightOnlyConfig,int8,8,False,True,pytorch_relative_MAE,1.0012249530539623,pytorch,MAE,True,10,5,train
4,Float8WeightOnlyConfig,float8,8,False,True,pytorch_relative_MAE,0.9995450681953059,pytorch,MAE,True,10,5,train
5,Int8DynamicActivationInt8WeightConfig,int8,8,True,False,pytorch_relative_MAE,1.0005334309184293,pytorch,MAE,True,10,5,train
6,Int8WeightOnlyConfig,int8,8,False,True,pytorch_quantized_model_size,206337.0,pytorch,model_size,False,10,5,train
7,Float8WeightOnlyConfig,float8,8,False,True,pytorch_quantized_model_size,206337.0,pytorch,model_size,False,10,5,train
8,Int8DynamicActivationInt8WeightConfig,int8,8,True,False,pytorch_quantized_model_size,206337.0,pytorch,model_size,False,10,5,train
9,Int8WeightOnlyConfig,int8,8,False,True,pytorch_quantized_median_latency,0.0006958334997761995,pytorch,median_latency,False,10,5,train
10,Float8WeightOnlyConfig,float8,8,False,True,pytorch_quantized_median_latency,0.000785205500505981,pytorch,median_latency,False,10,5,train
11,Int8DynamicActivationInt8WeightConfig,int8,8,True,False,pytorch_quantized_median_latency,0.013279288497869857,pytorch,median_latency,False,10,5,train
12,Int8WeightOnlyConfig,int8,8,False,True,pytorch_quantized_p95_latency,0.0007859431481847422,pytorch,p95_latency,False,10,5,train
13,Float8WeightOnlyConfig,float8,8,False,True,pytorch_quantized_p95_latency,0.0009075310999833161,pytorch,p95_latency,False,10,5,train
14,Int8DynamicActivationInt8WeightConfig,int8,8,True,False,pytorch_quantized_p95_latency,0.014930747749349393,pytorch,p95_latency,False,10,5,train
15,Int8WeightOnlyConfig,int8,8,False,True,pytorch_quantized_p99_latency,0.0009196844116013379,pytorch,p99_latency,False,10,5,train
16,Float8WeightOnlyConfig,float8,8,False,True,pytorch_quantized_p99_latency,0.001097347487266233,pytorch,p99_latency,False,10,5,train
17,Int8DynamicActivationInt8WeightConfig,int8,8,True,False,pytorch_quantized_p99_latency,0.01572487594839913,pytorch,p99_latency,False,10,5,train
18,Int8WeightOnlyConfig,int8,8,False,True,pytorch_relative_model_size,0.25,pytorch,model_size,True,10,5,train
19,Float8WeightOnlyConfig,float8,8,False,True,pytorch_relative_model_size,0.25,pytorch,model_size,True,10,5,train
20,Int8DynamicActivationInt8WeightConfig,int8,8,True,False,pytorch_relative_model_size,0.25,pytorch,model_size,True,10,5,train
21,Int8WeightOnlyConfig,int8,8,False,True,pytorch_relative_median_latency,2.4603622452748355,pytorch,median_latency,True,10,5,train
22,Float8WeightOnlyConfig,float8,8,False,True,pytorch_relative_median_latency,2.7763681525083217,pytorch,median_latency,True,10,5,train
23,Int8DynamicActivationInt8WeightConfig,int8,8,True,False,pytorch_relative_median_latency,46.95356011859103,pytorch,median_latency,True,10,5,train
24,Int8WeightOnlyConfig,int8,8,False,True,pytorch_relative_p95_latency,2.207808414003535,pytorch,p95_latency,True,10,5,train
25,Float8WeightOnlyConfig,float8,8,False,True,pytorch_relative_p95_latency,2.549363529844112,pytorch,p95_latency,True,10,5,train
26,Int8DynamicActivationInt8WeightConfig,int8,8,True,False,pytorch_relative_p95_latency,41.94225827213322,pytorch,p95_latency,True,10,5,train
27,Int8WeightOnlyConfig,int8,8,False,True,pytorch_relative_p99_latency,1.9011602956569158,pytorch,p99_latency,True,10,5,train
28,Float8WeightOnlyConfig,float8,8,False,True,pytorch_relative_p99_latency,2.2684232188919387,pytorch,p99_latency,True,10,5,train
29,Int8DynamicActivationInt8WeightConfig,int8,8,True,False,pytorch_relative_p99_latency,32.5062700097018,pytorch,p99_latency,True,10,5,train
0,Int8WeightOnlyConfig,int8,8,False,True,pytorch_quantized_MAE,7.263844429941976,pytorch,MAE,False,10,5,test
1,Float8WeightOnlyConfig,float8,8,False,True,pytorch_quantized_MAE,7.249504563052589,pytorch,MAE,False,10,5,test
2,Int8DynamicActivationInt8WeightConfig,int8,8,True,False,pytorch_quantized_MAE,7.264781137288794,pytorch,MAE,False,10,5,test
3,Int8WeightOnlyConfig,int8,8,False,True,pytorch_relative_MAE,1.0012942752631881,pytorch,MAE,True,10,5,test
4,Float8WeightOnlyConfig,float8,8,False,True,pytorch_relative_MAE,0.9993175772814428,pytorch,MAE,True,10,5,test
5,Int8DynamicActivationInt8WeightConfig,int8,8,True,False,pytorch_relative_MAE,1.0014233969305106,pytorch,MAE,True,10,5,test
6,Int8WeightOnlyConfig,int8,8,False,True,pytorch_quantized_model_size,206337.0,pytorch,model_size,False,10,5,test
7,Float8WeightOnlyConfig,float8,8,False,True,pytorch_quantized_model_size,206337.0,pytorch,model_size,False,10,5,test
8,Int8DynamicActivationInt8WeightConfig,int8,8,True,False,pytorch_quantized_model_size,206337.0,pytorch,model_size,False,10,5,test
9,Int8WeightOnlyConfig,int8,8,False,True,pytorch_quantized_median_latency,0.0006901184988237219,pytorch,median_latency,False,10,5,test
10,Float8WeightOnlyConfig,float8,8,False,True,pytorch_quantized_median_latency,0.0007711095022386871,pytorch,median_latency,False,10,5,test
11,Int8DynamicActivationInt8WeightConfig,int8,8,True,False,pytorch_quantized_median_latency,0.01331559050049691,pytorch,median_latency,False,10,5,test
12,Int8WeightOnlyConfig,int8,8,False,True,pytorch_quantized_p95_latency,0.000786257298932469,pytorch,p95_latency,False,10,5,test
13,Float8WeightOnlyConfig,float8,8,False,True,pytorch_quantized_p95_latency,0.0008633994480987892,pytorch,p95_latency,False,10,5,test
14,Int8DynamicActivationInt8WeightConfig,int8,8,True,False,pytorch_quantized_p95_latency,0.014431209250324173,pytorch,p95_latency,False,10,5,test
15,Int8WeightOnlyConfig,int8,8,False,True,pytorch_quantized_p99_latency,0.0009169923691661095,pytorch,p99_latency,False,10,5,test
16,Float8WeightOnlyConfig,float8,8,False,True,pytorch_quantized_p99_latency,0.0010331439184301412,pytorch,p99_latency,False,10,5,test
17,Int8DynamicActivationInt8WeightConfig,int8,8,True,False,pytorch_quantized_p99_latency,0.015259119751717662,pytorch,p99_latency,False,10,5,test
18,Int8WeightOnlyConfig,int8,8,False,True,pytorch_relative_model_size,0.25,pytorch,model_size,True,10,5,test
19,Float8WeightOnlyConfig,float8,8,False,True,pytorch_relative_model_size,0.25,pytorch,model_size,True,10,5,test
20,Int8DynamicActivationInt8WeightConfig,int8,8,True,False,pytorch_relative_model_size,0.25,pytorch,model_size,True,10,5,test
21,Int8WeightOnlyConfig,int8,8,False,True,pytorch_relative_median_latency,2.5624860848485116,pytorch,median_latency,True,10,5,test
22,Float8WeightOnlyConfig,float8,8,False,True,pytorch_relative_median_latency,2.863214611329844,pytorch,median_latency,True,10,5,test
23,Int8DynamicActivationInt8WeightConfig,int8,8,True,False,pytorch_relative_median_latency,49.442255825951925,pytorch,median_latency,True,10,5,test
24,Int8WeightOnlyConfig,int8,8,False,True,pytorch_relative_p95_latency,2.37212744096883,pytorch,p95_latency,True,10,5,test
25,Float8WeightOnlyConfig,float8,8,False,True,pytorch_relative_p95_latency,2.604864242447421,pytorch,p95_latency,True,10,5,test
26,Int8DynamicActivationInt8WeightConfig,int8,8,True,False,pytorch_relative_p95_latency,43.53875953270789,pytorch,p95_latency,True,10,5,test
27,Int8WeightOnlyConfig,int8,8,False,True,pytorch_relative_p99_latency,2.3706600714837993,pytorch,p99_latency,True,10,5,test
28,Float8WeightOnlyConfig,float8,8,False,True,pytorch_relative_p99_latency,2.670941567099325,pytorch,p99_latency,True,10,5,test
29,Int8DynamicActivationInt8WeightConfig,int8,8,True,False,pytorch_relative_p99_latency,39.4487316773233,pytorch,p99_latency,True,10,5,test
0,Int8WeightOnlyConfig,int8,8,False,True,pytorch_quantized_MAE,7.311892773569538,pytorch,MAE,False,10,6,train
1,Float8WeightOnlyConfig,float8,8,False,True,pytorch_quantized_MAE,7.30142976333558,pytorch,MAE,False,10,6,train
2,Int8DynamicActivationInt8WeightConfig,int8,8,True,False,pytorch_quantized_MAE,7.30711512122441,pytorch,MAE,False,10,6,train
3,Int8WeightOnlyConfig,int8,8,False,True,pytorch_relative_MAE,1.0012063824518012,pytorch,MAE,True,10,6,train
4,Float8WeightOnlyConfig,float8,8,False,True,pytorch_relative_MAE,0.9997736983369899,pytorch,MAE,True,10,6,train
5,Int8DynamicActivationInt8WeightConfig,int8,8,True,False,pytorch_relative_MAE,1.0005521857657709,pytorch,MAE,True,10,6,train
6,Int8WeightOnlyConfig,int8,8,False,True,pytorch_quantized_model_size,206337.0,pytorch,model_size,False,10,6,train
7,Float8WeightOnlyConfig,float8,8,False,True,pytorch_quantized_model_size,206337.0,pytorch,model_size,False,10,6,train
8,Int8DynamicActivationInt8WeightConfig,int8,8,True,False,pytorch_quantized_model_size,206337.0,pytorch,model_size,False,10,6,train
9,Int8WeightOnlyConfig,int8,8,False,True,pytorch_quantized_median_latency,0.0006883170008222805,pytorch,median_latency,False,10,6,train
10,Float8WeightOnlyConfig,float8,8,False,True,pytorch_quantized_median_latency,0.0007890774995757965,pytorch,median_latency,False,10,6,train
11,Int8DynamicActivationInt8WeightConfig,int8,8,True,False,pytorch_quantized_median_latency,0.013355261000469909,pytorch,median_latency,False,10,6,train
12,Int8WeightOnlyConfig,int8,8,False,True,pytorch_quantized_p95_latency,0.0007722956996076391,pytorch,p95_latency,False,10,6,train
13,Float8WeightOnlyConfig,float8,8,False,True,pytorch_quantized_p95_latency,0.0009145698510110374,pytorch,p95_latency,False,10,6,train
14,Int8DynamicActivationInt8WeightConfig,int8,8,True,False,pytorch_quantized_p95_latency,0.015059367550384195,pytorch,p95_latency,False,10,6,train
15,Int8WeightOnlyConfig,int8,8,False,True,pytorch_quantized_p99_latency,0.0008948392903039346,pytorch,p99_latency,False,10,6,train
16,Float8WeightOnlyConfig,float8,8,False,True,pytorch_quantized_p99_latency,0.001054262658835796,pytorch,p99_latency,False,10,6,train
17,Int8DynamicActivationInt8WeightConfig,int8,8,True,False,pytorch_quantized_p99_latency,0.015637412550568115,pytorch,p99_latency,False,10,6,train
18,Int8WeightOnlyConfig,int8,8,False,True,pytorch_relative_model_size,0.25,pytorch,model_size,True,10,6,train
19,Float8WeightOnlyConfig,float8,8,False,True,pytorch_relative_model_size,0.25,pytorch,model_size,True,10,6,train
20,Int8DynamicActivationInt8WeightConfig,int8,8,True,False,pytorch_relative_model_size,0.25,pytorch,model_size,True,10,6,train
21,Int8WeightOnlyConfig,int8,8,False,True,pytorch_relative_median_latency,2.51494662366835,pytorch,median_latency,True,10,6,train
22,Float8WeightOnlyConfig,float8,8,False,True,pytorch_relative_median_latency,2.883101522990272,pytorch,median_latency,True,10,6,train
23,Int8DynamicActivationInt8WeightConfig,int8,8,True,False,pytorch_relative_median_latency,48.79694751287068,pytorch,median_latency,True,10,6,train
24,Int8WeightOnlyConfig,int8,8,False,True,pytorch_relative_p95_latency,2.2364058996441027,pytorch,p95_latency,True,10,6,train
25,Float8WeightOnlyConfig,float8,8,False,True,pytorch_relative_p95_latency,2.648401915842393,pytorch,p95_latency,True,10,6,train
26,Int8DynamicActivationInt8WeightConfig,int8,8,True,False,pytorch_relative_p95_latency,43.60876080457078,pytorch,p95_latency,True,10,6,train
27,Int8WeightOnlyConfig,int8,8,False,True,pytorch_relative_p99_latency,2.2239889738589698,pytorch,p99_latency,True,10,6,train
28,Float8WeightOnlyConfig,float8,8,False,True,pytorch_relative_p99_latency,2.6202118684414026,pytorch,p99_latency,True,10,6,train
29,Int8DynamicActivationInt8WeightConfig,int8,8,True,False,pytorch_relative_p99_latency,38.86444579376382,pytorch,p99_latency,True,10,6,train
0,Int8WeightOnlyConfig,int8,8,False,True,pytorch_quantized_MAE,7.361265352954308,pytorch,MAE,False,10,6,test
1,Float8WeightOnlyConfig,float8,8,False,True,pytorch_quantized_MAE,7.351712216998986,pytorch,MAE,False,10,6,test
2,Int8DynamicActivationInt8WeightConfig,int8,8,True,False,pytorch_quantized_MAE,7.357514346419699,pytorch,MAE,False,10,6,test
3,Int8WeightOnlyConfig,int8,8,False,True,pytorch_relative_MAE,1.0011151545923445,pytorch,MAE,True,10,6,test
4,Float8WeightOnlyConfig,float8,8,False,True,pytorch_relative_MAE,0.9998159500778766,pytorch,MAE,True,10,6,test
5,Int8DynamicActivationInt8WeightConfig,int8,8,True,False,pytorch_relative_MAE,1.0006050263322261,pytorch,MAE,True,10,6,test
6,Int8WeightOnlyConfig,int8,8,False,True,pytorch_quantized_model_size,206337.0,pytorch,model_size,False,10,6,test
7,Float8WeightOnlyConfig,float8,8,False,True,pytorch_quantized_model_size,206337.0,pytorch,model_size,False,10,6,test
8,Int8DynamicActivationInt8WeightConfig,int8,8,True,False,pytorch_quantized_model_size,206337.0,pytorch,model_size,False,10,6,test
9,Int8WeightOnlyConfig,int8,8,False,True,pytorch_quantized_median_latency,0.0006597419996978715,pytorch,median_latency,False,10,6,test
10,Float8WeightOnlyConfig,float8,8,False,True,pytorch_quantized_median_latency,0.0007790220006427262,pytorch,median_latency,False,10,6,test
11,Int8DynamicActivationInt8WeightConfig,int8,8,True,False,pytorch_quantized_median_latency,0.013336352500118664,pytorch,median_latency,False,10,6,test
12,Int8WeightOnlyConfig,int8,8,False,True,pytorch_quantized_p95_latency,0.000758933598808653,pytorch,p95_latency,False,10,6,test
13,Float8WeightOnlyConfig,float8,8,False,True,pytorch_quantized_p95_latency,0.0008819483507977564,pytorch,p95_latency,False,10,6,test
14,Int8DynamicActivationInt8WeightConfig,int8,8,True,False,pytorch_quantized_p95_latency,0.014605487650987924,pytorch,p95_latency,False,10,6,test
15,Int8WeightOnlyConfig,int8,8,False,True,pytorch_quantized_p99_latency,0.0009359756367484805,pytorch,p99_latency,False,10,6,test
16,Float8WeightOnlyConfig,float8,8,False,True,pytorch_quantized_p99_latency,0.0009941786999843314,pytorch,p99_latency,False,10,6,test
17,Int8DynamicActivationInt8WeightConfig,int8,8,True,False,pytorch_quantized_p99_latency,0.015541891349384968,pytorch,p99_latency,False,10,6,test
18,Int8WeightOnlyConfig,int8,8,False,True,pytorch_relative_model_size,0.25,pytorch,model_size,True,10,6,test
19,Float8WeightOnlyConfig,float8,8,False,True,pytorch_relative_model_size,0.25,pytorch,model_size,True,10,6,test
20,Int8DynamicActivationInt8WeightConfig,int8,8,True,False,pytorch_relative_model_size,0.25,pytorch,model_size,True,10,6,test
21,Int8WeightOnlyConfig,int8,8,False,True,pytorch_relative_median_latency,2.402775190538767,pytorch,median_latency,True,10,6,test
22,Float8WeightOnlyConfig,float8,8,False,True,pytorch_relative_median_latency,2.8371920188276847,pytorch,median_latency,True,10,6,test
23,Int8DynamicActivationInt8WeightConfig,int8,8,True,False,pytorch_relative_median_latency,48.57089124876002,pytorch,median_latency,True,10,6,test
24,Int8WeightOnlyConfig,int8,8,False,True,pytorch_relative_p95_latency,2.329694757827515,pytorch,p95_latency,True,10,6,test
25,Float8WeightOnlyConfig,float8,8,False,True,pytorch_relative_p95_latency,2.7073125405878775,pytorch,p95_latency,True,10,6,test
26,Int8DynamicActivationInt8WeightConfig,int8,8,True,False,pytorch_relative_p95_latency,44.83439403583448,pytorch,p95_latency,True,10,6,test
27,Int8WeightOnlyConfig,int8,8,False,True,pytorch_relative_p99_latency,2.5974945098053173,pytorch,p99_latency,True,10,6,test
28,Float8WeightOnlyConfig,float8,8,False,True,pytorch_relative_p99_latency,2.759018091481195,pytorch,p99_latency,True,10,6,test
29,Int8DynamicActivationInt8WeightConfig,int8,8,True,False,pytorch_relative_p99_latency,43.13144046383614,pytorch,p99_latency,True,10,6,test
0,Int8WeightOnlyConfig,int8,8,False,True,pytorch_quantized_MAE,7.267792029703436,pytorch,MAE,False,10,7,train
1,Float8WeightOnlyConfig,float8,8,False,True,pytorch_quantized_MAE,7.257364874170344,pytorch,MAE,False,10,7,train
2,Int8DynamicActivationInt8WeightConfig,int8,8,True,False,pytorch_quantized_MAE,7.262726926206526,pytorch,MAE,False,10,7,train
3,Int8WeightOnlyConfig,int8,8,False,True,pytorch_relative_MAE,1.001234632690712,pytorch,MAE,True,10,7,train
4,Float8WeightOnlyConfig,float8,8,False,True,pytorch_relative_MAE,0.9997981538815336,pytorch,MAE,True,10,7,train
5,Int8DynamicActivationInt8WeightConfig,int8,8,True,False,pytorch_relative_MAE,1.0005368475836887,pytorch,MAE,True,10,7,train
6,Int8WeightOnlyConfig,int8,8,False,True,pytorch_quantized_model_size,206337.0,pytorch,model_size,False,10,7,train
7,Float8WeightOnlyConfig,float8,8,False,True,pytorch_quantized_model_size,206337.0,pytorch,model_size,False,10,7,train
8,Int8DynamicActivationInt8WeightConfig,int8,8,True,False,pytorch_quantized_model_size,206337.0,pytorch,model_size,False,10,7,train
9,Int8WeightOnlyConfig,int8,8,False,True,pytorch_quantized_median_latency,0.0006931679999979679,pytorch,median_latency,False,10,7,train
10,Float8WeightOnlyConfig,float8,8,False,True,pytorch_quantized_median_latency,0.0007787374997860752,pytorch,median_latency,False,10,7,train
11,Int8DynamicActivationInt8WeightConfig,int8,8,True,False,pytorch_quantized_median_latency,0.013187660500989296,pytorch,median_latency,False,10,7,train
12,Int8WeightOnlyConfig,int8,8,False,True,pytorch_quantized_p95_latency,0.0007893627498560816,pytorch,p95_latency,False,10,7,train
13,Float8WeightOnlyConfig,float8,8,False,True,pytorch_quantized_p95_latency,0.0008825541513942879,pytorch,p95_latency,False,10,7,train
14,Int8DynamicActivationInt8WeightConfig,int8,8,True,False,pytorch_quantized_p95_latency,0.014928013851385912,pytorch,p95_latency,False,10,7,train
15,Int8WeightOnlyConfig,int8,8,False,True,pytorch_quantized_p99_latency,0.0009071073194354538,pytorch,p99_latency,False,10,7,train
16,Float8WeightOnlyConfig,float8,8,False,True,pytorch_quantized_p99_latency,0.001055335962337267,pytorch,p99_latency,False,10,7,train
17,Int8DynamicActivationInt8WeightConfig,int8,8,True,False,pytorch_quantized_p99_latency,0.015546558560927223,pytorch,p99_latency,False,10,7,train
18,Int8WeightOnlyConfig,int8,8,False,True,pytorch_relative_model_size,0.25,pytorch,model_size,True,10,7,train
19,Float8WeightOnlyConfig,float8,8,False,True,pytorch_relative_model_size,0.25,pytorch,model_size,True,10,7,train
20,Int8DynamicActivationInt8WeightConfig,int8,8,True,False,pytorch_relative_model_size,0.25,pytorch,model_size,True,10,7,train
21,Int8WeightOnlyConfig,int8,8,False,True,pytorch_relative_median_latency,2.512197347136964,pytorch,median_latency,True,10,7,train
22,Float8WeightOnlyConfig,float8,8,False,True,pytorch_relative_median_latency,2.82232053569176,pytorch,median_latency,True,10,7,train
23,Int8DynamicActivationInt8WeightConfig,int8,8,True,False,pytorch_relative_median_latency,47.79505938765979,pytorch,median_latency,True,10,7,train
24,Int8WeightOnlyConfig,int8,8,False,True,pytorch_relative_p95_latency,2.150080606081112,pytorch,p95_latency,True,10,7,train
25,Float8WeightOnlyConfig,float8,8,False,True,pytorch_relative_p95_latency,2.4039170395045875,pytorch,p95_latency,True,10,7,train
26,Int8DynamicActivationInt8WeightConfig,int8,8,True,False,pytorch_relative_p95_latency,40.661195470684355,pytorch,p95_latency,True,10,7,train
27,Int8WeightOnlyConfig,int8,8,False,True,pytorch_relative_p99_latency,2.1360279768389283,pytorch,p99_latency,True,10,7,train
28,Float8WeightOnlyConfig,float8,8,False,True,pytorch_relative_p99_latency,2.4850721543285244,pytorch,p99_latency,True,10,7,train
29,Int8DynamicActivationInt8WeightConfig,int8,8,True,False,pytorch_relative_p99_latency,36.608550408757054,pytorch,p99_latency,True,10,7,train
0,Int8WeightOnlyConfig,int8,8,False,True,pytorch_quantized_MAE,7.098318758486355,pytorch,MAE,False,10,7,test
1,Float8WeightOnlyConfig,float8,8,False,True,pytorch_quantized_MAE,7.085874979157326,pytorch,MAE,False,10,7,test
2,Int8DynamicActivationInt8WeightConfig,int8,8,True,False,pytorch_quantized_MAE,7.100473936839925,pytorch,MAE,False,10,7,test
3,Int8WeightOnlyConfig,int8,8,False,True,pytorch_relative_MAE,1.0012565457316878,pytorch,MAE,True,10,7,test
4,Float8WeightOnlyConfig,float8,8,False,True,pytorch_relative_MAE,0.9995012828404665,pytorch,MAE,True,10,7,test
5,Int8DynamicActivationInt8WeightConfig,int8,8,True,False,pytorch_relative_MAE,1.00156054538388,pytorch,MAE,True,10,7,test
6,Int8WeightOnlyConfig,int8,8,False,True,pytorch_quantized_model_size,206337.0,pytorch,model_size,False,10,7,test
7,Float8WeightOnlyConfig,float8,8,False,True,pytorch_quantized_model_size,206337.0,pytorch,model_size,False,10,7,test
8,Int8DynamicActivationInt8WeightConfig,int8,8,True,False,pytorch_quantized_model_size,206337.0,pytorch,model_size,False,10,7,test
9,Int8WeightOnlyConfig,int8,8,False,True,pytorch_quantized_median_latency,0.0006982240010984242,pytorch,median_latency,False,10,7,test
10,Float8WeightOnlyConfig,float8,8,False,True,pytorch_quantized_median_latency,0.0007764269994368078,pytorch,median_latency,False,10,7,test
11,Int8DynamicActivationInt8WeightConfig,int8,8,True,False,pytorch_quantized_median_latency,0.01345930900060921,pytorch,median_latency,False,10,7,test
12,Int8WeightOnlyConfig,int8,8,False,True,pytorch_quantized_p95_latency,0.0007756004986731568,pytorch,p95_latency,False,10,7,test
13,Float8WeightOnlyConfig,float8,8,False,True,pytorch_quantized_p95_latency,0.000878497700250591,pytorch,p95_latency,False,10,7,test
14,Int8DynamicActivationInt8WeightConfig,int8,8,True,False,pytorch_quantized_p95_latency,0.014897258148084801,pytorch,p95_latency,False,10,7,test
15,Int8WeightOnlyConfig,int8,8,False,True,pytorch_quantized_p99_latency,0.000911030182069225,pytorch,p99_latency,False,10,7,test
16,Float8WeightOnlyConfig,float8,8,False,True,pytorch_quantized_p99_latency,0.0010061075004341546,pytorch,p99_latency,False,10,7,test
17,Int8DynamicActivationInt8WeightConfig,int8,8,True,False,pytorch_quantized_p99_latency,0.01611116825199133,pytorch,p99_latency,False,10,7,test
18,Int8WeightOnlyConfig,int8,8,False,True,pytorch_relative_model_size,0.25,pytorch,model_size,True,10,7,test
19,Float8WeightOnlyConfig,float8,8,False,True,pytorch_relative_model_size,0.25,pytorch,model_size,True,10,7,test
20,Int8DynamicActivationInt8WeightConfig,int8,8,True,False,pytorch_relative_model_size,0.25,pytorch,model_size,True,10,7,test
21,Int8WeightOnlyConfig,int8,8,False,True,pytorch_relative_median_latency,2.4864110448133294,pytorch,median_latency,True,10,7,test
22,Float8WeightOnlyConfig,float8,8,False,True,pytorch_relative_median_latency,2.7648958842061044,pytorch,median_latency,True,10,7,test
23,Int8DynamicActivationInt8WeightConfig,int8,8,True,False,pytorch_relative_median_latency,47.92928129371593,pytorch,median_latency,True,10,7,test
24,Int8WeightOnlyConfig,int8,8,False,True,pytorch_relative_p95_latency,2.2621367374114727,pytorch,p95_latency,True,10,7,test
25,Float8WeightOnlyConfig,float8,8,False,True,pytorch_relative_p95_latency,2.562249411737173,pytorch,p95_latency,True,10,7,test
26,Int8DynamicActivationInt8WeightConfig,int8,8,True,False,pytorch_relative_p95_latency,43.449733466051164,pytorch,p95_latency,True,10,7,test
27,Int8WeightOnlyConfig,int8,8,False,True,pytorch_relative_p99_latency,2.2621273234536785,pytorch,p99_latency,True,10,7,test
28,Float8WeightOnlyConfig,float8,8,False,True,pytorch_relative_p99_latency,2.4982084148896466,pytorch,p99_latency,True,10,7,test
29,Int8DynamicActivationInt8WeightConfig,int8,8,True,False,pytorch_relative_p99_latency,40.00472721201206,pytorch,p99_latency,True,10,7,test
0,Int8WeightOnlyConfig,int8,8,False,True,pytorch_quantized_MAE,7.290004000743085,pytorch,MAE,False,10,8,train
1,Float8WeightOnlyConfig,float8,8,False,True,pytorch_quantized_MAE,7.277201282011686,pytorch,MAE,False,10,8,train
2,Int8DynamicActivationInt8WeightConfig,int8,8,True,False,pytorch_quantized_MAE,7.284446837851473,pytorch,MAE,False,10,8,train
3,Int8WeightOnlyConfig,int8,8,False,True,pytorch_relative_MAE,1.001301258799459,pytorch,MAE,True,10,8,train
4,Float8WeightOnlyConfig,float8,8,False,True,pytorch_relative_MAE,0.9995427716462971,pytorch,MAE,True,10,8,train
5,Int8DynamicActivationInt8WeightConfig,int8,8,True,False,pytorch_relative_MAE,1.0005379678330675,pytorch,MAE,True,10,8,train
6,Int8WeightOnlyConfig,int8,8,False,True,pytorch_quantized_model_size,206337.0,pytorch,model_size,False,10,8,train
7,Float8WeightOnlyConfig,float8,8,False,True,pytorch_quantized_model_size,206337.0,pytorch,model_size,False,10,8,train
8,Int8DynamicActivationInt8WeightConfig,int8,8,True,False,pytorch_quantized_model_size,206337.0,pytorch,model_size,False,10,8,train
9,Int8WeightOnlyConfig,int8,8,False,True,pytorch_quantized_median_latency,0.0006888474999868777,pytorch,median_latency,False,10,8,train
10,Float8WeightOnlyConfig,float8,8,False,True,pytorch_quantized_median_latency,0.0007501609998143977,pytorch,median_latency,False,10,8,train
11,Int8DynamicActivationInt8WeightConfig,int8,8,True,False,pytorch_quantized_median_latency,0.013637242000186234,pytorch,median_latency,False,10,8,train
12,Int8WeightOnlyConfig,int8,8,False,True,pytorch_quantized_p95_latency,0.0008202371514926197,pytorch,p95_latency,False,10,8,train
13,Float8WeightOnlyConfig,float8,8,False,True,pytorch_quantized_p95_latency,0.0008511346519298967,pytorch,p95_latency,False,10,8,train
14,Int8DynamicActivationInt8WeightConfig,int8,8,True,False,pytorch_quantized_p95_latency,0.015168944700053543,pytorch,p95_latency,False,10,8,train
15,Int8WeightOnlyConfig,int8,8,False,True,pytorch_quantized_p99_latency,0.000988259780860971,pytorch,p99_latency,False,10,8,train
16,Float8WeightOnlyConfig,float8,8,False,True,pytorch_quantized_p99_latency,0.0009605496429503546,pytorch,p99_latency,False,10,8,train
17,Int8DynamicActivationInt8WeightConfig,int8,8,True,False,pytorch_quantized_p99_latency,0.016285303432377985,pytorch,p99_latency,False,10,8,train
18,Int8WeightOnlyConfig,int8,8,False,True,pytorch_relative_model_size,0.25,pytorch,model_size,True,10,8,train
19,Float8WeightOnlyConfig,float8,8,False,True,pytorch_relative_model_size,0.25,pytorch,model_size,True,10,8,train
20,Int8DynamicActivationInt8WeightConfig,int8,8,True,False,pytorch_relative_model_size,0.25,pytorch,model_size,True,10,8,train
21,Int8WeightOnlyConfig,int8,8,False,True,pytorch_relative_median_latency,2.5347734441912477,pytorch,median_latency,True,10,8,train
22,Float8WeightOnlyConfig,float8,8,False,True,pytorch_relative_median_latency,2.760390625259892,pytorch,median_latency,True,10,8,train
23,Int8DynamicActivationInt8WeightConfig,int8,8,True,False,pytorch_relative_median_latency,50.18138103824155,pytorch,median_latency,True,10,8,train
24,Int8WeightOnlyConfig,int8,8,False,True,pytorch_relative_p95_latency,2.460110555673756,pytorch,p95_latency,True,10,8,train
25,Float8WeightOnlyConfig,float8,8,False,True,pytorch_relative_p95_latency,2.552780421737929,pytorch,p95_latency,True,10,8,train
26,Int8DynamicActivationInt8WeightConfig,int8,8,True,False,pytorch_relative_p95_latency,45.49572145948936,pytorch,p95_latency,True,10,8,train
27,Int8WeightOnlyConfig,int8,8,False,True,pytorch_relative_p99_latency,2.517452155489325,pytorch,p99_latency,True,10,8,train
28,Float8WeightOnlyConfig,float8,8,False,True,pytorch_relative_p99_latency,2.4468644944684406,pytorch,p99_latency,True,10,8,train
29,Int8DynamicActivationInt8WeightConfig,int8,8,True,False,pytorch_relative_p99_latency,41.48450946057999,pytorch,p99_latency,True,10,8,train
0,Int8WeightOnlyConfig,int8,8,False,True,pytorch_quantized_MAE,7.346016866804178,pytorch,MAE,False,10,8,test
1,Float8WeightOnlyConfig,float8,8,False,True,pytorch_quantized_MAE,7.337887233759251,pytorch,MAE,False,10,8,test
2,Int8DynamicActivationInt8WeightConfig,int8,8,True,False,pytorch_quantized_MAE,7.342029646894109,pytorch,MAE,False,10,8,test
3,Int8WeightOnlyConfig,int8,8,False,True,pytorch_relative_MAE,1.0009058187930304,pytorch,MAE,True,10,8,test
4,Float8WeightOnlyConfig,float8,8,False,True,pytorch_relative_MAE,0.9997981440943663,pytorch,MAE,True,10,8,test
5,Int8DynamicActivationInt8WeightConfig,int8,8,True,False,pytorch_relative_MAE,1.0003625540985497,pytorch,MAE,True,10,8,test
6,Int8WeightOnlyConfig,int8,8,False,True,pytorch_quantized_model_size,206337.0,pytorch,model_size,False,10,8,test
7,Float8WeightOnlyConfig,float8,8,False,True,pytorch_quantized_model_size,206337.0,pytorch,model_size,False,10,8,test
8,Int8DynamicActivationInt8WeightConfig,int8,8,True,False,pytorch_quantized_model_size,206337.0,pytorch,model_size,False,10,8,test
9,Int8WeightOnlyConfig,int8,8,False,True,pytorch_quantized_median_latency,0.0007045524998829933,pytorch,median_latency,False,10,8,test
10,Float8WeightOnlyConfig,float8,8,False,True,pytorch_quantized_median_latency,0.0008041529999900376,pytorch,median_latency,False,10,8,test
11,Int8DynamicActivationInt8WeightConfig,int8,8,True,False,pytorch_quantized_median_latency,0.013292777999595273,pytorch,median_latency,False,10,8,test
12,Int8WeightOnlyConfig,int8,8,False,True,pytorch_quantized_p95_latency,0.0007809031991200754,pytorch,p95_latency,False,10,8,test
13,Float8WeightOnlyConfig,float8,8,False,True,pytorch_quantized_p95_latency,0.0009121077984673319,pytorch,p95_latency,False,10,8,test
14,Int8DynamicActivationInt8WeightConfig,int8,8,True,False,pytorch_quantized_p95_latency,0.01426475479711371,pytorch,p95_latency,False,10,8,test
15,Int8WeightOnlyConfig,int8,8,False,True,pytorch_quantized_p99_latency,0.0008998250831427867,pytorch,p99_latency,False,10,8,test
16,Float8WeightOnlyConfig,float8,8,False,True,pytorch_quantized_p99_latency,0.0010879544411363893,pytorch,p99_latency,False,10,8,test
17,Int8DynamicActivationInt8WeightConfig,int8,8,True,False,pytorch_quantized_p99_latency,0.014913372060582332,pytorch,p99_latency,False,10,8,test
18,Int8WeightOnlyConfig,int8,8,False,True,pytorch_relative_model_size,0.25,pytorch,model_size,True,10,8,test
19,Float8WeightOnlyConfig,float8,8,False,True,pytorch_relative_model_size,0.25,pytorch,model_size,True,10,8,test
20,Int8DynamicActivationInt8WeightConfig,int8,8,True,False,pytorch_relative_model_size,0.25,pytorch,model_size,True,10,8,test
21,Int8WeightOnlyConfig,int8,8,False,True,pytorch_relative_median_latency,2.503517809484961,pytorch,median_latency,True,10,8,test
22,Float8WeightOnlyConfig,float8,8,False,True,pytorch_relative_median_latency,2.857432707087346,pytorch,median_latency,True,10,8,test
23,Int8DynamicActivationInt8WeightConfig,int8,8,True,False,pytorch_relative_median_latency,47.23382070895116,pytorch,median_latency,True,10,8,test
24,Int8WeightOnlyConfig,int8,8,False,True,pytorch_relative_p95_latency,2.298272390120165,pytorch,p95_latency,True,10,8,test
25,Float8WeightOnlyConfig,float8,8,False,True,pytorch_relative_p95_latency,2.684420005440935,pytorch,p95_latency,True,10,8,test
26,Int8DynamicActivationInt8WeightConfig,int8,8,True,False,pytorch_relative_p95_latency,41.98253015096119,pytorch,p95_latency,True,10,8,test
27,Int8WeightOnlyConfig,int8,8,False,True,pytorch_relative_p99_latency,2.213118087339727,pytorch,p99_latency,True,10,8,test
28,Float8WeightOnlyConfig,float8,8,False,True,pytorch_relative_p99_latency,2.6758218869282797,pytorch,p99_latency,True,10,8,test
29,Int8DynamicActivationInt8WeightConfig,int8,8,True,False,pytorch_relative_p99_latency,36.67941033075687,pytorch,p99_latency,True,10,8,test
0,Int8WeightOnlyConfig,int8,8,False,True,pytorch_quantized_MAE,7.288950938885822,pytorch,MAE,False,10,9,train
1,Float8WeightOnlyConfig,float8,8,False,True,pytorch_quantized_MAE,7.276946754179741,pytorch,MAE,False,10,9,train
2,Int8DynamicActivationInt8WeightConfig,int8,8,True,False,pytorch_quantized_MAE,7.282934478460169,pytorch,MAE,False,10,9,train
3,Int8WeightOnlyConfig,int8,8,False,True,pytorch_relative_MAE,1.00123296978784,pytorch,MAE,True,10,9,train
4,Float8WeightOnlyConfig,float8,8,False,True,pytorch_relative_MAE,0.9995840376432934,pytorch,MAE,True,10,9,train
5,Int8DynamicActivationInt8WeightConfig,int8,8,True,False,pytorch_relative_MAE,1.0004065300724276,pytorch,MAE,True,10,9,train
6,Int8WeightOnlyConfig,int8,8,False,True,pytorch_quantized_model_size,206337.0,pytorch,model_size,False,10,9,train
7,Float8WeightOnlyConfig,float8,8,False,True,pytorch_quantized_model_size,206337.0,pytorch,model_size,False,10,9,train
8,Int8DynamicActivationInt8WeightConfig,int8,8,True,False,pytorch_quantized_model_size,206337.0,pytorch,model_size,False,10,9,train
9,Int8WeightOnlyConfig,int8,8,False,True,pytorch_quantized_median_latency,0.0006882130001031328,pytorch,median_latency,False,10,9,train
10,Float8WeightOnlyConfig,float8,8,False,True,pytorch_quantized_median_latency,0.0007769220010231948,pytorch,median_latency,False,10,9,train
11,Int8DynamicActivationInt8WeightConfig,int8,8,True,False,pytorch_quantized_median_latency,0.013685431500562117,pytorch,median_latency,False,10,9,train
12,Int8WeightOnlyConfig,int8,8,False,True,pytorch_quantized_p95_latency,0.0007863511504183401,pytorch,p95_latency,False,10,9,train
13,Float8WeightOnlyConfig,float8,8,False,True,pytorch_quantized_p95_latency,0.0008898581018002005,pytorch,p95_latency,False,10,9,train
14,Int8DynamicActivationInt8WeightConfig,int8,8,True,False,pytorch_quantized_p95_latency,0.01496003464981186,pytorch,p95_latency,False,10,9,train
15,Int8WeightOnlyConfig,int8,8,False,True,pytorch_quantized_p99_latency,0.0009085878787300316,pytorch,p99_latency,False,10,9,train
16,Float8WeightOnlyConfig,float8,8,False,True,pytorch_quantized_p99_latency,0.0010724817771915693,pytorch,p99_latency,False,10,9,train
17,Int8DynamicActivationInt8WeightConfig,int8,8,True,False,pytorch_quantized_p99_latency,0.01582210004195076,pytorch,p99_latency,False,10,9,train
18,Int8WeightOnlyConfig,int8,8,False,True,pytorch_relative_model_size,0.25,pytorch,model_size,True,10,9,train
19,Float8WeightOnlyConfig,float8,8,False,True,pytorch_relative_model_size,0.25,pytorch,model_size,True,10,9,train
20,Int8DynamicActivationInt8WeightConfig,int8,8,True,False,pytorch_relative_model_size,0.25,pytorch,model_size,True,10,9,train
21,Int8WeightOnlyConfig,int8,8,False,True,pytorch_relative_median_latency,2.5331004611626335,pytorch,median_latency,True,10,9,train
22,Float8WeightOnlyConfig,float8,8,False,True,pytorch_relative_median_latency,2.8596110198213793,pytorch,median_latency,True,10,9,train
23,Int8DynamicActivationInt8WeightConfig,int8,8,True,False,pytorch_relative_median_latency,50.37186574518142,pytorch,median_latency,True,10,9,train
24,Int8WeightOnlyConfig,int8,8,False,True,pytorch_relative_p95_latency,2.401969561835832,pytorch,p95_latency,True,10,9,train
25,Float8WeightOnlyConfig,float8,8,False,True,pytorch_relative_p95_latency,2.718139439027953,pytorch,p95_latency,True,10,9,train
26,Int8DynamicActivationInt8WeightConfig,int8,8,True,False,pytorch_relative_p95_latency,45.6965667993755,pytorch,p95_latency,True,10,9,train
27,Int8WeightOnlyConfig,int8,8,False,True,pytorch_relative_p99_latency,2.342109889522681,pytorch,p99_latency,True,10,9,train
28,Float8WeightOnlyConfig,float8,8,False,True,pytorch_relative_p99_latency,2.7645869326412025,pytorch,p99_latency,True,10,9,train
29,Int8DynamicActivationInt8WeightConfig,int8,8,True,False,pytorch_relative_p99_latency,40.78537458926509,pytorch,p99_latency,True,10,9,train
0,Int8WeightOnlyConfig,int8,8,False,True,pytorch_quantized_MAE,7.490990618098376,pytorch,MAE,False,10,9,test
1,Float8WeightOnlyConfig,float8,8,False,True,pytorch_quantized_MAE,7.490693932979149,pytorch,MAE,False,10,9,test
2,Int8DynamicActivationInt8WeightConfig,int8,8,True,False,pytorch_quantized_MAE,7.488791034228377,pytorch,MAE,False,10,9,test
3,Int8WeightOnlyConfig,int8,8,False,True,pytorch_relative_MAE,1.0008948303539542,pytorch,MAE,True,10,9,test
4,Float8WeightOnlyConfig,float8,8,False,True,pytorch_relative_MAE,1.0008551893215174,pytorch,MAE,True,10,9,test
5,Int8DynamicActivationInt8WeightConfig,int8,8,True,False,pytorch_relative_MAE,1.0006009370310749,pytorch,MAE,True,10,9,test
6,Int8WeightOnlyConfig,int8,8,False,True,pytorch_quantized_model_size,206337.0,pytorch,model_size,False,10,9,test
7,Float8WeightOnlyConfig,float8,8,False,True,pytorch_quantized_model_size,206337.0,pytorch,model_size,False,10,9,test
8,Int8DynamicActivationInt8WeightConfig,int8,8,True,False,pytorch_quantized_model_size,206337.0,pytorch,model_size,False,10,9,test
9,Int8WeightOnlyConfig,int8,8,False,True,pytorch_quantized_median_latency,0.0006918455019331304,pytorch,median_latency,False,10,9,test
10,Float8WeightOnlyConfig,float8,8,False,True,pytorch_quantized_median_latency,0.0007786300011503045,pytorch,median_latency,False,10,9,test
11,Int8DynamicActivationInt8WeightConfig,int8,8,True,False,pytorch_quantized_median_latency,0.013390855498073506,pytorch,median_latency,False,10,9,test
12,Int8WeightOnlyConfig,int8,8,False,True,pytorch_quantized_p95_latency,0.0007872361511545021,pytorch,p95_latency,False,10,9,test
13,Float8WeightOnlyConfig,float8,8,False,True,pytorch_quantized_p95_latency,0.0009065070489668868,pytorch,p95_latency,False,10,9,test
14,Int8DynamicActivationInt8WeightConfig,int8,8,True,False,pytorch_quantized_p95_latency,0.014539943099407536,pytorch,p95_latency,False,10,9,test
15,Int8WeightOnlyConfig,int8,8,False,True,pytorch_quantized_p99_latency,0.0009874530624074394,pytorch,p99_latency,False,10,9,test
16,Float8WeightOnlyConfig,float8,8,False,True,pytorch_quantized_p99_latency,0.0010885690878785679,pytorch,p99_latency,False,10,9,test
17,Int8DynamicActivationInt8WeightConfig,int8,8,True,False,pytorch_quantized_p99_latency,0.015483786369841252,pytorch,p99_latency,False,10,9,test
18,Int8WeightOnlyConfig,int8,8,False,True,pytorch_relative_model_size,0.25,pytorch,model_size,True,10,9,test
19,Float8WeightOnlyConfig,float8,8,False,True,pytorch_relative_model_size,0.25,pytorch,model_size,True,10,9,test
20,Int8DynamicActivationInt8WeightConfig,int8,8,True,False,pytorch_relative_model_size,0.25,pytorch,model_size,True,10,9,test
21,Int8WeightOnlyConfig,int8,8,False,True,pytorch_relative_median_latency,2.51198815172126,pytorch,median_latency,True,10,9,test
22,Float8WeightOnlyConfig,float8,8,False,True,pytorch_relative_median_latency,2.8270897649824165,pytorch,median_latency,True,10,9,test
23,Int8DynamicActivationInt8WeightConfig,int8,8,True,False,pytorch_relative_median_latency,48.62020531835929,pytorch,median_latency,True,10,9,test
24,Int8WeightOnlyConfig,int8,8,False,True,pytorch_relative_p95_latency,2.185519230204229,pytorch,p95_latency,True,10,9,test
25,Float8WeightOnlyConfig,float8,8,False,True,pytorch_relative_p95_latency,2.5166382221235057,pytorch,p95_latency,True,10,9,test
26,Int8DynamicActivationInt8WeightConfig,int8,8,True,False,pytorch_relative_p95_latency,40.36568341434546,pytorch,p95_latency,True,10,9,test
27,Int8WeightOnlyConfig,int8,8,False,True,pytorch_relative_p99_latency,2.068625363131662,pytorch,p99_latency,True,10,9,test
28,Float8WeightOnlyConfig,float8,8,False,True,pytorch_relative_p99_latency,2.2804543430314035,pytorch,p99_latency,True,10,9,test
29,Int8DynamicActivationInt8WeightConfig,int8,8,True,False,pytorch_relative_p99_latency,32.43713997288691,pytorch,p99_latency,True,10,9,test
0,Int8WeightOnlyConfig,int8,8,False,True,pytorch_quantized_MAE,7.292168780782013,pytorch,MAE,False,10,10,train
1,Float8WeightOnlyConfig,float8,8,False,True,pytorch_quantized_MAE,7.278829429159579,pytorch,MAE,False,10,10,train
2,Int8DynamicActivationInt8WeightConfig,int8,8,True,False,pytorch_quantized_MAE,7.286812354701095,pytorch,MAE,False,10,10,train
3,Int8WeightOnlyConfig,int8,8,False,True,pytorch_relative_MAE,1.0012944491044453,pytorch,MAE,True,10,10,train
4,Float8WeightOnlyConfig,float8,8,False,True,pytorch_relative_MAE,0.9994628103786118,pytorch,MAE,True,10,10,train
5,Int8DynamicActivationInt8WeightConfig,int8,8,True,False,pytorch_relative_MAE,1.0005589532782933,pytorch,MAE,True,10,10,train
6,Int8WeightOnlyConfig,int8,8,False,True,pytorch_quantized_model_size,206337.0,pytorch,model_size,False,10,10,train
7,Float8WeightOnlyConfig,float8,8,False,True,pytorch_quantized_model_size,206337.0,pytorch,model_size,False,10,10,train
8,Int8DynamicActivationInt8WeightConfig,int8,8,True,False,pytorch_quantized_model_size,206337.0,pytorch,model_size,False,10,10,train
9,Int8WeightOnlyConfig,int8,8,False,True,pytorch_quantized_median_latency,0.0007072245007293532,pytorch,median_latency,False,10,10,train
10,Float8WeightOnlyConfig,float8,8,False,True,pytorch_quantized_median_latency,0.0007684129996050615,pytorch,median_latency,False,10,10,train
11,Int8DynamicActivationInt8WeightConfig,int8,8,True,False,pytorch_quantized_median_latency,0.013670343501871685,pytorch,median_latency,False,10,10,train
12,Int8WeightOnlyConfig,int8,8,False,True,pytorch_quantized_p95_latency,0.0008121820996166206,pytorch,p95_latency,False,10,10,train
13,Float8WeightOnlyConfig,float8,8,False,True,pytorch_quantized_p95_latency,0.0008677117000843281,pytorch,p95_latency,False,10,10,train
14,Int8DynamicActivationInt8WeightConfig,int8,8,True,False,pytorch_quantized_p95_latency,0.01493253100070433,pytorch,p95_latency,False,10,10,train
15,Int8WeightOnlyConfig,int8,8,False,True,pytorch_quantized_p99_latency,0.0009289819780315148,pytorch,p99_latency,False,10,10,train
16,Float8WeightOnlyConfig,float8,8,False,True,pytorch_quantized_p99_latency,0.0010678599103266604,pytorch,p99_latency,False,10,10,train
17,Int8DynamicActivationInt8WeightConfig,int8,8,True,False,pytorch_quantized_p99_latency,0.01564792347831826,pytorch,p99_latency,False,10,10,train
18,Int8WeightOnlyConfig,int8,8,False,True,pytorch_relative_model_size,0.25,pytorch,model_size,True,10,10,train
19,Float8WeightOnlyConfig,float8,8,False,True,pytorch_relative_model_size,0.25,pytorch,model_size,True,10,10,train
20,Int8DynamicActivationInt8WeightConfig,int8,8,True,False,pytorch_relative_model_size,0.25,pytorch,model_size,True,10,10,train
21,Int8WeightOnlyConfig,int8,8,False,True,pytorch_relative_median_latency,2.630162890977782,pytorch,median_latency,True,10,10,train
22,Float8WeightOnlyConfig,float8,8,False,True,pytorch_relative_median_latency,2.8577224833442125,pytorch,median_latency,True,10,10,train
23,Int8DynamicActivationInt8WeightConfig,int8,8,True,False,pytorch_relative_median_latency,50.839910309190245,pytorch,median_latency,True,10,10,train
24,Int8WeightOnlyConfig,int8,8,False,True,pytorch_relative_p95_latency,2.5035023501000673,pytorch,p95_latency,True,10,10,train
25,Float8WeightOnlyConfig,float8,8,False,True,pytorch_relative_p95_latency,2.6746689952854825,pytorch,p95_latency,True,10,10,train
26,Int8DynamicActivationInt8WeightConfig,int8,8,True,False,pytorch_relative_p95_latency,46.02862642608329,pytorch,p95_latency,True,10,10,train
27,Int8WeightOnlyConfig,int8,8,False,True,pytorch_relative_p99_latency,1.8719827509421216,pytorch,p99_latency,True,10,10,train
28,Float8WeightOnlyConfig,float8,8,False,True,pytorch_relative_p99_latency,2.151834351824524,pytorch,p99_latency,True,10,10,train
29,Int8DynamicActivationInt8WeightConfig,int8,8,True,False,pytorch_relative_p99_latency,31.53198181685319,pytorch,p99_latency,True,10,10,train
0,Int8WeightOnlyConfig,int8,8,False,True,pytorch_quantized_MAE,7.147639026085611,pytorch,MAE,False,10,10,test
1,Float8WeightOnlyConfig,float8,8,False,True,pytorch_quantized_MAE,7.14756144023906,pytorch,MAE,False,10,10,test
2,Int8DynamicActivationInt8WeightConfig,int8,8,True,False,pytorch_quantized_MAE,7.13962611272889,pytorch,MAE,False,10,10,test
3,Int8WeightOnlyConfig,int8,8,False,True,pytorch_relative_MAE,1.0013356115548178,pytorch,MAE,True,10,10,test
4,Float8WeightOnlyConfig,float8,8,False,True,pytorch_relative_MAE,1.0013247423054306,pytorch,MAE,True,10,10,test
5,Int8DynamicActivationInt8WeightConfig,int8,8,True,False,pytorch_relative_MAE,1.0002130568948655,pytorch,MAE,True,10,10,test
6,Int8WeightOnlyConfig,int8,8,False,True,pytorch_quantized_model_size,206337.0,pytorch,model_size,False,10,10,test
7,Float8WeightOnlyConfig,float8,8,False,True,pytorch_quantized_model_size,206337.0,pytorch,model_size,False,10,10,test
8,Int8DynamicActivationInt8WeightConfig,int8,8,True,False,pytorch_quantized_model_size,206337.0,pytorch,model_size,False,10,10,test
9,Int8WeightOnlyConfig,int8,8,False,True,pytorch_quantized_median_latency,0.000690460998157505,pytorch,median_latency,False,10,10,test
10,Float8WeightOnlyConfig,float8,8,False,True,pytorch_quantized_median_latency,0.0007474415015167324,pytorch,median_latency,False,10,10,test
11,Int8DynamicActivationInt8WeightConfig,int8,8,True,False,pytorch_quantized_median_latency,0.013420450002740836,pytorch,median_latency,False,10,10,test
12,Int8WeightOnlyConfig,int8,8,False,True,pytorch_quantized_p95_latency,0.0007698659504967508,pytorch,p95_latency,False,10,10,test
13,Float8WeightOnlyConfig,float8,8,False,True,pytorch_quantized_p95_latency,0.000879587997405906,pytorch,p95_latency,False,10,10,test
14,Int8DynamicActivationInt8WeightConfig,int8,8,True,False,pytorch_quantized_p95_latency,0.014300397300030453,pytorch,p95_latency,False,10,10,test
15,Int8WeightOnlyConfig,int8,8,False,True,pytorch_quantized_p99_latency,0.0008908373490703525,pytorch,p99_latency,False,10,10,test
16,Float8WeightOnlyConfig,float8,8,False,True,pytorch_quantized_p99_latency,0.001137452658185793,pytorch,p99_latency,False,10,10,test
17,Int8DynamicActivationInt8WeightConfig,int8,8,True,False,pytorch_quantized_p99_latency,0.014998190519363557,pytorch,p99_latency,False,10,10,test
18,Int8WeightOnlyConfig,int8,8,False,True,pytorch_relative_model_size,0.25,pytorch,model_size,True,10,10,test
19,Float8WeightOnlyConfig,float8,8,False,True,pytorch_relative_model_size,0.25,pytorch,model_size,True,10,10,test
20,Int8DynamicActivationInt8WeightConfig,int8,8,True,False,pytorch_relative_model_size,0.25,pytorch,model_size,True,10,10,test
21,Int8WeightOnlyConfig,int8,8,False,True,pytorch_relative_median_latency,2.4882329348452066,pytorch,median_latency,True,10,10,test
22,Float8WeightOnlyConfig,float8,8,False,True,pytorch_relative_median_latency,2.6935751127246665,pytorch,median_latency,True,10,10,test
23,Int8DynamicActivationInt8WeightConfig,int8,8,True,False,pytorch_relative_median_latency,48.363637897539405,pytorch,median_latency,True,10,10,test
24,Int8WeightOnlyConfig,int8,8,False,True,pytorch_relative_p95_latency,2.2792845024194266,pytorch,p95_latency,True,10,10,test
25,Float8WeightOnlyConfig,float8,8,False,True,pytorch_relative_p95_latency,2.6041303550414416,pytorch,p95_latency,True,10,10,test
26,Int8DynamicActivationInt8WeightConfig,int8,8,True,False,pytorch_relative_p95_latency,42.338116036134,pytorch,p95_latency,True,10,10,test
27,Int8WeightOnlyConfig,int8,8,False,True,pytorch_relative_p99_latency,1.7631200416479247,pytorch,p99_latency,True,10,10,test
28,Float8WeightOnlyConfig,float8,8,False,True,pytorch_relative_p99_latency,2.251214074225686,pytorch,p99_latency,True,10,10,test
29,Int8DynamicActivationInt8WeightConfig,int8,8,True,False,pytorch_relative_p99_latency,29.68399373997895,pytorch,p99_latency,True,10,10,test
