,hidden_layer_1_neurons,hidden_layer_2_neurons,hidden_layer_3_neurons,total_hidden_neurons,neurons_per_layer,activation,model_ID,config_name,precision,bits_per_weight,dynamic_calibration,weight_only,metric,value,runtime,base_metric,relative,eval_run
0,197,64,35,296,"[197, 64, 35]",gelu,model_1,Int8WeightOnlyConfig,int8,8.0,False,True,pytorch_quantized_MAE,9.109647160527398,pytorch,MAE,False,1.0
1,197,64,35,296,"[197, 64, 35]",gelu,model_1,Float8WeightOnlyConfig,float8,8.0,False,True,pytorch_quantized_MAE,9.092921331482795,pytorch,MAE,False,1.0
2,197,64,35,296,"[197, 64, 35]",gelu,model_1,Int8WeightOnlyConfig,int8,8.0,False,True,pytorch_relative_MAE,1.0019496138003807,pytorch,MAE,True,1.0
3,197,64,35,296,"[197, 64, 35]",gelu,model_1,Float8WeightOnlyConfig,float8,8.0,False,True,pytorch_relative_MAE,1.0001099774614073,pytorch,MAE,True,1.0
4,197,64,35,296,"[197, 64, 35]",gelu,model_1,Int8WeightOnlyConfig,int8,8.0,False,True,pytorch_quantized_model_size,31137.0,pytorch,model_size,False,1.0
5,197,64,35,296,"[197, 64, 35]",gelu,model_1,Float8WeightOnlyConfig,float8,8.0,False,True,pytorch_quantized_model_size,31137.0,pytorch,model_size,False,1.0
6,197,64,35,296,"[197, 64, 35]",gelu,model_1,Int8WeightOnlyConfig,int8,8.0,False,True,pytorch_quantized_median_latency,0.0004218555986881256,pytorch,median_latency,False,1.0
7,197,64,35,296,"[197, 64, 35]",gelu,model_1,Float8WeightOnlyConfig,float8,8.0,False,True,pytorch_quantized_median_latency,0.0005146153271198273,pytorch,median_latency,False,1.0
8,197,64,35,296,"[197, 64, 35]",gelu,model_1,Int8WeightOnlyConfig,int8,8.0,False,True,pytorch_quantized_p95_latency,0.00043439362198114393,pytorch,p95_latency,False,1.0
9,197,64,35,296,"[197, 64, 35]",gelu,model_1,Float8WeightOnlyConfig,float8,8.0,False,True,pytorch_quantized_p95_latency,0.0005238745361566544,pytorch,p95_latency,False,1.0
10,197,64,35,296,"[197, 64, 35]",gelu,model_1,Int8WeightOnlyConfig,int8,8.0,False,True,pytorch_quantized_p99_latency,0.0004420709609985351,pytorch,p99_latency,False,1.0
11,197,64,35,296,"[197, 64, 35]",gelu,model_1,Float8WeightOnlyConfig,float8,8.0,False,True,pytorch_quantized_p99_latency,0.0005478421598672866,pytorch,p99_latency,False,1.0
12,197,64,35,296,"[197, 64, 35]",gelu,model_1,Int8WeightOnlyConfig,int8,8.0,False,True,pytorch_relative_model_size,0.25,pytorch,model_size,True,1.0
13,197,64,35,296,"[197, 64, 35]",gelu,model_1,Float8WeightOnlyConfig,float8,8.0,False,True,pytorch_relative_model_size,0.25,pytorch,model_size,True,1.0
14,197,64,35,296,"[197, 64, 35]",gelu,model_1,Int8WeightOnlyConfig,int8,8.0,False,True,pytorch_relative_median_latency,2.800811248655133,pytorch,median_latency,True,1.0
15,197,64,35,296,"[197, 64, 35]",gelu,model_1,Float8WeightOnlyConfig,float8,8.0,False,True,pytorch_relative_median_latency,3.4166676972162793,pytorch,median_latency,True,1.0
16,197,64,35,296,"[197, 64, 35]",gelu,model_1,Int8WeightOnlyConfig,int8,8.0,False,True,pytorch_relative_p95_latency,2.692475007706366,pytorch,p95_latency,True,1.0
17,197,64,35,296,"[197, 64, 35]",gelu,model_1,Float8WeightOnlyConfig,float8,8.0,False,True,pytorch_relative_p95_latency,3.247099000539157,pytorch,p95_latency,True,1.0
18,197,64,35,296,"[197, 64, 35]",gelu,model_1,Int8WeightOnlyConfig,int8,8.0,False,True,pytorch_relative_p99_latency,2.6698380514882065,pytorch,p99_latency,True,1.0
19,197,64,35,296,"[197, 64, 35]",gelu,model_1,Float8WeightOnlyConfig,float8,8.0,False,True,pytorch_relative_p99_latency,3.3086313593622667,pytorch,p99_latency,True,1.0
20,197,64,35,296,"[197, 64, 35]",gelu,model_1,Int8WeightOnlyConfig,int8,8.0,False,True,onnx_quantized_model_size,47079.0,onnx,model_size,False,1.0
21,197,64,35,296,"[197, 64, 35]",gelu,model_1,Float8WeightOnlyConfig,float8,8.0,False,True,onnx_quantized_model_size,,onnx,model_size,False,1.0
22,197,64,35,296,"[197, 64, 35]",gelu,model_1,Int8WeightOnlyConfig,int8,8.0,False,True,onnx_quantized_median_latency,0.00024768151342868805,onnx,median_latency,False,1.0
23,197,64,35,296,"[197, 64, 35]",gelu,model_1,Float8WeightOnlyConfig,float8,8.0,False,True,onnx_quantized_median_latency,,onnx,median_latency,False,1.0
24,197,64,35,296,"[197, 64, 35]",gelu,model_1,Int8WeightOnlyConfig,int8,8.0,False,True,onnx_quantized_p95_latency,0.0002562444657087326,onnx,p95_latency,False,1.0
25,197,64,35,296,"[197, 64, 35]",gelu,model_1,Float8WeightOnlyConfig,float8,8.0,False,True,onnx_quantized_p95_latency,,onnx,p95_latency,False,1.0
26,197,64,35,296,"[197, 64, 35]",gelu,model_1,Int8WeightOnlyConfig,int8,8.0,False,True,onnx_quantized_p99_latency,0.00025797855108976363,onnx,p99_latency,False,1.0
27,197,64,35,296,"[197, 64, 35]",gelu,model_1,Float8WeightOnlyConfig,float8,8.0,False,True,onnx_quantized_p99_latency,,onnx,p99_latency,False,1.0
28,197,64,35,296,"[197, 64, 35]",gelu,model_1,Int8WeightOnlyConfig,int8,8.0,False,True,onnx_relative_model_size,1.6343470110393667,onnx,model_size,True,1.0
29,197,64,35,296,"[197, 64, 35]",gelu,model_1,Float8WeightOnlyConfig,float8,8.0,False,True,onnx_relative_model_size,,onnx,model_size,True,1.0
30,197,64,35,296,"[197, 64, 35]",gelu,model_1,Int8WeightOnlyConfig,int8,8.0,False,True,onnx_relative_median_latency,1.302852159940429,onnx,median_latency,True,1.0
31,197,64,35,296,"[197, 64, 35]",gelu,model_1,Float8WeightOnlyConfig,float8,8.0,False,True,onnx_relative_median_latency,,onnx,median_latency,True,1.0
32,197,64,35,296,"[197, 64, 35]",gelu,model_1,Int8WeightOnlyConfig,int8,8.0,False,True,onnx_relative_p95_latency,1.284353632259197,onnx,p95_latency,True,1.0
33,197,64,35,296,"[197, 64, 35]",gelu,model_1,Float8WeightOnlyConfig,float8,8.0,False,True,onnx_relative_p95_latency,,onnx,p95_latency,True,1.0
34,197,64,35,296,"[197, 64, 35]",gelu,model_1,Int8WeightOnlyConfig,int8,8.0,False,True,onnx_relative_p99_latency,1.273328419032356,onnx,p99_latency,True,1.0
35,197,64,35,296,"[197, 64, 35]",gelu,model_1,Float8WeightOnlyConfig,float8,8.0,False,True,onnx_relative_p99_latency,,onnx,p99_latency,True,1.0
36,197,64,35,296,"[197, 64, 35]",gelu,model_1,Int8WeightOnlyConfig,int8,8.0,False,True,pt2_quantized_model_size,174497.0,pt2,model_size,False,1.0
37,197,64,35,296,"[197, 64, 35]",gelu,model_1,Float8WeightOnlyConfig,float8,8.0,False,True,pt2_quantized_model_size,153697.0,pt2,model_size,False,1.0
38,197,64,35,296,"[197, 64, 35]",gelu,model_1,Int8WeightOnlyConfig,int8,8.0,False,True,pt2_quantized_median_latency,0.0008977167308330536,pt2,median_latency,False,1.0
39,197,64,35,296,"[197, 64, 35]",gelu,model_1,Float8WeightOnlyConfig,float8,8.0,False,True,pt2_quantized_median_latency,0.0007256735116243362,pt2,median_latency,False,1.0
40,197,64,35,296,"[197, 64, 35]",gelu,model_1,Int8WeightOnlyConfig,int8,8.0,False,True,pt2_quantized_p95_latency,0.000908135436475277,pt2,p95_latency,False,1.0
41,197,64,35,296,"[197, 64, 35]",gelu,model_1,Float8WeightOnlyConfig,float8,8.0,False,True,pt2_quantized_p95_latency,0.0007411682978272438,pt2,p95_latency,False,1.0
42,197,64,35,296,"[197, 64, 35]",gelu,model_1,Int8WeightOnlyConfig,int8,8.0,False,True,pt2_quantized_p99_latency,0.0010386278107762336,pt2,p99_latency,False,1.0
43,197,64,35,296,"[197, 64, 35]",gelu,model_1,Float8WeightOnlyConfig,float8,8.0,False,True,pt2_quantized_p99_latency,0.0008970183506608008,pt2,p99_latency,False,1.0
44,197,64,35,296,"[197, 64, 35]",gelu,model_1,Int8WeightOnlyConfig,int8,8.0,False,True,pt2_relative_model_size,0.9240810663390403,pt2,model_size,True,1.0
45,197,64,35,296,"[197, 64, 35]",gelu,model_1,Float8WeightOnlyConfig,float8,8.0,False,True,pt2_relative_model_size,0.8139308277684515,pt2,model_size,True,1.0
46,197,64,35,296,"[197, 64, 35]",gelu,model_1,Int8WeightOnlyConfig,int8,8.0,False,True,pt2_relative_median_latency,1.1125325478753856,pt2,median_latency,True,1.0
47,197,64,35,296,"[197, 64, 35]",gelu,model_1,Float8WeightOnlyConfig,float8,8.0,False,True,pt2_relative_median_latency,0.8993208805008218,pt2,median_latency,True,1.0
48,197,64,35,296,"[197, 64, 35]",gelu,model_1,Int8WeightOnlyConfig,int8,8.0,False,True,pt2_relative_p95_latency,1.0893204252257727,pt2,p95_latency,True,1.0
49,197,64,35,296,"[197, 64, 35]",gelu,model_1,Float8WeightOnlyConfig,float8,8.0,False,True,pt2_relative_p95_latency,0.8890411418000153,pt2,p95_latency,True,1.0
50,197,64,35,296,"[197, 64, 35]",gelu,model_1,Int8WeightOnlyConfig,int8,8.0,False,True,pt2_relative_p99_latency,1.0236391071368516,pt2,p99_latency,True,1.0
51,197,64,35,296,"[197, 64, 35]",gelu,model_1,Float8WeightOnlyConfig,float8,8.0,False,True,pt2_relative_p99_latency,0.8840732493669181,pt2,p99_latency,True,1.0
52,197,64,35,296,"[197, 64, 35]",gelu,model_1,Int8WeightOnlyConfig,int8,8.0,False,True,pytorch_quantized_MAE,9.196654756677004,pytorch,MAE,False,2.0
53,197,64,35,296,"[197, 64, 35]",gelu,model_1,Float8WeightOnlyConfig,float8,8.0,False,True,pytorch_quantized_MAE,9.186002711585862,pytorch,MAE,False,2.0
54,197,64,35,296,"[197, 64, 35]",gelu,model_1,Int8WeightOnlyConfig,int8,8.0,False,True,pytorch_relative_MAE,1.0017422014071626,pytorch,MAE,True,2.0
55,197,64,35,296,"[197, 64, 35]",gelu,model_1,Float8WeightOnlyConfig,float8,8.0,False,True,pytorch_relative_MAE,1.000581931354474,pytorch,MAE,True,2.0
56,197,64,35,296,"[197, 64, 35]",gelu,model_1,Int8WeightOnlyConfig,int8,8.0,False,True,pytorch_quantized_model_size,31137.0,pytorch,model_size,False,2.0
57,197,64,35,296,"[197, 64, 35]",gelu,model_1,Float8WeightOnlyConfig,float8,8.0,False,True,pytorch_quantized_model_size,31137.0,pytorch,model_size,False,2.0
58,197,64,35,296,"[197, 64, 35]",gelu,model_1,Int8WeightOnlyConfig,int8,8.0,False,True,pytorch_quantized_median_latency,0.00042397528886795044,pytorch,median_latency,False,2.0
59,197,64,35,296,"[197, 64, 35]",gelu,model_1,Float8WeightOnlyConfig,float8,8.0,False,True,pytorch_quantized_median_latency,0.0005786288529634476,pytorch,median_latency,False,2.0
60,197,64,35,296,"[197, 64, 35]",gelu,model_1,Int8WeightOnlyConfig,int8,8.0,False,True,pytorch_quantized_p95_latency,0.0004358673468232155,pytorch,p95_latency,False,2.0
61,197,64,35,296,"[197, 64, 35]",gelu,model_1,Float8WeightOnlyConfig,float8,8.0,False,True,pytorch_quantized_p95_latency,0.000585821270942688,pytorch,p95_latency,False,2.0
62,197,64,35,296,"[197, 64, 35]",gelu,model_1,Int8WeightOnlyConfig,int8,8.0,False,True,pytorch_quantized_p99_latency,0.0004385755956172943,pytorch,p99_latency,False,2.0
63,197,64,35,296,"[197, 64, 35]",gelu,model_1,Float8WeightOnlyConfig,float8,8.0,False,True,pytorch_quantized_p99_latency,0.000589478649199009,pytorch,p99_latency,False,2.0
64,197,64,35,296,"[197, 64, 35]",gelu,model_1,Int8WeightOnlyConfig,int8,8.0,False,True,pytorch_relative_model_size,0.25,pytorch,model_size,True,2.0
65,197,64,35,296,"[197, 64, 35]",gelu,model_1,Float8WeightOnlyConfig,float8,8.0,False,True,pytorch_relative_model_size,0.25,pytorch,model_size,True,2.0
66,197,64,35,296,"[197, 64, 35]",gelu,model_1,Int8WeightOnlyConfig,int8,8.0,False,True,pytorch_relative_median_latency,2.8132840598697304,pytorch,median_latency,True,2.0
67,197,64,35,296,"[197, 64, 35]",gelu,model_1,Float8WeightOnlyConfig,float8,8.0,False,True,pytorch_relative_median_latency,3.8394863365015017,pytorch,median_latency,True,2.0
68,197,64,35,296,"[197, 64, 35]",gelu,model_1,Int8WeightOnlyConfig,int8,8.0,False,True,pytorch_relative_p95_latency,2.7033198208449676,pytorch,p95_latency,True,2.0
69,197,64,35,296,"[197, 64, 35]",gelu,model_1,Float8WeightOnlyConfig,float8,8.0,False,True,pytorch_relative_p95_latency,3.633358325082976,pytorch,p95_latency,True,2.0
70,197,64,35,296,"[197, 64, 35]",gelu,model_1,Int8WeightOnlyConfig,int8,8.0,False,True,pytorch_relative_p99_latency,2.6602814678666067,pytorch,p99_latency,True,2.0
71,197,64,35,296,"[197, 64, 35]",gelu,model_1,Float8WeightOnlyConfig,float8,8.0,False,True,pytorch_relative_p99_latency,3.5756187572633973,pytorch,p99_latency,True,2.0
72,197,64,35,296,"[197, 64, 35]",gelu,model_1,Int8WeightOnlyConfig,int8,8.0,False,True,onnx_quantized_model_size,47079.0,onnx,model_size,False,2.0
73,197,64,35,296,"[197, 64, 35]",gelu,model_1,Float8WeightOnlyConfig,float8,8.0,False,True,onnx_quantized_model_size,,onnx,model_size,False,2.0
74,197,64,35,296,"[197, 64, 35]",gelu,model_1,Int8WeightOnlyConfig,int8,8.0,False,True,onnx_quantized_median_latency,0.00024406053125858307,onnx,median_latency,False,2.0
75,197,64,35,296,"[197, 64, 35]",gelu,model_1,Float8WeightOnlyConfig,float8,8.0,False,True,onnx_quantized_median_latency,,onnx,median_latency,False,2.0
76,197,64,35,296,"[197, 64, 35]",gelu,model_1,Int8WeightOnlyConfig,int8,8.0,False,True,onnx_quantized_p95_latency,0.0002518534660339355,onnx,p95_latency,False,2.0
77,197,64,35,296,"[197, 64, 35]",gelu,model_1,Float8WeightOnlyConfig,float8,8.0,False,True,onnx_quantized_p95_latency,,onnx,p95_latency,False,2.0
78,197,64,35,296,"[197, 64, 35]",gelu,model_1,Int8WeightOnlyConfig,int8,8.0,False,True,onnx_quantized_p99_latency,0.00025371011346578596,onnx,p99_latency,False,2.0
79,197,64,35,296,"[197, 64, 35]",gelu,model_1,Float8WeightOnlyConfig,float8,8.0,False,True,onnx_quantized_p99_latency,,onnx,p99_latency,False,2.0
80,197,64,35,296,"[197, 64, 35]",gelu,model_1,Int8WeightOnlyConfig,int8,8.0,False,True,onnx_relative_model_size,1.6343470110393667,onnx,model_size,True,2.0
81,197,64,35,296,"[197, 64, 35]",gelu,model_1,Float8WeightOnlyConfig,float8,8.0,False,True,onnx_relative_model_size,,onnx,model_size,True,2.0
82,197,64,35,296,"[197, 64, 35]",gelu,model_1,Int8WeightOnlyConfig,int8,8.0,False,True,onnx_relative_median_latency,1.2744895874874769,onnx,median_latency,True,2.0
83,197,64,35,296,"[197, 64, 35]",gelu,model_1,Float8WeightOnlyConfig,float8,8.0,False,True,onnx_relative_median_latency,,onnx,median_latency,True,2.0
84,197,64,35,296,"[197, 64, 35]",gelu,model_1,Int8WeightOnlyConfig,int8,8.0,False,True,onnx_relative_p95_latency,1.2694261554017325,onnx,p95_latency,True,2.0
85,197,64,35,296,"[197, 64, 35]",gelu,model_1,Float8WeightOnlyConfig,float8,8.0,False,True,onnx_relative_p95_latency,,onnx,p95_latency,True,2.0
86,197,64,35,296,"[197, 64, 35]",gelu,model_1,Int8WeightOnlyConfig,int8,8.0,False,True,onnx_relative_p99_latency,1.2661591727152035,onnx,p99_latency,True,2.0
87,197,64,35,296,"[197, 64, 35]",gelu,model_1,Float8WeightOnlyConfig,float8,8.0,False,True,onnx_relative_p99_latency,,onnx,p99_latency,True,2.0
88,197,64,35,296,"[197, 64, 35]",gelu,model_1,Int8WeightOnlyConfig,int8,8.0,False,True,pt2_quantized_model_size,174497.0,pt2,model_size,False,2.0
89,197,64,35,296,"[197, 64, 35]",gelu,model_1,Float8WeightOnlyConfig,float8,8.0,False,True,pt2_quantized_model_size,153697.0,pt2,model_size,False,2.0
90,197,64,35,296,"[197, 64, 35]",gelu,model_1,Int8WeightOnlyConfig,int8,8.0,False,True,pt2_quantized_median_latency,0.0008979663252830505,pt2,median_latency,False,2.0
91,197,64,35,296,"[197, 64, 35]",gelu,model_1,Float8WeightOnlyConfig,float8,8.0,False,True,pt2_quantized_median_latency,0.00072520412504673,pt2,median_latency,False,2.0
92,197,64,35,296,"[197, 64, 35]",gelu,model_1,Int8WeightOnlyConfig,int8,8.0,False,True,pt2_quantized_p95_latency,0.0009157644584774971,pt2,p95_latency,False,2.0
93,197,64,35,296,"[197, 64, 35]",gelu,model_1,Float8WeightOnlyConfig,float8,8.0,False,True,pt2_quantized_p95_latency,0.0007493743672966957,pt2,p95_latency,False,2.0
94,197,64,35,296,"[197, 64, 35]",gelu,model_1,Int8WeightOnlyConfig,int8,8.0,False,True,pt2_quantized_p99_latency,0.0010372300446033478,pt2,p99_latency,False,2.0
95,197,64,35,296,"[197, 64, 35]",gelu,model_1,Float8WeightOnlyConfig,float8,8.0,False,True,pt2_quantized_p99_latency,0.0008677280694246291,pt2,p99_latency,False,2.0
96,197,64,35,296,"[197, 64, 35]",gelu,model_1,Int8WeightOnlyConfig,int8,8.0,False,True,pt2_relative_model_size,0.9240810663390403,pt2,model_size,True,2.0
97,197,64,35,296,"[197, 64, 35]",gelu,model_1,Float8WeightOnlyConfig,float8,8.0,False,True,pt2_relative_model_size,0.8139308277684515,pt2,model_size,True,2.0
98,197,64,35,296,"[197, 64, 35]",gelu,model_1,Int8WeightOnlyConfig,int8,8.0,False,True,pt2_relative_median_latency,1.710996198906165,pt2,median_latency,True,2.0
99,197,64,35,296,"[197, 64, 35]",gelu,model_1,Float8WeightOnlyConfig,float8,8.0,False,True,pt2_relative_median_latency,1.381812954951182,pt2,median_latency,True,2.0
100,197,64,35,296,"[197, 64, 35]",gelu,model_1,Int8WeightOnlyConfig,int8,8.0,False,True,pt2_relative_p95_latency,1.6857927675612807,pt2,p95_latency,True,2.0
101,197,64,35,296,"[197, 64, 35]",gelu,model_1,Float8WeightOnlyConfig,float8,8.0,False,True,pt2_relative_p95_latency,1.3794921574974215,pt2,p95_latency,True,2.0
102,197,64,35,296,"[197, 64, 35]",gelu,model_1,Int8WeightOnlyConfig,int8,8.0,False,True,pt2_relative_p99_latency,1.4447369013677582,pt2,p99_latency,True,2.0
103,197,64,35,296,"[197, 64, 35]",gelu,model_1,Float8WeightOnlyConfig,float8,8.0,False,True,pt2_relative_p99_latency,1.208641003770553,pt2,p99_latency,True,2.0
104,197,64,35,296,"[197, 64, 35]",gelu,model_1,Int8WeightOnlyConfig,int8,8.0,False,True,pytorch_quantized_MAE,8.959680365260098,pytorch,MAE,False,3.0
105,197,64,35,296,"[197, 64, 35]",gelu,model_1,Float8WeightOnlyConfig,float8,8.0,False,True,pytorch_quantized_MAE,8.943898241360683,pytorch,MAE,False,3.0
106,197,64,35,296,"[197, 64, 35]",gelu,model_1,Int8WeightOnlyConfig,int8,8.0,False,True,pytorch_relative_MAE,1.0018692805609972,pytorch,MAE,True,3.0
107,197,64,35,296,"[197, 64, 35]",gelu,model_1,Float8WeightOnlyConfig,float8,8.0,False,True,pytorch_relative_MAE,1.0001045273028186,pytorch,MAE,True,3.0
108,197,64,35,296,"[197, 64, 35]",gelu,model_1,Int8WeightOnlyConfig,int8,8.0,False,True,pytorch_quantized_model_size,31137.0,pytorch,model_size,False,3.0
109,197,64,35,296,"[197, 64, 35]",gelu,model_1,Float8WeightOnlyConfig,float8,8.0,False,True,pytorch_quantized_model_size,31137.0,pytorch,model_size,False,3.0
110,197,64,35,296,"[197, 64, 35]",gelu,model_1,Int8WeightOnlyConfig,int8,8.0,False,True,pytorch_quantized_median_latency,0.00042298249900341034,pytorch,median_latency,False,3.0
111,197,64,35,296,"[197, 64, 35]",gelu,model_1,Float8WeightOnlyConfig,float8,8.0,False,True,pytorch_quantized_median_latency,0.0005691982805728912,pytorch,median_latency,False,3.0
112,197,64,35,296,"[197, 64, 35]",gelu,model_1,Int8WeightOnlyConfig,int8,8.0,False,True,pytorch_quantized_p95_latency,0.0004773139953613281,pytorch,p95_latency,False,3.0
113,197,64,35,296,"[197, 64, 35]",gelu,model_1,Float8WeightOnlyConfig,float8,8.0,False,True,pytorch_quantized_p95_latency,0.000576883926987648,pytorch,p95_latency,False,3.0
114,197,64,35,296,"[197, 64, 35]",gelu,model_1,Int8WeightOnlyConfig,int8,8.0,False,True,pytorch_quantized_p99_latency,0.0004858102649450302,pytorch,p99_latency,False,3.0
115,197,64,35,296,"[197, 64, 35]",gelu,model_1,Float8WeightOnlyConfig,float8,8.0,False,True,pytorch_quantized_p99_latency,0.0005808552354574203,pytorch,p99_latency,False,3.0
116,197,64,35,296,"[197, 64, 35]",gelu,model_1,Int8WeightOnlyConfig,int8,8.0,False,True,pytorch_relative_model_size,0.25,pytorch,model_size,True,3.0
117,197,64,35,296,"[197, 64, 35]",gelu,model_1,Float8WeightOnlyConfig,float8,8.0,False,True,pytorch_relative_model_size,0.25,pytorch,model_size,True,3.0
118,197,64,35,296,"[197, 64, 35]",gelu,model_1,Int8WeightOnlyConfig,int8,8.0,False,True,pytorch_relative_median_latency,2.878089275303541,pytorch,median_latency,True,3.0
119,197,64,35,296,"[197, 64, 35]",gelu,model_1,Float8WeightOnlyConfig,float8,8.0,False,True,pytorch_relative_median_latency,3.8729816734683533,pytorch,median_latency,True,3.0
120,197,64,35,296,"[197, 64, 35]",gelu,model_1,Int8WeightOnlyConfig,int8,8.0,False,True,pytorch_relative_p95_latency,3.0258868149995455,pytorch,p95_latency,True,3.0
121,197,64,35,296,"[197, 64, 35]",gelu,model_1,Float8WeightOnlyConfig,float8,8.0,False,True,pytorch_relative_p95_latency,3.6571009553903218,pytorch,p95_latency,True,3.0
122,197,64,35,296,"[197, 64, 35]",gelu,model_1,Int8WeightOnlyConfig,int8,8.0,False,True,pytorch_relative_p99_latency,3.0204503737673782,pytorch,p99_latency,True,3.0
123,197,64,35,296,"[197, 64, 35]",gelu,model_1,Float8WeightOnlyConfig,float8,8.0,False,True,pytorch_relative_p99_latency,3.611377814836046,pytorch,p99_latency,True,3.0
124,197,64,35,296,"[197, 64, 35]",gelu,model_1,Int8WeightOnlyConfig,int8,8.0,False,True,onnx_quantized_model_size,47079.0,onnx,model_size,False,3.0
125,197,64,35,296,"[197, 64, 35]",gelu,model_1,Float8WeightOnlyConfig,float8,8.0,False,True,onnx_quantized_model_size,,onnx,model_size,False,3.0
126,197,64,35,296,"[197, 64, 35]",gelu,model_1,Int8WeightOnlyConfig,int8,8.0,False,True,onnx_quantized_median_latency,0.00024177506566047668,onnx,median_latency,False,3.0
127,197,64,35,296,"[197, 64, 35]",gelu,model_1,Float8WeightOnlyConfig,float8,8.0,False,True,onnx_quantized_median_latency,,onnx,median_latency,False,3.0
128,197,64,35,296,"[197, 64, 35]",gelu,model_1,Int8WeightOnlyConfig,int8,8.0,False,True,onnx_quantized_p95_latency,0.00025019217282533645,onnx,p95_latency,False,3.0
129,197,64,35,296,"[197, 64, 35]",gelu,model_1,Float8WeightOnlyConfig,float8,8.0,False,True,onnx_quantized_p95_latency,,onnx,p95_latency,False,3.0
130,197,64,35,296,"[197, 64, 35]",gelu,model_1,Int8WeightOnlyConfig,int8,8.0,False,True,onnx_quantized_p99_latency,0.00025462958961725235,onnx,p99_latency,False,3.0
131,197,64,35,296,"[197, 64, 35]",gelu,model_1,Float8WeightOnlyConfig,float8,8.0,False,True,onnx_quantized_p99_latency,,onnx,p99_latency,False,3.0
132,197,64,35,296,"[197, 64, 35]",gelu,model_1,Int8WeightOnlyConfig,int8,8.0,False,True,onnx_relative_model_size,1.6343470110393667,onnx,model_size,True,3.0
133,197,64,35,296,"[197, 64, 35]",gelu,model_1,Float8WeightOnlyConfig,float8,8.0,False,True,onnx_relative_model_size,,onnx,model_size,True,3.0
134,197,64,35,296,"[197, 64, 35]",gelu,model_1,Int8WeightOnlyConfig,int8,8.0,False,True,onnx_relative_median_latency,1.306196791917403,onnx,median_latency,True,3.0
135,197,64,35,296,"[197, 64, 35]",gelu,model_1,Float8WeightOnlyConfig,float8,8.0,False,True,onnx_relative_median_latency,,onnx,median_latency,True,3.0
136,197,64,35,296,"[197, 64, 35]",gelu,model_1,Int8WeightOnlyConfig,int8,8.0,False,True,onnx_relative_p95_latency,1.2722890630476007,onnx,p95_latency,True,3.0
137,197,64,35,296,"[197, 64, 35]",gelu,model_1,Float8WeightOnlyConfig,float8,8.0,False,True,onnx_relative_p95_latency,,onnx,p95_latency,True,3.0
138,197,64,35,296,"[197, 64, 35]",gelu,model_1,Int8WeightOnlyConfig,int8,8.0,False,True,onnx_relative_p99_latency,1.20402227327086,onnx,p99_latency,True,3.0
139,197,64,35,296,"[197, 64, 35]",gelu,model_1,Float8WeightOnlyConfig,float8,8.0,False,True,onnx_relative_p99_latency,,onnx,p99_latency,True,3.0
140,197,64,35,296,"[197, 64, 35]",gelu,model_1,Int8WeightOnlyConfig,int8,8.0,False,True,pt2_quantized_model_size,174497.0,pt2,model_size,False,3.0
141,197,64,35,296,"[197, 64, 35]",gelu,model_1,Float8WeightOnlyConfig,float8,8.0,False,True,pt2_quantized_model_size,153697.0,pt2,model_size,False,3.0
142,197,64,35,296,"[197, 64, 35]",gelu,model_1,Int8WeightOnlyConfig,int8,8.0,False,True,pt2_quantized_median_latency,0.0009009614586830139,pt2,median_latency,False,3.0
143,197,64,35,296,"[197, 64, 35]",gelu,model_1,Float8WeightOnlyConfig,float8,8.0,False,True,pt2_quantized_median_latency,0.0007260330021381378,pt2,median_latency,False,3.0
144,197,64,35,296,"[197, 64, 35]",gelu,model_1,Int8WeightOnlyConfig,int8,8.0,False,True,pt2_quantized_p95_latency,0.0009220991283655167,pt2,p95_latency,False,3.0
145,197,64,35,296,"[197, 64, 35]",gelu,model_1,Float8WeightOnlyConfig,float8,8.0,False,True,pt2_quantized_p95_latency,0.000737280584871769,pt2,p95_latency,False,3.0
146,197,64,35,296,"[197, 64, 35]",gelu,model_1,Int8WeightOnlyConfig,int8,8.0,False,True,pt2_quantized_p99_latency,0.0010628850758075713,pt2,p99_latency,False,3.0
147,197,64,35,296,"[197, 64, 35]",gelu,model_1,Float8WeightOnlyConfig,float8,8.0,False,True,pt2_quantized_p99_latency,0.0008657009527087211,pt2,p99_latency,False,3.0
148,197,64,35,296,"[197, 64, 35]",gelu,model_1,Int8WeightOnlyConfig,int8,8.0,False,True,pt2_relative_model_size,0.9240810663390403,pt2,model_size,True,3.0
149,197,64,35,296,"[197, 64, 35]",gelu,model_1,Float8WeightOnlyConfig,float8,8.0,False,True,pt2_relative_model_size,0.8139308277684515,pt2,model_size,True,3.0
150,197,64,35,296,"[197, 64, 35]",gelu,model_1,Int8WeightOnlyConfig,int8,8.0,False,True,pt2_relative_median_latency,1.745226515031246,pt2,median_latency,True,3.0
151,197,64,35,296,"[197, 64, 35]",gelu,model_1,Float8WeightOnlyConfig,float8,8.0,False,True,pt2_relative_median_latency,1.4063776356997504,pt2,median_latency,True,3.0
152,197,64,35,296,"[197, 64, 35]",gelu,model_1,Int8WeightOnlyConfig,int8,8.0,False,True,pt2_relative_p95_latency,1.7285498250493814,pt2,p95_latency,True,3.0
153,197,64,35,296,"[197, 64, 35]",gelu,model_1,Float8WeightOnlyConfig,float8,8.0,False,True,pt2_relative_p95_latency,1.382092431050671,pt2,p95_latency,True,3.0
154,197,64,35,296,"[197, 64, 35]",gelu,model_1,Int8WeightOnlyConfig,int8,8.0,False,True,pt2_relative_p99_latency,1.583047858844235,pt2,p99_latency,True,3.0
155,197,64,35,296,"[197, 64, 35]",gelu,model_1,Float8WeightOnlyConfig,float8,8.0,False,True,pt2_relative_p99_latency,1.2893642697388534,pt2,p99_latency,True,3.0
156,477,443,63,983,"[477, 443, 63]",elu,model_10,,,,,,,,,,,
157,701,64,203,968,"[701, 64, 203]",leaky_relu,model_11,,,,,,,,,,,
158,251,274,32,557,"[251, 274, 32]",leaky_relu,model_12,,,,,,,,,,,
159,355,85,87,527,"[355, 85, 87]",gelu,model_13,,,,,,,,,,,
160,820,329,131,1280,"[820, 329, 131]",relu,model_14,,,,,,,,,,,
161,595,140,50,785,"[595, 140, 50]",elu,model_15,,,,,,,,,,,
162,131,386,179,696,"[131, 386, 179]",relu,model_16,,,,,,,,,,,
163,140,163,61,364,"[140, 163, 61]",elu,model_17,,,,,,,,,,,
164,587,368,158,1113,"[587, 368, 158]",relu,model_18,,,,,,,,,,,
165,811,108,32,951,"[811, 108, 32]",relu,model_19,,,,,,,,,,,
166,643,250,194,1087,"[643, 250, 194]",elu,model_2,Int8WeightOnlyConfig,int8,8.0,False,True,pytorch_quantized_MAE,8.758814398118716,pytorch,MAE,False,1.0
167,643,250,194,1087,"[643, 250, 194]",elu,model_2,Float8WeightOnlyConfig,float8,8.0,False,True,pytorch_quantized_MAE,8.784784979115987,pytorch,MAE,False,1.0
168,643,250,194,1087,"[643, 250, 194]",elu,model_2,Int8WeightOnlyConfig,int8,8.0,False,True,pytorch_relative_MAE,1.0003155978762097,pytorch,MAE,True,1.0
169,643,250,194,1087,"[643, 250, 194]",elu,model_2,Float8WeightOnlyConfig,float8,8.0,False,True,pytorch_relative_MAE,1.0032816131468447,pytorch,MAE,True,1.0
170,643,250,194,1087,"[643, 250, 194]",elu,model_2,Int8WeightOnlyConfig,int8,8.0,False,True,pytorch_quantized_model_size,262615.0,pytorch,model_size,False,1.0
171,643,250,194,1087,"[643, 250, 194]",elu,model_2,Float8WeightOnlyConfig,float8,8.0,False,True,pytorch_quantized_model_size,262615.0,pytorch,model_size,False,1.0
172,643,250,194,1087,"[643, 250, 194]",elu,model_2,Int8WeightOnlyConfig,int8,8.0,False,True,pytorch_quantized_median_latency,0.0004794560372829437,pytorch,median_latency,False,1.0
173,643,250,194,1087,"[643, 250, 194]",elu,model_2,Float8WeightOnlyConfig,float8,8.0,False,True,pytorch_quantized_median_latency,0.0005260221660137177,pytorch,median_latency,False,1.0
174,643,250,194,1087,"[643, 250, 194]",elu,model_2,Int8WeightOnlyConfig,int8,8.0,False,True,pytorch_quantized_p95_latency,0.0004897242411971092,pytorch,p95_latency,False,1.0
175,643,250,194,1087,"[643, 250, 194]",elu,model_2,Float8WeightOnlyConfig,float8,8.0,False,True,pytorch_quantized_p95_latency,0.0005348468199372292,pytorch,p95_latency,False,1.0
176,643,250,194,1087,"[643, 250, 194]",elu,model_2,Int8WeightOnlyConfig,int8,8.0,False,True,pytorch_quantized_p99_latency,0.0004928863048553467,pytorch,p99_latency,False,1.0
177,643,250,194,1087,"[643, 250, 194]",elu,model_2,Float8WeightOnlyConfig,float8,8.0,False,True,pytorch_quantized_p99_latency,0.0005487422645092009,pytorch,p99_latency,False,1.0
178,643,250,194,1087,"[643, 250, 194]",elu,model_2,Int8WeightOnlyConfig,int8,8.0,False,True,pytorch_relative_model_size,0.25,pytorch,model_size,True,1.0
179,643,250,194,1087,"[643, 250, 194]",elu,model_2,Float8WeightOnlyConfig,float8,8.0,False,True,pytorch_relative_model_size,0.25,pytorch,model_size,True,1.0
180,643,250,194,1087,"[643, 250, 194]",elu,model_2,Int8WeightOnlyConfig,int8,8.0,False,True,pytorch_relative_median_latency,2.6040851012170325,pytorch,median_latency,True,1.0
181,643,250,194,1087,"[643, 250, 194]",elu,model_2,Float8WeightOnlyConfig,float8,8.0,False,True,pytorch_relative_median_latency,2.857001224114035,pytorch,median_latency,True,1.0
182,643,250,194,1087,"[643, 250, 194]",elu,model_2,Int8WeightOnlyConfig,int8,8.0,False,True,pytorch_relative_p95_latency,2.478821677068995,pytorch,p95_latency,True,1.0
183,643,250,194,1087,"[643, 250, 194]",elu,model_2,Float8WeightOnlyConfig,float8,8.0,False,True,pytorch_relative_p95_latency,2.7072172043821774,pytorch,p95_latency,True,1.0
184,643,250,194,1087,"[643, 250, 194]",elu,model_2,Int8WeightOnlyConfig,int8,8.0,False,True,pytorch_relative_p99_latency,2.4482432948546764,pytorch,p99_latency,True,1.0
185,643,250,194,1087,"[643, 250, 194]",elu,model_2,Float8WeightOnlyConfig,float8,8.0,False,True,pytorch_relative_p99_latency,2.7256885745330295,pytorch,p99_latency,True,1.0
186,643,250,194,1087,"[643, 250, 194]",elu,model_2,Int8WeightOnlyConfig,int8,8.0,False,True,onnx_quantized_model_size,32811.0,onnx,model_size,False,1.0
187,643,250,194,1087,"[643, 250, 194]",elu,model_2,Float8WeightOnlyConfig,float8,8.0,False,True,onnx_quantized_model_size,,onnx,model_size,False,1.0
188,643,250,194,1087,"[643, 250, 194]",elu,model_2,Int8WeightOnlyConfig,int8,8.0,False,True,onnx_quantized_median_latency,0.0006463509052991867,onnx,median_latency,False,1.0
189,643,250,194,1087,"[643, 250, 194]",elu,model_2,Float8WeightOnlyConfig,float8,8.0,False,True,onnx_quantized_median_latency,,onnx,median_latency,False,1.0
190,643,250,194,1087,"[643, 250, 194]",elu,model_2,Int8WeightOnlyConfig,int8,8.0,False,True,onnx_quantized_p95_latency,0.0006652133539319039,onnx,p95_latency,False,1.0
191,643,250,194,1087,"[643, 250, 194]",elu,model_2,Float8WeightOnlyConfig,float8,8.0,False,True,onnx_quantized_p95_latency,,onnx,p95_latency,False,1.0
192,643,250,194,1087,"[643, 250, 194]",elu,model_2,Int8WeightOnlyConfig,int8,8.0,False,True,onnx_quantized_p99_latency,0.000678815096616745,onnx,p99_latency,False,1.0
193,643,250,194,1087,"[643, 250, 194]",elu,model_2,Float8WeightOnlyConfig,float8,8.0,False,True,onnx_quantized_p99_latency,,onnx,p99_latency,False,1.0
194,643,250,194,1087,"[643, 250, 194]",elu,model_2,Int8WeightOnlyConfig,int8,8.0,False,True,onnx_relative_model_size,2.422727608358562,onnx,model_size,True,1.0
195,643,250,194,1087,"[643, 250, 194]",elu,model_2,Float8WeightOnlyConfig,float8,8.0,False,True,onnx_relative_model_size,,onnx,model_size,True,1.0
196,643,250,194,1087,"[643, 250, 194]",elu,model_2,Int8WeightOnlyConfig,int8,8.0,False,True,onnx_relative_median_latency,1.1521658288454004,onnx,median_latency,True,1.0
197,643,250,194,1087,"[643, 250, 194]",elu,model_2,Float8WeightOnlyConfig,float8,8.0,False,True,onnx_relative_median_latency,,onnx,median_latency,True,1.0
198,643,250,194,1087,"[643, 250, 194]",elu,model_2,Int8WeightOnlyConfig,int8,8.0,False,True,onnx_relative_p95_latency,1.0782644689980665,onnx,p95_latency,True,1.0
199,643,250,194,1087,"[643, 250, 194]",elu,model_2,Float8WeightOnlyConfig,float8,8.0,False,True,onnx_relative_p95_latency,,onnx,p95_latency,True,1.0
200,643,250,194,1087,"[643, 250, 194]",elu,model_2,Int8WeightOnlyConfig,int8,8.0,False,True,onnx_relative_p99_latency,1.064311022337747,onnx,p99_latency,True,1.0
201,643,250,194,1087,"[643, 250, 194]",elu,model_2,Float8WeightOnlyConfig,float8,8.0,False,True,onnx_relative_p99_latency,,onnx,p99_latency,True,1.0
202,643,250,194,1087,"[643, 250, 194]",elu,model_2,Int8WeightOnlyConfig,int8,8.0,False,True,pt2_quantized_model_size,411617.0,pt2,model_size,False,1.0
203,643,250,194,1087,"[643, 250, 194]",elu,model_2,Float8WeightOnlyConfig,float8,8.0,False,True,pt2_quantized_model_size,390817.0,pt2,model_size,False,1.0
204,643,250,194,1087,"[643, 250, 194]",elu,model_2,Int8WeightOnlyConfig,int8,8.0,False,True,pt2_quantized_median_latency,0.0008910372853279114,pt2,median_latency,False,1.0
205,643,250,194,1087,"[643, 250, 194]",elu,model_2,Float8WeightOnlyConfig,float8,8.0,False,True,pt2_quantized_median_latency,0.0007189474999904633,pt2,median_latency,False,1.0
206,643,250,194,1087,"[643, 250, 194]",elu,model_2,Int8WeightOnlyConfig,int8,8.0,False,True,pt2_quantized_p95_latency,0.0009078845381736755,pt2,p95_latency,False,1.0
207,643,250,194,1087,"[643, 250, 194]",elu,model_2,Float8WeightOnlyConfig,float8,8.0,False,True,pt2_quantized_p95_latency,0.0007297076284885406,pt2,p95_latency,False,1.0
208,643,250,194,1087,"[643, 250, 194]",elu,model_2,Int8WeightOnlyConfig,int8,8.0,False,True,pt2_quantized_p99_latency,0.001072757989168167,pt2,p99_latency,False,1.0
209,643,250,194,1087,"[643, 250, 194]",elu,model_2,Float8WeightOnlyConfig,float8,8.0,False,True,pt2_quantized_p99_latency,0.0008959007635712624,pt2,p99_latency,False,1.0
210,643,250,194,1087,"[643, 250, 194]",elu,model_2,Int8WeightOnlyConfig,int8,8.0,False,True,pt2_relative_model_size,0.3692344263692102,pt2,model_size,True,1.0
211,643,250,194,1087,"[643, 250, 194]",elu,model_2,Float8WeightOnlyConfig,float8,8.0,False,True,pt2_relative_model_size,0.35057612005902483,pt2,model_size,True,1.0
212,643,250,194,1087,"[643, 250, 194]",elu,model_2,Int8WeightOnlyConfig,int8,8.0,False,True,pt2_relative_median_latency,0.8649581056598042,pt2,median_latency,True,1.0
213,643,250,194,1087,"[643, 250, 194]",elu,model_2,Float8WeightOnlyConfig,float8,8.0,False,True,pt2_relative_median_latency,0.6979051021773485,pt2,median_latency,True,1.0
214,643,250,194,1087,"[643, 250, 194]",elu,model_2,Int8WeightOnlyConfig,int8,8.0,False,True,pt2_relative_p95_latency,0.8661402715044696,pt2,p95_latency,True,1.0
215,643,250,194,1087,"[643, 250, 194]",elu,model_2,Float8WeightOnlyConfig,float8,8.0,False,True,pt2_relative_p95_latency,0.6961558842376078,pt2,p95_latency,True,1.0
216,643,250,194,1087,"[643, 250, 194]",elu,model_2,Int8WeightOnlyConfig,int8,8.0,False,True,pt2_relative_p99_latency,0.8467309549894219,pt2,p99_latency,True,1.0
217,643,250,194,1087,"[643, 250, 194]",elu,model_2,Float8WeightOnlyConfig,float8,8.0,False,True,pt2_relative_p99_latency,0.7071370400165159,pt2,p99_latency,True,1.0
218,643,250,194,1087,"[643, 250, 194]",elu,model_2,Int8WeightOnlyConfig,int8,8.0,False,True,pytorch_quantized_MAE,8.964121404954653,pytorch,MAE,False,2.0
219,643,250,194,1087,"[643, 250, 194]",elu,model_2,Float8WeightOnlyConfig,float8,8.0,False,True,pytorch_quantized_MAE,8.98972843058919,pytorch,MAE,False,2.0
220,643,250,194,1087,"[643, 250, 194]",elu,model_2,Int8WeightOnlyConfig,int8,8.0,False,True,pytorch_relative_MAE,1.0002840786017901,pytorch,MAE,True,2.0
221,643,250,194,1087,"[643, 250, 194]",elu,model_2,Float8WeightOnlyConfig,float8,8.0,False,True,pytorch_relative_MAE,1.0031415030927635,pytorch,MAE,True,2.0
222,643,250,194,1087,"[643, 250, 194]",elu,model_2,Int8WeightOnlyConfig,int8,8.0,False,True,pytorch_quantized_model_size,262615.0,pytorch,model_size,False,2.0
223,643,250,194,1087,"[643, 250, 194]",elu,model_2,Float8WeightOnlyConfig,float8,8.0,False,True,pytorch_quantized_model_size,262615.0,pytorch,model_size,False,2.0
224,643,250,194,1087,"[643, 250, 194]",elu,model_2,Int8WeightOnlyConfig,int8,8.0,False,True,pytorch_quantized_median_latency,0.000492168590426445,pytorch,median_latency,False,2.0
225,643,250,194,1087,"[643, 250, 194]",elu,model_2,Float8WeightOnlyConfig,float8,8.0,False,True,pytorch_quantized_median_latency,0.0005358383059501648,pytorch,median_latency,False,2.0
226,643,250,194,1087,"[643, 250, 194]",elu,model_2,Int8WeightOnlyConfig,int8,8.0,False,True,pytorch_quantized_p95_latency,0.0005000991746783257,pytorch,p95_latency,False,2.0
227,643,250,194,1087,"[643, 250, 194]",elu,model_2,Float8WeightOnlyConfig,float8,8.0,False,True,pytorch_quantized_p95_latency,0.0005442311987280846,pytorch,p95_latency,False,2.0
228,643,250,194,1087,"[643, 250, 194]",elu,model_2,Int8WeightOnlyConfig,int8,8.0,False,True,pytorch_quantized_p99_latency,0.0005050906911492348,pytorch,p99_latency,False,2.0
229,643,250,194,1087,"[643, 250, 194]",elu,model_2,Float8WeightOnlyConfig,float8,8.0,False,True,pytorch_quantized_p99_latency,0.0005480985715985298,pytorch,p99_latency,False,2.0
230,643,250,194,1087,"[643, 250, 194]",elu,model_2,Int8WeightOnlyConfig,int8,8.0,False,True,pytorch_relative_model_size,0.25,pytorch,model_size,True,2.0
231,643,250,194,1087,"[643, 250, 194]",elu,model_2,Float8WeightOnlyConfig,float8,8.0,False,True,pytorch_relative_model_size,0.25,pytorch,model_size,True,2.0
232,643,250,194,1087,"[643, 250, 194]",elu,model_2,Int8WeightOnlyConfig,int8,8.0,False,True,pytorch_relative_median_latency,2.6331204097699032,pytorch,median_latency,True,2.0
233,643,250,194,1087,"[643, 250, 194]",elu,model_2,Float8WeightOnlyConfig,float8,8.0,False,True,pytorch_relative_median_latency,2.8667550249628797,pytorch,median_latency,True,2.0
234,643,250,194,1087,"[643, 250, 194]",elu,model_2,Int8WeightOnlyConfig,int8,8.0,False,True,pytorch_relative_p95_latency,2.5139838630087987,pytorch,p95_latency,True,2.0
235,643,250,194,1087,"[643, 250, 194]",elu,model_2,Float8WeightOnlyConfig,float8,8.0,False,True,pytorch_relative_p95_latency,2.735834251732943,pytorch,p95_latency,True,2.0
236,643,250,194,1087,"[643, 250, 194]",elu,model_2,Int8WeightOnlyConfig,int8,8.0,False,True,pytorch_relative_p99_latency,2.494782612215698,pytorch,p99_latency,True,2.0
237,643,250,194,1087,"[643, 250, 194]",elu,model_2,Float8WeightOnlyConfig,float8,8.0,False,True,pytorch_relative_p99_latency,2.707210428077882,pytorch,p99_latency,True,2.0
238,643,250,194,1087,"[643, 250, 194]",elu,model_2,Int8WeightOnlyConfig,int8,8.0,False,True,onnx_quantized_model_size,32811.0,onnx,model_size,False,2.0
239,643,250,194,1087,"[643, 250, 194]",elu,model_2,Float8WeightOnlyConfig,float8,8.0,False,True,onnx_quantized_model_size,,onnx,model_size,False,2.0
240,643,250,194,1087,"[643, 250, 194]",elu,model_2,Int8WeightOnlyConfig,int8,8.0,False,True,onnx_quantized_median_latency,0.0006507746875286102,onnx,median_latency,False,2.0
241,643,250,194,1087,"[643, 250, 194]",elu,model_2,Float8WeightOnlyConfig,float8,8.0,False,True,onnx_quantized_median_latency,,onnx,median_latency,False,2.0
242,643,250,194,1087,"[643, 250, 194]",elu,model_2,Int8WeightOnlyConfig,int8,8.0,False,True,onnx_quantized_p95_latency,0.0006650298833847046,onnx,p95_latency,False,2.0
243,643,250,194,1087,"[643, 250, 194]",elu,model_2,Float8WeightOnlyConfig,float8,8.0,False,True,onnx_quantized_p95_latency,,onnx,p95_latency,False,2.0
244,643,250,194,1087,"[643, 250, 194]",elu,model_2,Int8WeightOnlyConfig,int8,8.0,False,True,onnx_quantized_p99_latency,0.0006745541468262672,onnx,p99_latency,False,2.0
245,643,250,194,1087,"[643, 250, 194]",elu,model_2,Float8WeightOnlyConfig,float8,8.0,False,True,onnx_quantized_p99_latency,,onnx,p99_latency,False,2.0
246,643,250,194,1087,"[643, 250, 194]",elu,model_2,Int8WeightOnlyConfig,int8,8.0,False,True,onnx_relative_model_size,2.422727608358562,onnx,model_size,True,2.0
247,643,250,194,1087,"[643, 250, 194]",elu,model_2,Float8WeightOnlyConfig,float8,8.0,False,True,onnx_relative_model_size,,onnx,model_size,True,2.0
248,643,250,194,1087,"[643, 250, 194]",elu,model_2,Int8WeightOnlyConfig,int8,8.0,False,True,onnx_relative_median_latency,1.1972968619884925,onnx,median_latency,True,2.0
249,643,250,194,1087,"[643, 250, 194]",elu,model_2,Float8WeightOnlyConfig,float8,8.0,False,True,onnx_relative_median_latency,,onnx,median_latency,True,2.0
250,643,250,194,1087,"[643, 250, 194]",elu,model_2,Int8WeightOnlyConfig,int8,8.0,False,True,onnx_relative_p95_latency,1.1657070393601194,onnx,p95_latency,True,2.0
251,643,250,194,1087,"[643, 250, 194]",elu,model_2,Float8WeightOnlyConfig,float8,8.0,False,True,onnx_relative_p95_latency,,onnx,p95_latency,True,2.0
252,643,250,194,1087,"[643, 250, 194]",elu,model_2,Int8WeightOnlyConfig,int8,8.0,False,True,onnx_relative_p99_latency,1.1626818016155807,onnx,p99_latency,True,2.0
253,643,250,194,1087,"[643, 250, 194]",elu,model_2,Float8WeightOnlyConfig,float8,8.0,False,True,onnx_relative_p99_latency,,onnx,p99_latency,True,2.0
254,643,250,194,1087,"[643, 250, 194]",elu,model_2,Int8WeightOnlyConfig,int8,8.0,False,True,pt2_quantized_model_size,411617.0,pt2,model_size,False,2.0
255,643,250,194,1087,"[643, 250, 194]",elu,model_2,Float8WeightOnlyConfig,float8,8.0,False,True,pt2_quantized_model_size,390817.0,pt2,model_size,False,2.0
256,643,250,194,1087,"[643, 250, 194]",elu,model_2,Int8WeightOnlyConfig,int8,8.0,False,True,pt2_quantized_median_latency,0.0009130332618951797,pt2,median_latency,False,2.0
257,643,250,194,1087,"[643, 250, 194]",elu,model_2,Float8WeightOnlyConfig,float8,8.0,False,True,pt2_quantized_median_latency,0.0007379483431577682,pt2,median_latency,False,2.0
258,643,250,194,1087,"[643, 250, 194]",elu,model_2,Int8WeightOnlyConfig,int8,8.0,False,True,pt2_quantized_p95_latency,0.0009350636973977089,pt2,p95_latency,False,2.0
259,643,250,194,1087,"[643, 250, 194]",elu,model_2,Float8WeightOnlyConfig,float8,8.0,False,True,pt2_quantized_p95_latency,0.00075042974203825,pt2,p95_latency,False,2.0
260,643,250,194,1087,"[643, 250, 194]",elu,model_2,Int8WeightOnlyConfig,int8,8.0,False,True,pt2_quantized_p99_latency,0.0011071040853857994,pt2,p99_latency,False,2.0
261,643,250,194,1087,"[643, 250, 194]",elu,model_2,Float8WeightOnlyConfig,float8,8.0,False,True,pt2_quantized_p99_latency,0.0009254607185721397,pt2,p99_latency,False,2.0
262,643,250,194,1087,"[643, 250, 194]",elu,model_2,Int8WeightOnlyConfig,int8,8.0,False,True,pt2_relative_model_size,0.3692344263692102,pt2,model_size,True,2.0
263,643,250,194,1087,"[643, 250, 194]",elu,model_2,Float8WeightOnlyConfig,float8,8.0,False,True,pt2_relative_model_size,0.35057612005902483,pt2,model_size,True,2.0
264,643,250,194,1087,"[643, 250, 194]",elu,model_2,Int8WeightOnlyConfig,int8,8.0,False,True,pt2_relative_median_latency,0.8625801331402336,pt2,median_latency,True,2.0
265,643,250,194,1087,"[643, 250, 194]",elu,model_2,Float8WeightOnlyConfig,float8,8.0,False,True,pt2_relative_median_latency,0.6971701981266046,pt2,median_latency,True,2.0
266,643,250,194,1087,"[643, 250, 194]",elu,model_2,Int8WeightOnlyConfig,int8,8.0,False,True,pt2_relative_p95_latency,0.8633679689371656,pt2,p95_latency,True,2.0
267,643,250,194,1087,"[643, 250, 194]",elu,model_2,Float8WeightOnlyConfig,float8,8.0,False,True,pt2_relative_p95_latency,0.69289076671109,pt2,p95_latency,True,2.0
268,643,250,194,1087,"[643, 250, 194]",elu,model_2,Int8WeightOnlyConfig,int8,8.0,False,True,pt2_relative_p99_latency,0.8522755827078095,pt2,p99_latency,True,2.0
269,643,250,194,1087,"[643, 250, 194]",elu,model_2,Float8WeightOnlyConfig,float8,8.0,False,True,pt2_relative_p99_latency,0.7124421123596512,pt2,p99_latency,True,2.0
270,643,250,194,1087,"[643, 250, 194]",elu,model_2,Int8WeightOnlyConfig,int8,8.0,False,True,pytorch_quantized_MAE,9.122085951682205,pytorch,MAE,False,3.0
271,643,250,194,1087,"[643, 250, 194]",elu,model_2,Float8WeightOnlyConfig,float8,8.0,False,True,pytorch_quantized_MAE,9.146270486395649,pytorch,MAE,False,3.0
272,643,250,194,1087,"[643, 250, 194]",elu,model_2,Int8WeightOnlyConfig,int8,8.0,False,True,pytorch_relative_MAE,1.0002867658299068,pytorch,MAE,True,3.0
273,643,250,194,1087,"[643, 250, 194]",elu,model_2,Float8WeightOnlyConfig,float8,8.0,False,True,pytorch_relative_MAE,1.002938732730871,pytorch,MAE,True,3.0
274,643,250,194,1087,"[643, 250, 194]",elu,model_2,Int8WeightOnlyConfig,int8,8.0,False,True,pytorch_quantized_model_size,262615.0,pytorch,model_size,False,3.0
275,643,250,194,1087,"[643, 250, 194]",elu,model_2,Float8WeightOnlyConfig,float8,8.0,False,True,pytorch_quantized_model_size,262615.0,pytorch,model_size,False,3.0
276,643,250,194,1087,"[643, 250, 194]",elu,model_2,Int8WeightOnlyConfig,int8,8.0,False,True,pytorch_quantized_median_latency,0.0004942677915096283,pytorch,median_latency,False,3.0
277,643,250,194,1087,"[643, 250, 194]",elu,model_2,Float8WeightOnlyConfig,float8,8.0,False,True,pytorch_quantized_median_latency,0.000532759353518486,pytorch,median_latency,False,3.0
278,643,250,194,1087,"[643, 250, 194]",elu,model_2,Int8WeightOnlyConfig,int8,8.0,False,True,pytorch_quantized_p95_latency,0.0005031047388911247,pytorch,p95_latency,False,3.0
279,643,250,194,1087,"[643, 250, 194]",elu,model_2,Float8WeightOnlyConfig,float8,8.0,False,True,pytorch_quantized_p95_latency,0.0005469996482133866,pytorch,p95_latency,False,3.0
280,643,250,194,1087,"[643, 250, 194]",elu,model_2,Int8WeightOnlyConfig,int8,8.0,False,True,pytorch_quantized_p99_latency,0.0005080248415470123,pytorch,p99_latency,False,3.0
281,643,250,194,1087,"[643, 250, 194]",elu,model_2,Float8WeightOnlyConfig,float8,8.0,False,True,pytorch_quantized_p99_latency,0.000555657185614109,pytorch,p99_latency,False,3.0
282,643,250,194,1087,"[643, 250, 194]",elu,model_2,Int8WeightOnlyConfig,int8,8.0,False,True,pytorch_relative_model_size,0.25,pytorch,model_size,True,3.0
283,643,250,194,1087,"[643, 250, 194]",elu,model_2,Float8WeightOnlyConfig,float8,8.0,False,True,pytorch_relative_model_size,0.25,pytorch,model_size,True,3.0
284,643,250,194,1087,"[643, 250, 194]",elu,model_2,Int8WeightOnlyConfig,int8,8.0,False,True,pytorch_relative_median_latency,2.9372931448622444,pytorch,median_latency,True,3.0
285,643,250,194,1087,"[643, 250, 194]",elu,model_2,Float8WeightOnlyConfig,float8,8.0,False,True,pytorch_relative_median_latency,3.1660375687672264,pytorch,median_latency,True,3.0
286,643,250,194,1087,"[643, 250, 194]",elu,model_2,Int8WeightOnlyConfig,int8,8.0,False,True,pytorch_relative_p95_latency,2.7873068715146063,pytorch,p95_latency,True,3.0
287,643,250,194,1087,"[643, 250, 194]",elu,model_2,Float8WeightOnlyConfig,float8,8.0,False,True,pytorch_relative_p95_latency,3.030493971377977,pytorch,p95_latency,True,3.0
288,643,250,194,1087,"[643, 250, 194]",elu,model_2,Int8WeightOnlyConfig,int8,8.0,False,True,pytorch_relative_p99_latency,2.7799361379784964,pytorch,p99_latency,True,3.0
289,643,250,194,1087,"[643, 250, 194]",elu,model_2,Float8WeightOnlyConfig,float8,8.0,False,True,pytorch_relative_p99_latency,3.0405825941744657,pytorch,p99_latency,True,3.0
290,643,250,194,1087,"[643, 250, 194]",elu,model_2,Int8WeightOnlyConfig,int8,8.0,False,True,onnx_quantized_model_size,32811.0,onnx,model_size,False,3.0
291,643,250,194,1087,"[643, 250, 194]",elu,model_2,Float8WeightOnlyConfig,float8,8.0,False,True,onnx_quantized_model_size,,onnx,model_size,False,3.0
292,643,250,194,1087,"[643, 250, 194]",elu,model_2,Int8WeightOnlyConfig,int8,8.0,False,True,onnx_quantized_median_latency,0.000642038881778717,onnx,median_latency,False,3.0
293,643,250,194,1087,"[643, 250, 194]",elu,model_2,Float8WeightOnlyConfig,float8,8.0,False,True,onnx_quantized_median_latency,,onnx,median_latency,False,3.0
294,643,250,194,1087,"[643, 250, 194]",elu,model_2,Int8WeightOnlyConfig,int8,8.0,False,True,onnx_quantized_p95_latency,0.0006569268181920052,onnx,p95_latency,False,3.0
295,643,250,194,1087,"[643, 250, 194]",elu,model_2,Float8WeightOnlyConfig,float8,8.0,False,True,onnx_quantized_p95_latency,,onnx,p95_latency,False,3.0
296,643,250,194,1087,"[643, 250, 194]",elu,model_2,Int8WeightOnlyConfig,int8,8.0,False,True,onnx_quantized_p99_latency,0.0006653174012899399,onnx,p99_latency,False,3.0
297,643,250,194,1087,"[643, 250, 194]",elu,model_2,Float8WeightOnlyConfig,float8,8.0,False,True,onnx_quantized_p99_latency,,onnx,p99_latency,False,3.0
298,643,250,194,1087,"[643, 250, 194]",elu,model_2,Int8WeightOnlyConfig,int8,8.0,False,True,onnx_relative_model_size,2.422727608358562,onnx,model_size,True,3.0
299,643,250,194,1087,"[643, 250, 194]",elu,model_2,Float8WeightOnlyConfig,float8,8.0,False,True,onnx_relative_model_size,,onnx,model_size,True,3.0
300,643,250,194,1087,"[643, 250, 194]",elu,model_2,Int8WeightOnlyConfig,int8,8.0,False,True,onnx_relative_median_latency,1.1292417164086201,onnx,median_latency,True,3.0
301,643,250,194,1087,"[643, 250, 194]",elu,model_2,Float8WeightOnlyConfig,float8,8.0,False,True,onnx_relative_median_latency,,onnx,median_latency,True,3.0
302,643,250,194,1087,"[643, 250, 194]",elu,model_2,Int8WeightOnlyConfig,int8,8.0,False,True,onnx_relative_p95_latency,1.1083118779227203,onnx,p95_latency,True,3.0
303,643,250,194,1087,"[643, 250, 194]",elu,model_2,Float8WeightOnlyConfig,float8,8.0,False,True,onnx_relative_p95_latency,,onnx,p95_latency,True,3.0
304,643,250,194,1087,"[643, 250, 194]",elu,model_2,Int8WeightOnlyConfig,int8,8.0,False,True,onnx_relative_p99_latency,1.0996199181344137,onnx,p99_latency,True,3.0
305,643,250,194,1087,"[643, 250, 194]",elu,model_2,Float8WeightOnlyConfig,float8,8.0,False,True,onnx_relative_p99_latency,,onnx,p99_latency,True,3.0
306,643,250,194,1087,"[643, 250, 194]",elu,model_2,Int8WeightOnlyConfig,int8,8.0,False,True,pt2_quantized_model_size,411617.0,pt2,model_size,False,3.0
307,643,250,194,1087,"[643, 250, 194]",elu,model_2,Float8WeightOnlyConfig,float8,8.0,False,True,pt2_quantized_model_size,390817.0,pt2,model_size,False,3.0
308,643,250,194,1087,"[643, 250, 194]",elu,model_2,Int8WeightOnlyConfig,int8,8.0,False,True,pt2_quantized_median_latency,0.0009122993797063828,pt2,median_latency,False,3.0
309,643,250,194,1087,"[643, 250, 194]",elu,model_2,Float8WeightOnlyConfig,float8,8.0,False,True,pt2_quantized_median_latency,0.0007271766662597656,pt2,median_latency,False,3.0
310,643,250,194,1087,"[643, 250, 194]",elu,model_2,Int8WeightOnlyConfig,int8,8.0,False,True,pt2_quantized_p95_latency,0.0009550992399454117,pt2,p95_latency,False,3.0
311,643,250,194,1087,"[643, 250, 194]",elu,model_2,Float8WeightOnlyConfig,float8,8.0,False,True,pt2_quantized_p95_latency,0.000739889033138752,pt2,p95_latency,False,3.0
312,643,250,194,1087,"[643, 250, 194]",elu,model_2,Int8WeightOnlyConfig,int8,8.0,False,True,pt2_quantized_p99_latency,0.0010836101695895191,pt2,p99_latency,False,3.0
313,643,250,194,1087,"[643, 250, 194]",elu,model_2,Float8WeightOnlyConfig,float8,8.0,False,True,pt2_quantized_p99_latency,0.0009019091352820396,pt2,p99_latency,False,3.0
314,643,250,194,1087,"[643, 250, 194]",elu,model_2,Int8WeightOnlyConfig,int8,8.0,False,True,pt2_relative_model_size,0.3692344263692102,pt2,model_size,True,3.0
315,643,250,194,1087,"[643, 250, 194]",elu,model_2,Float8WeightOnlyConfig,float8,8.0,False,True,pt2_relative_model_size,0.35057612005902483,pt2,model_size,True,3.0
316,643,250,194,1087,"[643, 250, 194]",elu,model_2,Int8WeightOnlyConfig,int8,8.0,False,True,pt2_relative_median_latency,0.8490422452198936,pt2,median_latency,True,3.0
317,643,250,194,1087,"[643, 250, 194]",elu,model_2,Float8WeightOnlyConfig,float8,8.0,False,True,pt2_relative_median_latency,0.6767555948480594,pt2,median_latency,True,3.0
318,643,250,194,1087,"[643, 250, 194]",elu,model_2,Int8WeightOnlyConfig,int8,8.0,False,True,pt2_relative_p95_latency,0.6349351598788686,pt2,p95_latency,True,3.0
319,643,250,194,1087,"[643, 250, 194]",elu,model_2,Float8WeightOnlyConfig,float8,8.0,False,True,pt2_relative_p95_latency,0.4918667525852342,pt2,p95_latency,True,3.0
320,643,250,194,1087,"[643, 250, 194]",elu,model_2,Int8WeightOnlyConfig,int8,8.0,False,True,pt2_relative_p99_latency,0.7123873367399403,pt2,p99_latency,True,3.0
321,643,250,194,1087,"[643, 250, 194]",elu,model_2,Float8WeightOnlyConfig,float8,8.0,False,True,pt2_relative_p99_latency,0.5929333859134808,pt2,p99_latency,True,3.0
322,365,311,205,881,"[365, 311, 205]",celu,model_20,,,,,,,,,,,
323,259,64,134,457,"[259, 64, 134]",celu,model_21,,,,,,,,,,,
324,692,254,96,1042,"[692, 254, 96]",gelu,model_22,,,,,,,,,,,
325,467,219,170,856,"[467, 219, 170]",leaky_relu,model_23,,,,,,,,,,,
326,128,423,49,600,"[128, 423, 49]",relu,model_24,,,,,,,,,,,
327,128,83,185,396,"[128, 83, 185]",relu,model_25,,,,,,,,,,,
328,533,287,34,854,"[533, 287, 34]",gelu,model_26,,,,,,,,,,,
329,758,140,120,1018,"[758, 140, 120]",gelu,model_27,,,,,,,,,,,
330,307,342,109,758,"[307, 342, 109]",celu,model_28,,,,,,,,,,,
331,413,195,32,640,"[413, 195, 32]",celu,model_29,,,,,,,,,,,
332,868,173,100,1141,"[868, 173, 100]",relu,model_3,Int8WeightOnlyConfig,int8,8.0,False,True,pytorch_quantized_MAE,8.33018156322576,pytorch,MAE,False,1.0
333,868,173,100,1141,"[868, 173, 100]",relu,model_3,Float8WeightOnlyConfig,float8,8.0,False,True,pytorch_quantized_MAE,8.372575883694898,pytorch,MAE,False,1.0
334,868,173,100,1141,"[868, 173, 100]",relu,model_3,Int8WeightOnlyConfig,int8,8.0,False,True,pytorch_relative_MAE,1.0019734980537327,pytorch,MAE,True,1.0
335,868,173,100,1141,"[868, 173, 100]",relu,model_3,Float8WeightOnlyConfig,float8,8.0,False,True,pytorch_relative_MAE,1.0070727849366976,pytorch,MAE,True,1.0
336,868,173,100,1141,"[868, 173, 100]",relu,model_3,Int8WeightOnlyConfig,int8,8.0,False,True,pytorch_quantized_model_size,239014.0,pytorch,model_size,False,1.0
337,868,173,100,1141,"[868, 173, 100]",relu,model_3,Float8WeightOnlyConfig,float8,8.0,False,True,pytorch_quantized_model_size,239014.0,pytorch,model_size,False,1.0
338,868,173,100,1141,"[868, 173, 100]",relu,model_3,Int8WeightOnlyConfig,int8,8.0,False,True,pytorch_quantized_median_latency,0.00044443830847740173,pytorch,median_latency,False,1.0
339,868,173,100,1141,"[868, 173, 100]",relu,model_3,Float8WeightOnlyConfig,float8,8.0,False,True,pytorch_quantized_median_latency,0.0005410760641098022,pytorch,median_latency,False,1.0
340,868,173,100,1141,"[868, 173, 100]",relu,model_3,Int8WeightOnlyConfig,int8,8.0,False,True,pytorch_quantized_p95_latency,0.0004550877958536148,pytorch,p95_latency,False,1.0
341,868,173,100,1141,"[868, 173, 100]",relu,model_3,Float8WeightOnlyConfig,float8,8.0,False,True,pytorch_quantized_p95_latency,0.0005535023286938667,pytorch,p95_latency,False,1.0
342,868,173,100,1141,"[868, 173, 100]",relu,model_3,Int8WeightOnlyConfig,int8,8.0,False,True,pytorch_quantized_p99_latency,0.0004608871415257454,pytorch,p99_latency,False,1.0
343,868,173,100,1141,"[868, 173, 100]",relu,model_3,Float8WeightOnlyConfig,float8,8.0,False,True,pytorch_quantized_p99_latency,0.0005811645090579985,pytorch,p99_latency,False,1.0
344,868,173,100,1141,"[868, 173, 100]",relu,model_3,Int8WeightOnlyConfig,int8,8.0,False,True,pytorch_relative_model_size,0.25,pytorch,model_size,True,1.0
345,868,173,100,1141,"[868, 173, 100]",relu,model_3,Float8WeightOnlyConfig,float8,8.0,False,True,pytorch_relative_model_size,0.25,pytorch,model_size,True,1.0
346,868,173,100,1141,"[868, 173, 100]",relu,model_3,Int8WeightOnlyConfig,int8,8.0,False,True,pytorch_relative_median_latency,2.567754293831518,pytorch,median_latency,True,1.0
347,868,173,100,1141,"[868, 173, 100]",relu,model_3,Float8WeightOnlyConfig,float8,8.0,False,True,pytorch_relative_median_latency,3.126081528991434,pytorch,median_latency,True,1.0
348,868,173,100,1141,"[868, 173, 100]",relu,model_3,Int8WeightOnlyConfig,int8,8.0,False,True,pytorch_relative_p95_latency,2.4479904454354813,pytorch,p95_latency,True,1.0
349,868,173,100,1141,"[868, 173, 100]",relu,model_3,Float8WeightOnlyConfig,float8,8.0,False,True,pytorch_relative_p95_latency,2.977378045542489,pytorch,p95_latency,True,1.0
350,868,173,100,1141,"[868, 173, 100]",relu,model_3,Int8WeightOnlyConfig,int8,8.0,False,True,pytorch_relative_p99_latency,2.4032080860068676,pytorch,p99_latency,True,1.0
351,868,173,100,1141,"[868, 173, 100]",relu,model_3,Float8WeightOnlyConfig,float8,8.0,False,True,pytorch_relative_p99_latency,3.030371476289875,pytorch,p99_latency,True,1.0
352,868,173,100,1141,"[868, 173, 100]",relu,model_3,Int8WeightOnlyConfig,int8,8.0,False,True,onnx_quantized_model_size,32743.0,onnx,model_size,False,1.0
353,868,173,100,1141,"[868, 173, 100]",relu,model_3,Float8WeightOnlyConfig,float8,8.0,False,True,onnx_quantized_model_size,,onnx,model_size,False,1.0
354,868,173,100,1141,"[868, 173, 100]",relu,model_3,Int8WeightOnlyConfig,int8,8.0,False,True,onnx_quantized_median_latency,0.0004086904227733612,onnx,median_latency,False,1.0
355,868,173,100,1141,"[868, 173, 100]",relu,model_3,Float8WeightOnlyConfig,float8,8.0,False,True,onnx_quantized_median_latency,,onnx,median_latency,False,1.0
356,868,173,100,1141,"[868, 173, 100]",relu,model_3,Int8WeightOnlyConfig,int8,8.0,False,True,onnx_quantized_p95_latency,0.0005330687388777732,onnx,p95_latency,False,1.0
357,868,173,100,1141,"[868, 173, 100]",relu,model_3,Float8WeightOnlyConfig,float8,8.0,False,True,onnx_quantized_p95_latency,,onnx,p95_latency,False,1.0
358,868,173,100,1141,"[868, 173, 100]",relu,model_3,Int8WeightOnlyConfig,int8,8.0,False,True,onnx_quantized_p99_latency,0.0006883951649069787,onnx,p99_latency,False,1.0
359,868,173,100,1141,"[868, 173, 100]",relu,model_3,Float8WeightOnlyConfig,float8,8.0,False,True,onnx_quantized_p99_latency,,onnx,p99_latency,False,1.0
360,868,173,100,1141,"[868, 173, 100]",relu,model_3,Int8WeightOnlyConfig,int8,8.0,False,True,onnx_relative_model_size,2.4273852768922826,onnx,model_size,True,1.0
361,868,173,100,1141,"[868, 173, 100]",relu,model_3,Float8WeightOnlyConfig,float8,8.0,False,True,onnx_relative_model_size,,onnx,model_size,True,1.0
362,868,173,100,1141,"[868, 173, 100]",relu,model_3,Int8WeightOnlyConfig,int8,8.0,False,True,onnx_relative_median_latency,1.0970206340714668,onnx,median_latency,True,1.0
363,868,173,100,1141,"[868, 173, 100]",relu,model_3,Float8WeightOnlyConfig,float8,8.0,False,True,onnx_relative_median_latency,,onnx,median_latency,True,1.0
364,868,173,100,1141,"[868, 173, 100]",relu,model_3,Int8WeightOnlyConfig,int8,8.0,False,True,onnx_relative_p95_latency,1.346591633592671,onnx,p95_latency,True,1.0
365,868,173,100,1141,"[868, 173, 100]",relu,model_3,Float8WeightOnlyConfig,float8,8.0,False,True,onnx_relative_p95_latency,,onnx,p95_latency,True,1.0
366,868,173,100,1141,"[868, 173, 100]",relu,model_3,Int8WeightOnlyConfig,int8,8.0,False,True,onnx_relative_p99_latency,1.6866807206910521,onnx,p99_latency,True,1.0
367,868,173,100,1141,"[868, 173, 100]",relu,model_3,Float8WeightOnlyConfig,float8,8.0,False,True,onnx_relative_p99_latency,,onnx,p99_latency,True,1.0
368,868,173,100,1141,"[868, 173, 100]",relu,model_3,Int8WeightOnlyConfig,int8,8.0,False,True,pt2_quantized_model_size,388257.0,pt2,model_size,False,1.0
369,868,173,100,1141,"[868, 173, 100]",relu,model_3,Float8WeightOnlyConfig,float8,8.0,False,True,pt2_quantized_model_size,367521.0,pt2,model_size,False,1.0
370,868,173,100,1141,"[868, 173, 100]",relu,model_3,Int8WeightOnlyConfig,int8,8.0,False,True,pt2_quantized_median_latency,0.0009249355643987656,pt2,median_latency,False,1.0
371,868,173,100,1141,"[868, 173, 100]",relu,model_3,Float8WeightOnlyConfig,float8,8.0,False,True,pt2_quantized_median_latency,0.0007311981171369553,pt2,median_latency,False,1.0
372,868,173,100,1141,"[868, 173, 100]",relu,model_3,Int8WeightOnlyConfig,int8,8.0,False,True,pt2_quantized_p95_latency,0.0009639615193009376,pt2,p95_latency,False,1.0
373,868,173,100,1141,"[868, 173, 100]",relu,model_3,Float8WeightOnlyConfig,float8,8.0,False,True,pt2_quantized_p95_latency,0.0007649891078472137,pt2,p95_latency,False,1.0
374,868,173,100,1141,"[868, 173, 100]",relu,model_3,Int8WeightOnlyConfig,int8,8.0,False,True,pt2_quantized_p99_latency,0.0011132724583148956,pt2,p99_latency,False,1.0
375,868,173,100,1141,"[868, 173, 100]",relu,model_3,Float8WeightOnlyConfig,float8,8.0,False,True,pt2_quantized_p99_latency,0.0009373001754283904,pt2,p99_latency,False,1.0
376,868,173,100,1141,"[868, 173, 100]",relu,model_3,Int8WeightOnlyConfig,int8,8.0,False,True,pt2_relative_model_size,0.38054823441544633,pt2,model_size,True,1.0
377,868,173,100,1141,"[868, 173, 100]",relu,model_3,Float8WeightOnlyConfig,float8,8.0,False,True,pt2_relative_model_size,0.3602239435750012,pt2,model_size,True,1.0
378,868,173,100,1141,"[868, 173, 100]",relu,model_3,Int8WeightOnlyConfig,int8,8.0,False,True,pt2_relative_median_latency,1.3841044466185575,pt2,median_latency,True,1.0
379,868,173,100,1141,"[868, 173, 100]",relu,model_3,Float8WeightOnlyConfig,float8,8.0,False,True,pt2_relative_median_latency,1.0941892648989455,pt2,median_latency,True,1.0
380,868,173,100,1141,"[868, 173, 100]",relu,model_3,Int8WeightOnlyConfig,int8,8.0,False,True,pt2_relative_p95_latency,1.4002716542090843,pt2,p95_latency,True,1.0
381,868,173,100,1141,"[868, 173, 100]",relu,model_3,Float8WeightOnlyConfig,float8,8.0,False,True,pt2_relative_p95_latency,1.1112399634727905,pt2,p95_latency,True,1.0
382,868,173,100,1141,"[868, 173, 100]",relu,model_3,Int8WeightOnlyConfig,int8,8.0,False,True,pt2_relative_p99_latency,1.2787177025598335,pt2,p99_latency,True,1.0
383,868,173,100,1141,"[868, 173, 100]",relu,model_3,Float8WeightOnlyConfig,float8,8.0,False,True,pt2_relative_p99_latency,1.0765938903643528,pt2,p99_latency,True,1.0
384,868,173,100,1141,"[868, 173, 100]",relu,model_3,Int8WeightOnlyConfig,int8,8.0,False,True,pytorch_quantized_MAE,8.2130284565076,pytorch,MAE,False,2.0
385,868,173,100,1141,"[868, 173, 100]",relu,model_3,Float8WeightOnlyConfig,float8,8.0,False,True,pytorch_quantized_MAE,8.249692800240144,pytorch,MAE,False,2.0
386,868,173,100,1141,"[868, 173, 100]",relu,model_3,Int8WeightOnlyConfig,int8,8.0,False,True,pytorch_relative_MAE,1.0023482604162939,pytorch,MAE,True,2.0
387,868,173,100,1141,"[868, 173, 100]",relu,model_3,Float8WeightOnlyConfig,float8,8.0,False,True,pytorch_relative_MAE,1.006822912045012,pytorch,MAE,True,2.0
388,868,173,100,1141,"[868, 173, 100]",relu,model_3,Int8WeightOnlyConfig,int8,8.0,False,True,pytorch_quantized_model_size,239014.0,pytorch,model_size,False,2.0
389,868,173,100,1141,"[868, 173, 100]",relu,model_3,Float8WeightOnlyConfig,float8,8.0,False,True,pytorch_quantized_model_size,239014.0,pytorch,model_size,False,2.0
390,868,173,100,1141,"[868, 173, 100]",relu,model_3,Int8WeightOnlyConfig,int8,8.0,False,True,pytorch_quantized_median_latency,0.0004691164940595627,pytorch,median_latency,False,2.0
391,868,173,100,1141,"[868, 173, 100]",relu,model_3,Float8WeightOnlyConfig,float8,8.0,False,True,pytorch_quantized_median_latency,0.0005262568593025208,pytorch,median_latency,False,2.0
392,868,173,100,1141,"[868, 173, 100]",relu,model_3,Int8WeightOnlyConfig,int8,8.0,False,True,pytorch_quantized_p95_latency,0.0004807356745004654,pytorch,p95_latency,False,2.0
393,868,173,100,1141,"[868, 173, 100]",relu,model_3,Float8WeightOnlyConfig,float8,8.0,False,True,pytorch_quantized_p95_latency,0.0005869084969162941,pytorch,p95_latency,False,2.0
394,868,173,100,1141,"[868, 173, 100]",relu,model_3,Int8WeightOnlyConfig,int8,8.0,False,True,pytorch_quantized_p99_latency,0.00048260550945997236,pytorch,p99_latency,False,2.0
395,868,173,100,1141,"[868, 173, 100]",relu,model_3,Float8WeightOnlyConfig,float8,8.0,False,True,pytorch_quantized_p99_latency,0.0005913442745804786,pytorch,p99_latency,False,2.0
396,868,173,100,1141,"[868, 173, 100]",relu,model_3,Int8WeightOnlyConfig,int8,8.0,False,True,pytorch_relative_model_size,0.25,pytorch,model_size,True,2.0
397,868,173,100,1141,"[868, 173, 100]",relu,model_3,Float8WeightOnlyConfig,float8,8.0,False,True,pytorch_relative_model_size,0.25,pytorch,model_size,True,2.0
398,868,173,100,1141,"[868, 173, 100]",relu,model_3,Int8WeightOnlyConfig,int8,8.0,False,True,pytorch_relative_median_latency,2.696722452432195,pytorch,median_latency,True,2.0
399,868,173,100,1141,"[868, 173, 100]",relu,model_3,Float8WeightOnlyConfig,float8,8.0,False,True,pytorch_relative_median_latency,3.0251946077329137,pytorch,median_latency,True,2.0
400,868,173,100,1141,"[868, 173, 100]",relu,model_3,Int8WeightOnlyConfig,int8,8.0,False,True,pytorch_relative_p95_latency,2.5680691098976327,pytorch,p95_latency,True,2.0
401,868,173,100,1141,"[868, 173, 100]",relu,model_3,Float8WeightOnlyConfig,float8,8.0,False,True,pytorch_relative_p95_latency,3.1352397194848196,pytorch,p95_latency,True,2.0
402,868,173,100,1141,"[868, 173, 100]",relu,model_3,Int8WeightOnlyConfig,int8,8.0,False,True,pytorch_relative_p99_latency,2.5408707594108484,pytorch,p99_latency,True,2.0
403,868,173,100,1141,"[868, 173, 100]",relu,model_3,Float8WeightOnlyConfig,float8,8.0,False,True,pytorch_relative_p99_latency,3.113369712061231,pytorch,p99_latency,True,2.0
404,868,173,100,1141,"[868, 173, 100]",relu,model_3,Int8WeightOnlyConfig,int8,8.0,False,True,onnx_quantized_model_size,32743.0,onnx,model_size,False,2.0
405,868,173,100,1141,"[868, 173, 100]",relu,model_3,Float8WeightOnlyConfig,float8,8.0,False,True,onnx_quantized_model_size,,onnx,model_size,False,2.0
406,868,173,100,1141,"[868, 173, 100]",relu,model_3,Int8WeightOnlyConfig,int8,8.0,False,True,onnx_quantized_median_latency,0.0004053134471178055,onnx,median_latency,False,2.0
407,868,173,100,1141,"[868, 173, 100]",relu,model_3,Float8WeightOnlyConfig,float8,8.0,False,True,onnx_quantized_median_latency,,onnx,median_latency,False,2.0
408,868,173,100,1141,"[868, 173, 100]",relu,model_3,Int8WeightOnlyConfig,int8,8.0,False,True,onnx_quantized_p95_latency,0.0004226421937346458,onnx,p95_latency,False,2.0
409,868,173,100,1141,"[868, 173, 100]",relu,model_3,Float8WeightOnlyConfig,float8,8.0,False,True,onnx_quantized_p95_latency,,onnx,p95_latency,False,2.0
410,868,173,100,1141,"[868, 173, 100]",relu,model_3,Int8WeightOnlyConfig,int8,8.0,False,True,onnx_quantized_p99_latency,0.00042992841452360153,onnx,p99_latency,False,2.0
411,868,173,100,1141,"[868, 173, 100]",relu,model_3,Float8WeightOnlyConfig,float8,8.0,False,True,onnx_quantized_p99_latency,,onnx,p99_latency,False,2.0
412,868,173,100,1141,"[868, 173, 100]",relu,model_3,Int8WeightOnlyConfig,int8,8.0,False,True,onnx_relative_model_size,2.4273852768922826,onnx,model_size,True,2.0
413,868,173,100,1141,"[868, 173, 100]",relu,model_3,Float8WeightOnlyConfig,float8,8.0,False,True,onnx_relative_model_size,,onnx,model_size,True,2.0
414,868,173,100,1141,"[868, 173, 100]",relu,model_3,Int8WeightOnlyConfig,int8,8.0,False,True,onnx_relative_median_latency,1.0978915130752425,onnx,median_latency,True,2.0
415,868,173,100,1141,"[868, 173, 100]",relu,model_3,Float8WeightOnlyConfig,float8,8.0,False,True,onnx_relative_median_latency,,onnx,median_latency,True,2.0
416,868,173,100,1141,"[868, 173, 100]",relu,model_3,Int8WeightOnlyConfig,int8,8.0,False,True,onnx_relative_p95_latency,1.0806829558238134,onnx,p95_latency,True,2.0
417,868,173,100,1141,"[868, 173, 100]",relu,model_3,Float8WeightOnlyConfig,float8,8.0,False,True,onnx_relative_p95_latency,,onnx,p95_latency,True,2.0
418,868,173,100,1141,"[868, 173, 100]",relu,model_3,Int8WeightOnlyConfig,int8,8.0,False,True,onnx_relative_p99_latency,1.0743511938152956,onnx,p99_latency,True,2.0
419,868,173,100,1141,"[868, 173, 100]",relu,model_3,Float8WeightOnlyConfig,float8,8.0,False,True,onnx_relative_p99_latency,,onnx,p99_latency,True,2.0
420,868,173,100,1141,"[868, 173, 100]",relu,model_3,Int8WeightOnlyConfig,int8,8.0,False,True,pt2_quantized_model_size,388257.0,pt2,model_size,False,2.0
421,868,173,100,1141,"[868, 173, 100]",relu,model_3,Float8WeightOnlyConfig,float8,8.0,False,True,pt2_quantized_model_size,367521.0,pt2,model_size,False,2.0
422,868,173,100,1141,"[868, 173, 100]",relu,model_3,Int8WeightOnlyConfig,int8,8.0,False,True,pt2_quantized_median_latency,0.0008926987648010254,pt2,median_latency,False,2.0
423,868,173,100,1141,"[868, 173, 100]",relu,model_3,Float8WeightOnlyConfig,float8,8.0,False,True,pt2_quantized_median_latency,0.0007307324558496475,pt2,median_latency,False,2.0
424,868,173,100,1141,"[868, 173, 100]",relu,model_3,Int8WeightOnlyConfig,int8,8.0,False,True,pt2_quantized_p95_latency,0.0009334340691566467,pt2,p95_latency,False,2.0
425,868,173,100,1141,"[868, 173, 100]",relu,model_3,Float8WeightOnlyConfig,float8,8.0,False,True,pt2_quantized_p95_latency,0.0007444251328706742,pt2,p95_latency,False,2.0
426,868,173,100,1141,"[868, 173, 100]",relu,model_3,Int8WeightOnlyConfig,int8,8.0,False,True,pt2_quantized_p99_latency,0.0010785617679357476,pt2,p99_latency,False,2.0
427,868,173,100,1141,"[868, 173, 100]",relu,model_3,Float8WeightOnlyConfig,float8,8.0,False,True,pt2_quantized_p99_latency,0.0009274258464574814,pt2,p99_latency,False,2.0
428,868,173,100,1141,"[868, 173, 100]",relu,model_3,Int8WeightOnlyConfig,int8,8.0,False,True,pt2_relative_model_size,0.38054823441544633,pt2,model_size,True,2.0
429,868,173,100,1141,"[868, 173, 100]",relu,model_3,Float8WeightOnlyConfig,float8,8.0,False,True,pt2_relative_model_size,0.3602239435750012,pt2,model_size,True,2.0
430,868,173,100,1141,"[868, 173, 100]",relu,model_3,Int8WeightOnlyConfig,int8,8.0,False,True,pt2_relative_median_latency,1.35182918229769,pt2,median_latency,True,2.0
431,868,173,100,1141,"[868, 173, 100]",relu,model_3,Float8WeightOnlyConfig,float8,8.0,False,True,pt2_relative_median_latency,1.1065607988040504,pt2,median_latency,True,2.0
432,868,173,100,1141,"[868, 173, 100]",relu,model_3,Int8WeightOnlyConfig,int8,8.0,False,True,pt2_relative_p95_latency,1.3710549247009995,pt2,p95_latency,True,2.0
433,868,173,100,1141,"[868, 173, 100]",relu,model_3,Float8WeightOnlyConfig,float8,8.0,False,True,pt2_relative_p95_latency,1.0934331392207317,pt2,p95_latency,True,2.0
434,868,173,100,1141,"[868, 173, 100]",relu,model_3,Int8WeightOnlyConfig,int8,8.0,False,True,pt2_relative_p99_latency,1.2366138459607823,pt2,p99_latency,True,2.0
435,868,173,100,1141,"[868, 173, 100]",relu,model_3,Float8WeightOnlyConfig,float8,8.0,False,True,pt2_relative_p99_latency,1.0633305174781067,pt2,p99_latency,True,2.0
436,868,173,100,1141,"[868, 173, 100]",relu,model_3,Int8WeightOnlyConfig,int8,8.0,False,True,pytorch_quantized_MAE,8.051273044503644,pytorch,MAE,False,3.0
437,868,173,100,1141,"[868, 173, 100]",relu,model_3,Float8WeightOnlyConfig,float8,8.0,False,True,pytorch_quantized_MAE,8.094085217867947,pytorch,MAE,False,3.0
438,868,173,100,1141,"[868, 173, 100]",relu,model_3,Int8WeightOnlyConfig,int8,8.0,False,True,pytorch_relative_MAE,1.0021481830448544,pytorch,MAE,True,3.0
439,868,173,100,1141,"[868, 173, 100]",relu,model_3,Float8WeightOnlyConfig,float8,8.0,False,True,pytorch_relative_MAE,1.0074770473762569,pytorch,MAE,True,3.0
440,868,173,100,1141,"[868, 173, 100]",relu,model_3,Int8WeightOnlyConfig,int8,8.0,False,True,pytorch_quantized_model_size,239014.0,pytorch,model_size,False,3.0
441,868,173,100,1141,"[868, 173, 100]",relu,model_3,Float8WeightOnlyConfig,float8,8.0,False,True,pytorch_quantized_model_size,239014.0,pytorch,model_size,False,3.0
442,868,173,100,1141,"[868, 173, 100]",relu,model_3,Int8WeightOnlyConfig,int8,8.0,False,True,pytorch_quantized_median_latency,0.00042238272726535797,pytorch,median_latency,False,3.0
443,868,173,100,1141,"[868, 173, 100]",relu,model_3,Float8WeightOnlyConfig,float8,8.0,False,True,pytorch_quantized_median_latency,0.0005601979792118073,pytorch,median_latency,False,3.0
444,868,173,100,1141,"[868, 173, 100]",relu,model_3,Int8WeightOnlyConfig,int8,8.0,False,True,pytorch_quantized_p95_latency,0.00043457876890897753,pytorch,p95_latency,False,3.0
445,868,173,100,1141,"[868, 173, 100]",relu,model_3,Float8WeightOnlyConfig,float8,8.0,False,True,pytorch_quantized_p95_latency,0.0005805019289255142,pytorch,p95_latency,False,3.0
446,868,173,100,1141,"[868, 173, 100]",relu,model_3,Int8WeightOnlyConfig,int8,8.0,False,True,pytorch_quantized_p99_latency,0.0004511519148945808,pytorch,p99_latency,False,3.0
447,868,173,100,1141,"[868, 173, 100]",relu,model_3,Float8WeightOnlyConfig,float8,8.0,False,True,pytorch_quantized_p99_latency,0.0005946438014507293,pytorch,p99_latency,False,3.0
448,868,173,100,1141,"[868, 173, 100]",relu,model_3,Int8WeightOnlyConfig,int8,8.0,False,True,pytorch_relative_model_size,0.25,pytorch,model_size,True,3.0
449,868,173,100,1141,"[868, 173, 100]",relu,model_3,Float8WeightOnlyConfig,float8,8.0,False,True,pytorch_relative_model_size,0.25,pytorch,model_size,True,3.0
450,868,173,100,1141,"[868, 173, 100]",relu,model_3,Int8WeightOnlyConfig,int8,8.0,False,True,pytorch_relative_median_latency,2.4478351450253135,pytorch,median_latency,True,3.0
451,868,173,100,1141,"[868, 173, 100]",relu,model_3,Float8WeightOnlyConfig,float8,8.0,False,True,pytorch_relative_median_latency,3.246516046157666,pytorch,median_latency,True,3.0
452,868,173,100,1141,"[868, 173, 100]",relu,model_3,Int8WeightOnlyConfig,int8,8.0,False,True,pytorch_relative_p95_latency,2.345028017187225,pytorch,p95_latency,True,3.0
453,868,173,100,1141,"[868, 173, 100]",relu,model_3,Float8WeightOnlyConfig,float8,8.0,False,True,pytorch_relative_p95_latency,3.132443148981079,pytorch,p95_latency,True,3.0
454,868,173,100,1141,"[868, 173, 100]",relu,model_3,Int8WeightOnlyConfig,int8,8.0,False,True,pytorch_relative_p99_latency,2.386697694382907,pytorch,p99_latency,True,3.0
455,868,173,100,1141,"[868, 173, 100]",relu,model_3,Float8WeightOnlyConfig,float8,8.0,False,True,pytorch_relative_p99_latency,3.1458028727045764,pytorch,p99_latency,True,3.0
456,868,173,100,1141,"[868, 173, 100]",relu,model_3,Int8WeightOnlyConfig,int8,8.0,False,True,onnx_quantized_model_size,32743.0,onnx,model_size,False,3.0
457,868,173,100,1141,"[868, 173, 100]",relu,model_3,Float8WeightOnlyConfig,float8,8.0,False,True,onnx_quantized_model_size,,onnx,model_size,False,3.0
458,868,173,100,1141,"[868, 173, 100]",relu,model_3,Int8WeightOnlyConfig,int8,8.0,False,True,onnx_quantized_median_latency,0.0004278607666492462,onnx,median_latency,False,3.0
459,868,173,100,1141,"[868, 173, 100]",relu,model_3,Float8WeightOnlyConfig,float8,8.0,False,True,onnx_quantized_median_latency,,onnx,median_latency,False,3.0
460,868,173,100,1141,"[868, 173, 100]",relu,model_3,Int8WeightOnlyConfig,int8,8.0,False,True,onnx_quantized_p95_latency,0.0005950996652245522,onnx,p95_latency,False,3.0
461,868,173,100,1141,"[868, 173, 100]",relu,model_3,Float8WeightOnlyConfig,float8,8.0,False,True,onnx_quantized_p95_latency,,onnx,p95_latency,False,3.0
462,868,173,100,1141,"[868, 173, 100]",relu,model_3,Int8WeightOnlyConfig,int8,8.0,False,True,onnx_quantized_p99_latency,0.000789943262934603,onnx,p99_latency,False,3.0
463,868,173,100,1141,"[868, 173, 100]",relu,model_3,Float8WeightOnlyConfig,float8,8.0,False,True,onnx_quantized_p99_latency,,onnx,p99_latency,False,3.0
464,868,173,100,1141,"[868, 173, 100]",relu,model_3,Int8WeightOnlyConfig,int8,8.0,False,True,onnx_relative_model_size,2.4273852768922826,onnx,model_size,True,3.0
465,868,173,100,1141,"[868, 173, 100]",relu,model_3,Float8WeightOnlyConfig,float8,8.0,False,True,onnx_relative_model_size,,onnx,model_size,True,3.0
466,868,173,100,1141,"[868, 173, 100]",relu,model_3,Int8WeightOnlyConfig,int8,8.0,False,True,onnx_relative_median_latency,1.1184601975878505,onnx,median_latency,True,3.0
467,868,173,100,1141,"[868, 173, 100]",relu,model_3,Float8WeightOnlyConfig,float8,8.0,False,True,onnx_relative_median_latency,,onnx,median_latency,True,3.0
468,868,173,100,1141,"[868, 173, 100]",relu,model_3,Int8WeightOnlyConfig,int8,8.0,False,True,onnx_relative_p95_latency,1.1100789097247914,onnx,p95_latency,True,3.0
469,868,173,100,1141,"[868, 173, 100]",relu,model_3,Float8WeightOnlyConfig,float8,8.0,False,True,onnx_relative_p95_latency,,onnx,p95_latency,True,3.0
470,868,173,100,1141,"[868, 173, 100]",relu,model_3,Int8WeightOnlyConfig,int8,8.0,False,True,onnx_relative_p99_latency,1.3414145935612365,onnx,p99_latency,True,3.0
471,868,173,100,1141,"[868, 173, 100]",relu,model_3,Float8WeightOnlyConfig,float8,8.0,False,True,onnx_relative_p99_latency,,onnx,p99_latency,True,3.0
472,868,173,100,1141,"[868, 173, 100]",relu,model_3,Int8WeightOnlyConfig,int8,8.0,False,True,pt2_quantized_model_size,388257.0,pt2,model_size,False,3.0
473,868,173,100,1141,"[868, 173, 100]",relu,model_3,Float8WeightOnlyConfig,float8,8.0,False,True,pt2_quantized_model_size,367521.0,pt2,model_size,False,3.0
474,868,173,100,1141,"[868, 173, 100]",relu,model_3,Int8WeightOnlyConfig,int8,8.0,False,True,pt2_quantized_median_latency,0.0008887909352779388,pt2,median_latency,False,3.0
475,868,173,100,1141,"[868, 173, 100]",relu,model_3,Float8WeightOnlyConfig,float8,8.0,False,True,pt2_quantized_median_latency,0.0007173344492912292,pt2,median_latency,False,3.0
476,868,173,100,1141,"[868, 173, 100]",relu,model_3,Int8WeightOnlyConfig,int8,8.0,False,True,pt2_quantized_p95_latency,0.0009002165868878364,pt2,p95_latency,False,3.0
477,868,173,100,1141,"[868, 173, 100]",relu,model_3,Float8WeightOnlyConfig,float8,8.0,False,True,pt2_quantized_p95_latency,0.000744197517633438,pt2,p95_latency,False,3.0
478,868,173,100,1141,"[868, 173, 100]",relu,model_3,Int8WeightOnlyConfig,int8,8.0,False,True,pt2_quantized_p99_latency,0.0010312604904174805,pt2,p99_latency,False,3.0
479,868,173,100,1141,"[868, 173, 100]",relu,model_3,Float8WeightOnlyConfig,float8,8.0,False,True,pt2_quantized_p99_latency,0.000903521291911602,pt2,p99_latency,False,3.0
480,868,173,100,1141,"[868, 173, 100]",relu,model_3,Int8WeightOnlyConfig,int8,8.0,False,True,pt2_relative_model_size,0.38054823441544633,pt2,model_size,True,3.0
481,868,173,100,1141,"[868, 173, 100]",relu,model_3,Float8WeightOnlyConfig,float8,8.0,False,True,pt2_relative_model_size,0.3602239435750012,pt2,model_size,True,3.0
482,868,173,100,1141,"[868, 173, 100]",relu,model_3,Int8WeightOnlyConfig,int8,8.0,False,True,pt2_relative_median_latency,1.336030597616701,pt2,median_latency,True,3.0
483,868,173,100,1141,"[868, 173, 100]",relu,model_3,Float8WeightOnlyConfig,float8,8.0,False,True,pt2_relative_median_latency,1.0782971955917928,pt2,median_latency,True,3.0
484,868,173,100,1141,"[868, 173, 100]",relu,model_3,Int8WeightOnlyConfig,int8,8.0,False,True,pt2_relative_p95_latency,1.3027655661314448,pt2,p95_latency,True,3.0
485,868,173,100,1141,"[868, 173, 100]",relu,model_3,Float8WeightOnlyConfig,float8,8.0,False,True,pt2_relative_p95_latency,1.0769796007926031,pt2,p95_latency,True,3.0
486,868,173,100,1141,"[868, 173, 100]",relu,model_3,Int8WeightOnlyConfig,int8,8.0,False,True,pt2_relative_p99_latency,1.2464099629634267,pt2,p99_latency,True,3.0
487,868,173,100,1141,"[868, 173, 100]",relu,model_3,Float8WeightOnlyConfig,float8,8.0,False,True,pt2_relative_p99_latency,1.0920208331963825,pt2,p99_latency,True,3.0
488,877,398,218,1493,"[877, 398, 218]",celu,model_30,,,,,,,,,,,
489,653,64,76,793,"[653, 64, 76]",elu,model_31,,,,,,,,,,,
490,188,230,143,561,"[188, 230, 143]",relu,model_32,,,,,,,,,,,
491,168,179,198,545,"[168, 179, 198]",leaky_relu,model_33,,,,,,,,,,,
492,671,411,32,1114,"[671, 411, 32]",elu,model_34,,,,,,,,,,,
493,895,64,165,1124,"[895, 64, 165]",leaky_relu,model_35,,,,,,,,,,,
494,392,242,68,702,"[392, 242, 68]",gelu,model_36,,,,,,,,,,,
495,288,68,56,412,"[288, 68, 56]",relu,model_37,,,,,,,,,,,
496,776,298,177,1251,"[776, 298, 177]",relu,model_38,,,,,,,,,,,
497,552,123,89,764,"[552, 123, 89]",relu,model_39,,,,,,,,,,,
498,421,418,118,957,"[421, 418, 118]",leaky_relu,model_4,Int8WeightOnlyConfig,int8,8.0,False,True,pytorch_quantized_MAE,7.999685658897191,pytorch,MAE,False,1.0
499,421,418,118,957,"[421, 418, 118]",leaky_relu,model_4,Float8WeightOnlyConfig,float8,8.0,False,True,pytorch_quantized_MAE,8.138592975720526,pytorch,MAE,False,1.0
500,421,418,118,957,"[421, 418, 118]",leaky_relu,model_4,Int8WeightOnlyConfig,int8,8.0,False,True,pytorch_relative_MAE,0.9958064179307258,pytorch,MAE,True,1.0
501,421,418,118,957,"[421, 418, 118]",leaky_relu,model_4,Float8WeightOnlyConfig,float8,8.0,False,True,pytorch_relative_MAE,1.0130976970494707,pytorch,MAE,True,1.0
502,421,418,118,957,"[421, 418, 118]",leaky_relu,model_4,Int8WeightOnlyConfig,int8,8.0,False,True,pytorch_quantized_model_size,260479.0,pytorch,model_size,False,1.0
503,421,418,118,957,"[421, 418, 118]",leaky_relu,model_4,Float8WeightOnlyConfig,float8,8.0,False,True,pytorch_quantized_model_size,260479.0,pytorch,model_size,False,1.0
504,421,418,118,957,"[421, 418, 118]",leaky_relu,model_4,Int8WeightOnlyConfig,int8,8.0,False,True,pytorch_quantized_median_latency,0.0004770103842020035,pytorch,median_latency,False,1.0
505,421,418,118,957,"[421, 418, 118]",leaky_relu,model_4,Float8WeightOnlyConfig,float8,8.0,False,True,pytorch_quantized_median_latency,0.0005242489278316498,pytorch,median_latency,False,1.0
506,421,418,118,957,"[421, 418, 118]",leaky_relu,model_4,Int8WeightOnlyConfig,int8,8.0,False,True,pytorch_quantized_p95_latency,0.0004884183406829834,pytorch,p95_latency,False,1.0
507,421,418,118,957,"[421, 418, 118]",leaky_relu,model_4,Float8WeightOnlyConfig,float8,8.0,False,True,pytorch_quantized_p95_latency,0.000533435121178627,pytorch,p95_latency,False,1.0
508,421,418,118,957,"[421, 418, 118]",leaky_relu,model_4,Int8WeightOnlyConfig,int8,8.0,False,True,pytorch_quantized_p99_latency,0.0004904633387923241,pytorch,p99_latency,False,1.0
509,421,418,118,957,"[421, 418, 118]",leaky_relu,model_4,Float8WeightOnlyConfig,float8,8.0,False,True,pytorch_quantized_p99_latency,0.0005412636324763297,pytorch,p99_latency,False,1.0
510,421,418,118,957,"[421, 418, 118]",leaky_relu,model_4,Int8WeightOnlyConfig,int8,8.0,False,True,pytorch_relative_model_size,0.25,pytorch,model_size,True,1.0
511,421,418,118,957,"[421, 418, 118]",leaky_relu,model_4,Float8WeightOnlyConfig,float8,8.0,False,True,pytorch_relative_model_size,0.25,pytorch,model_size,True,1.0
512,421,418,118,957,"[421, 418, 118]",leaky_relu,model_4,Int8WeightOnlyConfig,int8,8.0,False,True,pytorch_relative_median_latency,2.7385818014607595,pytorch,median_latency,True,1.0
513,421,418,118,957,"[421, 418, 118]",leaky_relu,model_4,Float8WeightOnlyConfig,float8,8.0,False,True,pytorch_relative_median_latency,3.0097847358121332,pytorch,median_latency,True,1.0
514,421,418,118,957,"[421, 418, 118]",leaky_relu,model_4,Int8WeightOnlyConfig,int8,8.0,False,True,pytorch_relative_p95_latency,2.5986066377951973,pytorch,p95_latency,True,1.0
515,421,418,118,957,"[421, 418, 118]",leaky_relu,model_4,Float8WeightOnlyConfig,float8,8.0,False,True,pytorch_relative_p95_latency,2.838116285292398,pytorch,p95_latency,True,1.0
516,421,418,118,957,"[421, 418, 118]",leaky_relu,model_4,Int8WeightOnlyConfig,int8,8.0,False,True,pytorch_relative_p99_latency,2.567292146888436,pytorch,p99_latency,True,1.0
517,421,418,118,957,"[421, 418, 118]",leaky_relu,model_4,Float8WeightOnlyConfig,float8,8.0,False,True,pytorch_relative_p99_latency,2.8332023275671943,pytorch,p99_latency,True,1.0
518,421,418,118,957,"[421, 418, 118]",leaky_relu,model_4,Int8WeightOnlyConfig,int8,8.0,False,True,onnx_quantized_model_size,33096.0,onnx,model_size,False,1.0
519,421,418,118,957,"[421, 418, 118]",leaky_relu,model_4,Float8WeightOnlyConfig,float8,8.0,False,True,onnx_quantized_model_size,,onnx,model_size,False,1.0
520,421,418,118,957,"[421, 418, 118]",leaky_relu,model_4,Int8WeightOnlyConfig,int8,8.0,False,True,onnx_quantized_median_latency,0.0005483217537403107,onnx,median_latency,False,1.0
521,421,418,118,957,"[421, 418, 118]",leaky_relu,model_4,Float8WeightOnlyConfig,float8,8.0,False,True,onnx_quantized_median_latency,,onnx,median_latency,False,1.0
522,421,418,118,957,"[421, 418, 118]",leaky_relu,model_4,Int8WeightOnlyConfig,int8,8.0,False,True,onnx_quantized_p95_latency,0.0007353093475103379,onnx,p95_latency,False,1.0
523,421,418,118,957,"[421, 418, 118]",leaky_relu,model_4,Float8WeightOnlyConfig,float8,8.0,False,True,onnx_quantized_p95_latency,,onnx,p95_latency,False,1.0
524,421,418,118,957,"[421, 418, 118]",leaky_relu,model_4,Int8WeightOnlyConfig,int8,8.0,False,True,onnx_quantized_p99_latency,0.01358422391116619,onnx,p99_latency,False,1.0
525,421,418,118,957,"[421, 418, 118]",leaky_relu,model_4,Float8WeightOnlyConfig,float8,8.0,False,True,onnx_quantized_p99_latency,,onnx,p99_latency,False,1.0
526,421,418,118,957,"[421, 418, 118]",leaky_relu,model_4,Int8WeightOnlyConfig,int8,8.0,False,True,onnx_relative_model_size,2.390811240338077,onnx,model_size,True,1.0
527,421,418,118,957,"[421, 418, 118]",leaky_relu,model_4,Float8WeightOnlyConfig,float8,8.0,False,True,onnx_relative_model_size,,onnx,model_size,True,1.0
528,421,418,118,957,"[421, 418, 118]",leaky_relu,model_4,Int8WeightOnlyConfig,int8,8.0,False,True,onnx_relative_median_latency,1.4518544091536791,onnx,median_latency,True,1.0
529,421,418,118,957,"[421, 418, 118]",leaky_relu,model_4,Float8WeightOnlyConfig,float8,8.0,False,True,onnx_relative_median_latency,,onnx,median_latency,True,1.0
530,421,418,118,957,"[421, 418, 118]",leaky_relu,model_4,Int8WeightOnlyConfig,int8,8.0,False,True,onnx_relative_p95_latency,1.1378826594952016,onnx,p95_latency,True,1.0
531,421,418,118,957,"[421, 418, 118]",leaky_relu,model_4,Float8WeightOnlyConfig,float8,8.0,False,True,onnx_relative_p95_latency,,onnx,p95_latency,True,1.0
532,421,418,118,957,"[421, 418, 118]",leaky_relu,model_4,Int8WeightOnlyConfig,int8,8.0,False,True,onnx_relative_p99_latency,20.62782188904326,onnx,p99_latency,True,1.0
533,421,418,118,957,"[421, 418, 118]",leaky_relu,model_4,Float8WeightOnlyConfig,float8,8.0,False,True,onnx_relative_p99_latency,,onnx,p99_latency,True,1.0
534,421,418,118,957,"[421, 418, 118]",leaky_relu,model_4,Int8WeightOnlyConfig,int8,8.0,False,True,pt2_quantized_model_size,408545.0,pt2,model_size,False,1.0
535,421,418,118,957,"[421, 418, 118]",leaky_relu,model_4,Float8WeightOnlyConfig,float8,8.0,False,True,pt2_quantized_model_size,387809.0,pt2,model_size,False,1.0
536,421,418,118,957,"[421, 418, 118]",leaky_relu,model_4,Int8WeightOnlyConfig,int8,8.0,False,True,pt2_quantized_median_latency,0.0008599702268838882,pt2,median_latency,False,1.0
537,421,418,118,957,"[421, 418, 118]",leaky_relu,model_4,Float8WeightOnlyConfig,float8,8.0,False,True,pt2_quantized_median_latency,0.0007201060652732849,pt2,median_latency,False,1.0
538,421,418,118,957,"[421, 418, 118]",leaky_relu,model_4,Int8WeightOnlyConfig,int8,8.0,False,True,pt2_quantized_p95_latency,0.0008779915049672126,pt2,p95_latency,False,1.0
539,421,418,118,957,"[421, 418, 118]",leaky_relu,model_4,Float8WeightOnlyConfig,float8,8.0,False,True,pt2_quantized_p95_latency,0.0007317464798688889,pt2,p95_latency,False,1.0
540,421,418,118,957,"[421, 418, 118]",leaky_relu,model_4,Int8WeightOnlyConfig,int8,8.0,False,True,pt2_quantized_p99_latency,0.0010482429713010789,pt2,p99_latency,False,1.0
541,421,418,118,957,"[421, 418, 118]",leaky_relu,model_4,Float8WeightOnlyConfig,float8,8.0,False,True,pt2_quantized_p99_latency,0.0008861195668578146,pt2,p99_latency,False,1.0
542,421,418,118,957,"[421, 418, 118]",leaky_relu,model_4,Int8WeightOnlyConfig,int8,8.0,False,True,pt2_relative_model_size,0.3692985366179957,pt2,model_size,True,1.0
543,421,418,118,957,"[421, 418, 118]",leaky_relu,model_4,Float8WeightOnlyConfig,float8,8.0,False,True,pt2_relative_model_size,0.35055451954445244,pt2,model_size,True,1.0
544,421,418,118,957,"[421, 418, 118]",leaky_relu,model_4,Int8WeightOnlyConfig,int8,8.0,False,True,pt2_relative_median_latency,1.233098390297449,pt2,median_latency,True,1.0
545,421,418,118,957,"[421, 418, 118]",leaky_relu,model_4,Float8WeightOnlyConfig,float8,8.0,False,True,pt2_relative_median_latency,1.0325492699316536,pt2,median_latency,True,1.0
546,421,418,118,957,"[421, 418, 118]",leaky_relu,model_4,Int8WeightOnlyConfig,int8,8.0,False,True,pt2_relative_p95_latency,1.2304957531449072,pt2,p95_latency,True,1.0
547,421,418,118,957,"[421, 418, 118]",leaky_relu,model_4,Float8WeightOnlyConfig,float8,8.0,False,True,pt2_relative_p95_latency,1.025534906389587,pt2,p95_latency,True,1.0
548,421,418,118,957,"[421, 418, 118]",leaky_relu,model_4,Int8WeightOnlyConfig,int8,8.0,False,True,pt2_relative_p99_latency,1.1539763905820533,pt2,p99_latency,True,1.0
549,421,418,118,957,"[421, 418, 118]",leaky_relu,model_4,Float8WeightOnlyConfig,float8,8.0,False,True,pt2_relative_p99_latency,0.9755000390009873,pt2,p99_latency,True,1.0
550,421,418,118,957,"[421, 418, 118]",leaky_relu,model_4,Int8WeightOnlyConfig,int8,8.0,False,True,pytorch_quantized_MAE,7.8809342191450344,pytorch,MAE,False,2.0
551,421,418,118,957,"[421, 418, 118]",leaky_relu,model_4,Float8WeightOnlyConfig,float8,8.0,False,True,pytorch_quantized_MAE,8.011070326825749,pytorch,MAE,False,2.0
552,421,418,118,957,"[421, 418, 118]",leaky_relu,model_4,Int8WeightOnlyConfig,int8,8.0,False,True,pytorch_relative_MAE,0.9957907370357981,pytorch,MAE,True,2.0
553,421,418,118,957,"[421, 418, 118]",leaky_relu,model_4,Float8WeightOnlyConfig,float8,8.0,False,True,pytorch_relative_MAE,1.012234007208964,pytorch,MAE,True,2.0
554,421,418,118,957,"[421, 418, 118]",leaky_relu,model_4,Int8WeightOnlyConfig,int8,8.0,False,True,pytorch_quantized_model_size,260479.0,pytorch,model_size,False,2.0
555,421,418,118,957,"[421, 418, 118]",leaky_relu,model_4,Float8WeightOnlyConfig,float8,8.0,False,True,pytorch_quantized_model_size,260479.0,pytorch,model_size,False,2.0
556,421,418,118,957,"[421, 418, 118]",leaky_relu,model_4,Int8WeightOnlyConfig,int8,8.0,False,True,pytorch_quantized_median_latency,0.0004371311515569687,pytorch,median_latency,False,2.0
557,421,418,118,957,"[421, 418, 118]",leaky_relu,model_4,Float8WeightOnlyConfig,float8,8.0,False,True,pytorch_quantized_median_latency,0.0005395784974098206,pytorch,median_latency,False,2.0
558,421,418,118,957,"[421, 418, 118]",leaky_relu,model_4,Int8WeightOnlyConfig,int8,8.0,False,True,pytorch_quantized_p95_latency,0.00044823624193668365,pytorch,p95_latency,False,2.0
559,421,418,118,957,"[421, 418, 118]",leaky_relu,model_4,Float8WeightOnlyConfig,float8,8.0,False,True,pytorch_quantized_p95_latency,0.0005497284233570099,pytorch,p95_latency,False,2.0
560,421,418,118,957,"[421, 418, 118]",leaky_relu,model_4,Int8WeightOnlyConfig,int8,8.0,False,True,pytorch_quantized_p99_latency,0.0004503743350505829,pytorch,p99_latency,False,2.0
561,421,418,118,957,"[421, 418, 118]",leaky_relu,model_4,Float8WeightOnlyConfig,float8,8.0,False,True,pytorch_quantized_p99_latency,0.0005870986357331276,pytorch,p99_latency,False,2.0
562,421,418,118,957,"[421, 418, 118]",leaky_relu,model_4,Int8WeightOnlyConfig,int8,8.0,False,True,pytorch_relative_model_size,0.25,pytorch,model_size,True,2.0
563,421,418,118,957,"[421, 418, 118]",leaky_relu,model_4,Float8WeightOnlyConfig,float8,8.0,False,True,pytorch_relative_model_size,0.25,pytorch,model_size,True,2.0
564,421,418,118,957,"[421, 418, 118]",leaky_relu,model_4,Int8WeightOnlyConfig,int8,8.0,False,True,pytorch_relative_median_latency,2.366686499732758,pytorch,median_latency,True,2.0
565,421,418,118,957,"[421, 418, 118]",leaky_relu,model_4,Float8WeightOnlyConfig,float8,8.0,False,True,pytorch_relative_median_latency,2.921350127570315,pytorch,median_latency,True,2.0
566,421,418,118,957,"[421, 418, 118]",leaky_relu,model_4,Int8WeightOnlyConfig,int8,8.0,False,True,pytorch_relative_p95_latency,2.2720642177148216,pytorch,p95_latency,True,2.0
567,421,418,118,957,"[421, 418, 118]",leaky_relu,model_4,Float8WeightOnlyConfig,float8,8.0,False,True,pytorch_relative_p95_latency,2.7865178299140725,pytorch,p95_latency,True,2.0
568,421,418,118,957,"[421, 418, 118]",leaky_relu,model_4,Int8WeightOnlyConfig,int8,8.0,False,True,pytorch_relative_p99_latency,2.221296113921855,pytorch,p99_latency,True,2.0
569,421,418,118,957,"[421, 418, 118]",leaky_relu,model_4,Float8WeightOnlyConfig,float8,8.0,False,True,pytorch_relative_p99_latency,2.8956355115047785,pytorch,p99_latency,True,2.0
570,421,418,118,957,"[421, 418, 118]",leaky_relu,model_4,Int8WeightOnlyConfig,int8,8.0,False,True,onnx_quantized_model_size,33096.0,onnx,model_size,False,2.0
571,421,418,118,957,"[421, 418, 118]",leaky_relu,model_4,Float8WeightOnlyConfig,float8,8.0,False,True,onnx_quantized_model_size,,onnx,model_size,False,2.0
572,421,418,118,957,"[421, 418, 118]",leaky_relu,model_4,Int8WeightOnlyConfig,int8,8.0,False,True,onnx_quantized_median_latency,0.0004674941301345825,onnx,median_latency,False,2.0
573,421,418,118,957,"[421, 418, 118]",leaky_relu,model_4,Float8WeightOnlyConfig,float8,8.0,False,True,onnx_quantized_median_latency,,onnx,median_latency,False,2.0
574,421,418,118,957,"[421, 418, 118]",leaky_relu,model_4,Int8WeightOnlyConfig,int8,8.0,False,True,onnx_quantized_p95_latency,0.0004847539588809013,onnx,p95_latency,False,2.0
575,421,418,118,957,"[421, 418, 118]",leaky_relu,model_4,Float8WeightOnlyConfig,float8,8.0,False,True,onnx_quantized_p95_latency,,onnx,p95_latency,False,2.0
576,421,418,118,957,"[421, 418, 118]",leaky_relu,model_4,Int8WeightOnlyConfig,int8,8.0,False,True,onnx_quantized_p99_latency,0.0005940685048699379,onnx,p99_latency,False,2.0
577,421,418,118,957,"[421, 418, 118]",leaky_relu,model_4,Float8WeightOnlyConfig,float8,8.0,False,True,onnx_quantized_p99_latency,,onnx,p99_latency,False,2.0
578,421,418,118,957,"[421, 418, 118]",leaky_relu,model_4,Int8WeightOnlyConfig,int8,8.0,False,True,onnx_relative_model_size,2.390811240338077,onnx,model_size,True,2.0
579,421,418,118,957,"[421, 418, 118]",leaky_relu,model_4,Float8WeightOnlyConfig,float8,8.0,False,True,onnx_relative_model_size,,onnx,model_size,True,2.0
580,421,418,118,957,"[421, 418, 118]",leaky_relu,model_4,Int8WeightOnlyConfig,int8,8.0,False,True,onnx_relative_median_latency,1.2278399890416856,onnx,median_latency,True,2.0
581,421,418,118,957,"[421, 418, 118]",leaky_relu,model_4,Float8WeightOnlyConfig,float8,8.0,False,True,onnx_relative_median_latency,,onnx,median_latency,True,2.0
582,421,418,118,957,"[421, 418, 118]",leaky_relu,model_4,Int8WeightOnlyConfig,int8,8.0,False,True,onnx_relative_p95_latency,0.9805255233984579,onnx,p95_latency,True,2.0
583,421,418,118,957,"[421, 418, 118]",leaky_relu,model_4,Float8WeightOnlyConfig,float8,8.0,False,True,onnx_relative_p95_latency,,onnx,p95_latency,True,2.0
584,421,418,118,957,"[421, 418, 118]",leaky_relu,model_4,Int8WeightOnlyConfig,int8,8.0,False,True,onnx_relative_p99_latency,0.9134824907270691,onnx,p99_latency,True,2.0
585,421,418,118,957,"[421, 418, 118]",leaky_relu,model_4,Float8WeightOnlyConfig,float8,8.0,False,True,onnx_relative_p99_latency,,onnx,p99_latency,True,2.0
586,421,418,118,957,"[421, 418, 118]",leaky_relu,model_4,Int8WeightOnlyConfig,int8,8.0,False,True,pt2_quantized_model_size,408545.0,pt2,model_size,False,2.0
587,421,418,118,957,"[421, 418, 118]",leaky_relu,model_4,Float8WeightOnlyConfig,float8,8.0,False,True,pt2_quantized_model_size,387809.0,pt2,model_size,False,2.0
588,421,418,118,957,"[421, 418, 118]",leaky_relu,model_4,Int8WeightOnlyConfig,int8,8.0,False,True,pt2_quantized_median_latency,0.0009144451469182968,pt2,median_latency,False,2.0
589,421,418,118,957,"[421, 418, 118]",leaky_relu,model_4,Float8WeightOnlyConfig,float8,8.0,False,True,pt2_quantized_median_latency,0.0007487218827009201,pt2,median_latency,False,2.0
590,421,418,118,957,"[421, 418, 118]",leaky_relu,model_4,Int8WeightOnlyConfig,int8,8.0,False,True,pt2_quantized_p95_latency,0.0009360386058688163,pt2,p95_latency,False,2.0
591,421,418,118,957,"[421, 418, 118]",leaky_relu,model_4,Float8WeightOnlyConfig,float8,8.0,False,True,pt2_quantized_p95_latency,0.0007834207266569137,pt2,p95_latency,False,2.0
592,421,418,118,957,"[421, 418, 118]",leaky_relu,model_4,Int8WeightOnlyConfig,int8,8.0,False,True,pt2_quantized_p99_latency,0.0011075182631611823,pt2,p99_latency,False,2.0
593,421,418,118,957,"[421, 418, 118]",leaky_relu,model_4,Float8WeightOnlyConfig,float8,8.0,False,True,pt2_quantized_p99_latency,0.0009574214369058607,pt2,p99_latency,False,2.0
594,421,418,118,957,"[421, 418, 118]",leaky_relu,model_4,Int8WeightOnlyConfig,int8,8.0,False,True,pt2_relative_model_size,0.3692985366179957,pt2,model_size,True,2.0
595,421,418,118,957,"[421, 418, 118]",leaky_relu,model_4,Float8WeightOnlyConfig,float8,8.0,False,True,pt2_relative_model_size,0.35055451954445244,pt2,model_size,True,2.0
596,421,418,118,957,"[421, 418, 118]",leaky_relu,model_4,Int8WeightOnlyConfig,int8,8.0,False,True,pt2_relative_median_latency,0.43637082796320165,pt2,median_latency,True,2.0
597,421,418,118,957,"[421, 418, 118]",leaky_relu,model_4,Float8WeightOnlyConfig,float8,8.0,False,True,pt2_relative_median_latency,0.35728812052797654,pt2,median_latency,True,2.0
598,421,418,118,957,"[421, 418, 118]",leaky_relu,model_4,Int8WeightOnlyConfig,int8,8.0,False,True,pt2_relative_p95_latency,0.43315457180497025,pt2,p95_latency,True,2.0
599,421,418,118,957,"[421, 418, 118]",leaky_relu,model_4,Float8WeightOnlyConfig,float8,8.0,False,True,pt2_relative_p95_latency,0.3625302068425286,pt2,p95_latency,True,2.0
600,421,418,118,957,"[421, 418, 118]",leaky_relu,model_4,Int8WeightOnlyConfig,int8,8.0,False,True,pt2_relative_p99_latency,0.39480863796403126,pt2,p99_latency,True,2.0
601,421,418,118,957,"[421, 418, 118]",leaky_relu,model_4,Float8WeightOnlyConfig,float8,8.0,False,True,pt2_relative_p99_latency,0.3413020498492283,pt2,p99_latency,True,2.0
602,421,418,118,957,"[421, 418, 118]",leaky_relu,model_4,Int8WeightOnlyConfig,int8,8.0,False,True,pytorch_quantized_MAE,7.9631464429767425,pytorch,MAE,False,3.0
603,421,418,118,957,"[421, 418, 118]",leaky_relu,model_4,Float8WeightOnlyConfig,float8,8.0,False,True,pytorch_quantized_MAE,8.104788262554754,pytorch,MAE,False,3.0
604,421,418,118,957,"[421, 418, 118]",leaky_relu,model_4,Int8WeightOnlyConfig,int8,8.0,False,True,pytorch_relative_MAE,0.9957239717146298,pytorch,MAE,True,3.0
605,421,418,118,957,"[421, 418, 118]",leaky_relu,model_4,Float8WeightOnlyConfig,float8,8.0,False,True,pytorch_relative_MAE,1.0134350807795014,pytorch,MAE,True,3.0
606,421,418,118,957,"[421, 418, 118]",leaky_relu,model_4,Int8WeightOnlyConfig,int8,8.0,False,True,pytorch_quantized_model_size,260479.0,pytorch,model_size,False,3.0
607,421,418,118,957,"[421, 418, 118]",leaky_relu,model_4,Float8WeightOnlyConfig,float8,8.0,False,True,pytorch_quantized_model_size,260479.0,pytorch,model_size,False,3.0
608,421,418,118,957,"[421, 418, 118]",leaky_relu,model_4,Int8WeightOnlyConfig,int8,8.0,False,True,pytorch_quantized_median_latency,0.00048248469829559326,pytorch,median_latency,False,3.0
609,421,418,118,957,"[421, 418, 118]",leaky_relu,model_4,Float8WeightOnlyConfig,float8,8.0,False,True,pytorch_quantized_median_latency,0.0005227141082286835,pytorch,median_latency,False,3.0
610,421,418,118,957,"[421, 418, 118]",leaky_relu,model_4,Int8WeightOnlyConfig,int8,8.0,False,True,pytorch_quantized_p95_latency,0.0004928886890411377,pytorch,p95_latency,False,3.0
611,421,418,118,957,"[421, 418, 118]",leaky_relu,model_4,Float8WeightOnlyConfig,float8,8.0,False,True,pytorch_quantized_p95_latency,0.0005333669483661652,pytorch,p95_latency,False,3.0
612,421,418,118,957,"[421, 418, 118]",leaky_relu,model_4,Int8WeightOnlyConfig,int8,8.0,False,True,pytorch_quantized_p99_latency,0.000496276132762432,pytorch,p99_latency,False,3.0
613,421,418,118,957,"[421, 418, 118]",leaky_relu,model_4,Float8WeightOnlyConfig,float8,8.0,False,True,pytorch_quantized_p99_latency,0.0005572932213544846,pytorch,p99_latency,False,3.0
614,421,418,118,957,"[421, 418, 118]",leaky_relu,model_4,Int8WeightOnlyConfig,int8,8.0,False,True,pytorch_relative_model_size,0.25,pytorch,model_size,True,3.0
615,421,418,118,957,"[421, 418, 118]",leaky_relu,model_4,Float8WeightOnlyConfig,float8,8.0,False,True,pytorch_relative_model_size,0.25,pytorch,model_size,True,3.0
616,421,418,118,957,"[421, 418, 118]",leaky_relu,model_4,Int8WeightOnlyConfig,int8,8.0,False,True,pytorch_relative_median_latency,2.963583319032092,pytorch,median_latency,True,3.0
617,421,418,118,957,"[421, 418, 118]",leaky_relu,model_4,Float8WeightOnlyConfig,float8,8.0,False,True,pytorch_relative_median_latency,3.210685887535038,pytorch,median_latency,True,3.0
618,421,418,118,957,"[421, 418, 118]",leaky_relu,model_4,Int8WeightOnlyConfig,int8,8.0,False,True,pytorch_relative_p95_latency,2.814155772198288,pytorch,p95_latency,True,3.0
619,421,418,118,957,"[421, 418, 118]",leaky_relu,model_4,Float8WeightOnlyConfig,float8,8.0,False,True,pytorch_relative_p95_latency,3.045267034559916,pytorch,p95_latency,True,3.0
620,421,418,118,957,"[421, 418, 118]",leaky_relu,model_4,Int8WeightOnlyConfig,int8,8.0,False,True,pytorch_relative_p99_latency,2.763997682873138,pytorch,p99_latency,True,3.0
621,421,418,118,957,"[421, 418, 118]",leaky_relu,model_4,Float8WeightOnlyConfig,float8,8.0,False,True,pytorch_relative_p99_latency,3.10383085305872,pytorch,p99_latency,True,3.0
622,421,418,118,957,"[421, 418, 118]",leaky_relu,model_4,Int8WeightOnlyConfig,int8,8.0,False,True,onnx_quantized_model_size,33096.0,onnx,model_size,False,3.0
623,421,418,118,957,"[421, 418, 118]",leaky_relu,model_4,Float8WeightOnlyConfig,float8,8.0,False,True,onnx_quantized_model_size,,onnx,model_size,False,3.0
624,421,418,118,957,"[421, 418, 118]",leaky_relu,model_4,Int8WeightOnlyConfig,int8,8.0,False,True,onnx_quantized_median_latency,0.0004592090845108032,onnx,median_latency,False,3.0
625,421,418,118,957,"[421, 418, 118]",leaky_relu,model_4,Float8WeightOnlyConfig,float8,8.0,False,True,onnx_quantized_median_latency,,onnx,median_latency,False,3.0
626,421,418,118,957,"[421, 418, 118]",leaky_relu,model_4,Int8WeightOnlyConfig,int8,8.0,False,True,onnx_quantized_p95_latency,0.0004698345437645912,onnx,p95_latency,False,3.0
627,421,418,118,957,"[421, 418, 118]",leaky_relu,model_4,Float8WeightOnlyConfig,float8,8.0,False,True,onnx_quantized_p95_latency,,onnx,p95_latency,False,3.0
628,421,418,118,957,"[421, 418, 118]",leaky_relu,model_4,Int8WeightOnlyConfig,int8,8.0,False,True,onnx_quantized_p99_latency,0.0004803783819079398,onnx,p99_latency,False,3.0
629,421,418,118,957,"[421, 418, 118]",leaky_relu,model_4,Float8WeightOnlyConfig,float8,8.0,False,True,onnx_quantized_p99_latency,,onnx,p99_latency,False,3.0
630,421,418,118,957,"[421, 418, 118]",leaky_relu,model_4,Int8WeightOnlyConfig,int8,8.0,False,True,onnx_relative_model_size,2.390811240338077,onnx,model_size,True,3.0
631,421,418,118,957,"[421, 418, 118]",leaky_relu,model_4,Float8WeightOnlyConfig,float8,8.0,False,True,onnx_relative_model_size,,onnx,model_size,True,3.0
632,421,418,118,957,"[421, 418, 118]",leaky_relu,model_4,Int8WeightOnlyConfig,int8,8.0,False,True,onnx_relative_median_latency,1.2504298517455277,onnx,median_latency,True,3.0
633,421,418,118,957,"[421, 418, 118]",leaky_relu,model_4,Float8WeightOnlyConfig,float8,8.0,False,True,onnx_relative_median_latency,,onnx,median_latency,True,3.0
634,421,418,118,957,"[421, 418, 118]",leaky_relu,model_4,Int8WeightOnlyConfig,int8,8.0,False,True,onnx_relative_p95_latency,0.9436087876948032,onnx,p95_latency,True,3.0
635,421,418,118,957,"[421, 418, 118]",leaky_relu,model_4,Float8WeightOnlyConfig,float8,8.0,False,True,onnx_relative_p95_latency,,onnx,p95_latency,True,3.0
636,421,418,118,957,"[421, 418, 118]",leaky_relu,model_4,Int8WeightOnlyConfig,int8,8.0,False,True,onnx_relative_p99_latency,0.9376250600328148,onnx,p99_latency,True,3.0
637,421,418,118,957,"[421, 418, 118]",leaky_relu,model_4,Float8WeightOnlyConfig,float8,8.0,False,True,onnx_relative_p99_latency,,onnx,p99_latency,True,3.0
638,421,418,118,957,"[421, 418, 118]",leaky_relu,model_4,Int8WeightOnlyConfig,int8,8.0,False,True,pt2_quantized_model_size,408545.0,pt2,model_size,False,3.0
639,421,418,118,957,"[421, 418, 118]",leaky_relu,model_4,Float8WeightOnlyConfig,float8,8.0,False,True,pt2_quantized_model_size,387809.0,pt2,model_size,False,3.0
640,421,418,118,957,"[421, 418, 118]",leaky_relu,model_4,Int8WeightOnlyConfig,int8,8.0,False,True,pt2_quantized_median_latency,0.0008882693946361542,pt2,median_latency,False,3.0
641,421,418,118,957,"[421, 418, 118]",leaky_relu,model_4,Float8WeightOnlyConfig,float8,8.0,False,True,pt2_quantized_median_latency,0.000724518671631813,pt2,median_latency,False,3.0
642,421,418,118,957,"[421, 418, 118]",leaky_relu,model_4,Int8WeightOnlyConfig,int8,8.0,False,True,pt2_quantized_p95_latency,0.0009052637964487076,pt2,p95_latency,False,3.0
643,421,418,118,957,"[421, 418, 118]",leaky_relu,model_4,Float8WeightOnlyConfig,float8,8.0,False,True,pt2_quantized_p95_latency,0.0007414776831865309,pt2,p95_latency,False,3.0
644,421,418,118,957,"[421, 418, 118]",leaky_relu,model_4,Int8WeightOnlyConfig,int8,8.0,False,True,pt2_quantized_p99_latency,0.0010209536924958228,pt2,p99_latency,False,3.0
645,421,418,118,957,"[421, 418, 118]",leaky_relu,model_4,Float8WeightOnlyConfig,float8,8.0,False,True,pt2_quantized_p99_latency,0.0008655347302556038,pt2,p99_latency,False,3.0
646,421,418,118,957,"[421, 418, 118]",leaky_relu,model_4,Int8WeightOnlyConfig,int8,8.0,False,True,pt2_relative_model_size,0.3692985366179957,pt2,model_size,True,3.0
647,421,418,118,957,"[421, 418, 118]",leaky_relu,model_4,Float8WeightOnlyConfig,float8,8.0,False,True,pt2_relative_model_size,0.35055451954445244,pt2,model_size,True,3.0
648,421,418,118,957,"[421, 418, 118]",leaky_relu,model_4,Int8WeightOnlyConfig,int8,8.0,False,True,pt2_relative_median_latency,1.2369396452221189,pt2,median_latency,True,3.0
649,421,418,118,957,"[421, 418, 118]",leaky_relu,model_4,Float8WeightOnlyConfig,float8,8.0,False,True,pt2_relative_median_latency,1.0089122444797776,pt2,median_latency,True,3.0
650,421,418,118,957,"[421, 418, 118]",leaky_relu,model_4,Int8WeightOnlyConfig,int8,8.0,False,True,pt2_relative_p95_latency,1.2380506953705224,pt2,p95_latency,True,3.0
651,421,418,118,957,"[421, 418, 118]",leaky_relu,model_4,Float8WeightOnlyConfig,float8,8.0,False,True,pt2_relative_p95_latency,1.014054648901252,pt2,p95_latency,True,3.0
652,421,418,118,957,"[421, 418, 118]",leaky_relu,model_4,Int8WeightOnlyConfig,int8,8.0,False,True,pt2_relative_p99_latency,1.1524759272671488,pt2,p99_latency,True,3.0
653,421,418,118,957,"[421, 418, 118]",leaky_relu,model_4,Float8WeightOnlyConfig,float8,8.0,False,True,pt2_relative_p99_latency,0.9770354406522994,pt2,p99_latency,True,3.0
654,128,355,127,610,"[128, 355, 127]",leaky_relu,model_40,,,,,,,,,,,
655,128,64,102,294,"[128, 64, 102]",leaky_relu,model_41,,,,,,,,,,,
656,449,267,113,829,"[449, 267, 113]",relu,model_42,,,,,,,,,,,
657,673,204,41,918,"[673, 204, 41]",leaky_relu,model_43,,,,,,,,,,,
658,279,435,192,906,"[279, 435, 192]",relu,model_44,,,,,,,,,,,
659,384,149,150,683,"[384, 149, 150]",celu,model_45,,,,,,,,,,,
660,793,379,83,1255,"[793, 379, 83]",relu,model_46,,,,,,,,,,,
661,568,92,211,871,"[568, 92, 211]",leaky_relu,model_47,,,,,,,,,,,
662,160,324,32,516,"[160, 324, 32]",gelu,model_48,,,,,,,,,,,
663,128,100,125,353,"[128, 100, 125]",gelu,model_49,,,,,,,,,,,
664,316,117,216,649,"[316, 117, 216]",celu,model_5,Int8WeightOnlyConfig,int8,8.0,False,True,pytorch_quantized_MAE,9.086575656148026,pytorch,MAE,False,1.0
665,316,117,216,649,"[316, 117, 216]",celu,model_5,Float8WeightOnlyConfig,float8,8.0,False,True,pytorch_quantized_MAE,9.080877510422486,pytorch,MAE,False,1.0
666,316,117,216,649,"[316, 117, 216]",celu,model_5,Int8WeightOnlyConfig,int8,8.0,False,True,pytorch_relative_MAE,1.0004116412006698,pytorch,MAE,True,1.0
667,316,117,216,649,"[316, 117, 216]",celu,model_5,Float8WeightOnlyConfig,float8,8.0,False,True,pytorch_relative_MAE,0.9997842881104844,pytorch,MAE,True,1.0
668,316,117,216,649,"[316, 117, 216]",celu,model_5,Int8WeightOnlyConfig,int8,8.0,False,True,pytorch_quantized_model_size,88706.0,pytorch,model_size,False,1.0
669,316,117,216,649,"[316, 117, 216]",celu,model_5,Float8WeightOnlyConfig,float8,8.0,False,True,pytorch_quantized_model_size,88706.0,pytorch,model_size,False,1.0
670,316,117,216,649,"[316, 117, 216]",celu,model_5,Int8WeightOnlyConfig,int8,8.0,False,True,pytorch_quantized_median_latency,0.00042742490768432617,pytorch,median_latency,False,1.0
671,316,117,216,649,"[316, 117, 216]",celu,model_5,Float8WeightOnlyConfig,float8,8.0,False,True,pytorch_quantized_median_latency,0.0005879178643226624,pytorch,median_latency,False,1.0
672,316,117,216,649,"[316, 117, 216]",celu,model_5,Int8WeightOnlyConfig,int8,8.0,False,True,pytorch_quantized_p95_latency,0.00043892860412597656,pytorch,p95_latency,False,1.0
673,316,117,216,649,"[316, 117, 216]",celu,model_5,Float8WeightOnlyConfig,float8,8.0,False,True,pytorch_quantized_p95_latency,0.0005938757210969924,pytorch,p95_latency,False,1.0
674,316,117,216,649,"[316, 117, 216]",celu,model_5,Int8WeightOnlyConfig,int8,8.0,False,True,pytorch_quantized_p99_latency,0.00044063128530979156,pytorch,p99_latency,False,1.0
675,316,117,216,649,"[316, 117, 216]",celu,model_5,Float8WeightOnlyConfig,float8,8.0,False,True,pytorch_quantized_p99_latency,0.0005971305072307587,pytorch,p99_latency,False,1.0
676,316,117,216,649,"[316, 117, 216]",celu,model_5,Int8WeightOnlyConfig,int8,8.0,False,True,pytorch_relative_model_size,0.25,pytorch,model_size,True,1.0
677,316,117,216,649,"[316, 117, 216]",celu,model_5,Float8WeightOnlyConfig,float8,8.0,False,True,pytorch_relative_model_size,0.25,pytorch,model_size,True,1.0
678,316,117,216,649,"[316, 117, 216]",celu,model_5,Int8WeightOnlyConfig,int8,8.0,False,True,pytorch_relative_median_latency,2.413335436714519,pytorch,median_latency,True,1.0
679,316,117,216,649,"[316, 117, 216]",celu,model_5,Float8WeightOnlyConfig,float8,8.0,False,True,pytorch_relative_median_latency,3.319514118946206,pytorch,median_latency,True,1.0
680,316,117,216,649,"[316, 117, 216]",celu,model_5,Int8WeightOnlyConfig,int8,8.0,False,True,pytorch_relative_p95_latency,2.2882889881530395,pytorch,p95_latency,True,1.0
681,316,117,216,649,"[316, 117, 216]",celu,model_5,Float8WeightOnlyConfig,float8,8.0,False,True,pytorch_relative_p95_latency,3.0960827345115556,pytorch,p95_latency,True,1.0
682,316,117,216,649,"[316, 117, 216]",celu,model_5,Int8WeightOnlyConfig,int8,8.0,False,True,pytorch_relative_p99_latency,0.05290716330225286,pytorch,p99_latency,True,1.0
683,316,117,216,649,"[316, 117, 216]",celu,model_5,Float8WeightOnlyConfig,float8,8.0,False,True,pytorch_relative_p99_latency,0.0716982255052619,pytorch,p99_latency,True,1.0
684,316,117,216,649,"[316, 117, 216]",celu,model_5,Int8WeightOnlyConfig,int8,8.0,False,True,onnx_quantized_model_size,32804.0,onnx,model_size,False,1.0
685,316,117,216,649,"[316, 117, 216]",celu,model_5,Float8WeightOnlyConfig,float8,8.0,False,True,onnx_quantized_model_size,,onnx,model_size,False,1.0
686,316,117,216,649,"[316, 117, 216]",celu,model_5,Int8WeightOnlyConfig,int8,8.0,False,True,onnx_quantized_median_latency,0.0006249193102121353,onnx,median_latency,False,1.0
687,316,117,216,649,"[316, 117, 216]",celu,model_5,Float8WeightOnlyConfig,float8,8.0,False,True,onnx_quantized_median_latency,,onnx,median_latency,False,1.0
688,316,117,216,649,"[316, 117, 216]",celu,model_5,Int8WeightOnlyConfig,int8,8.0,False,True,onnx_quantized_p95_latency,0.0006625065580010414,onnx,p95_latency,False,1.0
689,316,117,216,649,"[316, 117, 216]",celu,model_5,Float8WeightOnlyConfig,float8,8.0,False,True,onnx_quantized_p95_latency,,onnx,p95_latency,False,1.0
690,316,117,216,649,"[316, 117, 216]",celu,model_5,Int8WeightOnlyConfig,int8,8.0,False,True,onnx_quantized_p99_latency,0.0006779156997799873,onnx,p99_latency,False,1.0
691,316,117,216,649,"[316, 117, 216]",celu,model_5,Float8WeightOnlyConfig,float8,8.0,False,True,onnx_quantized_p99_latency,,onnx,p99_latency,False,1.0
692,316,117,216,649,"[316, 117, 216]",celu,model_5,Int8WeightOnlyConfig,int8,8.0,False,True,onnx_relative_model_size,2.420066396163777,onnx,model_size,True,1.0
693,316,117,216,649,"[316, 117, 216]",celu,model_5,Float8WeightOnlyConfig,float8,8.0,False,True,onnx_relative_model_size,,onnx,model_size,True,1.0
694,316,117,216,649,"[316, 117, 216]",celu,model_5,Int8WeightOnlyConfig,int8,8.0,False,True,onnx_relative_median_latency,1.0875446524081505,onnx,median_latency,True,1.0
695,316,117,216,649,"[316, 117, 216]",celu,model_5,Float8WeightOnlyConfig,float8,8.0,False,True,onnx_relative_median_latency,,onnx,median_latency,True,1.0
696,316,117,216,649,"[316, 117, 216]",celu,model_5,Int8WeightOnlyConfig,int8,8.0,False,True,onnx_relative_p95_latency,1.0875203787481302,onnx,p95_latency,True,1.0
697,316,117,216,649,"[316, 117, 216]",celu,model_5,Float8WeightOnlyConfig,float8,8.0,False,True,onnx_relative_p95_latency,,onnx,p95_latency,True,1.0
698,316,117,216,649,"[316, 117, 216]",celu,model_5,Int8WeightOnlyConfig,int8,8.0,False,True,onnx_relative_p99_latency,1.1094568663021043,onnx,p99_latency,True,1.0
699,316,117,216,649,"[316, 117, 216]",celu,model_5,Float8WeightOnlyConfig,float8,8.0,False,True,onnx_relative_p99_latency,,onnx,p99_latency,True,1.0
700,316,117,216,649,"[316, 117, 216]",celu,model_5,Int8WeightOnlyConfig,int8,8.0,False,True,pt2_quantized_model_size,234465.0,pt2,model_size,False,1.0
701,316,117,216,649,"[316, 117, 216]",celu,model_5,Float8WeightOnlyConfig,float8,8.0,False,True,pt2_quantized_model_size,213665.0,pt2,model_size,False,1.0
702,316,117,216,649,"[316, 117, 216]",celu,model_5,Int8WeightOnlyConfig,int8,8.0,False,True,pt2_quantized_median_latency,0.0009013507515192032,pt2,median_latency,False,1.0
703,316,117,216,649,"[316, 117, 216]",celu,model_5,Float8WeightOnlyConfig,float8,8.0,False,True,pt2_quantized_median_latency,0.0007314495742321014,pt2,median_latency,False,1.0
704,316,117,216,649,"[316, 117, 216]",celu,model_5,Int8WeightOnlyConfig,int8,8.0,False,True,pt2_quantized_p95_latency,0.0009121859446167945,pt2,p95_latency,False,1.0
705,316,117,216,649,"[316, 117, 216]",celu,model_5,Float8WeightOnlyConfig,float8,8.0,False,True,pt2_quantized_p95_latency,0.0007461031898856163,pt2,p95_latency,False,1.0
706,316,117,216,649,"[316, 117, 216]",celu,model_5,Int8WeightOnlyConfig,int8,8.0,False,True,pt2_quantized_p99_latency,0.001034357026219368,pt2,p99_latency,False,1.0
707,316,117,216,649,"[316, 117, 216]",celu,model_5,Float8WeightOnlyConfig,float8,8.0,False,True,pt2_quantized_p99_latency,0.0009079865738749501,pt2,p99_latency,False,1.0
708,316,117,216,649,"[316, 117, 216]",celu,model_5,Int8WeightOnlyConfig,int8,8.0,False,True,pt2_relative_model_size,0.5595275879925831,pt2,model_size,True,1.0
709,316,117,216,649,"[316, 117, 216]",celu,model_5,Float8WeightOnlyConfig,float8,8.0,False,True,pt2_relative_model_size,0.5098904403149095,pt2,model_size,True,1.0
710,316,117,216,649,"[316, 117, 216]",celu,model_5,Int8WeightOnlyConfig,int8,8.0,False,True,pt2_relative_median_latency,1.3553697017906008,pt2,median_latency,True,1.0
711,316,117,216,649,"[316, 117, 216]",celu,model_5,Float8WeightOnlyConfig,float8,8.0,False,True,pt2_relative_median_latency,1.0998876848228865,pt2,median_latency,True,1.0
712,316,117,216,649,"[316, 117, 216]",celu,model_5,Int8WeightOnlyConfig,int8,8.0,False,True,pt2_relative_p95_latency,1.3315854430147422,pt2,p95_latency,True,1.0
713,316,117,216,649,"[316, 117, 216]",celu,model_5,Float8WeightOnlyConfig,float8,8.0,False,True,pt2_relative_p95_latency,1.089142134344019,pt2,p95_latency,True,1.0
714,316,117,216,649,"[316, 117, 216]",celu,model_5,Int8WeightOnlyConfig,int8,8.0,False,True,pt2_relative_p99_latency,1.246633872449526,pt2,p99_latency,True,1.0
715,316,117,216,649,"[316, 117, 216]",celu,model_5,Float8WeightOnlyConfig,float8,8.0,False,True,pt2_relative_p99_latency,1.0943289309486897,pt2,p99_latency,True,1.0
716,316,117,216,649,"[316, 117, 216]",celu,model_5,Int8WeightOnlyConfig,int8,8.0,False,True,pytorch_quantized_MAE,9.151150485421843,pytorch,MAE,False,2.0
717,316,117,216,649,"[316, 117, 216]",celu,model_5,Float8WeightOnlyConfig,float8,8.0,False,True,pytorch_quantized_MAE,9.150414295501566,pytorch,MAE,False,2.0
718,316,117,216,649,"[316, 117, 216]",celu,model_5,Int8WeightOnlyConfig,int8,8.0,False,True,pytorch_relative_MAE,1.0004634830802088,pytorch,MAE,True,2.0
719,316,117,216,649,"[316, 117, 216]",celu,model_5,Float8WeightOnlyConfig,float8,8.0,False,True,pytorch_relative_MAE,1.000382997994424,pytorch,MAE,True,2.0
720,316,117,216,649,"[316, 117, 216]",celu,model_5,Int8WeightOnlyConfig,int8,8.0,False,True,pytorch_quantized_model_size,88706.0,pytorch,model_size,False,2.0
721,316,117,216,649,"[316, 117, 216]",celu,model_5,Float8WeightOnlyConfig,float8,8.0,False,True,pytorch_quantized_model_size,88706.0,pytorch,model_size,False,2.0
722,316,117,216,649,"[316, 117, 216]",celu,model_5,Int8WeightOnlyConfig,int8,8.0,False,True,pytorch_quantized_median_latency,0.00043188221752643585,pytorch,median_latency,False,2.0
723,316,117,216,649,"[316, 117, 216]",celu,model_5,Float8WeightOnlyConfig,float8,8.0,False,True,pytorch_quantized_median_latency,0.0005087554454803467,pytorch,median_latency,False,2.0
724,316,117,216,649,"[316, 117, 216]",celu,model_5,Int8WeightOnlyConfig,int8,8.0,False,True,pytorch_quantized_p95_latency,0.00044334717094898226,pytorch,p95_latency,False,2.0
725,316,117,216,649,"[316, 117, 216]",celu,model_5,Float8WeightOnlyConfig,float8,8.0,False,True,pytorch_quantized_p95_latency,0.0005185645073652268,pytorch,p95_latency,False,2.0
726,316,117,216,649,"[316, 117, 216]",celu,model_5,Int8WeightOnlyConfig,int8,8.0,False,True,pytorch_quantized_p99_latency,0.0004462788999080658,pytorch,p99_latency,False,2.0
727,316,117,216,649,"[316, 117, 216]",celu,model_5,Float8WeightOnlyConfig,float8,8.0,False,True,pytorch_quantized_p99_latency,0.000529237613081932,pytorch,p99_latency,False,2.0
728,316,117,216,649,"[316, 117, 216]",celu,model_5,Int8WeightOnlyConfig,int8,8.0,False,True,pytorch_relative_model_size,0.25,pytorch,model_size,True,2.0
729,316,117,216,649,"[316, 117, 216]",celu,model_5,Float8WeightOnlyConfig,float8,8.0,False,True,pytorch_relative_model_size,0.25,pytorch,model_size,True,2.0
730,316,117,216,649,"[316, 117, 216]",celu,model_5,Int8WeightOnlyConfig,int8,8.0,False,True,pytorch_relative_median_latency,2.352884469024304,pytorch,median_latency,True,2.0
731,316,117,216,649,"[316, 117, 216]",celu,model_5,Float8WeightOnlyConfig,float8,8.0,False,True,pytorch_relative_median_latency,2.771688061291796,pytorch,median_latency,True,2.0
732,316,117,216,649,"[316, 117, 216]",celu,model_5,Int8WeightOnlyConfig,int8,8.0,False,True,pytorch_relative_p95_latency,2.254427490315309,pytorch,p95_latency,True,2.0
733,316,117,216,649,"[316, 117, 216]",celu,model_5,Float8WeightOnlyConfig,float8,8.0,False,True,pytorch_relative_p95_latency,2.6369088549806308,pytorch,p95_latency,True,2.0
734,316,117,216,649,"[316, 117, 216]",celu,model_5,Int8WeightOnlyConfig,int8,8.0,False,True,pytorch_relative_p99_latency,2.167911557186576,pytorch,p99_latency,True,2.0
735,316,117,216,649,"[316, 117, 216]",celu,model_5,Float8WeightOnlyConfig,float8,8.0,False,True,pytorch_relative_p99_latency,2.57090428907688,pytorch,p99_latency,True,2.0
736,316,117,216,649,"[316, 117, 216]",celu,model_5,Int8WeightOnlyConfig,int8,8.0,False,True,onnx_quantized_model_size,32804.0,onnx,model_size,False,2.0
737,316,117,216,649,"[316, 117, 216]",celu,model_5,Float8WeightOnlyConfig,float8,8.0,False,True,onnx_quantized_model_size,,onnx,model_size,False,2.0
738,316,117,216,649,"[316, 117, 216]",celu,model_5,Int8WeightOnlyConfig,int8,8.0,False,True,onnx_quantized_median_latency,0.0006222855299711227,onnx,median_latency,False,2.0
739,316,117,216,649,"[316, 117, 216]",celu,model_5,Float8WeightOnlyConfig,float8,8.0,False,True,onnx_quantized_median_latency,,onnx,median_latency,False,2.0
740,316,117,216,649,"[316, 117, 216]",celu,model_5,Int8WeightOnlyConfig,int8,8.0,False,True,onnx_quantized_p95_latency,0.0006325436756014824,onnx,p95_latency,False,2.0
741,316,117,216,649,"[316, 117, 216]",celu,model_5,Float8WeightOnlyConfig,float8,8.0,False,True,onnx_quantized_p95_latency,,onnx,p95_latency,False,2.0
742,316,117,216,649,"[316, 117, 216]",celu,model_5,Int8WeightOnlyConfig,int8,8.0,False,True,onnx_quantized_p99_latency,0.0006406417861580848,onnx,p99_latency,False,2.0
743,316,117,216,649,"[316, 117, 216]",celu,model_5,Float8WeightOnlyConfig,float8,8.0,False,True,onnx_quantized_p99_latency,,onnx,p99_latency,False,2.0
744,316,117,216,649,"[316, 117, 216]",celu,model_5,Int8WeightOnlyConfig,int8,8.0,False,True,onnx_relative_model_size,2.420066396163777,onnx,model_size,True,2.0
745,316,117,216,649,"[316, 117, 216]",celu,model_5,Float8WeightOnlyConfig,float8,8.0,False,True,onnx_relative_model_size,,onnx,model_size,True,2.0
746,316,117,216,649,"[316, 117, 216]",celu,model_5,Int8WeightOnlyConfig,int8,8.0,False,True,onnx_relative_median_latency,1.1293972482336636,onnx,median_latency,True,2.0
747,316,117,216,649,"[316, 117, 216]",celu,model_5,Float8WeightOnlyConfig,float8,8.0,False,True,onnx_relative_median_latency,,onnx,median_latency,True,2.0
748,316,117,216,649,"[316, 117, 216]",celu,model_5,Int8WeightOnlyConfig,int8,8.0,False,True,onnx_relative_p95_latency,1.038636647239309,onnx,p95_latency,True,2.0
749,316,117,216,649,"[316, 117, 216]",celu,model_5,Float8WeightOnlyConfig,float8,8.0,False,True,onnx_relative_p95_latency,,onnx,p95_latency,True,2.0
750,316,117,216,649,"[316, 117, 216]",celu,model_5,Int8WeightOnlyConfig,int8,8.0,False,True,onnx_relative_p99_latency,1.0291696155558197,onnx,p99_latency,True,2.0
751,316,117,216,649,"[316, 117, 216]",celu,model_5,Float8WeightOnlyConfig,float8,8.0,False,True,onnx_relative_p99_latency,,onnx,p99_latency,True,2.0
752,316,117,216,649,"[316, 117, 216]",celu,model_5,Int8WeightOnlyConfig,int8,8.0,False,True,pt2_quantized_model_size,234465.0,pt2,model_size,False,2.0
753,316,117,216,649,"[316, 117, 216]",celu,model_5,Float8WeightOnlyConfig,float8,8.0,False,True,pt2_quantized_model_size,213665.0,pt2,model_size,False,2.0
754,316,117,216,649,"[316, 117, 216]",celu,model_5,Int8WeightOnlyConfig,int8,8.0,False,True,pt2_quantized_median_latency,0.0009073186665773392,pt2,median_latency,False,2.0
755,316,117,216,649,"[316, 117, 216]",celu,model_5,Float8WeightOnlyConfig,float8,8.0,False,True,pt2_quantized_median_latency,0.0007170587778091431,pt2,median_latency,False,2.0
756,316,117,216,649,"[316, 117, 216]",celu,model_5,Int8WeightOnlyConfig,int8,8.0,False,True,pt2_quantized_p95_latency,0.0009330810979008674,pt2,p95_latency,False,2.0
757,316,117,216,649,"[316, 117, 216]",celu,model_5,Float8WeightOnlyConfig,float8,8.0,False,True,pt2_quantized_p95_latency,0.0007250219583511353,pt2,p95_latency,False,2.0
758,316,117,216,649,"[316, 117, 216]",celu,model_5,Int8WeightOnlyConfig,int8,8.0,False,True,pt2_quantized_p99_latency,0.0010619740188121795,pt2,p99_latency,False,2.0
759,316,117,216,649,"[316, 117, 216]",celu,model_5,Float8WeightOnlyConfig,float8,8.0,False,True,pt2_quantized_p99_latency,0.0008493679016828537,pt2,p99_latency,False,2.0
760,316,117,216,649,"[316, 117, 216]",celu,model_5,Int8WeightOnlyConfig,int8,8.0,False,True,pt2_relative_model_size,0.5595275879925831,pt2,model_size,True,2.0
761,316,117,216,649,"[316, 117, 216]",celu,model_5,Float8WeightOnlyConfig,float8,8.0,False,True,pt2_relative_model_size,0.5098904403149095,pt2,model_size,True,2.0
762,316,117,216,649,"[316, 117, 216]",celu,model_5,Int8WeightOnlyConfig,int8,8.0,False,True,pt2_relative_median_latency,1.376861653263988,pt2,median_latency,True,2.0
763,316,117,216,649,"[316, 117, 216]",celu,model_5,Float8WeightOnlyConfig,float8,8.0,False,True,pt2_relative_median_latency,1.088141102647088,pt2,median_latency,True,2.0
764,316,117,216,649,"[316, 117, 216]",celu,model_5,Int8WeightOnlyConfig,int8,8.0,False,True,pt2_relative_p95_latency,1.3772598104283122,pt2,p95_latency,True,2.0
765,316,117,216,649,"[316, 117, 216]",celu,model_5,Float8WeightOnlyConfig,float8,8.0,False,True,pt2_relative_p95_latency,1.070157360556816,pt2,p95_latency,True,2.0
766,316,117,216,649,"[316, 117, 216]",celu,model_5,Int8WeightOnlyConfig,int8,8.0,False,True,pt2_relative_p99_latency,1.283589728003494,pt2,p99_latency,True,2.0
767,316,117,216,649,"[316, 117, 216]",celu,model_5,Float8WeightOnlyConfig,float8,8.0,False,True,pt2_relative_p99_latency,1.026616371571339,pt2,p99_latency,True,2.0
768,316,117,216,649,"[316, 117, 216]",celu,model_5,Int8WeightOnlyConfig,int8,8.0,False,True,pytorch_quantized_MAE,9.395226795271894,pytorch,MAE,False,3.0
769,316,117,216,649,"[316, 117, 216]",celu,model_5,Float8WeightOnlyConfig,float8,8.0,False,True,pytorch_quantized_MAE,9.396500943633374,pytorch,MAE,False,3.0
770,316,117,216,649,"[316, 117, 216]",celu,model_5,Int8WeightOnlyConfig,int8,8.0,False,True,pytorch_relative_MAE,1.0003510132086693,pytorch,MAE,True,3.0
771,316,117,216,649,"[316, 117, 216]",celu,model_5,Float8WeightOnlyConfig,float8,8.0,False,True,pytorch_relative_MAE,1.0004866773743313,pytorch,MAE,True,3.0
772,316,117,216,649,"[316, 117, 216]",celu,model_5,Int8WeightOnlyConfig,int8,8.0,False,True,pytorch_quantized_model_size,88706.0,pytorch,model_size,False,3.0
773,316,117,216,649,"[316, 117, 216]",celu,model_5,Float8WeightOnlyConfig,float8,8.0,False,True,pytorch_quantized_model_size,88706.0,pytorch,model_size,False,3.0
774,316,117,216,649,"[316, 117, 216]",celu,model_5,Int8WeightOnlyConfig,int8,8.0,False,True,pytorch_quantized_median_latency,0.0004400089383125305,pytorch,median_latency,False,3.0
775,316,117,216,649,"[316, 117, 216]",celu,model_5,Float8WeightOnlyConfig,float8,8.0,False,True,pytorch_quantized_median_latency,0.0005324389785528183,pytorch,median_latency,False,3.0
776,316,117,216,649,"[316, 117, 216]",celu,model_5,Int8WeightOnlyConfig,int8,8.0,False,True,pytorch_quantized_p95_latency,0.0004513980820775032,pytorch,p95_latency,False,3.0
777,316,117,216,649,"[316, 117, 216]",celu,model_5,Float8WeightOnlyConfig,float8,8.0,False,True,pytorch_quantized_p95_latency,0.0005405867472290993,pytorch,p95_latency,False,3.0
778,316,117,216,649,"[316, 117, 216]",celu,model_5,Int8WeightOnlyConfig,int8,8.0,False,True,pytorch_quantized_p99_latency,0.0004607084766030311,pytorch,p99_latency,False,3.0
779,316,117,216,649,"[316, 117, 216]",celu,model_5,Float8WeightOnlyConfig,float8,8.0,False,True,pytorch_quantized_p99_latency,0.0005514363199472427,pytorch,p99_latency,False,3.0
780,316,117,216,649,"[316, 117, 216]",celu,model_5,Int8WeightOnlyConfig,int8,8.0,False,True,pytorch_relative_model_size,0.25,pytorch,model_size,True,3.0
781,316,117,216,649,"[316, 117, 216]",celu,model_5,Float8WeightOnlyConfig,float8,8.0,False,True,pytorch_relative_model_size,0.25,pytorch,model_size,True,3.0
782,316,117,216,649,"[316, 117, 216]",celu,model_5,Int8WeightOnlyConfig,int8,8.0,False,True,pytorch_relative_median_latency,2.702992162022999,pytorch,median_latency,True,3.0
783,316,117,216,649,"[316, 117, 216]",celu,model_5,Float8WeightOnlyConfig,float8,8.0,False,True,pytorch_relative_median_latency,3.27079352365696,pytorch,median_latency,True,3.0
784,316,117,216,649,"[316, 117, 216]",celu,model_5,Int8WeightOnlyConfig,int8,8.0,False,True,pytorch_relative_p95_latency,2.587484451657333,pytorch,p95_latency,True,3.0
785,316,117,216,649,"[316, 117, 216]",celu,model_5,Float8WeightOnlyConfig,float8,8.0,False,True,pytorch_relative_p95_latency,3.098727838606868,pytorch,p95_latency,True,3.0
786,316,117,216,649,"[316, 117, 216]",celu,model_5,Int8WeightOnlyConfig,int8,8.0,False,True,pytorch_relative_p99_latency,2.5940888904550827,pytorch,p99_latency,True,3.0
787,316,117,216,649,"[316, 117, 216]",celu,model_5,Float8WeightOnlyConfig,float8,8.0,False,True,pytorch_relative_p99_latency,3.1049457607465376,pytorch,p99_latency,True,3.0
788,316,117,216,649,"[316, 117, 216]",celu,model_5,Int8WeightOnlyConfig,int8,8.0,False,True,onnx_quantized_model_size,32804.0,onnx,model_size,False,3.0
789,316,117,216,649,"[316, 117, 216]",celu,model_5,Float8WeightOnlyConfig,float8,8.0,False,True,onnx_quantized_model_size,,onnx,model_size,False,3.0
790,316,117,216,649,"[316, 117, 216]",celu,model_5,Int8WeightOnlyConfig,int8,8.0,False,True,onnx_quantized_median_latency,0.0006679613143205643,onnx,median_latency,False,3.0
791,316,117,216,649,"[316, 117, 216]",celu,model_5,Float8WeightOnlyConfig,float8,8.0,False,True,onnx_quantized_median_latency,,onnx,median_latency,False,3.0
792,316,117,216,649,"[316, 117, 216]",celu,model_5,Int8WeightOnlyConfig,int8,8.0,False,True,onnx_quantized_p95_latency,0.000677388347685337,onnx,p95_latency,False,3.0
793,316,117,216,649,"[316, 117, 216]",celu,model_5,Float8WeightOnlyConfig,float8,8.0,False,True,onnx_quantized_p95_latency,,onnx,p95_latency,False,3.0
794,316,117,216,649,"[316, 117, 216]",celu,model_5,Int8WeightOnlyConfig,int8,8.0,False,True,onnx_quantized_p99_latency,0.013671751953661443,onnx,p99_latency,False,3.0
795,316,117,216,649,"[316, 117, 216]",celu,model_5,Float8WeightOnlyConfig,float8,8.0,False,True,onnx_quantized_p99_latency,,onnx,p99_latency,False,3.0
796,316,117,216,649,"[316, 117, 216]",celu,model_5,Int8WeightOnlyConfig,int8,8.0,False,True,onnx_relative_model_size,2.420066396163777,onnx,model_size,True,3.0
797,316,117,216,649,"[316, 117, 216]",celu,model_5,Float8WeightOnlyConfig,float8,8.0,False,True,onnx_relative_model_size,,onnx,model_size,True,3.0
798,316,117,216,649,"[316, 117, 216]",celu,model_5,Int8WeightOnlyConfig,int8,8.0,False,True,onnx_relative_median_latency,1.1705973944579187,onnx,median_latency,True,3.0
799,316,117,216,649,"[316, 117, 216]",celu,model_5,Float8WeightOnlyConfig,float8,8.0,False,True,onnx_relative_median_latency,,onnx,median_latency,True,3.0
800,316,117,216,649,"[316, 117, 216]",celu,model_5,Int8WeightOnlyConfig,int8,8.0,False,True,onnx_relative_p95_latency,1.1085715139235164,onnx,p95_latency,True,3.0
801,316,117,216,649,"[316, 117, 216]",celu,model_5,Float8WeightOnlyConfig,float8,8.0,False,True,onnx_relative_p95_latency,,onnx,p95_latency,True,3.0
802,316,117,216,649,"[316, 117, 216]",celu,model_5,Int8WeightOnlyConfig,int8,8.0,False,True,onnx_relative_p99_latency,4.909200202233408,onnx,p99_latency,True,3.0
803,316,117,216,649,"[316, 117, 216]",celu,model_5,Float8WeightOnlyConfig,float8,8.0,False,True,onnx_relative_p99_latency,,onnx,p99_latency,True,3.0
804,316,117,216,649,"[316, 117, 216]",celu,model_5,Int8WeightOnlyConfig,int8,8.0,False,True,pt2_quantized_model_size,234465.0,pt2,model_size,False,3.0
805,316,117,216,649,"[316, 117, 216]",celu,model_5,Float8WeightOnlyConfig,float8,8.0,False,True,pt2_quantized_model_size,213665.0,pt2,model_size,False,3.0
806,316,117,216,649,"[316, 117, 216]",celu,model_5,Int8WeightOnlyConfig,int8,8.0,False,True,pt2_quantized_median_latency,0.0009071044623851776,pt2,median_latency,False,3.0
807,316,117,216,649,"[316, 117, 216]",celu,model_5,Float8WeightOnlyConfig,float8,8.0,False,True,pt2_quantized_median_latency,0.0007292311638593674,pt2,median_latency,False,3.0
808,316,117,216,649,"[316, 117, 216]",celu,model_5,Int8WeightOnlyConfig,int8,8.0,False,True,pt2_quantized_p95_latency,0.0009544152766466139,pt2,p95_latency,False,3.0
809,316,117,216,649,"[316, 117, 216]",celu,model_5,Float8WeightOnlyConfig,float8,8.0,False,True,pt2_quantized_p95_latency,0.000737939216196537,pt2,p95_latency,False,3.0
810,316,117,216,649,"[316, 117, 216]",celu,model_5,Int8WeightOnlyConfig,int8,8.0,False,True,pt2_quantized_p99_latency,0.0011280158907175024,pt2,p99_latency,False,3.0
811,316,117,216,649,"[316, 117, 216]",celu,model_5,Float8WeightOnlyConfig,float8,8.0,False,True,pt2_quantized_p99_latency,0.0008663039281964302,pt2,p99_latency,False,3.0
812,316,117,216,649,"[316, 117, 216]",celu,model_5,Int8WeightOnlyConfig,int8,8.0,False,True,pt2_relative_model_size,0.5595275879925831,pt2,model_size,True,3.0
813,316,117,216,649,"[316, 117, 216]",celu,model_5,Float8WeightOnlyConfig,float8,8.0,False,True,pt2_relative_model_size,0.5098904403149095,pt2,model_size,True,3.0
814,316,117,216,649,"[316, 117, 216]",celu,model_5,Int8WeightOnlyConfig,int8,8.0,False,True,pt2_relative_median_latency,1.3718098950997735,pt2,median_latency,True,3.0
815,316,117,216,649,"[316, 117, 216]",celu,model_5,Float8WeightOnlyConfig,float8,8.0,False,True,pt2_relative_median_latency,1.1028129260515374,pt2,median_latency,True,3.0
816,316,117,216,649,"[316, 117, 216]",celu,model_5,Int8WeightOnlyConfig,int8,8.0,False,True,pt2_relative_p95_latency,1.4069735002377914,pt2,p95_latency,True,3.0
817,316,117,216,649,"[316, 117, 216]",celu,model_5,Float8WeightOnlyConfig,float8,8.0,False,True,pt2_relative_p95_latency,1.0878502758492674,pt2,p95_latency,True,3.0
818,316,117,216,649,"[316, 117, 216]",celu,model_5,Int8WeightOnlyConfig,int8,8.0,False,True,pt2_relative_p99_latency,1.3676471557992225,pt2,p99_latency,True,3.0
819,316,117,216,649,"[316, 117, 216]",celu,model_5,Float8WeightOnlyConfig,float8,8.0,False,True,pt2_relative_p99_latency,1.0503381319406073,pt2,p99_latency,True,3.0
820,616,318,107,1041,"[616, 318, 107]",elu,model_50,,,,,,,,,,,
821,840,157,187,1184,"[840, 157, 187]",gelu,model_51,,,,,,,,,,,
822,337,373,32,742,"[337, 373, 32]",leaky_relu,model_52,,,,,,,,,,,
823,232,213,71,516,"[232, 213, 71]",relu,model_53,,,,,,,,,,,
824,721,430,144,1295,"[721, 430, 144]",gelu,model_54,,,,,,,,,,,
825,496,64,32,592,"[496, 64, 32]",relu,model_55,,,,,,,,,,,
826,128,262,223,613,"[128, 262, 223]",celu,model_56,,,,,,,,,,,
827,128,131,32,291,"[128, 131, 32]",celu,model_57,,,,,,,,,,,
828,504,350,210,1064,"[504, 350, 210]",gelu,model_58,,,,,,,,,,,
829,729,76,56,861,"[729, 76, 56]",gelu,model_59,,,,,,,,,,,
830,749,361,32,1142,"[749, 361, 32]",elu,model_6,Int8WeightOnlyConfig,int8,8.0,False,True,pytorch_quantized_MAE,9.221546305874442,pytorch,MAE,False,1.0
831,749,361,32,1142,"[749, 361, 32]",elu,model_6,Float8WeightOnlyConfig,float8,8.0,False,True,pytorch_quantized_MAE,9.216094461119859,pytorch,MAE,False,1.0
832,749,361,32,1142,"[749, 361, 32]",elu,model_6,Int8WeightOnlyConfig,int8,8.0,False,True,pytorch_relative_MAE,1.0003474021477392,pytorch,MAE,True,1.0
833,749,361,32,1142,"[749, 361, 32]",elu,model_6,Float8WeightOnlyConfig,float8,8.0,False,True,pytorch_relative_MAE,0.9997559895411912,pytorch,MAE,True,1.0
834,749,361,32,1142,"[749, 361, 32]",elu,model_6,Int8WeightOnlyConfig,int8,8.0,False,True,pytorch_quantized_model_size,343785.0,pytorch,model_size,False,1.0
835,749,361,32,1142,"[749, 361, 32]",elu,model_6,Float8WeightOnlyConfig,float8,8.0,False,True,pytorch_quantized_model_size,343785.0,pytorch,model_size,False,1.0
836,749,361,32,1142,"[749, 361, 32]",elu,model_6,Int8WeightOnlyConfig,int8,8.0,False,True,pytorch_quantized_median_latency,0.00046790577471256256,pytorch,median_latency,False,1.0
837,749,361,32,1142,"[749, 361, 32]",elu,model_6,Float8WeightOnlyConfig,float8,8.0,False,True,pytorch_quantized_median_latency,0.0005101021379232407,pytorch,median_latency,False,1.0
838,749,361,32,1142,"[749, 361, 32]",elu,model_6,Int8WeightOnlyConfig,int8,8.0,False,True,pytorch_quantized_p95_latency,0.000478837825357914,pytorch,p95_latency,False,1.0
839,749,361,32,1142,"[749, 361, 32]",elu,model_6,Float8WeightOnlyConfig,float8,8.0,False,True,pytorch_quantized_p95_latency,0.0005190718919038772,pytorch,p95_latency,False,1.0
840,749,361,32,1142,"[749, 361, 32]",elu,model_6,Int8WeightOnlyConfig,int8,8.0,False,True,pytorch_quantized_p99_latency,0.00048459723591804505,pytorch,p99_latency,False,1.0
841,749,361,32,1142,"[749, 361, 32]",elu,model_6,Float8WeightOnlyConfig,float8,8.0,False,True,pytorch_quantized_p99_latency,0.0005245843902230262,pytorch,p99_latency,False,1.0
842,749,361,32,1142,"[749, 361, 32]",elu,model_6,Int8WeightOnlyConfig,int8,8.0,False,True,pytorch_relative_model_size,0.25,pytorch,model_size,True,1.0
843,749,361,32,1142,"[749, 361, 32]",elu,model_6,Float8WeightOnlyConfig,float8,8.0,False,True,pytorch_relative_model_size,0.25,pytorch,model_size,True,1.0
844,749,361,32,1142,"[749, 361, 32]",elu,model_6,Int8WeightOnlyConfig,int8,8.0,False,True,pytorch_relative_median_latency,2.930461258486736,pytorch,median_latency,True,1.0
845,749,361,32,1142,"[749, 361, 32]",elu,model_6,Float8WeightOnlyConfig,float8,8.0,False,True,pytorch_relative_median_latency,3.1947341405940133,pytorch,median_latency,True,1.0
846,749,361,32,1142,"[749, 361, 32]",elu,model_6,Int8WeightOnlyConfig,int8,8.0,False,True,pytorch_relative_p95_latency,2.7955599295330478,pytorch,p95_latency,True,1.0
847,749,361,32,1142,"[749, 361, 32]",elu,model_6,Float8WeightOnlyConfig,float8,8.0,False,True,pytorch_relative_p95_latency,3.030455207812262,pytorch,p95_latency,True,1.0
848,749,361,32,1142,"[749, 361, 32]",elu,model_6,Int8WeightOnlyConfig,int8,8.0,False,True,pytorch_relative_p99_latency,2.739789166757761,pytorch,p99_latency,True,1.0
849,749,361,32,1142,"[749, 361, 32]",elu,model_6,Float8WeightOnlyConfig,float8,8.0,False,True,pytorch_relative_p99_latency,2.965866337764957,pytorch,p99_latency,True,1.0
850,749,361,32,1142,"[749, 361, 32]",elu,model_6,Int8WeightOnlyConfig,int8,8.0,False,True,onnx_quantized_model_size,32991.0,onnx,model_size,False,1.0
851,749,361,32,1142,"[749, 361, 32]",elu,model_6,Float8WeightOnlyConfig,float8,8.0,False,True,onnx_quantized_model_size,,onnx,model_size,False,1.0
852,749,361,32,1142,"[749, 361, 32]",elu,model_6,Int8WeightOnlyConfig,int8,8.0,False,True,onnx_quantized_median_latency,0.000629134476184845,onnx,median_latency,False,1.0
853,749,361,32,1142,"[749, 361, 32]",elu,model_6,Float8WeightOnlyConfig,float8,8.0,False,True,onnx_quantized_median_latency,,onnx,median_latency,False,1.0
854,749,361,32,1142,"[749, 361, 32]",elu,model_6,Int8WeightOnlyConfig,int8,8.0,False,True,onnx_quantized_p95_latency,0.0006489010527729988,onnx,p95_latency,False,1.0
855,749,361,32,1142,"[749, 361, 32]",elu,model_6,Float8WeightOnlyConfig,float8,8.0,False,True,onnx_quantized_p95_latency,,onnx,p95_latency,False,1.0
856,749,361,32,1142,"[749, 361, 32]",elu,model_6,Int8WeightOnlyConfig,int8,8.0,False,True,onnx_quantized_p99_latency,0.0006681082025170326,onnx,p99_latency,False,1.0
857,749,361,32,1142,"[749, 361, 32]",elu,model_6,Float8WeightOnlyConfig,float8,8.0,False,True,onnx_quantized_p99_latency,,onnx,p99_latency,False,1.0
858,749,361,32,1142,"[749, 361, 32]",elu,model_6,Int8WeightOnlyConfig,int8,8.0,False,True,onnx_relative_model_size,2.4142700329308453,onnx,model_size,True,1.0
859,749,361,32,1142,"[749, 361, 32]",elu,model_6,Float8WeightOnlyConfig,float8,8.0,False,True,onnx_relative_model_size,,onnx,model_size,True,1.0
860,749,361,32,1142,"[749, 361, 32]",elu,model_6,Int8WeightOnlyConfig,int8,8.0,False,True,onnx_relative_median_latency,1.1064289785569685,onnx,median_latency,True,1.0
861,749,361,32,1142,"[749, 361, 32]",elu,model_6,Float8WeightOnlyConfig,float8,8.0,False,True,onnx_relative_median_latency,,onnx,median_latency,True,1.0
862,749,361,32,1142,"[749, 361, 32]",elu,model_6,Int8WeightOnlyConfig,int8,8.0,False,True,onnx_relative_p95_latency,1.1036165562710405,onnx,p95_latency,True,1.0
863,749,361,32,1142,"[749, 361, 32]",elu,model_6,Float8WeightOnlyConfig,float8,8.0,False,True,onnx_relative_p95_latency,,onnx,p95_latency,True,1.0
864,749,361,32,1142,"[749, 361, 32]",elu,model_6,Int8WeightOnlyConfig,int8,8.0,False,True,onnx_relative_p99_latency,1.1146221498796465,onnx,p99_latency,True,1.0
865,749,361,32,1142,"[749, 361, 32]",elu,model_6,Float8WeightOnlyConfig,float8,8.0,False,True,onnx_relative_p99_latency,,onnx,p99_latency,True,1.0
866,749,361,32,1142,"[749, 361, 32]",elu,model_6,Int8WeightOnlyConfig,int8,8.0,False,True,pt2_quantized_model_size,493089.0,pt2,model_size,False,1.0
867,749,361,32,1142,"[749, 361, 32]",elu,model_6,Float8WeightOnlyConfig,float8,8.0,False,True,pt2_quantized_model_size,472353.0,pt2,model_size,False,1.0
868,749,361,32,1142,"[749, 361, 32]",elu,model_6,Int8WeightOnlyConfig,int8,8.0,False,True,pt2_quantized_median_latency,0.0008909348398447037,pt2,median_latency,False,1.0
869,749,361,32,1142,"[749, 361, 32]",elu,model_6,Float8WeightOnlyConfig,float8,8.0,False,True,pt2_quantized_median_latency,0.0007237456738948822,pt2,median_latency,False,1.0
870,749,361,32,1142,"[749, 361, 32]",elu,model_6,Int8WeightOnlyConfig,int8,8.0,False,True,pt2_quantized_p95_latency,0.000911293551325798,pt2,p95_latency,False,1.0
871,749,361,32,1142,"[749, 361, 32]",elu,model_6,Float8WeightOnlyConfig,float8,8.0,False,True,pt2_quantized_p95_latency,0.000736858882009983,pt2,p95_latency,False,1.0
872,749,361,32,1142,"[749, 361, 32]",elu,model_6,Int8WeightOnlyConfig,int8,8.0,False,True,pt2_quantized_p99_latency,0.0010870754346251489,pt2,p99_latency,False,1.0
873,749,361,32,1142,"[749, 361, 32]",elu,model_6,Float8WeightOnlyConfig,float8,8.0,False,True,pt2_quantized_p99_latency,0.0009040185809135436,pt2,p99_latency,False,1.0
874,749,361,32,1142,"[749, 361, 32]",elu,model_6,Int8WeightOnlyConfig,int8,8.0,False,True,pt2_relative_model_size,0.34253685774643094,pt2,model_size,True,1.0
875,749,361,32,1142,"[749, 361, 32]",elu,model_6,Float8WeightOnlyConfig,float8,8.0,False,True,pt2_relative_model_size,0.32813206615256046,pt2,model_size,True,1.0
876,749,361,32,1142,"[749, 361, 32]",elu,model_6,Int8WeightOnlyConfig,int8,8.0,False,True,pt2_relative_median_latency,0.9882419298854564,pt2,median_latency,True,1.0
877,749,361,32,1142,"[749, 361, 32]",elu,model_6,Float8WeightOnlyConfig,float8,8.0,False,True,pt2_relative_median_latency,0.8027925158261847,pt2,median_latency,True,1.0
878,749,361,32,1142,"[749, 361, 32]",elu,model_6,Int8WeightOnlyConfig,int8,8.0,False,True,pt2_relative_p95_latency,0.9849206069604167,pt2,p95_latency,True,1.0
879,749,361,32,1142,"[749, 361, 32]",elu,model_6,Float8WeightOnlyConfig,float8,8.0,False,True,pt2_relative_p95_latency,0.7963926621203351,pt2,p95_latency,True,1.0
880,749,361,32,1142,"[749, 361, 32]",elu,model_6,Int8WeightOnlyConfig,int8,8.0,False,True,pt2_relative_p99_latency,0.9884461956928402,pt2,p99_latency,True,1.0
881,749,361,32,1142,"[749, 361, 32]",elu,model_6,Float8WeightOnlyConfig,float8,8.0,False,True,pt2_relative_p99_latency,0.8219979025170034,pt2,p99_latency,True,1.0
882,749,361,32,1142,"[749, 361, 32]",elu,model_6,Int8WeightOnlyConfig,int8,8.0,False,True,pytorch_quantized_MAE,9.063708745861323,pytorch,MAE,False,2.0
883,749,361,32,1142,"[749, 361, 32]",elu,model_6,Float8WeightOnlyConfig,float8,8.0,False,True,pytorch_quantized_MAE,9.056691909890521,pytorch,MAE,False,2.0
884,749,361,32,1142,"[749, 361, 32]",elu,model_6,Int8WeightOnlyConfig,int8,8.0,False,True,pytorch_relative_MAE,1.0001725564543555,pytorch,MAE,True,2.0
885,749,361,32,1142,"[749, 361, 32]",elu,model_6,Float8WeightOnlyConfig,float8,8.0,False,True,pytorch_relative_MAE,0.9993982545689002,pytorch,MAE,True,2.0
886,749,361,32,1142,"[749, 361, 32]",elu,model_6,Int8WeightOnlyConfig,int8,8.0,False,True,pytorch_quantized_model_size,343785.0,pytorch,model_size,False,2.0
887,749,361,32,1142,"[749, 361, 32]",elu,model_6,Float8WeightOnlyConfig,float8,8.0,False,True,pytorch_quantized_model_size,343785.0,pytorch,model_size,False,2.0
888,749,361,32,1142,"[749, 361, 32]",elu,model_6,Int8WeightOnlyConfig,int8,8.0,False,True,pytorch_quantized_median_latency,0.00048623792827129364,pytorch,median_latency,False,2.0
889,749,361,32,1142,"[749, 361, 32]",elu,model_6,Float8WeightOnlyConfig,float8,8.0,False,True,pytorch_quantized_median_latency,0.0005325712263584137,pytorch,median_latency,False,2.0
890,749,361,32,1142,"[749, 361, 32]",elu,model_6,Int8WeightOnlyConfig,int8,8.0,False,True,pytorch_quantized_p95_latency,0.0004949850961565971,pytorch,p95_latency,False,2.0
891,749,361,32,1142,"[749, 361, 32]",elu,model_6,Float8WeightOnlyConfig,float8,8.0,False,True,pytorch_quantized_p95_latency,0.0005434371531009674,pytorch,p95_latency,False,2.0
892,749,361,32,1142,"[749, 361, 32]",elu,model_6,Int8WeightOnlyConfig,int8,8.0,False,True,pytorch_quantized_p99_latency,0.0005001455545425415,pytorch,p99_latency,False,2.0
893,749,361,32,1142,"[749, 361, 32]",elu,model_6,Float8WeightOnlyConfig,float8,8.0,False,True,pytorch_quantized_p99_latency,0.0005580899119377135,pytorch,p99_latency,False,2.0
894,749,361,32,1142,"[749, 361, 32]",elu,model_6,Int8WeightOnlyConfig,int8,8.0,False,True,pytorch_relative_model_size,0.25,pytorch,model_size,True,2.0
895,749,361,32,1142,"[749, 361, 32]",elu,model_6,Float8WeightOnlyConfig,float8,8.0,False,True,pytorch_relative_model_size,0.25,pytorch,model_size,True,2.0
896,749,361,32,1142,"[749, 361, 32]",elu,model_6,Int8WeightOnlyConfig,int8,8.0,False,True,pytorch_relative_median_latency,2.9674885471018198,pytorch,median_latency,True,2.0
897,749,361,32,1142,"[749, 361, 32]",elu,model_6,Float8WeightOnlyConfig,float8,8.0,False,True,pytorch_relative_median_latency,3.250258613829872,pytorch,median_latency,True,2.0
898,749,361,32,1142,"[749, 361, 32]",elu,model_6,Int8WeightOnlyConfig,int8,8.0,False,True,pytorch_relative_p95_latency,2.8066167112885423,pytorch,p95_latency,True,2.0
899,749,361,32,1142,"[749, 361, 32]",elu,model_6,Float8WeightOnlyConfig,float8,8.0,False,True,pytorch_relative_p95_latency,3.081344887494785,pytorch,p95_latency,True,2.0
900,749,361,32,1142,"[749, 361, 32]",elu,model_6,Int8WeightOnlyConfig,int8,8.0,False,True,pytorch_relative_p99_latency,2.7884920142049077,pytorch,p99_latency,True,2.0
901,749,361,32,1142,"[749, 361, 32]",elu,model_6,Float8WeightOnlyConfig,float8,8.0,False,True,pytorch_relative_p99_latency,3.11155272402659,pytorch,p99_latency,True,2.0
902,749,361,32,1142,"[749, 361, 32]",elu,model_6,Int8WeightOnlyConfig,int8,8.0,False,True,onnx_quantized_model_size,32991.0,onnx,model_size,False,2.0
903,749,361,32,1142,"[749, 361, 32]",elu,model_6,Float8WeightOnlyConfig,float8,8.0,False,True,onnx_quantized_model_size,,onnx,model_size,False,2.0
904,749,361,32,1142,"[749, 361, 32]",elu,model_6,Int8WeightOnlyConfig,int8,8.0,False,True,onnx_quantized_median_latency,0.0006167106330394745,onnx,median_latency,False,2.0
905,749,361,32,1142,"[749, 361, 32]",elu,model_6,Float8WeightOnlyConfig,float8,8.0,False,True,onnx_quantized_median_latency,,onnx,median_latency,False,2.0
906,749,361,32,1142,"[749, 361, 32]",elu,model_6,Int8WeightOnlyConfig,int8,8.0,False,True,onnx_quantized_p95_latency,0.0006423233076930046,onnx,p95_latency,False,2.0
907,749,361,32,1142,"[749, 361, 32]",elu,model_6,Float8WeightOnlyConfig,float8,8.0,False,True,onnx_quantized_p95_latency,,onnx,p95_latency,False,2.0
908,749,361,32,1142,"[749, 361, 32]",elu,model_6,Int8WeightOnlyConfig,int8,8.0,False,True,onnx_quantized_p99_latency,0.0006539658084511756,onnx,p99_latency,False,2.0
909,749,361,32,1142,"[749, 361, 32]",elu,model_6,Float8WeightOnlyConfig,float8,8.0,False,True,onnx_quantized_p99_latency,,onnx,p99_latency,False,2.0
910,749,361,32,1142,"[749, 361, 32]",elu,model_6,Int8WeightOnlyConfig,int8,8.0,False,True,onnx_relative_model_size,2.4142700329308453,onnx,model_size,True,2.0
911,749,361,32,1142,"[749, 361, 32]",elu,model_6,Float8WeightOnlyConfig,float8,8.0,False,True,onnx_relative_model_size,,onnx,model_size,True,2.0
912,749,361,32,1142,"[749, 361, 32]",elu,model_6,Int8WeightOnlyConfig,int8,8.0,False,True,onnx_relative_median_latency,1.0759586637202652,onnx,median_latency,True,2.0
913,749,361,32,1142,"[749, 361, 32]",elu,model_6,Float8WeightOnlyConfig,float8,8.0,False,True,onnx_relative_median_latency,,onnx,median_latency,True,2.0
914,749,361,32,1142,"[749, 361, 32]",elu,model_6,Int8WeightOnlyConfig,int8,8.0,False,True,onnx_relative_p95_latency,1.082497054752874,onnx,p95_latency,True,2.0
915,749,361,32,1142,"[749, 361, 32]",elu,model_6,Float8WeightOnlyConfig,float8,8.0,False,True,onnx_relative_p95_latency,,onnx,p95_latency,True,2.0
916,749,361,32,1142,"[749, 361, 32]",elu,model_6,Int8WeightOnlyConfig,int8,8.0,False,True,onnx_relative_p99_latency,1.0696715085778707,onnx,p99_latency,True,2.0
917,749,361,32,1142,"[749, 361, 32]",elu,model_6,Float8WeightOnlyConfig,float8,8.0,False,True,onnx_relative_p99_latency,,onnx,p99_latency,True,2.0
918,749,361,32,1142,"[749, 361, 32]",elu,model_6,Int8WeightOnlyConfig,int8,8.0,False,True,pt2_quantized_model_size,493089.0,pt2,model_size,False,2.0
919,749,361,32,1142,"[749, 361, 32]",elu,model_6,Float8WeightOnlyConfig,float8,8.0,False,True,pt2_quantized_model_size,472353.0,pt2,model_size,False,2.0
920,749,361,32,1142,"[749, 361, 32]",elu,model_6,Int8WeightOnlyConfig,int8,8.0,False,True,pt2_quantized_median_latency,0.0008979104459285736,pt2,median_latency,False,2.0
921,749,361,32,1142,"[749, 361, 32]",elu,model_6,Float8WeightOnlyConfig,float8,8.0,False,True,pt2_quantized_median_latency,0.0007315408438444138,pt2,median_latency,False,2.0
922,749,361,32,1142,"[749, 361, 32]",elu,model_6,Int8WeightOnlyConfig,int8,8.0,False,True,pt2_quantized_p95_latency,0.000912996381521225,pt2,p95_latency,False,2.0
923,749,361,32,1142,"[749, 361, 32]",elu,model_6,Float8WeightOnlyConfig,float8,8.0,False,True,pt2_quantized_p95_latency,0.0007454497739672661,pt2,p95_latency,False,2.0
924,749,361,32,1142,"[749, 361, 32]",elu,model_6,Int8WeightOnlyConfig,int8,8.0,False,True,pt2_quantized_p99_latency,0.0010847722738981246,pt2,p99_latency,False,2.0
925,749,361,32,1142,"[749, 361, 32]",elu,model_6,Float8WeightOnlyConfig,float8,8.0,False,True,pt2_quantized_p99_latency,0.0009220128878951072,pt2,p99_latency,False,2.0
926,749,361,32,1142,"[749, 361, 32]",elu,model_6,Int8WeightOnlyConfig,int8,8.0,False,True,pt2_relative_model_size,0.34253685774643094,pt2,model_size,True,2.0
927,749,361,32,1142,"[749, 361, 32]",elu,model_6,Float8WeightOnlyConfig,float8,8.0,False,True,pt2_relative_model_size,0.32813206615256046,pt2,model_size,True,2.0
928,749,361,32,1142,"[749, 361, 32]",elu,model_6,Int8WeightOnlyConfig,int8,8.0,False,True,pt2_relative_median_latency,0.9995148207739646,pt2,median_latency,True,2.0
929,749,361,32,1142,"[749, 361, 32]",elu,model_6,Float8WeightOnlyConfig,float8,8.0,False,True,pt2_relative_median_latency,0.814319422097633,pt2,median_latency,True,2.0
930,749,361,32,1142,"[749, 361, 32]",elu,model_6,Int8WeightOnlyConfig,int8,8.0,False,True,pt2_relative_p95_latency,0.9850577697105527,pt2,p95_latency,True,2.0
931,749,361,32,1142,"[749, 361, 32]",elu,model_6,Float8WeightOnlyConfig,float8,8.0,False,True,pt2_relative_p95_latency,0.8042869683140795,pt2,p95_latency,True,2.0
932,749,361,32,1142,"[749, 361, 32]",elu,model_6,Int8WeightOnlyConfig,int8,8.0,False,True,pt2_relative_p99_latency,0.9666028132165089,pt2,p99_latency,True,2.0
933,749,361,32,1142,"[749, 361, 32]",elu,model_6,Float8WeightOnlyConfig,float8,8.0,False,True,pt2_relative_p99_latency,0.8215735898731004,pt2,p99_latency,True,2.0
934,749,361,32,1142,"[749, 361, 32]",elu,model_6,Int8WeightOnlyConfig,int8,8.0,False,True,pytorch_quantized_MAE,9.009098200111712,pytorch,MAE,False,3.0
935,749,361,32,1142,"[749, 361, 32]",elu,model_6,Float8WeightOnlyConfig,float8,8.0,False,True,pytorch_quantized_MAE,9.004403029089252,pytorch,MAE,False,3.0
936,749,361,32,1142,"[749, 361, 32]",elu,model_6,Int8WeightOnlyConfig,int8,8.0,False,True,pytorch_relative_MAE,1.0003511830769893,pytorch,MAE,True,3.0
937,749,361,32,1142,"[749, 361, 32]",elu,model_6,Float8WeightOnlyConfig,float8,8.0,False,True,pytorch_relative_MAE,0.99982984123092,pytorch,MAE,True,3.0
938,749,361,32,1142,"[749, 361, 32]",elu,model_6,Int8WeightOnlyConfig,int8,8.0,False,True,pytorch_quantized_model_size,343785.0,pytorch,model_size,False,3.0
939,749,361,32,1142,"[749, 361, 32]",elu,model_6,Float8WeightOnlyConfig,float8,8.0,False,True,pytorch_quantized_model_size,343785.0,pytorch,model_size,False,3.0
940,749,361,32,1142,"[749, 361, 32]",elu,model_6,Int8WeightOnlyConfig,int8,8.0,False,True,pytorch_quantized_median_latency,0.0004276055842638016,pytorch,median_latency,False,3.0
941,749,361,32,1142,"[749, 361, 32]",elu,model_6,Float8WeightOnlyConfig,float8,8.0,False,True,pytorch_quantized_median_latency,0.0005358550697565079,pytorch,median_latency,False,3.0
942,749,361,32,1142,"[749, 361, 32]",elu,model_6,Int8WeightOnlyConfig,int8,8.0,False,True,pytorch_quantized_p95_latency,0.000439373217523098,pytorch,p95_latency,False,3.0
943,749,361,32,1142,"[749, 361, 32]",elu,model_6,Float8WeightOnlyConfig,float8,8.0,False,True,pytorch_quantized_p95_latency,0.000546373799443245,pytorch,p95_latency,False,3.0
944,749,361,32,1142,"[749, 361, 32]",elu,model_6,Int8WeightOnlyConfig,int8,8.0,False,True,pytorch_quantized_p99_latency,0.00044203016906976697,pytorch,p99_latency,False,3.0
945,749,361,32,1142,"[749, 361, 32]",elu,model_6,Float8WeightOnlyConfig,float8,8.0,False,True,pytorch_quantized_p99_latency,0.0005630118399858475,pytorch,p99_latency,False,3.0
946,749,361,32,1142,"[749, 361, 32]",elu,model_6,Int8WeightOnlyConfig,int8,8.0,False,True,pytorch_relative_model_size,0.25,pytorch,model_size,True,3.0
947,749,361,32,1142,"[749, 361, 32]",elu,model_6,Float8WeightOnlyConfig,float8,8.0,False,True,pytorch_relative_model_size,0.25,pytorch,model_size,True,3.0
948,749,361,32,1142,"[749, 361, 32]",elu,model_6,Int8WeightOnlyConfig,int8,8.0,False,True,pytorch_relative_median_latency,2.5818928189844232,pytorch,median_latency,True,3.0
949,749,361,32,1142,"[749, 361, 32]",elu,model_6,Float8WeightOnlyConfig,float8,8.0,False,True,pytorch_relative_median_latency,3.2355058201653266,pytorch,median_latency,True,3.0
950,749,361,32,1142,"[749, 361, 32]",elu,model_6,Int8WeightOnlyConfig,int8,8.0,False,True,pytorch_relative_p95_latency,2.4601488687787527,pytorch,p95_latency,True,3.0
951,749,361,32,1142,"[749, 361, 32]",elu,model_6,Float8WeightOnlyConfig,float8,8.0,False,True,pytorch_relative_p95_latency,3.059269047412944,pytorch,p95_latency,True,3.0
952,749,361,32,1142,"[749, 361, 32]",elu,model_6,Int8WeightOnlyConfig,int8,8.0,False,True,pytorch_relative_p99_latency,2.3430642621622293,pytorch,p99_latency,True,3.0
953,749,361,32,1142,"[749, 361, 32]",elu,model_6,Float8WeightOnlyConfig,float8,8.0,False,True,pytorch_relative_p99_latency,2.9843504216492285,pytorch,p99_latency,True,3.0
954,749,361,32,1142,"[749, 361, 32]",elu,model_6,Int8WeightOnlyConfig,int8,8.0,False,True,onnx_quantized_model_size,32991.0,onnx,model_size,False,3.0
955,749,361,32,1142,"[749, 361, 32]",elu,model_6,Float8WeightOnlyConfig,float8,8.0,False,True,onnx_quantized_model_size,,onnx,model_size,False,3.0
956,749,361,32,1142,"[749, 361, 32]",elu,model_6,Int8WeightOnlyConfig,int8,8.0,False,True,onnx_quantized_median_latency,0.000622916966676712,onnx,median_latency,False,3.0
957,749,361,32,1142,"[749, 361, 32]",elu,model_6,Float8WeightOnlyConfig,float8,8.0,False,True,onnx_quantized_median_latency,,onnx,median_latency,False,3.0
958,749,361,32,1142,"[749, 361, 32]",elu,model_6,Int8WeightOnlyConfig,int8,8.0,False,True,onnx_quantized_p95_latency,0.0014367375522851944,onnx,p95_latency,False,3.0
959,749,361,32,1142,"[749, 361, 32]",elu,model_6,Float8WeightOnlyConfig,float8,8.0,False,True,onnx_quantized_p95_latency,,onnx,p95_latency,False,3.0
960,749,361,32,1142,"[749, 361, 32]",elu,model_6,Int8WeightOnlyConfig,int8,8.0,False,True,onnx_quantized_p99_latency,0.0016054619103670104,onnx,p99_latency,False,3.0
961,749,361,32,1142,"[749, 361, 32]",elu,model_6,Float8WeightOnlyConfig,float8,8.0,False,True,onnx_quantized_p99_latency,,onnx,p99_latency,False,3.0
962,749,361,32,1142,"[749, 361, 32]",elu,model_6,Int8WeightOnlyConfig,int8,8.0,False,True,onnx_relative_model_size,2.4142700329308453,onnx,model_size,True,3.0
963,749,361,32,1142,"[749, 361, 32]",elu,model_6,Float8WeightOnlyConfig,float8,8.0,False,True,onnx_relative_model_size,,onnx,model_size,True,3.0
964,749,361,32,1142,"[749, 361, 32]",elu,model_6,Int8WeightOnlyConfig,int8,8.0,False,True,onnx_relative_median_latency,1.094236400817996,onnx,median_latency,True,3.0
965,749,361,32,1142,"[749, 361, 32]",elu,model_6,Float8WeightOnlyConfig,float8,8.0,False,True,onnx_relative_median_latency,,onnx,median_latency,True,3.0
966,749,361,32,1142,"[749, 361, 32]",elu,model_6,Int8WeightOnlyConfig,int8,8.0,False,True,onnx_relative_p95_latency,2.4362685489510376,onnx,p95_latency,True,3.0
967,749,361,32,1142,"[749, 361, 32]",elu,model_6,Float8WeightOnlyConfig,float8,8.0,False,True,onnx_relative_p95_latency,,onnx,p95_latency,True,3.0
968,749,361,32,1142,"[749, 361, 32]",elu,model_6,Int8WeightOnlyConfig,int8,8.0,False,True,onnx_relative_p99_latency,2.678229452172272,onnx,p99_latency,True,3.0
969,749,361,32,1142,"[749, 361, 32]",elu,model_6,Float8WeightOnlyConfig,float8,8.0,False,True,onnx_relative_p99_latency,,onnx,p99_latency,True,3.0
970,749,361,32,1142,"[749, 361, 32]",elu,model_6,Int8WeightOnlyConfig,int8,8.0,False,True,pt2_quantized_model_size,493089.0,pt2,model_size,False,3.0
971,749,361,32,1142,"[749, 361, 32]",elu,model_6,Float8WeightOnlyConfig,float8,8.0,False,True,pt2_quantized_model_size,472353.0,pt2,model_size,False,3.0
972,749,361,32,1142,"[749, 361, 32]",elu,model_6,Int8WeightOnlyConfig,int8,8.0,False,True,pt2_quantized_median_latency,0.0008807126432657242,pt2,median_latency,False,3.0
973,749,361,32,1142,"[749, 361, 32]",elu,model_6,Float8WeightOnlyConfig,float8,8.0,False,True,pt2_quantized_median_latency,0.0007313936948776245,pt2,median_latency,False,3.0
974,749,361,32,1142,"[749, 361, 32]",elu,model_6,Int8WeightOnlyConfig,int8,8.0,False,True,pt2_quantized_p95_latency,0.000895700603723526,pt2,p95_latency,False,3.0
975,749,361,32,1142,"[749, 361, 32]",elu,model_6,Float8WeightOnlyConfig,float8,8.0,False,True,pt2_quantized_p95_latency,0.0007494201883673668,pt2,p95_latency,False,3.0
976,749,361,32,1142,"[749, 361, 32]",elu,model_6,Int8WeightOnlyConfig,int8,8.0,False,True,pt2_quantized_p99_latency,0.0010682946816086768,pt2,p99_latency,False,3.0
977,749,361,32,1142,"[749, 361, 32]",elu,model_6,Float8WeightOnlyConfig,float8,8.0,False,True,pt2_quantized_p99_latency,0.0009157444909214973,pt2,p99_latency,False,3.0
978,749,361,32,1142,"[749, 361, 32]",elu,model_6,Int8WeightOnlyConfig,int8,8.0,False,True,pt2_relative_model_size,0.34253685774643094,pt2,model_size,True,3.0
979,749,361,32,1142,"[749, 361, 32]",elu,model_6,Float8WeightOnlyConfig,float8,8.0,False,True,pt2_relative_model_size,0.32813206615256046,pt2,model_size,True,3.0
980,749,361,32,1142,"[749, 361, 32]",elu,model_6,Int8WeightOnlyConfig,int8,8.0,False,True,pt2_relative_median_latency,0.9674765307208159,pt2,median_latency,True,3.0
981,749,361,32,1142,"[749, 361, 32]",elu,model_6,Float8WeightOnlyConfig,float8,8.0,False,True,pt2_relative_median_latency,0.8034473445134678,pt2,median_latency,True,3.0
982,749,361,32,1142,"[749, 361, 32]",elu,model_6,Int8WeightOnlyConfig,int8,8.0,False,True,pt2_relative_p95_latency,0.9677779403457089,pt2,p95_latency,True,3.0
983,749,361,32,1142,"[749, 361, 32]",elu,model_6,Float8WeightOnlyConfig,float8,8.0,False,True,pt2_relative_p95_latency,0.8097262894952025,pt2,p95_latency,True,3.0
984,749,361,32,1142,"[749, 361, 32]",elu,model_6,Int8WeightOnlyConfig,int8,8.0,False,True,pt2_relative_p99_latency,0.9467049920065856,pt2,p99_latency,True,3.0
985,749,361,32,1142,"[749, 361, 32]",elu,model_6,Float8WeightOnlyConfig,float8,8.0,False,True,pt2_relative_p99_latency,0.8115175483719917,pt2,p99_latency,True,3.0
986,334,293,159,786,"[334, 293, 159]",relu,model_60,,,,,,,,,,,
987,440,64,172,676,"[440, 64, 172]",elu,model_61,,,,,,,,,,,
988,848,237,43,1128,"[848, 237, 43]",celu,model_62,,,,,,,,,,,
989,624,188,138,950,"[624, 188, 138]",elu,model_63,,,,,,,,,,,
990,215,406,94,715,"[215, 406, 94]",elu,model_64,,,,,,,,,,,
991,525,64,151,740,"[525, 64, 151]",relu,model_7,Int8WeightOnlyConfig,int8,8.0,False,True,pytorch_quantized_MAE,8.287318218012295,pytorch,MAE,False,1.0
992,525,64,151,740,"[525, 64, 151]",relu,model_7,Float8WeightOnlyConfig,float8,8.0,False,True,pytorch_quantized_MAE,8.302585526445736,pytorch,MAE,False,1.0
993,525,64,151,740,"[525, 64, 151]",relu,model_7,Int8WeightOnlyConfig,int8,8.0,False,True,pytorch_relative_MAE,1.00205427477612,pytorch,MAE,True,1.0
994,525,64,151,740,"[525, 64, 151]",relu,model_7,Float8WeightOnlyConfig,float8,8.0,False,True,pytorch_relative_MAE,1.0039003088341345,pytorch,MAE,True,1.0
995,525,64,151,740,"[525, 64, 151]",relu,model_7,Int8WeightOnlyConfig,int8,8.0,False,True,pytorch_quantized_model_size,86681.0,pytorch,model_size,False,1.0
996,525,64,151,740,"[525, 64, 151]",relu,model_7,Float8WeightOnlyConfig,float8,8.0,False,True,pytorch_quantized_model_size,86681.0,pytorch,model_size,False,1.0
997,525,64,151,740,"[525, 64, 151]",relu,model_7,Int8WeightOnlyConfig,int8,8.0,False,True,pytorch_quantized_median_latency,0.00042931176722049713,pytorch,median_latency,False,1.0
998,525,64,151,740,"[525, 64, 151]",relu,model_7,Float8WeightOnlyConfig,float8,8.0,False,True,pytorch_quantized_median_latency,0.0005028434097766876,pytorch,median_latency,False,1.0
999,525,64,151,740,"[525, 64, 151]",relu,model_7,Int8WeightOnlyConfig,int8,8.0,False,True,pytorch_quantized_p95_latency,0.00044196825474500655,pytorch,p95_latency,False,1.0
1000,525,64,151,740,"[525, 64, 151]",relu,model_7,Float8WeightOnlyConfig,float8,8.0,False,True,pytorch_quantized_p95_latency,0.0005118004977703094,pytorch,p95_latency,False,1.0
1001,525,64,151,740,"[525, 64, 151]",relu,model_7,Int8WeightOnlyConfig,int8,8.0,False,True,pytorch_quantized_p99_latency,0.00044808000326156615,pytorch,p99_latency,False,1.0
1002,525,64,151,740,"[525, 64, 151]",relu,model_7,Float8WeightOnlyConfig,float8,8.0,False,True,pytorch_quantized_p99_latency,0.000522947423160076,pytorch,p99_latency,False,1.0
1003,525,64,151,740,"[525, 64, 151]",relu,model_7,Int8WeightOnlyConfig,int8,8.0,False,True,pytorch_relative_model_size,0.25,pytorch,model_size,True,1.0
1004,525,64,151,740,"[525, 64, 151]",relu,model_7,Float8WeightOnlyConfig,float8,8.0,False,True,pytorch_relative_model_size,0.25,pytorch,model_size,True,1.0
1005,525,64,151,740,"[525, 64, 151]",relu,model_7,Int8WeightOnlyConfig,int8,8.0,False,True,pytorch_relative_median_latency,2.825887055246316,pytorch,median_latency,True,1.0
1006,525,64,151,740,"[525, 64, 151]",relu,model_7,Float8WeightOnlyConfig,float8,8.0,False,True,pytorch_relative_median_latency,3.3098992177729825,pytorch,median_latency,True,1.0
1007,525,64,151,740,"[525, 64, 151]",relu,model_7,Int8WeightOnlyConfig,int8,8.0,False,True,pytorch_relative_p95_latency,2.6848025942843825,pytorch,p95_latency,True,1.0
1008,525,64,151,740,"[525, 64, 151]",relu,model_7,Float8WeightOnlyConfig,float8,8.0,False,True,pytorch_relative_p95_latency,3.1090090508028503,pytorch,p95_latency,True,1.0
1009,525,64,151,740,"[525, 64, 151]",relu,model_7,Int8WeightOnlyConfig,int8,8.0,False,True,pytorch_relative_p99_latency,1.8324129923996662,pytorch,p99_latency,True,1.0
1010,525,64,151,740,"[525, 64, 151]",relu,model_7,Float8WeightOnlyConfig,float8,8.0,False,True,pytorch_relative_p99_latency,2.138581604993135,pytorch,p99_latency,True,1.0
1011,525,64,151,740,"[525, 64, 151]",relu,model_7,Int8WeightOnlyConfig,int8,8.0,False,True,onnx_quantized_model_size,33126.0,onnx,model_size,False,1.0
1012,525,64,151,740,"[525, 64, 151]",relu,model_7,Float8WeightOnlyConfig,float8,8.0,False,True,onnx_quantized_model_size,,onnx,model_size,False,1.0
1013,525,64,151,740,"[525, 64, 151]",relu,model_7,Int8WeightOnlyConfig,int8,8.0,False,True,onnx_quantized_median_latency,0.0002671964466571808,onnx,median_latency,False,1.0
1014,525,64,151,740,"[525, 64, 151]",relu,model_7,Float8WeightOnlyConfig,float8,8.0,False,True,onnx_quantized_median_latency,,onnx,median_latency,False,1.0
1015,525,64,151,740,"[525, 64, 151]",relu,model_7,Int8WeightOnlyConfig,int8,8.0,False,True,onnx_quantized_p95_latency,0.00027683284133672714,onnx,p95_latency,False,1.0
1016,525,64,151,740,"[525, 64, 151]",relu,model_7,Float8WeightOnlyConfig,float8,8.0,False,True,onnx_quantized_p95_latency,,onnx,p95_latency,False,1.0
1017,525,64,151,740,"[525, 64, 151]",relu,model_7,Int8WeightOnlyConfig,int8,8.0,False,True,onnx_quantized_p99_latency,0.00028037492185831067,onnx,p99_latency,False,1.0
1018,525,64,151,740,"[525, 64, 151]",relu,model_7,Float8WeightOnlyConfig,float8,8.0,False,True,onnx_quantized_p99_latency,,onnx,p99_latency,False,1.0
1019,525,64,151,740,"[525, 64, 151]",relu,model_7,Int8WeightOnlyConfig,int8,8.0,False,True,onnx_relative_model_size,2.4209603157202366,onnx,model_size,True,1.0
1020,525,64,151,740,"[525, 64, 151]",relu,model_7,Float8WeightOnlyConfig,float8,8.0,False,True,onnx_relative_model_size,,onnx,model_size,True,1.0
1021,525,64,151,740,"[525, 64, 151]",relu,model_7,Int8WeightOnlyConfig,int8,8.0,False,True,onnx_relative_median_latency,1.477495107632094,onnx,median_latency,True,1.0
1022,525,64,151,740,"[525, 64, 151]",relu,model_7,Float8WeightOnlyConfig,float8,8.0,False,True,onnx_relative_median_latency,,onnx,median_latency,True,1.0
1023,525,64,151,740,"[525, 64, 151]",relu,model_7,Int8WeightOnlyConfig,int8,8.0,False,True,onnx_relative_p95_latency,1.4673907677604208,onnx,p95_latency,True,1.0
1024,525,64,151,740,"[525, 64, 151]",relu,model_7,Float8WeightOnlyConfig,float8,8.0,False,True,onnx_relative_p95_latency,,onnx,p95_latency,True,1.0
1025,525,64,151,740,"[525, 64, 151]",relu,model_7,Int8WeightOnlyConfig,int8,8.0,False,True,onnx_relative_p99_latency,1.451250653435785,onnx,p99_latency,True,1.0
1026,525,64,151,740,"[525, 64, 151]",relu,model_7,Float8WeightOnlyConfig,float8,8.0,False,True,onnx_relative_p99_latency,,onnx,p99_latency,True,1.0
1027,525,64,151,740,"[525, 64, 151]",relu,model_7,Int8WeightOnlyConfig,int8,8.0,False,True,pt2_quantized_model_size,233057.0,pt2,model_size,False,1.0
1028,525,64,151,740,"[525, 64, 151]",relu,model_7,Float8WeightOnlyConfig,float8,8.0,False,True,pt2_quantized_model_size,212321.0,pt2,model_size,False,1.0
1029,525,64,151,740,"[525, 64, 151]",relu,model_7,Int8WeightOnlyConfig,int8,8.0,False,True,pt2_quantized_median_latency,0.0008903034031391144,pt2,median_latency,False,1.0
1030,525,64,151,740,"[525, 64, 151]",relu,model_7,Float8WeightOnlyConfig,float8,8.0,False,True,pt2_quantized_median_latency,0.0007193721830844879,pt2,median_latency,False,1.0
1031,525,64,151,740,"[525, 64, 151]",relu,model_7,Int8WeightOnlyConfig,int8,8.0,False,True,pt2_quantized_p95_latency,0.0009571950882673262,pt2,p95_latency,False,1.0
1032,525,64,151,740,"[525, 64, 151]",relu,model_7,Float8WeightOnlyConfig,float8,8.0,False,True,pt2_quantized_p95_latency,0.0007344396784901619,pt2,p95_latency,False,1.0
1033,525,64,151,740,"[525, 64, 151]",relu,model_7,Int8WeightOnlyConfig,int8,8.0,False,True,pt2_quantized_p99_latency,0.0011004203557968125,pt2,p99_latency,False,1.0
1034,525,64,151,740,"[525, 64, 151]",relu,model_7,Float8WeightOnlyConfig,float8,8.0,False,True,pt2_quantized_p99_latency,0.0008670910075306892,pt2,p99_latency,False,1.0
1035,525,64,151,740,"[525, 64, 151]",relu,model_7,Int8WeightOnlyConfig,int8,8.0,False,True,pt2_relative_model_size,0.5670803962265528,pt2,model_size,True,1.0
1036,525,64,151,740,"[525, 64, 151]",relu,model_7,Float8WeightOnlyConfig,float8,8.0,False,True,pt2_relative_model_size,0.5166250179450431,pt2,model_size,True,1.0
1037,525,64,151,740,"[525, 64, 151]",relu,model_7,Int8WeightOnlyConfig,int8,8.0,False,True,pt2_relative_median_latency,1.647972693421597,pt2,median_latency,True,1.0
1038,525,64,151,740,"[525, 64, 151]",relu,model_7,Float8WeightOnlyConfig,float8,8.0,False,True,pt2_relative_median_latency,1.331574955178596,pt2,median_latency,True,1.0
1039,525,64,151,740,"[525, 64, 151]",relu,model_7,Int8WeightOnlyConfig,int8,8.0,False,True,pt2_relative_p95_latency,1.6810470515691214,pt2,p95_latency,True,1.0
1040,525,64,151,740,"[525, 64, 151]",relu,model_7,Float8WeightOnlyConfig,float8,8.0,False,True,pt2_relative_p95_latency,1.2898391051255085,pt2,p95_latency,True,1.0
1041,525,64,151,740,"[525, 64, 151]",relu,model_7,Int8WeightOnlyConfig,int8,8.0,False,True,pt2_relative_p99_latency,1.4605514381711555,pt2,p99_latency,True,1.0
1042,525,64,151,740,"[525, 64, 151]",relu,model_7,Float8WeightOnlyConfig,float8,8.0,False,True,pt2_relative_p99_latency,1.150861133568548,pt2,p99_latency,True,1.0
1043,525,64,151,740,"[525, 64, 151]",relu,model_7,Int8WeightOnlyConfig,int8,8.0,False,True,pytorch_quantized_MAE,8.342214360062176,pytorch,MAE,False,2.0
1044,525,64,151,740,"[525, 64, 151]",relu,model_7,Float8WeightOnlyConfig,float8,8.0,False,True,pytorch_quantized_MAE,8.35721999389993,pytorch,MAE,False,2.0
1045,525,64,151,740,"[525, 64, 151]",relu,model_7,Int8WeightOnlyConfig,int8,8.0,False,True,pytorch_relative_MAE,1.0019356861577515,pytorch,MAE,True,2.0
1046,525,64,151,740,"[525, 64, 151]",relu,model_7,Float8WeightOnlyConfig,float8,8.0,False,True,pytorch_relative_MAE,1.0037379270720392,pytorch,MAE,True,2.0
1047,525,64,151,740,"[525, 64, 151]",relu,model_7,Int8WeightOnlyConfig,int8,8.0,False,True,pytorch_quantized_model_size,86681.0,pytorch,model_size,False,2.0
1048,525,64,151,740,"[525, 64, 151]",relu,model_7,Float8WeightOnlyConfig,float8,8.0,False,True,pytorch_quantized_model_size,86681.0,pytorch,model_size,False,2.0
1049,525,64,151,740,"[525, 64, 151]",relu,model_7,Int8WeightOnlyConfig,int8,8.0,False,True,pytorch_quantized_median_latency,0.00043510645627975464,pytorch,median_latency,False,2.0
1050,525,64,151,740,"[525, 64, 151]",relu,model_7,Float8WeightOnlyConfig,float8,8.0,False,True,pytorch_quantized_median_latency,0.0005340892821550369,pytorch,median_latency,False,2.0
1051,525,64,151,740,"[525, 64, 151]",relu,model_7,Int8WeightOnlyConfig,int8,8.0,False,True,pytorch_quantized_p95_latency,0.0004471765831112862,pytorch,p95_latency,False,2.0
1052,525,64,151,740,"[525, 64, 151]",relu,model_7,Float8WeightOnlyConfig,float8,8.0,False,True,pytorch_quantized_p95_latency,0.0005418963730335236,pytorch,p95_latency,False,2.0
1053,525,64,151,740,"[525, 64, 151]",relu,model_7,Int8WeightOnlyConfig,int8,8.0,False,True,pytorch_quantized_p99_latency,0.00045048907399177553,pytorch,p99_latency,False,2.0
1054,525,64,151,740,"[525, 64, 151]",relu,model_7,Float8WeightOnlyConfig,float8,8.0,False,True,pytorch_quantized_p99_latency,0.0005489168688654899,pytorch,p99_latency,False,2.0
1055,525,64,151,740,"[525, 64, 151]",relu,model_7,Int8WeightOnlyConfig,int8,8.0,False,True,pytorch_relative_model_size,0.25,pytorch,model_size,True,2.0
1056,525,64,151,740,"[525, 64, 151]",relu,model_7,Float8WeightOnlyConfig,float8,8.0,False,True,pytorch_relative_model_size,0.25,pytorch,model_size,True,2.0
1057,525,64,151,740,"[525, 64, 151]",relu,model_7,Int8WeightOnlyConfig,int8,8.0,False,True,pytorch_relative_median_latency,2.7144019149875667,pytorch,median_latency,True,2.0
1058,525,64,151,740,"[525, 64, 151]",relu,model_7,Float8WeightOnlyConfig,float8,8.0,False,True,pytorch_relative_median_latency,3.331904064700551,pytorch,median_latency,True,2.0
1059,525,64,151,740,"[525, 64, 151]",relu,model_7,Int8WeightOnlyConfig,int8,8.0,False,True,pytorch_relative_p95_latency,2.599841243369799,pytorch,p95_latency,True,2.0
1060,525,64,151,740,"[525, 64, 151]",relu,model_7,Float8WeightOnlyConfig,float8,8.0,False,True,pytorch_relative_p95_latency,3.150532906805743,pytorch,p95_latency,True,2.0
1061,525,64,151,740,"[525, 64, 151]",relu,model_7,Int8WeightOnlyConfig,int8,8.0,False,True,pytorch_relative_p99_latency,2.5745786860130315,pytorch,p99_latency,True,2.0
1062,525,64,151,740,"[525, 64, 151]",relu,model_7,Float8WeightOnlyConfig,float8,8.0,False,True,pytorch_relative_p99_latency,3.1371008811634384,pytorch,p99_latency,True,2.0
1063,525,64,151,740,"[525, 64, 151]",relu,model_7,Int8WeightOnlyConfig,int8,8.0,False,True,onnx_quantized_model_size,33126.0,onnx,model_size,False,2.0
1064,525,64,151,740,"[525, 64, 151]",relu,model_7,Float8WeightOnlyConfig,float8,8.0,False,True,onnx_quantized_model_size,,onnx,model_size,False,2.0
1065,525,64,151,740,"[525, 64, 151]",relu,model_7,Int8WeightOnlyConfig,int8,8.0,False,True,onnx_quantized_median_latency,0.0002719815820455551,onnx,median_latency,False,2.0
1066,525,64,151,740,"[525, 64, 151]",relu,model_7,Float8WeightOnlyConfig,float8,8.0,False,True,onnx_quantized_median_latency,,onnx,median_latency,False,2.0
1067,525,64,151,740,"[525, 64, 151]",relu,model_7,Int8WeightOnlyConfig,int8,8.0,False,True,onnx_quantized_p95_latency,0.0002835720777511597,onnx,p95_latency,False,2.0
1068,525,64,151,740,"[525, 64, 151]",relu,model_7,Float8WeightOnlyConfig,float8,8.0,False,True,onnx_quantized_p95_latency,,onnx,p95_latency,False,2.0
1069,525,64,151,740,"[525, 64, 151]",relu,model_7,Int8WeightOnlyConfig,int8,8.0,False,True,onnx_quantized_p99_latency,0.00028799597173929215,onnx,p99_latency,False,2.0
1070,525,64,151,740,"[525, 64, 151]",relu,model_7,Float8WeightOnlyConfig,float8,8.0,False,True,onnx_quantized_p99_latency,,onnx,p99_latency,False,2.0
1071,525,64,151,740,"[525, 64, 151]",relu,model_7,Int8WeightOnlyConfig,int8,8.0,False,True,onnx_relative_model_size,2.4209603157202366,onnx,model_size,True,2.0
1072,525,64,151,740,"[525, 64, 151]",relu,model_7,Float8WeightOnlyConfig,float8,8.0,False,True,onnx_relative_model_size,,onnx,model_size,True,2.0
1073,525,64,151,740,"[525, 64, 151]",relu,model_7,Int8WeightOnlyConfig,int8,8.0,False,True,onnx_relative_median_latency,1.506002599063512,onnx,median_latency,True,2.0
1074,525,64,151,740,"[525, 64, 151]",relu,model_7,Float8WeightOnlyConfig,float8,8.0,False,True,onnx_relative_median_latency,,onnx,median_latency,True,2.0
1075,525,64,151,740,"[525, 64, 151]",relu,model_7,Int8WeightOnlyConfig,int8,8.0,False,True,onnx_relative_p95_latency,1.1695373446772552,onnx,p95_latency,True,2.0
1076,525,64,151,740,"[525, 64, 151]",relu,model_7,Float8WeightOnlyConfig,float8,8.0,False,True,onnx_relative_p95_latency,,onnx,p95_latency,True,2.0
1077,525,64,151,740,"[525, 64, 151]",relu,model_7,Int8WeightOnlyConfig,int8,8.0,False,True,onnx_relative_p99_latency,1.1589100763194224,onnx,p99_latency,True,2.0
1078,525,64,151,740,"[525, 64, 151]",relu,model_7,Float8WeightOnlyConfig,float8,8.0,False,True,onnx_relative_p99_latency,,onnx,p99_latency,True,2.0
1079,525,64,151,740,"[525, 64, 151]",relu,model_7,Int8WeightOnlyConfig,int8,8.0,False,True,pt2_quantized_model_size,233057.0,pt2,model_size,False,2.0
1080,525,64,151,740,"[525, 64, 151]",relu,model_7,Float8WeightOnlyConfig,float8,8.0,False,True,pt2_quantized_model_size,212321.0,pt2,model_size,False,2.0
1081,525,64,151,740,"[525, 64, 151]",relu,model_7,Int8WeightOnlyConfig,int8,8.0,False,True,pt2_quantized_median_latency,0.0009076893329620361,pt2,median_latency,False,2.0
1082,525,64,151,740,"[525, 64, 151]",relu,model_7,Float8WeightOnlyConfig,float8,8.0,False,True,pt2_quantized_median_latency,0.000736478716135025,pt2,median_latency,False,2.0
1083,525,64,151,740,"[525, 64, 151]",relu,model_7,Int8WeightOnlyConfig,int8,8.0,False,True,pt2_quantized_p95_latency,0.000926729291677475,pt2,p95_latency,False,2.0
1084,525,64,151,740,"[525, 64, 151]",relu,model_7,Float8WeightOnlyConfig,float8,8.0,False,True,pt2_quantized_p95_latency,0.000756225362420082,pt2,p95_latency,False,2.0
1085,525,64,151,740,"[525, 64, 151]",relu,model_7,Int8WeightOnlyConfig,int8,8.0,False,True,pt2_quantized_p99_latency,0.0011248266696929922,pt2,p99_latency,False,2.0
1086,525,64,151,740,"[525, 64, 151]",relu,model_7,Float8WeightOnlyConfig,float8,8.0,False,True,pt2_quantized_p99_latency,0.0009390983730554579,pt2,p99_latency,False,2.0
1087,525,64,151,740,"[525, 64, 151]",relu,model_7,Int8WeightOnlyConfig,int8,8.0,False,True,pt2_relative_model_size,0.5670803962265528,pt2,model_size,True,2.0
1088,525,64,151,740,"[525, 64, 151]",relu,model_7,Float8WeightOnlyConfig,float8,8.0,False,True,pt2_relative_model_size,0.5166250179450431,pt2,model_size,True,2.0
1089,525,64,151,740,"[525, 64, 151]",relu,model_7,Int8WeightOnlyConfig,int8,8.0,False,True,pt2_relative_median_latency,1.6089913757808683,pt2,median_latency,True,2.0
1090,525,64,151,740,"[525, 64, 151]",relu,model_7,Float8WeightOnlyConfig,float8,8.0,False,True,pt2_relative_median_latency,1.3054994254922936,pt2,median_latency,True,2.0
1091,525,64,151,740,"[525, 64, 151]",relu,model_7,Int8WeightOnlyConfig,int8,8.0,False,True,pt2_relative_p95_latency,1.5774658783363897,pt2,p95_latency,True,2.0
1092,525,64,151,740,"[525, 64, 151]",relu,model_7,Float8WeightOnlyConfig,float8,8.0,False,True,pt2_relative_p95_latency,1.287236430598781,pt2,p95_latency,True,2.0
1093,525,64,151,740,"[525, 64, 151]",relu,model_7,Int8WeightOnlyConfig,int8,8.0,False,True,pt2_relative_p99_latency,1.43105906766359,pt2,p99_latency,True,2.0
1094,525,64,151,740,"[525, 64, 151]",relu,model_7,Float8WeightOnlyConfig,float8,8.0,False,True,pt2_relative_p99_latency,1.1947665168322694,pt2,p99_latency,True,2.0
1095,525,64,151,740,"[525, 64, 151]",relu,model_7,Int8WeightOnlyConfig,int8,8.0,False,True,pytorch_quantized_MAE,8.303038998134609,pytorch,MAE,False,3.0
1096,525,64,151,740,"[525, 64, 151]",relu,model_7,Float8WeightOnlyConfig,float8,8.0,False,True,pytorch_quantized_MAE,8.31482410161762,pytorch,MAE,False,3.0
1097,525,64,151,740,"[525, 64, 151]",relu,model_7,Int8WeightOnlyConfig,int8,8.0,False,True,pytorch_relative_MAE,1.00169731518738,pytorch,MAE,True,3.0
1098,525,64,151,740,"[525, 64, 151]",relu,model_7,Float8WeightOnlyConfig,float8,8.0,False,True,pytorch_relative_MAE,1.0031190966002808,pytorch,MAE,True,3.0
1099,525,64,151,740,"[525, 64, 151]",relu,model_7,Int8WeightOnlyConfig,int8,8.0,False,True,pytorch_quantized_model_size,86681.0,pytorch,model_size,False,3.0
1100,525,64,151,740,"[525, 64, 151]",relu,model_7,Float8WeightOnlyConfig,float8,8.0,False,True,pytorch_quantized_model_size,86681.0,pytorch,model_size,False,3.0
1101,525,64,151,740,"[525, 64, 151]",relu,model_7,Int8WeightOnlyConfig,int8,8.0,False,True,pytorch_quantized_median_latency,0.0004256628453731537,pytorch,median_latency,False,3.0
1102,525,64,151,740,"[525, 64, 151]",relu,model_7,Float8WeightOnlyConfig,float8,8.0,False,True,pytorch_quantized_median_latency,0.0005209911614656448,pytorch,median_latency,False,3.0
1103,525,64,151,740,"[525, 64, 151]",relu,model_7,Int8WeightOnlyConfig,int8,8.0,False,True,pytorch_quantized_p95_latency,0.0004370387643575668,pytorch,p95_latency,False,3.0
1104,525,64,151,740,"[525, 64, 151]",relu,model_7,Float8WeightOnlyConfig,float8,8.0,False,True,pytorch_quantized_p95_latency,0.0005293104797601699,pytorch,p95_latency,False,3.0
1105,525,64,151,740,"[525, 64, 151]",relu,model_7,Int8WeightOnlyConfig,int8,8.0,False,True,pytorch_quantized_p99_latency,0.00044082608073949816,pytorch,p99_latency,False,3.0
1106,525,64,151,740,"[525, 64, 151]",relu,model_7,Float8WeightOnlyConfig,float8,8.0,False,True,pytorch_quantized_p99_latency,0.0005359961465001106,pytorch,p99_latency,False,3.0
1107,525,64,151,740,"[525, 64, 151]",relu,model_7,Int8WeightOnlyConfig,int8,8.0,False,True,pytorch_relative_model_size,0.25,pytorch,model_size,True,3.0
1108,525,64,151,740,"[525, 64, 151]",relu,model_7,Float8WeightOnlyConfig,float8,8.0,False,True,pytorch_relative_model_size,0.25,pytorch,model_size,True,3.0
1109,525,64,151,740,"[525, 64, 151]",relu,model_7,Int8WeightOnlyConfig,int8,8.0,False,True,pytorch_relative_median_latency,2.671943690955009,pytorch,median_latency,True,3.0
1110,525,64,151,740,"[525, 64, 151]",relu,model_7,Float8WeightOnlyConfig,float8,8.0,False,True,pytorch_relative_median_latency,3.2703325226826303,pytorch,median_latency,True,3.0
1111,525,64,151,740,"[525, 64, 151]",relu,model_7,Int8WeightOnlyConfig,int8,8.0,False,True,pytorch_relative_p95_latency,2.5356370556647643,pytorch,p95_latency,True,3.0
1112,525,64,151,740,"[525, 64, 151]",relu,model_7,Float8WeightOnlyConfig,float8,8.0,False,True,pytorch_relative_p95_latency,3.070984488994891,pytorch,p95_latency,True,3.0
1113,525,64,151,740,"[525, 64, 151]",relu,model_7,Int8WeightOnlyConfig,int8,8.0,False,True,pytorch_relative_p99_latency,2.508490532640086,pytorch,p99_latency,True,3.0
1114,525,64,151,740,"[525, 64, 151]",relu,model_7,Float8WeightOnlyConfig,float8,8.0,False,True,pytorch_relative_p99_latency,3.050049254734634,pytorch,p99_latency,True,3.0
1115,525,64,151,740,"[525, 64, 151]",relu,model_7,Int8WeightOnlyConfig,int8,8.0,False,True,onnx_quantized_model_size,33126.0,onnx,model_size,False,3.0
1116,525,64,151,740,"[525, 64, 151]",relu,model_7,Float8WeightOnlyConfig,float8,8.0,False,True,onnx_quantized_model_size,,onnx,model_size,False,3.0
1117,525,64,151,740,"[525, 64, 151]",relu,model_7,Int8WeightOnlyConfig,int8,8.0,False,True,onnx_quantized_median_latency,0.000281456857919693,onnx,median_latency,False,3.0
1118,525,64,151,740,"[525, 64, 151]",relu,model_7,Float8WeightOnlyConfig,float8,8.0,False,True,onnx_quantized_median_latency,,onnx,median_latency,False,3.0
1119,525,64,151,740,"[525, 64, 151]",relu,model_7,Int8WeightOnlyConfig,int8,8.0,False,True,onnx_quantized_p95_latency,0.00031734798103570937,onnx,p95_latency,False,3.0
1120,525,64,151,740,"[525, 64, 151]",relu,model_7,Float8WeightOnlyConfig,float8,8.0,False,True,onnx_quantized_p95_latency,,onnx,p95_latency,False,3.0
1121,525,64,151,740,"[525, 64, 151]",relu,model_7,Int8WeightOnlyConfig,int8,8.0,False,True,onnx_quantized_p99_latency,0.00032637011259794234,onnx,p99_latency,False,3.0
1122,525,64,151,740,"[525, 64, 151]",relu,model_7,Float8WeightOnlyConfig,float8,8.0,False,True,onnx_quantized_p99_latency,,onnx,p99_latency,False,3.0
1123,525,64,151,740,"[525, 64, 151]",relu,model_7,Int8WeightOnlyConfig,int8,8.0,False,True,onnx_relative_model_size,2.4209603157202366,onnx,model_size,True,3.0
1124,525,64,151,740,"[525, 64, 151]",relu,model_7,Float8WeightOnlyConfig,float8,8.0,False,True,onnx_relative_model_size,,onnx,model_size,True,3.0
1125,525,64,151,740,"[525, 64, 151]",relu,model_7,Int8WeightOnlyConfig,int8,8.0,False,True,onnx_relative_median_latency,1.1924306152887052,onnx,median_latency,True,3.0
1126,525,64,151,740,"[525, 64, 151]",relu,model_7,Float8WeightOnlyConfig,float8,8.0,False,True,onnx_relative_median_latency,,onnx,median_latency,True,3.0
1127,525,64,151,740,"[525, 64, 151]",relu,model_7,Int8WeightOnlyConfig,int8,8.0,False,True,onnx_relative_p95_latency,1.2544501253162357,onnx,p95_latency,True,3.0
1128,525,64,151,740,"[525, 64, 151]",relu,model_7,Float8WeightOnlyConfig,float8,8.0,False,True,onnx_relative_p95_latency,,onnx,p95_latency,True,3.0
1129,525,64,151,740,"[525, 64, 151]",relu,model_7,Int8WeightOnlyConfig,int8,8.0,False,True,onnx_relative_p99_latency,1.237600203532521,onnx,p99_latency,True,3.0
1130,525,64,151,740,"[525, 64, 151]",relu,model_7,Float8WeightOnlyConfig,float8,8.0,False,True,onnx_relative_p99_latency,,onnx,p99_latency,True,3.0
1131,525,64,151,740,"[525, 64, 151]",relu,model_7,Int8WeightOnlyConfig,int8,8.0,False,True,pt2_quantized_model_size,233057.0,pt2,model_size,False,3.0
1132,525,64,151,740,"[525, 64, 151]",relu,model_7,Float8WeightOnlyConfig,float8,8.0,False,True,pt2_quantized_model_size,212321.0,pt2,model_size,False,3.0
1133,525,64,151,740,"[525, 64, 151]",relu,model_7,Int8WeightOnlyConfig,int8,8.0,False,True,pt2_quantized_median_latency,0.0008824896067380905,pt2,median_latency,False,3.0
1134,525,64,151,740,"[525, 64, 151]",relu,model_7,Float8WeightOnlyConfig,float8,8.0,False,True,pt2_quantized_median_latency,0.0007262993603944778,pt2,median_latency,False,3.0
1135,525,64,151,740,"[525, 64, 151]",relu,model_7,Int8WeightOnlyConfig,int8,8.0,False,True,pt2_quantized_p95_latency,0.0008919987827539444,pt2,p95_latency,False,3.0
1136,525,64,151,740,"[525, 64, 151]",relu,model_7,Float8WeightOnlyConfig,float8,8.0,False,True,pt2_quantized_p95_latency,0.0007368473336100578,pt2,p95_latency,False,3.0
1137,525,64,151,740,"[525, 64, 151]",relu,model_7,Int8WeightOnlyConfig,int8,8.0,False,True,pt2_quantized_p99_latency,0.001014009341597557,pt2,p99_latency,False,3.0
1138,525,64,151,740,"[525, 64, 151]",relu,model_7,Float8WeightOnlyConfig,float8,8.0,False,True,pt2_quantized_p99_latency,0.0008676493167877197,pt2,p99_latency,False,3.0
1139,525,64,151,740,"[525, 64, 151]",relu,model_7,Int8WeightOnlyConfig,int8,8.0,False,True,pt2_relative_model_size,0.5670803962265528,pt2,model_size,True,3.0
1140,525,64,151,740,"[525, 64, 151]",relu,model_7,Float8WeightOnlyConfig,float8,8.0,False,True,pt2_relative_model_size,0.5166250179450431,pt2,model_size,True,3.0
1141,525,64,151,740,"[525, 64, 151]",relu,model_7,Int8WeightOnlyConfig,int8,8.0,False,True,pt2_relative_median_latency,1.6806238892692322,pt2,median_latency,True,3.0
1142,525,64,151,740,"[525, 64, 151]",relu,model_7,Float8WeightOnlyConfig,float8,8.0,False,True,pt2_relative_median_latency,1.3831732935096077,pt2,median_latency,True,3.0
1143,525,64,151,740,"[525, 64, 151]",relu,model_7,Int8WeightOnlyConfig,int8,8.0,False,True,pt2_relative_p95_latency,1.6201392088762407,pt2,p95_latency,True,3.0
1144,525,64,151,740,"[525, 64, 151]",relu,model_7,Float8WeightOnlyConfig,float8,8.0,False,True,pt2_relative_p95_latency,1.3383373152728526,pt2,p95_latency,True,3.0
1145,525,64,151,740,"[525, 64, 151]",relu,model_7,Int8WeightOnlyConfig,int8,8.0,False,True,pt2_relative_p99_latency,1.4990695665913472,pt2,p99_latency,True,3.0
1146,525,64,151,740,"[525, 64, 151]",relu,model_7,Float8WeightOnlyConfig,float8,8.0,False,True,pt2_relative_p99_latency,1.282696945593286,pt2,p99_latency,True,3.0
1147,128,306,78,512,"[128, 306, 78]",relu,model_8,Int8WeightOnlyConfig,int8,8.0,False,True,pytorch_quantized_MAE,8.15960000039044,pytorch,MAE,False,1.0
1148,128,306,78,512,"[128, 306, 78]",relu,model_8,Float8WeightOnlyConfig,float8,8.0,False,True,pytorch_quantized_MAE,8.12172838212854,pytorch,MAE,False,1.0
1149,128,306,78,512,"[128, 306, 78]",relu,model_8,Int8WeightOnlyConfig,int8,8.0,False,True,pytorch_relative_MAE,1.0005689383297518,pytorch,MAE,True,1.0
1150,128,306,78,512,"[128, 306, 78]",relu,model_8,Float8WeightOnlyConfig,float8,8.0,False,True,pytorch_relative_MAE,0.9959249404774887,pytorch,MAE,True,1.0
1151,128,306,78,512,"[128, 306, 78]",relu,model_8,Int8WeightOnlyConfig,int8,8.0,False,True,pytorch_quantized_model_size,73995.0,pytorch,model_size,False,1.0
1152,128,306,78,512,"[128, 306, 78]",relu,model_8,Float8WeightOnlyConfig,float8,8.0,False,True,pytorch_quantized_model_size,73995.0,pytorch,model_size,False,1.0
1153,128,306,78,512,"[128, 306, 78]",relu,model_8,Int8WeightOnlyConfig,int8,8.0,False,True,pytorch_quantized_median_latency,0.00043537095189094543,pytorch,median_latency,False,1.0
1154,128,306,78,512,"[128, 306, 78]",relu,model_8,Float8WeightOnlyConfig,float8,8.0,False,True,pytorch_quantized_median_latency,0.0005247537046670914,pytorch,median_latency,False,1.0
1155,128,306,78,512,"[128, 306, 78]",relu,model_8,Int8WeightOnlyConfig,int8,8.0,False,True,pytorch_quantized_p95_latency,0.00044774506241083143,pytorch,p95_latency,False,1.0
1156,128,306,78,512,"[128, 306, 78]",relu,model_8,Float8WeightOnlyConfig,float8,8.0,False,True,pytorch_quantized_p95_latency,0.0005786020308732986,pytorch,p95_latency,False,1.0
1157,128,306,78,512,"[128, 306, 78]",relu,model_8,Int8WeightOnlyConfig,int8,8.0,False,True,pytorch_quantized_p99_latency,0.00045563250780105585,pytorch,p99_latency,False,1.0
1158,128,306,78,512,"[128, 306, 78]",relu,model_8,Float8WeightOnlyConfig,float8,8.0,False,True,pytorch_quantized_p99_latency,0.0005918765440583229,pytorch,p99_latency,False,1.0
1159,128,306,78,512,"[128, 306, 78]",relu,model_8,Int8WeightOnlyConfig,int8,8.0,False,True,pytorch_relative_model_size,0.25,pytorch,model_size,True,1.0
1160,128,306,78,512,"[128, 306, 78]",relu,model_8,Float8WeightOnlyConfig,float8,8.0,False,True,pytorch_relative_model_size,0.25,pytorch,model_size,True,1.0
1161,128,306,78,512,"[128, 306, 78]",relu,model_8,Int8WeightOnlyConfig,int8,8.0,False,True,pytorch_relative_median_latency,2.46423902500738,pytorch,median_latency,True,1.0
1162,128,306,78,512,"[128, 306, 78]",relu,model_8,Float8WeightOnlyConfig,float8,8.0,False,True,pytorch_relative_median_latency,2.9701535022983174,pytorch,median_latency,True,1.0
1163,128,306,78,512,"[128, 306, 78]",relu,model_8,Int8WeightOnlyConfig,int8,8.0,False,True,pytorch_relative_p95_latency,2.370056288285943,pytorch,p95_latency,True,1.0
1164,128,306,78,512,"[128, 306, 78]",relu,model_8,Float8WeightOnlyConfig,float8,8.0,False,True,pytorch_relative_p95_latency,3.0627236273752936,pytorch,p95_latency,True,1.0
1165,128,306,78,512,"[128, 306, 78]",relu,model_8,Int8WeightOnlyConfig,int8,8.0,False,True,pytorch_relative_p99_latency,2.3703981061299793,pytorch,p99_latency,True,1.0
1166,128,306,78,512,"[128, 306, 78]",relu,model_8,Float8WeightOnlyConfig,float8,8.0,False,True,pytorch_relative_p99_latency,3.0791987294093475,pytorch,p99_latency,True,1.0
1167,128,306,78,512,"[128, 306, 78]",relu,model_8,Int8WeightOnlyConfig,int8,8.0,False,True,onnx_quantized_model_size,32740.0,onnx,model_size,False,1.0
1168,128,306,78,512,"[128, 306, 78]",relu,model_8,Float8WeightOnlyConfig,float8,8.0,False,True,onnx_quantized_model_size,,onnx,model_size,False,1.0
1169,128,306,78,512,"[128, 306, 78]",relu,model_8,Int8WeightOnlyConfig,int8,8.0,False,True,onnx_quantized_median_latency,0.00021053478121757507,onnx,median_latency,False,1.0
1170,128,306,78,512,"[128, 306, 78]",relu,model_8,Float8WeightOnlyConfig,float8,8.0,False,True,onnx_quantized_median_latency,,onnx,median_latency,False,1.0
1171,128,306,78,512,"[128, 306, 78]",relu,model_8,Int8WeightOnlyConfig,int8,8.0,False,True,onnx_quantized_p95_latency,0.00022554658353328704,onnx,p95_latency,False,1.0
1172,128,306,78,512,"[128, 306, 78]",relu,model_8,Float8WeightOnlyConfig,float8,8.0,False,True,onnx_quantized_p95_latency,,onnx,p95_latency,False,1.0
1173,128,306,78,512,"[128, 306, 78]",relu,model_8,Int8WeightOnlyConfig,int8,8.0,False,True,onnx_quantized_p99_latency,0.00023190658539533614,onnx,p99_latency,False,1.0
1174,128,306,78,512,"[128, 306, 78]",relu,model_8,Float8WeightOnlyConfig,float8,8.0,False,True,onnx_quantized_p99_latency,,onnx,p99_latency,False,1.0
1175,128,306,78,512,"[128, 306, 78]",relu,model_8,Int8WeightOnlyConfig,int8,8.0,False,True,onnx_relative_model_size,2.4273428232502967,onnx,model_size,True,1.0
1176,128,306,78,512,"[128, 306, 78]",relu,model_8,Float8WeightOnlyConfig,float8,8.0,False,True,onnx_relative_model_size,,onnx,model_size,True,1.0
1177,128,306,78,512,"[128, 306, 78]",relu,model_8,Int8WeightOnlyConfig,int8,8.0,False,True,onnx_relative_median_latency,1.1630994031693764,onnx,median_latency,True,1.0
1178,128,306,78,512,"[128, 306, 78]",relu,model_8,Float8WeightOnlyConfig,float8,8.0,False,True,onnx_relative_median_latency,,onnx,median_latency,True,1.0
1179,128,306,78,512,"[128, 306, 78]",relu,model_8,Int8WeightOnlyConfig,int8,8.0,False,True,onnx_relative_p95_latency,1.1728286726020285,onnx,p95_latency,True,1.0
1180,128,306,78,512,"[128, 306, 78]",relu,model_8,Float8WeightOnlyConfig,float8,8.0,False,True,onnx_relative_p95_latency,,onnx,p95_latency,True,1.0
1181,128,306,78,512,"[128, 306, 78]",relu,model_8,Int8WeightOnlyConfig,int8,8.0,False,True,onnx_relative_p99_latency,1.1539028312644672,onnx,p99_latency,True,1.0
1182,128,306,78,512,"[128, 306, 78]",relu,model_8,Float8WeightOnlyConfig,float8,8.0,False,True,onnx_relative_p99_latency,,onnx,p99_latency,True,1.0
1183,128,306,78,512,"[128, 306, 78]",relu,model_8,Int8WeightOnlyConfig,int8,8.0,False,True,pt2_quantized_model_size,218785.0,pt2,model_size,False,1.0
1184,128,306,78,512,"[128, 306, 78]",relu,model_8,Float8WeightOnlyConfig,float8,8.0,False,True,pt2_quantized_model_size,198049.0,pt2,model_size,False,1.0
1185,128,306,78,512,"[128, 306, 78]",relu,model_8,Int8WeightOnlyConfig,int8,8.0,False,True,pt2_quantized_median_latency,0.0009109433740377426,pt2,median_latency,False,1.0
1186,128,306,78,512,"[128, 306, 78]",relu,model_8,Float8WeightOnlyConfig,float8,8.0,False,True,pt2_quantized_median_latency,0.0007412973791360855,pt2,median_latency,False,1.0
1187,128,306,78,512,"[128, 306, 78]",relu,model_8,Int8WeightOnlyConfig,int8,8.0,False,True,pt2_quantized_p95_latency,0.0009284036234021186,pt2,p95_latency,False,1.0
1188,128,306,78,512,"[128, 306, 78]",relu,model_8,Float8WeightOnlyConfig,float8,8.0,False,True,pt2_quantized_p95_latency,0.0007550982758402824,pt2,p95_latency,False,1.0
1189,128,306,78,512,"[128, 306, 78]",relu,model_8,Int8WeightOnlyConfig,int8,8.0,False,True,pt2_quantized_p99_latency,0.0011056166514754296,pt2,p99_latency,False,1.0
1190,128,306,78,512,"[128, 306, 78]",relu,model_8,Float8WeightOnlyConfig,float8,8.0,False,True,pt2_quantized_p99_latency,0.0009433023259043693,pt2,p99_latency,False,1.0
1191,128,306,78,512,"[128, 306, 78]",relu,model_8,Int8WeightOnlyConfig,int8,8.0,False,True,pt2_relative_model_size,0.6072486254090467,pt2,model_size,True,1.0
1192,128,306,78,512,"[128, 306, 78]",relu,model_8,Float8WeightOnlyConfig,float8,8.0,False,True,pt2_relative_model_size,0.5496948283183778,pt2,model_size,True,1.0
1193,128,306,78,512,"[128, 306, 78]",relu,model_8,Int8WeightOnlyConfig,int8,8.0,False,True,pt2_relative_median_latency,1.8763197876062736,pt2,median_latency,True,1.0
1194,128,306,78,512,"[128, 306, 78]",relu,model_8,Float8WeightOnlyConfig,float8,8.0,False,True,pt2_relative_median_latency,1.5268906724778244,pt2,median_latency,True,1.0
1195,128,306,78,512,"[128, 306, 78]",relu,model_8,Int8WeightOnlyConfig,int8,8.0,False,True,pt2_relative_p95_latency,1.8564715215804293,pt2,p95_latency,True,1.0
1196,128,306,78,512,"[128, 306, 78]",relu,model_8,Float8WeightOnlyConfig,float8,8.0,False,True,pt2_relative_p95_latency,1.5099234963722232,pt2,p95_latency,True,1.0
1197,128,306,78,512,"[128, 306, 78]",relu,model_8,Int8WeightOnlyConfig,int8,8.0,False,True,pt2_relative_p99_latency,1.60254668382174,pt2,p99_latency,True,1.0
1198,128,306,78,512,"[128, 306, 78]",relu,model_8,Float8WeightOnlyConfig,float8,8.0,False,True,pt2_relative_p99_latency,1.367278624288136,pt2,p99_latency,True,1.0
1199,128,306,78,512,"[128, 306, 78]",relu,model_8,Int8WeightOnlyConfig,int8,8.0,False,True,pytorch_quantized_MAE,8.347432069249122,pytorch,MAE,False,2.0
1200,128,306,78,512,"[128, 306, 78]",relu,model_8,Float8WeightOnlyConfig,float8,8.0,False,True,pytorch_quantized_MAE,8.320211272360801,pytorch,MAE,False,2.0
1201,128,306,78,512,"[128, 306, 78]",relu,model_8,Int8WeightOnlyConfig,int8,8.0,False,True,pytorch_relative_MAE,1.0006878803055694,pytorch,MAE,True,2.0
1202,128,306,78,512,"[128, 306, 78]",relu,model_8,Float8WeightOnlyConfig,float8,8.0,False,True,pytorch_relative_MAE,0.9974246585970935,pytorch,MAE,True,2.0
1203,128,306,78,512,"[128, 306, 78]",relu,model_8,Int8WeightOnlyConfig,int8,8.0,False,True,pytorch_quantized_model_size,73995.0,pytorch,model_size,False,2.0
1204,128,306,78,512,"[128, 306, 78]",relu,model_8,Float8WeightOnlyConfig,float8,8.0,False,True,pytorch_quantized_model_size,73995.0,pytorch,model_size,False,2.0
1205,128,306,78,512,"[128, 306, 78]",relu,model_8,Int8WeightOnlyConfig,int8,8.0,False,True,pytorch_quantized_median_latency,0.00041321106255054474,pytorch,median_latency,False,2.0
1206,128,306,78,512,"[128, 306, 78]",relu,model_8,Float8WeightOnlyConfig,float8,8.0,False,True,pytorch_quantized_median_latency,0.0005101840943098068,pytorch,median_latency,False,2.0
1207,128,306,78,512,"[128, 306, 78]",relu,model_8,Int8WeightOnlyConfig,int8,8.0,False,True,pytorch_quantized_p95_latency,0.0004251502454280853,pytorch,p95_latency,False,2.0
1208,128,306,78,512,"[128, 306, 78]",relu,model_8,Float8WeightOnlyConfig,float8,8.0,False,True,pytorch_quantized_p95_latency,0.0005197342485189438,pytorch,p95_latency,False,2.0
1209,128,306,78,512,"[128, 306, 78]",relu,model_8,Int8WeightOnlyConfig,int8,8.0,False,True,pytorch_quantized_p99_latency,0.0004285333678126335,pytorch,p99_latency,False,2.0
1210,128,306,78,512,"[128, 306, 78]",relu,model_8,Float8WeightOnlyConfig,float8,8.0,False,True,pytorch_quantized_p99_latency,0.0005301715806126595,pytorch,p99_latency,False,2.0
1211,128,306,78,512,"[128, 306, 78]",relu,model_8,Int8WeightOnlyConfig,int8,8.0,False,True,pytorch_relative_model_size,0.25,pytorch,model_size,True,2.0
1212,128,306,78,512,"[128, 306, 78]",relu,model_8,Float8WeightOnlyConfig,float8,8.0,False,True,pytorch_relative_model_size,0.25,pytorch,model_size,True,2.0
1213,128,306,78,512,"[128, 306, 78]",relu,model_8,Int8WeightOnlyConfig,int8,8.0,False,True,pytorch_relative_median_latency,2.714647577092511,pytorch,median_latency,True,2.0
1214,128,306,78,512,"[128, 306, 78]",relu,model_8,Float8WeightOnlyConfig,float8,8.0,False,True,pytorch_relative_median_latency,3.3517254038179147,pytorch,median_latency,True,2.0
1215,128,306,78,512,"[128, 306, 78]",relu,model_8,Int8WeightOnlyConfig,int8,8.0,False,True,pytorch_relative_p95_latency,2.5905591615810923,pytorch,p95_latency,True,2.0
1216,128,306,78,512,"[128, 306, 78]",relu,model_8,Float8WeightOnlyConfig,float8,8.0,False,True,pytorch_relative_p95_latency,3.1668859034351886,pytorch,p95_latency,True,2.0
1217,128,306,78,512,"[128, 306, 78]",relu,model_8,Int8WeightOnlyConfig,int8,8.0,False,True,pytorch_relative_p99_latency,2.574780597546435,pytorch,p99_latency,True,2.0
1218,128,306,78,512,"[128, 306, 78]",relu,model_8,Float8WeightOnlyConfig,float8,8.0,False,True,pytorch_relative_p99_latency,3.185459060282208,pytorch,p99_latency,True,2.0
1219,128,306,78,512,"[128, 306, 78]",relu,model_8,Int8WeightOnlyConfig,int8,8.0,False,True,onnx_quantized_model_size,32740.0,onnx,model_size,False,2.0
1220,128,306,78,512,"[128, 306, 78]",relu,model_8,Float8WeightOnlyConfig,float8,8.0,False,True,onnx_quantized_model_size,,onnx,model_size,False,2.0
1221,128,306,78,512,"[128, 306, 78]",relu,model_8,Int8WeightOnlyConfig,int8,8.0,False,True,onnx_quantized_median_latency,0.00021093152463436127,onnx,median_latency,False,2.0
1222,128,306,78,512,"[128, 306, 78]",relu,model_8,Float8WeightOnlyConfig,float8,8.0,False,True,onnx_quantized_median_latency,,onnx,median_latency,False,2.0
1223,128,306,78,512,"[128, 306, 78]",relu,model_8,Int8WeightOnlyConfig,int8,8.0,False,True,onnx_quantized_p95_latency,0.00022371038794517515,onnx,p95_latency,False,2.0
1224,128,306,78,512,"[128, 306, 78]",relu,model_8,Float8WeightOnlyConfig,float8,8.0,False,True,onnx_quantized_p95_latency,,onnx,p95_latency,False,2.0
1225,128,306,78,512,"[128, 306, 78]",relu,model_8,Int8WeightOnlyConfig,int8,8.0,False,True,onnx_quantized_p99_latency,0.00022919695824384688,onnx,p99_latency,False,2.0
1226,128,306,78,512,"[128, 306, 78]",relu,model_8,Float8WeightOnlyConfig,float8,8.0,False,True,onnx_quantized_p99_latency,,onnx,p99_latency,False,2.0
1227,128,306,78,512,"[128, 306, 78]",relu,model_8,Int8WeightOnlyConfig,int8,8.0,False,True,onnx_relative_model_size,2.4273428232502967,onnx,model_size,True,2.0
1228,128,306,78,512,"[128, 306, 78]",relu,model_8,Float8WeightOnlyConfig,float8,8.0,False,True,onnx_relative_model_size,,onnx,model_size,True,2.0
1229,128,306,78,512,"[128, 306, 78]",relu,model_8,Int8WeightOnlyConfig,int8,8.0,False,True,onnx_relative_median_latency,1.2733375312029145,onnx,median_latency,True,2.0
1230,128,306,78,512,"[128, 306, 78]",relu,model_8,Float8WeightOnlyConfig,float8,8.0,False,True,onnx_relative_median_latency,,onnx,median_latency,True,2.0
1231,128,306,78,512,"[128, 306, 78]",relu,model_8,Int8WeightOnlyConfig,int8,8.0,False,True,onnx_relative_p95_latency,1.07055465726342,onnx,p95_latency,True,2.0
1232,128,306,78,512,"[128, 306, 78]",relu,model_8,Float8WeightOnlyConfig,float8,8.0,False,True,onnx_relative_p95_latency,,onnx,p95_latency,True,2.0
1233,128,306,78,512,"[128, 306, 78]",relu,model_8,Int8WeightOnlyConfig,int8,8.0,False,True,onnx_relative_p99_latency,1.0857115176892305,onnx,p99_latency,True,2.0
1234,128,306,78,512,"[128, 306, 78]",relu,model_8,Float8WeightOnlyConfig,float8,8.0,False,True,onnx_relative_p99_latency,,onnx,p99_latency,True,2.0
1235,128,306,78,512,"[128, 306, 78]",relu,model_8,Int8WeightOnlyConfig,int8,8.0,False,True,pt2_quantized_model_size,218785.0,pt2,model_size,False,2.0
1236,128,306,78,512,"[128, 306, 78]",relu,model_8,Float8WeightOnlyConfig,float8,8.0,False,True,pt2_quantized_model_size,198049.0,pt2,model_size,False,2.0
1237,128,306,78,512,"[128, 306, 78]",relu,model_8,Int8WeightOnlyConfig,int8,8.0,False,True,pt2_quantized_median_latency,0.0008800923824310303,pt2,median_latency,False,2.0
1238,128,306,78,512,"[128, 306, 78]",relu,model_8,Float8WeightOnlyConfig,float8,8.0,False,True,pt2_quantized_median_latency,0.0007271748036146164,pt2,median_latency,False,2.0
1239,128,306,78,512,"[128, 306, 78]",relu,model_8,Int8WeightOnlyConfig,int8,8.0,False,True,pt2_quantized_p95_latency,0.0008941210806369781,pt2,p95_latency,False,2.0
1240,128,306,78,512,"[128, 306, 78]",relu,model_8,Float8WeightOnlyConfig,float8,8.0,False,True,pt2_quantized_p95_latency,0.0007390158250927925,pt2,p95_latency,False,2.0
1241,128,306,78,512,"[128, 306, 78]",relu,model_8,Int8WeightOnlyConfig,int8,8.0,False,True,pt2_quantized_p99_latency,0.0010186217725276947,pt2,p99_latency,False,2.0
1242,128,306,78,512,"[128, 306, 78]",relu,model_8,Float8WeightOnlyConfig,float8,8.0,False,True,pt2_quantized_p99_latency,0.0009159721806645394,pt2,p99_latency,False,2.0
1243,128,306,78,512,"[128, 306, 78]",relu,model_8,Int8WeightOnlyConfig,int8,8.0,False,True,pt2_relative_model_size,0.6072486254090467,pt2,model_size,True,2.0
1244,128,306,78,512,"[128, 306, 78]",relu,model_8,Float8WeightOnlyConfig,float8,8.0,False,True,pt2_relative_model_size,0.5496948283183778,pt2,model_size,True,2.0
1245,128,306,78,512,"[128, 306, 78]",relu,model_8,Int8WeightOnlyConfig,int8,8.0,False,True,pt2_relative_median_latency,1.8673812177404694,pt2,median_latency,True,2.0
1246,128,306,78,512,"[128, 306, 78]",relu,model_8,Float8WeightOnlyConfig,float8,8.0,False,True,pt2_relative_median_latency,1.5429204903843874,pt2,median_latency,True,2.0
1247,128,306,78,512,"[128, 306, 78]",relu,model_8,Int8WeightOnlyConfig,int8,8.0,False,True,pt2_relative_p95_latency,1.8478818717043188,pt2,p95_latency,True,2.0
1248,128,306,78,512,"[128, 306, 78]",relu,model_8,Float8WeightOnlyConfig,float8,8.0,False,True,pt2_relative_p95_latency,1.5273255218618802,pt2,p95_latency,True,2.0
1249,128,306,78,512,"[128, 306, 78]",relu,model_8,Int8WeightOnlyConfig,int8,8.0,False,True,pt2_relative_p99_latency,1.5979432472667428,pt2,p99_latency,True,2.0
1250,128,306,78,512,"[128, 306, 78]",relu,model_8,Float8WeightOnlyConfig,float8,8.0,False,True,pt2_relative_p99_latency,1.4369136810663437,pt2,p99_latency,True,2.0
1251,128,306,78,512,"[128, 306, 78]",relu,model_8,Int8WeightOnlyConfig,int8,8.0,False,True,pytorch_quantized_MAE,8.264317344744477,pytorch,MAE,False,3.0
1252,128,306,78,512,"[128, 306, 78]",relu,model_8,Float8WeightOnlyConfig,float8,8.0,False,True,pytorch_quantized_MAE,8.229274128925542,pytorch,MAE,False,3.0
1253,128,306,78,512,"[128, 306, 78]",relu,model_8,Int8WeightOnlyConfig,int8,8.0,False,True,pytorch_relative_MAE,1.0004761079162454,pytorch,MAE,True,3.0
1254,128,306,78,512,"[128, 306, 78]",relu,model_8,Float8WeightOnlyConfig,float8,8.0,False,True,pytorch_relative_MAE,0.9962337853251736,pytorch,MAE,True,3.0
1255,128,306,78,512,"[128, 306, 78]",relu,model_8,Int8WeightOnlyConfig,int8,8.0,False,True,pytorch_quantized_model_size,73995.0,pytorch,model_size,False,3.0
1256,128,306,78,512,"[128, 306, 78]",relu,model_8,Float8WeightOnlyConfig,float8,8.0,False,True,pytorch_quantized_model_size,73995.0,pytorch,model_size,False,3.0
1257,128,306,78,512,"[128, 306, 78]",relu,model_8,Int8WeightOnlyConfig,int8,8.0,False,True,pytorch_quantized_median_latency,0.0004796236753463745,pytorch,median_latency,False,3.0
1258,128,306,78,512,"[128, 306, 78]",relu,model_8,Float8WeightOnlyConfig,float8,8.0,False,True,pytorch_quantized_median_latency,0.0005828235298395157,pytorch,median_latency,False,3.0
1259,128,306,78,512,"[128, 306, 78]",relu,model_8,Int8WeightOnlyConfig,int8,8.0,False,True,pytorch_quantized_p95_latency,0.0004902150481939316,pytorch,p95_latency,False,3.0
1260,128,306,78,512,"[128, 306, 78]",relu,model_8,Float8WeightOnlyConfig,float8,8.0,False,True,pytorch_quantized_p95_latency,0.000590200163424015,pytorch,p95_latency,False,3.0
1261,128,306,78,512,"[128, 306, 78]",relu,model_8,Int8WeightOnlyConfig,int8,8.0,False,True,pytorch_quantized_p99_latency,0.0004941018298268319,pytorch,p99_latency,False,3.0
1262,128,306,78,512,"[128, 306, 78]",relu,model_8,Float8WeightOnlyConfig,float8,8.0,False,True,pytorch_quantized_p99_latency,0.0005982744321227073,pytorch,p99_latency,False,3.0
1263,128,306,78,512,"[128, 306, 78]",relu,model_8,Int8WeightOnlyConfig,int8,8.0,False,True,pytorch_relative_model_size,0.25,pytorch,model_size,True,3.0
1264,128,306,78,512,"[128, 306, 78]",relu,model_8,Float8WeightOnlyConfig,float8,8.0,False,True,pytorch_relative_model_size,0.25,pytorch,model_size,True,3.0
1265,128,306,78,512,"[128, 306, 78]",relu,model_8,Int8WeightOnlyConfig,int8,8.0,False,True,pytorch_relative_median_latency,3.0705461483424754,pytorch,median_latency,True,3.0
1266,128,306,78,512,"[128, 306, 78]",relu,model_8,Float8WeightOnlyConfig,float8,8.0,False,True,pytorch_relative_median_latency,3.731230622466015,pytorch,median_latency,True,3.0
1267,128,306,78,512,"[128, 306, 78]",relu,model_8,Int8WeightOnlyConfig,int8,8.0,False,True,pytorch_relative_p95_latency,2.921208609712566,pytorch,p95_latency,True,3.0
1268,128,306,78,512,"[128, 306, 78]",relu,model_8,Float8WeightOnlyConfig,float8,8.0,False,True,pytorch_relative_p95_latency,3.5170234067680726,pytorch,p95_latency,True,3.0
1269,128,306,78,512,"[128, 306, 78]",relu,model_8,Int8WeightOnlyConfig,int8,8.0,False,True,pytorch_relative_p99_latency,2.8760412099480845,pytorch,p99_latency,True,3.0
1270,128,306,78,512,"[128, 306, 78]",relu,model_8,Float8WeightOnlyConfig,float8,8.0,False,True,pytorch_relative_p99_latency,3.4824034597205107,pytorch,p99_latency,True,3.0
1271,128,306,78,512,"[128, 306, 78]",relu,model_8,Int8WeightOnlyConfig,int8,8.0,False,True,onnx_quantized_model_size,32740.0,onnx,model_size,False,3.0
1272,128,306,78,512,"[128, 306, 78]",relu,model_8,Float8WeightOnlyConfig,float8,8.0,False,True,onnx_quantized_model_size,,onnx,model_size,False,3.0
1273,128,306,78,512,"[128, 306, 78]",relu,model_8,Int8WeightOnlyConfig,int8,8.0,False,True,onnx_quantized_median_latency,0.0002157650887966156,onnx,median_latency,False,3.0
1274,128,306,78,512,"[128, 306, 78]",relu,model_8,Float8WeightOnlyConfig,float8,8.0,False,True,onnx_quantized_median_latency,,onnx,median_latency,False,3.0
1275,128,306,78,512,"[128, 306, 78]",relu,model_8,Int8WeightOnlyConfig,int8,8.0,False,True,onnx_quantized_p95_latency,0.0002645811066031456,onnx,p95_latency,False,3.0
1276,128,306,78,512,"[128, 306, 78]",relu,model_8,Float8WeightOnlyConfig,float8,8.0,False,True,onnx_quantized_p95_latency,,onnx,p95_latency,False,3.0
1277,128,306,78,512,"[128, 306, 78]",relu,model_8,Int8WeightOnlyConfig,int8,8.0,False,True,onnx_quantized_p99_latency,0.000271097831428051,onnx,p99_latency,False,3.0
1278,128,306,78,512,"[128, 306, 78]",relu,model_8,Float8WeightOnlyConfig,float8,8.0,False,True,onnx_quantized_p99_latency,,onnx,p99_latency,False,3.0
1279,128,306,78,512,"[128, 306, 78]",relu,model_8,Int8WeightOnlyConfig,int8,8.0,False,True,onnx_relative_model_size,2.4273428232502967,onnx,model_size,True,3.0
1280,128,306,78,512,"[128, 306, 78]",relu,model_8,Float8WeightOnlyConfig,float8,8.0,False,True,onnx_relative_model_size,,onnx,model_size,True,3.0
1281,128,306,78,512,"[128, 306, 78]",relu,model_8,Int8WeightOnlyConfig,int8,8.0,False,True,onnx_relative_median_latency,1.1664283556540127,onnx,median_latency,True,3.0
1282,128,306,78,512,"[128, 306, 78]",relu,model_8,Float8WeightOnlyConfig,float8,8.0,False,True,onnx_relative_median_latency,,onnx,median_latency,True,3.0
1283,128,306,78,512,"[128, 306, 78]",relu,model_8,Int8WeightOnlyConfig,int8,8.0,False,True,onnx_relative_p95_latency,1.2847205640814143,onnx,p95_latency,True,3.0
1284,128,306,78,512,"[128, 306, 78]",relu,model_8,Float8WeightOnlyConfig,float8,8.0,False,True,onnx_relative_p95_latency,,onnx,p95_latency,True,3.0
1285,128,306,78,512,"[128, 306, 78]",relu,model_8,Int8WeightOnlyConfig,int8,8.0,False,True,onnx_relative_p99_latency,1.286846844361643,onnx,p99_latency,True,3.0
1286,128,306,78,512,"[128, 306, 78]",relu,model_8,Float8WeightOnlyConfig,float8,8.0,False,True,onnx_relative_p99_latency,,onnx,p99_latency,True,3.0
1287,128,306,78,512,"[128, 306, 78]",relu,model_8,Int8WeightOnlyConfig,int8,8.0,False,True,pt2_quantized_model_size,218785.0,pt2,model_size,False,3.0
1288,128,306,78,512,"[128, 306, 78]",relu,model_8,Float8WeightOnlyConfig,float8,8.0,False,True,pt2_quantized_model_size,198049.0,pt2,model_size,False,3.0
1289,128,306,78,512,"[128, 306, 78]",relu,model_8,Int8WeightOnlyConfig,int8,8.0,False,True,pt2_quantized_median_latency,0.0009107533842325211,pt2,median_latency,False,3.0
1290,128,306,78,512,"[128, 306, 78]",relu,model_8,Float8WeightOnlyConfig,float8,8.0,False,True,pt2_quantized_median_latency,0.000734187662601471,pt2,median_latency,False,3.0
1291,128,306,78,512,"[128, 306, 78]",relu,model_8,Int8WeightOnlyConfig,int8,8.0,False,True,pt2_quantized_p95_latency,0.000925537385046482,pt2,p95_latency,False,3.0
1292,128,306,78,512,"[128, 306, 78]",relu,model_8,Float8WeightOnlyConfig,float8,8.0,False,True,pt2_quantized_p95_latency,0.0007513705641031264,pt2,p95_latency,False,3.0
1293,128,306,78,512,"[128, 306, 78]",relu,model_8,Int8WeightOnlyConfig,int8,8.0,False,True,pt2_quantized_p99_latency,0.001049549803137779,pt2,p99_latency,False,3.0
1294,128,306,78,512,"[128, 306, 78]",relu,model_8,Float8WeightOnlyConfig,float8,8.0,False,True,pt2_quantized_p99_latency,0.0008799158036708832,pt2,p99_latency,False,3.0
1295,128,306,78,512,"[128, 306, 78]",relu,model_8,Int8WeightOnlyConfig,int8,8.0,False,True,pt2_relative_model_size,0.6072486254090467,pt2,model_size,True,3.0
1296,128,306,78,512,"[128, 306, 78]",relu,model_8,Float8WeightOnlyConfig,float8,8.0,False,True,pt2_relative_model_size,0.5496948283183778,pt2,model_size,True,3.0
1297,128,306,78,512,"[128, 306, 78]",relu,model_8,Int8WeightOnlyConfig,int8,8.0,False,True,pt2_relative_median_latency,1.8982650117827014,pt2,median_latency,True,3.0
1298,128,306,78,512,"[128, 306, 78]",relu,model_8,Float8WeightOnlyConfig,float8,8.0,False,True,pt2_relative_median_latency,1.5302526195643311,pt2,median_latency,True,3.0
1299,128,306,78,512,"[128, 306, 78]",relu,model_8,Int8WeightOnlyConfig,int8,8.0,False,True,pt2_relative_p95_latency,1.8390502852430841,pt2,p95_latency,True,3.0
1300,128,306,78,512,"[128, 306, 78]",relu,model_8,Float8WeightOnlyConfig,float8,8.0,False,True,pt2_relative_p95_latency,1.4929794004676697,pt2,p95_latency,True,3.0
1301,128,306,78,512,"[128, 306, 78]",relu,model_8,Int8WeightOnlyConfig,int8,8.0,False,True,pt2_relative_p99_latency,1.6356213342241295,pt2,p99_latency,True,3.0
1302,128,306,78,512,"[128, 306, 78]",relu,model_8,Float8WeightOnlyConfig,float8,8.0,False,True,pt2_relative_p99_latency,1.3712632373445701,pt2,p99_latency,True,3.0
1303,128,197,166,491,"[128, 197, 166]",celu,model_9,,,,,,,,,,,
