,hidden_layer_1_neurons,hidden_layer_2_neurons,hidden_layer_3_neurons,total_hidden_neurons,neurons_per_layer,activation,model_ID,config_name,precision,bits_per_weight,dynamic_calibration,weight_only,metric,value,runtime,base_metric,relative,eval_run
0,128,178,32,338,"[128, 178, 32]",elu,model_1,Int8WeightOnlyConfig,int8,8.0,False,True,pytorch_quantized_MAE,9.679950437788008,pytorch,MAE,False,1.0
1,128,178,32,338,"[128, 178, 32]",elu,model_1,Float8WeightOnlyConfig,float8,8.0,False,True,pytorch_quantized_MAE,9.789066282399734,pytorch,MAE,False,1.0
2,128,178,32,338,"[128, 178, 32]",elu,model_1,Int8WeightOnlyConfig,int8,8.0,False,True,pytorch_relative_MAE,1.0003613590608436,pytorch,MAE,True,1.0
3,128,178,32,338,"[128, 178, 32]",elu,model_1,Float8WeightOnlyConfig,float8,8.0,False,True,pytorch_relative_MAE,1.0116377881409704,pytorch,MAE,True,1.0
4,128,178,32,338,"[128, 178, 32]",elu,model_1,Int8WeightOnlyConfig,int8,8.0,False,True,pytorch_quantized_model_size,39219.0,pytorch,model_size,False,1.0
5,128,178,32,338,"[128, 178, 32]",elu,model_1,Float8WeightOnlyConfig,float8,8.0,False,True,pytorch_quantized_model_size,39219.0,pytorch,model_size,False,1.0
6,128,178,32,338,"[128, 178, 32]",elu,model_1,Int8WeightOnlyConfig,int8,8.0,False,True,pytorch_quantized_median_latency,0.000429726205766201,pytorch,median_latency,False,1.0
7,128,178,32,338,"[128, 178, 32]",elu,model_1,Float8WeightOnlyConfig,float8,8.0,False,True,pytorch_quantized_median_latency,0.0005337120965123177,pytorch,median_latency,False,1.0
8,128,178,32,338,"[128, 178, 32]",elu,model_1,Int8WeightOnlyConfig,int8,8.0,False,True,pytorch_quantized_p95_latency,0.0004417015239596367,pytorch,p95_latency,False,1.0
9,128,178,32,338,"[128, 178, 32]",elu,model_1,Float8WeightOnlyConfig,float8,8.0,False,True,pytorch_quantized_p95_latency,0.0005968615412712097,pytorch,p95_latency,False,1.0
10,128,178,32,338,"[128, 178, 32]",elu,model_1,Int8WeightOnlyConfig,int8,8.0,False,True,pytorch_quantized_p99_latency,0.0004449586756527424,pytorch,p99_latency,False,1.0
11,128,178,32,338,"[128, 178, 32]",elu,model_1,Float8WeightOnlyConfig,float8,8.0,False,True,pytorch_quantized_p99_latency,0.0006042366474866867,pytorch,p99_latency,False,1.0
12,128,178,32,338,"[128, 178, 32]",elu,model_1,Int8WeightOnlyConfig,int8,8.0,False,True,pytorch_relative_model_size,0.25,pytorch,model_size,True,1.0
13,128,178,32,338,"[128, 178, 32]",elu,model_1,Float8WeightOnlyConfig,float8,8.0,False,True,pytorch_relative_model_size,0.25,pytorch,model_size,True,1.0
14,128,178,32,338,"[128, 178, 32]",elu,model_1,Int8WeightOnlyConfig,int8,8.0,False,True,pytorch_relative_median_latency,2.385436592048803,pytorch,median_latency,True,1.0
15,128,178,32,338,"[128, 178, 32]",elu,model_1,Float8WeightOnlyConfig,float8,8.0,False,True,pytorch_relative_median_latency,2.9626686656671666,pytorch,median_latency,True,1.0
16,128,178,32,338,"[128, 178, 32]",elu,model_1,Int8WeightOnlyConfig,int8,8.0,False,True,pytorch_relative_p95_latency,2.3020555601667207,pytorch,p95_latency,True,1.0
17,128,178,32,338,"[128, 178, 32]",elu,model_1,Float8WeightOnlyConfig,float8,8.0,False,True,pytorch_relative_p95_latency,3.1107169778717485,pytorch,p95_latency,True,1.0
18,128,178,32,338,"[128, 178, 32]",elu,model_1,Int8WeightOnlyConfig,int8,8.0,False,True,pytorch_relative_p99_latency,1.484817971860574,pytorch,p99_latency,True,1.0
19,128,178,32,338,"[128, 178, 32]",elu,model_1,Float8WeightOnlyConfig,float8,8.0,False,True,pytorch_relative_p99_latency,2.01632529611626,pytorch,p99_latency,True,1.0
20,128,178,32,338,"[128, 178, 32]",elu,model_1,Int8WeightOnlyConfig,int8,8.0,False,True,onnx_quantized_model_size,31723.0,onnx,model_size,False,1.0
21,128,178,32,338,"[128, 178, 32]",elu,model_1,Float8WeightOnlyConfig,float8,8.0,False,True,onnx_quantized_model_size,,onnx,model_size,False,1.0
22,128,178,32,338,"[128, 178, 32]",elu,model_1,Int8WeightOnlyConfig,int8,8.0,False,True,onnx_quantized_median_latency,0.00023431051522493362,onnx,median_latency,False,1.0
23,128,178,32,338,"[128, 178, 32]",elu,model_1,Float8WeightOnlyConfig,float8,8.0,False,True,onnx_quantized_median_latency,,onnx,median_latency,False,1.0
24,128,178,32,338,"[128, 178, 32]",elu,model_1,Int8WeightOnlyConfig,int8,8.0,False,True,onnx_quantized_p95_latency,0.00024748193100094796,onnx,p95_latency,False,1.0
25,128,178,32,338,"[128, 178, 32]",elu,model_1,Float8WeightOnlyConfig,float8,8.0,False,True,onnx_quantized_p95_latency,,onnx,p95_latency,False,1.0
26,128,178,32,338,"[128, 178, 32]",elu,model_1,Int8WeightOnlyConfig,int8,8.0,False,True,onnx_quantized_p99_latency,0.00025511123239994047,onnx,p99_latency,False,1.0
27,128,178,32,338,"[128, 178, 32]",elu,model_1,Float8WeightOnlyConfig,float8,8.0,False,True,onnx_quantized_p99_latency,,onnx,p99_latency,False,1.0
28,128,178,32,338,"[128, 178, 32]",elu,model_1,Int8WeightOnlyConfig,int8,8.0,False,True,onnx_relative_model_size,2.3226680333870258,onnx,model_size,True,1.0
29,128,178,32,338,"[128, 178, 32]",elu,model_1,Float8WeightOnlyConfig,float8,8.0,False,True,onnx_relative_model_size,,onnx,model_size,True,1.0
30,128,178,32,338,"[128, 178, 32]",elu,model_1,Int8WeightOnlyConfig,int8,8.0,False,True,onnx_relative_median_latency,1.337968921175507,onnx,median_latency,True,1.0
31,128,178,32,338,"[128, 178, 32]",elu,model_1,Float8WeightOnlyConfig,float8,8.0,False,True,onnx_relative_median_latency,,onnx,median_latency,True,1.0
32,128,178,32,338,"[128, 178, 32]",elu,model_1,Int8WeightOnlyConfig,int8,8.0,False,True,onnx_relative_p95_latency,1.3086176746220015,onnx,p95_latency,True,1.0
33,128,178,32,338,"[128, 178, 32]",elu,model_1,Float8WeightOnlyConfig,float8,8.0,False,True,onnx_relative_p95_latency,,onnx,p95_latency,True,1.0
34,128,178,32,338,"[128, 178, 32]",elu,model_1,Int8WeightOnlyConfig,int8,8.0,False,True,onnx_relative_p99_latency,1.3180564235447823,onnx,p99_latency,True,1.0
35,128,178,32,338,"[128, 178, 32]",elu,model_1,Float8WeightOnlyConfig,float8,8.0,False,True,onnx_relative_p99_latency,,onnx,p99_latency,True,1.0
36,128,178,32,338,"[128, 178, 32]",elu,model_1,Int8WeightOnlyConfig,int8,8.0,False,True,pt2_quantized_model_size,182945.0,pt2,model_size,False,1.0
37,128,178,32,338,"[128, 178, 32]",elu,model_1,Float8WeightOnlyConfig,float8,8.0,False,True,pt2_quantized_model_size,162209.0,pt2,model_size,False,1.0
38,128,178,32,338,"[128, 178, 32]",elu,model_1,Int8WeightOnlyConfig,int8,8.0,False,True,pt2_quantized_median_latency,0.0008972818031907082,pt2,median_latency,False,1.0
39,128,178,32,338,"[128, 178, 32]",elu,model_1,Float8WeightOnlyConfig,float8,8.0,False,True,pt2_quantized_median_latency,0.0007379641756415367,pt2,median_latency,False,1.0
40,128,178,32,338,"[128, 178, 32]",elu,model_1,Int8WeightOnlyConfig,int8,8.0,False,True,pt2_quantized_p95_latency,0.0009098115377128124,pt2,p95_latency,False,1.0
41,128,178,32,338,"[128, 178, 32]",elu,model_1,Float8WeightOnlyConfig,float8,8.0,False,True,pt2_quantized_p95_latency,0.0007538259029388428,pt2,p95_latency,False,1.0
42,128,178,32,338,"[128, 178, 32]",elu,model_1,Int8WeightOnlyConfig,int8,8.0,False,True,pt2_quantized_p99_latency,0.0010333284176886081,pt2,p99_latency,False,1.0
43,128,178,32,338,"[128, 178, 32]",elu,model_1,Float8WeightOnlyConfig,float8,8.0,False,True,pt2_quantized_p99_latency,0.000884650070220232,pt2,p99_latency,False,1.0
44,128,178,32,338,"[128, 178, 32]",elu,model_1,Int8WeightOnlyConfig,int8,8.0,False,True,pt2_relative_model_size,0.8267542174881711,pt2,model_size,True,1.0
45,128,178,32,338,"[128, 178, 32]",elu,model_1,Float8WeightOnlyConfig,float8,8.0,False,True,pt2_relative_model_size,0.7330453134250117,pt2,model_size,True,1.0
46,128,178,32,338,"[128, 178, 32]",elu,model_1,Int8WeightOnlyConfig,int8,8.0,False,True,pt2_relative_median_latency,1.7816408236479802,pt2,median_latency,True,1.0
47,128,178,32,338,"[128, 178, 32]",elu,model_1,Float8WeightOnlyConfig,float8,8.0,False,True,pt2_relative_median_latency,1.4653000841400607,pt2,median_latency,True,1.0
48,128,178,32,338,"[128, 178, 32]",elu,model_1,Int8WeightOnlyConfig,int8,8.0,False,True,pt2_relative_p95_latency,1.7297924361055146,pt2,p95_latency,True,1.0
49,128,178,32,338,"[128, 178, 32]",elu,model_1,Float8WeightOnlyConfig,float8,8.0,False,True,pt2_relative_p95_latency,1.4332224762966501,pt2,p95_latency,True,1.0
50,128,178,32,338,"[128, 178, 32]",elu,model_1,Int8WeightOnlyConfig,int8,8.0,False,True,pt2_relative_p99_latency,1.4902110574609837,pt2,p99_latency,True,1.0
51,128,178,32,338,"[128, 178, 32]",elu,model_1,Float8WeightOnlyConfig,float8,8.0,False,True,pt2_relative_p99_latency,1.2757950851431028,pt2,p99_latency,True,1.0
52,128,178,32,338,"[128, 178, 32]",elu,model_1,Int8WeightOnlyConfig,int8,8.0,False,True,pytorch_quantized_MAE,9.880415897602644,pytorch,MAE,False,2.0
53,128,178,32,338,"[128, 178, 32]",elu,model_1,Float8WeightOnlyConfig,float8,8.0,False,True,pytorch_quantized_MAE,9.989710193250051,pytorch,MAE,False,2.0
54,128,178,32,338,"[128, 178, 32]",elu,model_1,Int8WeightOnlyConfig,int8,8.0,False,True,pytorch_relative_MAE,1.0003659853767068,pytorch,MAE,True,2.0
55,128,178,32,338,"[128, 178, 32]",elu,model_1,Float8WeightOnlyConfig,float8,8.0,False,True,pytorch_relative_MAE,1.011431743832067,pytorch,MAE,True,2.0
56,128,178,32,338,"[128, 178, 32]",elu,model_1,Int8WeightOnlyConfig,int8,8.0,False,True,pytorch_quantized_model_size,39219.0,pytorch,model_size,False,2.0
57,128,178,32,338,"[128, 178, 32]",elu,model_1,Float8WeightOnlyConfig,float8,8.0,False,True,pytorch_quantized_model_size,39219.0,pytorch,model_size,False,2.0
58,128,178,32,338,"[128, 178, 32]",elu,model_1,Int8WeightOnlyConfig,int8,8.0,False,True,pytorch_quantized_median_latency,0.00046730320900678635,pytorch,median_latency,False,2.0
59,128,178,32,338,"[128, 178, 32]",elu,model_1,Float8WeightOnlyConfig,float8,8.0,False,True,pytorch_quantized_median_latency,0.0005078231915831566,pytorch,median_latency,False,2.0
60,128,178,32,338,"[128, 178, 32]",elu,model_1,Int8WeightOnlyConfig,int8,8.0,False,True,pytorch_quantized_p95_latency,0.00047889035195112226,pytorch,p95_latency,False,2.0
61,128,178,32,338,"[128, 178, 32]",elu,model_1,Float8WeightOnlyConfig,float8,8.0,False,True,pytorch_quantized_p95_latency,0.0005164328031241894,pytorch,p95_latency,False,2.0
62,128,178,32,338,"[128, 178, 32]",elu,model_1,Int8WeightOnlyConfig,int8,8.0,False,True,pytorch_quantized_p99_latency,0.0004820285364985466,pytorch,p99_latency,False,2.0
63,128,178,32,338,"[128, 178, 32]",elu,model_1,Float8WeightOnlyConfig,float8,8.0,False,True,pytorch_quantized_p99_latency,0.0005256779678165912,pytorch,p99_latency,False,2.0
64,128,178,32,338,"[128, 178, 32]",elu,model_1,Int8WeightOnlyConfig,int8,8.0,False,True,pytorch_relative_model_size,0.25,pytorch,model_size,True,2.0
65,128,178,32,338,"[128, 178, 32]",elu,model_1,Float8WeightOnlyConfig,float8,8.0,False,True,pytorch_relative_model_size,0.25,pytorch,model_size,True,2.0
66,128,178,32,338,"[128, 178, 32]",elu,model_1,Int8WeightOnlyConfig,int8,8.0,False,True,pytorch_relative_median_latency,2.9904938433480743,pytorch,median_latency,True,2.0
67,128,178,32,338,"[128, 178, 32]",elu,model_1,Float8WeightOnlyConfig,float8,8.0,False,True,pytorch_relative_median_latency,3.2498003409104452,pytorch,median_latency,True,2.0
68,128,178,32,338,"[128, 178, 32]",elu,model_1,Int8WeightOnlyConfig,int8,8.0,False,True,pytorch_relative_p95_latency,2.8644501079312024,pytorch,p95_latency,True,2.0
69,128,178,32,338,"[128, 178, 32]",elu,model_1,Float8WeightOnlyConfig,float8,8.0,False,True,pytorch_relative_p95_latency,3.0890077292667644,pytorch,p95_latency,True,2.0
70,128,178,32,338,"[128, 178, 32]",elu,model_1,Int8WeightOnlyConfig,int8,8.0,False,True,pytorch_relative_p99_latency,2.7787386689350093,pytorch,p99_latency,True,2.0
71,128,178,32,338,"[128, 178, 32]",elu,model_1,Float8WeightOnlyConfig,float8,8.0,False,True,pytorch_relative_p99_latency,3.030363528246298,pytorch,p99_latency,True,2.0
72,128,178,32,338,"[128, 178, 32]",elu,model_1,Int8WeightOnlyConfig,int8,8.0,False,True,onnx_quantized_model_size,31723.0,onnx,model_size,False,2.0
73,128,178,32,338,"[128, 178, 32]",elu,model_1,Float8WeightOnlyConfig,float8,8.0,False,True,onnx_quantized_model_size,,onnx,model_size,False,2.0
74,128,178,32,338,"[128, 178, 32]",elu,model_1,Int8WeightOnlyConfig,int8,8.0,False,True,onnx_quantized_median_latency,0.00023726746439933777,onnx,median_latency,False,2.0
75,128,178,32,338,"[128, 178, 32]",elu,model_1,Float8WeightOnlyConfig,float8,8.0,False,True,onnx_quantized_median_latency,,onnx,median_latency,False,2.0
76,128,178,32,338,"[128, 178, 32]",elu,model_1,Int8WeightOnlyConfig,int8,8.0,False,True,onnx_quantized_p95_latency,0.000340520404279232,onnx,p95_latency,False,2.0
77,128,178,32,338,"[128, 178, 32]",elu,model_1,Float8WeightOnlyConfig,float8,8.0,False,True,onnx_quantized_p95_latency,,onnx,p95_latency,False,2.0
78,128,178,32,338,"[128, 178, 32]",elu,model_1,Int8WeightOnlyConfig,int8,8.0,False,True,onnx_quantized_p99_latency,0.00034649517387151717,onnx,p99_latency,False,2.0
79,128,178,32,338,"[128, 178, 32]",elu,model_1,Float8WeightOnlyConfig,float8,8.0,False,True,onnx_quantized_p99_latency,,onnx,p99_latency,False,2.0
80,128,178,32,338,"[128, 178, 32]",elu,model_1,Int8WeightOnlyConfig,int8,8.0,False,True,onnx_relative_model_size,2.3226680333870258,onnx,model_size,True,2.0
81,128,178,32,338,"[128, 178, 32]",elu,model_1,Float8WeightOnlyConfig,float8,8.0,False,True,onnx_relative_model_size,,onnx,model_size,True,2.0
82,128,178,32,338,"[128, 178, 32]",elu,model_1,Int8WeightOnlyConfig,int8,8.0,False,True,onnx_relative_median_latency,1.4023835081055789,onnx,median_latency,True,2.0
83,128,178,32,338,"[128, 178, 32]",elu,model_1,Float8WeightOnlyConfig,float8,8.0,False,True,onnx_relative_median_latency,,onnx,median_latency,True,2.0
84,128,178,32,338,"[128, 178, 32]",elu,model_1,Int8WeightOnlyConfig,int8,8.0,False,True,onnx_relative_p95_latency,1.9041863027909902,onnx,p95_latency,True,2.0
85,128,178,32,338,"[128, 178, 32]",elu,model_1,Float8WeightOnlyConfig,float8,8.0,False,True,onnx_relative_p95_latency,,onnx,p95_latency,True,2.0
86,128,178,32,338,"[128, 178, 32]",elu,model_1,Int8WeightOnlyConfig,int8,8.0,False,True,onnx_relative_p99_latency,1.8506808064938465,onnx,p99_latency,True,2.0
87,128,178,32,338,"[128, 178, 32]",elu,model_1,Float8WeightOnlyConfig,float8,8.0,False,True,onnx_relative_p99_latency,,onnx,p99_latency,True,2.0
88,128,178,32,338,"[128, 178, 32]",elu,model_1,Int8WeightOnlyConfig,int8,8.0,False,True,pt2_quantized_model_size,182945.0,pt2,model_size,False,2.0
89,128,178,32,338,"[128, 178, 32]",elu,model_1,Float8WeightOnlyConfig,float8,8.0,False,True,pt2_quantized_model_size,162209.0,pt2,model_size,False,2.0
90,128,178,32,338,"[128, 178, 32]",elu,model_1,Int8WeightOnlyConfig,int8,8.0,False,True,pt2_quantized_median_latency,0.0008800998330116272,pt2,median_latency,False,2.0
91,128,178,32,338,"[128, 178, 32]",elu,model_1,Float8WeightOnlyConfig,float8,8.0,False,True,pt2_quantized_median_latency,0.0007183840498328209,pt2,median_latency,False,2.0
92,128,178,32,338,"[128, 178, 32]",elu,model_1,Int8WeightOnlyConfig,int8,8.0,False,True,pt2_quantized_p95_latency,0.0008931457996368408,pt2,p95_latency,False,2.0
93,128,178,32,338,"[128, 178, 32]",elu,model_1,Float8WeightOnlyConfig,float8,8.0,False,True,pt2_quantized_p95_latency,0.0007278514094650745,pt2,p95_latency,False,2.0
94,128,178,32,338,"[128, 178, 32]",elu,model_1,Int8WeightOnlyConfig,int8,8.0,False,True,pt2_quantized_p99_latency,0.0010170670971274376,pt2,p99_latency,False,2.0
95,128,178,32,338,"[128, 178, 32]",elu,model_1,Float8WeightOnlyConfig,float8,8.0,False,True,pt2_quantized_p99_latency,0.0008442761749029159,pt2,p99_latency,False,2.0
96,128,178,32,338,"[128, 178, 32]",elu,model_1,Int8WeightOnlyConfig,int8,8.0,False,True,pt2_relative_model_size,0.8267542174881711,pt2,model_size,True,2.0
97,128,178,32,338,"[128, 178, 32]",elu,model_1,Float8WeightOnlyConfig,float8,8.0,False,True,pt2_relative_model_size,0.7330453134250117,pt2,model_size,True,2.0
98,128,178,32,338,"[128, 178, 32]",elu,model_1,Int8WeightOnlyConfig,int8,8.0,False,True,pt2_relative_median_latency,1.8312143567205568,pt2,median_latency,True,2.0
99,128,178,32,338,"[128, 178, 32]",elu,model_1,Float8WeightOnlyConfig,float8,8.0,False,True,pt2_relative_median_latency,1.494734047603822,pt2,median_latency,True,2.0
100,128,178,32,338,"[128, 178, 32]",elu,model_1,Int8WeightOnlyConfig,int8,8.0,False,True,pt2_relative_p95_latency,1.8174406517716108,pt2,p95_latency,True,2.0
101,128,178,32,338,"[128, 178, 32]",elu,model_1,Float8WeightOnlyConfig,float8,8.0,False,True,pt2_relative_p95_latency,1.4810871198733297,pt2,p95_latency,True,2.0
102,128,178,32,338,"[128, 178, 32]",elu,model_1,Int8WeightOnlyConfig,int8,8.0,False,True,pt2_relative_p99_latency,1.5717502997726944,pt2,p99_latency,True,2.0
103,128,178,32,338,"[128, 178, 32]",elu,model_1,Float8WeightOnlyConfig,float8,8.0,False,True,pt2_relative_p99_latency,1.3047234884920587,pt2,p99_latency,True,2.0
104,128,178,32,338,"[128, 178, 32]",elu,model_1,Int8WeightOnlyConfig,int8,8.0,False,True,pytorch_quantized_MAE,9.51155927196944,pytorch,MAE,False,3.0
105,128,178,32,338,"[128, 178, 32]",elu,model_1,Float8WeightOnlyConfig,float8,8.0,False,True,pytorch_quantized_MAE,9.6332847975608,pytorch,MAE,False,3.0
106,128,178,32,338,"[128, 178, 32]",elu,model_1,Int8WeightOnlyConfig,int8,8.0,False,True,pytorch_relative_MAE,1.0004895542681091,pytorch,MAE,True,3.0
107,128,178,32,338,"[128, 178, 32]",elu,model_1,Float8WeightOnlyConfig,float8,8.0,False,True,pytorch_relative_MAE,1.0132934608999955,pytorch,MAE,True,3.0
108,128,178,32,338,"[128, 178, 32]",elu,model_1,Int8WeightOnlyConfig,int8,8.0,False,True,pytorch_quantized_model_size,39219.0,pytorch,model_size,False,3.0
109,128,178,32,338,"[128, 178, 32]",elu,model_1,Float8WeightOnlyConfig,float8,8.0,False,True,pytorch_quantized_model_size,39219.0,pytorch,model_size,False,3.0
110,128,178,32,338,"[128, 178, 32]",elu,model_1,Int8WeightOnlyConfig,int8,8.0,False,True,pytorch_quantized_median_latency,0.00042115431278944016,pytorch,median_latency,False,3.0
111,128,178,32,338,"[128, 178, 32]",elu,model_1,Float8WeightOnlyConfig,float8,8.0,False,True,pytorch_quantized_median_latency,0.0005696387961506844,pytorch,median_latency,False,3.0
112,128,178,32,338,"[128, 178, 32]",elu,model_1,Int8WeightOnlyConfig,int8,8.0,False,True,pytorch_quantized_p95_latency,0.00043289186432957647,pytorch,p95_latency,False,3.0
113,128,178,32,338,"[128, 178, 32]",elu,model_1,Float8WeightOnlyConfig,float8,8.0,False,True,pytorch_quantized_p95_latency,0.0005773734301328659,pytorch,p95_latency,False,3.0
114,128,178,32,338,"[128, 178, 32]",elu,model_1,Int8WeightOnlyConfig,int8,8.0,False,True,pytorch_quantized_p99_latency,0.0004355797916650772,pytorch,p99_latency,False,3.0
115,128,178,32,338,"[128, 178, 32]",elu,model_1,Float8WeightOnlyConfig,float8,8.0,False,True,pytorch_quantized_p99_latency,0.000585039034485817,pytorch,p99_latency,False,3.0
116,128,178,32,338,"[128, 178, 32]",elu,model_1,Int8WeightOnlyConfig,int8,8.0,False,True,pytorch_relative_model_size,0.25,pytorch,model_size,True,3.0
117,128,178,32,338,"[128, 178, 32]",elu,model_1,Float8WeightOnlyConfig,float8,8.0,False,True,pytorch_relative_model_size,0.25,pytorch,model_size,True,3.0
118,128,178,32,338,"[128, 178, 32]",elu,model_1,Int8WeightOnlyConfig,int8,8.0,False,True,pytorch_relative_median_latency,2.6791973267925067,pytorch,median_latency,True,3.0
119,128,178,32,338,"[128, 178, 32]",elu,model_1,Float8WeightOnlyConfig,float8,8.0,False,True,pytorch_relative_median_latency,3.6237898877869017,pytorch,median_latency,True,3.0
120,128,178,32,338,"[128, 178, 32]",elu,model_1,Int8WeightOnlyConfig,int8,8.0,False,True,pytorch_relative_p95_latency,2.578128284614954,pytorch,p95_latency,True,3.0
121,128,178,32,338,"[128, 178, 32]",elu,model_1,Float8WeightOnlyConfig,float8,8.0,False,True,pytorch_relative_p95_latency,3.4386018626522747,pytorch,p95_latency,True,3.0
122,128,178,32,338,"[128, 178, 32]",elu,model_1,Int8WeightOnlyConfig,int8,8.0,False,True,pytorch_relative_p99_latency,2.5497453036354214,pytorch,p99_latency,True,3.0
123,128,178,32,338,"[128, 178, 32]",elu,model_1,Float8WeightOnlyConfig,float8,8.0,False,True,pytorch_relative_p99_latency,3.4246320861703348,pytorch,p99_latency,True,3.0
124,128,178,32,338,"[128, 178, 32]",elu,model_1,Int8WeightOnlyConfig,int8,8.0,False,True,onnx_quantized_model_size,31723.0,onnx,model_size,False,3.0
125,128,178,32,338,"[128, 178, 32]",elu,model_1,Float8WeightOnlyConfig,float8,8.0,False,True,onnx_quantized_model_size,,onnx,model_size,False,3.0
126,128,178,32,338,"[128, 178, 32]",elu,model_1,Int8WeightOnlyConfig,int8,8.0,False,True,onnx_quantized_median_latency,0.0002316739410161972,onnx,median_latency,False,3.0
127,128,178,32,338,"[128, 178, 32]",elu,model_1,Float8WeightOnlyConfig,float8,8.0,False,True,onnx_quantized_median_latency,,onnx,median_latency,False,3.0
128,128,178,32,338,"[128, 178, 32]",elu,model_1,Int8WeightOnlyConfig,int8,8.0,False,True,onnx_quantized_p95_latency,0.00024145133793354034,onnx,p95_latency,False,3.0
129,128,178,32,338,"[128, 178, 32]",elu,model_1,Float8WeightOnlyConfig,float8,8.0,False,True,onnx_quantized_p95_latency,,onnx,p95_latency,False,3.0
130,128,178,32,338,"[128, 178, 32]",elu,model_1,Int8WeightOnlyConfig,int8,8.0,False,True,onnx_quantized_p99_latency,0.0002463837340474129,onnx,p99_latency,False,3.0
131,128,178,32,338,"[128, 178, 32]",elu,model_1,Float8WeightOnlyConfig,float8,8.0,False,True,onnx_quantized_p99_latency,,onnx,p99_latency,False,3.0
132,128,178,32,338,"[128, 178, 32]",elu,model_1,Int8WeightOnlyConfig,int8,8.0,False,True,onnx_relative_model_size,2.3226680333870258,onnx,model_size,True,3.0
133,128,178,32,338,"[128, 178, 32]",elu,model_1,Float8WeightOnlyConfig,float8,8.0,False,True,onnx_relative_model_size,,onnx,model_size,True,3.0
134,128,178,32,338,"[128, 178, 32]",elu,model_1,Int8WeightOnlyConfig,int8,8.0,False,True,onnx_relative_median_latency,1.2736442205292045,onnx,median_latency,True,3.0
135,128,178,32,338,"[128, 178, 32]",elu,model_1,Float8WeightOnlyConfig,float8,8.0,False,True,onnx_relative_median_latency,,onnx,median_latency,True,3.0
136,128,178,32,338,"[128, 178, 32]",elu,model_1,Int8WeightOnlyConfig,int8,8.0,False,True,onnx_relative_p95_latency,1.2471103110988395,onnx,p95_latency,True,3.0
137,128,178,32,338,"[128, 178, 32]",elu,model_1,Float8WeightOnlyConfig,float8,8.0,False,True,onnx_relative_p95_latency,,onnx,p95_latency,True,3.0
138,128,178,32,338,"[128, 178, 32]",elu,model_1,Int8WeightOnlyConfig,int8,8.0,False,True,onnx_relative_p99_latency,1.2458816128463182,onnx,p99_latency,True,3.0
139,128,178,32,338,"[128, 178, 32]",elu,model_1,Float8WeightOnlyConfig,float8,8.0,False,True,onnx_relative_p99_latency,,onnx,p99_latency,True,3.0
140,128,178,32,338,"[128, 178, 32]",elu,model_1,Int8WeightOnlyConfig,int8,8.0,False,True,pt2_quantized_model_size,182945.0,pt2,model_size,False,3.0
141,128,178,32,338,"[128, 178, 32]",elu,model_1,Float8WeightOnlyConfig,float8,8.0,False,True,pt2_quantized_model_size,162209.0,pt2,model_size,False,3.0
142,128,178,32,338,"[128, 178, 32]",elu,model_1,Int8WeightOnlyConfig,int8,8.0,False,True,pt2_quantized_median_latency,0.0008842619135975838,pt2,median_latency,False,3.0
143,128,178,32,338,"[128, 178, 32]",elu,model_1,Float8WeightOnlyConfig,float8,8.0,False,True,pt2_quantized_median_latency,0.0007189959287643433,pt2,median_latency,False,3.0
144,128,178,32,338,"[128, 178, 32]",elu,model_1,Int8WeightOnlyConfig,int8,8.0,False,True,pt2_quantized_p95_latency,0.000900845881551504,pt2,p95_latency,False,3.0
145,128,178,32,338,"[128, 178, 32]",elu,model_1,Float8WeightOnlyConfig,float8,8.0,False,True,pt2_quantized_p95_latency,0.0007351123727858067,pt2,p95_latency,False,3.0
146,128,178,32,338,"[128, 178, 32]",elu,model_1,Int8WeightOnlyConfig,int8,8.0,False,True,pt2_quantized_p99_latency,0.0010296972654759878,pt2,p99_latency,False,3.0
147,128,178,32,338,"[128, 178, 32]",elu,model_1,Float8WeightOnlyConfig,float8,8.0,False,True,pt2_quantized_p99_latency,0.0008593155071139336,pt2,p99_latency,False,3.0
148,128,178,32,338,"[128, 178, 32]",elu,model_1,Int8WeightOnlyConfig,int8,8.0,False,True,pt2_relative_model_size,0.8267542174881711,pt2,model_size,True,3.0
149,128,178,32,338,"[128, 178, 32]",elu,model_1,Float8WeightOnlyConfig,float8,8.0,False,True,pt2_relative_model_size,0.7330453134250117,pt2,model_size,True,3.0
150,128,178,32,338,"[128, 178, 32]",elu,model_1,Int8WeightOnlyConfig,int8,8.0,False,True,pt2_relative_median_latency,1.856291557752201,pt2,median_latency,True,3.0
151,128,178,32,338,"[128, 178, 32]",elu,model_1,Float8WeightOnlyConfig,float8,8.0,False,True,pt2_relative_median_latency,1.5093560540150581,pt2,median_latency,True,3.0
152,128,178,32,338,"[128, 178, 32]",elu,model_1,Int8WeightOnlyConfig,int8,8.0,False,True,pt2_relative_p95_latency,1.8495880151817996,pt2,p95_latency,True,3.0
153,128,178,32,338,"[128, 178, 32]",elu,model_1,Float8WeightOnlyConfig,float8,8.0,False,True,pt2_relative_p95_latency,1.5093092640605559,pt2,p95_latency,True,3.0
154,128,178,32,338,"[128, 178, 32]",elu,model_1,Int8WeightOnlyConfig,int8,8.0,False,True,pt2_relative_p99_latency,1.6147973186071258,pt2,p99_latency,True,3.0
155,128,178,32,338,"[128, 178, 32]",elu,model_1,Float8WeightOnlyConfig,float8,8.0,False,True,pt2_relative_p99_latency,1.34760033191276,pt2,p99_latency,True,3.0
156,488,252,90,830,"[488, 252, 90]",leaky_relu,model_10,Int8WeightOnlyConfig,int8,8.0,False,True,pytorch_quantized_MAE,7.939716188389517,pytorch,MAE,False,1.0
157,488,252,90,830,"[488, 252, 90]",leaky_relu,model_10,Float8WeightOnlyConfig,float8,8.0,False,True,pytorch_quantized_MAE,7.929554017893234,pytorch,MAE,False,1.0
158,488,252,90,830,"[488, 252, 90]",leaky_relu,model_10,Int8WeightOnlyConfig,int8,8.0,False,True,pytorch_relative_MAE,1.0044478423081724,pytorch,MAE,True,1.0
159,488,252,90,830,"[488, 252, 90]",leaky_relu,model_10,Float8WeightOnlyConfig,float8,8.0,False,True,pytorch_relative_MAE,1.00316223335365,pytorch,MAE,True,1.0
160,488,252,90,830,"[488, 252, 90]",leaky_relu,model_10,Int8WeightOnlyConfig,int8,8.0,False,True,pytorch_quantized_model_size,186105.0,pytorch,model_size,False,1.0
161,488,252,90,830,"[488, 252, 90]",leaky_relu,model_10,Float8WeightOnlyConfig,float8,8.0,False,True,pytorch_quantized_model_size,186105.0,pytorch,model_size,False,1.0
162,488,252,90,830,"[488, 252, 90]",leaky_relu,model_10,Int8WeightOnlyConfig,int8,8.0,False,True,pytorch_quantized_median_latency,0.0004748823121190071,pytorch,median_latency,False,1.0
163,488,252,90,830,"[488, 252, 90]",leaky_relu,model_10,Float8WeightOnlyConfig,float8,8.0,False,True,pytorch_quantized_median_latency,0.0005063684657216072,pytorch,median_latency,False,1.0
164,488,252,90,830,"[488, 252, 90]",leaky_relu,model_10,Int8WeightOnlyConfig,int8,8.0,False,True,pytorch_quantized_p95_latency,0.0004855780862271786,pytorch,p95_latency,False,1.0
165,488,252,90,830,"[488, 252, 90]",leaky_relu,model_10,Float8WeightOnlyConfig,float8,8.0,False,True,pytorch_quantized_p95_latency,0.000515057984739542,pytorch,p95_latency,False,1.0
166,488,252,90,830,"[488, 252, 90]",leaky_relu,model_10,Int8WeightOnlyConfig,int8,8.0,False,True,pytorch_quantized_p99_latency,0.0004941383004188537,pytorch,p99_latency,False,1.0
167,488,252,90,830,"[488, 252, 90]",leaky_relu,model_10,Float8WeightOnlyConfig,float8,8.0,False,True,pytorch_quantized_p99_latency,0.0005222801864147186,pytorch,p99_latency,False,1.0
168,488,252,90,830,"[488, 252, 90]",leaky_relu,model_10,Int8WeightOnlyConfig,int8,8.0,False,True,pytorch_relative_model_size,0.25,pytorch,model_size,True,1.0
169,488,252,90,830,"[488, 252, 90]",leaky_relu,model_10,Float8WeightOnlyConfig,float8,8.0,False,True,pytorch_relative_model_size,0.25,pytorch,model_size,True,1.0
170,488,252,90,830,"[488, 252, 90]",leaky_relu,model_10,Int8WeightOnlyConfig,int8,8.0,False,True,pytorch_relative_median_latency,2.704801158516208,pytorch,median_latency,True,1.0
171,488,252,90,830,"[488, 252, 90]",leaky_relu,model_10,Float8WeightOnlyConfig,float8,8.0,False,True,pytorch_relative_median_latency,2.884137770068482,pytorch,median_latency,True,1.0
172,488,252,90,830,"[488, 252, 90]",leaky_relu,model_10,Int8WeightOnlyConfig,int8,8.0,False,True,pytorch_relative_p95_latency,2.588038699551325,pytorch,p95_latency,True,1.0
173,488,252,90,830,"[488, 252, 90]",leaky_relu,model_10,Float8WeightOnlyConfig,float8,8.0,False,True,pytorch_relative_p95_latency,2.7451609428585475,pytorch,p95_latency,True,1.0
174,488,252,90,830,"[488, 252, 90]",leaky_relu,model_10,Int8WeightOnlyConfig,int8,8.0,False,True,pytorch_relative_p99_latency,2.53294479792849,pytorch,p99_latency,True,1.0
175,488,252,90,830,"[488, 252, 90]",leaky_relu,model_10,Float8WeightOnlyConfig,float8,8.0,False,True,pytorch_relative_p99_latency,2.6771996425270586,pytorch,p99_latency,True,1.0
176,488,252,90,830,"[488, 252, 90]",leaky_relu,model_10,Int8WeightOnlyConfig,int8,8.0,False,True,onnx_quantized_model_size,33095.0,onnx,model_size,False,1.0
177,488,252,90,830,"[488, 252, 90]",leaky_relu,model_10,Float8WeightOnlyConfig,float8,8.0,False,True,onnx_quantized_model_size,,onnx,model_size,False,1.0
178,488,252,90,830,"[488, 252, 90]",leaky_relu,model_10,Int8WeightOnlyConfig,int8,8.0,False,True,onnx_quantized_median_latency,0.00036755576729774475,onnx,median_latency,False,1.0
179,488,252,90,830,"[488, 252, 90]",leaky_relu,model_10,Float8WeightOnlyConfig,float8,8.0,False,True,onnx_quantized_median_latency,,onnx,median_latency,False,1.0
180,488,252,90,830,"[488, 252, 90]",leaky_relu,model_10,Int8WeightOnlyConfig,int8,8.0,False,True,onnx_quantized_p95_latency,0.0004491465166211127,onnx,p95_latency,False,1.0
181,488,252,90,830,"[488, 252, 90]",leaky_relu,model_10,Float8WeightOnlyConfig,float8,8.0,False,True,onnx_quantized_p95_latency,,onnx,p95_latency,False,1.0
182,488,252,90,830,"[488, 252, 90]",leaky_relu,model_10,Int8WeightOnlyConfig,int8,8.0,False,True,onnx_quantized_p99_latency,0.0005403086543083191,onnx,p99_latency,False,1.0
183,488,252,90,830,"[488, 252, 90]",leaky_relu,model_10,Float8WeightOnlyConfig,float8,8.0,False,True,onnx_quantized_p99_latency,,onnx,p99_latency,False,1.0
184,488,252,90,830,"[488, 252, 90]",leaky_relu,model_10,Int8WeightOnlyConfig,int8,8.0,False,True,onnx_relative_model_size,2.391084459215375,onnx,model_size,True,1.0
185,488,252,90,830,"[488, 252, 90]",leaky_relu,model_10,Float8WeightOnlyConfig,float8,8.0,False,True,onnx_relative_model_size,,onnx,model_size,True,1.0
186,488,252,90,830,"[488, 252, 90]",leaky_relu,model_10,Int8WeightOnlyConfig,int8,8.0,False,True,onnx_relative_median_latency,1.34486941824328,onnx,median_latency,True,1.0
187,488,252,90,830,"[488, 252, 90]",leaky_relu,model_10,Float8WeightOnlyConfig,float8,8.0,False,True,onnx_relative_median_latency,,onnx,median_latency,True,1.0
188,488,252,90,830,"[488, 252, 90]",leaky_relu,model_10,Int8WeightOnlyConfig,int8,8.0,False,True,onnx_relative_p95_latency,1.5190376027380428,onnx,p95_latency,True,1.0
189,488,252,90,830,"[488, 252, 90]",leaky_relu,model_10,Float8WeightOnlyConfig,float8,8.0,False,True,onnx_relative_p95_latency,,onnx,p95_latency,True,1.0
190,488,252,90,830,"[488, 252, 90]",leaky_relu,model_10,Int8WeightOnlyConfig,int8,8.0,False,True,onnx_relative_p99_latency,1.737226391903867,onnx,p99_latency,True,1.0
191,488,252,90,830,"[488, 252, 90]",leaky_relu,model_10,Float8WeightOnlyConfig,float8,8.0,False,True,onnx_relative_p99_latency,,onnx,p99_latency,True,1.0
192,488,252,90,830,"[488, 252, 90]",leaky_relu,model_10,Int8WeightOnlyConfig,int8,8.0,False,True,pt2_quantized_model_size,333281.0,pt2,model_size,False,1.0
193,488,252,90,830,"[488, 252, 90]",leaky_relu,model_10,Float8WeightOnlyConfig,float8,8.0,False,True,pt2_quantized_model_size,312481.0,pt2,model_size,False,1.0
194,488,252,90,830,"[488, 252, 90]",leaky_relu,model_10,Int8WeightOnlyConfig,int8,8.0,False,True,pt2_quantized_median_latency,0.0008815871551632881,pt2,median_latency,False,1.0
195,488,252,90,830,"[488, 252, 90]",leaky_relu,model_10,Float8WeightOnlyConfig,float8,8.0,False,True,pt2_quantized_median_latency,0.000707823783159256,pt2,median_latency,False,1.0
196,488,252,90,830,"[488, 252, 90]",leaky_relu,model_10,Int8WeightOnlyConfig,int8,8.0,False,True,pt2_quantized_p95_latency,0.0009280367754399777,pt2,p95_latency,False,1.0
197,488,252,90,830,"[488, 252, 90]",leaky_relu,model_10,Float8WeightOnlyConfig,float8,8.0,False,True,pt2_quantized_p95_latency,0.0007187386974692345,pt2,p95_latency,False,1.0
198,488,252,90,830,"[488, 252, 90]",leaky_relu,model_10,Int8WeightOnlyConfig,int8,8.0,False,True,pt2_quantized_p99_latency,0.0010615242831408971,pt2,p99_latency,False,1.0
199,488,252,90,830,"[488, 252, 90]",leaky_relu,model_10,Float8WeightOnlyConfig,float8,8.0,False,True,pt2_quantized_p99_latency,0.0008415921404957771,pt2,p99_latency,False,1.0
200,488,252,90,830,"[488, 252, 90]",leaky_relu,model_10,Int8WeightOnlyConfig,int8,8.0,False,True,pt2_relative_model_size,0.4121332108281098,pt2,model_size,True,1.0
201,488,252,90,830,"[488, 252, 90]",leaky_relu,model_10,Float8WeightOnlyConfig,float8,8.0,False,True,pt2_relative_model_size,0.3864120602517952,pt2,model_size,True,1.0
202,488,252,90,830,"[488, 252, 90]",leaky_relu,model_10,Int8WeightOnlyConfig,int8,8.0,False,True,pt2_relative_median_latency,1.1985957670416776,pt2,median_latency,True,1.0
203,488,252,90,830,"[488, 252, 90]",leaky_relu,model_10,Float8WeightOnlyConfig,float8,8.0,False,True,pt2_relative_median_latency,0.9623490829434445,pt2,median_latency,True,1.0
204,488,252,90,830,"[488, 252, 90]",leaky_relu,model_10,Int8WeightOnlyConfig,int8,8.0,False,True,pt2_relative_p95_latency,1.212011991776817,pt2,p95_latency,True,1.0
205,488,252,90,830,"[488, 252, 90]",leaky_relu,model_10,Float8WeightOnlyConfig,float8,8.0,False,True,pt2_relative_p95_latency,0.938669612390919,pt2,p95_latency,True,1.0
206,488,252,90,830,"[488, 252, 90]",leaky_relu,model_10,Int8WeightOnlyConfig,int8,8.0,False,True,pt2_relative_p99_latency,1.1283933608037033,pt2,p99_latency,True,1.0
207,488,252,90,830,"[488, 252, 90]",leaky_relu,model_10,Float8WeightOnlyConfig,float8,8.0,False,True,pt2_relative_p99_latency,0.8946069335598654,pt2,p99_latency,True,1.0
208,488,252,90,830,"[488, 252, 90]",leaky_relu,model_10,Int8WeightOnlyConfig,int8,8.0,False,True,pytorch_quantized_MAE,8.440262371935265,pytorch,MAE,False,2.0
209,488,252,90,830,"[488, 252, 90]",leaky_relu,model_10,Float8WeightOnlyConfig,float8,8.0,False,True,pytorch_quantized_MAE,8.42330561554443,pytorch,MAE,False,2.0
210,488,252,90,830,"[488, 252, 90]",leaky_relu,model_10,Int8WeightOnlyConfig,int8,8.0,False,True,pytorch_relative_MAE,1.0041774140651514,pytorch,MAE,True,2.0
211,488,252,90,830,"[488, 252, 90]",leaky_relu,model_10,Float8WeightOnlyConfig,float8,8.0,False,True,pytorch_relative_MAE,1.0021599896021276,pytorch,MAE,True,2.0
212,488,252,90,830,"[488, 252, 90]",leaky_relu,model_10,Int8WeightOnlyConfig,int8,8.0,False,True,pytorch_quantized_model_size,186105.0,pytorch,model_size,False,2.0
213,488,252,90,830,"[488, 252, 90]",leaky_relu,model_10,Float8WeightOnlyConfig,float8,8.0,False,True,pytorch_quantized_model_size,186105.0,pytorch,model_size,False,2.0
214,488,252,90,830,"[488, 252, 90]",leaky_relu,model_10,Int8WeightOnlyConfig,int8,8.0,False,True,pytorch_quantized_median_latency,0.00043884292244911194,pytorch,median_latency,False,2.0
215,488,252,90,830,"[488, 252, 90]",leaky_relu,model_10,Float8WeightOnlyConfig,float8,8.0,False,True,pytorch_quantized_median_latency,0.0006003119051456451,pytorch,median_latency,False,2.0
216,488,252,90,830,"[488, 252, 90]",leaky_relu,model_10,Int8WeightOnlyConfig,int8,8.0,False,True,pytorch_quantized_p95_latency,0.0004504010081291199,pytorch,p95_latency,False,2.0
217,488,252,90,830,"[488, 252, 90]",leaky_relu,model_10,Float8WeightOnlyConfig,float8,8.0,False,True,pytorch_quantized_p95_latency,0.0006085621193051338,pytorch,p95_latency,False,2.0
218,488,252,90,830,"[488, 252, 90]",leaky_relu,model_10,Int8WeightOnlyConfig,int8,8.0,False,True,pytorch_quantized_p99_latency,0.0004606410115957259,pytorch,p99_latency,False,2.0
219,488,252,90,830,"[488, 252, 90]",leaky_relu,model_10,Float8WeightOnlyConfig,float8,8.0,False,True,pytorch_quantized_p99_latency,0.0006287507899105548,pytorch,p99_latency,False,2.0
220,488,252,90,830,"[488, 252, 90]",leaky_relu,model_10,Int8WeightOnlyConfig,int8,8.0,False,True,pytorch_relative_model_size,0.25,pytorch,model_size,True,2.0
221,488,252,90,830,"[488, 252, 90]",leaky_relu,model_10,Float8WeightOnlyConfig,float8,8.0,False,True,pytorch_relative_model_size,0.25,pytorch,model_size,True,2.0
222,488,252,90,830,"[488, 252, 90]",leaky_relu,model_10,Int8WeightOnlyConfig,int8,8.0,False,True,pytorch_relative_median_latency,2.401504495137912,pytorch,median_latency,True,2.0
223,488,252,90,830,"[488, 252, 90]",leaky_relu,model_10,Float8WeightOnlyConfig,float8,8.0,False,True,pytorch_relative_median_latency,3.285120176136016,pytorch,median_latency,True,2.0
224,488,252,90,830,"[488, 252, 90]",leaky_relu,model_10,Int8WeightOnlyConfig,int8,8.0,False,True,pytorch_relative_p95_latency,2.307044337724824,pytorch,p95_latency,True,2.0
225,488,252,90,830,"[488, 252, 90]",leaky_relu,model_10,Float8WeightOnlyConfig,float8,8.0,False,True,pytorch_relative_p95_latency,3.1171772845904426,pytorch,p95_latency,True,2.0
226,488,252,90,830,"[488, 252, 90]",leaky_relu,model_10,Int8WeightOnlyConfig,int8,8.0,False,True,pytorch_relative_p99_latency,2.2313689243511043,pytorch,p99_latency,True,2.0
227,488,252,90,830,"[488, 252, 90]",leaky_relu,model_10,Float8WeightOnlyConfig,float8,8.0,False,True,pytorch_relative_p99_latency,3.0457013996811035,pytorch,p99_latency,True,2.0
228,488,252,90,830,"[488, 252, 90]",leaky_relu,model_10,Int8WeightOnlyConfig,int8,8.0,False,True,onnx_quantized_model_size,33095.0,onnx,model_size,False,2.0
229,488,252,90,830,"[488, 252, 90]",leaky_relu,model_10,Float8WeightOnlyConfig,float8,8.0,False,True,onnx_quantized_model_size,,onnx,model_size,False,2.0
230,488,252,90,830,"[488, 252, 90]",leaky_relu,model_10,Int8WeightOnlyConfig,int8,8.0,False,True,onnx_quantized_median_latency,0.0003676982596516609,onnx,median_latency,False,2.0
231,488,252,90,830,"[488, 252, 90]",leaky_relu,model_10,Float8WeightOnlyConfig,float8,8.0,False,True,onnx_quantized_median_latency,,onnx,median_latency,False,2.0
232,488,252,90,830,"[488, 252, 90]",leaky_relu,model_10,Int8WeightOnlyConfig,int8,8.0,False,True,onnx_quantized_p95_latency,0.00038122097030282023,onnx,p95_latency,False,2.0
233,488,252,90,830,"[488, 252, 90]",leaky_relu,model_10,Float8WeightOnlyConfig,float8,8.0,False,True,onnx_quantized_p95_latency,,onnx,p95_latency,False,2.0
234,488,252,90,830,"[488, 252, 90]",leaky_relu,model_10,Int8WeightOnlyConfig,int8,8.0,False,True,onnx_quantized_p99_latency,0.0005325664766132832,onnx,p99_latency,False,2.0
235,488,252,90,830,"[488, 252, 90]",leaky_relu,model_10,Float8WeightOnlyConfig,float8,8.0,False,True,onnx_quantized_p99_latency,,onnx,p99_latency,False,2.0
236,488,252,90,830,"[488, 252, 90]",leaky_relu,model_10,Int8WeightOnlyConfig,int8,8.0,False,True,onnx_relative_model_size,2.391084459215375,onnx,model_size,True,2.0
237,488,252,90,830,"[488, 252, 90]",leaky_relu,model_10,Float8WeightOnlyConfig,float8,8.0,False,True,onnx_relative_model_size,,onnx,model_size,True,2.0
238,488,252,90,830,"[488, 252, 90]",leaky_relu,model_10,Int8WeightOnlyConfig,int8,8.0,False,True,onnx_relative_median_latency,1.2554470872551513,onnx,median_latency,True,2.0
239,488,252,90,830,"[488, 252, 90]",leaky_relu,model_10,Float8WeightOnlyConfig,float8,8.0,False,True,onnx_relative_median_latency,,onnx,median_latency,True,2.0
240,488,252,90,830,"[488, 252, 90]",leaky_relu,model_10,Int8WeightOnlyConfig,int8,8.0,False,True,onnx_relative_p95_latency,1.2620974169627923,onnx,p95_latency,True,2.0
241,488,252,90,830,"[488, 252, 90]",leaky_relu,model_10,Float8WeightOnlyConfig,float8,8.0,False,True,onnx_relative_p95_latency,,onnx,p95_latency,True,2.0
242,488,252,90,830,"[488, 252, 90]",leaky_relu,model_10,Int8WeightOnlyConfig,int8,8.0,False,True,onnx_relative_p99_latency,1.7351515359689014,onnx,p99_latency,True,2.0
243,488,252,90,830,"[488, 252, 90]",leaky_relu,model_10,Float8WeightOnlyConfig,float8,8.0,False,True,onnx_relative_p99_latency,,onnx,p99_latency,True,2.0
244,488,252,90,830,"[488, 252, 90]",leaky_relu,model_10,Int8WeightOnlyConfig,int8,8.0,False,True,pt2_quantized_model_size,333281.0,pt2,model_size,False,2.0
245,488,252,90,830,"[488, 252, 90]",leaky_relu,model_10,Float8WeightOnlyConfig,float8,8.0,False,True,pt2_quantized_model_size,312481.0,pt2,model_size,False,2.0
246,488,252,90,830,"[488, 252, 90]",leaky_relu,model_10,Int8WeightOnlyConfig,int8,8.0,False,True,pt2_quantized_median_latency,0.0009127259254455566,pt2,median_latency,False,2.0
247,488,252,90,830,"[488, 252, 90]",leaky_relu,model_10,Float8WeightOnlyConfig,float8,8.0,False,True,pt2_quantized_median_latency,0.0007449714466929436,pt2,median_latency,False,2.0
248,488,252,90,830,"[488, 252, 90]",leaky_relu,model_10,Int8WeightOnlyConfig,int8,8.0,False,True,pt2_quantized_p95_latency,0.0009285598061978817,pt2,p95_latency,False,2.0
249,488,252,90,830,"[488, 252, 90]",leaky_relu,model_10,Float8WeightOnlyConfig,float8,8.0,False,True,pt2_quantized_p95_latency,0.0007616808637976646,pt2,p95_latency,False,2.0
250,488,252,90,830,"[488, 252, 90]",leaky_relu,model_10,Int8WeightOnlyConfig,int8,8.0,False,True,pt2_quantized_p99_latency,0.0010671435296535489,pt2,p99_latency,False,2.0
251,488,252,90,830,"[488, 252, 90]",leaky_relu,model_10,Float8WeightOnlyConfig,float8,8.0,False,True,pt2_quantized_p99_latency,0.0008928921446204186,pt2,p99_latency,False,2.0
252,488,252,90,830,"[488, 252, 90]",leaky_relu,model_10,Int8WeightOnlyConfig,int8,8.0,False,True,pt2_relative_model_size,0.4121332108281098,pt2,model_size,True,2.0
253,488,252,90,830,"[488, 252, 90]",leaky_relu,model_10,Float8WeightOnlyConfig,float8,8.0,False,True,pt2_relative_model_size,0.3864120602517952,pt2,model_size,True,2.0
254,488,252,90,830,"[488, 252, 90]",leaky_relu,model_10,Int8WeightOnlyConfig,int8,8.0,False,True,pt2_relative_median_latency,1.2322672474060363,pt2,median_latency,True,2.0
255,488,252,90,830,"[488, 252, 90]",leaky_relu,model_10,Float8WeightOnlyConfig,float8,8.0,False,True,pt2_relative_median_latency,1.005782665332173,pt2,median_latency,True,2.0
256,488,252,90,830,"[488, 252, 90]",leaky_relu,model_10,Int8WeightOnlyConfig,int8,8.0,False,True,pt2_relative_p95_latency,1.1992499466850877,pt2,p95_latency,True,2.0
257,488,252,90,830,"[488, 252, 90]",leaky_relu,model_10,Float8WeightOnlyConfig,float8,8.0,False,True,pt2_relative_p95_latency,0.9837231045360798,pt2,p95_latency,True,2.0
258,488,252,90,830,"[488, 252, 90]",leaky_relu,model_10,Int8WeightOnlyConfig,int8,8.0,False,True,pt2_relative_p99_latency,1.1529628265196392,pt2,p99_latency,True,2.0
259,488,252,90,830,"[488, 252, 90]",leaky_relu,model_10,Float8WeightOnlyConfig,float8,8.0,False,True,pt2_relative_p99_latency,0.9646982080966756,pt2,p99_latency,True,2.0
260,488,252,90,830,"[488, 252, 90]",leaky_relu,model_10,Int8WeightOnlyConfig,int8,8.0,False,True,pytorch_quantized_MAE,8.397626882213977,pytorch,MAE,False,3.0
261,488,252,90,830,"[488, 252, 90]",leaky_relu,model_10,Float8WeightOnlyConfig,float8,8.0,False,True,pytorch_quantized_MAE,8.380452666547313,pytorch,MAE,False,3.0
262,488,252,90,830,"[488, 252, 90]",leaky_relu,model_10,Int8WeightOnlyConfig,int8,8.0,False,True,pytorch_relative_MAE,1.0042407010462984,pytorch,MAE,True,3.0
263,488,252,90,830,"[488, 252, 90]",leaky_relu,model_10,Float8WeightOnlyConfig,float8,8.0,False,True,pytorch_relative_MAE,1.0021869010117266,pytorch,MAE,True,3.0
264,488,252,90,830,"[488, 252, 90]",leaky_relu,model_10,Int8WeightOnlyConfig,int8,8.0,False,True,pytorch_quantized_model_size,186105.0,pytorch,model_size,False,3.0
265,488,252,90,830,"[488, 252, 90]",leaky_relu,model_10,Float8WeightOnlyConfig,float8,8.0,False,True,pytorch_quantized_model_size,186105.0,pytorch,model_size,False,3.0
266,488,252,90,830,"[488, 252, 90]",leaky_relu,model_10,Int8WeightOnlyConfig,int8,8.0,False,True,pytorch_quantized_median_latency,0.00043006986379623413,pytorch,median_latency,False,3.0
267,488,252,90,830,"[488, 252, 90]",leaky_relu,model_10,Float8WeightOnlyConfig,float8,8.0,False,True,pytorch_quantized_median_latency,0.0005236668512225151,pytorch,median_latency,False,3.0
268,488,252,90,830,"[488, 252, 90]",leaky_relu,model_10,Int8WeightOnlyConfig,int8,8.0,False,True,pytorch_quantized_p95_latency,0.00044110948219895364,pytorch,p95_latency,False,3.0
269,488,252,90,830,"[488, 252, 90]",leaky_relu,model_10,Float8WeightOnlyConfig,float8,8.0,False,True,pytorch_quantized_p95_latency,0.0005317406728863716,pytorch,p95_latency,False,3.0
270,488,252,90,830,"[488, 252, 90]",leaky_relu,model_10,Int8WeightOnlyConfig,int8,8.0,False,True,pytorch_quantized_p99_latency,0.0004443964920938015,pytorch,p99_latency,False,3.0
271,488,252,90,830,"[488, 252, 90]",leaky_relu,model_10,Float8WeightOnlyConfig,float8,8.0,False,True,pytorch_quantized_p99_latency,0.0005401181802153587,pytorch,p99_latency,False,3.0
272,488,252,90,830,"[488, 252, 90]",leaky_relu,model_10,Int8WeightOnlyConfig,int8,8.0,False,True,pytorch_relative_model_size,0.25,pytorch,model_size,True,3.0
273,488,252,90,830,"[488, 252, 90]",leaky_relu,model_10,Float8WeightOnlyConfig,float8,8.0,False,True,pytorch_relative_model_size,0.25,pytorch,model_size,True,3.0
274,488,252,90,830,"[488, 252, 90]",leaky_relu,model_10,Int8WeightOnlyConfig,int8,8.0,False,True,pytorch_relative_median_latency,2.634174724052366,pytorch,median_latency,True,3.0
275,488,252,90,830,"[488, 252, 90]",leaky_relu,model_10,Float8WeightOnlyConfig,float8,8.0,False,True,pytorch_relative_median_latency,3.207455577422207,pytorch,median_latency,True,3.0
276,488,252,90,830,"[488, 252, 90]",leaky_relu,model_10,Int8WeightOnlyConfig,int8,8.0,False,True,pytorch_relative_p95_latency,2.5250698257382016,pytorch,p95_latency,True,3.0
277,488,252,90,830,"[488, 252, 90]",leaky_relu,model_10,Float8WeightOnlyConfig,float8,8.0,False,True,pytorch_relative_p95_latency,3.0438754604180422,pytorch,p95_latency,True,3.0
278,488,252,90,830,"[488, 252, 90]",leaky_relu,model_10,Int8WeightOnlyConfig,int8,8.0,False,True,pytorch_relative_p99_latency,2.4592675062493514,pytorch,p99_latency,True,3.0
279,488,252,90,830,"[488, 252, 90]",leaky_relu,model_10,Float8WeightOnlyConfig,float8,8.0,False,True,pytorch_relative_p99_latency,2.9889864428943143,pytorch,p99_latency,True,3.0
280,488,252,90,830,"[488, 252, 90]",leaky_relu,model_10,Int8WeightOnlyConfig,int8,8.0,False,True,onnx_quantized_model_size,33095.0,onnx,model_size,False,3.0
281,488,252,90,830,"[488, 252, 90]",leaky_relu,model_10,Float8WeightOnlyConfig,float8,8.0,False,True,onnx_quantized_model_size,,onnx,model_size,False,3.0
282,488,252,90,830,"[488, 252, 90]",leaky_relu,model_10,Int8WeightOnlyConfig,int8,8.0,False,True,onnx_quantized_median_latency,0.00037650950253009796,onnx,median_latency,False,3.0
283,488,252,90,830,"[488, 252, 90]",leaky_relu,model_10,Float8WeightOnlyConfig,float8,8.0,False,True,onnx_quantized_median_latency,,onnx,median_latency,False,3.0
284,488,252,90,830,"[488, 252, 90]",leaky_relu,model_10,Int8WeightOnlyConfig,int8,8.0,False,True,onnx_quantized_p95_latency,0.00044066412374377245,onnx,p95_latency,False,3.0
285,488,252,90,830,"[488, 252, 90]",leaky_relu,model_10,Float8WeightOnlyConfig,float8,8.0,False,True,onnx_quantized_p95_latency,,onnx,p95_latency,False,3.0
286,488,252,90,830,"[488, 252, 90]",leaky_relu,model_10,Int8WeightOnlyConfig,int8,8.0,False,True,onnx_quantized_p99_latency,0.0005373923853039741,onnx,p99_latency,False,3.0
287,488,252,90,830,"[488, 252, 90]",leaky_relu,model_10,Float8WeightOnlyConfig,float8,8.0,False,True,onnx_quantized_p99_latency,,onnx,p99_latency,False,3.0
288,488,252,90,830,"[488, 252, 90]",leaky_relu,model_10,Int8WeightOnlyConfig,int8,8.0,False,True,onnx_relative_model_size,2.391084459215375,onnx,model_size,True,3.0
289,488,252,90,830,"[488, 252, 90]",leaky_relu,model_10,Float8WeightOnlyConfig,float8,8.0,False,True,onnx_relative_model_size,,onnx,model_size,True,3.0
290,488,252,90,830,"[488, 252, 90]",leaky_relu,model_10,Int8WeightOnlyConfig,int8,8.0,False,True,onnx_relative_median_latency,1.3909498152391568,onnx,median_latency,True,3.0
291,488,252,90,830,"[488, 252, 90]",leaky_relu,model_10,Float8WeightOnlyConfig,float8,8.0,False,True,onnx_relative_median_latency,,onnx,median_latency,True,3.0
292,488,252,90,830,"[488, 252, 90]",leaky_relu,model_10,Int8WeightOnlyConfig,int8,8.0,False,True,onnx_relative_p95_latency,1.49632448859872,onnx,p95_latency,True,3.0
293,488,252,90,830,"[488, 252, 90]",leaky_relu,model_10,Float8WeightOnlyConfig,float8,8.0,False,True,onnx_relative_p95_latency,,onnx,p95_latency,True,3.0
294,488,252,90,830,"[488, 252, 90]",leaky_relu,model_10,Int8WeightOnlyConfig,int8,8.0,False,True,onnx_relative_p99_latency,1.7731496985599897,onnx,p99_latency,True,3.0
295,488,252,90,830,"[488, 252, 90]",leaky_relu,model_10,Float8WeightOnlyConfig,float8,8.0,False,True,onnx_relative_p99_latency,,onnx,p99_latency,True,3.0
296,488,252,90,830,"[488, 252, 90]",leaky_relu,model_10,Int8WeightOnlyConfig,int8,8.0,False,True,pt2_quantized_model_size,333281.0,pt2,model_size,False,3.0
297,488,252,90,830,"[488, 252, 90]",leaky_relu,model_10,Float8WeightOnlyConfig,float8,8.0,False,True,pt2_quantized_model_size,312481.0,pt2,model_size,False,3.0
298,488,252,90,830,"[488, 252, 90]",leaky_relu,model_10,Int8WeightOnlyConfig,int8,8.0,False,True,pt2_quantized_median_latency,0.0008880803361535072,pt2,median_latency,False,3.0
299,488,252,90,830,"[488, 252, 90]",leaky_relu,model_10,Float8WeightOnlyConfig,float8,8.0,False,True,pt2_quantized_median_latency,0.0007284721359610558,pt2,median_latency,False,3.0
300,488,252,90,830,"[488, 252, 90]",leaky_relu,model_10,Int8WeightOnlyConfig,int8,8.0,False,True,pt2_quantized_p95_latency,0.0009294163435697554,pt2,p95_latency,False,3.0
301,488,252,90,830,"[488, 252, 90]",leaky_relu,model_10,Float8WeightOnlyConfig,float8,8.0,False,True,pt2_quantized_p95_latency,0.0007448309101164341,pt2,p95_latency,False,3.0
302,488,252,90,830,"[488, 252, 90]",leaky_relu,model_10,Int8WeightOnlyConfig,int8,8.0,False,True,pt2_quantized_p99_latency,0.0010903996229171724,pt2,p99_latency,False,3.0
303,488,252,90,830,"[488, 252, 90]",leaky_relu,model_10,Float8WeightOnlyConfig,float8,8.0,False,True,pt2_quantized_p99_latency,0.0009044501371681689,pt2,p99_latency,False,3.0
304,488,252,90,830,"[488, 252, 90]",leaky_relu,model_10,Int8WeightOnlyConfig,int8,8.0,False,True,pt2_relative_model_size,0.4121332108281098,pt2,model_size,True,3.0
305,488,252,90,830,"[488, 252, 90]",leaky_relu,model_10,Float8WeightOnlyConfig,float8,8.0,False,True,pt2_relative_model_size,0.3864120602517952,pt2,model_size,True,3.0
306,488,252,90,830,"[488, 252, 90]",leaky_relu,model_10,Int8WeightOnlyConfig,int8,8.0,False,True,pt2_relative_median_latency,1.2057306945315502,pt2,median_latency,True,3.0
307,488,252,90,830,"[488, 252, 90]",leaky_relu,model_10,Float8WeightOnlyConfig,float8,8.0,False,True,pt2_relative_median_latency,0.9890335127152077,pt2,median_latency,True,3.0
308,488,252,90,830,"[488, 252, 90]",leaky_relu,model_10,Int8WeightOnlyConfig,int8,8.0,False,True,pt2_relative_p95_latency,1.2056283496867937,pt2,p95_latency,True,3.0
309,488,252,90,830,"[488, 252, 90]",leaky_relu,model_10,Float8WeightOnlyConfig,float8,8.0,False,True,pt2_relative_p95_latency,0.966186216943787,pt2,p95_latency,True,3.0
310,488,252,90,830,"[488, 252, 90]",leaky_relu,model_10,Int8WeightOnlyConfig,int8,8.0,False,True,pt2_relative_p99_latency,1.2307336263780404,pt2,p99_latency,True,3.0
311,488,252,90,830,"[488, 252, 90]",leaky_relu,model_10,Float8WeightOnlyConfig,float8,8.0,False,True,pt2_relative_p99_latency,1.02085251480287,pt2,p99_latency,True,3.0
312,677,218,184,1079,"[677, 218, 184]",leaky_relu,model_11,Int8WeightOnlyConfig,int8,8.0,False,True,pytorch_quantized_MAE,7.813073797934703,pytorch,MAE,False,1.0
313,677,218,184,1079,"[677, 218, 184]",leaky_relu,model_11,Float8WeightOnlyConfig,float8,8.0,False,True,pytorch_quantized_MAE,7.868467838721576,pytorch,MAE,False,1.0
314,677,218,184,1079,"[677, 218, 184]",leaky_relu,model_11,Int8WeightOnlyConfig,int8,8.0,False,True,pytorch_relative_MAE,1.0000575487493066,pytorch,MAE,True,1.0
315,677,218,184,1079,"[677, 218, 184]",leaky_relu,model_11,Float8WeightOnlyConfig,float8,8.0,False,True,pytorch_relative_MAE,1.0071478732588846,pytorch,MAE,True,1.0
316,677,218,184,1079,"[677, 218, 184]",leaky_relu,model_11,Int8WeightOnlyConfig,int8,8.0,False,True,pytorch_quantized_model_size,243799.0,pytorch,model_size,False,1.0
317,677,218,184,1079,"[677, 218, 184]",leaky_relu,model_11,Float8WeightOnlyConfig,float8,8.0,False,True,pytorch_quantized_model_size,243799.0,pytorch,model_size,False,1.0
318,677,218,184,1079,"[677, 218, 184]",leaky_relu,model_11,Int8WeightOnlyConfig,int8,8.0,False,True,pytorch_quantized_median_latency,0.0004937117919325829,pytorch,median_latency,False,1.0
319,677,218,184,1079,"[677, 218, 184]",leaky_relu,model_11,Float8WeightOnlyConfig,float8,8.0,False,True,pytorch_quantized_median_latency,0.0005395058542490005,pytorch,median_latency,False,1.0
320,677,218,184,1079,"[677, 218, 184]",leaky_relu,model_11,Int8WeightOnlyConfig,int8,8.0,False,True,pytorch_quantized_p95_latency,0.0005124950781464577,pytorch,p95_latency,False,1.0
321,677,218,184,1079,"[677, 218, 184]",leaky_relu,model_11,Float8WeightOnlyConfig,float8,8.0,False,True,pytorch_quantized_p95_latency,0.0005476165562868119,pytorch,p95_latency,False,1.0
322,677,218,184,1079,"[677, 218, 184]",leaky_relu,model_11,Int8WeightOnlyConfig,int8,8.0,False,True,pytorch_quantized_p99_latency,0.0005161709897220135,pytorch,p99_latency,False,1.0
323,677,218,184,1079,"[677, 218, 184]",leaky_relu,model_11,Float8WeightOnlyConfig,float8,8.0,False,True,pytorch_quantized_p99_latency,0.0005513138137757778,pytorch,p99_latency,False,1.0
324,677,218,184,1079,"[677, 218, 184]",leaky_relu,model_11,Int8WeightOnlyConfig,int8,8.0,False,True,pytorch_relative_model_size,0.25,pytorch,model_size,True,1.0
325,677,218,184,1079,"[677, 218, 184]",leaky_relu,model_11,Float8WeightOnlyConfig,float8,8.0,False,True,pytorch_relative_model_size,0.25,pytorch,model_size,True,1.0
326,677,218,184,1079,"[677, 218, 184]",leaky_relu,model_11,Int8WeightOnlyConfig,int8,8.0,False,True,pytorch_relative_median_latency,2.887421294581581,pytorch,median_latency,True,1.0
327,677,218,184,1079,"[677, 218, 184]",leaky_relu,model_11,Float8WeightOnlyConfig,float8,8.0,False,True,pytorch_relative_median_latency,3.1552430336172903,pytorch,median_latency,True,1.0
328,677,218,184,1079,"[677, 218, 184]",leaky_relu,model_11,Int8WeightOnlyConfig,int8,8.0,False,True,pytorch_relative_p95_latency,2.8037764977721618,pytorch,p95_latency,True,1.0
329,677,218,184,1079,"[677, 218, 184]",leaky_relu,model_11,Float8WeightOnlyConfig,float8,8.0,False,True,pytorch_relative_p95_latency,2.995920343003009,pytorch,p95_latency,True,1.0
330,677,218,184,1079,"[677, 218, 184]",leaky_relu,model_11,Int8WeightOnlyConfig,int8,8.0,False,True,pytorch_relative_p99_latency,2.119205363344705,pytorch,p99_latency,True,1.0
331,677,218,184,1079,"[677, 218, 184]",leaky_relu,model_11,Float8WeightOnlyConfig,float8,8.0,False,True,pytorch_relative_p99_latency,2.2634886777904186,pytorch,p99_latency,True,1.0
332,677,218,184,1079,"[677, 218, 184]",leaky_relu,model_11,Int8WeightOnlyConfig,int8,8.0,False,True,onnx_quantized_model_size,33110.0,onnx,model_size,False,1.0
333,677,218,184,1079,"[677, 218, 184]",leaky_relu,model_11,Float8WeightOnlyConfig,float8,8.0,False,True,onnx_quantized_model_size,,onnx,model_size,False,1.0
334,677,218,184,1079,"[677, 218, 184]",leaky_relu,model_11,Int8WeightOnlyConfig,int8,8.0,False,True,onnx_quantized_median_latency,0.0004935935139656067,onnx,median_latency,False,1.0
335,677,218,184,1079,"[677, 218, 184]",leaky_relu,model_11,Float8WeightOnlyConfig,float8,8.0,False,True,onnx_quantized_median_latency,,onnx,median_latency,False,1.0
336,677,218,184,1079,"[677, 218, 184]",leaky_relu,model_11,Int8WeightOnlyConfig,int8,8.0,False,True,onnx_quantized_p95_latency,0.0005077005364000798,onnx,p95_latency,False,1.0
337,677,218,184,1079,"[677, 218, 184]",leaky_relu,model_11,Float8WeightOnlyConfig,float8,8.0,False,True,onnx_quantized_p95_latency,,onnx,p95_latency,False,1.0
338,677,218,184,1079,"[677, 218, 184]",leaky_relu,model_11,Int8WeightOnlyConfig,int8,8.0,False,True,onnx_quantized_p99_latency,0.000513501800596714,onnx,p99_latency,False,1.0
339,677,218,184,1079,"[677, 218, 184]",leaky_relu,model_11,Float8WeightOnlyConfig,float8,8.0,False,True,onnx_quantized_p99_latency,,onnx,p99_latency,False,1.0
340,677,218,184,1079,"[677, 218, 184]",leaky_relu,model_11,Int8WeightOnlyConfig,int8,8.0,False,True,onnx_relative_model_size,2.3904411233845932,onnx,model_size,True,1.0
341,677,218,184,1079,"[677, 218, 184]",leaky_relu,model_11,Float8WeightOnlyConfig,float8,8.0,False,True,onnx_relative_model_size,,onnx,model_size,True,1.0
342,677,218,184,1079,"[677, 218, 184]",leaky_relu,model_11,Int8WeightOnlyConfig,int8,8.0,False,True,onnx_relative_median_latency,1.1605528694555391,onnx,median_latency,True,1.0
343,677,218,184,1079,"[677, 218, 184]",leaky_relu,model_11,Float8WeightOnlyConfig,float8,8.0,False,True,onnx_relative_median_latency,,onnx,median_latency,True,1.0
344,677,218,184,1079,"[677, 218, 184]",leaky_relu,model_11,Int8WeightOnlyConfig,int8,8.0,False,True,onnx_relative_p95_latency,1.1469703629159942,onnx,p95_latency,True,1.0
345,677,218,184,1079,"[677, 218, 184]",leaky_relu,model_11,Float8WeightOnlyConfig,float8,8.0,False,True,onnx_relative_p95_latency,,onnx,p95_latency,True,1.0
346,677,218,184,1079,"[677, 218, 184]",leaky_relu,model_11,Int8WeightOnlyConfig,int8,8.0,False,True,onnx_relative_p99_latency,1.1399560572789462,onnx,p99_latency,True,1.0
347,677,218,184,1079,"[677, 218, 184]",leaky_relu,model_11,Float8WeightOnlyConfig,float8,8.0,False,True,onnx_relative_p99_latency,,onnx,p99_latency,True,1.0
348,677,218,184,1079,"[677, 218, 184]",leaky_relu,model_11,Int8WeightOnlyConfig,int8,8.0,False,True,pt2_quantized_model_size,392673.0,pt2,model_size,False,1.0
349,677,218,184,1079,"[677, 218, 184]",leaky_relu,model_11,Float8WeightOnlyConfig,float8,8.0,False,True,pt2_quantized_model_size,371937.0,pt2,model_size,False,1.0
350,677,218,184,1079,"[677, 218, 184]",leaky_relu,model_11,Int8WeightOnlyConfig,int8,8.0,False,True,pt2_quantized_median_latency,0.0009285826236009598,pt2,median_latency,False,1.0
351,677,218,184,1079,"[677, 218, 184]",leaky_relu,model_11,Float8WeightOnlyConfig,float8,8.0,False,True,pt2_quantized_median_latency,0.0007383422926068306,pt2,median_latency,False,1.0
352,677,218,184,1079,"[677, 218, 184]",leaky_relu,model_11,Int8WeightOnlyConfig,int8,8.0,False,True,pt2_quantized_p95_latency,0.0009423728100955486,pt2,p95_latency,False,1.0
353,677,218,184,1079,"[677, 218, 184]",leaky_relu,model_11,Float8WeightOnlyConfig,float8,8.0,False,True,pt2_quantized_p95_latency,0.0007937874644994736,pt2,p95_latency,False,1.0
354,677,218,184,1079,"[677, 218, 184]",leaky_relu,model_11,Int8WeightOnlyConfig,int8,8.0,False,True,pt2_quantized_p99_latency,0.0011110959947109222,pt2,p99_latency,False,1.0
355,677,218,184,1079,"[677, 218, 184]",leaky_relu,model_11,Float8WeightOnlyConfig,float8,8.0,False,True,pt2_quantized_p99_latency,0.000881583895534277,pt2,p99_latency,False,1.0
356,677,218,184,1079,"[677, 218, 184]",leaky_relu,model_11,Int8WeightOnlyConfig,int8,8.0,False,True,pt2_relative_model_size,0.3777441725563986,pt2,model_size,True,1.0
357,677,218,184,1079,"[677, 218, 184]",leaky_relu,model_11,Float8WeightOnlyConfig,float8,8.0,False,True,pt2_relative_model_size,0.357796523591154,pt2,model_size,True,1.0
358,677,218,184,1079,"[677, 218, 184]",leaky_relu,model_11,Int8WeightOnlyConfig,int8,8.0,False,True,pt2_relative_median_latency,1.0521229593220374,pt2,median_latency,True,1.0
359,677,218,184,1079,"[677, 218, 184]",leaky_relu,model_11,Float8WeightOnlyConfig,float8,8.0,False,True,pt2_relative_median_latency,0.8365727056981227,pt2,median_latency,True,1.0
360,677,218,184,1079,"[677, 218, 184]",leaky_relu,model_11,Int8WeightOnlyConfig,int8,8.0,False,True,pt2_relative_p95_latency,1.0194873994910347,pt2,p95_latency,True,1.0
361,677,218,184,1079,"[677, 218, 184]",leaky_relu,model_11,Float8WeightOnlyConfig,float8,8.0,False,True,pt2_relative_p95_latency,0.8587432800073027,pt2,p95_latency,True,1.0
362,677,218,184,1079,"[677, 218, 184]",leaky_relu,model_11,Int8WeightOnlyConfig,int8,8.0,False,True,pt2_relative_p99_latency,1.0419549058936826,pt2,p99_latency,True,1.0
363,677,218,184,1079,"[677, 218, 184]",leaky_relu,model_11,Float8WeightOnlyConfig,float8,8.0,False,True,pt2_relative_p99_latency,0.8267248458111771,pt2,p99_latency,True,1.0
364,677,218,184,1079,"[677, 218, 184]",leaky_relu,model_11,Int8WeightOnlyConfig,int8,8.0,False,True,pytorch_quantized_MAE,7.807093748593263,pytorch,MAE,False,2.0
365,677,218,184,1079,"[677, 218, 184]",leaky_relu,model_11,Float8WeightOnlyConfig,float8,8.0,False,True,pytorch_quantized_MAE,7.865642576316338,pytorch,MAE,False,2.0
366,677,218,184,1079,"[677, 218, 184]",leaky_relu,model_11,Int8WeightOnlyConfig,int8,8.0,False,True,pytorch_relative_MAE,1.0002019642318047,pytorch,MAE,True,2.0
367,677,218,184,1079,"[677, 218, 184]",leaky_relu,model_11,Float8WeightOnlyConfig,float8,8.0,False,True,pytorch_relative_MAE,1.0077029184124358,pytorch,MAE,True,2.0
368,677,218,184,1079,"[677, 218, 184]",leaky_relu,model_11,Int8WeightOnlyConfig,int8,8.0,False,True,pytorch_quantized_model_size,243799.0,pytorch,model_size,False,2.0
369,677,218,184,1079,"[677, 218, 184]",leaky_relu,model_11,Float8WeightOnlyConfig,float8,8.0,False,True,pytorch_quantized_model_size,243799.0,pytorch,model_size,False,2.0
370,677,218,184,1079,"[677, 218, 184]",leaky_relu,model_11,Int8WeightOnlyConfig,int8,8.0,False,True,pytorch_quantized_median_latency,0.00043362565338611603,pytorch,median_latency,False,2.0
371,677,218,184,1079,"[677, 218, 184]",leaky_relu,model_11,Float8WeightOnlyConfig,float8,8.0,False,True,pytorch_quantized_median_latency,0.0005310587584972382,pytorch,median_latency,False,2.0
372,677,218,184,1079,"[677, 218, 184]",leaky_relu,model_11,Int8WeightOnlyConfig,int8,8.0,False,True,pytorch_quantized_p95_latency,0.0004445669241249561,pytorch,p95_latency,False,2.0
373,677,218,184,1079,"[677, 218, 184]",leaky_relu,model_11,Float8WeightOnlyConfig,float8,8.0,False,True,pytorch_quantized_p95_latency,0.0005941631272435189,pytorch,p95_latency,False,2.0
374,677,218,184,1079,"[677, 218, 184]",leaky_relu,model_11,Int8WeightOnlyConfig,int8,8.0,False,True,pytorch_quantized_p99_latency,0.00044951757416129113,pytorch,p99_latency,False,2.0
375,677,218,184,1079,"[677, 218, 184]",leaky_relu,model_11,Float8WeightOnlyConfig,float8,8.0,False,True,pytorch_quantized_p99_latency,0.000606401413679123,pytorch,p99_latency,False,2.0
376,677,218,184,1079,"[677, 218, 184]",leaky_relu,model_11,Int8WeightOnlyConfig,int8,8.0,False,True,pytorch_relative_model_size,0.25,pytorch,model_size,True,2.0
377,677,218,184,1079,"[677, 218, 184]",leaky_relu,model_11,Float8WeightOnlyConfig,float8,8.0,False,True,pytorch_relative_model_size,0.25,pytorch,model_size,True,2.0
378,677,218,184,1079,"[677, 218, 184]",leaky_relu,model_11,Int8WeightOnlyConfig,int8,8.0,False,True,pytorch_relative_median_latency,2.608297667331436,pytorch,median_latency,True,2.0
379,677,218,184,1079,"[677, 218, 184]",leaky_relu,model_11,Float8WeightOnlyConfig,float8,8.0,False,True,pytorch_relative_median_latency,3.1943666390301835,pytorch,median_latency,True,2.0
380,677,218,184,1079,"[677, 218, 184]",leaky_relu,model_11,Int8WeightOnlyConfig,int8,8.0,False,True,pytorch_relative_p95_latency,2.499551510334113,pytorch,p95_latency,True,2.0
381,677,218,184,1079,"[677, 218, 184]",leaky_relu,model_11,Float8WeightOnlyConfig,float8,8.0,False,True,pytorch_relative_p95_latency,3.3406474064834906,pytorch,p95_latency,True,2.0
382,677,218,184,1079,"[677, 218, 184]",leaky_relu,model_11,Int8WeightOnlyConfig,int8,8.0,False,True,pytorch_relative_p99_latency,1.6627626813666172,pytorch,p99_latency,True,2.0
383,677,218,184,1079,"[677, 218, 184]",leaky_relu,model_11,Float8WeightOnlyConfig,float8,8.0,False,True,pytorch_relative_p99_latency,2.243075017645067,pytorch,p99_latency,True,2.0
384,677,218,184,1079,"[677, 218, 184]",leaky_relu,model_11,Int8WeightOnlyConfig,int8,8.0,False,True,onnx_quantized_model_size,33110.0,onnx,model_size,False,2.0
385,677,218,184,1079,"[677, 218, 184]",leaky_relu,model_11,Float8WeightOnlyConfig,float8,8.0,False,True,onnx_quantized_model_size,,onnx,model_size,False,2.0
386,677,218,184,1079,"[677, 218, 184]",leaky_relu,model_11,Int8WeightOnlyConfig,int8,8.0,False,True,onnx_quantized_median_latency,0.0004966612905263901,onnx,median_latency,False,2.0
387,677,218,184,1079,"[677, 218, 184]",leaky_relu,model_11,Float8WeightOnlyConfig,float8,8.0,False,True,onnx_quantized_median_latency,,onnx,median_latency,False,2.0
388,677,218,184,1079,"[677, 218, 184]",leaky_relu,model_11,Int8WeightOnlyConfig,int8,8.0,False,True,onnx_quantized_p95_latency,0.0005135930143296718,onnx,p95_latency,False,2.0
389,677,218,184,1079,"[677, 218, 184]",leaky_relu,model_11,Float8WeightOnlyConfig,float8,8.0,False,True,onnx_quantized_p95_latency,,onnx,p95_latency,False,2.0
390,677,218,184,1079,"[677, 218, 184]",leaky_relu,model_11,Int8WeightOnlyConfig,int8,8.0,False,True,onnx_quantized_p99_latency,0.0005221860110759735,onnx,p99_latency,False,2.0
391,677,218,184,1079,"[677, 218, 184]",leaky_relu,model_11,Float8WeightOnlyConfig,float8,8.0,False,True,onnx_quantized_p99_latency,,onnx,p99_latency,False,2.0
392,677,218,184,1079,"[677, 218, 184]",leaky_relu,model_11,Int8WeightOnlyConfig,int8,8.0,False,True,onnx_relative_model_size,2.3904411233845932,onnx,model_size,True,2.0
393,677,218,184,1079,"[677, 218, 184]",leaky_relu,model_11,Float8WeightOnlyConfig,float8,8.0,False,True,onnx_relative_model_size,,onnx,model_size,True,2.0
394,677,218,184,1079,"[677, 218, 184]",leaky_relu,model_11,Int8WeightOnlyConfig,int8,8.0,False,True,onnx_relative_median_latency,1.22336872241441,onnx,median_latency,True,2.0
395,677,218,184,1079,"[677, 218, 184]",leaky_relu,model_11,Float8WeightOnlyConfig,float8,8.0,False,True,onnx_relative_median_latency,,onnx,median_latency,True,2.0
396,677,218,184,1079,"[677, 218, 184]",leaky_relu,model_11,Int8WeightOnlyConfig,int8,8.0,False,True,onnx_relative_p95_latency,1.2209463432691743,onnx,p95_latency,True,2.0
397,677,218,184,1079,"[677, 218, 184]",leaky_relu,model_11,Float8WeightOnlyConfig,float8,8.0,False,True,onnx_relative_p95_latency,,onnx,p95_latency,True,2.0
398,677,218,184,1079,"[677, 218, 184]",leaky_relu,model_11,Int8WeightOnlyConfig,int8,8.0,False,True,onnx_relative_p99_latency,1.2211490601564265,onnx,p99_latency,True,2.0
399,677,218,184,1079,"[677, 218, 184]",leaky_relu,model_11,Float8WeightOnlyConfig,float8,8.0,False,True,onnx_relative_p99_latency,,onnx,p99_latency,True,2.0
400,677,218,184,1079,"[677, 218, 184]",leaky_relu,model_11,Int8WeightOnlyConfig,int8,8.0,False,True,pt2_quantized_model_size,392673.0,pt2,model_size,False,2.0
401,677,218,184,1079,"[677, 218, 184]",leaky_relu,model_11,Float8WeightOnlyConfig,float8,8.0,False,True,pt2_quantized_model_size,371937.0,pt2,model_size,False,2.0
402,677,218,184,1079,"[677, 218, 184]",leaky_relu,model_11,Int8WeightOnlyConfig,int8,8.0,False,True,pt2_quantized_median_latency,0.0008940957486629486,pt2,median_latency,False,2.0
403,677,218,184,1079,"[677, 218, 184]",leaky_relu,model_11,Float8WeightOnlyConfig,float8,8.0,False,True,pt2_quantized_median_latency,0.0007250970229506493,pt2,median_latency,False,2.0
404,677,218,184,1079,"[677, 218, 184]",leaky_relu,model_11,Int8WeightOnlyConfig,int8,8.0,False,True,pt2_quantized_p95_latency,0.0009067983366549015,pt2,p95_latency,False,2.0
405,677,218,184,1079,"[677, 218, 184]",leaky_relu,model_11,Float8WeightOnlyConfig,float8,8.0,False,True,pt2_quantized_p95_latency,0.0007367555052042007,pt2,p95_latency,False,2.0
406,677,218,184,1079,"[677, 218, 184]",leaky_relu,model_11,Int8WeightOnlyConfig,int8,8.0,False,True,pt2_quantized_p99_latency,0.0010195576027035712,pt2,p99_latency,False,2.0
407,677,218,184,1079,"[677, 218, 184]",leaky_relu,model_11,Float8WeightOnlyConfig,float8,8.0,False,True,pt2_quantized_p99_latency,0.0008612510934472084,pt2,p99_latency,False,2.0
408,677,218,184,1079,"[677, 218, 184]",leaky_relu,model_11,Int8WeightOnlyConfig,int8,8.0,False,True,pt2_relative_model_size,0.3777441725563986,pt2,model_size,True,2.0
409,677,218,184,1079,"[677, 218, 184]",leaky_relu,model_11,Float8WeightOnlyConfig,float8,8.0,False,True,pt2_relative_model_size,0.357796523591154,pt2,model_size,True,2.0
410,677,218,184,1079,"[677, 218, 184]",leaky_relu,model_11,Int8WeightOnlyConfig,int8,8.0,False,True,pt2_relative_median_latency,1.0894837246092441,pt2,median_latency,True,2.0
411,677,218,184,1079,"[677, 218, 184]",leaky_relu,model_11,Float8WeightOnlyConfig,float8,8.0,False,True,pt2_relative_median_latency,0.8835534745005827,pt2,median_latency,True,2.0
412,677,218,184,1079,"[677, 218, 184]",leaky_relu,model_11,Int8WeightOnlyConfig,int8,8.0,False,True,pt2_relative_p95_latency,1.0885981142481673,pt2,p95_latency,True,2.0
413,677,218,184,1079,"[677, 218, 184]",leaky_relu,model_11,Float8WeightOnlyConfig,float8,8.0,False,True,pt2_relative_p95_latency,0.88446418702737,pt2,p95_latency,True,2.0
414,677,218,184,1079,"[677, 218, 184]",leaky_relu,model_11,Int8WeightOnlyConfig,int8,8.0,False,True,pt2_relative_p99_latency,1.0390642152758174,pt2,p99_latency,True,2.0
415,677,218,184,1079,"[677, 218, 184]",leaky_relu,model_11,Float8WeightOnlyConfig,float8,8.0,False,True,pt2_relative_p99_latency,0.8777289181064029,pt2,p99_latency,True,2.0
416,677,218,184,1079,"[677, 218, 184]",leaky_relu,model_11,Int8WeightOnlyConfig,int8,8.0,False,True,pytorch_quantized_MAE,7.991269586227575,pytorch,MAE,False,3.0
417,677,218,184,1079,"[677, 218, 184]",leaky_relu,model_11,Float8WeightOnlyConfig,float8,8.0,False,True,pytorch_quantized_MAE,8.049892737746575,pytorch,MAE,False,3.0
418,677,218,184,1079,"[677, 218, 184]",leaky_relu,model_11,Int8WeightOnlyConfig,int8,8.0,False,True,pytorch_relative_MAE,1.0001806639506297,pytorch,MAE,True,3.0
419,677,218,184,1079,"[677, 218, 184]",leaky_relu,model_11,Float8WeightOnlyConfig,float8,8.0,False,True,pytorch_relative_MAE,1.0075178889029957,pytorch,MAE,True,3.0
420,677,218,184,1079,"[677, 218, 184]",leaky_relu,model_11,Int8WeightOnlyConfig,int8,8.0,False,True,pytorch_quantized_model_size,243799.0,pytorch,model_size,False,3.0
421,677,218,184,1079,"[677, 218, 184]",leaky_relu,model_11,Float8WeightOnlyConfig,float8,8.0,False,True,pytorch_quantized_model_size,243799.0,pytorch,model_size,False,3.0
422,677,218,184,1079,"[677, 218, 184]",leaky_relu,model_11,Int8WeightOnlyConfig,int8,8.0,False,True,pytorch_quantized_median_latency,0.00041851308196783066,pytorch,median_latency,False,3.0
423,677,218,184,1079,"[677, 218, 184]",leaky_relu,model_11,Float8WeightOnlyConfig,float8,8.0,False,True,pytorch_quantized_median_latency,0.0005211010575294495,pytorch,median_latency,False,3.0
424,677,218,184,1079,"[677, 218, 184]",leaky_relu,model_11,Int8WeightOnlyConfig,int8,8.0,False,True,pytorch_quantized_p95_latency,0.0004303670488297939,pytorch,p95_latency,False,3.0
425,677,218,184,1079,"[677, 218, 184]",leaky_relu,model_11,Float8WeightOnlyConfig,float8,8.0,False,True,pytorch_quantized_p95_latency,0.0005289211869239808,pytorch,p95_latency,False,3.0
426,677,218,184,1079,"[677, 218, 184]",leaky_relu,model_11,Int8WeightOnlyConfig,int8,8.0,False,True,pytorch_quantized_p99_latency,0.0004349205456674099,pytorch,p99_latency,False,3.0
427,677,218,184,1079,"[677, 218, 184]",leaky_relu,model_11,Float8WeightOnlyConfig,float8,8.0,False,True,pytorch_quantized_p99_latency,0.0005332117341458797,pytorch,p99_latency,False,3.0
428,677,218,184,1079,"[677, 218, 184]",leaky_relu,model_11,Int8WeightOnlyConfig,int8,8.0,False,True,pytorch_relative_model_size,0.25,pytorch,model_size,True,3.0
429,677,218,184,1079,"[677, 218, 184]",leaky_relu,model_11,Float8WeightOnlyConfig,float8,8.0,False,True,pytorch_relative_model_size,0.25,pytorch,model_size,True,3.0
430,677,218,184,1079,"[677, 218, 184]",leaky_relu,model_11,Int8WeightOnlyConfig,int8,8.0,False,True,pytorch_relative_median_latency,2.3127418889986826,pytorch,median_latency,True,3.0
431,677,218,184,1079,"[677, 218, 184]",leaky_relu,model_11,Float8WeightOnlyConfig,float8,8.0,False,True,pytorch_relative_median_latency,2.8796525032938076,pytorch,median_latency,True,3.0
432,677,218,184,1079,"[677, 218, 184]",leaky_relu,model_11,Int8WeightOnlyConfig,int8,8.0,False,True,pytorch_relative_p95_latency,2.2408432031283336,pytorch,p95_latency,True,3.0
433,677,218,184,1079,"[677, 218, 184]",leaky_relu,model_11,Float8WeightOnlyConfig,float8,8.0,False,True,pytorch_relative_p95_latency,2.753996733560148,pytorch,p95_latency,True,3.0
434,677,218,184,1079,"[677, 218, 184]",leaky_relu,model_11,Int8WeightOnlyConfig,int8,8.0,False,True,pytorch_relative_p99_latency,2.2113586705189445,pytorch,p99_latency,True,3.0
435,677,218,184,1079,"[677, 218, 184]",leaky_relu,model_11,Float8WeightOnlyConfig,float8,8.0,False,True,pytorch_relative_p99_latency,2.711121383600088,pytorch,p99_latency,True,3.0
436,677,218,184,1079,"[677, 218, 184]",leaky_relu,model_11,Int8WeightOnlyConfig,int8,8.0,False,True,onnx_quantized_model_size,33110.0,onnx,model_size,False,3.0
437,677,218,184,1079,"[677, 218, 184]",leaky_relu,model_11,Float8WeightOnlyConfig,float8,8.0,False,True,onnx_quantized_model_size,,onnx,model_size,False,3.0
438,677,218,184,1079,"[677, 218, 184]",leaky_relu,model_11,Int8WeightOnlyConfig,int8,8.0,False,True,onnx_quantized_median_latency,0.0004987437278032303,onnx,median_latency,False,3.0
439,677,218,184,1079,"[677, 218, 184]",leaky_relu,model_11,Float8WeightOnlyConfig,float8,8.0,False,True,onnx_quantized_median_latency,,onnx,median_latency,False,3.0
440,677,218,184,1079,"[677, 218, 184]",leaky_relu,model_11,Int8WeightOnlyConfig,int8,8.0,False,True,onnx_quantized_p95_latency,0.0006350258365273475,onnx,p95_latency,False,3.0
441,677,218,184,1079,"[677, 218, 184]",leaky_relu,model_11,Float8WeightOnlyConfig,float8,8.0,False,True,onnx_quantized_p95_latency,,onnx,p95_latency,False,3.0
442,677,218,184,1079,"[677, 218, 184]",leaky_relu,model_11,Int8WeightOnlyConfig,int8,8.0,False,True,onnx_quantized_p99_latency,0.0007230921275913715,onnx,p99_latency,False,3.0
443,677,218,184,1079,"[677, 218, 184]",leaky_relu,model_11,Float8WeightOnlyConfig,float8,8.0,False,True,onnx_quantized_p99_latency,,onnx,p99_latency,False,3.0
444,677,218,184,1079,"[677, 218, 184]",leaky_relu,model_11,Int8WeightOnlyConfig,int8,8.0,False,True,onnx_relative_model_size,2.3904411233845932,onnx,model_size,True,3.0
445,677,218,184,1079,"[677, 218, 184]",leaky_relu,model_11,Float8WeightOnlyConfig,float8,8.0,False,True,onnx_relative_model_size,,onnx,model_size,True,3.0
446,677,218,184,1079,"[677, 218, 184]",leaky_relu,model_11,Int8WeightOnlyConfig,int8,8.0,False,True,onnx_relative_median_latency,1.1459232059709668,onnx,median_latency,True,3.0
447,677,218,184,1079,"[677, 218, 184]",leaky_relu,model_11,Float8WeightOnlyConfig,float8,8.0,False,True,onnx_relative_median_latency,,onnx,median_latency,True,3.0
448,677,218,184,1079,"[677, 218, 184]",leaky_relu,model_11,Int8WeightOnlyConfig,int8,8.0,False,True,onnx_relative_p95_latency,1.3677139075780778,onnx,p95_latency,True,3.0
449,677,218,184,1079,"[677, 218, 184]",leaky_relu,model_11,Float8WeightOnlyConfig,float8,8.0,False,True,onnx_relative_p95_latency,,onnx,p95_latency,True,3.0
450,677,218,184,1079,"[677, 218, 184]",leaky_relu,model_11,Int8WeightOnlyConfig,int8,8.0,False,True,onnx_relative_p99_latency,1.5398554839248109,onnx,p99_latency,True,3.0
451,677,218,184,1079,"[677, 218, 184]",leaky_relu,model_11,Float8WeightOnlyConfig,float8,8.0,False,True,onnx_relative_p99_latency,,onnx,p99_latency,True,3.0
452,677,218,184,1079,"[677, 218, 184]",leaky_relu,model_11,Int8WeightOnlyConfig,int8,8.0,False,True,pt2_quantized_model_size,392673.0,pt2,model_size,False,3.0
453,677,218,184,1079,"[677, 218, 184]",leaky_relu,model_11,Float8WeightOnlyConfig,float8,8.0,False,True,pt2_quantized_model_size,371937.0,pt2,model_size,False,3.0
454,677,218,184,1079,"[677, 218, 184]",leaky_relu,model_11,Int8WeightOnlyConfig,int8,8.0,False,True,pt2_quantized_median_latency,0.000873759388923645,pt2,median_latency,False,3.0
455,677,218,184,1079,"[677, 218, 184]",leaky_relu,model_11,Float8WeightOnlyConfig,float8,8.0,False,True,pt2_quantized_median_latency,0.0007179668173193932,pt2,median_latency,False,3.0
456,677,218,184,1079,"[677, 218, 184]",leaky_relu,model_11,Int8WeightOnlyConfig,int8,8.0,False,True,pt2_quantized_p95_latency,0.0008824264630675315,pt2,p95_latency,False,3.0
457,677,218,184,1079,"[677, 218, 184]",leaky_relu,model_11,Float8WeightOnlyConfig,float8,8.0,False,True,pt2_quantized_p95_latency,0.000741924624890089,pt2,p95_latency,False,3.0
458,677,218,184,1079,"[677, 218, 184]",leaky_relu,model_11,Int8WeightOnlyConfig,int8,8.0,False,True,pt2_quantized_p99_latency,0.0010028852336108685,pt2,p99_latency,False,3.0
459,677,218,184,1079,"[677, 218, 184]",leaky_relu,model_11,Float8WeightOnlyConfig,float8,8.0,False,True,pt2_quantized_p99_latency,0.0008608571998775004,pt2,p99_latency,False,3.0
460,677,218,184,1079,"[677, 218, 184]",leaky_relu,model_11,Int8WeightOnlyConfig,int8,8.0,False,True,pt2_relative_model_size,0.3777441725563986,pt2,model_size,True,3.0
461,677,218,184,1079,"[677, 218, 184]",leaky_relu,model_11,Float8WeightOnlyConfig,float8,8.0,False,True,pt2_relative_model_size,0.357796523591154,pt2,model_size,True,3.0
462,677,218,184,1079,"[677, 218, 184]",leaky_relu,model_11,Int8WeightOnlyConfig,int8,8.0,False,True,pt2_relative_median_latency,1.0654250607554112,pt2,median_latency,True,3.0
463,677,218,184,1079,"[677, 218, 184]",leaky_relu,model_11,Float8WeightOnlyConfig,float8,8.0,False,True,pt2_relative_median_latency,0.875458220718163,pt2,median_latency,True,3.0
464,677,218,184,1079,"[677, 218, 184]",leaky_relu,model_11,Int8WeightOnlyConfig,int8,8.0,False,True,pt2_relative_p95_latency,1.0336087665025906,pt2,p95_latency,True,3.0
465,677,218,184,1079,"[677, 218, 184]",leaky_relu,model_11,Float8WeightOnlyConfig,float8,8.0,False,True,pt2_relative_p95_latency,0.8690353570140551,pt2,p95_latency,True,3.0
466,677,218,184,1079,"[677, 218, 184]",leaky_relu,model_11,Int8WeightOnlyConfig,int8,8.0,False,True,pt2_relative_p99_latency,1.0228191752203026,pt2,p99_latency,True,3.0
467,677,218,184,1079,"[677, 218, 184]",leaky_relu,model_11,Float8WeightOnlyConfig,float8,8.0,False,True,pt2_relative_p99_latency,0.8779681080665002,pt2,p99_latency,True,3.0
476,589,363,223,1175,"[589, 363, 223]",relu,model_2,Int8WeightOnlyConfig,int8,8.0,False,True,pytorch_quantized_MAE,7.886561956253123,pytorch,MAE,False,1.0
477,589,363,223,1175,"[589, 363, 223]",relu,model_2,Float8WeightOnlyConfig,float8,8.0,False,True,pytorch_quantized_MAE,7.931319250212676,pytorch,MAE,False,1.0
478,589,363,223,1175,"[589, 363, 223]",relu,model_2,Int8WeightOnlyConfig,int8,8.0,False,True,pytorch_relative_MAE,1.0029557196240417,pytorch,MAE,True,1.0
479,589,363,223,1175,"[589, 363, 223]",relu,model_2,Float8WeightOnlyConfig,float8,8.0,False,True,pytorch_relative_MAE,1.0086476274820704,pytorch,MAE,True,1.0
480,589,363,223,1175,"[589, 363, 223]",relu,model_2,Int8WeightOnlyConfig,int8,8.0,False,True,pytorch_quantized_model_size,343864.0,pytorch,model_size,False,1.0
481,589,363,223,1175,"[589, 363, 223]",relu,model_2,Float8WeightOnlyConfig,float8,8.0,False,True,pytorch_quantized_model_size,343864.0,pytorch,model_size,False,1.0
482,589,363,223,1175,"[589, 363, 223]",relu,model_2,Int8WeightOnlyConfig,int8,8.0,False,True,pytorch_quantized_median_latency,0.0004323897883296013,pytorch,median_latency,False,1.0
483,589,363,223,1175,"[589, 363, 223]",relu,model_2,Float8WeightOnlyConfig,float8,8.0,False,True,pytorch_quantized_median_latency,0.0005191899836063385,pytorch,median_latency,False,1.0
484,589,363,223,1175,"[589, 363, 223]",relu,model_2,Int8WeightOnlyConfig,int8,8.0,False,True,pytorch_quantized_p95_latency,0.00044354116544127465,pytorch,p95_latency,False,1.0
485,589,363,223,1175,"[589, 363, 223]",relu,model_2,Float8WeightOnlyConfig,float8,8.0,False,True,pytorch_quantized_p95_latency,0.0005276406183838844,pytorch,p95_latency,False,1.0
486,589,363,223,1175,"[589, 363, 223]",relu,model_2,Int8WeightOnlyConfig,int8,8.0,False,True,pytorch_quantized_p99_latency,0.00044589130207896234,pytorch,p99_latency,False,1.0
487,589,363,223,1175,"[589, 363, 223]",relu,model_2,Float8WeightOnlyConfig,float8,8.0,False,True,pytorch_quantized_p99_latency,0.0005532341822981834,pytorch,p99_latency,False,1.0
488,589,363,223,1175,"[589, 363, 223]",relu,model_2,Int8WeightOnlyConfig,int8,8.0,False,True,pytorch_relative_model_size,0.25,pytorch,model_size,True,1.0
489,589,363,223,1175,"[589, 363, 223]",relu,model_2,Float8WeightOnlyConfig,float8,8.0,False,True,pytorch_relative_model_size,0.25,pytorch,model_size,True,1.0
490,589,363,223,1175,"[589, 363, 223]",relu,model_2,Int8WeightOnlyConfig,int8,8.0,False,True,pytorch_relative_median_latency,2.4381758122876396,pytorch,median_latency,True,1.0
491,589,363,223,1175,"[589, 363, 223]",relu,model_2,Float8WeightOnlyConfig,float8,8.0,False,True,pytorch_relative_median_latency,2.927628020313099,pytorch,median_latency,True,1.0
492,589,363,223,1175,"[589, 363, 223]",relu,model_2,Int8WeightOnlyConfig,int8,8.0,False,True,pytorch_relative_p95_latency,2.3310478804659858,pytorch,p95_latency,True,1.0
493,589,363,223,1175,"[589, 363, 223]",relu,model_2,Float8WeightOnlyConfig,float8,8.0,False,True,pytorch_relative_p95_latency,2.773035832892411,pytorch,p95_latency,True,1.0
494,589,363,223,1175,"[589, 363, 223]",relu,model_2,Int8WeightOnlyConfig,int8,8.0,False,True,pytorch_relative_p99_latency,1.477791221755044,pytorch,p99_latency,True,1.0
495,589,363,223,1175,"[589, 363, 223]",relu,model_2,Float8WeightOnlyConfig,float8,8.0,False,True,pytorch_relative_p99_latency,1.833551393272757,pytorch,p99_latency,True,1.0
496,589,363,223,1175,"[589, 363, 223]",relu,model_2,Int8WeightOnlyConfig,int8,8.0,False,True,onnx_quantized_model_size,32762.0,onnx,model_size,False,1.0
497,589,363,223,1175,"[589, 363, 223]",relu,model_2,Float8WeightOnlyConfig,float8,8.0,False,True,onnx_quantized_model_size,,onnx,model_size,False,1.0
498,589,363,223,1175,"[589, 363, 223]",relu,model_2,Int8WeightOnlyConfig,int8,8.0,False,True,onnx_quantized_median_latency,0.0005664434283971786,onnx,median_latency,False,1.0
499,589,363,223,1175,"[589, 363, 223]",relu,model_2,Float8WeightOnlyConfig,float8,8.0,False,True,onnx_quantized_median_latency,,onnx,median_latency,False,1.0
500,589,363,223,1175,"[589, 363, 223]",relu,model_2,Int8WeightOnlyConfig,int8,8.0,False,True,onnx_quantized_p95_latency,0.0005822722800076008,onnx,p95_latency,False,1.0
501,589,363,223,1175,"[589, 363, 223]",relu,model_2,Float8WeightOnlyConfig,float8,8.0,False,True,onnx_quantized_p95_latency,,onnx,p95_latency,False,1.0
502,589,363,223,1175,"[589, 363, 223]",relu,model_2,Int8WeightOnlyConfig,int8,8.0,False,True,onnx_quantized_p99_latency,0.0005922459438443184,onnx,p99_latency,False,1.0
503,589,363,223,1175,"[589, 363, 223]",relu,model_2,Float8WeightOnlyConfig,float8,8.0,False,True,onnx_quantized_p99_latency,,onnx,p99_latency,False,1.0
504,589,363,223,1175,"[589, 363, 223]",relu,model_2,Int8WeightOnlyConfig,int8,8.0,False,True,onnx_relative_model_size,2.426635064069328,onnx,model_size,True,1.0
505,589,363,223,1175,"[589, 363, 223]",relu,model_2,Float8WeightOnlyConfig,float8,8.0,False,True,onnx_relative_model_size,,onnx,model_size,True,1.0
506,589,363,223,1175,"[589, 363, 223]",relu,model_2,Int8WeightOnlyConfig,int8,8.0,False,True,onnx_relative_median_latency,0.9858512050545999,onnx,median_latency,True,1.0
507,589,363,223,1175,"[589, 363, 223]",relu,model_2,Float8WeightOnlyConfig,float8,8.0,False,True,onnx_relative_median_latency,,onnx,median_latency,True,1.0
508,589,363,223,1175,"[589, 363, 223]",relu,model_2,Int8WeightOnlyConfig,int8,8.0,False,True,onnx_relative_p95_latency,0.9701309391823693,onnx,p95_latency,True,1.0
509,589,363,223,1175,"[589, 363, 223]",relu,model_2,Float8WeightOnlyConfig,float8,8.0,False,True,onnx_relative_p95_latency,,onnx,p95_latency,True,1.0
510,589,363,223,1175,"[589, 363, 223]",relu,model_2,Int8WeightOnlyConfig,int8,8.0,False,True,onnx_relative_p99_latency,0.9722359582430945,onnx,p99_latency,True,1.0
511,589,363,223,1175,"[589, 363, 223]",relu,model_2,Float8WeightOnlyConfig,float8,8.0,False,True,onnx_relative_p99_latency,,onnx,p99_latency,True,1.0
512,589,363,223,1175,"[589, 363, 223]",relu,model_2,Int8WeightOnlyConfig,int8,8.0,False,True,pt2_quantized_model_size,493217.0,pt2,model_size,False,1.0
513,589,363,223,1175,"[589, 363, 223]",relu,model_2,Float8WeightOnlyConfig,float8,8.0,False,True,pt2_quantized_model_size,472481.0,pt2,model_size,False,1.0
514,589,363,223,1175,"[589, 363, 223]",relu,model_2,Int8WeightOnlyConfig,int8,8.0,False,True,pt2_quantized_median_latency,0.0009091952815651894,pt2,median_latency,False,1.0
515,589,363,223,1175,"[589, 363, 223]",relu,model_2,Float8WeightOnlyConfig,float8,8.0,False,True,pt2_quantized_median_latency,0.0007225917652249336,pt2,median_latency,False,1.0
516,589,363,223,1175,"[589, 363, 223]",relu,model_2,Int8WeightOnlyConfig,int8,8.0,False,True,pt2_quantized_p95_latency,0.0009221522137522697,pt2,p95_latency,False,1.0
517,589,363,223,1175,"[589, 363, 223]",relu,model_2,Float8WeightOnlyConfig,float8,8.0,False,True,pt2_quantized_p95_latency,0.0007334928028285504,pt2,p95_latency,False,1.0
518,589,363,223,1175,"[589, 363, 223]",relu,model_2,Int8WeightOnlyConfig,int8,8.0,False,True,pt2_quantized_p99_latency,0.001054600216448307,pt2,p99_latency,False,1.0
519,589,363,223,1175,"[589, 363, 223]",relu,model_2,Float8WeightOnlyConfig,float8,8.0,False,True,pt2_quantized_p99_latency,0.000861128382384777,pt2,p99_latency,False,1.0
520,589,363,223,1175,"[589, 363, 223]",relu,model_2,Int8WeightOnlyConfig,int8,8.0,False,True,pt2_relative_model_size,0.3425800836694536,pt2,model_size,True,1.0
521,589,363,223,1175,"[589, 363, 223]",relu,model_2,Float8WeightOnlyConfig,float8,8.0,False,True,pt2_relative_model_size,0.3281772130973326,pt2,model_size,True,1.0
522,589,363,223,1175,"[589, 363, 223]",relu,model_2,Int8WeightOnlyConfig,int8,8.0,False,True,pt2_relative_median_latency,1.012072411662499,pt2,median_latency,True,1.0
523,589,363,223,1175,"[589, 363, 223]",relu,model_2,Float8WeightOnlyConfig,float8,8.0,False,True,pt2_relative_median_latency,0.8043543618260909,pt2,median_latency,True,1.0
524,589,363,223,1175,"[589, 363, 223]",relu,model_2,Int8WeightOnlyConfig,int8,8.0,False,True,pt2_relative_p95_latency,0.9956857286138974,pt2,p95_latency,True,1.0
525,589,363,223,1175,"[589, 363, 223]",relu,model_2,Float8WeightOnlyConfig,float8,8.0,False,True,pt2_relative_p95_latency,0.7919823917633548,pt2,p95_latency,True,1.0
526,589,363,223,1175,"[589, 363, 223]",relu,model_2,Int8WeightOnlyConfig,int8,8.0,False,True,pt2_relative_p99_latency,0.9348836962774227,pt2,p99_latency,True,1.0
527,589,363,223,1175,"[589, 363, 223]",relu,model_2,Float8WeightOnlyConfig,float8,8.0,False,True,pt2_relative_p99_latency,0.7633744736034193,pt2,p99_latency,True,1.0
528,589,363,223,1175,"[589, 363, 223]",relu,model_2,Int8WeightOnlyConfig,int8,8.0,False,True,pytorch_quantized_MAE,8.027743729800406,pytorch,MAE,False,2.0
529,589,363,223,1175,"[589, 363, 223]",relu,model_2,Float8WeightOnlyConfig,float8,8.0,False,True,pytorch_quantized_MAE,8.070644769821095,pytorch,MAE,False,2.0
530,589,363,223,1175,"[589, 363, 223]",relu,model_2,Int8WeightOnlyConfig,int8,8.0,False,True,pytorch_relative_MAE,1.0024665355690223,pytorch,MAE,True,2.0
531,589,363,223,1175,"[589, 363, 223]",relu,model_2,Float8WeightOnlyConfig,float8,8.0,False,True,pytorch_relative_MAE,1.007823813829189,pytorch,MAE,True,2.0
532,589,363,223,1175,"[589, 363, 223]",relu,model_2,Int8WeightOnlyConfig,int8,8.0,False,True,pytorch_quantized_model_size,343864.0,pytorch,model_size,False,2.0
533,589,363,223,1175,"[589, 363, 223]",relu,model_2,Float8WeightOnlyConfig,float8,8.0,False,True,pytorch_quantized_model_size,343864.0,pytorch,model_size,False,2.0
534,589,363,223,1175,"[589, 363, 223]",relu,model_2,Int8WeightOnlyConfig,int8,8.0,False,True,pytorch_quantized_median_latency,0.0004297373816370964,pytorch,median_latency,False,2.0
535,589,363,223,1175,"[589, 363, 223]",relu,model_2,Float8WeightOnlyConfig,float8,8.0,False,True,pytorch_quantized_median_latency,0.0006002290174365044,pytorch,median_latency,False,2.0
536,589,363,223,1175,"[589, 363, 223]",relu,model_2,Int8WeightOnlyConfig,int8,8.0,False,True,pytorch_quantized_p95_latency,0.00044029736891388894,pytorch,p95_latency,False,2.0
537,589,363,223,1175,"[589, 363, 223]",relu,model_2,Float8WeightOnlyConfig,float8,8.0,False,True,pytorch_quantized_p95_latency,0.000606913585215807,pytorch,p95_latency,False,2.0
538,589,363,223,1175,"[589, 363, 223]",relu,model_2,Int8WeightOnlyConfig,int8,8.0,False,True,pytorch_quantized_p99_latency,0.0004464026167988777,pytorch,p99_latency,False,2.0
539,589,363,223,1175,"[589, 363, 223]",relu,model_2,Float8WeightOnlyConfig,float8,8.0,False,True,pytorch_quantized_p99_latency,0.0006097204238176345,pytorch,p99_latency,False,2.0
540,589,363,223,1175,"[589, 363, 223]",relu,model_2,Int8WeightOnlyConfig,int8,8.0,False,True,pytorch_relative_model_size,0.25,pytorch,model_size,True,2.0
541,589,363,223,1175,"[589, 363, 223]",relu,model_2,Float8WeightOnlyConfig,float8,8.0,False,True,pytorch_relative_model_size,0.25,pytorch,model_size,True,2.0
542,589,363,223,1175,"[589, 363, 223]",relu,model_2,Int8WeightOnlyConfig,int8,8.0,False,True,pytorch_relative_median_latency,2.6520164836112214,pytorch,median_latency,True,2.0
543,589,363,223,1175,"[589, 363, 223]",relu,model_2,Float8WeightOnlyConfig,float8,8.0,False,True,pytorch_relative_median_latency,3.704162858998454,pytorch,median_latency,True,2.0
544,589,363,223,1175,"[589, 363, 223]",relu,model_2,Int8WeightOnlyConfig,int8,8.0,False,True,pytorch_relative_p95_latency,2.530862921988306,pytorch,p95_latency,True,2.0
545,589,363,223,1175,"[589, 363, 223]",relu,model_2,Float8WeightOnlyConfig,float8,8.0,False,True,pytorch_relative_p95_latency,3.48858566532584,pytorch,p95_latency,True,2.0
546,589,363,223,1175,"[589, 363, 223]",relu,model_2,Int8WeightOnlyConfig,int8,8.0,False,True,pytorch_relative_p99_latency,2.5189761499803556,pytorch,p99_latency,True,2.0
547,589,363,223,1175,"[589, 363, 223]",relu,model_2,Float8WeightOnlyConfig,float8,8.0,False,True,pytorch_relative_p99_latency,3.4405515289452424,pytorch,p99_latency,True,2.0
548,589,363,223,1175,"[589, 363, 223]",relu,model_2,Int8WeightOnlyConfig,int8,8.0,False,True,onnx_quantized_model_size,32762.0,onnx,model_size,False,2.0
549,589,363,223,1175,"[589, 363, 223]",relu,model_2,Float8WeightOnlyConfig,float8,8.0,False,True,onnx_quantized_model_size,,onnx,model_size,False,2.0
550,589,363,223,1175,"[589, 363, 223]",relu,model_2,Int8WeightOnlyConfig,int8,8.0,False,True,onnx_quantized_median_latency,0.0005694879218935966,onnx,median_latency,False,2.0
551,589,363,223,1175,"[589, 363, 223]",relu,model_2,Float8WeightOnlyConfig,float8,8.0,False,True,onnx_quantized_median_latency,,onnx,median_latency,False,2.0
552,589,363,223,1175,"[589, 363, 223]",relu,model_2,Int8WeightOnlyConfig,int8,8.0,False,True,onnx_quantized_p95_latency,0.0005807300098240375,onnx,p95_latency,False,2.0
553,589,363,223,1175,"[589, 363, 223]",relu,model_2,Float8WeightOnlyConfig,float8,8.0,False,True,onnx_quantized_p95_latency,,onnx,p95_latency,False,2.0
554,589,363,223,1175,"[589, 363, 223]",relu,model_2,Int8WeightOnlyConfig,int8,8.0,False,True,onnx_quantized_p99_latency,0.0006138538382947444,onnx,p99_latency,False,2.0
555,589,363,223,1175,"[589, 363, 223]",relu,model_2,Float8WeightOnlyConfig,float8,8.0,False,True,onnx_quantized_p99_latency,,onnx,p99_latency,False,2.0
556,589,363,223,1175,"[589, 363, 223]",relu,model_2,Int8WeightOnlyConfig,int8,8.0,False,True,onnx_relative_model_size,2.426635064069328,onnx,model_size,True,2.0
557,589,363,223,1175,"[589, 363, 223]",relu,model_2,Float8WeightOnlyConfig,float8,8.0,False,True,onnx_relative_model_size,,onnx,model_size,True,2.0
558,589,363,223,1175,"[589, 363, 223]",relu,model_2,Int8WeightOnlyConfig,int8,8.0,False,True,onnx_relative_median_latency,1.1094956598734251,onnx,median_latency,True,2.0
559,589,363,223,1175,"[589, 363, 223]",relu,model_2,Float8WeightOnlyConfig,float8,8.0,False,True,onnx_relative_median_latency,,onnx,median_latency,True,2.0
560,589,363,223,1175,"[589, 363, 223]",relu,model_2,Int8WeightOnlyConfig,int8,8.0,False,True,onnx_relative_p95_latency,1.109424809141223,onnx,p95_latency,True,2.0
561,589,363,223,1175,"[589, 363, 223]",relu,model_2,Float8WeightOnlyConfig,float8,8.0,False,True,onnx_relative_p95_latency,,onnx,p95_latency,True,2.0
562,589,363,223,1175,"[589, 363, 223]",relu,model_2,Int8WeightOnlyConfig,int8,8.0,False,True,onnx_relative_p99_latency,1.162158006740553,onnx,p99_latency,True,2.0
563,589,363,223,1175,"[589, 363, 223]",relu,model_2,Float8WeightOnlyConfig,float8,8.0,False,True,onnx_relative_p99_latency,,onnx,p99_latency,True,2.0
564,589,363,223,1175,"[589, 363, 223]",relu,model_2,Int8WeightOnlyConfig,int8,8.0,False,True,pt2_quantized_model_size,493217.0,pt2,model_size,False,2.0
565,589,363,223,1175,"[589, 363, 223]",relu,model_2,Float8WeightOnlyConfig,float8,8.0,False,True,pt2_quantized_model_size,472481.0,pt2,model_size,False,2.0
566,589,363,223,1175,"[589, 363, 223]",relu,model_2,Int8WeightOnlyConfig,int8,8.0,False,True,pt2_quantized_median_latency,0.0009119007736444473,pt2,median_latency,False,2.0
567,589,363,223,1175,"[589, 363, 223]",relu,model_2,Float8WeightOnlyConfig,float8,8.0,False,True,pt2_quantized_median_latency,0.0007425509393215179,pt2,median_latency,False,2.0
568,589,363,223,1175,"[589, 363, 223]",relu,model_2,Int8WeightOnlyConfig,int8,8.0,False,True,pt2_quantized_p95_latency,0.0009216633625328541,pt2,p95_latency,False,2.0
569,589,363,223,1175,"[589, 363, 223]",relu,model_2,Float8WeightOnlyConfig,float8,8.0,False,True,pt2_quantized_p95_latency,0.0007543867453932762,pt2,p95_latency,False,2.0
570,589,363,223,1175,"[589, 363, 223]",relu,model_2,Int8WeightOnlyConfig,int8,8.0,False,True,pt2_quantized_p99_latency,0.001045664045959711,pt2,p99_latency,False,2.0
571,589,363,223,1175,"[589, 363, 223]",relu,model_2,Float8WeightOnlyConfig,float8,8.0,False,True,pt2_quantized_p99_latency,0.0008804373256862163,pt2,p99_latency,False,2.0
572,589,363,223,1175,"[589, 363, 223]",relu,model_2,Int8WeightOnlyConfig,int8,8.0,False,True,pt2_relative_model_size,0.3425800836694536,pt2,model_size,True,2.0
573,589,363,223,1175,"[589, 363, 223]",relu,model_2,Float8WeightOnlyConfig,float8,8.0,False,True,pt2_relative_model_size,0.3281772130973326,pt2,model_size,True,2.0
574,589,363,223,1175,"[589, 363, 223]",relu,model_2,Int8WeightOnlyConfig,int8,8.0,False,True,pt2_relative_median_latency,0.9782587193415572,pt2,median_latency,True,2.0
575,589,363,223,1175,"[589, 363, 223]",relu,model_2,Float8WeightOnlyConfig,float8,8.0,False,True,pt2_relative_median_latency,0.7965854969542625,pt2,median_latency,True,2.0
576,589,363,223,1175,"[589, 363, 223]",relu,model_2,Int8WeightOnlyConfig,int8,8.0,False,True,pt2_relative_p95_latency,0.9661923452354988,pt2,p95_latency,True,2.0
577,589,363,223,1175,"[589, 363, 223]",relu,model_2,Float8WeightOnlyConfig,float8,8.0,False,True,pt2_relative_p95_latency,0.7908339729844935,pt2,p95_latency,True,2.0
578,589,363,223,1175,"[589, 363, 223]",relu,model_2,Int8WeightOnlyConfig,int8,8.0,False,True,pt2_relative_p99_latency,0.9393715257149634,pt2,p99_latency,True,2.0
579,589,363,223,1175,"[589, 363, 223]",relu,model_2,Float8WeightOnlyConfig,float8,8.0,False,True,pt2_relative_p99_latency,0.790940223221684,pt2,p99_latency,True,2.0
580,589,363,223,1175,"[589, 363, 223]",relu,model_2,Int8WeightOnlyConfig,int8,8.0,False,True,pytorch_quantized_MAE,7.819430755873615,pytorch,MAE,False,3.0
581,589,363,223,1175,"[589, 363, 223]",relu,model_2,Float8WeightOnlyConfig,float8,8.0,False,True,pytorch_quantized_MAE,7.8680015807990635,pytorch,MAE,False,3.0
582,589,363,223,1175,"[589, 363, 223]",relu,model_2,Int8WeightOnlyConfig,int8,8.0,False,True,pytorch_relative_MAE,1.0024222643707845,pytorch,MAE,True,3.0
583,589,363,223,1175,"[589, 363, 223]",relu,model_2,Float8WeightOnlyConfig,float8,8.0,False,True,pytorch_relative_MAE,1.00864886549102,pytorch,MAE,True,3.0
584,589,363,223,1175,"[589, 363, 223]",relu,model_2,Int8WeightOnlyConfig,int8,8.0,False,True,pytorch_quantized_model_size,343864.0,pytorch,model_size,False,3.0
585,589,363,223,1175,"[589, 363, 223]",relu,model_2,Float8WeightOnlyConfig,float8,8.0,False,True,pytorch_quantized_model_size,343864.0,pytorch,model_size,False,3.0
586,589,363,223,1175,"[589, 363, 223]",relu,model_2,Int8WeightOnlyConfig,int8,8.0,False,True,pytorch_quantized_median_latency,0.0004248702898621559,pytorch,median_latency,False,3.0
587,589,363,223,1175,"[589, 363, 223]",relu,model_2,Float8WeightOnlyConfig,float8,8.0,False,True,pytorch_quantized_median_latency,0.000583539716899395,pytorch,median_latency,False,3.0
588,589,363,223,1175,"[589, 363, 223]",relu,model_2,Int8WeightOnlyConfig,int8,8.0,False,True,pytorch_quantized_p95_latency,0.00043737692758440974,pytorch,p95_latency,False,3.0
589,589,363,223,1175,"[589, 363, 223]",relu,model_2,Float8WeightOnlyConfig,float8,8.0,False,True,pytorch_quantized_p95_latency,0.0005911508575081825,pytorch,p95_latency,False,3.0
590,589,363,223,1175,"[589, 363, 223]",relu,model_2,Int8WeightOnlyConfig,int8,8.0,False,True,pytorch_quantized_p99_latency,0.00044755604118108745,pytorch,p99_latency,False,3.0
591,589,363,223,1175,"[589, 363, 223]",relu,model_2,Float8WeightOnlyConfig,float8,8.0,False,True,pytorch_quantized_p99_latency,0.000606054440140724,pytorch,p99_latency,False,3.0
592,589,363,223,1175,"[589, 363, 223]",relu,model_2,Int8WeightOnlyConfig,int8,8.0,False,True,pytorch_relative_model_size,0.25,pytorch,model_size,True,3.0
593,589,363,223,1175,"[589, 363, 223]",relu,model_2,Float8WeightOnlyConfig,float8,8.0,False,True,pytorch_relative_model_size,0.25,pytorch,model_size,True,3.0
594,589,363,223,1175,"[589, 363, 223]",relu,model_2,Int8WeightOnlyConfig,int8,8.0,False,True,pytorch_relative_median_latency,2.394190348736519,pytorch,median_latency,True,3.0
595,589,363,223,1175,"[589, 363, 223]",relu,model_2,Float8WeightOnlyConfig,float8,8.0,False,True,pytorch_relative_median_latency,3.2883098480673856,pytorch,median_latency,True,3.0
596,589,363,223,1175,"[589, 363, 223]",relu,model_2,Int8WeightOnlyConfig,int8,8.0,False,True,pytorch_relative_p95_latency,2.3038160164867376,pytorch,p95_latency,True,3.0
597,589,363,223,1175,"[589, 363, 223]",relu,model_2,Float8WeightOnlyConfig,float8,8.0,False,True,pytorch_relative_p95_latency,3.1137966540870754,pytorch,p95_latency,True,3.0
598,589,363,223,1175,"[589, 363, 223]",relu,model_2,Int8WeightOnlyConfig,int8,8.0,False,True,pytorch_relative_p99_latency,2.03439887608438,pytorch,p99_latency,True,3.0
599,589,363,223,1175,"[589, 363, 223]",relu,model_2,Float8WeightOnlyConfig,float8,8.0,False,True,pytorch_relative_p99_latency,2.754864996603555,pytorch,p99_latency,True,3.0
600,589,363,223,1175,"[589, 363, 223]",relu,model_2,Int8WeightOnlyConfig,int8,8.0,False,True,onnx_quantized_model_size,32762.0,onnx,model_size,False,3.0
601,589,363,223,1175,"[589, 363, 223]",relu,model_2,Float8WeightOnlyConfig,float8,8.0,False,True,onnx_quantized_model_size,,onnx,model_size,False,3.0
602,589,363,223,1175,"[589, 363, 223]",relu,model_2,Int8WeightOnlyConfig,int8,8.0,False,True,onnx_quantized_median_latency,0.0005673328414559364,onnx,median_latency,False,3.0
603,589,363,223,1175,"[589, 363, 223]",relu,model_2,Float8WeightOnlyConfig,float8,8.0,False,True,onnx_quantized_median_latency,,onnx,median_latency,False,3.0
604,589,363,223,1175,"[589, 363, 223]",relu,model_2,Int8WeightOnlyConfig,int8,8.0,False,True,onnx_quantized_p95_latency,0.0005785126239061355,onnx,p95_latency,False,3.0
605,589,363,223,1175,"[589, 363, 223]",relu,model_2,Float8WeightOnlyConfig,float8,8.0,False,True,onnx_quantized_p95_latency,,onnx,p95_latency,False,3.0
606,589,363,223,1175,"[589, 363, 223]",relu,model_2,Int8WeightOnlyConfig,int8,8.0,False,True,onnx_quantized_p99_latency,0.0005829234980046749,onnx,p99_latency,False,3.0
607,589,363,223,1175,"[589, 363, 223]",relu,model_2,Float8WeightOnlyConfig,float8,8.0,False,True,onnx_quantized_p99_latency,,onnx,p99_latency,False,3.0
608,589,363,223,1175,"[589, 363, 223]",relu,model_2,Int8WeightOnlyConfig,int8,8.0,False,True,onnx_relative_model_size,2.426635064069328,onnx,model_size,True,3.0
609,589,363,223,1175,"[589, 363, 223]",relu,model_2,Float8WeightOnlyConfig,float8,8.0,False,True,onnx_relative_model_size,,onnx,model_size,True,3.0
610,589,363,223,1175,"[589, 363, 223]",relu,model_2,Int8WeightOnlyConfig,int8,8.0,False,True,onnx_relative_median_latency,0.9916005918652709,onnx,median_latency,True,3.0
611,589,363,223,1175,"[589, 363, 223]",relu,model_2,Float8WeightOnlyConfig,float8,8.0,False,True,onnx_relative_median_latency,,onnx,median_latency,True,3.0
612,589,363,223,1175,"[589, 363, 223]",relu,model_2,Int8WeightOnlyConfig,int8,8.0,False,True,onnx_relative_p95_latency,0.9611658026838912,onnx,p95_latency,True,3.0
613,589,363,223,1175,"[589, 363, 223]",relu,model_2,Float8WeightOnlyConfig,float8,8.0,False,True,onnx_relative_p95_latency,,onnx,p95_latency,True,3.0
614,589,363,223,1175,"[589, 363, 223]",relu,model_2,Int8WeightOnlyConfig,int8,8.0,False,True,onnx_relative_p99_latency,0.9477533296701752,onnx,p99_latency,True,3.0
615,589,363,223,1175,"[589, 363, 223]",relu,model_2,Float8WeightOnlyConfig,float8,8.0,False,True,onnx_relative_p99_latency,,onnx,p99_latency,True,3.0
616,589,363,223,1175,"[589, 363, 223]",relu,model_2,Int8WeightOnlyConfig,int8,8.0,False,True,pt2_quantized_model_size,493217.0,pt2,model_size,False,3.0
617,589,363,223,1175,"[589, 363, 223]",relu,model_2,Float8WeightOnlyConfig,float8,8.0,False,True,pt2_quantized_model_size,472481.0,pt2,model_size,False,3.0
618,589,363,223,1175,"[589, 363, 223]",relu,model_2,Int8WeightOnlyConfig,int8,8.0,False,True,pt2_quantized_median_latency,0.0009014755487442017,pt2,median_latency,False,3.0
619,589,363,223,1175,"[589, 363, 223]",relu,model_2,Float8WeightOnlyConfig,float8,8.0,False,True,pt2_quantized_median_latency,0.0007316647097468376,pt2,median_latency,False,3.0
620,589,363,223,1175,"[589, 363, 223]",relu,model_2,Int8WeightOnlyConfig,int8,8.0,False,True,pt2_quantized_p95_latency,0.000922786071896553,pt2,p95_latency,False,3.0
621,589,363,223,1175,"[589, 363, 223]",relu,model_2,Float8WeightOnlyConfig,float8,8.0,False,True,pt2_quantized_p95_latency,0.0007461552508175373,pt2,p95_latency,False,3.0
622,589,363,223,1175,"[589, 363, 223]",relu,model_2,Int8WeightOnlyConfig,int8,8.0,False,True,pt2_quantized_p99_latency,0.0010469421558082102,pt2,p99_latency,False,3.0
623,589,363,223,1175,"[589, 363, 223]",relu,model_2,Float8WeightOnlyConfig,float8,8.0,False,True,pt2_quantized_p99_latency,0.0008719039522111416,pt2,p99_latency,False,3.0
624,589,363,223,1175,"[589, 363, 223]",relu,model_2,Int8WeightOnlyConfig,int8,8.0,False,True,pt2_relative_model_size,0.3425800836694536,pt2,model_size,True,3.0
625,589,363,223,1175,"[589, 363, 223]",relu,model_2,Float8WeightOnlyConfig,float8,8.0,False,True,pt2_relative_model_size,0.3281772130973326,pt2,model_size,True,3.0
626,589,363,223,1175,"[589, 363, 223]",relu,model_2,Int8WeightOnlyConfig,int8,8.0,False,True,pt2_relative_median_latency,0.9888867321189584,pt2,median_latency,True,3.0
627,589,363,223,1175,"[589, 363, 223]",relu,model_2,Float8WeightOnlyConfig,float8,8.0,False,True,pt2_relative_median_latency,0.8026102591869886,pt2,median_latency,True,3.0
628,589,363,223,1175,"[589, 363, 223]",relu,model_2,Int8WeightOnlyConfig,int8,8.0,False,True,pt2_relative_p95_latency,0.9871881168468613,pt2,p95_latency,True,3.0
629,589,363,223,1175,"[589, 363, 223]",relu,model_2,Float8WeightOnlyConfig,float8,8.0,False,True,pt2_relative_p95_latency,0.7982300766808025,pt2,p95_latency,True,3.0
630,589,363,223,1175,"[589, 363, 223]",relu,model_2,Int8WeightOnlyConfig,int8,8.0,False,True,pt2_relative_p99_latency,0.9649797708404603,pt2,p99_latency,True,3.0
631,589,363,223,1175,"[589, 363, 223]",relu,model_2,Float8WeightOnlyConfig,float8,8.0,False,True,pt2_relative_p99_latency,0.8036448540464827,pt2,p99_latency,True,3.0
642,793,64,64,921,"[793, 64, 64]",leaky_relu,model_3,Int8WeightOnlyConfig,int8,8.0,False,True,pytorch_quantized_MAE,7.955646471829204,pytorch,MAE,False,1.0
643,793,64,64,921,"[793, 64, 64]",leaky_relu,model_3,Float8WeightOnlyConfig,float8,8.0,False,True,pytorch_quantized_MAE,7.989575275697466,pytorch,MAE,False,1.0
644,793,64,64,921,"[793, 64, 64]",leaky_relu,model_3,Int8WeightOnlyConfig,int8,8.0,False,True,pytorch_relative_MAE,1.0024586359387369,pytorch,MAE,True,1.0
645,793,64,64,921,"[793, 64, 64]",leaky_relu,model_3,Float8WeightOnlyConfig,float8,8.0,False,True,pytorch_relative_MAE,1.0067338664388914,pytorch,MAE,True,1.0
646,793,64,64,921,"[793, 64, 64]",leaky_relu,model_3,Int8WeightOnlyConfig,int8,8.0,False,True,pytorch_quantized_model_size,120067.0,pytorch,model_size,False,1.0
647,793,64,64,921,"[793, 64, 64]",leaky_relu,model_3,Float8WeightOnlyConfig,float8,8.0,False,True,pytorch_quantized_model_size,120067.0,pytorch,model_size,False,1.0
648,793,64,64,921,"[793, 64, 64]",leaky_relu,model_3,Int8WeightOnlyConfig,int8,8.0,False,True,pytorch_quantized_median_latency,0.00043818727135658264,pytorch,median_latency,False,1.0
649,793,64,64,921,"[793, 64, 64]",leaky_relu,model_3,Float8WeightOnlyConfig,float8,8.0,False,True,pytorch_quantized_median_latency,0.0005313549190759659,pytorch,median_latency,False,1.0
650,793,64,64,921,"[793, 64, 64]",leaky_relu,model_3,Int8WeightOnlyConfig,int8,8.0,False,True,pytorch_quantized_p95_latency,0.00044946670532226564,pytorch,p95_latency,False,1.0
651,793,64,64,921,"[793, 64, 64]",leaky_relu,model_3,Float8WeightOnlyConfig,float8,8.0,False,True,pytorch_quantized_p95_latency,0.0005426792427897454,pytorch,p95_latency,False,1.0
652,793,64,64,921,"[793, 64, 64]",leaky_relu,model_3,Int8WeightOnlyConfig,int8,8.0,False,True,pytorch_quantized_p99_latency,0.00045482104644179345,pytorch,p99_latency,False,1.0
653,793,64,64,921,"[793, 64, 64]",leaky_relu,model_3,Float8WeightOnlyConfig,float8,8.0,False,True,pytorch_quantized_p99_latency,0.0005668224580585955,pytorch,p99_latency,False,1.0
654,793,64,64,921,"[793, 64, 64]",leaky_relu,model_3,Int8WeightOnlyConfig,int8,8.0,False,True,pytorch_relative_model_size,0.25,pytorch,model_size,True,1.0
655,793,64,64,921,"[793, 64, 64]",leaky_relu,model_3,Float8WeightOnlyConfig,float8,8.0,False,True,pytorch_relative_model_size,0.25,pytorch,model_size,True,1.0
656,793,64,64,921,"[793, 64, 64]",leaky_relu,model_3,Int8WeightOnlyConfig,int8,8.0,False,True,pytorch_relative_median_latency,2.7794515530665533,pytorch,median_latency,True,1.0
657,793,64,64,921,"[793, 64, 64]",leaky_relu,model_3,Float8WeightOnlyConfig,float8,8.0,False,True,pytorch_relative_median_latency,3.3704202554378004,pytorch,median_latency,True,1.0
658,793,64,64,921,"[793, 64, 64]",leaky_relu,model_3,Int8WeightOnlyConfig,int8,8.0,False,True,pytorch_relative_p95_latency,2.6633011033183434,pytorch,p95_latency,True,1.0
659,793,64,64,921,"[793, 64, 64]",leaky_relu,model_3,Float8WeightOnlyConfig,float8,8.0,False,True,pytorch_relative_p95_latency,3.215629119922476,pytorch,p95_latency,True,1.0
660,793,64,64,921,"[793, 64, 64]",leaky_relu,model_3,Int8WeightOnlyConfig,int8,8.0,False,True,pytorch_relative_p99_latency,2.6560665206110405,pytorch,p99_latency,True,1.0
661,793,64,64,921,"[793, 64, 64]",leaky_relu,model_3,Float8WeightOnlyConfig,float8,8.0,False,True,pytorch_relative_p99_latency,3.3101329979296876,pytorch,p99_latency,True,1.0
662,793,64,64,921,"[793, 64, 64]",leaky_relu,model_3,Int8WeightOnlyConfig,int8,8.0,False,True,onnx_quantized_model_size,32666.0,onnx,model_size,False,1.0
663,793,64,64,921,"[793, 64, 64]",leaky_relu,model_3,Float8WeightOnlyConfig,float8,8.0,False,True,onnx_quantized_model_size,,onnx,model_size,False,1.0
664,793,64,64,921,"[793, 64, 64]",leaky_relu,model_3,Int8WeightOnlyConfig,int8,8.0,False,True,onnx_quantized_median_latency,0.0002680085599422455,onnx,median_latency,False,1.0
665,793,64,64,921,"[793, 64, 64]",leaky_relu,model_3,Float8WeightOnlyConfig,float8,8.0,False,True,onnx_quantized_median_latency,,onnx,median_latency,False,1.0
666,793,64,64,921,"[793, 64, 64]",leaky_relu,model_3,Int8WeightOnlyConfig,int8,8.0,False,True,onnx_quantized_p95_latency,0.0002840842120349407,onnx,p95_latency,False,1.0
667,793,64,64,921,"[793, 64, 64]",leaky_relu,model_3,Float8WeightOnlyConfig,float8,8.0,False,True,onnx_quantized_p95_latency,,onnx,p95_latency,False,1.0
668,793,64,64,921,"[793, 64, 64]",leaky_relu,model_3,Int8WeightOnlyConfig,int8,8.0,False,True,onnx_quantized_p99_latency,0.00029203716665506354,onnx,p99_latency,False,1.0
669,793,64,64,921,"[793, 64, 64]",leaky_relu,model_3,Float8WeightOnlyConfig,float8,8.0,False,True,onnx_quantized_p99_latency,,onnx,p99_latency,False,1.0
670,793,64,64,921,"[793, 64, 64]",leaky_relu,model_3,Int8WeightOnlyConfig,int8,8.0,False,True,onnx_relative_model_size,2.266426143065288,onnx,model_size,True,1.0
671,793,64,64,921,"[793, 64, 64]",leaky_relu,model_3,Float8WeightOnlyConfig,float8,8.0,False,True,onnx_relative_model_size,,onnx,model_size,True,1.0
672,793,64,64,921,"[793, 64, 64]",leaky_relu,model_3,Int8WeightOnlyConfig,int8,8.0,False,True,onnx_relative_median_latency,1.2955349666405553,onnx,median_latency,True,1.0
673,793,64,64,921,"[793, 64, 64]",leaky_relu,model_3,Float8WeightOnlyConfig,float8,8.0,False,True,onnx_relative_median_latency,,onnx,median_latency,True,1.0
674,793,64,64,921,"[793, 64, 64]",leaky_relu,model_3,Int8WeightOnlyConfig,int8,8.0,False,True,onnx_relative_p95_latency,1.3278739692680595,onnx,p95_latency,True,1.0
675,793,64,64,921,"[793, 64, 64]",leaky_relu,model_3,Float8WeightOnlyConfig,float8,8.0,False,True,onnx_relative_p95_latency,,onnx,p95_latency,True,1.0
676,793,64,64,921,"[793, 64, 64]",leaky_relu,model_3,Int8WeightOnlyConfig,int8,8.0,False,True,onnx_relative_p99_latency,1.3429792476961129,onnx,p99_latency,True,1.0
677,793,64,64,921,"[793, 64, 64]",leaky_relu,model_3,Float8WeightOnlyConfig,float8,8.0,False,True,onnx_relative_p99_latency,,onnx,p99_latency,True,1.0
678,793,64,64,921,"[793, 64, 64]",leaky_relu,model_3,Int8WeightOnlyConfig,int8,8.0,False,True,pt2_quantized_model_size,267809.0,pt2,model_size,False,1.0
679,793,64,64,921,"[793, 64, 64]",leaky_relu,model_3,Float8WeightOnlyConfig,float8,8.0,False,True,pt2_quantized_model_size,247073.0,pt2,model_size,False,1.0
680,793,64,64,921,"[793, 64, 64]",leaky_relu,model_3,Int8WeightOnlyConfig,int8,8.0,False,True,pt2_quantized_median_latency,0.0008947988972067833,pt2,median_latency,False,1.0
681,793,64,64,921,"[793, 64, 64]",leaky_relu,model_3,Float8WeightOnlyConfig,float8,8.0,False,True,pt2_quantized_median_latency,0.0007340665906667709,pt2,median_latency,False,1.0
682,793,64,64,921,"[793, 64, 64]",leaky_relu,model_3,Int8WeightOnlyConfig,int8,8.0,False,True,pt2_quantized_p95_latency,0.0009449363686144352,pt2,p95_latency,False,1.0
683,793,64,64,921,"[793, 64, 64]",leaky_relu,model_3,Float8WeightOnlyConfig,float8,8.0,False,True,pt2_quantized_p95_latency,0.0007552028633654118,pt2,p95_latency,False,1.0
684,793,64,64,921,"[793, 64, 64]",leaky_relu,model_3,Int8WeightOnlyConfig,int8,8.0,False,True,pt2_quantized_p99_latency,0.0010287633910775185,pt2,p99_latency,False,1.0
685,793,64,64,921,"[793, 64, 64]",leaky_relu,model_3,Float8WeightOnlyConfig,float8,8.0,False,True,pt2_quantized_p99_latency,0.0008769447356462479,pt2,p99_latency,False,1.0
686,793,64,64,921,"[793, 64, 64]",leaky_relu,model_3,Int8WeightOnlyConfig,int8,8.0,False,True,pt2_relative_model_size,0.49174545407806336,pt2,model_size,True,1.0
687,793,64,64,921,"[793, 64, 64]",leaky_relu,model_3,Float8WeightOnlyConfig,float8,8.0,False,True,pt2_relative_model_size,0.4536704314471483,pt2,model_size,True,1.0
688,793,64,64,921,"[793, 64, 64]",leaky_relu,model_3,Int8WeightOnlyConfig,int8,8.0,False,True,pt2_relative_median_latency,1.7450728246595795,pt2,median_latency,True,1.0
689,793,64,64,921,"[793, 64, 64]",leaky_relu,model_3,Float8WeightOnlyConfig,float8,8.0,False,True,pt2_relative_median_latency,1.4316062110289536,pt2,median_latency,True,1.0
690,793,64,64,921,"[793, 64, 64]",leaky_relu,model_3,Int8WeightOnlyConfig,int8,8.0,False,True,pt2_relative_p95_latency,1.7026280862951906,pt2,p95_latency,True,1.0
691,793,64,64,921,"[793, 64, 64]",leaky_relu,model_3,Float8WeightOnlyConfig,float8,8.0,False,True,pt2_relative_p95_latency,1.3607578761117192,pt2,p95_latency,True,1.0
692,793,64,64,921,"[793, 64, 64]",leaky_relu,model_3,Int8WeightOnlyConfig,int8,8.0,False,True,pt2_relative_p99_latency,1.5400737996514549,pt2,p99_latency,True,1.0
693,793,64,64,921,"[793, 64, 64]",leaky_relu,model_3,Float8WeightOnlyConfig,float8,8.0,False,True,pt2_relative_p99_latency,1.312799058388433,pt2,p99_latency,True,1.0
694,793,64,64,921,"[793, 64, 64]",leaky_relu,model_3,Int8WeightOnlyConfig,int8,8.0,False,True,pytorch_quantized_MAE,7.666071546380517,pytorch,MAE,False,2.0
695,793,64,64,921,"[793, 64, 64]",leaky_relu,model_3,Float8WeightOnlyConfig,float8,8.0,False,True,pytorch_quantized_MAE,7.691969834737697,pytorch,MAE,False,2.0
696,793,64,64,921,"[793, 64, 64]",leaky_relu,model_3,Int8WeightOnlyConfig,int8,8.0,False,True,pytorch_relative_MAE,1.0027510114337548,pytorch,MAE,True,2.0
697,793,64,64,921,"[793, 64, 64]",leaky_relu,model_3,Float8WeightOnlyConfig,float8,8.0,False,True,pytorch_relative_MAE,1.0061386050255243,pytorch,MAE,True,2.0
698,793,64,64,921,"[793, 64, 64]",leaky_relu,model_3,Int8WeightOnlyConfig,int8,8.0,False,True,pytorch_quantized_model_size,120067.0,pytorch,model_size,False,2.0
699,793,64,64,921,"[793, 64, 64]",leaky_relu,model_3,Float8WeightOnlyConfig,float8,8.0,False,True,pytorch_quantized_model_size,120067.0,pytorch,model_size,False,2.0
700,793,64,64,921,"[793, 64, 64]",leaky_relu,model_3,Int8WeightOnlyConfig,int8,8.0,False,True,pytorch_quantized_median_latency,0.00042048003524541855,pytorch,median_latency,False,2.0
701,793,64,64,921,"[793, 64, 64]",leaky_relu,model_3,Float8WeightOnlyConfig,float8,8.0,False,True,pytorch_quantized_median_latency,0.0005238959565758705,pytorch,median_latency,False,2.0
702,793,64,64,921,"[793, 64, 64]",leaky_relu,model_3,Int8WeightOnlyConfig,int8,8.0,False,True,pytorch_quantized_p95_latency,0.0004315285012125969,pytorch,p95_latency,False,2.0
703,793,64,64,921,"[793, 64, 64]",leaky_relu,model_3,Float8WeightOnlyConfig,float8,8.0,False,True,pytorch_quantized_p95_latency,0.0005854740738868713,pytorch,p95_latency,False,2.0
704,793,64,64,921,"[793, 64, 64]",leaky_relu,model_3,Int8WeightOnlyConfig,int8,8.0,False,True,pytorch_quantized_p99_latency,0.0004355486109852791,pytorch,p99_latency,False,2.0
705,793,64,64,921,"[793, 64, 64]",leaky_relu,model_3,Float8WeightOnlyConfig,float8,8.0,False,True,pytorch_quantized_p99_latency,0.0005947239510715008,pytorch,p99_latency,False,2.0
706,793,64,64,921,"[793, 64, 64]",leaky_relu,model_3,Int8WeightOnlyConfig,int8,8.0,False,True,pytorch_relative_model_size,0.25,pytorch,model_size,True,2.0
707,793,64,64,921,"[793, 64, 64]",leaky_relu,model_3,Float8WeightOnlyConfig,float8,8.0,False,True,pytorch_relative_model_size,0.25,pytorch,model_size,True,2.0
708,793,64,64,921,"[793, 64, 64]",leaky_relu,model_3,Int8WeightOnlyConfig,int8,8.0,False,True,pytorch_relative_median_latency,2.6581826103339457,pytorch,median_latency,True,2.0
709,793,64,64,921,"[793, 64, 64]",leaky_relu,model_3,Float8WeightOnlyConfig,float8,8.0,False,True,pytorch_relative_median_latency,3.311955395412369,pytorch,median_latency,True,2.0
710,793,64,64,921,"[793, 64, 64]",leaky_relu,model_3,Int8WeightOnlyConfig,int8,8.0,False,True,pytorch_relative_p95_latency,2.560673030904909,pytorch,p95_latency,True,2.0
711,793,64,64,921,"[793, 64, 64]",leaky_relu,model_3,Float8WeightOnlyConfig,float8,8.0,False,True,pytorch_relative_p95_latency,3.4741799604970693,pytorch,p95_latency,True,2.0
712,793,64,64,921,"[793, 64, 64]",leaky_relu,model_3,Int8WeightOnlyConfig,int8,8.0,False,True,pytorch_relative_p99_latency,2.541973868586319,pytorch,p99_latency,True,2.0
713,793,64,64,921,"[793, 64, 64]",leaky_relu,model_3,Float8WeightOnlyConfig,float8,8.0,False,True,pytorch_relative_p99_latency,3.4709621486940274,pytorch,p99_latency,True,2.0
714,793,64,64,921,"[793, 64, 64]",leaky_relu,model_3,Int8WeightOnlyConfig,int8,8.0,False,True,onnx_quantized_model_size,32666.0,onnx,model_size,False,2.0
715,793,64,64,921,"[793, 64, 64]",leaky_relu,model_3,Float8WeightOnlyConfig,float8,8.0,False,True,onnx_quantized_model_size,,onnx,model_size,False,2.0
716,793,64,64,921,"[793, 64, 64]",leaky_relu,model_3,Int8WeightOnlyConfig,int8,8.0,False,True,onnx_quantized_median_latency,0.00025442056357860565,onnx,median_latency,False,2.0
717,793,64,64,921,"[793, 64, 64]",leaky_relu,model_3,Float8WeightOnlyConfig,float8,8.0,False,True,onnx_quantized_median_latency,,onnx,median_latency,False,2.0
718,793,64,64,921,"[793, 64, 64]",leaky_relu,model_3,Int8WeightOnlyConfig,int8,8.0,False,True,onnx_quantized_p95_latency,0.0002733922563493252,onnx,p95_latency,False,2.0
719,793,64,64,921,"[793, 64, 64]",leaky_relu,model_3,Float8WeightOnlyConfig,float8,8.0,False,True,onnx_quantized_p95_latency,,onnx,p95_latency,False,2.0
720,793,64,64,921,"[793, 64, 64]",leaky_relu,model_3,Int8WeightOnlyConfig,int8,8.0,False,True,onnx_quantized_p99_latency,0.00043458588421344755,onnx,p99_latency,False,2.0
721,793,64,64,921,"[793, 64, 64]",leaky_relu,model_3,Float8WeightOnlyConfig,float8,8.0,False,True,onnx_quantized_p99_latency,,onnx,p99_latency,False,2.0
722,793,64,64,921,"[793, 64, 64]",leaky_relu,model_3,Int8WeightOnlyConfig,int8,8.0,False,True,onnx_relative_model_size,2.266426143065288,onnx,model_size,True,2.0
723,793,64,64,921,"[793, 64, 64]",leaky_relu,model_3,Float8WeightOnlyConfig,float8,8.0,False,True,onnx_relative_model_size,,onnx,model_size,True,2.0
724,793,64,64,921,"[793, 64, 64]",leaky_relu,model_3,Int8WeightOnlyConfig,int8,8.0,False,True,onnx_relative_median_latency,1.23399027016772,onnx,median_latency,True,2.0
725,793,64,64,921,"[793, 64, 64]",leaky_relu,model_3,Float8WeightOnlyConfig,float8,8.0,False,True,onnx_relative_median_latency,,onnx,median_latency,True,2.0
726,793,64,64,921,"[793, 64, 64]",leaky_relu,model_3,Int8WeightOnlyConfig,int8,8.0,False,True,onnx_relative_p95_latency,1.2787340061707988,onnx,p95_latency,True,2.0
727,793,64,64,921,"[793, 64, 64]",leaky_relu,model_3,Float8WeightOnlyConfig,float8,8.0,False,True,onnx_relative_p95_latency,,onnx,p95_latency,True,2.0
728,793,64,64,921,"[793, 64, 64]",leaky_relu,model_3,Int8WeightOnlyConfig,int8,8.0,False,True,onnx_relative_p99_latency,2.004876325161212,onnx,p99_latency,True,2.0
729,793,64,64,921,"[793, 64, 64]",leaky_relu,model_3,Float8WeightOnlyConfig,float8,8.0,False,True,onnx_relative_p99_latency,,onnx,p99_latency,True,2.0
730,793,64,64,921,"[793, 64, 64]",leaky_relu,model_3,Int8WeightOnlyConfig,int8,8.0,False,True,pt2_quantized_model_size,267809.0,pt2,model_size,False,2.0
731,793,64,64,921,"[793, 64, 64]",leaky_relu,model_3,Float8WeightOnlyConfig,float8,8.0,False,True,pt2_quantized_model_size,247073.0,pt2,model_size,False,2.0
732,793,64,64,921,"[793, 64, 64]",leaky_relu,model_3,Int8WeightOnlyConfig,int8,8.0,False,True,pt2_quantized_median_latency,0.0008862726390361786,pt2,median_latency,False,2.0
733,793,64,64,921,"[793, 64, 64]",leaky_relu,model_3,Float8WeightOnlyConfig,float8,8.0,False,True,pt2_quantized_median_latency,0.0007287673652172089,pt2,median_latency,False,2.0
734,793,64,64,921,"[793, 64, 64]",leaky_relu,model_3,Int8WeightOnlyConfig,int8,8.0,False,True,pt2_quantized_p95_latency,0.000895733293145895,pt2,p95_latency,False,2.0
735,793,64,64,921,"[793, 64, 64]",leaky_relu,model_3,Float8WeightOnlyConfig,float8,8.0,False,True,pt2_quantized_p95_latency,0.0007495125755667686,pt2,p95_latency,False,2.0
736,793,64,64,921,"[793, 64, 64]",leaky_relu,model_3,Int8WeightOnlyConfig,int8,8.0,False,True,pt2_quantized_p99_latency,0.001020684614777565,pt2,p99_latency,False,2.0
737,793,64,64,921,"[793, 64, 64]",leaky_relu,model_3,Float8WeightOnlyConfig,float8,8.0,False,True,pt2_quantized_p99_latency,0.000890238545835018,pt2,p99_latency,False,2.0
738,793,64,64,921,"[793, 64, 64]",leaky_relu,model_3,Int8WeightOnlyConfig,int8,8.0,False,True,pt2_relative_model_size,0.49174545407806336,pt2,model_size,True,2.0
739,793,64,64,921,"[793, 64, 64]",leaky_relu,model_3,Float8WeightOnlyConfig,float8,8.0,False,True,pt2_relative_model_size,0.4536704314471483,pt2,model_size,True,2.0
740,793,64,64,921,"[793, 64, 64]",leaky_relu,model_3,Int8WeightOnlyConfig,int8,8.0,False,True,pt2_relative_median_latency,1.97934601968888,pt2,median_latency,True,2.0
741,793,64,64,921,"[793, 64, 64]",leaky_relu,model_3,Float8WeightOnlyConfig,float8,8.0,False,True,pt2_relative_median_latency,1.6275835675019084,pt2,median_latency,True,2.0
742,793,64,64,921,"[793, 64, 64]",leaky_relu,model_3,Int8WeightOnlyConfig,int8,8.0,False,True,pt2_relative_p95_latency,1.9508984443300421,pt2,p95_latency,True,2.0
743,793,64,64,921,"[793, 64, 64]",leaky_relu,model_3,Float8WeightOnlyConfig,float8,8.0,False,True,pt2_relative_p95_latency,1.6324311364419146,pt2,p95_latency,True,2.0
744,793,64,64,921,"[793, 64, 64]",leaky_relu,model_3,Int8WeightOnlyConfig,int8,8.0,False,True,pt2_relative_p99_latency,1.6708329969160187,pt2,p99_latency,True,2.0
745,793,64,64,921,"[793, 64, 64]",leaky_relu,model_3,Float8WeightOnlyConfig,float8,8.0,False,True,pt2_relative_p99_latency,1.4572963244202868,pt2,p99_latency,True,2.0
746,793,64,64,921,"[793, 64, 64]",leaky_relu,model_3,Int8WeightOnlyConfig,int8,8.0,False,True,pytorch_quantized_MAE,7.966835693043577,pytorch,MAE,False,3.0
747,793,64,64,921,"[793, 64, 64]",leaky_relu,model_3,Float8WeightOnlyConfig,float8,8.0,False,True,pytorch_quantized_MAE,7.996939826886383,pytorch,MAE,False,3.0
748,793,64,64,921,"[793, 64, 64]",leaky_relu,model_3,Int8WeightOnlyConfig,int8,8.0,False,True,pytorch_relative_MAE,1.0027272684716952,pytorch,MAE,True,3.0
749,793,64,64,921,"[793, 64, 64]",leaky_relu,model_3,Float8WeightOnlyConfig,float8,8.0,False,True,pytorch_relative_MAE,1.0065162553494165,pytorch,MAE,True,3.0
750,793,64,64,921,"[793, 64, 64]",leaky_relu,model_3,Int8WeightOnlyConfig,int8,8.0,False,True,pytorch_quantized_model_size,120067.0,pytorch,model_size,False,3.0
751,793,64,64,921,"[793, 64, 64]",leaky_relu,model_3,Float8WeightOnlyConfig,float8,8.0,False,True,pytorch_quantized_model_size,120067.0,pytorch,model_size,False,3.0
752,793,64,64,921,"[793, 64, 64]",leaky_relu,model_3,Int8WeightOnlyConfig,int8,8.0,False,True,pytorch_quantized_median_latency,0.0004286607727408409,pytorch,median_latency,False,3.0
753,793,64,64,921,"[793, 64, 64]",leaky_relu,model_3,Float8WeightOnlyConfig,float8,8.0,False,True,pytorch_quantized_median_latency,0.0005288710817694664,pytorch,median_latency,False,3.0
754,793,64,64,921,"[793, 64, 64]",leaky_relu,model_3,Int8WeightOnlyConfig,int8,8.0,False,True,pytorch_quantized_p95_latency,0.00043850410729646684,pytorch,p95_latency,False,3.0
755,793,64,64,921,"[793, 64, 64]",leaky_relu,model_3,Float8WeightOnlyConfig,float8,8.0,False,True,pytorch_quantized_p95_latency,0.0005368136800825596,pytorch,p95_latency,False,3.0
756,793,64,64,921,"[793, 64, 64]",leaky_relu,model_3,Int8WeightOnlyConfig,int8,8.0,False,True,pytorch_quantized_p99_latency,0.00044436935335397717,pytorch,p99_latency,False,3.0
757,793,64,64,921,"[793, 64, 64]",leaky_relu,model_3,Float8WeightOnlyConfig,float8,8.0,False,True,pytorch_quantized_p99_latency,0.0005447364039719104,pytorch,p99_latency,False,3.0
758,793,64,64,921,"[793, 64, 64]",leaky_relu,model_3,Int8WeightOnlyConfig,int8,8.0,False,True,pytorch_relative_model_size,0.25,pytorch,model_size,True,3.0
759,793,64,64,921,"[793, 64, 64]",leaky_relu,model_3,Float8WeightOnlyConfig,float8,8.0,False,True,pytorch_relative_model_size,0.25,pytorch,model_size,True,3.0
760,793,64,64,921,"[793, 64, 64]",leaky_relu,model_3,Int8WeightOnlyConfig,int8,8.0,False,True,pytorch_relative_median_latency,2.6739110228078125,pytorch,median_latency,True,3.0
761,793,64,64,921,"[793, 64, 64]",leaky_relu,model_3,Float8WeightOnlyConfig,float8,8.0,False,True,pytorch_relative_median_latency,3.2990054260053214,pytorch,median_latency,True,3.0
762,793,64,64,921,"[793, 64, 64]",leaky_relu,model_3,Int8WeightOnlyConfig,int8,8.0,False,True,pytorch_relative_p95_latency,2.560994938822576,pytorch,p95_latency,True,3.0
763,793,64,64,921,"[793, 64, 64]",leaky_relu,model_3,Float8WeightOnlyConfig,float8,8.0,False,True,pytorch_relative_p95_latency,3.135152202468854,pytorch,p95_latency,True,3.0
764,793,64,64,921,"[793, 64, 64]",leaky_relu,model_3,Int8WeightOnlyConfig,int8,8.0,False,True,pytorch_relative_p99_latency,2.5562411896789,pytorch,p99_latency,True,3.0
765,793,64,64,921,"[793, 64, 64]",leaky_relu,model_3,Float8WeightOnlyConfig,float8,8.0,False,True,pytorch_relative_p99_latency,3.1336041129761214,pytorch,p99_latency,True,3.0
766,793,64,64,921,"[793, 64, 64]",leaky_relu,model_3,Int8WeightOnlyConfig,int8,8.0,False,True,onnx_quantized_model_size,32666.0,onnx,model_size,False,3.0
767,793,64,64,921,"[793, 64, 64]",leaky_relu,model_3,Float8WeightOnlyConfig,float8,8.0,False,True,onnx_quantized_model_size,,onnx,model_size,False,3.0
768,793,64,64,921,"[793, 64, 64]",leaky_relu,model_3,Int8WeightOnlyConfig,int8,8.0,False,True,onnx_quantized_median_latency,0.00024121534079313278,onnx,median_latency,False,3.0
769,793,64,64,921,"[793, 64, 64]",leaky_relu,model_3,Float8WeightOnlyConfig,float8,8.0,False,True,onnx_quantized_median_latency,,onnx,median_latency,False,3.0
770,793,64,64,921,"[793, 64, 64]",leaky_relu,model_3,Int8WeightOnlyConfig,int8,8.0,False,True,onnx_quantized_p95_latency,0.00025302087888121603,onnx,p95_latency,False,3.0
771,793,64,64,921,"[793, 64, 64]",leaky_relu,model_3,Float8WeightOnlyConfig,float8,8.0,False,True,onnx_quantized_p95_latency,,onnx,p95_latency,False,3.0
772,793,64,64,921,"[793, 64, 64]",leaky_relu,model_3,Int8WeightOnlyConfig,int8,8.0,False,True,onnx_quantized_p99_latency,0.00027440184727311133,onnx,p99_latency,False,3.0
773,793,64,64,921,"[793, 64, 64]",leaky_relu,model_3,Float8WeightOnlyConfig,float8,8.0,False,True,onnx_quantized_p99_latency,,onnx,p99_latency,False,3.0
774,793,64,64,921,"[793, 64, 64]",leaky_relu,model_3,Int8WeightOnlyConfig,int8,8.0,False,True,onnx_relative_model_size,2.266426143065288,onnx,model_size,True,3.0
775,793,64,64,921,"[793, 64, 64]",leaky_relu,model_3,Float8WeightOnlyConfig,float8,8.0,False,True,onnx_relative_model_size,,onnx,model_size,True,3.0
776,793,64,64,921,"[793, 64, 64]",leaky_relu,model_3,Int8WeightOnlyConfig,int8,8.0,False,True,onnx_relative_median_latency,1.1640479636138101,onnx,median_latency,True,3.0
777,793,64,64,921,"[793, 64, 64]",leaky_relu,model_3,Float8WeightOnlyConfig,float8,8.0,False,True,onnx_relative_median_latency,,onnx,median_latency,True,3.0
778,793,64,64,921,"[793, 64, 64]",leaky_relu,model_3,Int8WeightOnlyConfig,int8,8.0,False,True,onnx_relative_p95_latency,1.1775880430726098,onnx,p95_latency,True,3.0
779,793,64,64,921,"[793, 64, 64]",leaky_relu,model_3,Float8WeightOnlyConfig,float8,8.0,False,True,onnx_relative_p95_latency,,onnx,p95_latency,True,3.0
780,793,64,64,921,"[793, 64, 64]",leaky_relu,model_3,Int8WeightOnlyConfig,int8,8.0,False,True,onnx_relative_p99_latency,1.2583434509297853,onnx,p99_latency,True,3.0
781,793,64,64,921,"[793, 64, 64]",leaky_relu,model_3,Float8WeightOnlyConfig,float8,8.0,False,True,onnx_relative_p99_latency,,onnx,p99_latency,True,3.0
782,793,64,64,921,"[793, 64, 64]",leaky_relu,model_3,Int8WeightOnlyConfig,int8,8.0,False,True,pt2_quantized_model_size,267809.0,pt2,model_size,False,3.0
783,793,64,64,921,"[793, 64, 64]",leaky_relu,model_3,Float8WeightOnlyConfig,float8,8.0,False,True,pt2_quantized_model_size,247073.0,pt2,model_size,False,3.0
784,793,64,64,921,"[793, 64, 64]",leaky_relu,model_3,Int8WeightOnlyConfig,int8,8.0,False,True,pt2_quantized_median_latency,0.0009100912138819695,pt2,median_latency,False,3.0
785,793,64,64,921,"[793, 64, 64]",leaky_relu,model_3,Float8WeightOnlyConfig,float8,8.0,False,True,pt2_quantized_median_latency,0.000730372965335846,pt2,median_latency,False,3.0
786,793,64,64,921,"[793, 64, 64]",leaky_relu,model_3,Int8WeightOnlyConfig,int8,8.0,False,True,pt2_quantized_p95_latency,0.0009659804403781891,pt2,p95_latency,False,3.0
787,793,64,64,921,"[793, 64, 64]",leaky_relu,model_3,Float8WeightOnlyConfig,float8,8.0,False,True,pt2_quantized_p95_latency,0.0007401518523693085,pt2,p95_latency,False,3.0
788,793,64,64,921,"[793, 64, 64]",leaky_relu,model_3,Int8WeightOnlyConfig,int8,8.0,False,True,pt2_quantized_p99_latency,0.0015293879620730873,pt2,p99_latency,False,3.0
789,793,64,64,921,"[793, 64, 64]",leaky_relu,model_3,Float8WeightOnlyConfig,float8,8.0,False,True,pt2_quantized_p99_latency,0.0008564854599535464,pt2,p99_latency,False,3.0
790,793,64,64,921,"[793, 64, 64]",leaky_relu,model_3,Int8WeightOnlyConfig,int8,8.0,False,True,pt2_relative_model_size,0.49174545407806336,pt2,model_size,True,3.0
791,793,64,64,921,"[793, 64, 64]",leaky_relu,model_3,Float8WeightOnlyConfig,float8,8.0,False,True,pt2_relative_model_size,0.4536704314471483,pt2,model_size,True,3.0
792,793,64,64,921,"[793, 64, 64]",leaky_relu,model_3,Int8WeightOnlyConfig,int8,8.0,False,True,pt2_relative_median_latency,1.6777514902617916,pt2,median_latency,True,3.0
793,793,64,64,921,"[793, 64, 64]",leaky_relu,model_3,Float8WeightOnlyConfig,float8,8.0,False,True,pt2_relative_median_latency,1.3464412273713704,pt2,median_latency,True,3.0
794,793,64,64,921,"[793, 64, 64]",leaky_relu,model_3,Int8WeightOnlyConfig,int8,8.0,False,True,pt2_relative_p95_latency,1.6900155801360273,pt2,p95_latency,True,3.0
795,793,64,64,921,"[793, 64, 64]",leaky_relu,model_3,Float8WeightOnlyConfig,float8,8.0,False,True,pt2_relative_p95_latency,1.2949207974448709,pt2,p95_latency,True,3.0
796,793,64,64,921,"[793, 64, 64]",leaky_relu,model_3,Int8WeightOnlyConfig,int8,8.0,False,True,pt2_relative_p99_latency,2.216458875311474,pt2,p99_latency,True,3.0
797,793,64,64,921,"[793, 64, 64]",leaky_relu,model_3,Float8WeightOnlyConfig,float8,8.0,False,True,pt2_relative_p99_latency,1.2412578406305959,pt2,p99_latency,True,3.0
808,263,240,165,668,"[263, 240, 165]",gelu,model_4,Int8WeightOnlyConfig,int8,8.0,False,True,pytorch_quantized_MAE,8.72777675797327,pytorch,MAE,False,1.0
809,263,240,165,668,"[263, 240, 165]",gelu,model_4,Float8WeightOnlyConfig,float8,8.0,False,True,pytorch_quantized_MAE,8.720380408070834,pytorch,MAE,False,1.0
810,263,240,165,668,"[263, 240, 165]",gelu,model_4,Int8WeightOnlyConfig,int8,8.0,False,True,pytorch_relative_MAE,1.0004174229569789,pytorch,MAE,True,1.0
811,263,240,165,668,"[263, 240, 165]",gelu,model_4,Float8WeightOnlyConfig,float8,8.0,False,True,pytorch_relative_MAE,0.9995696197289778,pytorch,MAE,True,1.0
812,263,240,165,668,"[263, 240, 165]",gelu,model_4,Int8WeightOnlyConfig,int8,8.0,False,True,pytorch_quantized_model_size,124857.0,pytorch,model_size,False,1.0
813,263,240,165,668,"[263, 240, 165]",gelu,model_4,Float8WeightOnlyConfig,float8,8.0,False,True,pytorch_quantized_model_size,124857.0,pytorch,model_size,False,1.0
814,263,240,165,668,"[263, 240, 165]",gelu,model_4,Int8WeightOnlyConfig,int8,8.0,False,True,pytorch_quantized_median_latency,0.00043380167335271835,pytorch,median_latency,False,1.0
815,263,240,165,668,"[263, 240, 165]",gelu,model_4,Float8WeightOnlyConfig,float8,8.0,False,True,pytorch_quantized_median_latency,0.0005199741572141647,pytorch,median_latency,False,1.0
816,263,240,165,668,"[263, 240, 165]",gelu,model_4,Int8WeightOnlyConfig,int8,8.0,False,True,pytorch_quantized_p95_latency,0.0004452901892364025,pytorch,p95_latency,False,1.0
817,263,240,165,668,"[263, 240, 165]",gelu,model_4,Float8WeightOnlyConfig,float8,8.0,False,True,pytorch_quantized_p95_latency,0.0005276388488709927,pytorch,p95_latency,False,1.0
818,263,240,165,668,"[263, 240, 165]",gelu,model_4,Int8WeightOnlyConfig,int8,8.0,False,True,pytorch_quantized_p99_latency,0.00045737065374851227,pytorch,p99_latency,False,1.0
819,263,240,165,668,"[263, 240, 165]",gelu,model_4,Float8WeightOnlyConfig,float8,8.0,False,True,pytorch_quantized_p99_latency,0.0005321841686964035,pytorch,p99_latency,False,1.0
820,263,240,165,668,"[263, 240, 165]",gelu,model_4,Int8WeightOnlyConfig,int8,8.0,False,True,pytorch_relative_model_size,0.25,pytorch,model_size,True,1.0
821,263,240,165,668,"[263, 240, 165]",gelu,model_4,Float8WeightOnlyConfig,float8,8.0,False,True,pytorch_relative_model_size,0.25,pytorch,model_size,True,1.0
822,263,240,165,668,"[263, 240, 165]",gelu,model_4,Int8WeightOnlyConfig,int8,8.0,False,True,pytorch_relative_median_latency,2.7825694759731414,pytorch,median_latency,True,1.0
823,263,240,165,668,"[263, 240, 165]",gelu,model_4,Float8WeightOnlyConfig,float8,8.0,False,True,pytorch_relative_median_latency,3.335312671748429,pytorch,median_latency,True,1.0
824,263,240,165,668,"[263, 240, 165]",gelu,model_4,Int8WeightOnlyConfig,int8,8.0,False,True,pytorch_relative_p95_latency,2.6664616228871245,pytorch,p95_latency,True,1.0
825,263,240,165,668,"[263, 240, 165]",gelu,model_4,Float8WeightOnlyConfig,float8,8.0,False,True,pytorch_relative_p95_latency,3.159577226867465,pytorch,p95_latency,True,1.0
826,263,240,165,668,"[263, 240, 165]",gelu,model_4,Int8WeightOnlyConfig,int8,8.0,False,True,pytorch_relative_p99_latency,2.6595575877524897,pytorch,p99_latency,True,1.0
827,263,240,165,668,"[263, 240, 165]",gelu,model_4,Float8WeightOnlyConfig,float8,8.0,False,True,pytorch_relative_p99_latency,3.094589546439336,pytorch,p99_latency,True,1.0
828,263,240,165,668,"[263, 240, 165]",gelu,model_4,Int8WeightOnlyConfig,int8,8.0,False,True,onnx_quantized_model_size,47765.0,onnx,model_size,False,1.0
829,263,240,165,668,"[263, 240, 165]",gelu,model_4,Float8WeightOnlyConfig,float8,8.0,False,True,onnx_quantized_model_size,,onnx,model_size,False,1.0
830,263,240,165,668,"[263, 240, 165]",gelu,model_4,Int8WeightOnlyConfig,int8,8.0,False,True,onnx_quantized_median_latency,0.0004887524992227554,onnx,median_latency,False,1.0
831,263,240,165,668,"[263, 240, 165]",gelu,model_4,Float8WeightOnlyConfig,float8,8.0,False,True,onnx_quantized_median_latency,,onnx,median_latency,False,1.0
832,263,240,165,668,"[263, 240, 165]",gelu,model_4,Int8WeightOnlyConfig,int8,8.0,False,True,onnx_quantized_p95_latency,0.0005472644232213497,onnx,p95_latency,False,1.0
833,263,240,165,668,"[263, 240, 165]",gelu,model_4,Float8WeightOnlyConfig,float8,8.0,False,True,onnx_quantized_p95_latency,,onnx,p95_latency,False,1.0
834,263,240,165,668,"[263, 240, 165]",gelu,model_4,Int8WeightOnlyConfig,int8,8.0,False,True,onnx_quantized_p99_latency,0.000580551028251648,onnx,p99_latency,False,1.0
835,263,240,165,668,"[263, 240, 165]",gelu,model_4,Float8WeightOnlyConfig,float8,8.0,False,True,onnx_quantized_p99_latency,,onnx,p99_latency,False,1.0
836,263,240,165,668,"[263, 240, 165]",gelu,model_4,Int8WeightOnlyConfig,int8,8.0,False,True,onnx_relative_model_size,1.6766120256941275,onnx,model_size,True,1.0
837,263,240,165,668,"[263, 240, 165]",gelu,model_4,Float8WeightOnlyConfig,float8,8.0,False,True,onnx_relative_model_size,,onnx,model_size,True,1.0
838,263,240,165,668,"[263, 240, 165]",gelu,model_4,Int8WeightOnlyConfig,int8,8.0,False,True,onnx_relative_median_latency,1.2167922966521598,onnx,median_latency,True,1.0
839,263,240,165,668,"[263, 240, 165]",gelu,model_4,Float8WeightOnlyConfig,float8,8.0,False,True,onnx_relative_median_latency,,onnx,median_latency,True,1.0
840,263,240,165,668,"[263, 240, 165]",gelu,model_4,Int8WeightOnlyConfig,int8,8.0,False,True,onnx_relative_p95_latency,1.2318668708245668,onnx,p95_latency,True,1.0
841,263,240,165,668,"[263, 240, 165]",gelu,model_4,Float8WeightOnlyConfig,float8,8.0,False,True,onnx_relative_p95_latency,,onnx,p95_latency,True,1.0
842,263,240,165,668,"[263, 240, 165]",gelu,model_4,Int8WeightOnlyConfig,int8,8.0,False,True,onnx_relative_p99_latency,1.2278760893732519,onnx,p99_latency,True,1.0
843,263,240,165,668,"[263, 240, 165]",gelu,model_4,Float8WeightOnlyConfig,float8,8.0,False,True,onnx_relative_p99_latency,,onnx,p99_latency,True,1.0
844,263,240,165,668,"[263, 240, 165]",gelu,model_4,Int8WeightOnlyConfig,int8,8.0,False,True,pt2_quantized_model_size,270881.0,pt2,model_size,False,1.0
845,263,240,165,668,"[263, 240, 165]",gelu,model_4,Float8WeightOnlyConfig,float8,8.0,False,True,pt2_quantized_model_size,250081.0,pt2,model_size,False,1.0
846,263,240,165,668,"[263, 240, 165]",gelu,model_4,Int8WeightOnlyConfig,int8,8.0,False,True,pt2_quantized_median_latency,0.0009034713730216026,pt2,median_latency,False,1.0
847,263,240,165,668,"[263, 240, 165]",gelu,model_4,Float8WeightOnlyConfig,float8,8.0,False,True,pt2_quantized_median_latency,0.0007217833772301674,pt2,median_latency,False,1.0
848,263,240,165,668,"[263, 240, 165]",gelu,model_4,Int8WeightOnlyConfig,int8,8.0,False,True,pt2_quantized_p95_latency,0.0009205552749335765,pt2,p95_latency,False,1.0
849,263,240,165,668,"[263, 240, 165]",gelu,model_4,Float8WeightOnlyConfig,float8,8.0,False,True,pt2_quantized_p95_latency,0.0007393930107355117,pt2,p95_latency,False,1.0
850,263,240,165,668,"[263, 240, 165]",gelu,model_4,Int8WeightOnlyConfig,int8,8.0,False,True,pt2_quantized_p99_latency,0.0010459339804947375,pt2,p99_latency,False,1.0
851,263,240,165,668,"[263, 240, 165]",gelu,model_4,Float8WeightOnlyConfig,float8,8.0,False,True,pt2_quantized_p99_latency,0.0008625183254480362,pt2,p99_latency,False,1.0
852,263,240,165,668,"[263, 240, 165]",gelu,model_4,Int8WeightOnlyConfig,int8,8.0,False,True,pt2_relative_model_size,0.4805572655455834,pt2,model_size,True,1.0
853,263,240,165,668,"[263, 240, 165]",gelu,model_4,Float8WeightOnlyConfig,float8,8.0,False,True,pt2_relative_model_size,0.44365696200510574,pt2,model_size,True,1.0
854,263,240,165,668,"[263, 240, 165]",gelu,model_4,Int8WeightOnlyConfig,int8,8.0,False,True,pt2_relative_median_latency,1.2817482390900214,pt2,median_latency,True,1.0
855,263,240,165,668,"[263, 240, 165]",gelu,model_4,Float8WeightOnlyConfig,float8,8.0,False,True,pt2_relative_median_latency,1.023988806280744,pt2,median_latency,True,1.0
856,263,240,165,668,"[263, 240, 165]",gelu,model_4,Int8WeightOnlyConfig,int8,8.0,False,True,pt2_relative_p95_latency,1.2741469034892134,pt2,p95_latency,True,1.0
857,263,240,165,668,"[263, 240, 165]",gelu,model_4,Float8WeightOnlyConfig,float8,8.0,False,True,pt2_relative_p95_latency,1.0233989644545751,pt2,p95_latency,True,1.0
858,263,240,165,668,"[263, 240, 165]",gelu,model_4,Int8WeightOnlyConfig,int8,8.0,False,True,pt2_relative_p99_latency,1.197947168781513,pt2,p99_latency,True,1.0
859,263,240,165,668,"[263, 240, 165]",gelu,model_4,Float8WeightOnlyConfig,float8,8.0,False,True,pt2_relative_p99_latency,0.9878743833371856,pt2,p99_latency,True,1.0
860,263,240,165,668,"[263, 240, 165]",gelu,model_4,Int8WeightOnlyConfig,int8,8.0,False,True,pytorch_quantized_MAE,8.57304308398759,pytorch,MAE,False,2.0
861,263,240,165,668,"[263, 240, 165]",gelu,model_4,Float8WeightOnlyConfig,float8,8.0,False,True,pytorch_quantized_MAE,8.560355587490077,pytorch,MAE,False,2.0
862,263,240,165,668,"[263, 240, 165]",gelu,model_4,Int8WeightOnlyConfig,int8,8.0,False,True,pytorch_relative_MAE,1.0005205076104846,pytorch,MAE,True,2.0
863,263,240,165,668,"[263, 240, 165]",gelu,model_4,Float8WeightOnlyConfig,float8,8.0,False,True,pytorch_relative_MAE,0.9990398081305407,pytorch,MAE,True,2.0
864,263,240,165,668,"[263, 240, 165]",gelu,model_4,Int8WeightOnlyConfig,int8,8.0,False,True,pytorch_quantized_model_size,124857.0,pytorch,model_size,False,2.0
865,263,240,165,668,"[263, 240, 165]",gelu,model_4,Float8WeightOnlyConfig,float8,8.0,False,True,pytorch_quantized_model_size,124857.0,pytorch,model_size,False,2.0
866,263,240,165,668,"[263, 240, 165]",gelu,model_4,Int8WeightOnlyConfig,int8,8.0,False,True,pytorch_quantized_median_latency,0.0004736427217721939,pytorch,median_latency,False,2.0
867,263,240,165,668,"[263, 240, 165]",gelu,model_4,Float8WeightOnlyConfig,float8,8.0,False,True,pytorch_quantized_median_latency,0.0005569085478782654,pytorch,median_latency,False,2.0
868,263,240,165,668,"[263, 240, 165]",gelu,model_4,Int8WeightOnlyConfig,int8,8.0,False,True,pytorch_quantized_p95_latency,0.0004838298074901104,pytorch,p95_latency,False,2.0
869,263,240,165,668,"[263, 240, 165]",gelu,model_4,Float8WeightOnlyConfig,float8,8.0,False,True,pytorch_quantized_p95_latency,0.000590468104928732,pytorch,p95_latency,False,2.0
870,263,240,165,668,"[263, 240, 165]",gelu,model_4,Int8WeightOnlyConfig,int8,8.0,False,True,pytorch_quantized_p99_latency,0.000486505851149559,pytorch,p99_latency,False,2.0
871,263,240,165,668,"[263, 240, 165]",gelu,model_4,Float8WeightOnlyConfig,float8,8.0,False,True,pytorch_quantized_p99_latency,0.000604085884988308,pytorch,p99_latency,False,2.0
872,263,240,165,668,"[263, 240, 165]",gelu,model_4,Int8WeightOnlyConfig,int8,8.0,False,True,pytorch_relative_model_size,0.25,pytorch,model_size,True,2.0
873,263,240,165,668,"[263, 240, 165]",gelu,model_4,Float8WeightOnlyConfig,float8,8.0,False,True,pytorch_relative_model_size,0.25,pytorch,model_size,True,2.0
874,263,240,165,668,"[263, 240, 165]",gelu,model_4,Int8WeightOnlyConfig,int8,8.0,False,True,pytorch_relative_median_latency,3.086919575113809,pytorch,median_latency,True,2.0
875,263,240,165,668,"[263, 240, 165]",gelu,model_4,Float8WeightOnlyConfig,float8,8.0,False,True,pytorch_relative_median_latency,3.629596358118361,pytorch,median_latency,True,2.0
876,263,240,165,668,"[263, 240, 165]",gelu,model_4,Int8WeightOnlyConfig,int8,8.0,False,True,pytorch_relative_p95_latency,2.7461508249685878,pytorch,p95_latency,True,2.0
877,263,240,165,668,"[263, 240, 165]",gelu,model_4,Float8WeightOnlyConfig,float8,8.0,False,True,pytorch_relative_p95_latency,3.3514149983428214,pytorch,p95_latency,True,2.0
878,263,240,165,668,"[263, 240, 165]",gelu,model_4,Int8WeightOnlyConfig,int8,8.0,False,True,pytorch_relative_p99_latency,2.583774966279664,pytorch,p99_latency,True,2.0
879,263,240,165,668,"[263, 240, 165]",gelu,model_4,Float8WeightOnlyConfig,float8,8.0,False,True,pytorch_relative_p99_latency,3.2082286028577833,pytorch,p99_latency,True,2.0
880,263,240,165,668,"[263, 240, 165]",gelu,model_4,Int8WeightOnlyConfig,int8,8.0,False,True,onnx_quantized_model_size,47765.0,onnx,model_size,False,2.0
881,263,240,165,668,"[263, 240, 165]",gelu,model_4,Float8WeightOnlyConfig,float8,8.0,False,True,onnx_quantized_model_size,,onnx,model_size,False,2.0
882,263,240,165,668,"[263, 240, 165]",gelu,model_4,Int8WeightOnlyConfig,int8,8.0,False,True,onnx_quantized_median_latency,0.00048387423157691956,onnx,median_latency,False,2.0
883,263,240,165,668,"[263, 240, 165]",gelu,model_4,Float8WeightOnlyConfig,float8,8.0,False,True,onnx_quantized_median_latency,,onnx,median_latency,False,2.0
884,263,240,165,668,"[263, 240, 165]",gelu,model_4,Int8WeightOnlyConfig,int8,8.0,False,True,onnx_quantized_p95_latency,0.0005204621702432632,onnx,p95_latency,False,2.0
885,263,240,165,668,"[263, 240, 165]",gelu,model_4,Float8WeightOnlyConfig,float8,8.0,False,True,onnx_quantized_p95_latency,,onnx,p95_latency,False,2.0
886,263,240,165,668,"[263, 240, 165]",gelu,model_4,Int8WeightOnlyConfig,int8,8.0,False,True,onnx_quantized_p99_latency,0.00058138906955719,onnx,p99_latency,False,2.0
887,263,240,165,668,"[263, 240, 165]",gelu,model_4,Float8WeightOnlyConfig,float8,8.0,False,True,onnx_quantized_p99_latency,,onnx,p99_latency,False,2.0
888,263,240,165,668,"[263, 240, 165]",gelu,model_4,Int8WeightOnlyConfig,int8,8.0,False,True,onnx_relative_model_size,1.6766120256941275,onnx,model_size,True,2.0
889,263,240,165,668,"[263, 240, 165]",gelu,model_4,Float8WeightOnlyConfig,float8,8.0,False,True,onnx_relative_model_size,,onnx,model_size,True,2.0
890,263,240,165,668,"[263, 240, 165]",gelu,model_4,Int8WeightOnlyConfig,int8,8.0,False,True,onnx_relative_median_latency,1.2086885920935393,onnx,median_latency,True,2.0
891,263,240,165,668,"[263, 240, 165]",gelu,model_4,Float8WeightOnlyConfig,float8,8.0,False,True,onnx_relative_median_latency,,onnx,median_latency,True,2.0
892,263,240,165,668,"[263, 240, 165]",gelu,model_4,Int8WeightOnlyConfig,int8,8.0,False,True,onnx_relative_p95_latency,1.2506243700352513,onnx,p95_latency,True,2.0
893,263,240,165,668,"[263, 240, 165]",gelu,model_4,Float8WeightOnlyConfig,float8,8.0,False,True,onnx_relative_p95_latency,,onnx,p95_latency,True,2.0
894,263,240,165,668,"[263, 240, 165]",gelu,model_4,Int8WeightOnlyConfig,int8,8.0,False,True,onnx_relative_p99_latency,1.2905029085537407,onnx,p99_latency,True,2.0
895,263,240,165,668,"[263, 240, 165]",gelu,model_4,Float8WeightOnlyConfig,float8,8.0,False,True,onnx_relative_p99_latency,,onnx,p99_latency,True,2.0
896,263,240,165,668,"[263, 240, 165]",gelu,model_4,Int8WeightOnlyConfig,int8,8.0,False,True,pt2_quantized_model_size,270881.0,pt2,model_size,False,2.0
897,263,240,165,668,"[263, 240, 165]",gelu,model_4,Float8WeightOnlyConfig,float8,8.0,False,True,pt2_quantized_model_size,250081.0,pt2,model_size,False,2.0
898,263,240,165,668,"[263, 240, 165]",gelu,model_4,Int8WeightOnlyConfig,int8,8.0,False,True,pt2_quantized_median_latency,0.0008989907801151276,pt2,median_latency,False,2.0
899,263,240,165,668,"[263, 240, 165]",gelu,model_4,Float8WeightOnlyConfig,float8,8.0,False,True,pt2_quantized_median_latency,0.0007281657308340073,pt2,median_latency,False,2.0
900,263,240,165,668,"[263, 240, 165]",gelu,model_4,Int8WeightOnlyConfig,int8,8.0,False,True,pt2_quantized_p95_latency,0.0009086611680686474,pt2,p95_latency,False,2.0
901,263,240,165,668,"[263, 240, 165]",gelu,model_4,Float8WeightOnlyConfig,float8,8.0,False,True,pt2_quantized_p95_latency,0.000740458071231842,pt2,p95_latency,False,2.0
902,263,240,165,668,"[263, 240, 165]",gelu,model_4,Int8WeightOnlyConfig,int8,8.0,False,True,pt2_quantized_p99_latency,0.0010286983102560042,pt2,p99_latency,False,2.0
903,263,240,165,668,"[263, 240, 165]",gelu,model_4,Float8WeightOnlyConfig,float8,8.0,False,True,pt2_quantized_p99_latency,0.0008626602590084076,pt2,p99_latency,False,2.0
904,263,240,165,668,"[263, 240, 165]",gelu,model_4,Int8WeightOnlyConfig,int8,8.0,False,True,pt2_relative_model_size,0.4805572655455834,pt2,model_size,True,2.0
905,263,240,165,668,"[263, 240, 165]",gelu,model_4,Float8WeightOnlyConfig,float8,8.0,False,True,pt2_relative_model_size,0.44365696200510574,pt2,model_size,True,2.0
906,263,240,165,668,"[263, 240, 165]",gelu,model_4,Int8WeightOnlyConfig,int8,8.0,False,True,pt2_relative_median_latency,1.2637998415805287,pt2,median_latency,True,2.0
907,263,240,165,668,"[263, 240, 165]",gelu,model_4,Float8WeightOnlyConfig,float8,8.0,False,True,pt2_relative_median_latency,1.0236542527772505,pt2,median_latency,True,2.0
908,263,240,165,668,"[263, 240, 165]",gelu,model_4,Int8WeightOnlyConfig,int8,8.0,False,True,pt2_relative_p95_latency,1.2447073934407846,pt2,p95_latency,True,2.0
909,263,240,165,668,"[263, 240, 165]",gelu,model_4,Float8WeightOnlyConfig,float8,8.0,False,True,pt2_relative_p95_latency,1.014298473603912,pt2,p95_latency,True,2.0
910,263,240,165,668,"[263, 240, 165]",gelu,model_4,Int8WeightOnlyConfig,int8,8.0,False,True,pt2_relative_p99_latency,1.1685627908826923,pt2,p99_latency,True,2.0
911,263,240,165,668,"[263, 240, 165]",gelu,model_4,Float8WeightOnlyConfig,float8,8.0,False,True,pt2_relative_p99_latency,0.9799497771116,pt2,p99_latency,True,2.0
912,263,240,165,668,"[263, 240, 165]",gelu,model_4,Int8WeightOnlyConfig,int8,8.0,False,True,pytorch_quantized_MAE,8.451532656363687,pytorch,MAE,False,3.0
913,263,240,165,668,"[263, 240, 165]",gelu,model_4,Float8WeightOnlyConfig,float8,8.0,False,True,pytorch_quantized_MAE,8.44505953138321,pytorch,MAE,False,3.0
914,263,240,165,668,"[263, 240, 165]",gelu,model_4,Int8WeightOnlyConfig,int8,8.0,False,True,pytorch_relative_MAE,1.0003483916019655,pytorch,MAE,True,3.0
915,263,240,165,668,"[263, 240, 165]",gelu,model_4,Float8WeightOnlyConfig,float8,8.0,False,True,pytorch_relative_MAE,0.9995822133919124,pytorch,MAE,True,3.0
916,263,240,165,668,"[263, 240, 165]",gelu,model_4,Int8WeightOnlyConfig,int8,8.0,False,True,pytorch_quantized_model_size,124857.0,pytorch,model_size,False,3.0
917,263,240,165,668,"[263, 240, 165]",gelu,model_4,Float8WeightOnlyConfig,float8,8.0,False,True,pytorch_quantized_model_size,124857.0,pytorch,model_size,False,3.0
918,263,240,165,668,"[263, 240, 165]",gelu,model_4,Int8WeightOnlyConfig,int8,8.0,False,True,pytorch_quantized_median_latency,0.0004237992689013481,pytorch,median_latency,False,3.0
919,263,240,165,668,"[263, 240, 165]",gelu,model_4,Float8WeightOnlyConfig,float8,8.0,False,True,pytorch_quantized_median_latency,0.0005277050659060478,pytorch,median_latency,False,3.0
920,263,240,165,668,"[263, 240, 165]",gelu,model_4,Int8WeightOnlyConfig,int8,8.0,False,True,pytorch_quantized_p95_latency,0.00043561644852161405,pytorch,p95_latency,False,3.0
921,263,240,165,668,"[263, 240, 165]",gelu,model_4,Float8WeightOnlyConfig,float8,8.0,False,True,pytorch_quantized_p95_latency,0.0005356504581868648,pytorch,p95_latency,False,3.0
922,263,240,165,668,"[263, 240, 165]",gelu,model_4,Int8WeightOnlyConfig,int8,8.0,False,True,pytorch_quantized_p99_latency,0.0004525463283061981,pytorch,p99_latency,False,3.0
923,263,240,165,668,"[263, 240, 165]",gelu,model_4,Float8WeightOnlyConfig,float8,8.0,False,True,pytorch_quantized_p99_latency,0.0005459438450634478,pytorch,p99_latency,False,3.0
924,263,240,165,668,"[263, 240, 165]",gelu,model_4,Int8WeightOnlyConfig,int8,8.0,False,True,pytorch_relative_model_size,0.25,pytorch,model_size,True,3.0
925,263,240,165,668,"[263, 240, 165]",gelu,model_4,Float8WeightOnlyConfig,float8,8.0,False,True,pytorch_relative_model_size,0.25,pytorch,model_size,True,3.0
926,263,240,165,668,"[263, 240, 165]",gelu,model_4,Int8WeightOnlyConfig,int8,8.0,False,True,pytorch_relative_median_latency,2.4374293626434844,pytorch,median_latency,True,3.0
927,263,240,165,668,"[263, 240, 165]",gelu,model_4,Float8WeightOnlyConfig,float8,8.0,False,True,pytorch_relative_median_latency,3.0350307724446015,pytorch,median_latency,True,3.0
928,263,240,165,668,"[263, 240, 165]",gelu,model_4,Int8WeightOnlyConfig,int8,8.0,False,True,pytorch_relative_p95_latency,2.33932844901701,pytorch,p95_latency,True,3.0
929,263,240,165,668,"[263, 240, 165]",gelu,model_4,Float8WeightOnlyConfig,float8,8.0,False,True,pytorch_relative_p95_latency,2.8765267239521046,pytorch,p95_latency,True,3.0
930,263,240,165,668,"[263, 240, 165]",gelu,model_4,Int8WeightOnlyConfig,int8,8.0,False,True,pytorch_relative_p99_latency,2.091098471742681,pytorch,p99_latency,True,3.0
931,263,240,165,668,"[263, 240, 165]",gelu,model_4,Float8WeightOnlyConfig,float8,8.0,False,True,pytorch_relative_p99_latency,2.5226640205929676,pytorch,p99_latency,True,3.0
932,263,240,165,668,"[263, 240, 165]",gelu,model_4,Int8WeightOnlyConfig,int8,8.0,False,True,onnx_quantized_model_size,47765.0,onnx,model_size,False,3.0
933,263,240,165,668,"[263, 240, 165]",gelu,model_4,Float8WeightOnlyConfig,float8,8.0,False,True,onnx_quantized_model_size,,onnx,model_size,False,3.0
934,263,240,165,668,"[263, 240, 165]",gelu,model_4,Int8WeightOnlyConfig,int8,8.0,False,True,onnx_quantized_median_latency,0.0004741251468658447,onnx,median_latency,False,3.0
935,263,240,165,668,"[263, 240, 165]",gelu,model_4,Float8WeightOnlyConfig,float8,8.0,False,True,onnx_quantized_median_latency,,onnx,median_latency,False,3.0
936,263,240,165,668,"[263, 240, 165]",gelu,model_4,Int8WeightOnlyConfig,int8,8.0,False,True,onnx_quantized_p95_latency,0.0005708468146622181,onnx,p95_latency,False,3.0
937,263,240,165,668,"[263, 240, 165]",gelu,model_4,Float8WeightOnlyConfig,float8,8.0,False,True,onnx_quantized_p95_latency,,onnx,p95_latency,False,3.0
938,263,240,165,668,"[263, 240, 165]",gelu,model_4,Int8WeightOnlyConfig,int8,8.0,False,True,onnx_quantized_p99_latency,0.0005807483755052089,onnx,p99_latency,False,3.0
939,263,240,165,668,"[263, 240, 165]",gelu,model_4,Float8WeightOnlyConfig,float8,8.0,False,True,onnx_quantized_p99_latency,,onnx,p99_latency,False,3.0
940,263,240,165,668,"[263, 240, 165]",gelu,model_4,Int8WeightOnlyConfig,int8,8.0,False,True,onnx_relative_model_size,1.6766120256941275,onnx,model_size,True,3.0
941,263,240,165,668,"[263, 240, 165]",gelu,model_4,Float8WeightOnlyConfig,float8,8.0,False,True,onnx_relative_model_size,,onnx,model_size,True,3.0
942,263,240,165,668,"[263, 240, 165]",gelu,model_4,Int8WeightOnlyConfig,int8,8.0,False,True,onnx_relative_median_latency,1.176595120169918,onnx,median_latency,True,3.0
943,263,240,165,668,"[263, 240, 165]",gelu,model_4,Float8WeightOnlyConfig,float8,8.0,False,True,onnx_relative_median_latency,,onnx,median_latency,True,3.0
944,263,240,165,668,"[263, 240, 165]",gelu,model_4,Int8WeightOnlyConfig,int8,8.0,False,True,onnx_relative_p95_latency,1.3810121950615024,onnx,p95_latency,True,3.0
945,263,240,165,668,"[263, 240, 165]",gelu,model_4,Float8WeightOnlyConfig,float8,8.0,False,True,onnx_relative_p95_latency,,onnx,p95_latency,True,3.0
946,263,240,165,668,"[263, 240, 165]",gelu,model_4,Int8WeightOnlyConfig,int8,8.0,False,True,onnx_relative_p99_latency,1.391199131476916,onnx,p99_latency,True,3.0
947,263,240,165,668,"[263, 240, 165]",gelu,model_4,Float8WeightOnlyConfig,float8,8.0,False,True,onnx_relative_p99_latency,,onnx,p99_latency,True,3.0
948,263,240,165,668,"[263, 240, 165]",gelu,model_4,Int8WeightOnlyConfig,int8,8.0,False,True,pt2_quantized_model_size,270881.0,pt2,model_size,False,3.0
949,263,240,165,668,"[263, 240, 165]",gelu,model_4,Float8WeightOnlyConfig,float8,8.0,False,True,pt2_quantized_model_size,250081.0,pt2,model_size,False,3.0
950,263,240,165,668,"[263, 240, 165]",gelu,model_4,Int8WeightOnlyConfig,int8,8.0,False,True,pt2_quantized_median_latency,0.0009026946499943733,pt2,median_latency,False,3.0
951,263,240,165,668,"[263, 240, 165]",gelu,model_4,Float8WeightOnlyConfig,float8,8.0,False,True,pt2_quantized_median_latency,0.0007287617772817612,pt2,median_latency,False,3.0
952,263,240,165,668,"[263, 240, 165]",gelu,model_4,Int8WeightOnlyConfig,int8,8.0,False,True,pt2_quantized_p95_latency,0.0009127059951424598,pt2,p95_latency,False,3.0
953,263,240,165,668,"[263, 240, 165]",gelu,model_4,Float8WeightOnlyConfig,float8,8.0,False,True,pt2_quantized_p95_latency,0.0007437188178300858,pt2,p95_latency,False,3.0
954,263,240,165,668,"[263, 240, 165]",gelu,model_4,Int8WeightOnlyConfig,int8,8.0,False,True,pt2_quantized_p99_latency,0.0010341998189687728,pt2,p99_latency,False,3.0
955,263,240,165,668,"[263, 240, 165]",gelu,model_4,Float8WeightOnlyConfig,float8,8.0,False,True,pt2_quantized_p99_latency,0.0008707897178828708,pt2,p99_latency,False,3.0
956,263,240,165,668,"[263, 240, 165]",gelu,model_4,Int8WeightOnlyConfig,int8,8.0,False,True,pt2_relative_model_size,0.4805572655455834,pt2,model_size,True,3.0
957,263,240,165,668,"[263, 240, 165]",gelu,model_4,Float8WeightOnlyConfig,float8,8.0,False,True,pt2_relative_model_size,0.44365696200510574,pt2,model_size,True,3.0
958,263,240,165,668,"[263, 240, 165]",gelu,model_4,Int8WeightOnlyConfig,int8,8.0,False,True,pt2_relative_median_latency,1.2758017024536445,pt2,median_latency,True,3.0
959,263,240,165,668,"[263, 240, 165]",gelu,model_4,Float8WeightOnlyConfig,float8,8.0,False,True,pt2_relative_median_latency,1.0299778736309226,pt2,median_latency,True,3.0
960,263,240,165,668,"[263, 240, 165]",gelu,model_4,Int8WeightOnlyConfig,int8,8.0,False,True,pt2_relative_p95_latency,1.2598810890808572,pt2,p95_latency,True,3.0
961,263,240,165,668,"[263, 240, 165]",gelu,model_4,Float8WeightOnlyConfig,float8,8.0,False,True,pt2_relative_p95_latency,1.0266145715756416,pt2,p95_latency,True,3.0
962,263,240,165,668,"[263, 240, 165]",gelu,model_4,Int8WeightOnlyConfig,int8,8.0,False,True,pt2_relative_p99_latency,1.1962341895045725,pt2,p99_latency,True,3.0
963,263,240,165,668,"[263, 240, 165]",gelu,model_4,Float8WeightOnlyConfig,float8,8.0,False,True,pt2_relative_p99_latency,1.007221634827983,pt2,p99_latency,True,3.0
974,403,64,172,639,"[403, 64, 172]",celu,model_5,Int8WeightOnlyConfig,int8,8.0,False,True,pytorch_quantized_MAE,9.636691720555216,pytorch,MAE,False,1.0
975,403,64,172,639,"[403, 64, 172]",celu,model_5,Float8WeightOnlyConfig,float8,8.0,False,True,pytorch_quantized_MAE,9.640227001114825,pytorch,MAE,False,1.0
976,403,64,172,639,"[403, 64, 172]",celu,model_5,Int8WeightOnlyConfig,int8,8.0,False,True,pytorch_relative_MAE,0.9999589307144664,pytorch,MAE,True,1.0
977,403,64,172,639,"[403, 64, 172]",celu,model_5,Float8WeightOnlyConfig,float8,8.0,False,True,pytorch_relative_MAE,1.000325771895099,pytorch,MAE,True,1.0
978,403,64,172,639,"[403, 64, 172]",celu,model_5,Int8WeightOnlyConfig,int8,8.0,False,True,pytorch_quantized_model_size,70255.0,pytorch,model_size,False,1.0
979,403,64,172,639,"[403, 64, 172]",celu,model_5,Float8WeightOnlyConfig,float8,8.0,False,True,pytorch_quantized_model_size,70255.0,pytorch,model_size,False,1.0
980,403,64,172,639,"[403, 64, 172]",celu,model_5,Int8WeightOnlyConfig,int8,8.0,False,True,pytorch_quantized_median_latency,0.0004348382353782654,pytorch,median_latency,False,1.0
981,403,64,172,639,"[403, 64, 172]",celu,model_5,Float8WeightOnlyConfig,float8,8.0,False,True,pytorch_quantized_median_latency,0.0005277805030345917,pytorch,median_latency,False,1.0
982,403,64,172,639,"[403, 64, 172]",celu,model_5,Int8WeightOnlyConfig,int8,8.0,False,True,pytorch_quantized_p95_latency,0.000446457602083683,pytorch,p95_latency,False,1.0
983,403,64,172,639,"[403, 64, 172]",celu,model_5,Float8WeightOnlyConfig,float8,8.0,False,True,pytorch_quantized_p95_latency,0.0005872033536434173,pytorch,p95_latency,False,1.0
984,403,64,172,639,"[403, 64, 172]",celu,model_5,Int8WeightOnlyConfig,int8,8.0,False,True,pytorch_quantized_p99_latency,0.0004541771300137043,pytorch,p99_latency,False,1.0
985,403,64,172,639,"[403, 64, 172]",celu,model_5,Float8WeightOnlyConfig,float8,8.0,False,True,pytorch_quantized_p99_latency,0.0005911005847156048,pytorch,p99_latency,False,1.0
986,403,64,172,639,"[403, 64, 172]",celu,model_5,Int8WeightOnlyConfig,int8,8.0,False,True,pytorch_relative_model_size,0.25,pytorch,model_size,True,1.0
987,403,64,172,639,"[403, 64, 172]",celu,model_5,Float8WeightOnlyConfig,float8,8.0,False,True,pytorch_relative_model_size,0.25,pytorch,model_size,True,1.0
988,403,64,172,639,"[403, 64, 172]",celu,model_5,Int8WeightOnlyConfig,int8,8.0,False,True,pytorch_relative_median_latency,2.7028353767959894,pytorch,median_latency,True,1.0
989,403,64,172,639,"[403, 64, 172]",celu,model_5,Float8WeightOnlyConfig,float8,8.0,False,True,pytorch_relative_median_latency,3.280539057344309,pytorch,median_latency,True,1.0
990,403,64,172,639,"[403, 64, 172]",celu,model_5,Int8WeightOnlyConfig,int8,8.0,False,True,pytorch_relative_p95_latency,2.598697670182697,pytorch,p95_latency,True,1.0
991,403,64,172,639,"[403, 64, 172]",celu,model_5,Float8WeightOnlyConfig,float8,8.0,False,True,pytorch_relative_p95_latency,3.417937067069118,pytorch,p95_latency,True,1.0
992,403,64,172,639,"[403, 64, 172]",celu,model_5,Int8WeightOnlyConfig,int8,8.0,False,True,pytorch_relative_p99_latency,2.6070187525907462,pytorch,p99_latency,True,1.0
993,403,64,172,639,"[403, 64, 172]",celu,model_5,Float8WeightOnlyConfig,float8,8.0,False,True,pytorch_relative_p99_latency,3.3929720524995135,pytorch,p99_latency,True,1.0
994,403,64,172,639,"[403, 64, 172]",celu,model_5,Int8WeightOnlyConfig,int8,8.0,False,True,onnx_quantized_model_size,33190.0,onnx,model_size,False,1.0
995,403,64,172,639,"[403, 64, 172]",celu,model_5,Float8WeightOnlyConfig,float8,8.0,False,True,onnx_quantized_model_size,,onnx,model_size,False,1.0
996,403,64,172,639,"[403, 64, 172]",celu,model_5,Int8WeightOnlyConfig,int8,8.0,False,True,onnx_quantized_median_latency,0.0006058467552065849,onnx,median_latency,False,1.0
997,403,64,172,639,"[403, 64, 172]",celu,model_5,Float8WeightOnlyConfig,float8,8.0,False,True,onnx_quantized_median_latency,,onnx,median_latency,False,1.0
998,403,64,172,639,"[403, 64, 172]",celu,model_5,Int8WeightOnlyConfig,int8,8.0,False,True,onnx_quantized_p95_latency,0.0006181870587170124,onnx,p95_latency,False,1.0
999,403,64,172,639,"[403, 64, 172]",celu,model_5,Float8WeightOnlyConfig,float8,8.0,False,True,onnx_quantized_p95_latency,,onnx,p95_latency,False,1.0
1000,403,64,172,639,"[403, 64, 172]",celu,model_5,Int8WeightOnlyConfig,int8,8.0,False,True,onnx_quantized_p99_latency,0.0006245578452944756,onnx,p99_latency,False,1.0
1001,403,64,172,639,"[403, 64, 172]",celu,model_5,Float8WeightOnlyConfig,float8,8.0,False,True,onnx_quantized_p99_latency,,onnx,p99_latency,False,1.0
1002,403,64,172,639,"[403, 64, 172]",celu,model_5,Int8WeightOnlyConfig,int8,8.0,False,True,onnx_relative_model_size,2.4145205878073623,onnx,model_size,True,1.0
1003,403,64,172,639,"[403, 64, 172]",celu,model_5,Float8WeightOnlyConfig,float8,8.0,False,True,onnx_relative_model_size,,onnx,model_size,True,1.0
1004,403,64,172,639,"[403, 64, 172]",celu,model_5,Int8WeightOnlyConfig,int8,8.0,False,True,onnx_relative_median_latency,1.1528903649774747,onnx,median_latency,True,1.0
1005,403,64,172,639,"[403, 64, 172]",celu,model_5,Float8WeightOnlyConfig,float8,8.0,False,True,onnx_relative_median_latency,,onnx,median_latency,True,1.0
1006,403,64,172,639,"[403, 64, 172]",celu,model_5,Int8WeightOnlyConfig,int8,8.0,False,True,onnx_relative_p95_latency,1.1467763456030209,onnx,p95_latency,True,1.0
1007,403,64,172,639,"[403, 64, 172]",celu,model_5,Float8WeightOnlyConfig,float8,8.0,False,True,onnx_relative_p95_latency,,onnx,p95_latency,True,1.0
1008,403,64,172,639,"[403, 64, 172]",celu,model_5,Int8WeightOnlyConfig,int8,8.0,False,True,onnx_relative_p99_latency,1.1392286647238912,onnx,p99_latency,True,1.0
1009,403,64,172,639,"[403, 64, 172]",celu,model_5,Float8WeightOnlyConfig,float8,8.0,False,True,onnx_relative_p99_latency,,onnx,p99_latency,True,1.0
1010,403,64,172,639,"[403, 64, 172]",celu,model_5,Int8WeightOnlyConfig,int8,8.0,False,True,pt2_quantized_model_size,215969.0,pt2,model_size,False,1.0
1011,403,64,172,639,"[403, 64, 172]",celu,model_5,Float8WeightOnlyConfig,float8,8.0,False,True,pt2_quantized_model_size,195233.0,pt2,model_size,False,1.0
1012,403,64,172,639,"[403, 64, 172]",celu,model_5,Int8WeightOnlyConfig,int8,8.0,False,True,pt2_quantized_median_latency,0.0008885711431503296,pt2,median_latency,False,1.0
1013,403,64,172,639,"[403, 64, 172]",celu,model_5,Float8WeightOnlyConfig,float8,8.0,False,True,pt2_quantized_median_latency,0.0007326332852244377,pt2,median_latency,False,1.0
1014,403,64,172,639,"[403, 64, 172]",celu,model_5,Int8WeightOnlyConfig,int8,8.0,False,True,pt2_quantized_p95_latency,0.0009040533564984798,pt2,p95_latency,False,1.0
1015,403,64,172,639,"[403, 64, 172]",celu,model_5,Float8WeightOnlyConfig,float8,8.0,False,True,pt2_quantized_p95_latency,0.0007434425875544547,pt2,p95_latency,False,1.0
1016,403,64,172,639,"[403, 64, 172]",celu,model_5,Int8WeightOnlyConfig,int8,8.0,False,True,pt2_quantized_p99_latency,0.0010305900312960147,pt2,p99_latency,False,1.0
1017,403,64,172,639,"[403, 64, 172]",celu,model_5,Float8WeightOnlyConfig,float8,8.0,False,True,pt2_quantized_p99_latency,0.0008674965985119343,pt2,p99_latency,False,1.0
1018,403,64,172,639,"[403, 64, 172]",celu,model_5,Int8WeightOnlyConfig,int8,8.0,False,True,pt2_relative_model_size,0.6254296826357536,pt2,model_size,True,1.0
1019,403,64,172,639,"[403, 64, 172]",celu,model_5,Float8WeightOnlyConfig,float8,8.0,False,True,pt2_relative_model_size,0.5653798148346573,pt2,model_size,True,1.0
1020,403,64,172,639,"[403, 64, 172]",celu,model_5,Int8WeightOnlyConfig,int8,8.0,False,True,pt2_relative_median_latency,1.470040537604753,pt2,median_latency,True,1.0
1021,403,64,172,639,"[403, 64, 172]",celu,model_5,Float8WeightOnlyConfig,float8,8.0,False,True,pt2_relative_median_latency,1.2120589744340373,pt2,median_latency,True,1.0
1022,403,64,172,639,"[403, 64, 172]",celu,model_5,Int8WeightOnlyConfig,int8,8.0,False,True,pt2_relative_p95_latency,1.437670337560504,pt2,p95_latency,True,1.0
1023,403,64,172,639,"[403, 64, 172]",celu,model_5,Float8WeightOnlyConfig,float8,8.0,False,True,pt2_relative_p95_latency,1.1822591533158748,pt2,p95_latency,True,1.0
1024,403,64,172,639,"[403, 64, 172]",celu,model_5,Int8WeightOnlyConfig,int8,8.0,False,True,pt2_relative_p99_latency,1.3597429931657223,pt2,p99_latency,True,1.0
1025,403,64,172,639,"[403, 64, 172]",celu,model_5,Float8WeightOnlyConfig,float8,8.0,False,True,pt2_relative_p99_latency,1.1445602864393454,pt2,p99_latency,True,1.0
1026,403,64,172,639,"[403, 64, 172]",celu,model_5,Int8WeightOnlyConfig,int8,8.0,False,True,pytorch_quantized_MAE,9.56133555199667,pytorch,MAE,False,2.0
1027,403,64,172,639,"[403, 64, 172]",celu,model_5,Float8WeightOnlyConfig,float8,8.0,False,True,pytorch_quantized_MAE,9.558692164165393,pytorch,MAE,False,2.0
1028,403,64,172,639,"[403, 64, 172]",celu,model_5,Int8WeightOnlyConfig,int8,8.0,False,True,pytorch_relative_MAE,1.000038535419487,pytorch,MAE,True,2.0
1029,403,64,172,639,"[403, 64, 172]",celu,model_5,Float8WeightOnlyConfig,float8,8.0,False,True,pytorch_relative_MAE,0.999762058385399,pytorch,MAE,True,2.0
1030,403,64,172,639,"[403, 64, 172]",celu,model_5,Int8WeightOnlyConfig,int8,8.0,False,True,pytorch_quantized_model_size,70255.0,pytorch,model_size,False,2.0
1031,403,64,172,639,"[403, 64, 172]",celu,model_5,Float8WeightOnlyConfig,float8,8.0,False,True,pytorch_quantized_model_size,70255.0,pytorch,model_size,False,2.0
1032,403,64,172,639,"[403, 64, 172]",celu,model_5,Int8WeightOnlyConfig,int8,8.0,False,True,pytorch_quantized_median_latency,0.00043320655822753906,pytorch,median_latency,False,2.0
1033,403,64,172,639,"[403, 64, 172]",celu,model_5,Float8WeightOnlyConfig,float8,8.0,False,True,pytorch_quantized_median_latency,0.0005385261029005051,pytorch,median_latency,False,2.0
1034,403,64,172,639,"[403, 64, 172]",celu,model_5,Int8WeightOnlyConfig,int8,8.0,False,True,pytorch_quantized_p95_latency,0.00044445227831602097,pytorch,p95_latency,False,2.0
1035,403,64,172,639,"[403, 64, 172]",celu,model_5,Float8WeightOnlyConfig,float8,8.0,False,True,pytorch_quantized_p95_latency,0.00054642828181386,pytorch,p95_latency,False,2.0
1036,403,64,172,639,"[403, 64, 172]",celu,model_5,Int8WeightOnlyConfig,int8,8.0,False,True,pytorch_quantized_p99_latency,0.0004466310515999794,pytorch,p99_latency,False,2.0
1037,403,64,172,639,"[403, 64, 172]",celu,model_5,Float8WeightOnlyConfig,float8,8.0,False,True,pytorch_quantized_p99_latency,0.0005556201934814453,pytorch,p99_latency,False,2.0
1038,403,64,172,639,"[403, 64, 172]",celu,model_5,Int8WeightOnlyConfig,int8,8.0,False,True,pytorch_relative_model_size,0.25,pytorch,model_size,True,2.0
1039,403,64,172,639,"[403, 64, 172]",celu,model_5,Float8WeightOnlyConfig,float8,8.0,False,True,pytorch_relative_model_size,0.25,pytorch,model_size,True,2.0
1040,403,64,172,639,"[403, 64, 172]",celu,model_5,Int8WeightOnlyConfig,int8,8.0,False,True,pytorch_relative_median_latency,2.4369967150588616,pytorch,median_latency,True,2.0
1041,403,64,172,639,"[403, 64, 172]",celu,model_5,Float8WeightOnlyConfig,float8,8.0,False,True,pytorch_relative_median_latency,3.029470165714016,pytorch,median_latency,True,2.0
1042,403,64,172,639,"[403, 64, 172]",celu,model_5,Int8WeightOnlyConfig,int8,8.0,False,True,pytorch_relative_p95_latency,2.3339970078403582,pytorch,p95_latency,True,2.0
1043,403,64,172,639,"[403, 64, 172]",celu,model_5,Float8WeightOnlyConfig,float8,8.0,False,True,pytorch_relative_p95_latency,2.8695138645370393,pytorch,p95_latency,True,2.0
1044,403,64,172,639,"[403, 64, 172]",celu,model_5,Int8WeightOnlyConfig,int8,8.0,False,True,pytorch_relative_p99_latency,2.2918503915295387,pytorch,p99_latency,True,2.0
1045,403,64,172,639,"[403, 64, 172]",celu,model_5,Float8WeightOnlyConfig,float8,8.0,False,True,pytorch_relative_p99_latency,2.851119180832673,pytorch,p99_latency,True,2.0
1046,403,64,172,639,"[403, 64, 172]",celu,model_5,Int8WeightOnlyConfig,int8,8.0,False,True,onnx_quantized_model_size,33190.0,onnx,model_size,False,2.0
1047,403,64,172,639,"[403, 64, 172]",celu,model_5,Float8WeightOnlyConfig,float8,8.0,False,True,onnx_quantized_model_size,,onnx,model_size,False,2.0
1048,403,64,172,639,"[403, 64, 172]",celu,model_5,Int8WeightOnlyConfig,int8,8.0,False,True,onnx_quantized_median_latency,0.0006072688847780228,onnx,median_latency,False,2.0
1049,403,64,172,639,"[403, 64, 172]",celu,model_5,Float8WeightOnlyConfig,float8,8.0,False,True,onnx_quantized_median_latency,,onnx,median_latency,False,2.0
1050,403,64,172,639,"[403, 64, 172]",celu,model_5,Int8WeightOnlyConfig,int8,8.0,False,True,onnx_quantized_p95_latency,0.0006306175142526627,onnx,p95_latency,False,2.0
1051,403,64,172,639,"[403, 64, 172]",celu,model_5,Float8WeightOnlyConfig,float8,8.0,False,True,onnx_quantized_p95_latency,,onnx,p95_latency,False,2.0
1052,403,64,172,639,"[403, 64, 172]",celu,model_5,Int8WeightOnlyConfig,int8,8.0,False,True,onnx_quantized_p99_latency,0.0006413752771914005,onnx,p99_latency,False,2.0
1053,403,64,172,639,"[403, 64, 172]",celu,model_5,Float8WeightOnlyConfig,float8,8.0,False,True,onnx_quantized_p99_latency,,onnx,p99_latency,False,2.0
1054,403,64,172,639,"[403, 64, 172]",celu,model_5,Int8WeightOnlyConfig,int8,8.0,False,True,onnx_relative_model_size,2.4145205878073623,onnx,model_size,True,2.0
1055,403,64,172,639,"[403, 64, 172]",celu,model_5,Float8WeightOnlyConfig,float8,8.0,False,True,onnx_relative_model_size,,onnx,model_size,True,2.0
1056,403,64,172,639,"[403, 64, 172]",celu,model_5,Int8WeightOnlyConfig,int8,8.0,False,True,onnx_relative_median_latency,1.1396227997965616,onnx,median_latency,True,2.0
1057,403,64,172,639,"[403, 64, 172]",celu,model_5,Float8WeightOnlyConfig,float8,8.0,False,True,onnx_relative_median_latency,,onnx,median_latency,True,2.0
1058,403,64,172,639,"[403, 64, 172]",celu,model_5,Int8WeightOnlyConfig,int8,8.0,False,True,onnx_relative_p95_latency,1.145224501890553,onnx,p95_latency,True,2.0
1059,403,64,172,639,"[403, 64, 172]",celu,model_5,Float8WeightOnlyConfig,float8,8.0,False,True,onnx_relative_p95_latency,,onnx,p95_latency,True,2.0
1060,403,64,172,639,"[403, 64, 172]",celu,model_5,Int8WeightOnlyConfig,int8,8.0,False,True,onnx_relative_p99_latency,1.075730907984191,onnx,p99_latency,True,2.0
1061,403,64,172,639,"[403, 64, 172]",celu,model_5,Float8WeightOnlyConfig,float8,8.0,False,True,onnx_relative_p99_latency,,onnx,p99_latency,True,2.0
1062,403,64,172,639,"[403, 64, 172]",celu,model_5,Int8WeightOnlyConfig,int8,8.0,False,True,pt2_quantized_model_size,215969.0,pt2,model_size,False,2.0
1063,403,64,172,639,"[403, 64, 172]",celu,model_5,Float8WeightOnlyConfig,float8,8.0,False,True,pt2_quantized_model_size,195233.0,pt2,model_size,False,2.0
1064,403,64,172,639,"[403, 64, 172]",celu,model_5,Int8WeightOnlyConfig,int8,8.0,False,True,pt2_quantized_median_latency,0.0009145811200141907,pt2,median_latency,False,2.0
1065,403,64,172,639,"[403, 64, 172]",celu,model_5,Float8WeightOnlyConfig,float8,8.0,False,True,pt2_quantized_median_latency,0.0007444322109222412,pt2,median_latency,False,2.0
1066,403,64,172,639,"[403, 64, 172]",celu,model_5,Int8WeightOnlyConfig,int8,8.0,False,True,pt2_quantized_p95_latency,0.0009284130297601223,pt2,p95_latency,False,2.0
1067,403,64,172,639,"[403, 64, 172]",celu,model_5,Float8WeightOnlyConfig,float8,8.0,False,True,pt2_quantized_p95_latency,0.0007534893229603767,pt2,p95_latency,False,2.0
1068,403,64,172,639,"[403, 64, 172]",celu,model_5,Int8WeightOnlyConfig,int8,8.0,False,True,pt2_quantized_p99_latency,0.001049736365675926,pt2,p99_latency,False,2.0
1069,403,64,172,639,"[403, 64, 172]",celu,model_5,Float8WeightOnlyConfig,float8,8.0,False,True,pt2_quantized_p99_latency,0.0008781718276441097,pt2,p99_latency,False,2.0
1070,403,64,172,639,"[403, 64, 172]",celu,model_5,Int8WeightOnlyConfig,int8,8.0,False,True,pt2_relative_model_size,0.6254296826357536,pt2,model_size,True,2.0
1071,403,64,172,639,"[403, 64, 172]",celu,model_5,Float8WeightOnlyConfig,float8,8.0,False,True,pt2_relative_model_size,0.5653798148346573,pt2,model_size,True,2.0
1072,403,64,172,639,"[403, 64, 172]",celu,model_5,Int8WeightOnlyConfig,int8,8.0,False,True,pt2_relative_median_latency,1.4183944802404567,pt2,median_latency,True,2.0
1073,403,64,172,639,"[403, 64, 172]",celu,model_5,Float8WeightOnlyConfig,float8,8.0,False,True,pt2_relative_median_latency,1.1545160027673904,pt2,median_latency,True,2.0
1074,403,64,172,639,"[403, 64, 172]",celu,model_5,Int8WeightOnlyConfig,int8,8.0,False,True,pt2_relative_p95_latency,1.375845915885739,pt2,p95_latency,True,2.0
1075,403,64,172,639,"[403, 64, 172]",celu,model_5,Float8WeightOnlyConfig,float8,8.0,False,True,pt2_relative_p95_latency,1.1166207005155855,pt2,p95_latency,True,2.0
1076,403,64,172,639,"[403, 64, 172]",celu,model_5,Int8WeightOnlyConfig,int8,8.0,False,True,pt2_relative_p99_latency,1.2942151109538502,pt2,p99_latency,True,2.0
1077,403,64,172,639,"[403, 64, 172]",celu,model_5,Float8WeightOnlyConfig,float8,8.0,False,True,pt2_relative_p99_latency,1.0826939853790298,pt2,p99_latency,True,2.0
1078,403,64,172,639,"[403, 64, 172]",celu,model_5,Int8WeightOnlyConfig,int8,8.0,False,True,pytorch_quantized_MAE,9.610775901815964,pytorch,MAE,False,3.0
1079,403,64,172,639,"[403, 64, 172]",celu,model_5,Float8WeightOnlyConfig,float8,8.0,False,True,pytorch_quantized_MAE,9.612382639385235,pytorch,MAE,False,3.0
1080,403,64,172,639,"[403, 64, 172]",celu,model_5,Int8WeightOnlyConfig,int8,8.0,False,True,pytorch_relative_MAE,0.9999138775401045,pytorch,MAE,True,3.0
1081,403,64,172,639,"[403, 64, 172]",celu,model_5,Float8WeightOnlyConfig,float8,8.0,False,True,pytorch_relative_MAE,1.0000810439800978,pytorch,MAE,True,3.0
1082,403,64,172,639,"[403, 64, 172]",celu,model_5,Int8WeightOnlyConfig,int8,8.0,False,True,pytorch_quantized_model_size,70255.0,pytorch,model_size,False,3.0
1083,403,64,172,639,"[403, 64, 172]",celu,model_5,Float8WeightOnlyConfig,float8,8.0,False,True,pytorch_quantized_model_size,70255.0,pytorch,model_size,False,3.0
1084,403,64,172,639,"[403, 64, 172]",celu,model_5,Int8WeightOnlyConfig,int8,8.0,False,True,pytorch_quantized_median_latency,0.0004952177405357361,pytorch,median_latency,False,3.0
1085,403,64,172,639,"[403, 64, 172]",celu,model_5,Float8WeightOnlyConfig,float8,8.0,False,True,pytorch_quantized_median_latency,0.0005975505337119102,pytorch,median_latency,False,3.0
1086,403,64,172,639,"[403, 64, 172]",celu,model_5,Int8WeightOnlyConfig,int8,8.0,False,True,pytorch_quantized_p95_latency,0.0005036747083067894,pytorch,p95_latency,False,3.0
1087,403,64,172,639,"[403, 64, 172]",celu,model_5,Float8WeightOnlyConfig,float8,8.0,False,True,pytorch_quantized_p95_latency,0.0006063019856810569,pytorch,p95_latency,False,3.0
1088,403,64,172,639,"[403, 64, 172]",celu,model_5,Int8WeightOnlyConfig,int8,8.0,False,True,pytorch_quantized_p99_latency,0.0005073542706668377,pytorch,p99_latency,False,3.0
1089,403,64,172,639,"[403, 64, 172]",celu,model_5,Float8WeightOnlyConfig,float8,8.0,False,True,pytorch_quantized_p99_latency,0.0006233528628945351,pytorch,p99_latency,False,3.0
1090,403,64,172,639,"[403, 64, 172]",celu,model_5,Int8WeightOnlyConfig,int8,8.0,False,True,pytorch_relative_model_size,0.25,pytorch,model_size,True,3.0
1091,403,64,172,639,"[403, 64, 172]",celu,model_5,Float8WeightOnlyConfig,float8,8.0,False,True,pytorch_relative_model_size,0.25,pytorch,model_size,True,3.0
1092,403,64,172,639,"[403, 64, 172]",celu,model_5,Int8WeightOnlyConfig,int8,8.0,False,True,pytorch_relative_median_latency,3.0896022776793237,pytorch,median_latency,True,3.0
1093,403,64,172,639,"[403, 64, 172]",celu,model_5,Float8WeightOnlyConfig,float8,8.0,False,True,pytorch_relative_median_latency,3.7280439266726706,pytorch,median_latency,True,3.0
1094,403,64,172,639,"[403, 64, 172]",celu,model_5,Int8WeightOnlyConfig,int8,8.0,False,True,pytorch_relative_p95_latency,2.9481548431551268,pytorch,p95_latency,True,3.0
1095,403,64,172,639,"[403, 64, 172]",celu,model_5,Float8WeightOnlyConfig,float8,8.0,False,True,pytorch_relative_p95_latency,3.548862204157817,pytorch,p95_latency,True,3.0
1096,403,64,172,639,"[403, 64, 172]",celu,model_5,Int8WeightOnlyConfig,int8,8.0,False,True,pytorch_relative_p99_latency,2.9147732173289964,pytorch,p99_latency,True,3.0
1097,403,64,172,639,"[403, 64, 172]",celu,model_5,Float8WeightOnlyConfig,float8,8.0,False,True,pytorch_relative_p99_latency,3.581190372798621,pytorch,p99_latency,True,3.0
1098,403,64,172,639,"[403, 64, 172]",celu,model_5,Int8WeightOnlyConfig,int8,8.0,False,True,onnx_quantized_model_size,33190.0,onnx,model_size,False,3.0
1099,403,64,172,639,"[403, 64, 172]",celu,model_5,Float8WeightOnlyConfig,float8,8.0,False,True,onnx_quantized_model_size,,onnx,model_size,False,3.0
1100,403,64,172,639,"[403, 64, 172]",celu,model_5,Int8WeightOnlyConfig,int8,8.0,False,True,onnx_quantized_median_latency,0.0006034094840288162,onnx,median_latency,False,3.0
1101,403,64,172,639,"[403, 64, 172]",celu,model_5,Float8WeightOnlyConfig,float8,8.0,False,True,onnx_quantized_median_latency,,onnx,median_latency,False,3.0
1102,403,64,172,639,"[403, 64, 172]",celu,model_5,Int8WeightOnlyConfig,int8,8.0,False,True,onnx_quantized_p95_latency,0.0006288181990385056,onnx,p95_latency,False,3.0
1103,403,64,172,639,"[403, 64, 172]",celu,model_5,Float8WeightOnlyConfig,float8,8.0,False,True,onnx_quantized_p95_latency,,onnx,p95_latency,False,3.0
1104,403,64,172,639,"[403, 64, 172]",celu,model_5,Int8WeightOnlyConfig,int8,8.0,False,True,onnx_quantized_p99_latency,0.0006443933770060539,onnx,p99_latency,False,3.0
1105,403,64,172,639,"[403, 64, 172]",celu,model_5,Float8WeightOnlyConfig,float8,8.0,False,True,onnx_quantized_p99_latency,,onnx,p99_latency,False,3.0
1106,403,64,172,639,"[403, 64, 172]",celu,model_5,Int8WeightOnlyConfig,int8,8.0,False,True,onnx_relative_model_size,2.4145205878073623,onnx,model_size,True,3.0
1107,403,64,172,639,"[403, 64, 172]",celu,model_5,Float8WeightOnlyConfig,float8,8.0,False,True,onnx_relative_model_size,,onnx,model_size,True,3.0
1108,403,64,172,639,"[403, 64, 172]",celu,model_5,Int8WeightOnlyConfig,int8,8.0,False,True,onnx_relative_median_latency,1.153520617721573,onnx,median_latency,True,3.0
1109,403,64,172,639,"[403, 64, 172]",celu,model_5,Float8WeightOnlyConfig,float8,8.0,False,True,onnx_relative_median_latency,,onnx,median_latency,True,3.0
1110,403,64,172,639,"[403, 64, 172]",celu,model_5,Int8WeightOnlyConfig,int8,8.0,False,True,onnx_relative_p95_latency,1.1558155880980447,onnx,p95_latency,True,3.0
1111,403,64,172,639,"[403, 64, 172]",celu,model_5,Float8WeightOnlyConfig,float8,8.0,False,True,onnx_relative_p95_latency,,onnx,p95_latency,True,3.0
1112,403,64,172,639,"[403, 64, 172]",celu,model_5,Int8WeightOnlyConfig,int8,8.0,False,True,onnx_relative_p99_latency,1.1650464570764765,onnx,p99_latency,True,3.0
1113,403,64,172,639,"[403, 64, 172]",celu,model_5,Float8WeightOnlyConfig,float8,8.0,False,True,onnx_relative_p99_latency,,onnx,p99_latency,True,3.0
1114,403,64,172,639,"[403, 64, 172]",celu,model_5,Int8WeightOnlyConfig,int8,8.0,False,True,pt2_quantized_model_size,215969.0,pt2,model_size,False,3.0
1115,403,64,172,639,"[403, 64, 172]",celu,model_5,Float8WeightOnlyConfig,float8,8.0,False,True,pt2_quantized_model_size,195233.0,pt2,model_size,False,3.0
1116,403,64,172,639,"[403, 64, 172]",celu,model_5,Int8WeightOnlyConfig,int8,8.0,False,True,pt2_quantized_median_latency,0.0009166039526462555,pt2,median_latency,False,3.0
1117,403,64,172,639,"[403, 64, 172]",celu,model_5,Float8WeightOnlyConfig,float8,8.0,False,True,pt2_quantized_median_latency,0.0007379120215773582,pt2,median_latency,False,3.0
1118,403,64,172,639,"[403, 64, 172]",celu,model_5,Int8WeightOnlyConfig,int8,8.0,False,True,pt2_quantized_p95_latency,0.0009501605294644831,pt2,p95_latency,False,3.0
1119,403,64,172,639,"[403, 64, 172]",celu,model_5,Float8WeightOnlyConfig,float8,8.0,False,True,pt2_quantized_p95_latency,0.000748696643859148,pt2,p95_latency,False,3.0
1120,403,64,172,639,"[403, 64, 172]",celu,model_5,Int8WeightOnlyConfig,int8,8.0,False,True,pt2_quantized_p99_latency,0.001585793495178222,pt2,p99_latency,False,3.0
1121,403,64,172,639,"[403, 64, 172]",celu,model_5,Float8WeightOnlyConfig,float8,8.0,False,True,pt2_quantized_p99_latency,0.0008746789768338204,pt2,p99_latency,False,3.0
1122,403,64,172,639,"[403, 64, 172]",celu,model_5,Int8WeightOnlyConfig,int8,8.0,False,True,pt2_relative_model_size,0.6254296826357536,pt2,model_size,True,3.0
1123,403,64,172,639,"[403, 64, 172]",celu,model_5,Float8WeightOnlyConfig,float8,8.0,False,True,pt2_relative_model_size,0.5653798148346573,pt2,model_size,True,3.0
1124,403,64,172,639,"[403, 64, 172]",celu,model_5,Int8WeightOnlyConfig,int8,8.0,False,True,pt2_relative_median_latency,1.5469112730713435,pt2,median_latency,True,3.0
1125,403,64,172,639,"[403, 64, 172]",celu,model_5,Float8WeightOnlyConfig,float8,8.0,False,True,pt2_relative_median_latency,1.2453409364179475,pt2,median_latency,True,3.0
1126,403,64,172,639,"[403, 64, 172]",celu,model_5,Int8WeightOnlyConfig,int8,8.0,False,True,pt2_relative_p95_latency,1.5744454324548132,pt2,p95_latency,True,3.0
1127,403,64,172,639,"[403, 64, 172]",celu,model_5,Float8WeightOnlyConfig,float8,8.0,False,True,pt2_relative_p95_latency,1.2406135328339234,pt2,p95_latency,True,3.0
1128,403,64,172,639,"[403, 64, 172]",celu,model_5,Int8WeightOnlyConfig,int8,8.0,False,True,pt2_relative_p99_latency,2.1034509297093775,pt2,p99_latency,True,3.0
1129,403,64,172,639,"[403, 64, 172]",celu,model_5,Float8WeightOnlyConfig,float8,8.0,False,True,pt2_relative_p99_latency,1.1602042211754517,pt2,p99_latency,True,3.0
1140,763,299,48,1110,"[763, 299, 48]",celu,model_6,Int8WeightOnlyConfig,int8,8.0,False,True,pytorch_quantized_MAE,8.939915302667771,pytorch,MAE,False,1.0
1141,763,299,48,1110,"[763, 299, 48]",celu,model_6,Float8WeightOnlyConfig,float8,8.0,False,True,pytorch_quantized_MAE,8.922928961738593,pytorch,MAE,False,1.0
1142,763,299,48,1110,"[763, 299, 48]",celu,model_6,Int8WeightOnlyConfig,int8,8.0,False,True,pytorch_relative_MAE,0.9993933351171443,pytorch,MAE,True,1.0
1143,763,299,48,1110,"[763, 299, 48]",celu,model_6,Float8WeightOnlyConfig,float8,8.0,False,True,pytorch_relative_MAE,0.9974944316781396,pytorch,MAE,True,1.0
1144,763,299,48,1110,"[763, 299, 48]",celu,model_6,Int8WeightOnlyConfig,int8,8.0,False,True,pytorch_quantized_model_size,305451.0,pytorch,model_size,False,1.0
1145,763,299,48,1110,"[763, 299, 48]",celu,model_6,Float8WeightOnlyConfig,float8,8.0,False,True,pytorch_quantized_model_size,305451.0,pytorch,model_size,False,1.0
1146,763,299,48,1110,"[763, 299, 48]",celu,model_6,Int8WeightOnlyConfig,int8,8.0,False,True,pytorch_quantized_median_latency,0.0004379935562610626,pytorch,median_latency,False,1.0
1147,763,299,48,1110,"[763, 299, 48]",celu,model_6,Float8WeightOnlyConfig,float8,8.0,False,True,pytorch_quantized_median_latency,0.000529823824763298,pytorch,median_latency,False,1.0
1148,763,299,48,1110,"[763, 299, 48]",celu,model_6,Int8WeightOnlyConfig,int8,8.0,False,True,pytorch_quantized_p95_latency,0.0004490274004638195,pytorch,p95_latency,False,1.0
1149,763,299,48,1110,"[763, 299, 48]",celu,model_6,Float8WeightOnlyConfig,float8,8.0,False,True,pytorch_quantized_p95_latency,0.0005371560342609883,pytorch,p95_latency,False,1.0
1150,763,299,48,1110,"[763, 299, 48]",celu,model_6,Int8WeightOnlyConfig,int8,8.0,False,True,pytorch_quantized_p99_latency,0.00045154761523008346,pytorch,p99_latency,False,1.0
1151,763,299,48,1110,"[763, 299, 48]",celu,model_6,Float8WeightOnlyConfig,float8,8.0,False,True,pytorch_quantized_p99_latency,0.0005404885299503803,pytorch,p99_latency,False,1.0
1152,763,299,48,1110,"[763, 299, 48]",celu,model_6,Int8WeightOnlyConfig,int8,8.0,False,True,pytorch_relative_model_size,0.25,pytorch,model_size,True,1.0
1153,763,299,48,1110,"[763, 299, 48]",celu,model_6,Float8WeightOnlyConfig,float8,8.0,False,True,pytorch_relative_model_size,0.25,pytorch,model_size,True,1.0
1154,763,299,48,1110,"[763, 299, 48]",celu,model_6,Int8WeightOnlyConfig,int8,8.0,False,True,pytorch_relative_median_latency,2.7369450215618834,pytorch,median_latency,True,1.0
1155,763,299,48,1110,"[763, 299, 48]",celu,model_6,Float8WeightOnlyConfig,float8,8.0,False,True,pytorch_relative_median_latency,3.3107762860019436,pytorch,median_latency,True,1.0
1156,763,299,48,1110,"[763, 299, 48]",celu,model_6,Int8WeightOnlyConfig,int8,8.0,False,True,pytorch_relative_p95_latency,2.6246826250555273,pytorch,p95_latency,True,1.0
1157,763,299,48,1110,"[763, 299, 48]",celu,model_6,Float8WeightOnlyConfig,float8,8.0,False,True,pytorch_relative_p95_latency,3.139817544791785,pytorch,p95_latency,True,1.0
1158,763,299,48,1110,"[763, 299, 48]",celu,model_6,Int8WeightOnlyConfig,int8,8.0,False,True,pytorch_relative_p99_latency,2.5963018598441465,pytorch,p99_latency,True,1.0
1159,763,299,48,1110,"[763, 299, 48]",celu,model_6,Float8WeightOnlyConfig,float8,8.0,False,True,pytorch_relative_p99_latency,3.1076930277210577,pytorch,p99_latency,True,1.0
1160,763,299,48,1110,"[763, 299, 48]",celu,model_6,Int8WeightOnlyConfig,int8,8.0,False,True,onnx_quantized_model_size,33196.0,onnx,model_size,False,1.0
1161,763,299,48,1110,"[763, 299, 48]",celu,model_6,Float8WeightOnlyConfig,float8,8.0,False,True,onnx_quantized_model_size,,onnx,model_size,False,1.0
1162,763,299,48,1110,"[763, 299, 48]",celu,model_6,Int8WeightOnlyConfig,int8,8.0,False,True,onnx_quantized_median_latency,0.0007493318989872932,onnx,median_latency,False,1.0
1163,763,299,48,1110,"[763, 299, 48]",celu,model_6,Float8WeightOnlyConfig,float8,8.0,False,True,onnx_quantized_median_latency,,onnx,median_latency,False,1.0
1164,763,299,48,1110,"[763, 299, 48]",celu,model_6,Int8WeightOnlyConfig,int8,8.0,False,True,onnx_quantized_p95_latency,0.0007588678039610386,onnx,p95_latency,False,1.0
1165,763,299,48,1110,"[763, 299, 48]",celu,model_6,Float8WeightOnlyConfig,float8,8.0,False,True,onnx_quantized_p95_latency,,onnx,p95_latency,False,1.0
1166,763,299,48,1110,"[763, 299, 48]",celu,model_6,Int8WeightOnlyConfig,int8,8.0,False,True,onnx_quantized_p99_latency,0.00076205650344491,onnx,p99_latency,False,1.0
1167,763,299,48,1110,"[763, 299, 48]",celu,model_6,Float8WeightOnlyConfig,float8,8.0,False,True,onnx_quantized_p99_latency,,onnx,p99_latency,False,1.0
1168,763,299,48,1110,"[763, 299, 48]",celu,model_6,Int8WeightOnlyConfig,int8,8.0,False,True,onnx_relative_model_size,2.403243321508724,onnx,model_size,True,1.0
1169,763,299,48,1110,"[763, 299, 48]",celu,model_6,Float8WeightOnlyConfig,float8,8.0,False,True,onnx_relative_model_size,,onnx,model_size,True,1.0
1170,763,299,48,1110,"[763, 299, 48]",celu,model_6,Int8WeightOnlyConfig,int8,8.0,False,True,onnx_relative_median_latency,1.0564595123360339,onnx,median_latency,True,1.0
1171,763,299,48,1110,"[763, 299, 48]",celu,model_6,Float8WeightOnlyConfig,float8,8.0,False,True,onnx_relative_median_latency,,onnx,median_latency,True,1.0
1172,763,299,48,1110,"[763, 299, 48]",celu,model_6,Int8WeightOnlyConfig,int8,8.0,False,True,onnx_relative_p95_latency,1.0440718165428677,onnx,p95_latency,True,1.0
1173,763,299,48,1110,"[763, 299, 48]",celu,model_6,Float8WeightOnlyConfig,float8,8.0,False,True,onnx_relative_p95_latency,,onnx,p95_latency,True,1.0
1174,763,299,48,1110,"[763, 299, 48]",celu,model_6,Int8WeightOnlyConfig,int8,8.0,False,True,onnx_relative_p99_latency,1.042069105605637,onnx,p99_latency,True,1.0
1175,763,299,48,1110,"[763, 299, 48]",celu,model_6,Float8WeightOnlyConfig,float8,8.0,False,True,onnx_relative_p99_latency,,onnx,p99_latency,True,1.0
1176,763,299,48,1110,"[763, 299, 48]",celu,model_6,Int8WeightOnlyConfig,int8,8.0,False,True,pt2_quantized_model_size,454369.0,pt2,model_size,False,1.0
1177,763,299,48,1110,"[763, 299, 48]",celu,model_6,Float8WeightOnlyConfig,float8,8.0,False,True,pt2_quantized_model_size,433633.0,pt2,model_size,False,1.0
1178,763,299,48,1110,"[763, 299, 48]",celu,model_6,Int8WeightOnlyConfig,int8,8.0,False,True,pt2_quantized_median_latency,0.0008911425247788429,pt2,median_latency,False,1.0
1179,763,299,48,1110,"[763, 299, 48]",celu,model_6,Float8WeightOnlyConfig,float8,8.0,False,True,pt2_quantized_median_latency,0.0007246388122439384,pt2,median_latency,False,1.0
1180,763,299,48,1110,"[763, 299, 48]",celu,model_6,Int8WeightOnlyConfig,int8,8.0,False,True,pt2_quantized_p95_latency,0.0009263722226023674,pt2,p95_latency,False,1.0
1181,763,299,48,1110,"[763, 299, 48]",celu,model_6,Float8WeightOnlyConfig,float8,8.0,False,True,pt2_quantized_p95_latency,0.0007681280374526976,pt2,p95_latency,False,1.0
1182,763,299,48,1110,"[763, 299, 48]",celu,model_6,Int8WeightOnlyConfig,int8,8.0,False,True,pt2_quantized_p99_latency,0.0015545950084924693,pt2,p99_latency,False,1.0
1183,763,299,48,1110,"[763, 299, 48]",celu,model_6,Float8WeightOnlyConfig,float8,8.0,False,True,pt2_quantized_p99_latency,0.0008787471428513525,pt2,p99_latency,False,1.0
1184,763,299,48,1110,"[763, 299, 48]",celu,model_6,Int8WeightOnlyConfig,int8,8.0,False,True,pt2_relative_model_size,0.3533413016818296,pt2,model_size,True,1.0
1185,763,299,48,1110,"[763, 299, 48]",celu,model_6,Float8WeightOnlyConfig,float8,8.0,False,True,pt2_relative_model_size,0.33721589428899595,pt2,model_size,True,1.0
1186,763,299,48,1110,"[763, 299, 48]",celu,model_6,Int8WeightOnlyConfig,int8,8.0,False,True,pt2_relative_median_latency,0.9617126873584729,pt2,median_latency,True,1.0
1187,763,299,48,1110,"[763, 299, 48]",celu,model_6,Float8WeightOnlyConfig,float8,8.0,False,True,pt2_relative_median_latency,0.7820234363300304,pt2,median_latency,True,1.0
1188,763,299,48,1110,"[763, 299, 48]",celu,model_6,Int8WeightOnlyConfig,int8,8.0,False,True,pt2_relative_p95_latency,0.9870403671723966,pt2,p95_latency,True,1.0
1189,763,299,48,1110,"[763, 299, 48]",celu,model_6,Float8WeightOnlyConfig,float8,8.0,False,True,pt2_relative_p95_latency,0.818432765603507,pt2,p95_latency,True,1.0
1190,763,299,48,1110,"[763, 299, 48]",celu,model_6,Int8WeightOnlyConfig,int8,8.0,False,True,pt2_relative_p99_latency,1.4272149592366148,pt2,p99_latency,True,1.0
1191,763,299,48,1110,"[763, 299, 48]",celu,model_6,Float8WeightOnlyConfig,float8,8.0,False,True,pt2_relative_p99_latency,0.8067445610031111,pt2,p99_latency,True,1.0
1192,763,299,48,1110,"[763, 299, 48]",celu,model_6,Int8WeightOnlyConfig,int8,8.0,False,True,pytorch_quantized_MAE,9.122663933941473,pytorch,MAE,False,2.0
1193,763,299,48,1110,"[763, 299, 48]",celu,model_6,Float8WeightOnlyConfig,float8,8.0,False,True,pytorch_quantized_MAE,9.099258318781741,pytorch,MAE,False,2.0
1194,763,299,48,1110,"[763, 299, 48]",celu,model_6,Int8WeightOnlyConfig,int8,8.0,False,True,pytorch_relative_MAE,0.9993042781177922,pytorch,MAE,True,2.0
1195,763,299,48,1110,"[763, 299, 48]",celu,model_6,Float8WeightOnlyConfig,float8,8.0,False,True,pytorch_relative_MAE,0.996740407352579,pytorch,MAE,True,2.0
1196,763,299,48,1110,"[763, 299, 48]",celu,model_6,Int8WeightOnlyConfig,int8,8.0,False,True,pytorch_quantized_model_size,305451.0,pytorch,model_size,False,2.0
1197,763,299,48,1110,"[763, 299, 48]",celu,model_6,Float8WeightOnlyConfig,float8,8.0,False,True,pytorch_quantized_model_size,305451.0,pytorch,model_size,False,2.0
1198,763,299,48,1110,"[763, 299, 48]",celu,model_6,Int8WeightOnlyConfig,int8,8.0,False,True,pytorch_quantized_median_latency,0.0005058031529188156,pytorch,median_latency,False,2.0
1199,763,299,48,1110,"[763, 299, 48]",celu,model_6,Float8WeightOnlyConfig,float8,8.0,False,True,pytorch_quantized_median_latency,0.0005426341667771339,pytorch,median_latency,False,2.0
1200,763,299,48,1110,"[763, 299, 48]",celu,model_6,Int8WeightOnlyConfig,int8,8.0,False,True,pytorch_quantized_p95_latency,0.0005149541422724724,pytorch,p95_latency,False,2.0
1201,763,299,48,1110,"[763, 299, 48]",celu,model_6,Float8WeightOnlyConfig,float8,8.0,False,True,pytorch_quantized_p95_latency,0.0005504166707396507,pytorch,p95_latency,False,2.0
1202,763,299,48,1110,"[763, 299, 48]",celu,model_6,Int8WeightOnlyConfig,int8,8.0,False,True,pytorch_quantized_p99_latency,0.0005246875621378419,pytorch,p99_latency,False,2.0
1203,763,299,48,1110,"[763, 299, 48]",celu,model_6,Float8WeightOnlyConfig,float8,8.0,False,True,pytorch_quantized_p99_latency,0.0005525329522788525,pytorch,p99_latency,False,2.0
1204,763,299,48,1110,"[763, 299, 48]",celu,model_6,Int8WeightOnlyConfig,int8,8.0,False,True,pytorch_relative_model_size,0.25,pytorch,model_size,True,2.0
1205,763,299,48,1110,"[763, 299, 48]",celu,model_6,Float8WeightOnlyConfig,float8,8.0,False,True,pytorch_relative_model_size,0.25,pytorch,model_size,True,2.0
1206,763,299,48,1110,"[763, 299, 48]",celu,model_6,Int8WeightOnlyConfig,int8,8.0,False,True,pytorch_relative_median_latency,3.077675459722891,pytorch,median_latency,True,2.0
1207,763,299,48,1110,"[763, 299, 48]",celu,model_6,Float8WeightOnlyConfig,float8,8.0,False,True,pytorch_relative_median_latency,3.3017822231037317,pytorch,median_latency,True,2.0
1208,763,299,48,1110,"[763, 299, 48]",celu,model_6,Int8WeightOnlyConfig,int8,8.0,False,True,pytorch_relative_p95_latency,2.915941365577063,pytorch,p95_latency,True,2.0
1209,763,299,48,1110,"[763, 299, 48]",celu,model_6,Float8WeightOnlyConfig,float8,8.0,False,True,pytorch_relative_p95_latency,3.1167488651129824,pytorch,p95_latency,True,2.0
1210,763,299,48,1110,"[763, 299, 48]",celu,model_6,Int8WeightOnlyConfig,int8,8.0,False,True,pytorch_relative_p99_latency,2.1502469555733392,pytorch,p99_latency,True,2.0
1211,763,299,48,1110,"[763, 299, 48]",celu,model_6,Float8WeightOnlyConfig,float8,8.0,False,True,pytorch_relative_p99_latency,2.264361468091038,pytorch,p99_latency,True,2.0
1212,763,299,48,1110,"[763, 299, 48]",celu,model_6,Int8WeightOnlyConfig,int8,8.0,False,True,onnx_quantized_model_size,33196.0,onnx,model_size,False,2.0
1213,763,299,48,1110,"[763, 299, 48]",celu,model_6,Float8WeightOnlyConfig,float8,8.0,False,True,onnx_quantized_model_size,,onnx,model_size,False,2.0
1214,763,299,48,1110,"[763, 299, 48]",celu,model_6,Int8WeightOnlyConfig,int8,8.0,False,True,onnx_quantized_median_latency,0.0007594963535666466,onnx,median_latency,False,2.0
1215,763,299,48,1110,"[763, 299, 48]",celu,model_6,Float8WeightOnlyConfig,float8,8.0,False,True,onnx_quantized_median_latency,,onnx,median_latency,False,2.0
1216,763,299,48,1110,"[763, 299, 48]",celu,model_6,Int8WeightOnlyConfig,int8,8.0,False,True,onnx_quantized_p95_latency,0.0007853691466152668,onnx,p95_latency,False,2.0
1217,763,299,48,1110,"[763, 299, 48]",celu,model_6,Float8WeightOnlyConfig,float8,8.0,False,True,onnx_quantized_p95_latency,,onnx,p95_latency,False,2.0
1218,763,299,48,1110,"[763, 299, 48]",celu,model_6,Int8WeightOnlyConfig,int8,8.0,False,True,onnx_quantized_p99_latency,0.0010479640960693356,onnx,p99_latency,False,2.0
1219,763,299,48,1110,"[763, 299, 48]",celu,model_6,Float8WeightOnlyConfig,float8,8.0,False,True,onnx_quantized_p99_latency,,onnx,p99_latency,False,2.0
1220,763,299,48,1110,"[763, 299, 48]",celu,model_6,Int8WeightOnlyConfig,int8,8.0,False,True,onnx_relative_model_size,2.403243321508724,onnx,model_size,True,2.0
1221,763,299,48,1110,"[763, 299, 48]",celu,model_6,Float8WeightOnlyConfig,float8,8.0,False,True,onnx_relative_model_size,,onnx,model_size,True,2.0
1222,763,299,48,1110,"[763, 299, 48]",celu,model_6,Int8WeightOnlyConfig,int8,8.0,False,True,onnx_relative_median_latency,1.0856148244784942,onnx,median_latency,True,2.0
1223,763,299,48,1110,"[763, 299, 48]",celu,model_6,Float8WeightOnlyConfig,float8,8.0,False,True,onnx_relative_median_latency,,onnx,median_latency,True,2.0
1224,763,299,48,1110,"[763, 299, 48]",celu,model_6,Int8WeightOnlyConfig,int8,8.0,False,True,onnx_relative_p95_latency,1.104431786823912,onnx,p95_latency,True,2.0
1225,763,299,48,1110,"[763, 299, 48]",celu,model_6,Float8WeightOnlyConfig,float8,8.0,False,True,onnx_relative_p95_latency,,onnx,p95_latency,True,2.0
1226,763,299,48,1110,"[763, 299, 48]",celu,model_6,Int8WeightOnlyConfig,int8,8.0,False,True,onnx_relative_p99_latency,1.4460693613405335,onnx,p99_latency,True,2.0
1227,763,299,48,1110,"[763, 299, 48]",celu,model_6,Float8WeightOnlyConfig,float8,8.0,False,True,onnx_relative_p99_latency,,onnx,p99_latency,True,2.0
1228,763,299,48,1110,"[763, 299, 48]",celu,model_6,Int8WeightOnlyConfig,int8,8.0,False,True,pt2_quantized_model_size,454369.0,pt2,model_size,False,2.0
1229,763,299,48,1110,"[763, 299, 48]",celu,model_6,Float8WeightOnlyConfig,float8,8.0,False,True,pt2_quantized_model_size,433633.0,pt2,model_size,False,2.0
1230,763,299,48,1110,"[763, 299, 48]",celu,model_6,Int8WeightOnlyConfig,int8,8.0,False,True,pt2_quantized_median_latency,0.000906866043806076,pt2,median_latency,False,2.0
1231,763,299,48,1110,"[763, 299, 48]",celu,model_6,Float8WeightOnlyConfig,float8,8.0,False,True,pt2_quantized_median_latency,0.0007432922720909119,pt2,median_latency,False,2.0
1232,763,299,48,1110,"[763, 299, 48]",celu,model_6,Int8WeightOnlyConfig,int8,8.0,False,True,pt2_quantized_p95_latency,0.0009168689139187336,pt2,p95_latency,False,2.0
1233,763,299,48,1110,"[763, 299, 48]",celu,model_6,Float8WeightOnlyConfig,float8,8.0,False,True,pt2_quantized_p95_latency,0.0007549594156444073,pt2,p95_latency,False,2.0
1234,763,299,48,1110,"[763, 299, 48]",celu,model_6,Int8WeightOnlyConfig,int8,8.0,False,True,pt2_quantized_p99_latency,0.0010359314084053039,pt2,p99_latency,False,2.0
1235,763,299,48,1110,"[763, 299, 48]",celu,model_6,Float8WeightOnlyConfig,float8,8.0,False,True,pt2_quantized_p99_latency,0.000875488705933094,pt2,p99_latency,False,2.0
1236,763,299,48,1110,"[763, 299, 48]",celu,model_6,Int8WeightOnlyConfig,int8,8.0,False,True,pt2_relative_model_size,0.3533413016818296,pt2,model_size,True,2.0
1237,763,299,48,1110,"[763, 299, 48]",celu,model_6,Float8WeightOnlyConfig,float8,8.0,False,True,pt2_relative_model_size,0.33721589428899595,pt2,model_size,True,2.0
1238,763,299,48,1110,"[763, 299, 48]",celu,model_6,Int8WeightOnlyConfig,int8,8.0,False,True,pt2_relative_median_latency,0.940207499529288,pt2,median_latency,True,2.0
1239,763,299,48,1110,"[763, 299, 48]",celu,model_6,Float8WeightOnlyConfig,float8,8.0,False,True,pt2_relative_median_latency,0.7706198432890945,pt2,median_latency,True,2.0
1240,763,299,48,1110,"[763, 299, 48]",celu,model_6,Int8WeightOnlyConfig,int8,8.0,False,True,pt2_relative_p95_latency,0.5569697102048151,pt2,p95_latency,True,2.0
1241,763,299,48,1110,"[763, 299, 48]",celu,model_6,Float8WeightOnlyConfig,float8,8.0,False,True,pt2_relative_p95_latency,0.45861466188298755,pt2,p95_latency,True,2.0
1242,763,299,48,1110,"[763, 299, 48]",celu,model_6,Int8WeightOnlyConfig,int8,8.0,False,True,pt2_relative_p99_latency,0.6197789130332283,pt2,p99_latency,True,2.0
1243,763,299,48,1110,"[763, 299, 48]",celu,model_6,Float8WeightOnlyConfig,float8,8.0,False,True,pt2_relative_p99_latency,0.5237889633748676,pt2,p99_latency,True,2.0
1244,763,299,48,1110,"[763, 299, 48]",celu,model_6,Int8WeightOnlyConfig,int8,8.0,False,True,pytorch_quantized_MAE,8.959904904872431,pytorch,MAE,False,3.0
1245,763,299,48,1110,"[763, 299, 48]",celu,model_6,Float8WeightOnlyConfig,float8,8.0,False,True,pytorch_quantized_MAE,8.938978200573352,pytorch,MAE,False,3.0
1246,763,299,48,1110,"[763, 299, 48]",celu,model_6,Int8WeightOnlyConfig,int8,8.0,False,True,pytorch_relative_MAE,0.9992238326322654,pytorch,MAE,True,3.0
1247,763,299,48,1110,"[763, 299, 48]",celu,model_6,Float8WeightOnlyConfig,float8,8.0,False,True,pytorch_relative_MAE,0.9968900509798825,pytorch,MAE,True,3.0
1248,763,299,48,1110,"[763, 299, 48]",celu,model_6,Int8WeightOnlyConfig,int8,8.0,False,True,pytorch_quantized_model_size,305451.0,pytorch,model_size,False,3.0
1249,763,299,48,1110,"[763, 299, 48]",celu,model_6,Float8WeightOnlyConfig,float8,8.0,False,True,pytorch_quantized_model_size,305451.0,pytorch,model_size,False,3.0
1250,763,299,48,1110,"[763, 299, 48]",celu,model_6,Int8WeightOnlyConfig,int8,8.0,False,True,pytorch_quantized_median_latency,0.0004349853843450546,pytorch,median_latency,False,3.0
1251,763,299,48,1110,"[763, 299, 48]",celu,model_6,Float8WeightOnlyConfig,float8,8.0,False,True,pytorch_quantized_median_latency,0.0005281232297420502,pytorch,median_latency,False,3.0
1252,763,299,48,1110,"[763, 299, 48]",celu,model_6,Int8WeightOnlyConfig,int8,8.0,False,True,pytorch_quantized_p95_latency,0.0004458155483007431,pytorch,p95_latency,False,3.0
1253,763,299,48,1110,"[763, 299, 48]",celu,model_6,Float8WeightOnlyConfig,float8,8.0,False,True,pytorch_quantized_p95_latency,0.0005389454774558544,pytorch,p95_latency,False,3.0
1254,763,299,48,1110,"[763, 299, 48]",celu,model_6,Int8WeightOnlyConfig,int8,8.0,False,True,pytorch_quantized_p99_latency,0.000449660811573267,pytorch,p99_latency,False,3.0
1255,763,299,48,1110,"[763, 299, 48]",celu,model_6,Float8WeightOnlyConfig,float8,8.0,False,True,pytorch_quantized_p99_latency,0.000558675918728113,pytorch,p99_latency,False,3.0
1256,763,299,48,1110,"[763, 299, 48]",celu,model_6,Int8WeightOnlyConfig,int8,8.0,False,True,pytorch_relative_model_size,0.25,pytorch,model_size,True,3.0
1257,763,299,48,1110,"[763, 299, 48]",celu,model_6,Float8WeightOnlyConfig,float8,8.0,False,True,pytorch_relative_model_size,0.25,pytorch,model_size,True,3.0
1258,763,299,48,1110,"[763, 299, 48]",celu,model_6,Int8WeightOnlyConfig,int8,8.0,False,True,pytorch_relative_median_latency,2.756926818326703,pytorch,median_latency,True,3.0
1259,763,299,48,1110,"[763, 299, 48]",celu,model_6,Float8WeightOnlyConfig,float8,8.0,False,True,pytorch_relative_median_latency,3.3472322240192662,pytorch,median_latency,True,3.0
1260,763,299,48,1110,"[763, 299, 48]",celu,model_6,Int8WeightOnlyConfig,int8,8.0,False,True,pytorch_relative_p95_latency,2.6211708376956473,pytorch,p95_latency,True,3.0
1261,763,299,48,1110,"[763, 299, 48]",celu,model_6,Float8WeightOnlyConfig,float8,8.0,False,True,pytorch_relative_p95_latency,3.168727905519951,pytorch,p95_latency,True,3.0
1262,763,299,48,1110,"[763, 299, 48]",celu,model_6,Int8WeightOnlyConfig,int8,8.0,False,True,pytorch_relative_p99_latency,2.475613886788646,pytorch,p99_latency,True,3.0
1263,763,299,48,1110,"[763, 299, 48]",celu,model_6,Float8WeightOnlyConfig,float8,8.0,False,True,pytorch_relative_p99_latency,3.075798083846067,pytorch,p99_latency,True,3.0
1264,763,299,48,1110,"[763, 299, 48]",celu,model_6,Int8WeightOnlyConfig,int8,8.0,False,True,onnx_quantized_model_size,33196.0,onnx,model_size,False,3.0
1265,763,299,48,1110,"[763, 299, 48]",celu,model_6,Float8WeightOnlyConfig,float8,8.0,False,True,onnx_quantized_model_size,,onnx,model_size,False,3.0
1266,763,299,48,1110,"[763, 299, 48]",celu,model_6,Int8WeightOnlyConfig,int8,8.0,False,True,onnx_quantized_median_latency,0.0007525403052568436,onnx,median_latency,False,3.0
1267,763,299,48,1110,"[763, 299, 48]",celu,model_6,Float8WeightOnlyConfig,float8,8.0,False,True,onnx_quantized_median_latency,,onnx,median_latency,False,3.0
1268,763,299,48,1110,"[763, 299, 48]",celu,model_6,Int8WeightOnlyConfig,int8,8.0,False,True,onnx_quantized_p95_latency,0.0007679153233766556,onnx,p95_latency,False,3.0
1269,763,299,48,1110,"[763, 299, 48]",celu,model_6,Float8WeightOnlyConfig,float8,8.0,False,True,onnx_quantized_p95_latency,,onnx,p95_latency,False,3.0
1270,763,299,48,1110,"[763, 299, 48]",celu,model_6,Int8WeightOnlyConfig,int8,8.0,False,True,onnx_quantized_p99_latency,0.0010168017446994782,onnx,p99_latency,False,3.0
1271,763,299,48,1110,"[763, 299, 48]",celu,model_6,Float8WeightOnlyConfig,float8,8.0,False,True,onnx_quantized_p99_latency,,onnx,p99_latency,False,3.0
1272,763,299,48,1110,"[763, 299, 48]",celu,model_6,Int8WeightOnlyConfig,int8,8.0,False,True,onnx_relative_model_size,2.403243321508724,onnx,model_size,True,3.0
1273,763,299,48,1110,"[763, 299, 48]",celu,model_6,Float8WeightOnlyConfig,float8,8.0,False,True,onnx_relative_model_size,,onnx,model_size,True,3.0
1274,763,299,48,1110,"[763, 299, 48]",celu,model_6,Int8WeightOnlyConfig,int8,8.0,False,True,onnx_relative_median_latency,1.0783088878005427,onnx,median_latency,True,3.0
1275,763,299,48,1110,"[763, 299, 48]",celu,model_6,Float8WeightOnlyConfig,float8,8.0,False,True,onnx_relative_median_latency,,onnx,median_latency,True,3.0
1276,763,299,48,1110,"[763, 299, 48]",celu,model_6,Int8WeightOnlyConfig,int8,8.0,False,True,onnx_relative_p95_latency,1.0862149028853085,onnx,p95_latency,True,3.0
1277,763,299,48,1110,"[763, 299, 48]",celu,model_6,Float8WeightOnlyConfig,float8,8.0,False,True,onnx_relative_p95_latency,,onnx,p95_latency,True,3.0
1278,763,299,48,1110,"[763, 299, 48]",celu,model_6,Int8WeightOnlyConfig,int8,8.0,False,True,onnx_relative_p99_latency,1.4223453105719361,onnx,p99_latency,True,3.0
1279,763,299,48,1110,"[763, 299, 48]",celu,model_6,Float8WeightOnlyConfig,float8,8.0,False,True,onnx_relative_p99_latency,,onnx,p99_latency,True,3.0
1280,763,299,48,1110,"[763, 299, 48]",celu,model_6,Int8WeightOnlyConfig,int8,8.0,False,True,pt2_quantized_model_size,454369.0,pt2,model_size,False,3.0
1281,763,299,48,1110,"[763, 299, 48]",celu,model_6,Float8WeightOnlyConfig,float8,8.0,False,True,pt2_quantized_model_size,433633.0,pt2,model_size,False,3.0
1282,763,299,48,1110,"[763, 299, 48]",celu,model_6,Int8WeightOnlyConfig,int8,8.0,False,True,pt2_quantized_median_latency,0.0008983835577964783,pt2,median_latency,False,3.0
1283,763,299,48,1110,"[763, 299, 48]",celu,model_6,Float8WeightOnlyConfig,float8,8.0,False,True,pt2_quantized_median_latency,0.0007293559610843658,pt2,median_latency,False,3.0
1284,763,299,48,1110,"[763, 299, 48]",celu,model_6,Int8WeightOnlyConfig,int8,8.0,False,True,pt2_quantized_p95_latency,0.0009126970544457436,pt2,p95_latency,False,3.0
1285,763,299,48,1110,"[763, 299, 48]",celu,model_6,Float8WeightOnlyConfig,float8,8.0,False,True,pt2_quantized_p95_latency,0.0007432085461914539,pt2,p95_latency,False,3.0
1286,763,299,48,1110,"[763, 299, 48]",celu,model_6,Int8WeightOnlyConfig,int8,8.0,False,True,pt2_quantized_p99_latency,0.0010716187767684459,pt2,p99_latency,False,3.0
1287,763,299,48,1110,"[763, 299, 48]",celu,model_6,Float8WeightOnlyConfig,float8,8.0,False,True,pt2_quantized_p99_latency,0.0008752685412764549,pt2,p99_latency,False,3.0
1288,763,299,48,1110,"[763, 299, 48]",celu,model_6,Int8WeightOnlyConfig,int8,8.0,False,True,pt2_relative_model_size,0.3533413016818296,pt2,model_size,True,3.0
1289,763,299,48,1110,"[763, 299, 48]",celu,model_6,Float8WeightOnlyConfig,float8,8.0,False,True,pt2_relative_model_size,0.33721589428899595,pt2,model_size,True,3.0
1290,763,299,48,1110,"[763, 299, 48]",celu,model_6,Int8WeightOnlyConfig,int8,8.0,False,True,pt2_relative_median_latency,0.9507257346788525,pt2,median_latency,True,3.0
1291,763,299,48,1110,"[763, 299, 48]",celu,model_6,Float8WeightOnlyConfig,float8,8.0,False,True,pt2_relative_median_latency,0.7718501478868589,pt2,median_latency,True,3.0
1292,763,299,48,1110,"[763, 299, 48]",celu,model_6,Int8WeightOnlyConfig,int8,8.0,False,True,pt2_relative_p95_latency,0.9539894288344568,pt2,p95_latency,True,3.0
1293,763,299,48,1110,"[763, 299, 48]",celu,model_6,Float8WeightOnlyConfig,float8,8.0,False,True,pt2_relative_p95_latency,0.7768328965591291,pt2,p95_latency,True,3.0
1294,763,299,48,1110,"[763, 299, 48]",celu,model_6,Int8WeightOnlyConfig,int8,8.0,False,True,pt2_relative_p99_latency,0.9573458785838759,pt2,p99_latency,True,3.0
1295,763,299,48,1110,"[763, 299, 48]",celu,model_6,Float8WeightOnlyConfig,float8,8.0,False,True,pt2_relative_p99_latency,0.7819336025186082,pt2,p99_latency,True,3.0
1301,505,123,114,742,"[505, 123, 114]",elu,model_7,Int8WeightOnlyConfig,int8,8.0,False,True,pytorch_quantized_MAE,9.857851417807062,pytorch,MAE,False,1.0
1302,505,123,114,742,"[505, 123, 114]",elu,model_7,Float8WeightOnlyConfig,float8,8.0,False,True,pytorch_quantized_MAE,9.839110179768344,pytorch,MAE,False,1.0
1303,505,123,114,742,"[505, 123, 114]",elu,model_7,Int8WeightOnlyConfig,int8,8.0,False,True,pytorch_relative_MAE,1.000382488342175,pytorch,MAE,True,1.0
1304,505,123,114,742,"[505, 123, 114]",elu,model_7,Float8WeightOnlyConfig,float8,8.0,False,True,pytorch_relative_MAE,0.9984806128168533,pytorch,MAE,True,1.0
1305,505,123,114,742,"[505, 123, 114]",elu,model_7,Int8WeightOnlyConfig,int8,8.0,False,True,pytorch_quantized_model_size,117899.0,pytorch,model_size,False,1.0
1306,505,123,114,742,"[505, 123, 114]",elu,model_7,Float8WeightOnlyConfig,float8,8.0,False,True,pytorch_quantized_model_size,117899.0,pytorch,model_size,False,1.0
1307,505,123,114,742,"[505, 123, 114]",elu,model_7,Int8WeightOnlyConfig,int8,8.0,False,True,pytorch_quantized_median_latency,0.0004305839538574219,pytorch,median_latency,False,1.0
1308,505,123,114,742,"[505, 123, 114]",elu,model_7,Float8WeightOnlyConfig,float8,8.0,False,True,pytorch_quantized_median_latency,0.0005892189219594002,pytorch,median_latency,False,1.0
1309,505,123,114,742,"[505, 123, 114]",elu,model_7,Int8WeightOnlyConfig,int8,8.0,False,True,pytorch_quantized_p95_latency,0.0004425792954862118,pytorch,p95_latency,False,1.0
1310,505,123,114,742,"[505, 123, 114]",elu,model_7,Float8WeightOnlyConfig,float8,8.0,False,True,pytorch_quantized_p95_latency,0.000620183628052473,pytorch,p95_latency,False,1.0
1311,505,123,114,742,"[505, 123, 114]",elu,model_7,Int8WeightOnlyConfig,int8,8.0,False,True,pytorch_quantized_p99_latency,0.0004461782239377498,pytorch,p99_latency,False,1.0
1312,505,123,114,742,"[505, 123, 114]",elu,model_7,Float8WeightOnlyConfig,float8,8.0,False,True,pytorch_quantized_p99_latency,0.0006272346526384353,pytorch,p99_latency,False,1.0
1313,505,123,114,742,"[505, 123, 114]",elu,model_7,Int8WeightOnlyConfig,int8,8.0,False,True,pytorch_relative_model_size,0.25,pytorch,model_size,True,1.0
1314,505,123,114,742,"[505, 123, 114]",elu,model_7,Float8WeightOnlyConfig,float8,8.0,False,True,pytorch_relative_model_size,0.25,pytorch,model_size,True,1.0
1315,505,123,114,742,"[505, 123, 114]",elu,model_7,Int8WeightOnlyConfig,int8,8.0,False,True,pytorch_relative_median_latency,2.711807144114024,pytorch,median_latency,True,1.0
1316,505,123,114,742,"[505, 123, 114]",elu,model_7,Float8WeightOnlyConfig,float8,8.0,False,True,pytorch_relative_median_latency,3.7108862689893836,pytorch,median_latency,True,1.0
1317,505,123,114,742,"[505, 123, 114]",elu,model_7,Int8WeightOnlyConfig,int8,8.0,False,True,pytorch_relative_p95_latency,2.5978331341655014,pytorch,p95_latency,True,1.0
1318,505,123,114,742,"[505, 123, 114]",elu,model_7,Float8WeightOnlyConfig,float8,8.0,False,True,pytorch_relative_p95_latency,3.640327495328758,pytorch,p95_latency,True,1.0
1319,505,123,114,742,"[505, 123, 114]",elu,model_7,Int8WeightOnlyConfig,int8,8.0,False,True,pytorch_relative_p99_latency,2.531715230467996,pytorch,p99_latency,True,1.0
1320,505,123,114,742,"[505, 123, 114]",elu,model_7,Float8WeightOnlyConfig,float8,8.0,False,True,pytorch_relative_p99_latency,3.5590699813794195,pytorch,p99_latency,True,1.0
1321,505,123,114,742,"[505, 123, 114]",elu,model_7,Int8WeightOnlyConfig,int8,8.0,False,True,onnx_quantized_model_size,32777.0,onnx,model_size,False,1.0
1322,505,123,114,742,"[505, 123, 114]",elu,model_7,Float8WeightOnlyConfig,float8,8.0,False,True,onnx_quantized_model_size,,onnx,model_size,False,1.0
1323,505,123,114,742,"[505, 123, 114]",elu,model_7,Int8WeightOnlyConfig,int8,8.0,False,True,onnx_quantized_median_latency,0.0003803670406341553,onnx,median_latency,False,1.0
1324,505,123,114,742,"[505, 123, 114]",elu,model_7,Float8WeightOnlyConfig,float8,8.0,False,True,onnx_quantized_median_latency,,onnx,median_latency,False,1.0
1325,505,123,114,742,"[505, 123, 114]",elu,model_7,Int8WeightOnlyConfig,int8,8.0,False,True,onnx_quantized_p95_latency,0.00039876876398921003,onnx,p95_latency,False,1.0
1326,505,123,114,742,"[505, 123, 114]",elu,model_7,Float8WeightOnlyConfig,float8,8.0,False,True,onnx_quantized_p95_latency,,onnx,p95_latency,False,1.0
1327,505,123,114,742,"[505, 123, 114]",elu,model_7,Int8WeightOnlyConfig,int8,8.0,False,True,onnx_quantized_p99_latency,0.0004712827689945698,onnx,p99_latency,False,1.0
1328,505,123,114,742,"[505, 123, 114]",elu,model_7,Float8WeightOnlyConfig,float8,8.0,False,True,onnx_quantized_p99_latency,,onnx,p99_latency,False,1.0
1329,505,123,114,742,"[505, 123, 114]",elu,model_7,Int8WeightOnlyConfig,int8,8.0,False,True,onnx_relative_model_size,2.423796494860608,onnx,model_size,True,1.0
1330,505,123,114,742,"[505, 123, 114]",elu,model_7,Float8WeightOnlyConfig,float8,8.0,False,True,onnx_relative_model_size,,onnx,model_size,True,1.0
1331,505,123,114,742,"[505, 123, 114]",elu,model_7,Int8WeightOnlyConfig,int8,8.0,False,True,onnx_relative_median_latency,1.2666182864727737,onnx,median_latency,True,1.0
1332,505,123,114,742,"[505, 123, 114]",elu,model_7,Float8WeightOnlyConfig,float8,8.0,False,True,onnx_relative_median_latency,,onnx,median_latency,True,1.0
1333,505,123,114,742,"[505, 123, 114]",elu,model_7,Int8WeightOnlyConfig,int8,8.0,False,True,onnx_relative_p95_latency,0.5888400650540314,onnx,p95_latency,True,1.0
1334,505,123,114,742,"[505, 123, 114]",elu,model_7,Float8WeightOnlyConfig,float8,8.0,False,True,onnx_relative_p95_latency,,onnx,p95_latency,True,1.0
1335,505,123,114,742,"[505, 123, 114]",elu,model_7,Int8WeightOnlyConfig,int8,8.0,False,True,onnx_relative_p99_latency,0.6868997266469429,onnx,p99_latency,True,1.0
1336,505,123,114,742,"[505, 123, 114]",elu,model_7,Float8WeightOnlyConfig,float8,8.0,False,True,onnx_relative_p99_latency,,onnx,p99_latency,True,1.0
1337,505,123,114,742,"[505, 123, 114]",elu,model_7,Int8WeightOnlyConfig,int8,8.0,False,True,pt2_quantized_model_size,264481.0,pt2,model_size,False,1.0
1338,505,123,114,742,"[505, 123, 114]",elu,model_7,Float8WeightOnlyConfig,float8,8.0,False,True,pt2_quantized_model_size,243681.0,pt2,model_size,False,1.0
1339,505,123,114,742,"[505, 123, 114]",elu,model_7,Int8WeightOnlyConfig,int8,8.0,False,True,pt2_quantized_median_latency,0.0009021582081913948,pt2,median_latency,False,1.0
1340,505,123,114,742,"[505, 123, 114]",elu,model_7,Float8WeightOnlyConfig,float8,8.0,False,True,pt2_quantized_median_latency,0.0007370896637439728,pt2,median_latency,False,1.0
1341,505,123,114,742,"[505, 123, 114]",elu,model_7,Int8WeightOnlyConfig,int8,8.0,False,True,pt2_quantized_p95_latency,0.0009240619838237762,pt2,p95_latency,False,1.0
1342,505,123,114,742,"[505, 123, 114]",elu,model_7,Float8WeightOnlyConfig,float8,8.0,False,True,pt2_quantized_p95_latency,0.0007528078742325306,pt2,p95_latency,False,1.0
1343,505,123,114,742,"[505, 123, 114]",elu,model_7,Int8WeightOnlyConfig,int8,8.0,False,True,pt2_quantized_p99_latency,0.001101610846817493,pt2,p99_latency,False,1.0
1344,505,123,114,742,"[505, 123, 114]",elu,model_7,Float8WeightOnlyConfig,float8,8.0,False,True,pt2_quantized_p99_latency,0.0008792554400861263,pt2,p99_latency,False,1.0
1345,505,123,114,742,"[505, 123, 114]",elu,model_7,Int8WeightOnlyConfig,int8,8.0,False,True,pt2_relative_model_size,0.49358111827948964,pt2,model_size,True,1.0
1346,505,123,114,742,"[505, 123, 114]",elu,model_7,Float8WeightOnlyConfig,float8,8.0,False,True,pt2_relative_model_size,0.4547636332419505,pt2,model_size,True,1.0
1347,505,123,114,742,"[505, 123, 114]",elu,model_7,Int8WeightOnlyConfig,int8,8.0,False,True,pt2_relative_median_latency,1.411346897742422,pt2,median_latency,True,1.0
1348,505,123,114,742,"[505, 123, 114]",elu,model_7,Float8WeightOnlyConfig,float8,8.0,False,True,pt2_relative_median_latency,1.153111727895914,pt2,median_latency,True,1.0
1349,505,123,114,742,"[505, 123, 114]",elu,model_7,Int8WeightOnlyConfig,int8,8.0,False,True,pt2_relative_p95_latency,1.422933517205853,pt2,p95_latency,True,1.0
1350,505,123,114,742,"[505, 123, 114]",elu,model_7,Float8WeightOnlyConfig,float8,8.0,False,True,pt2_relative_p95_latency,1.1592247868799235,pt2,p95_latency,True,1.0
1351,505,123,114,742,"[505, 123, 114]",elu,model_7,Int8WeightOnlyConfig,int8,8.0,False,True,pt2_relative_p99_latency,1.3799410787428297,pt2,p99_latency,True,1.0
1352,505,123,114,742,"[505, 123, 114]",elu,model_7,Float8WeightOnlyConfig,float8,8.0,False,True,pt2_relative_p99_latency,1.1014059129756961,pt2,p99_latency,True,1.0
1353,505,123,114,742,"[505, 123, 114]",elu,model_7,Int8WeightOnlyConfig,int8,8.0,False,True,pytorch_quantized_MAE,9.544726553887324,pytorch,MAE,False,2.0
1354,505,123,114,742,"[505, 123, 114]",elu,model_7,Float8WeightOnlyConfig,float8,8.0,False,True,pytorch_quantized_MAE,9.522144468348765,pytorch,MAE,False,2.0
1355,505,123,114,742,"[505, 123, 114]",elu,model_7,Int8WeightOnlyConfig,int8,8.0,False,True,pytorch_relative_MAE,1.0005798832809418,pytorch,MAE,True,2.0
1356,505,123,114,742,"[505, 123, 114]",elu,model_7,Float8WeightOnlyConfig,float8,8.0,False,True,pytorch_relative_MAE,0.9982125885884386,pytorch,MAE,True,2.0
1357,505,123,114,742,"[505, 123, 114]",elu,model_7,Int8WeightOnlyConfig,int8,8.0,False,True,pytorch_quantized_model_size,117899.0,pytorch,model_size,False,2.0
1358,505,123,114,742,"[505, 123, 114]",elu,model_7,Float8WeightOnlyConfig,float8,8.0,False,True,pytorch_quantized_model_size,117899.0,pytorch,model_size,False,2.0
1359,505,123,114,742,"[505, 123, 114]",elu,model_7,Int8WeightOnlyConfig,int8,8.0,False,True,pytorch_quantized_median_latency,0.000430806539952755,pytorch,median_latency,False,2.0
1360,505,123,114,742,"[505, 123, 114]",elu,model_7,Float8WeightOnlyConfig,float8,8.0,False,True,pytorch_quantized_median_latency,0.0005296925082802773,pytorch,median_latency,False,2.0
1361,505,123,114,742,"[505, 123, 114]",elu,model_7,Int8WeightOnlyConfig,int8,8.0,False,True,pytorch_quantized_p95_latency,0.00044162161648273466,pytorch,p95_latency,False,2.0
1362,505,123,114,742,"[505, 123, 114]",elu,model_7,Float8WeightOnlyConfig,float8,8.0,False,True,pytorch_quantized_p95_latency,0.0005392526276409626,pytorch,p95_latency,False,2.0
1363,505,123,114,742,"[505, 123, 114]",elu,model_7,Int8WeightOnlyConfig,int8,8.0,False,True,pytorch_quantized_p99_latency,0.00044392373412847517,pytorch,p99_latency,False,2.0
1364,505,123,114,742,"[505, 123, 114]",elu,model_7,Float8WeightOnlyConfig,float8,8.0,False,True,pytorch_quantized_p99_latency,0.0005468364246189594,pytorch,p99_latency,False,2.0
1365,505,123,114,742,"[505, 123, 114]",elu,model_7,Int8WeightOnlyConfig,int8,8.0,False,True,pytorch_relative_model_size,0.25,pytorch,model_size,True,2.0
1366,505,123,114,742,"[505, 123, 114]",elu,model_7,Float8WeightOnlyConfig,float8,8.0,False,True,pytorch_relative_model_size,0.25,pytorch,model_size,True,2.0
1367,505,123,114,742,"[505, 123, 114]",elu,model_7,Int8WeightOnlyConfig,int8,8.0,False,True,pytorch_relative_median_latency,2.701057475022919,pytorch,median_latency,True,2.0
1368,505,123,114,742,"[505, 123, 114]",elu,model_7,Float8WeightOnlyConfig,float8,8.0,False,True,pytorch_relative_median_latency,3.321049650525234,pytorch,median_latency,True,2.0
1369,505,123,114,742,"[505, 123, 114]",elu,model_7,Int8WeightOnlyConfig,int8,8.0,False,True,pytorch_relative_p95_latency,2.5556253792847725,pytorch,p95_latency,True,2.0
1370,505,123,114,742,"[505, 123, 114]",elu,model_7,Float8WeightOnlyConfig,float8,8.0,False,True,pytorch_relative_p95_latency,3.1206074377002864,pytorch,p95_latency,True,2.0
1371,505,123,114,742,"[505, 123, 114]",elu,model_7,Int8WeightOnlyConfig,int8,8.0,False,True,pytorch_relative_p99_latency,2.4011047128821486,pytorch,p99_latency,True,2.0
1372,505,123,114,742,"[505, 123, 114]",elu,model_7,Float8WeightOnlyConfig,float8,8.0,False,True,pytorch_relative_p99_latency,2.957741196032134,pytorch,p99_latency,True,2.0
1373,505,123,114,742,"[505, 123, 114]",elu,model_7,Int8WeightOnlyConfig,int8,8.0,False,True,onnx_quantized_model_size,32777.0,onnx,model_size,False,2.0
1374,505,123,114,742,"[505, 123, 114]",elu,model_7,Float8WeightOnlyConfig,float8,8.0,False,True,onnx_quantized_model_size,,onnx,model_size,False,2.0
1375,505,123,114,742,"[505, 123, 114]",elu,model_7,Int8WeightOnlyConfig,int8,8.0,False,True,onnx_quantized_median_latency,0.0003762459382414818,onnx,median_latency,False,2.0
1376,505,123,114,742,"[505, 123, 114]",elu,model_7,Float8WeightOnlyConfig,float8,8.0,False,True,onnx_quantized_median_latency,,onnx,median_latency,False,2.0
1377,505,123,114,742,"[505, 123, 114]",elu,model_7,Int8WeightOnlyConfig,int8,8.0,False,True,onnx_quantized_p95_latency,0.00038632070645689965,onnx,p95_latency,False,2.0
1378,505,123,114,742,"[505, 123, 114]",elu,model_7,Float8WeightOnlyConfig,float8,8.0,False,True,onnx_quantized_p95_latency,,onnx,p95_latency,False,2.0
1379,505,123,114,742,"[505, 123, 114]",elu,model_7,Int8WeightOnlyConfig,int8,8.0,False,True,onnx_quantized_p99_latency,0.0007584886066615581,onnx,p99_latency,False,2.0
1380,505,123,114,742,"[505, 123, 114]",elu,model_7,Float8WeightOnlyConfig,float8,8.0,False,True,onnx_quantized_p99_latency,,onnx,p99_latency,False,2.0
1381,505,123,114,742,"[505, 123, 114]",elu,model_7,Int8WeightOnlyConfig,int8,8.0,False,True,onnx_relative_model_size,2.423796494860608,onnx,model_size,True,2.0
1382,505,123,114,742,"[505, 123, 114]",elu,model_7,Float8WeightOnlyConfig,float8,8.0,False,True,onnx_relative_model_size,,onnx,model_size,True,2.0
1383,505,123,114,742,"[505, 123, 114]",elu,model_7,Int8WeightOnlyConfig,int8,8.0,False,True,onnx_relative_median_latency,1.2760740265770447,onnx,median_latency,True,2.0
1384,505,123,114,742,"[505, 123, 114]",elu,model_7,Float8WeightOnlyConfig,float8,8.0,False,True,onnx_relative_median_latency,,onnx,median_latency,True,2.0
1385,505,123,114,742,"[505, 123, 114]",elu,model_7,Int8WeightOnlyConfig,int8,8.0,False,True,onnx_relative_p95_latency,1.2758021576228504,onnx,p95_latency,True,2.0
1386,505,123,114,742,"[505, 123, 114]",elu,model_7,Float8WeightOnlyConfig,float8,8.0,False,True,onnx_relative_p95_latency,,onnx,p95_latency,True,2.0
1387,505,123,114,742,"[505, 123, 114]",elu,model_7,Int8WeightOnlyConfig,int8,8.0,False,True,onnx_relative_p99_latency,2.12152730617296,onnx,p99_latency,True,2.0
1388,505,123,114,742,"[505, 123, 114]",elu,model_7,Float8WeightOnlyConfig,float8,8.0,False,True,onnx_relative_p99_latency,,onnx,p99_latency,True,2.0
1389,505,123,114,742,"[505, 123, 114]",elu,model_7,Int8WeightOnlyConfig,int8,8.0,False,True,pt2_quantized_model_size,264481.0,pt2,model_size,False,2.0
1390,505,123,114,742,"[505, 123, 114]",elu,model_7,Float8WeightOnlyConfig,float8,8.0,False,True,pt2_quantized_model_size,243681.0,pt2,model_size,False,2.0
1391,505,123,114,742,"[505, 123, 114]",elu,model_7,Int8WeightOnlyConfig,int8,8.0,False,True,pt2_quantized_median_latency,0.0009044446051120758,pt2,median_latency,False,2.0
1392,505,123,114,742,"[505, 123, 114]",elu,model_7,Float8WeightOnlyConfig,float8,8.0,False,True,pt2_quantized_median_latency,0.0007348610088229179,pt2,median_latency,False,2.0
1393,505,123,114,742,"[505, 123, 114]",elu,model_7,Int8WeightOnlyConfig,int8,8.0,False,True,pt2_quantized_p95_latency,0.000913872942328453,pt2,p95_latency,False,2.0
1394,505,123,114,742,"[505, 123, 114]",elu,model_7,Float8WeightOnlyConfig,float8,8.0,False,True,pt2_quantized_p95_latency,0.000747106783092022,pt2,p95_latency,False,2.0
1395,505,123,114,742,"[505, 123, 114]",elu,model_7,Int8WeightOnlyConfig,int8,8.0,False,True,pt2_quantized_p99_latency,0.0010335652157664299,pt2,p99_latency,False,2.0
1396,505,123,114,742,"[505, 123, 114]",elu,model_7,Float8WeightOnlyConfig,float8,8.0,False,True,pt2_quantized_p99_latency,0.0008710287325084209,pt2,p99_latency,False,2.0
1397,505,123,114,742,"[505, 123, 114]",elu,model_7,Int8WeightOnlyConfig,int8,8.0,False,True,pt2_relative_model_size,0.49358111827948964,pt2,model_size,True,2.0
1398,505,123,114,742,"[505, 123, 114]",elu,model_7,Float8WeightOnlyConfig,float8,8.0,False,True,pt2_relative_model_size,0.4547636332419505,pt2,model_size,True,2.0
1399,505,123,114,742,"[505, 123, 114]",elu,model_7,Int8WeightOnlyConfig,int8,8.0,False,True,pt2_relative_median_latency,1.4006672041607233,pt2,median_latency,True,2.0
1400,505,123,114,742,"[505, 123, 114]",elu,model_7,Float8WeightOnlyConfig,float8,8.0,False,True,pt2_relative_median_latency,1.1380417428076517,pt2,median_latency,True,2.0
1401,505,123,114,742,"[505, 123, 114]",elu,model_7,Int8WeightOnlyConfig,int8,8.0,False,True,pt2_relative_p95_latency,1.3924133150471498,pt2,p95_latency,True,2.0
1402,505,123,114,742,"[505, 123, 114]",elu,model_7,Float8WeightOnlyConfig,float8,8.0,False,True,pt2_relative_p95_latency,1.1383217341886123,pt2,p95_latency,True,2.0
1403,505,123,114,742,"[505, 123, 114]",elu,model_7,Int8WeightOnlyConfig,int8,8.0,False,True,pt2_relative_p99_latency,1.2773971435938045,pt2,p99_latency,True,2.0
1404,505,123,114,742,"[505, 123, 114]",elu,model_7,Float8WeightOnlyConfig,float8,8.0,False,True,pt2_relative_p99_latency,1.0765161190813828,pt2,p99_latency,True,2.0
1405,505,123,114,742,"[505, 123, 114]",elu,model_7,Int8WeightOnlyConfig,int8,8.0,False,True,pytorch_quantized_MAE,9.531124527680907,pytorch,MAE,False,3.0
1406,505,123,114,742,"[505, 123, 114]",elu,model_7,Float8WeightOnlyConfig,float8,8.0,False,True,pytorch_quantized_MAE,9.504258027529783,pytorch,MAE,False,3.0
1407,505,123,114,742,"[505, 123, 114]",elu,model_7,Int8WeightOnlyConfig,int8,8.0,False,True,pytorch_relative_MAE,1.000471639117411,pytorch,MAE,True,3.0
1408,505,123,114,742,"[505, 123, 114]",elu,model_7,Float8WeightOnlyConfig,float8,8.0,False,True,pytorch_relative_MAE,0.997651492201328,pytorch,MAE,True,3.0
1409,505,123,114,742,"[505, 123, 114]",elu,model_7,Int8WeightOnlyConfig,int8,8.0,False,True,pytorch_quantized_model_size,117899.0,pytorch,model_size,False,3.0
1410,505,123,114,742,"[505, 123, 114]",elu,model_7,Float8WeightOnlyConfig,float8,8.0,False,True,pytorch_quantized_model_size,117899.0,pytorch,model_size,False,3.0
1411,505,123,114,742,"[505, 123, 114]",elu,model_7,Int8WeightOnlyConfig,int8,8.0,False,True,pytorch_quantized_median_latency,0.000425201840698719,pytorch,median_latency,False,3.0
1412,505,123,114,742,"[505, 123, 114]",elu,model_7,Float8WeightOnlyConfig,float8,8.0,False,True,pytorch_quantized_median_latency,0.0005221273750066757,pytorch,median_latency,False,3.0
1413,505,123,114,742,"[505, 123, 114]",elu,model_7,Int8WeightOnlyConfig,int8,8.0,False,True,pytorch_quantized_p95_latency,0.0004366565495729446,pytorch,p95_latency,False,3.0
1414,505,123,114,742,"[505, 123, 114]",elu,model_7,Float8WeightOnlyConfig,float8,8.0,False,True,pytorch_quantized_p95_latency,0.0005305778235197067,pytorch,p95_latency,False,3.0
1415,505,123,114,742,"[505, 123, 114]",elu,model_7,Int8WeightOnlyConfig,int8,8.0,False,True,pytorch_quantized_p99_latency,0.0004402630031108856,pytorch,p99_latency,False,3.0
1416,505,123,114,742,"[505, 123, 114]",elu,model_7,Float8WeightOnlyConfig,float8,8.0,False,True,pytorch_quantized_p99_latency,0.0005388131365180015,pytorch,p99_latency,False,3.0
1417,505,123,114,742,"[505, 123, 114]",elu,model_7,Int8WeightOnlyConfig,int8,8.0,False,True,pytorch_relative_model_size,0.25,pytorch,model_size,True,3.0
1418,505,123,114,742,"[505, 123, 114]",elu,model_7,Float8WeightOnlyConfig,float8,8.0,False,True,pytorch_relative_model_size,0.25,pytorch,model_size,True,3.0
1419,505,123,114,742,"[505, 123, 114]",elu,model_7,Int8WeightOnlyConfig,int8,8.0,False,True,pytorch_relative_median_latency,2.631482783663212,pytorch,median_latency,True,3.0
1420,505,123,114,742,"[505, 123, 114]",elu,model_7,Float8WeightOnlyConfig,float8,8.0,False,True,pytorch_relative_median_latency,3.231334078779006,pytorch,median_latency,True,3.0
1421,505,123,114,742,"[505, 123, 114]",elu,model_7,Int8WeightOnlyConfig,int8,8.0,False,True,pytorch_relative_p95_latency,2.524263230463675,pytorch,p95_latency,True,3.0
1422,505,123,114,742,"[505, 123, 114]",elu,model_7,Float8WeightOnlyConfig,float8,8.0,False,True,pytorch_relative_p95_latency,3.0672117299513997,pytorch,p95_latency,True,3.0
1423,505,123,114,742,"[505, 123, 114]",elu,model_7,Int8WeightOnlyConfig,int8,8.0,False,True,pytorch_relative_p99_latency,2.444599099312937,pytorch,p99_latency,True,3.0
1424,505,123,114,742,"[505, 123, 114]",elu,model_7,Float8WeightOnlyConfig,float8,8.0,False,True,pytorch_relative_p99_latency,2.991807394495369,pytorch,p99_latency,True,3.0
1425,505,123,114,742,"[505, 123, 114]",elu,model_7,Int8WeightOnlyConfig,int8,8.0,False,True,onnx_quantized_model_size,32777.0,onnx,model_size,False,3.0
1426,505,123,114,742,"[505, 123, 114]",elu,model_7,Float8WeightOnlyConfig,float8,8.0,False,True,onnx_quantized_model_size,,onnx,model_size,False,3.0
1427,505,123,114,742,"[505, 123, 114]",elu,model_7,Int8WeightOnlyConfig,int8,8.0,False,True,onnx_quantized_median_latency,0.00038075540214776993,onnx,median_latency,False,3.0
1428,505,123,114,742,"[505, 123, 114]",elu,model_7,Float8WeightOnlyConfig,float8,8.0,False,True,onnx_quantized_median_latency,,onnx,median_latency,False,3.0
1429,505,123,114,742,"[505, 123, 114]",elu,model_7,Int8WeightOnlyConfig,int8,8.0,False,True,onnx_quantized_p95_latency,0.00039026159793138505,onnx,p95_latency,False,3.0
1430,505,123,114,742,"[505, 123, 114]",elu,model_7,Float8WeightOnlyConfig,float8,8.0,False,True,onnx_quantized_p95_latency,,onnx,p95_latency,False,3.0
1431,505,123,114,742,"[505, 123, 114]",elu,model_7,Int8WeightOnlyConfig,int8,8.0,False,True,onnx_quantized_p99_latency,0.0003932016901671886,onnx,p99_latency,False,3.0
1432,505,123,114,742,"[505, 123, 114]",elu,model_7,Float8WeightOnlyConfig,float8,8.0,False,True,onnx_quantized_p99_latency,,onnx,p99_latency,False,3.0
1433,505,123,114,742,"[505, 123, 114]",elu,model_7,Int8WeightOnlyConfig,int8,8.0,False,True,onnx_relative_model_size,2.423796494860608,onnx,model_size,True,3.0
1434,505,123,114,742,"[505, 123, 114]",elu,model_7,Float8WeightOnlyConfig,float8,8.0,False,True,onnx_relative_model_size,,onnx,model_size,True,3.0
1435,505,123,114,742,"[505, 123, 114]",elu,model_7,Int8WeightOnlyConfig,int8,8.0,False,True,onnx_relative_median_latency,1.3040093136004083,onnx,median_latency,True,3.0
1436,505,123,114,742,"[505, 123, 114]",elu,model_7,Float8WeightOnlyConfig,float8,8.0,False,True,onnx_relative_median_latency,,onnx,median_latency,True,3.0
1437,505,123,114,742,"[505, 123, 114]",elu,model_7,Int8WeightOnlyConfig,int8,8.0,False,True,onnx_relative_p95_latency,1.287945647145968,onnx,p95_latency,True,3.0
1438,505,123,114,742,"[505, 123, 114]",elu,model_7,Float8WeightOnlyConfig,float8,8.0,False,True,onnx_relative_p95_latency,,onnx,p95_latency,True,3.0
1439,505,123,114,742,"[505, 123, 114]",elu,model_7,Int8WeightOnlyConfig,int8,8.0,False,True,onnx_relative_p99_latency,1.0420730890699208,onnx,p99_latency,True,3.0
1440,505,123,114,742,"[505, 123, 114]",elu,model_7,Float8WeightOnlyConfig,float8,8.0,False,True,onnx_relative_p99_latency,,onnx,p99_latency,True,3.0
1441,505,123,114,742,"[505, 123, 114]",elu,model_7,Int8WeightOnlyConfig,int8,8.0,False,True,pt2_quantized_model_size,264481.0,pt2,model_size,False,3.0
1442,505,123,114,742,"[505, 123, 114]",elu,model_7,Float8WeightOnlyConfig,float8,8.0,False,True,pt2_quantized_model_size,243681.0,pt2,model_size,False,3.0
1443,505,123,114,742,"[505, 123, 114]",elu,model_7,Int8WeightOnlyConfig,int8,8.0,False,True,pt2_quantized_median_latency,0.0009087361395359039,pt2,median_latency,False,3.0
1444,505,123,114,742,"[505, 123, 114]",elu,model_7,Float8WeightOnlyConfig,float8,8.0,False,True,pt2_quantized_median_latency,0.0007331110537052155,pt2,median_latency,False,3.0
1445,505,123,114,742,"[505, 123, 114]",elu,model_7,Int8WeightOnlyConfig,int8,8.0,False,True,pt2_quantized_p95_latency,0.0009182473644614219,pt2,p95_latency,False,3.0
1446,505,123,114,742,"[505, 123, 114]",elu,model_7,Float8WeightOnlyConfig,float8,8.0,False,True,pt2_quantized_p95_latency,0.0007438230328261852,pt2,p95_latency,False,3.0
1447,505,123,114,742,"[505, 123, 114]",elu,model_7,Int8WeightOnlyConfig,int8,8.0,False,True,pt2_quantized_p99_latency,0.0010377248376607895,pt2,p99_latency,False,3.0
1448,505,123,114,742,"[505, 123, 114]",elu,model_7,Float8WeightOnlyConfig,float8,8.0,False,True,pt2_quantized_p99_latency,0.0008674638532102108,pt2,p99_latency,False,3.0
1449,505,123,114,742,"[505, 123, 114]",elu,model_7,Int8WeightOnlyConfig,int8,8.0,False,True,pt2_relative_model_size,0.49358111827948964,pt2,model_size,True,3.0
1450,505,123,114,742,"[505, 123, 114]",elu,model_7,Float8WeightOnlyConfig,float8,8.0,False,True,pt2_relative_model_size,0.4547636332419505,pt2,model_size,True,3.0
1451,505,123,114,742,"[505, 123, 114]",elu,model_7,Int8WeightOnlyConfig,int8,8.0,False,True,pt2_relative_median_latency,1.401077212687044,pt2,median_latency,True,3.0
1452,505,123,114,742,"[505, 123, 114]",elu,model_7,Float8WeightOnlyConfig,float8,8.0,False,True,pt2_relative_median_latency,1.1303008068325897,pt2,median_latency,True,3.0
1453,505,123,114,742,"[505, 123, 114]",elu,model_7,Int8WeightOnlyConfig,int8,8.0,False,True,pt2_relative_p95_latency,1.3935098290182741,pt2,p95_latency,True,3.0
1454,505,123,114,742,"[505, 123, 114]",elu,model_7,Float8WeightOnlyConfig,float8,8.0,False,True,pt2_relative_p95_latency,1.1288077128339187,pt2,p95_latency,True,3.0
1455,505,123,114,742,"[505, 123, 114]",elu,model_7,Int8WeightOnlyConfig,int8,8.0,False,True,pt2_relative_p99_latency,1.2856743625458467,pt2,p99_latency,True,3.0
1456,505,123,114,742,"[505, 123, 114]",elu,model_7,Float8WeightOnlyConfig,float8,8.0,False,True,pt2_relative_p99_latency,1.0747319482316968,pt2,p99_latency,True,3.0
1457,201,415,100,716,"[201, 415, 100]",leaky_relu,model_8,Int8WeightOnlyConfig,int8,8.0,False,True,pytorch_quantized_MAE,8.274467705110279,pytorch,MAE,False,1.0
1458,201,415,100,716,"[201, 415, 100]",leaky_relu,model_8,Float8WeightOnlyConfig,float8,8.0,False,True,pytorch_quantized_MAE,8.17503951208163,pytorch,MAE,False,1.0
1459,201,415,100,716,"[201, 415, 100]",leaky_relu,model_8,Int8WeightOnlyConfig,int8,8.0,False,True,pytorch_relative_MAE,1.0005120101236378,pytorch,MAE,True,1.0
1460,201,415,100,716,"[201, 415, 100]",leaky_relu,model_8,Float8WeightOnlyConfig,float8,8.0,False,True,pytorch_relative_MAE,0.988489593115639,pytorch,MAE,True,1.0
1461,201,415,100,716,"[201, 415, 100]",leaky_relu,model_8,Int8WeightOnlyConfig,int8,8.0,False,True,pytorch_quantized_model_size,142013.0,pytorch,model_size,False,1.0
1462,201,415,100,716,"[201, 415, 100]",leaky_relu,model_8,Float8WeightOnlyConfig,float8,8.0,False,True,pytorch_quantized_model_size,142013.0,pytorch,model_size,False,1.0
1463,201,415,100,716,"[201, 415, 100]",leaky_relu,model_8,Int8WeightOnlyConfig,int8,8.0,False,True,pytorch_quantized_median_latency,0.0004394855350255966,pytorch,median_latency,False,1.0
1464,201,415,100,716,"[201, 415, 100]",leaky_relu,model_8,Float8WeightOnlyConfig,float8,8.0,False,True,pytorch_quantized_median_latency,0.000533049926161766,pytorch,median_latency,False,1.0
1465,201,415,100,716,"[201, 415, 100]",leaky_relu,model_8,Int8WeightOnlyConfig,int8,8.0,False,True,pytorch_quantized_p95_latency,0.0004497687332332134,pytorch,p95_latency,False,1.0
1466,201,415,100,716,"[201, 415, 100]",leaky_relu,model_8,Float8WeightOnlyConfig,float8,8.0,False,True,pytorch_quantized_p95_latency,0.0005411124788224697,pytorch,p95_latency,False,1.0
1467,201,415,100,716,"[201, 415, 100]",leaky_relu,model_8,Int8WeightOnlyConfig,int8,8.0,False,True,pytorch_quantized_p99_latency,0.0004523970000445843,pytorch,p99_latency,False,1.0
1468,201,415,100,716,"[201, 415, 100]",leaky_relu,model_8,Float8WeightOnlyConfig,float8,8.0,False,True,pytorch_quantized_p99_latency,0.0005448382720351219,pytorch,p99_latency,False,1.0
1469,201,415,100,716,"[201, 415, 100]",leaky_relu,model_8,Int8WeightOnlyConfig,int8,8.0,False,True,pytorch_relative_model_size,0.25,pytorch,model_size,True,1.0
1470,201,415,100,716,"[201, 415, 100]",leaky_relu,model_8,Float8WeightOnlyConfig,float8,8.0,False,True,pytorch_relative_model_size,0.25,pytorch,model_size,True,1.0
1471,201,415,100,716,"[201, 415, 100]",leaky_relu,model_8,Int8WeightOnlyConfig,int8,8.0,False,True,pytorch_relative_median_latency,2.652967831161384,pytorch,median_latency,True,1.0
1472,201,415,100,716,"[201, 415, 100]",leaky_relu,model_8,Float8WeightOnlyConfig,float8,8.0,False,True,pytorch_relative_median_latency,3.217772130834186,pytorch,median_latency,True,1.0
1473,201,415,100,716,"[201, 415, 100]",leaky_relu,model_8,Int8WeightOnlyConfig,int8,8.0,False,True,pytorch_relative_p95_latency,2.5497868822078718,pytorch,p95_latency,True,1.0
1474,201,415,100,716,"[201, 415, 100]",leaky_relu,model_8,Float8WeightOnlyConfig,float8,8.0,False,True,pytorch_relative_p95_latency,3.0676243107924246,pytorch,p95_latency,True,1.0
1475,201,415,100,716,"[201, 415, 100]",leaky_relu,model_8,Int8WeightOnlyConfig,int8,8.0,False,True,pytorch_relative_p99_latency,2.5161162565871233,pytorch,p99_latency,True,1.0
1476,201,415,100,716,"[201, 415, 100]",leaky_relu,model_8,Float8WeightOnlyConfig,float8,8.0,False,True,pytorch_relative_p99_latency,3.0302509374361595,pytorch,p99_latency,True,1.0
1477,201,415,100,716,"[201, 415, 100]",leaky_relu,model_8,Int8WeightOnlyConfig,int8,8.0,False,True,onnx_quantized_model_size,33093.0,onnx,model_size,False,1.0
1478,201,415,100,716,"[201, 415, 100]",leaky_relu,model_8,Float8WeightOnlyConfig,float8,8.0,False,True,onnx_quantized_model_size,,onnx,model_size,False,1.0
1479,201,415,100,716,"[201, 415, 100]",leaky_relu,model_8,Int8WeightOnlyConfig,int8,8.0,False,True,onnx_quantized_median_latency,0.00031746551394462585,onnx,median_latency,False,1.0
1480,201,415,100,716,"[201, 415, 100]",leaky_relu,model_8,Float8WeightOnlyConfig,float8,8.0,False,True,onnx_quantized_median_latency,,onnx,median_latency,False,1.0
1481,201,415,100,716,"[201, 415, 100]",leaky_relu,model_8,Int8WeightOnlyConfig,int8,8.0,False,True,onnx_quantized_p95_latency,0.0003285599872469902,onnx,p95_latency,False,1.0
1482,201,415,100,716,"[201, 415, 100]",leaky_relu,model_8,Float8WeightOnlyConfig,float8,8.0,False,True,onnx_quantized_p95_latency,,onnx,p95_latency,False,1.0
1483,201,415,100,716,"[201, 415, 100]",leaky_relu,model_8,Int8WeightOnlyConfig,int8,8.0,False,True,onnx_quantized_p99_latency,0.00033296428620815276,onnx,p99_latency,False,1.0
1484,201,415,100,716,"[201, 415, 100]",leaky_relu,model_8,Float8WeightOnlyConfig,float8,8.0,False,True,onnx_quantized_p99_latency,,onnx,p99_latency,False,1.0
1485,201,415,100,716,"[201, 415, 100]",leaky_relu,model_8,Int8WeightOnlyConfig,int8,8.0,False,True,onnx_relative_model_size,2.391112716763006,onnx,model_size,True,1.0
1486,201,415,100,716,"[201, 415, 100]",leaky_relu,model_8,Float8WeightOnlyConfig,float8,8.0,False,True,onnx_relative_model_size,,onnx,model_size,True,1.0
1487,201,415,100,716,"[201, 415, 100]",leaky_relu,model_8,Int8WeightOnlyConfig,int8,8.0,False,True,onnx_relative_median_latency,1.3353337981933138,onnx,median_latency,True,1.0
1488,201,415,100,716,"[201, 415, 100]",leaky_relu,model_8,Float8WeightOnlyConfig,float8,8.0,False,True,onnx_relative_median_latency,,onnx,median_latency,True,1.0
1489,201,415,100,716,"[201, 415, 100]",leaky_relu,model_8,Int8WeightOnlyConfig,int8,8.0,False,True,onnx_relative_p95_latency,1.3311958547455383,onnx,p95_latency,True,1.0
1490,201,415,100,716,"[201, 415, 100]",leaky_relu,model_8,Float8WeightOnlyConfig,float8,8.0,False,True,onnx_relative_p95_latency,,onnx,p95_latency,True,1.0
1491,201,415,100,716,"[201, 415, 100]",leaky_relu,model_8,Int8WeightOnlyConfig,int8,8.0,False,True,onnx_relative_p99_latency,1.3288115585649842,onnx,p99_latency,True,1.0
1492,201,415,100,716,"[201, 415, 100]",leaky_relu,model_8,Float8WeightOnlyConfig,float8,8.0,False,True,onnx_relative_p99_latency,,onnx,p99_latency,True,1.0
1493,201,415,100,716,"[201, 415, 100]",leaky_relu,model_8,Int8WeightOnlyConfig,int8,8.0,False,True,pt2_quantized_model_size,288417.0,pt2,model_size,False,1.0
1494,201,415,100,716,"[201, 415, 100]",leaky_relu,model_8,Float8WeightOnlyConfig,float8,8.0,False,True,pt2_quantized_model_size,267681.0,pt2,model_size,False,1.0
1495,201,415,100,716,"[201, 415, 100]",leaky_relu,model_8,Int8WeightOnlyConfig,int8,8.0,False,True,pt2_quantized_median_latency,0.0008980240672826767,pt2,median_latency,False,1.0
1496,201,415,100,716,"[201, 415, 100]",leaky_relu,model_8,Float8WeightOnlyConfig,float8,8.0,False,True,pt2_quantized_median_latency,0.0007355706766247749,pt2,median_latency,False,1.0
1497,201,415,100,716,"[201, 415, 100]",leaky_relu,model_8,Int8WeightOnlyConfig,int8,8.0,False,True,pt2_quantized_p95_latency,0.0009112324565649033,pt2,p95_latency,False,1.0
1498,201,415,100,716,"[201, 415, 100]",leaky_relu,model_8,Float8WeightOnlyConfig,float8,8.0,False,True,pt2_quantized_p95_latency,0.0007578067481517791,pt2,p95_latency,False,1.0
1499,201,415,100,716,"[201, 415, 100]",leaky_relu,model_8,Int8WeightOnlyConfig,int8,8.0,False,True,pt2_quantized_p99_latency,0.001145979575812816,pt2,p99_latency,False,1.0
1500,201,415,100,716,"[201, 415, 100]",leaky_relu,model_8,Float8WeightOnlyConfig,float8,8.0,False,True,pt2_quantized_p99_latency,0.0008779639191925525,pt2,p99_latency,False,1.0
1501,201,415,100,716,"[201, 415, 100]",leaky_relu,model_8,Int8WeightOnlyConfig,int8,8.0,False,True,pt2_relative_model_size,0.45605510288306605,pt2,model_size,True,1.0
1502,201,415,100,716,"[201, 415, 100]",leaky_relu,model_8,Float8WeightOnlyConfig,float8,8.0,False,True,pt2_relative_model_size,0.42326661048011044,pt2,model_size,True,1.0
1503,201,415,100,716,"[201, 415, 100]",leaky_relu,model_8,Int8WeightOnlyConfig,int8,8.0,False,True,pt2_relative_median_latency,1.4423398237024871,pt2,median_latency,True,1.0
1504,201,415,100,716,"[201, 415, 100]",leaky_relu,model_8,Float8WeightOnlyConfig,float8,8.0,False,True,pt2_relative_median_latency,1.1814192054495767,pt2,median_latency,True,1.0
1505,201,415,100,716,"[201, 415, 100]",leaky_relu,model_8,Int8WeightOnlyConfig,int8,8.0,False,True,pt2_relative_p95_latency,1.3922180061324683,pt2,p95_latency,True,1.0
1506,201,415,100,716,"[201, 415, 100]",leaky_relu,model_8,Float8WeightOnlyConfig,float8,8.0,False,True,pt2_relative_p95_latency,1.15780796913532,pt2,p95_latency,True,1.0
1507,201,415,100,716,"[201, 415, 100]",leaky_relu,model_8,Int8WeightOnlyConfig,int8,8.0,False,True,pt2_relative_p99_latency,1.469639066212992,pt2,p99_latency,True,1.0
1508,201,415,100,716,"[201, 415, 100]",leaky_relu,model_8,Float8WeightOnlyConfig,float8,8.0,False,True,pt2_relative_p99_latency,1.1259276357134633,pt2,p99_latency,True,1.0
1509,201,415,100,716,"[201, 415, 100]",leaky_relu,model_8,Int8WeightOnlyConfig,int8,8.0,False,True,pytorch_quantized_MAE,8.38561662187693,pytorch,MAE,False,2.0
1510,201,415,100,716,"[201, 415, 100]",leaky_relu,model_8,Float8WeightOnlyConfig,float8,8.0,False,True,pytorch_quantized_MAE,8.286868446185021,pytorch,MAE,False,2.0
1511,201,415,100,716,"[201, 415, 100]",leaky_relu,model_8,Int8WeightOnlyConfig,int8,8.0,False,True,pytorch_relative_MAE,1.0007241469103494,pytorch,MAE,True,2.0
1512,201,415,100,716,"[201, 415, 100]",leaky_relu,model_8,Float8WeightOnlyConfig,float8,8.0,False,True,pytorch_relative_MAE,0.9889397202743365,pytorch,MAE,True,2.0
1513,201,415,100,716,"[201, 415, 100]",leaky_relu,model_8,Int8WeightOnlyConfig,int8,8.0,False,True,pytorch_quantized_model_size,142013.0,pytorch,model_size,False,2.0
1514,201,415,100,716,"[201, 415, 100]",leaky_relu,model_8,Float8WeightOnlyConfig,float8,8.0,False,True,pytorch_quantized_model_size,142013.0,pytorch,model_size,False,2.0
1515,201,415,100,716,"[201, 415, 100]",leaky_relu,model_8,Int8WeightOnlyConfig,int8,8.0,False,True,pytorch_quantized_median_latency,0.00044214166700839996,pytorch,median_latency,False,2.0
1516,201,415,100,716,"[201, 415, 100]",leaky_relu,model_8,Float8WeightOnlyConfig,float8,8.0,False,True,pytorch_quantized_median_latency,0.0005367808043956757,pytorch,median_latency,False,2.0
1517,201,415,100,716,"[201, 415, 100]",leaky_relu,model_8,Int8WeightOnlyConfig,int8,8.0,False,True,pytorch_quantized_p95_latency,0.0004530901089310646,pytorch,p95_latency,False,2.0
1518,201,415,100,716,"[201, 415, 100]",leaky_relu,model_8,Float8WeightOnlyConfig,float8,8.0,False,True,pytorch_quantized_p95_latency,0.0005441587418317795,pytorch,p95_latency,False,2.0
1519,201,415,100,716,"[201, 415, 100]",leaky_relu,model_8,Int8WeightOnlyConfig,int8,8.0,False,True,pytorch_quantized_p99_latency,0.00045643592253327367,pytorch,p99_latency,False,2.0
1520,201,415,100,716,"[201, 415, 100]",leaky_relu,model_8,Float8WeightOnlyConfig,float8,8.0,False,True,pytorch_quantized_p99_latency,0.0005635014735162258,pytorch,p99_latency,False,2.0
1521,201,415,100,716,"[201, 415, 100]",leaky_relu,model_8,Int8WeightOnlyConfig,int8,8.0,False,True,pytorch_relative_model_size,0.25,pytorch,model_size,True,2.0
1522,201,415,100,716,"[201, 415, 100]",leaky_relu,model_8,Float8WeightOnlyConfig,float8,8.0,False,True,pytorch_relative_model_size,0.25,pytorch,model_size,True,2.0
1523,201,415,100,716,"[201, 415, 100]",leaky_relu,model_8,Int8WeightOnlyConfig,int8,8.0,False,True,pytorch_relative_median_latency,2.668326598058667,pytorch,median_latency,True,2.0
1524,201,415,100,716,"[201, 415, 100]",leaky_relu,model_8,Float8WeightOnlyConfig,float8,8.0,False,True,pytorch_relative_median_latency,3.2394741427278704,pytorch,median_latency,True,2.0
1525,201,415,100,716,"[201, 415, 100]",leaky_relu,model_8,Int8WeightOnlyConfig,int8,8.0,False,True,pytorch_relative_p95_latency,2.5743968842769225,pytorch,p95_latency,True,2.0
1526,201,415,100,716,"[201, 415, 100]",leaky_relu,model_8,Float8WeightOnlyConfig,float8,8.0,False,True,pytorch_relative_p95_latency,3.0918365727046146,pytorch,p95_latency,True,2.0
1527,201,415,100,716,"[201, 415, 100]",leaky_relu,model_8,Int8WeightOnlyConfig,int8,8.0,False,True,pytorch_relative_p99_latency,2.5391584092550983,pytorch,p99_latency,True,2.0
1528,201,415,100,716,"[201, 415, 100]",leaky_relu,model_8,Float8WeightOnlyConfig,float8,8.0,False,True,pytorch_relative_p99_latency,3.134765329523464,pytorch,p99_latency,True,2.0
1529,201,415,100,716,"[201, 415, 100]",leaky_relu,model_8,Int8WeightOnlyConfig,int8,8.0,False,True,onnx_quantized_model_size,33093.0,onnx,model_size,False,2.0
1530,201,415,100,716,"[201, 415, 100]",leaky_relu,model_8,Float8WeightOnlyConfig,float8,8.0,False,True,onnx_quantized_model_size,,onnx,model_size,False,2.0
1531,201,415,100,716,"[201, 415, 100]",leaky_relu,model_8,Int8WeightOnlyConfig,int8,8.0,False,True,onnx_quantized_median_latency,0.0003253929316997528,onnx,median_latency,False,2.0
1532,201,415,100,716,"[201, 415, 100]",leaky_relu,model_8,Float8WeightOnlyConfig,float8,8.0,False,True,onnx_quantized_median_latency,,onnx,median_latency,False,2.0
1533,201,415,100,716,"[201, 415, 100]",leaky_relu,model_8,Int8WeightOnlyConfig,int8,8.0,False,True,onnx_quantized_p95_latency,0.0003355187363922596,onnx,p95_latency,False,2.0
1534,201,415,100,716,"[201, 415, 100]",leaky_relu,model_8,Float8WeightOnlyConfig,float8,8.0,False,True,onnx_quantized_p95_latency,,onnx,p95_latency,False,2.0
1535,201,415,100,716,"[201, 415, 100]",leaky_relu,model_8,Int8WeightOnlyConfig,int8,8.0,False,True,onnx_quantized_p99_latency,0.00034357784315943715,onnx,p99_latency,False,2.0
1536,201,415,100,716,"[201, 415, 100]",leaky_relu,model_8,Float8WeightOnlyConfig,float8,8.0,False,True,onnx_quantized_p99_latency,,onnx,p99_latency,False,2.0
1537,201,415,100,716,"[201, 415, 100]",leaky_relu,model_8,Int8WeightOnlyConfig,int8,8.0,False,True,onnx_relative_model_size,2.391112716763006,onnx,model_size,True,2.0
1538,201,415,100,716,"[201, 415, 100]",leaky_relu,model_8,Float8WeightOnlyConfig,float8,8.0,False,True,onnx_relative_model_size,,onnx,model_size,True,2.0
1539,201,415,100,716,"[201, 415, 100]",leaky_relu,model_8,Int8WeightOnlyConfig,int8,8.0,False,True,onnx_relative_median_latency,1.3633642773804089,onnx,median_latency,True,2.0
1540,201,415,100,716,"[201, 415, 100]",leaky_relu,model_8,Float8WeightOnlyConfig,float8,8.0,False,True,onnx_relative_median_latency,,onnx,median_latency,True,2.0
1541,201,415,100,716,"[201, 415, 100]",leaky_relu,model_8,Int8WeightOnlyConfig,int8,8.0,False,True,onnx_relative_p95_latency,1.338958716302151,onnx,p95_latency,True,2.0
1542,201,415,100,716,"[201, 415, 100]",leaky_relu,model_8,Float8WeightOnlyConfig,float8,8.0,False,True,onnx_relative_p95_latency,,onnx,p95_latency,True,2.0
1543,201,415,100,716,"[201, 415, 100]",leaky_relu,model_8,Int8WeightOnlyConfig,int8,8.0,False,True,onnx_relative_p99_latency,1.336681662976588,onnx,p99_latency,True,2.0
1544,201,415,100,716,"[201, 415, 100]",leaky_relu,model_8,Float8WeightOnlyConfig,float8,8.0,False,True,onnx_relative_p99_latency,,onnx,p99_latency,True,2.0
1545,201,415,100,716,"[201, 415, 100]",leaky_relu,model_8,Int8WeightOnlyConfig,int8,8.0,False,True,pt2_quantized_model_size,288417.0,pt2,model_size,False,2.0
1546,201,415,100,716,"[201, 415, 100]",leaky_relu,model_8,Float8WeightOnlyConfig,float8,8.0,False,True,pt2_quantized_model_size,267681.0,pt2,model_size,False,2.0
1547,201,415,100,716,"[201, 415, 100]",leaky_relu,model_8,Int8WeightOnlyConfig,int8,8.0,False,True,pt2_quantized_median_latency,0.0009197955951094627,pt2,median_latency,False,2.0
1548,201,415,100,716,"[201, 415, 100]",leaky_relu,model_8,Float8WeightOnlyConfig,float8,8.0,False,True,pt2_quantized_median_latency,0.0007472392171621323,pt2,median_latency,False,2.0
1549,201,415,100,716,"[201, 415, 100]",leaky_relu,model_8,Int8WeightOnlyConfig,int8,8.0,False,True,pt2_quantized_p95_latency,0.0009646099060773848,pt2,p95_latency,False,2.0
1550,201,415,100,716,"[201, 415, 100]",leaky_relu,model_8,Float8WeightOnlyConfig,float8,8.0,False,True,pt2_quantized_p95_latency,0.0007570331916213035,pt2,p95_latency,False,2.0
1551,201,415,100,716,"[201, 415, 100]",leaky_relu,model_8,Int8WeightOnlyConfig,int8,8.0,False,True,pt2_quantized_p99_latency,0.001099766306579112,pt2,p99_latency,False,2.0
1552,201,415,100,716,"[201, 415, 100]",leaky_relu,model_8,Float8WeightOnlyConfig,float8,8.0,False,True,pt2_quantized_p99_latency,0.0008874606713652611,pt2,p99_latency,False,2.0
1553,201,415,100,716,"[201, 415, 100]",leaky_relu,model_8,Int8WeightOnlyConfig,int8,8.0,False,True,pt2_relative_model_size,0.45605510288306605,pt2,model_size,True,2.0
1554,201,415,100,716,"[201, 415, 100]",leaky_relu,model_8,Float8WeightOnlyConfig,float8,8.0,False,True,pt2_relative_model_size,0.42326661048011044,pt2,model_size,True,2.0
1555,201,415,100,716,"[201, 415, 100]",leaky_relu,model_8,Int8WeightOnlyConfig,int8,8.0,False,True,pt2_relative_median_latency,1.5743377446495124,pt2,median_latency,True,2.0
1556,201,415,100,716,"[201, 415, 100]",leaky_relu,model_8,Float8WeightOnlyConfig,float8,8.0,False,True,pt2_relative_median_latency,1.2789873207869593,pt2,median_latency,True,2.0
1557,201,415,100,716,"[201, 415, 100]",leaky_relu,model_8,Int8WeightOnlyConfig,int8,8.0,False,True,pt2_relative_p95_latency,1.5995155781588881,pt2,p95_latency,True,2.0
1558,201,415,100,716,"[201, 415, 100]",leaky_relu,model_8,Float8WeightOnlyConfig,float8,8.0,False,True,pt2_relative_p95_latency,1.2553119924983183,pt2,p95_latency,True,2.0
1559,201,415,100,716,"[201, 415, 100]",leaky_relu,model_8,Int8WeightOnlyConfig,int8,8.0,False,True,pt2_relative_p99_latency,1.4631771880052538,pt2,p99_latency,True,2.0
1560,201,415,100,716,"[201, 415, 100]",leaky_relu,model_8,Float8WeightOnlyConfig,float8,8.0,False,True,pt2_relative_p99_latency,1.1807164866075741,pt2,p99_latency,True,2.0
1561,201,415,100,716,"[201, 415, 100]",leaky_relu,model_8,Int8WeightOnlyConfig,int8,8.0,False,True,pytorch_quantized_MAE,8.376973465267264,pytorch,MAE,False,3.0
1562,201,415,100,716,"[201, 415, 100]",leaky_relu,model_8,Float8WeightOnlyConfig,float8,8.0,False,True,pytorch_quantized_MAE,8.289645710870666,pytorch,MAE,False,3.0
1563,201,415,100,716,"[201, 415, 100]",leaky_relu,model_8,Int8WeightOnlyConfig,int8,8.0,False,True,pytorch_relative_MAE,1.0010258496700355,pytorch,MAE,True,3.0
1564,201,415,100,716,"[201, 415, 100]",leaky_relu,model_8,Float8WeightOnlyConfig,float8,8.0,False,True,pytorch_relative_MAE,0.9905904173618061,pytorch,MAE,True,3.0
1565,201,415,100,716,"[201, 415, 100]",leaky_relu,model_8,Int8WeightOnlyConfig,int8,8.0,False,True,pytorch_quantized_model_size,142013.0,pytorch,model_size,False,3.0
1566,201,415,100,716,"[201, 415, 100]",leaky_relu,model_8,Float8WeightOnlyConfig,float8,8.0,False,True,pytorch_quantized_model_size,142013.0,pytorch,model_size,False,3.0
1567,201,415,100,716,"[201, 415, 100]",leaky_relu,model_8,Int8WeightOnlyConfig,int8,8.0,False,True,pytorch_quantized_median_latency,0.0004187729209661484,pytorch,median_latency,False,3.0
1568,201,415,100,716,"[201, 415, 100]",leaky_relu,model_8,Float8WeightOnlyConfig,float8,8.0,False,True,pytorch_quantized_median_latency,0.0005086790770292282,pytorch,median_latency,False,3.0
1569,201,415,100,716,"[201, 415, 100]",leaky_relu,model_8,Int8WeightOnlyConfig,int8,8.0,False,True,pytorch_quantized_p95_latency,0.0004303022287786007,pytorch,p95_latency,False,3.0
1570,201,415,100,716,"[201, 415, 100]",leaky_relu,model_8,Float8WeightOnlyConfig,float8,8.0,False,True,pytorch_quantized_p95_latency,0.0005172866396605969,pytorch,p95_latency,False,3.0
1571,201,415,100,716,"[201, 415, 100]",leaky_relu,model_8,Int8WeightOnlyConfig,int8,8.0,False,True,pytorch_quantized_p99_latency,0.00043523672968149186,pytorch,p99_latency,False,3.0
1572,201,415,100,716,"[201, 415, 100]",leaky_relu,model_8,Float8WeightOnlyConfig,float8,8.0,False,True,pytorch_quantized_p99_latency,0.0005350830778479576,pytorch,p99_latency,False,3.0
1573,201,415,100,716,"[201, 415, 100]",leaky_relu,model_8,Int8WeightOnlyConfig,int8,8.0,False,True,pytorch_relative_model_size,0.25,pytorch,model_size,True,3.0
1574,201,415,100,716,"[201, 415, 100]",leaky_relu,model_8,Float8WeightOnlyConfig,float8,8.0,False,True,pytorch_relative_model_size,0.25,pytorch,model_size,True,3.0
1575,201,415,100,716,"[201, 415, 100]",leaky_relu,model_8,Int8WeightOnlyConfig,int8,8.0,False,True,pytorch_relative_median_latency,2.363241709150155,pytorch,median_latency,True,3.0
1576,201,415,100,716,"[201, 415, 100]",leaky_relu,model_8,Float8WeightOnlyConfig,float8,8.0,False,True,pytorch_relative_median_latency,2.870604929836548,pytorch,median_latency,True,3.0
1577,201,415,100,716,"[201, 415, 100]",leaky_relu,model_8,Int8WeightOnlyConfig,int8,8.0,False,True,pytorch_relative_p95_latency,2.2691269356778623,pytorch,p95_latency,True,3.0
1578,201,415,100,716,"[201, 415, 100]",leaky_relu,model_8,Float8WeightOnlyConfig,float8,8.0,False,True,pytorch_relative_p95_latency,2.727824698588971,pytorch,p95_latency,True,3.0
1579,201,415,100,716,"[201, 415, 100]",leaky_relu,model_8,Int8WeightOnlyConfig,int8,8.0,False,True,pytorch_relative_p99_latency,2.228147927487005,pytorch,p99_latency,True,3.0
1580,201,415,100,716,"[201, 415, 100]",leaky_relu,model_8,Float8WeightOnlyConfig,float8,8.0,False,True,pytorch_relative_p99_latency,2.7393006371791824,pytorch,p99_latency,True,3.0
1581,201,415,100,716,"[201, 415, 100]",leaky_relu,model_8,Int8WeightOnlyConfig,int8,8.0,False,True,onnx_quantized_model_size,33093.0,onnx,model_size,False,3.0
1582,201,415,100,716,"[201, 415, 100]",leaky_relu,model_8,Float8WeightOnlyConfig,float8,8.0,False,True,onnx_quantized_model_size,,onnx,model_size,False,3.0
1583,201,415,100,716,"[201, 415, 100]",leaky_relu,model_8,Int8WeightOnlyConfig,int8,8.0,False,True,onnx_quantized_median_latency,0.00031999126076698303,onnx,median_latency,False,3.0
1584,201,415,100,716,"[201, 415, 100]",leaky_relu,model_8,Float8WeightOnlyConfig,float8,8.0,False,True,onnx_quantized_median_latency,,onnx,median_latency,False,3.0
1585,201,415,100,716,"[201, 415, 100]",leaky_relu,model_8,Int8WeightOnlyConfig,int8,8.0,False,True,onnx_quantized_p95_latency,0.0003376314416527731,onnx,p95_latency,False,3.0
1586,201,415,100,716,"[201, 415, 100]",leaky_relu,model_8,Float8WeightOnlyConfig,float8,8.0,False,True,onnx_quantized_p95_latency,,onnx,p95_latency,False,3.0
1587,201,415,100,716,"[201, 415, 100]",leaky_relu,model_8,Int8WeightOnlyConfig,int8,8.0,False,True,onnx_quantized_p99_latency,0.00045983923599123954,onnx,p99_latency,False,3.0
1588,201,415,100,716,"[201, 415, 100]",leaky_relu,model_8,Float8WeightOnlyConfig,float8,8.0,False,True,onnx_quantized_p99_latency,,onnx,p99_latency,False,3.0
1589,201,415,100,716,"[201, 415, 100]",leaky_relu,model_8,Int8WeightOnlyConfig,int8,8.0,False,True,onnx_relative_model_size,2.391112716763006,onnx,model_size,True,3.0
1590,201,415,100,716,"[201, 415, 100]",leaky_relu,model_8,Float8WeightOnlyConfig,float8,8.0,False,True,onnx_relative_model_size,,onnx,model_size,True,3.0
1591,201,415,100,716,"[201, 415, 100]",leaky_relu,model_8,Int8WeightOnlyConfig,int8,8.0,False,True,onnx_relative_median_latency,1.2708489759987571,onnx,median_latency,True,3.0
1592,201,415,100,716,"[201, 415, 100]",leaky_relu,model_8,Float8WeightOnlyConfig,float8,8.0,False,True,onnx_relative_median_latency,,onnx,median_latency,True,3.0
1593,201,415,100,716,"[201, 415, 100]",leaky_relu,model_8,Int8WeightOnlyConfig,int8,8.0,False,True,onnx_relative_p95_latency,1.2321224832300242,onnx,p95_latency,True,3.0
1594,201,415,100,716,"[201, 415, 100]",leaky_relu,model_8,Float8WeightOnlyConfig,float8,8.0,False,True,onnx_relative_p95_latency,,onnx,p95_latency,True,3.0
1595,201,415,100,716,"[201, 415, 100]",leaky_relu,model_8,Int8WeightOnlyConfig,int8,8.0,False,True,onnx_relative_p99_latency,1.5134019280012843,onnx,p99_latency,True,3.0
1596,201,415,100,716,"[201, 415, 100]",leaky_relu,model_8,Float8WeightOnlyConfig,float8,8.0,False,True,onnx_relative_p99_latency,,onnx,p99_latency,True,3.0
1597,201,415,100,716,"[201, 415, 100]",leaky_relu,model_8,Int8WeightOnlyConfig,int8,8.0,False,True,pt2_quantized_model_size,288417.0,pt2,model_size,False,3.0
1598,201,415,100,716,"[201, 415, 100]",leaky_relu,model_8,Float8WeightOnlyConfig,float8,8.0,False,True,pt2_quantized_model_size,267681.0,pt2,model_size,False,3.0
1599,201,415,100,716,"[201, 415, 100]",leaky_relu,model_8,Int8WeightOnlyConfig,int8,8.0,False,True,pt2_quantized_median_latency,0.0008780620992183685,pt2,median_latency,False,3.0
1600,201,415,100,716,"[201, 415, 100]",leaky_relu,model_8,Float8WeightOnlyConfig,float8,8.0,False,True,pt2_quantized_median_latency,0.0007151253521442413,pt2,median_latency,False,3.0
1601,201,415,100,716,"[201, 415, 100]",leaky_relu,model_8,Int8WeightOnlyConfig,int8,8.0,False,True,pt2_quantized_p95_latency,0.0008963855914771556,pt2,p95_latency,False,3.0
1602,201,415,100,716,"[201, 415, 100]",leaky_relu,model_8,Float8WeightOnlyConfig,float8,8.0,False,True,pt2_quantized_p95_latency,0.0007274695672094822,pt2,p95_latency,False,3.0
1603,201,415,100,716,"[201, 415, 100]",leaky_relu,model_8,Int8WeightOnlyConfig,int8,8.0,False,True,pt2_quantized_p99_latency,0.0010158612579107271,pt2,p99_latency,False,3.0
1604,201,415,100,716,"[201, 415, 100]",leaky_relu,model_8,Float8WeightOnlyConfig,float8,8.0,False,True,pt2_quantized_p99_latency,0.0008534459210932254,pt2,p99_latency,False,3.0
1605,201,415,100,716,"[201, 415, 100]",leaky_relu,model_8,Int8WeightOnlyConfig,int8,8.0,False,True,pt2_relative_model_size,0.45605510288306605,pt2,model_size,True,3.0
1606,201,415,100,716,"[201, 415, 100]",leaky_relu,model_8,Float8WeightOnlyConfig,float8,8.0,False,True,pt2_relative_model_size,0.42326661048011044,pt2,model_size,True,3.0
1607,201,415,100,716,"[201, 415, 100]",leaky_relu,model_8,Int8WeightOnlyConfig,int8,8.0,False,True,pt2_relative_median_latency,1.5088516677495862,pt2,median_latency,True,3.0
1608,201,415,100,716,"[201, 415, 100]",leaky_relu,model_8,Float8WeightOnlyConfig,float8,8.0,False,True,pt2_relative_median_latency,1.2288630624113792,pt2,median_latency,True,3.0
1609,201,415,100,716,"[201, 415, 100]",leaky_relu,model_8,Int8WeightOnlyConfig,int8,8.0,False,True,pt2_relative_p95_latency,1.508016963975993,pt2,p95_latency,True,3.0
1610,201,415,100,716,"[201, 415, 100]",leaky_relu,model_8,Float8WeightOnlyConfig,float8,8.0,False,True,pt2_relative_p95_latency,1.2238443573377438,pt2,p95_latency,True,3.0
1611,201,415,100,716,"[201, 415, 100]",leaky_relu,model_8,Int8WeightOnlyConfig,int8,8.0,False,True,pt2_relative_p99_latency,1.3449949498541562,pt2,p99_latency,True,3.0
1612,201,415,100,716,"[201, 415, 100]",leaky_relu,model_8,Float8WeightOnlyConfig,float8,8.0,False,True,pt2_relative_p99_latency,1.129957900161295,pt2,p99_latency,True,3.0
1613,128,103,130,361,"[128, 103, 130]",elu,model_9,Int8WeightOnlyConfig,int8,8.0,False,True,pytorch_quantized_MAE,9.64013114922022,pytorch,MAE,False,1.0
1614,128,103,130,361,"[128, 103, 130]",elu,model_9,Float8WeightOnlyConfig,float8,8.0,False,True,pytorch_quantized_MAE,9.66950712446211,pytorch,MAE,False,1.0
1615,128,103,130,361,"[128, 103, 130]",elu,model_9,Int8WeightOnlyConfig,int8,8.0,False,True,pytorch_relative_MAE,1.0005189367703802,pytorch,MAE,True,1.0
1616,128,103,130,361,"[128, 103, 130]",elu,model_9,Float8WeightOnlyConfig,float8,8.0,False,True,pytorch_relative_MAE,1.003567776984342,pytorch,MAE,True,1.0
1617,128,103,130,361,"[128, 103, 130]",elu,model_9,Int8WeightOnlyConfig,int8,8.0,False,True,pytorch_quantized_model_size,37434.0,pytorch,model_size,False,1.0
1618,128,103,130,361,"[128, 103, 130]",elu,model_9,Float8WeightOnlyConfig,float8,8.0,False,True,pytorch_quantized_model_size,37434.0,pytorch,model_size,False,1.0
1619,128,103,130,361,"[128, 103, 130]",elu,model_9,Int8WeightOnlyConfig,int8,8.0,False,True,pytorch_quantized_median_latency,0.0004205787554383278,pytorch,median_latency,False,1.0
1620,128,103,130,361,"[128, 103, 130]",elu,model_9,Float8WeightOnlyConfig,float8,8.0,False,True,pytorch_quantized_median_latency,0.0005706967785954475,pytorch,median_latency,False,1.0
1621,128,103,130,361,"[128, 103, 130]",elu,model_9,Int8WeightOnlyConfig,int8,8.0,False,True,pytorch_quantized_p95_latency,0.0004313618876039982,pytorch,p95_latency,False,1.0
1622,128,103,130,361,"[128, 103, 130]",elu,model_9,Float8WeightOnlyConfig,float8,8.0,False,True,pytorch_quantized_p95_latency,0.000577360950410366,pytorch,p95_latency,False,1.0
1623,128,103,130,361,"[128, 103, 130]",elu,model_9,Int8WeightOnlyConfig,int8,8.0,False,True,pytorch_quantized_p99_latency,0.0004341983050107956,pytorch,p99_latency,False,1.0
1624,128,103,130,361,"[128, 103, 130]",elu,model_9,Float8WeightOnlyConfig,float8,8.0,False,True,pytorch_quantized_p99_latency,0.000581630039960146,pytorch,p99_latency,False,1.0
1625,128,103,130,361,"[128, 103, 130]",elu,model_9,Int8WeightOnlyConfig,int8,8.0,False,True,pytorch_relative_model_size,0.25,pytorch,model_size,True,1.0
1626,128,103,130,361,"[128, 103, 130]",elu,model_9,Float8WeightOnlyConfig,float8,8.0,False,True,pytorch_relative_model_size,0.25,pytorch,model_size,True,1.0
1627,128,103,130,361,"[128, 103, 130]",elu,model_9,Int8WeightOnlyConfig,int8,8.0,False,True,pytorch_relative_median_latency,2.5952278330431184,pytorch,median_latency,True,1.0
1628,128,103,130,361,"[128, 103, 130]",elu,model_9,Float8WeightOnlyConfig,float8,8.0,False,True,pytorch_relative_median_latency,3.521547736036642,pytorch,median_latency,True,1.0
1629,128,103,130,361,"[128, 103, 130]",elu,model_9,Int8WeightOnlyConfig,int8,8.0,False,True,pytorch_relative_p95_latency,2.4958523820916882,pytorch,p95_latency,True,1.0
1630,128,103,130,361,"[128, 103, 130]",elu,model_9,Float8WeightOnlyConfig,float8,8.0,False,True,pytorch_relative_p95_latency,3.340600421174244,pytorch,p95_latency,True,1.0
1631,128,103,130,361,"[128, 103, 130]",elu,model_9,Int8WeightOnlyConfig,int8,8.0,False,True,pytorch_relative_p99_latency,2.473923025467537,pytorch,p99_latency,True,1.0
1632,128,103,130,361,"[128, 103, 130]",elu,model_9,Float8WeightOnlyConfig,float8,8.0,False,True,pytorch_relative_p99_latency,3.313941882212628,pytorch,p99_latency,True,1.0
1633,128,103,130,361,"[128, 103, 130]",elu,model_9,Int8WeightOnlyConfig,int8,8.0,False,True,onnx_quantized_model_size,32789.0,onnx,model_size,False,1.0
1634,128,103,130,361,"[128, 103, 130]",elu,model_9,Float8WeightOnlyConfig,float8,8.0,False,True,onnx_quantized_model_size,,onnx,model_size,False,1.0
1635,128,103,130,361,"[128, 103, 130]",elu,model_9,Int8WeightOnlyConfig,int8,8.0,False,True,onnx_quantized_median_latency,0.000247185118496418,onnx,median_latency,False,1.0
1636,128,103,130,361,"[128, 103, 130]",elu,model_9,Float8WeightOnlyConfig,float8,8.0,False,True,onnx_quantized_median_latency,,onnx,median_latency,False,1.0
1637,128,103,130,361,"[128, 103, 130]",elu,model_9,Int8WeightOnlyConfig,int8,8.0,False,True,onnx_quantized_p95_latency,0.0002572482451796532,onnx,p95_latency,False,1.0
1638,128,103,130,361,"[128, 103, 130]",elu,model_9,Float8WeightOnlyConfig,float8,8.0,False,True,onnx_quantized_p95_latency,,onnx,p95_latency,False,1.0
1639,128,103,130,361,"[128, 103, 130]",elu,model_9,Int8WeightOnlyConfig,int8,8.0,False,True,onnx_quantized_p99_latency,0.00026201279833912847,onnx,p99_latency,False,1.0
1640,128,103,130,361,"[128, 103, 130]",elu,model_9,Float8WeightOnlyConfig,float8,8.0,False,True,onnx_quantized_p99_latency,,onnx,p99_latency,False,1.0
1641,128,103,130,361,"[128, 103, 130]",elu,model_9,Int8WeightOnlyConfig,int8,8.0,False,True,onnx_relative_model_size,2.4239668810527095,onnx,model_size,True,1.0
1642,128,103,130,361,"[128, 103, 130]",elu,model_9,Float8WeightOnlyConfig,float8,8.0,False,True,onnx_relative_model_size,,onnx,model_size,True,1.0
1643,128,103,130,361,"[128, 103, 130]",elu,model_9,Int8WeightOnlyConfig,int8,8.0,False,True,onnx_relative_median_latency,1.5030495574319158,onnx,median_latency,True,1.0
1644,128,103,130,361,"[128, 103, 130]",elu,model_9,Float8WeightOnlyConfig,float8,8.0,False,True,onnx_relative_median_latency,,onnx,median_latency,True,1.0
1645,128,103,130,361,"[128, 103, 130]",elu,model_9,Int8WeightOnlyConfig,int8,8.0,False,True,onnx_relative_p95_latency,1.3750346598407317,onnx,p95_latency,True,1.0
1646,128,103,130,361,"[128, 103, 130]",elu,model_9,Float8WeightOnlyConfig,float8,8.0,False,True,onnx_relative_p95_latency,,onnx,p95_latency,True,1.0
1647,128,103,130,361,"[128, 103, 130]",elu,model_9,Int8WeightOnlyConfig,int8,8.0,False,True,onnx_relative_p99_latency,1.3660651690942907,onnx,p99_latency,True,1.0
1648,128,103,130,361,"[128, 103, 130]",elu,model_9,Float8WeightOnlyConfig,float8,8.0,False,True,onnx_relative_p99_latency,,onnx,p99_latency,True,1.0
1649,128,103,130,361,"[128, 103, 130]",elu,model_9,Int8WeightOnlyConfig,int8,8.0,False,True,pt2_quantized_model_size,181409.0,pt2,model_size,False,1.0
1650,128,103,130,361,"[128, 103, 130]",elu,model_9,Float8WeightOnlyConfig,float8,8.0,False,True,pt2_quantized_model_size,160609.0,pt2,model_size,False,1.0
1651,128,103,130,361,"[128, 103, 130]",elu,model_9,Int8WeightOnlyConfig,int8,8.0,False,True,pt2_quantized_median_latency,0.0008930964395403862,pt2,median_latency,False,1.0
1652,128,103,130,361,"[128, 103, 130]",elu,model_9,Float8WeightOnlyConfig,float8,8.0,False,True,pt2_quantized_median_latency,0.0007186839357018471,pt2,median_latency,False,1.0
1653,128,103,130,361,"[128, 103, 130]",elu,model_9,Int8WeightOnlyConfig,int8,8.0,False,True,pt2_quantized_p95_latency,0.0009141759015619755,pt2,p95_latency,False,1.0
1654,128,103,130,361,"[128, 103, 130]",elu,model_9,Float8WeightOnlyConfig,float8,8.0,False,True,pt2_quantized_p95_latency,0.0007282251492142678,pt2,p95_latency,False,1.0
1655,128,103,130,361,"[128, 103, 130]",elu,model_9,Int8WeightOnlyConfig,int8,8.0,False,True,pt2_quantized_p99_latency,0.0010359424352645874,pt2,p99_latency,False,1.0
1656,128,103,130,361,"[128, 103, 130]",elu,model_9,Float8WeightOnlyConfig,float8,8.0,False,True,pt2_quantized_p99_latency,0.0008551668934524059,pt2,p99_latency,False,1.0
1657,128,103,130,361,"[128, 103, 130]",elu,model_9,Int8WeightOnlyConfig,int8,8.0,False,True,pt2_relative_model_size,0.8472582234614433,pt2,model_size,True,1.0
1658,128,103,130,361,"[128, 103, 130]",elu,model_9,Float8WeightOnlyConfig,float8,8.0,False,True,pt2_relative_model_size,0.7501132579525764,pt2,model_size,True,1.0
1659,128,103,130,361,"[128, 103, 130]",elu,model_9,Int8WeightOnlyConfig,int8,8.0,False,True,pt2_relative_median_latency,1.7227654647463249,pt2,median_latency,True,1.0
1660,128,103,130,361,"[128, 103, 130]",elu,model_9,Float8WeightOnlyConfig,float8,8.0,False,True,pt2_relative_median_latency,1.3863271755201325,pt2,median_latency,True,1.0
1661,128,103,130,361,"[128, 103, 130]",elu,model_9,Int8WeightOnlyConfig,int8,8.0,False,True,pt2_relative_p95_latency,1.7124707170476503,pt2,p95_latency,True,1.0
1662,128,103,130,361,"[128, 103, 130]",elu,model_9,Float8WeightOnlyConfig,float8,8.0,False,True,pt2_relative_p95_latency,1.364140359985792,pt2,p95_latency,True,1.0
1663,128,103,130,361,"[128, 103, 130]",elu,model_9,Int8WeightOnlyConfig,int8,8.0,False,True,pt2_relative_p99_latency,1.5180043092890667,pt2,p99_latency,True,1.0
1664,128,103,130,361,"[128, 103, 130]",elu,model_9,Float8WeightOnlyConfig,float8,8.0,False,True,pt2_relative_p99_latency,1.2531073013632652,pt2,p99_latency,True,1.0
1665,128,103,130,361,"[128, 103, 130]",elu,model_9,Int8WeightOnlyConfig,int8,8.0,False,True,pytorch_quantized_MAE,9.862253887072443,pytorch,MAE,False,2.0
1666,128,103,130,361,"[128, 103, 130]",elu,model_9,Float8WeightOnlyConfig,float8,8.0,False,True,pytorch_quantized_MAE,9.889056818505447,pytorch,MAE,False,2.0
1667,128,103,130,361,"[128, 103, 130]",elu,model_9,Int8WeightOnlyConfig,int8,8.0,False,True,pytorch_relative_MAE,1.000435694500046,pytorch,MAE,True,2.0
1668,128,103,130,361,"[128, 103, 130]",elu,model_9,Float8WeightOnlyConfig,float8,8.0,False,True,pytorch_relative_MAE,1.0031546074006725,pytorch,MAE,True,2.0
1669,128,103,130,361,"[128, 103, 130]",elu,model_9,Int8WeightOnlyConfig,int8,8.0,False,True,pytorch_quantized_model_size,37434.0,pytorch,model_size,False,2.0
1670,128,103,130,361,"[128, 103, 130]",elu,model_9,Float8WeightOnlyConfig,float8,8.0,False,True,pytorch_quantized_model_size,37434.0,pytorch,model_size,False,2.0
1671,128,103,130,361,"[128, 103, 130]",elu,model_9,Int8WeightOnlyConfig,int8,8.0,False,True,pytorch_quantized_median_latency,0.0004007043316960335,pytorch,median_latency,False,2.0
1672,128,103,130,361,"[128, 103, 130]",elu,model_9,Float8WeightOnlyConfig,float8,8.0,False,True,pytorch_quantized_median_latency,0.0004910100251436234,pytorch,median_latency,False,2.0
1673,128,103,130,361,"[128, 103, 130]",elu,model_9,Int8WeightOnlyConfig,int8,8.0,False,True,pytorch_quantized_p95_latency,0.0004132511094212532,pytorch,p95_latency,False,2.0
1674,128,103,130,361,"[128, 103, 130]",elu,model_9,Float8WeightOnlyConfig,float8,8.0,False,True,pytorch_quantized_p95_latency,0.0005017071962356567,pytorch,p95_latency,False,2.0
1675,128,103,130,361,"[128, 103, 130]",elu,model_9,Int8WeightOnlyConfig,int8,8.0,False,True,pytorch_quantized_p99_latency,0.0004166334308683872,pytorch,p99_latency,False,2.0
1676,128,103,130,361,"[128, 103, 130]",elu,model_9,Float8WeightOnlyConfig,float8,8.0,False,True,pytorch_quantized_p99_latency,0.0005228167213499545,pytorch,p99_latency,False,2.0
1677,128,103,130,361,"[128, 103, 130]",elu,model_9,Int8WeightOnlyConfig,int8,8.0,False,True,pytorch_relative_model_size,0.25,pytorch,model_size,True,2.0
1678,128,103,130,361,"[128, 103, 130]",elu,model_9,Float8WeightOnlyConfig,float8,8.0,False,True,pytorch_relative_model_size,0.25,pytorch,model_size,True,2.0
1679,128,103,130,361,"[128, 103, 130]",elu,model_9,Int8WeightOnlyConfig,int8,8.0,False,True,pytorch_relative_median_latency,2.683211724352978,pytorch,median_latency,True,2.0
1680,128,103,130,361,"[128, 103, 130]",elu,model_9,Float8WeightOnlyConfig,float8,8.0,False,True,pytorch_relative_median_latency,3.287920174618023,pytorch,median_latency,True,2.0
1681,128,103,130,361,"[128, 103, 130]",elu,model_9,Int8WeightOnlyConfig,int8,8.0,False,True,pytorch_relative_p95_latency,2.5627216337657237,pytorch,p95_latency,True,2.0
1682,128,103,130,361,"[128, 103, 130]",elu,model_9,Float8WeightOnlyConfig,float8,8.0,False,True,pytorch_relative_p95_latency,3.111270257470574,pytorch,p95_latency,True,2.0
1683,128,103,130,361,"[128, 103, 130]",elu,model_9,Int8WeightOnlyConfig,int8,8.0,False,True,pytorch_relative_p99_latency,2.4220861256702406,pytorch,p99_latency,True,2.0
1684,128,103,130,361,"[128, 103, 130]",elu,model_9,Float8WeightOnlyConfig,float8,8.0,False,True,pytorch_relative_p99_latency,3.039379543813301,pytorch,p99_latency,True,2.0
1685,128,103,130,361,"[128, 103, 130]",elu,model_9,Int8WeightOnlyConfig,int8,8.0,False,True,onnx_quantized_model_size,32789.0,onnx,model_size,False,2.0
1686,128,103,130,361,"[128, 103, 130]",elu,model_9,Float8WeightOnlyConfig,float8,8.0,False,True,onnx_quantized_model_size,,onnx,model_size,False,2.0
1687,128,103,130,361,"[128, 103, 130]",elu,model_9,Int8WeightOnlyConfig,int8,8.0,False,True,onnx_quantized_median_latency,0.00023697875440120697,onnx,median_latency,False,2.0
1688,128,103,130,361,"[128, 103, 130]",elu,model_9,Float8WeightOnlyConfig,float8,8.0,False,True,onnx_quantized_median_latency,,onnx,median_latency,False,2.0
1689,128,103,130,361,"[128, 103, 130]",elu,model_9,Int8WeightOnlyConfig,int8,8.0,False,True,onnx_quantized_p95_latency,0.00026252390816807744,onnx,p95_latency,False,2.0
1690,128,103,130,361,"[128, 103, 130]",elu,model_9,Float8WeightOnlyConfig,float8,8.0,False,True,onnx_quantized_p95_latency,,onnx,p95_latency,False,2.0
1691,128,103,130,361,"[128, 103, 130]",elu,model_9,Int8WeightOnlyConfig,int8,8.0,False,True,onnx_quantized_p99_latency,0.0002767527289688587,onnx,p99_latency,False,2.0
1692,128,103,130,361,"[128, 103, 130]",elu,model_9,Float8WeightOnlyConfig,float8,8.0,False,True,onnx_quantized_p99_latency,,onnx,p99_latency,False,2.0
1693,128,103,130,361,"[128, 103, 130]",elu,model_9,Int8WeightOnlyConfig,int8,8.0,False,True,onnx_relative_model_size,2.4239668810527095,onnx,model_size,True,2.0
1694,128,103,130,361,"[128, 103, 130]",elu,model_9,Float8WeightOnlyConfig,float8,8.0,False,True,onnx_relative_model_size,,onnx,model_size,True,2.0
1695,128,103,130,361,"[128, 103, 130]",elu,model_9,Int8WeightOnlyConfig,int8,8.0,False,True,onnx_relative_median_latency,1.304952536270905,onnx,median_latency,True,2.0
1696,128,103,130,361,"[128, 103, 130]",elu,model_9,Float8WeightOnlyConfig,float8,8.0,False,True,onnx_relative_median_latency,,onnx,median_latency,True,2.0
1697,128,103,130,361,"[128, 103, 130]",elu,model_9,Int8WeightOnlyConfig,int8,8.0,False,True,onnx_relative_p95_latency,1.2735001920079516,onnx,p95_latency,True,2.0
1698,128,103,130,361,"[128, 103, 130]",elu,model_9,Float8WeightOnlyConfig,float8,8.0,False,True,onnx_relative_p95_latency,,onnx,p95_latency,True,2.0
1699,128,103,130,361,"[128, 103, 130]",elu,model_9,Int8WeightOnlyConfig,int8,8.0,False,True,onnx_relative_p99_latency,1.2970714113239252,onnx,p99_latency,True,2.0
1700,128,103,130,361,"[128, 103, 130]",elu,model_9,Float8WeightOnlyConfig,float8,8.0,False,True,onnx_relative_p99_latency,,onnx,p99_latency,True,2.0
1701,128,103,130,361,"[128, 103, 130]",elu,model_9,Int8WeightOnlyConfig,int8,8.0,False,True,pt2_quantized_model_size,181409.0,pt2,model_size,False,2.0
1702,128,103,130,361,"[128, 103, 130]",elu,model_9,Float8WeightOnlyConfig,float8,8.0,False,True,pt2_quantized_model_size,160609.0,pt2,model_size,False,2.0
1703,128,103,130,361,"[128, 103, 130]",elu,model_9,Int8WeightOnlyConfig,int8,8.0,False,True,pt2_quantized_median_latency,0.0008600940927863121,pt2,median_latency,False,2.0
1704,128,103,130,361,"[128, 103, 130]",elu,model_9,Float8WeightOnlyConfig,float8,8.0,False,True,pt2_quantized_median_latency,0.0006994530558586121,pt2,median_latency,False,2.0
1705,128,103,130,361,"[128, 103, 130]",elu,model_9,Int8WeightOnlyConfig,int8,8.0,False,True,pt2_quantized_p95_latency,0.0008753790520131588,pt2,p95_latency,False,2.0
1706,128,103,130,361,"[128, 103, 130]",elu,model_9,Float8WeightOnlyConfig,float8,8.0,False,True,pt2_quantized_p95_latency,0.0007098328322172164,pt2,p95_latency,False,2.0
1707,128,103,130,361,"[128, 103, 130]",elu,model_9,Int8WeightOnlyConfig,int8,8.0,False,True,pt2_quantized_p99_latency,0.000995741169899702,pt2,p99_latency,False,2.0
1708,128,103,130,361,"[128, 103, 130]",elu,model_9,Float8WeightOnlyConfig,float8,8.0,False,True,pt2_quantized_p99_latency,0.0008379039727151394,pt2,p99_latency,False,2.0
1709,128,103,130,361,"[128, 103, 130]",elu,model_9,Int8WeightOnlyConfig,int8,8.0,False,True,pt2_relative_model_size,0.8472582234614433,pt2,model_size,True,2.0
1710,128,103,130,361,"[128, 103, 130]",elu,model_9,Float8WeightOnlyConfig,float8,8.0,False,True,pt2_relative_model_size,0.7501132579525764,pt2,model_size,True,2.0
1711,128,103,130,361,"[128, 103, 130]",elu,model_9,Int8WeightOnlyConfig,int8,8.0,False,True,pt2_relative_median_latency,1.7163356105828917,pt2,median_latency,True,2.0
1712,128,103,130,361,"[128, 103, 130]",elu,model_9,Float8WeightOnlyConfig,float8,8.0,False,True,pt2_relative_median_latency,1.395773087816591,pt2,median_latency,True,2.0
1713,128,103,130,361,"[128, 103, 130]",elu,model_9,Int8WeightOnlyConfig,int8,8.0,False,True,pt2_relative_p95_latency,1.6874288288188013,pt2,p95_latency,True,2.0
1714,128,103,130,361,"[128, 103, 130]",elu,model_9,Float8WeightOnlyConfig,float8,8.0,False,True,pt2_relative_p95_latency,1.368312826278855,pt2,p95_latency,True,2.0
1715,128,103,130,361,"[128, 103, 130]",elu,model_9,Int8WeightOnlyConfig,int8,8.0,False,True,pt2_relative_p99_latency,1.4889694269153386,pt2,p99_latency,True,2.0
1716,128,103,130,361,"[128, 103, 130]",elu,model_9,Float8WeightOnlyConfig,float8,8.0,False,True,pt2_relative_p99_latency,1.252949497096133,pt2,p99_latency,True,2.0
1717,128,103,130,361,"[128, 103, 130]",elu,model_9,Int8WeightOnlyConfig,int8,8.0,False,True,pytorch_quantized_MAE,9.294223566494903,pytorch,MAE,False,3.0
1718,128,103,130,361,"[128, 103, 130]",elu,model_9,Float8WeightOnlyConfig,float8,8.0,False,True,pytorch_quantized_MAE,9.319293681563686,pytorch,MAE,False,3.0
1719,128,103,130,361,"[128, 103, 130]",elu,model_9,Int8WeightOnlyConfig,int8,8.0,False,True,pytorch_relative_MAE,1.0005042206978212,pytorch,MAE,True,3.0
1720,128,103,130,361,"[128, 103, 130]",elu,model_9,Float8WeightOnlyConfig,float8,8.0,False,True,pytorch_relative_MAE,1.0032029674796523,pytorch,MAE,True,3.0
1721,128,103,130,361,"[128, 103, 130]",elu,model_9,Int8WeightOnlyConfig,int8,8.0,False,True,pytorch_quantized_model_size,37434.0,pytorch,model_size,False,3.0
1722,128,103,130,361,"[128, 103, 130]",elu,model_9,Float8WeightOnlyConfig,float8,8.0,False,True,pytorch_quantized_model_size,37434.0,pytorch,model_size,False,3.0
1723,128,103,130,361,"[128, 103, 130]",elu,model_9,Int8WeightOnlyConfig,int8,8.0,False,True,pytorch_quantized_median_latency,0.00041114259511232376,pytorch,median_latency,False,3.0
1724,128,103,130,361,"[128, 103, 130]",elu,model_9,Float8WeightOnlyConfig,float8,8.0,False,True,pytorch_quantized_median_latency,0.0005022808909416199,pytorch,median_latency,False,3.0
1725,128,103,130,361,"[128, 103, 130]",elu,model_9,Int8WeightOnlyConfig,int8,8.0,False,True,pytorch_quantized_p95_latency,0.0004224213771522045,pytorch,p95_latency,False,3.0
1726,128,103,130,361,"[128, 103, 130]",elu,model_9,Float8WeightOnlyConfig,float8,8.0,False,True,pytorch_quantized_p95_latency,0.0005112918093800545,pytorch,p95_latency,False,3.0
1727,128,103,130,361,"[128, 103, 130]",elu,model_9,Int8WeightOnlyConfig,int8,8.0,False,True,pytorch_quantized_p99_latency,0.00042537087574601173,pytorch,p99_latency,False,3.0
1728,128,103,130,361,"[128, 103, 130]",elu,model_9,Float8WeightOnlyConfig,float8,8.0,False,True,pytorch_quantized_p99_latency,0.0005252725072205066,pytorch,p99_latency,False,3.0
1729,128,103,130,361,"[128, 103, 130]",elu,model_9,Int8WeightOnlyConfig,int8,8.0,False,True,pytorch_relative_model_size,0.25,pytorch,model_size,True,3.0
1730,128,103,130,361,"[128, 103, 130]",elu,model_9,Float8WeightOnlyConfig,float8,8.0,False,True,pytorch_relative_model_size,0.25,pytorch,model_size,True,3.0
1731,128,103,130,361,"[128, 103, 130]",elu,model_9,Int8WeightOnlyConfig,int8,8.0,False,True,pytorch_relative_median_latency,2.6511944941566474,pytorch,median_latency,True,3.0
1732,128,103,130,361,"[128, 103, 130]",elu,model_9,Float8WeightOnlyConfig,float8,8.0,False,True,pytorch_relative_median_latency,3.2388868203274197,pytorch,median_latency,True,3.0
1733,128,103,130,361,"[128, 103, 130]",elu,model_9,Int8WeightOnlyConfig,int8,8.0,False,True,pytorch_relative_p95_latency,2.533364201806085,pytorch,p95_latency,True,3.0
1734,128,103,130,361,"[128, 103, 130]",elu,model_9,Float8WeightOnlyConfig,float8,8.0,False,True,pytorch_relative_p95_latency,3.06634189607639,pytorch,p95_latency,True,3.0
1735,128,103,130,361,"[128, 103, 130]",elu,model_9,Int8WeightOnlyConfig,int8,8.0,False,True,pytorch_relative_p99_latency,2.5156012512725656,pytorch,p99_latency,True,3.0
1736,128,103,130,361,"[128, 103, 130]",elu,model_9,Float8WeightOnlyConfig,float8,8.0,False,True,pytorch_relative_p99_latency,3.1064096104500956,pytorch,p99_latency,True,3.0
1737,128,103,130,361,"[128, 103, 130]",elu,model_9,Int8WeightOnlyConfig,int8,8.0,False,True,onnx_quantized_model_size,32789.0,onnx,model_size,False,3.0
1738,128,103,130,361,"[128, 103, 130]",elu,model_9,Float8WeightOnlyConfig,float8,8.0,False,True,onnx_quantized_model_size,,onnx,model_size,False,3.0
1739,128,103,130,361,"[128, 103, 130]",elu,model_9,Int8WeightOnlyConfig,int8,8.0,False,True,onnx_quantized_median_latency,0.00024002976715564728,onnx,median_latency,False,3.0
1740,128,103,130,361,"[128, 103, 130]",elu,model_9,Float8WeightOnlyConfig,float8,8.0,False,True,onnx_quantized_median_latency,,onnx,median_latency,False,3.0
1741,128,103,130,361,"[128, 103, 130]",elu,model_9,Int8WeightOnlyConfig,int8,8.0,False,True,onnx_quantized_p95_latency,0.0002551362849771976,onnx,p95_latency,False,3.0
1742,128,103,130,361,"[128, 103, 130]",elu,model_9,Float8WeightOnlyConfig,float8,8.0,False,True,onnx_quantized_p95_latency,,onnx,p95_latency,False,3.0
1743,128,103,130,361,"[128, 103, 130]",elu,model_9,Int8WeightOnlyConfig,int8,8.0,False,True,onnx_quantized_p99_latency,0.0002644674107432365,onnx,p99_latency,False,3.0
1744,128,103,130,361,"[128, 103, 130]",elu,model_9,Float8WeightOnlyConfig,float8,8.0,False,True,onnx_quantized_p99_latency,,onnx,p99_latency,False,3.0
1745,128,103,130,361,"[128, 103, 130]",elu,model_9,Int8WeightOnlyConfig,int8,8.0,False,True,onnx_relative_model_size,2.4239668810527095,onnx,model_size,True,3.0
1746,128,103,130,361,"[128, 103, 130]",elu,model_9,Float8WeightOnlyConfig,float8,8.0,False,True,onnx_relative_model_size,,onnx,model_size,True,3.0
1747,128,103,130,361,"[128, 103, 130]",elu,model_9,Int8WeightOnlyConfig,int8,8.0,False,True,onnx_relative_median_latency,1.3048893479350516,onnx,median_latency,True,3.0
1748,128,103,130,361,"[128, 103, 130]",elu,model_9,Float8WeightOnlyConfig,float8,8.0,False,True,onnx_relative_median_latency,,onnx,median_latency,True,3.0
1749,128,103,130,361,"[128, 103, 130]",elu,model_9,Int8WeightOnlyConfig,int8,8.0,False,True,onnx_relative_p95_latency,1.2136799355304317,onnx,p95_latency,True,3.0
1750,128,103,130,361,"[128, 103, 130]",elu,model_9,Float8WeightOnlyConfig,float8,8.0,False,True,onnx_relative_p95_latency,,onnx,p95_latency,True,3.0
1751,128,103,130,361,"[128, 103, 130]",elu,model_9,Int8WeightOnlyConfig,int8,8.0,False,True,onnx_relative_p99_latency,1.0955743644065181,onnx,p99_latency,True,3.0
1752,128,103,130,361,"[128, 103, 130]",elu,model_9,Float8WeightOnlyConfig,float8,8.0,False,True,onnx_relative_p99_latency,,onnx,p99_latency,True,3.0
1753,128,103,130,361,"[128, 103, 130]",elu,model_9,Int8WeightOnlyConfig,int8,8.0,False,True,pt2_quantized_model_size,181409.0,pt2,model_size,False,3.0
1754,128,103,130,361,"[128, 103, 130]",elu,model_9,Float8WeightOnlyConfig,float8,8.0,False,True,pt2_quantized_model_size,160609.0,pt2,model_size,False,3.0
1755,128,103,130,361,"[128, 103, 130]",elu,model_9,Int8WeightOnlyConfig,int8,8.0,False,True,pt2_quantized_median_latency,0.0008733579888939857,pt2,median_latency,False,3.0
1756,128,103,130,361,"[128, 103, 130]",elu,model_9,Float8WeightOnlyConfig,float8,8.0,False,True,pt2_quantized_median_latency,0.0007091928273439407,pt2,median_latency,False,3.0
1757,128,103,130,361,"[128, 103, 130]",elu,model_9,Int8WeightOnlyConfig,int8,8.0,False,True,pt2_quantized_p95_latency,0.0008850101381540299,pt2,p95_latency,False,3.0
1758,128,103,130,361,"[128, 103, 130]",elu,model_9,Float8WeightOnlyConfig,float8,8.0,False,True,pt2_quantized_p95_latency,0.0007178306579589844,pt2,p95_latency,False,3.0
1759,128,103,130,361,"[128, 103, 130]",elu,model_9,Int8WeightOnlyConfig,int8,8.0,False,True,pt2_quantized_p99_latency,0.0010078755207359792,pt2,p99_latency,False,3.0
1760,128,103,130,361,"[128, 103, 130]",elu,model_9,Float8WeightOnlyConfig,float8,8.0,False,True,pt2_quantized_p99_latency,0.0008455009944736958,pt2,p99_latency,False,3.0
1761,128,103,130,361,"[128, 103, 130]",elu,model_9,Int8WeightOnlyConfig,int8,8.0,False,True,pt2_relative_model_size,0.8472582234614433,pt2,model_size,True,3.0
1762,128,103,130,361,"[128, 103, 130]",elu,model_9,Float8WeightOnlyConfig,float8,8.0,False,True,pt2_relative_model_size,0.7501132579525764,pt2,model_size,True,3.0
1763,128,103,130,361,"[128, 103, 130]",elu,model_9,Int8WeightOnlyConfig,int8,8.0,False,True,pt2_relative_median_latency,1.7538569438080365,pt2,median_latency,True,3.0
1764,128,103,130,361,"[128, 103, 130]",elu,model_9,Float8WeightOnlyConfig,float8,8.0,False,True,pt2_relative_median_latency,1.4241843328314803,pt2,median_latency,True,3.0
1765,128,103,130,361,"[128, 103, 130]",elu,model_9,Int8WeightOnlyConfig,int8,8.0,False,True,pt2_relative_p95_latency,1.737860546127977,pt2,p95_latency,True,3.0
1766,128,103,130,361,"[128, 103, 130]",elu,model_9,Float8WeightOnlyConfig,float8,8.0,False,True,pt2_relative_p95_latency,1.4095765974727046,pt2,p95_latency,True,3.0
1767,128,103,130,361,"[128, 103, 130]",elu,model_9,Int8WeightOnlyConfig,int8,8.0,False,True,pt2_relative_p99_latency,1.4855493897170646,pt2,p99_latency,True,3.0
1768,128,103,130,361,"[128, 103, 130]",elu,model_9,Float8WeightOnlyConfig,float8,8.0,False,True,pt2_relative_p99_latency,1.2462188638418152,pt2,p99_latency,True,3.0
