,hidden_layer_1_neurons,hidden_layer_2_neurons,hidden_layer_3_neurons,total_hidden_neurons,neurons_per_layer,activation,model_ID,config_name,precision,bits_per_weight,dynamic_calibration,weight_only,metric,value,runtime,base_metric,relative,eval_run
0,734,261,62,1057,"[734, 261, 62]",leaky_relu,model_1,Int8WeightOnlyConfig,int8,8.0,False,True,pytorch_quantized_MAE,8.059772143359467,pytorch,MAE,False,1.0
1,734,261,62,1057,"[734, 261, 62]",leaky_relu,model_1,Float8WeightOnlyConfig,float8,8.0,False,True,pytorch_quantized_MAE,8.050942515160605,pytorch,MAE,False,1.0
2,734,261,62,1057,"[734, 261, 62]",leaky_relu,model_1,Int8WeightOnlyConfig,int8,8.0,False,True,pytorch_relative_MAE,1.001312699357674,pytorch,MAE,True,1.0
3,734,261,62,1057,"[734, 261, 62]",leaky_relu,model_1,Float8WeightOnlyConfig,float8,8.0,False,True,pytorch_relative_MAE,1.0002157429315035,pytorch,MAE,True,1.0
4,734,261,62,1057,"[734, 261, 62]",leaky_relu,model_1,Int8WeightOnlyConfig,int8,8.0,False,True,pytorch_quantized_model_size,268330.0,pytorch,model_size,False,1.0
5,734,261,62,1057,"[734, 261, 62]",leaky_relu,model_1,Float8WeightOnlyConfig,float8,8.0,False,True,pytorch_quantized_model_size,268330.0,pytorch,model_size,False,1.0
6,734,261,62,1057,"[734, 261, 62]",leaky_relu,model_1,Int8WeightOnlyConfig,int8,8.0,False,True,pytorch_quantized_median_latency,0.0004407726228237152,pytorch,median_latency,False,1.0
7,734,261,62,1057,"[734, 261, 62]",leaky_relu,model_1,Float8WeightOnlyConfig,float8,8.0,False,True,pytorch_quantized_median_latency,0.0005950517952442169,pytorch,median_latency,False,1.0
8,734,261,62,1057,"[734, 261, 62]",leaky_relu,model_1,Int8WeightOnlyConfig,int8,8.0,False,True,pytorch_quantized_p95_latency,0.000452430360019207,pytorch,p95_latency,False,1.0
9,734,261,62,1057,"[734, 261, 62]",leaky_relu,model_1,Float8WeightOnlyConfig,float8,8.0,False,True,pytorch_quantized_p95_latency,0.0006054943427443504,pytorch,p95_latency,False,1.0
10,734,261,62,1057,"[734, 261, 62]",leaky_relu,model_1,Int8WeightOnlyConfig,int8,8.0,False,True,pytorch_quantized_p99_latency,0.00045863311737775797,pytorch,p99_latency,False,1.0
11,734,261,62,1057,"[734, 261, 62]",leaky_relu,model_1,Float8WeightOnlyConfig,float8,8.0,False,True,pytorch_quantized_p99_latency,0.0006092726439237595,pytorch,p99_latency,False,1.0
12,734,261,62,1057,"[734, 261, 62]",leaky_relu,model_1,Int8WeightOnlyConfig,int8,8.0,False,True,pytorch_relative_model_size,0.25,pytorch,model_size,True,1.0
13,734,261,62,1057,"[734, 261, 62]",leaky_relu,model_1,Float8WeightOnlyConfig,float8,8.0,False,True,pytorch_relative_model_size,0.25,pytorch,model_size,True,1.0
14,734,261,62,1057,"[734, 261, 62]",leaky_relu,model_1,Int8WeightOnlyConfig,int8,8.0,False,True,pytorch_relative_median_latency,2.7962140190008036,pytorch,median_latency,True,1.0
15,734,261,62,1057,"[734, 261, 62]",leaky_relu,model_1,Float8WeightOnlyConfig,float8,8.0,False,True,pytorch_relative_median_latency,3.7749444628255424,pytorch,median_latency,True,1.0
16,734,261,62,1057,"[734, 261, 62]",leaky_relu,model_1,Int8WeightOnlyConfig,int8,8.0,False,True,pytorch_relative_p95_latency,2.6786581163120258,pytorch,p95_latency,True,1.0
17,734,261,62,1057,"[734, 261, 62]",leaky_relu,model_1,Float8WeightOnlyConfig,float8,8.0,False,True,pytorch_relative_p95_latency,3.584888369348853,pytorch,p95_latency,True,1.0
18,734,261,62,1057,"[734, 261, 62]",leaky_relu,model_1,Int8WeightOnlyConfig,int8,8.0,False,True,pytorch_relative_p99_latency,2.68485928047927,pytorch,p99_latency,True,1.0
19,734,261,62,1057,"[734, 261, 62]",leaky_relu,model_1,Float8WeightOnlyConfig,float8,8.0,False,True,pytorch_relative_p99_latency,3.5667099701251934,pytorch,p99_latency,True,1.0
20,734,261,62,1057,"[734, 261, 62]",leaky_relu,model_1,Int8WeightOnlyConfig,int8,8.0,False,True,onnx_quantized_model_size,33652.0,onnx,model_size,False,1.0
21,734,261,62,1057,"[734, 261, 62]",leaky_relu,model_1,Float8WeightOnlyConfig,float8,8.0,False,True,onnx_quantized_model_size,,onnx,model_size,False,1.0
22,734,261,62,1057,"[734, 261, 62]",leaky_relu,model_1,Int8WeightOnlyConfig,int8,8.0,False,True,onnx_quantized_median_latency,0.0005131661891937256,onnx,median_latency,False,1.0
23,734,261,62,1057,"[734, 261, 62]",leaky_relu,model_1,Float8WeightOnlyConfig,float8,8.0,False,True,onnx_quantized_median_latency,,onnx,median_latency,False,1.0
24,734,261,62,1057,"[734, 261, 62]",leaky_relu,model_1,Int8WeightOnlyConfig,int8,8.0,False,True,onnx_quantized_p95_latency,0.000773162953555584,onnx,p95_latency,False,1.0
25,734,261,62,1057,"[734, 261, 62]",leaky_relu,model_1,Float8WeightOnlyConfig,float8,8.0,False,True,onnx_quantized_p95_latency,,onnx,p95_latency,False,1.0
26,734,261,62,1057,"[734, 261, 62]",leaky_relu,model_1,Int8WeightOnlyConfig,int8,8.0,False,True,onnx_quantized_p99_latency,0.01564209967851636,onnx,p99_latency,False,1.0
27,734,261,62,1057,"[734, 261, 62]",leaky_relu,model_1,Float8WeightOnlyConfig,float8,8.0,False,True,onnx_quantized_p99_latency,,onnx,p99_latency,False,1.0
28,734,261,62,1057,"[734, 261, 62]",leaky_relu,model_1,Int8WeightOnlyConfig,int8,8.0,False,True,onnx_relative_model_size,2.367691549989446,onnx,model_size,True,1.0
29,734,261,62,1057,"[734, 261, 62]",leaky_relu,model_1,Float8WeightOnlyConfig,float8,8.0,False,True,onnx_relative_model_size,,onnx,model_size,True,1.0
30,734,261,62,1057,"[734, 261, 62]",leaky_relu,model_1,Int8WeightOnlyConfig,int8,8.0,False,True,onnx_relative_median_latency,1.3644823709456146,onnx,median_latency,True,1.0
31,734,261,62,1057,"[734, 261, 62]",leaky_relu,model_1,Float8WeightOnlyConfig,float8,8.0,False,True,onnx_relative_median_latency,,onnx,median_latency,True,1.0
32,734,261,62,1057,"[734, 261, 62]",leaky_relu,model_1,Int8WeightOnlyConfig,int8,8.0,False,True,onnx_relative_p95_latency,1.8748690695093546,onnx,p95_latency,True,1.0
33,734,261,62,1057,"[734, 261, 62]",leaky_relu,model_1,Float8WeightOnlyConfig,float8,8.0,False,True,onnx_relative_p95_latency,,onnx,p95_latency,True,1.0
34,734,261,62,1057,"[734, 261, 62]",leaky_relu,model_1,Int8WeightOnlyConfig,int8,8.0,False,True,onnx_relative_p99_latency,37.27902066014733,onnx,p99_latency,True,1.0
35,734,261,62,1057,"[734, 261, 62]",leaky_relu,model_1,Float8WeightOnlyConfig,float8,8.0,False,True,onnx_relative_p99_latency,,onnx,p99_latency,True,1.0
36,734,261,62,1057,"[734, 261, 62]",leaky_relu,model_1,Int8WeightOnlyConfig,int8,8.0,False,True,pt2_quantized_model_size,417057.0,pt2,model_size,False,1.0
37,734,261,62,1057,"[734, 261, 62]",leaky_relu,model_1,Float8WeightOnlyConfig,float8,8.0,False,True,pt2_quantized_model_size,396257.0,pt2,model_size,False,1.0
38,734,261,62,1057,"[734, 261, 62]",leaky_relu,model_1,Int8WeightOnlyConfig,int8,8.0,False,True,pt2_quantized_median_latency,0.0008835718035697937,pt2,median_latency,False,1.0
39,734,261,62,1057,"[734, 261, 62]",leaky_relu,model_1,Float8WeightOnlyConfig,float8,8.0,False,True,pt2_quantized_median_latency,0.0007257405668497086,pt2,median_latency,False,1.0
40,734,261,62,1057,"[734, 261, 62]",leaky_relu,model_1,Int8WeightOnlyConfig,int8,8.0,False,True,pt2_quantized_p95_latency,0.0008969398215413094,pt2,p95_latency,False,1.0
41,734,261,62,1057,"[734, 261, 62]",leaky_relu,model_1,Float8WeightOnlyConfig,float8,8.0,False,True,pt2_quantized_p95_latency,0.000739513523876667,pt2,p95_latency,False,1.0
42,734,261,62,1057,"[734, 261, 62]",leaky_relu,model_1,Int8WeightOnlyConfig,int8,8.0,False,True,pt2_quantized_p99_latency,0.0010076178237795829,pt2,p99_latency,False,1.0
43,734,261,62,1057,"[734, 261, 62]",leaky_relu,model_1,Float8WeightOnlyConfig,float8,8.0,False,True,pt2_quantized_p99_latency,0.0008586067333817481,pt2,p99_latency,False,1.0
44,734,261,62,1057,"[734, 261, 62]",leaky_relu,model_1,Int8WeightOnlyConfig,int8,8.0,False,True,pt2_relative_model_size,0.36658002965640235,pt2,model_size,True,1.0
45,734,261,62,1057,"[734, 261, 62]",leaky_relu,model_1,Float8WeightOnlyConfig,float8,8.0,False,True,pt2_relative_model_size,0.3482974816669113,pt2,model_size,True,1.0
46,734,261,62,1057,"[734, 261, 62]",leaky_relu,model_1,Int8WeightOnlyConfig,int8,8.0,False,True,pt2_relative_median_latency,1.2162836432818562,pt2,median_latency,True,1.0
47,734,261,62,1057,"[734, 261, 62]",leaky_relu,model_1,Float8WeightOnlyConfig,float8,8.0,False,True,pt2_relative_median_latency,0.9990205404462951,pt2,median_latency,True,1.0
48,734,261,62,1057,"[734, 261, 62]",leaky_relu,model_1,Int8WeightOnlyConfig,int8,8.0,False,True,pt2_relative_p95_latency,1.2107803350773125,pt2,p95_latency,True,1.0
49,734,261,62,1057,"[734, 261, 62]",leaky_relu,model_1,Float8WeightOnlyConfig,float8,8.0,False,True,pt2_relative_p95_latency,0.9982703529596351,pt2,p95_latency,True,1.0
50,734,261,62,1057,"[734, 261, 62]",leaky_relu,model_1,Int8WeightOnlyConfig,int8,8.0,False,True,pt2_relative_p99_latency,1.1372988942339044,pt2,p99_latency,True,1.0
51,734,261,62,1057,"[734, 261, 62]",leaky_relu,model_1,Float8WeightOnlyConfig,float8,8.0,False,True,pt2_relative_p99_latency,0.9691099794106612,pt2,p99_latency,True,1.0
52,734,261,62,1057,"[734, 261, 62]",leaky_relu,model_1,Int8WeightOnlyConfig,int8,8.0,False,True,pytorch_quantized_MAE,7.745531277732813,pytorch,MAE,False,2.0
53,734,261,62,1057,"[734, 261, 62]",leaky_relu,model_1,Float8WeightOnlyConfig,float8,8.0,False,True,pytorch_quantized_MAE,7.740059494635797,pytorch,MAE,False,2.0
54,734,261,62,1057,"[734, 261, 62]",leaky_relu,model_1,Int8WeightOnlyConfig,int8,8.0,False,True,pytorch_relative_MAE,1.0012746785494624,pytorch,MAE,True,2.0
55,734,261,62,1057,"[734, 261, 62]",leaky_relu,model_1,Float8WeightOnlyConfig,float8,8.0,False,True,pytorch_relative_MAE,1.0005673341898433,pytorch,MAE,True,2.0
56,734,261,62,1057,"[734, 261, 62]",leaky_relu,model_1,Int8WeightOnlyConfig,int8,8.0,False,True,pytorch_quantized_model_size,268330.0,pytorch,model_size,False,2.0
57,734,261,62,1057,"[734, 261, 62]",leaky_relu,model_1,Float8WeightOnlyConfig,float8,8.0,False,True,pytorch_quantized_model_size,268330.0,pytorch,model_size,False,2.0
58,734,261,62,1057,"[734, 261, 62]",leaky_relu,model_1,Int8WeightOnlyConfig,int8,8.0,False,True,pytorch_quantized_median_latency,0.00043712928891181946,pytorch,median_latency,False,2.0
59,734,261,62,1057,"[734, 261, 62]",leaky_relu,model_1,Float8WeightOnlyConfig,float8,8.0,False,True,pytorch_quantized_median_latency,0.0005324706435203552,pytorch,median_latency,False,2.0
60,734,261,62,1057,"[734, 261, 62]",leaky_relu,model_1,Int8WeightOnlyConfig,int8,8.0,False,True,pytorch_quantized_p95_latency,0.0004490084946155548,pytorch,p95_latency,False,2.0
61,734,261,62,1057,"[734, 261, 62]",leaky_relu,model_1,Float8WeightOnlyConfig,float8,8.0,False,True,pytorch_quantized_p95_latency,0.0005411069840192794,pytorch,p95_latency,False,2.0
62,734,261,62,1057,"[734, 261, 62]",leaky_relu,model_1,Int8WeightOnlyConfig,int8,8.0,False,True,pytorch_quantized_p99_latency,0.00045312952250242233,pytorch,p99_latency,False,2.0
63,734,261,62,1057,"[734, 261, 62]",leaky_relu,model_1,Float8WeightOnlyConfig,float8,8.0,False,True,pytorch_quantized_p99_latency,0.000552389696240425,pytorch,p99_latency,False,2.0
64,734,261,62,1057,"[734, 261, 62]",leaky_relu,model_1,Int8WeightOnlyConfig,int8,8.0,False,True,pytorch_relative_model_size,0.25,pytorch,model_size,True,2.0
65,734,261,62,1057,"[734, 261, 62]",leaky_relu,model_1,Float8WeightOnlyConfig,float8,8.0,False,True,pytorch_relative_model_size,0.25,pytorch,model_size,True,2.0
66,734,261,62,1057,"[734, 261, 62]",leaky_relu,model_1,Int8WeightOnlyConfig,int8,8.0,False,True,pytorch_relative_median_latency,2.500713935596616,pytorch,median_latency,True,2.0
67,734,261,62,1057,"[734, 261, 62]",leaky_relu,model_1,Float8WeightOnlyConfig,float8,8.0,False,True,pytorch_relative_median_latency,3.046139419900688,pytorch,median_latency,True,2.0
68,734,261,62,1057,"[734, 261, 62]",leaky_relu,model_1,Int8WeightOnlyConfig,int8,8.0,False,True,pytorch_relative_p95_latency,2.3914524233510748,pytorch,p95_latency,True,2.0
69,734,261,62,1057,"[734, 261, 62]",leaky_relu,model_1,Float8WeightOnlyConfig,float8,8.0,False,True,pytorch_relative_p95_latency,2.881975783850278,pytorch,p95_latency,True,2.0
70,734,261,62,1057,"[734, 261, 62]",leaky_relu,model_1,Int8WeightOnlyConfig,int8,8.0,False,True,pytorch_relative_p99_latency,2.368209161514839,pytorch,p99_latency,True,2.0
71,734,261,62,1057,"[734, 261, 62]",leaky_relu,model_1,Float8WeightOnlyConfig,float8,8.0,False,True,pytorch_relative_p99_latency,2.8869766245609836,pytorch,p99_latency,True,2.0
72,734,261,62,1057,"[734, 261, 62]",leaky_relu,model_1,Int8WeightOnlyConfig,int8,8.0,False,True,onnx_quantized_model_size,33652.0,onnx,model_size,False,2.0
73,734,261,62,1057,"[734, 261, 62]",leaky_relu,model_1,Float8WeightOnlyConfig,float8,8.0,False,True,onnx_quantized_model_size,,onnx,model_size,False,2.0
74,734,261,62,1057,"[734, 261, 62]",leaky_relu,model_1,Int8WeightOnlyConfig,int8,8.0,False,True,onnx_quantized_median_latency,0.00044133514165878296,onnx,median_latency,False,2.0
75,734,261,62,1057,"[734, 261, 62]",leaky_relu,model_1,Float8WeightOnlyConfig,float8,8.0,False,True,onnx_quantized_median_latency,,onnx,median_latency,False,2.0
76,734,261,62,1057,"[734, 261, 62]",leaky_relu,model_1,Int8WeightOnlyConfig,int8,8.0,False,True,onnx_quantized_p95_latency,0.0004997348412871359,onnx,p95_latency,False,2.0
77,734,261,62,1057,"[734, 261, 62]",leaky_relu,model_1,Float8WeightOnlyConfig,float8,8.0,False,True,onnx_quantized_p95_latency,,onnx,p95_latency,False,2.0
78,734,261,62,1057,"[734, 261, 62]",leaky_relu,model_1,Int8WeightOnlyConfig,int8,8.0,False,True,onnx_quantized_p99_latency,0.0007567958161234855,onnx,p99_latency,False,2.0
79,734,261,62,1057,"[734, 261, 62]",leaky_relu,model_1,Float8WeightOnlyConfig,float8,8.0,False,True,onnx_quantized_p99_latency,,onnx,p99_latency,False,2.0
80,734,261,62,1057,"[734, 261, 62]",leaky_relu,model_1,Int8WeightOnlyConfig,int8,8.0,False,True,onnx_relative_model_size,2.367691549989446,onnx,model_size,True,2.0
81,734,261,62,1057,"[734, 261, 62]",leaky_relu,model_1,Float8WeightOnlyConfig,float8,8.0,False,True,onnx_relative_model_size,,onnx,model_size,True,2.0
82,734,261,62,1057,"[734, 261, 62]",leaky_relu,model_1,Int8WeightOnlyConfig,int8,8.0,False,True,onnx_relative_median_latency,1.1012832966920598,onnx,median_latency,True,2.0
83,734,261,62,1057,"[734, 261, 62]",leaky_relu,model_1,Float8WeightOnlyConfig,float8,8.0,False,True,onnx_relative_median_latency,,onnx,median_latency,True,2.0
84,734,261,62,1057,"[734, 261, 62]",leaky_relu,model_1,Int8WeightOnlyConfig,int8,8.0,False,True,onnx_relative_p95_latency,1.2079039378771135,onnx,p95_latency,True,2.0
85,734,261,62,1057,"[734, 261, 62]",leaky_relu,model_1,Float8WeightOnlyConfig,float8,8.0,False,True,onnx_relative_p95_latency,,onnx,p95_latency,True,2.0
86,734,261,62,1057,"[734, 261, 62]",leaky_relu,model_1,Int8WeightOnlyConfig,int8,8.0,False,True,onnx_relative_p99_latency,1.4892426028232963,onnx,p99_latency,True,2.0
87,734,261,62,1057,"[734, 261, 62]",leaky_relu,model_1,Float8WeightOnlyConfig,float8,8.0,False,True,onnx_relative_p99_latency,,onnx,p99_latency,True,2.0
88,734,261,62,1057,"[734, 261, 62]",leaky_relu,model_1,Int8WeightOnlyConfig,int8,8.0,False,True,pt2_quantized_model_size,417057.0,pt2,model_size,False,2.0
89,734,261,62,1057,"[734, 261, 62]",leaky_relu,model_1,Float8WeightOnlyConfig,float8,8.0,False,True,pt2_quantized_model_size,396257.0,pt2,model_size,False,2.0
90,734,261,62,1057,"[734, 261, 62]",leaky_relu,model_1,Int8WeightOnlyConfig,int8,8.0,False,True,pt2_quantized_median_latency,0.0009057000279426575,pt2,median_latency,False,2.0
91,734,261,62,1057,"[734, 261, 62]",leaky_relu,model_1,Float8WeightOnlyConfig,float8,8.0,False,True,pt2_quantized_median_latency,0.0007344149053096771,pt2,median_latency,False,2.0
92,734,261,62,1057,"[734, 261, 62]",leaky_relu,model_1,Int8WeightOnlyConfig,int8,8.0,False,True,pt2_quantized_p95_latency,0.0009206989780068398,pt2,p95_latency,False,2.0
93,734,261,62,1057,"[734, 261, 62]",leaky_relu,model_1,Float8WeightOnlyConfig,float8,8.0,False,True,pt2_quantized_p95_latency,0.0007491176947951317,pt2,p95_latency,False,2.0
94,734,261,62,1057,"[734, 261, 62]",leaky_relu,model_1,Int8WeightOnlyConfig,int8,8.0,False,True,pt2_quantized_p99_latency,0.0010482552275061603,pt2,p99_latency,False,2.0
95,734,261,62,1057,"[734, 261, 62]",leaky_relu,model_1,Float8WeightOnlyConfig,float8,8.0,False,True,pt2_quantized_p99_latency,0.0008788892626762389,pt2,p99_latency,False,2.0
96,734,261,62,1057,"[734, 261, 62]",leaky_relu,model_1,Int8WeightOnlyConfig,int8,8.0,False,True,pt2_relative_model_size,0.36658002965640235,pt2,model_size,True,2.0
97,734,261,62,1057,"[734, 261, 62]",leaky_relu,model_1,Float8WeightOnlyConfig,float8,8.0,False,True,pt2_relative_model_size,0.3482974816669113,pt2,model_size,True,2.0
98,734,261,62,1057,"[734, 261, 62]",leaky_relu,model_1,Int8WeightOnlyConfig,int8,8.0,False,True,pt2_relative_median_latency,1.1644722031966204,pt2,median_latency,True,2.0
99,734,261,62,1057,"[734, 261, 62]",leaky_relu,model_1,Float8WeightOnlyConfig,float8,8.0,False,True,pt2_relative_median_latency,0.9442483343950417,pt2,median_latency,True,2.0
100,734,261,62,1057,"[734, 261, 62]",leaky_relu,model_1,Int8WeightOnlyConfig,int8,8.0,False,True,pt2_relative_p95_latency,1.1499428630453252,pt2,p95_latency,True,2.0
101,734,261,62,1057,"[734, 261, 62]",leaky_relu,model_1,Float8WeightOnlyConfig,float8,8.0,False,True,pt2_relative_p95_latency,0.935639733819959,pt2,p95_latency,True,2.0
102,734,261,62,1057,"[734, 261, 62]",leaky_relu,model_1,Int8WeightOnlyConfig,int8,8.0,False,True,pt2_relative_p99_latency,1.100629006585925,pt2,p99_latency,True,2.0
103,734,261,62,1057,"[734, 261, 62]",leaky_relu,model_1,Float8WeightOnlyConfig,float8,8.0,False,True,pt2_relative_p99_latency,0.9228010418604854,pt2,p99_latency,True,2.0
104,734,261,62,1057,"[734, 261, 62]",leaky_relu,model_1,Int8WeightOnlyConfig,int8,8.0,False,True,pytorch_quantized_MAE,7.917089137510657,pytorch,MAE,False,3.0
105,734,261,62,1057,"[734, 261, 62]",leaky_relu,model_1,Float8WeightOnlyConfig,float8,8.0,False,True,pytorch_quantized_MAE,7.901802027102136,pytorch,MAE,False,3.0
106,734,261,62,1057,"[734, 261, 62]",leaky_relu,model_1,Int8WeightOnlyConfig,int8,8.0,False,True,pytorch_relative_MAE,1.001263019853402,pytorch,MAE,True,3.0
107,734,261,62,1057,"[734, 261, 62]",leaky_relu,model_1,Float8WeightOnlyConfig,float8,8.0,False,True,pytorch_relative_MAE,0.9993296807098591,pytorch,MAE,True,3.0
108,734,261,62,1057,"[734, 261, 62]",leaky_relu,model_1,Int8WeightOnlyConfig,int8,8.0,False,True,pytorch_quantized_model_size,268330.0,pytorch,model_size,False,3.0
109,734,261,62,1057,"[734, 261, 62]",leaky_relu,model_1,Float8WeightOnlyConfig,float8,8.0,False,True,pytorch_quantized_model_size,268330.0,pytorch,model_size,False,3.0
110,734,261,62,1057,"[734, 261, 62]",leaky_relu,model_1,Int8WeightOnlyConfig,int8,8.0,False,True,pytorch_quantized_median_latency,0.0004620477557182312,pytorch,median_latency,False,3.0
111,734,261,62,1057,"[734, 261, 62]",leaky_relu,model_1,Float8WeightOnlyConfig,float8,8.0,False,True,pytorch_quantized_median_latency,0.0005215760320425034,pytorch,median_latency,False,3.0
112,734,261,62,1057,"[734, 261, 62]",leaky_relu,model_1,Int8WeightOnlyConfig,int8,8.0,False,True,pytorch_quantized_p95_latency,0.0004716150462627411,pytorch,p95_latency,False,3.0
113,734,261,62,1057,"[734, 261, 62]",leaky_relu,model_1,Float8WeightOnlyConfig,float8,8.0,False,True,pytorch_quantized_p95_latency,0.0005307964980602265,pytorch,p95_latency,False,3.0
114,734,261,62,1057,"[734, 261, 62]",leaky_relu,model_1,Int8WeightOnlyConfig,int8,8.0,False,True,pytorch_quantized_p99_latency,0.0004745587334036827,pytorch,p99_latency,False,3.0
115,734,261,62,1057,"[734, 261, 62]",leaky_relu,model_1,Float8WeightOnlyConfig,float8,8.0,False,True,pytorch_quantized_p99_latency,0.0005551480501890182,pytorch,p99_latency,False,3.0
116,734,261,62,1057,"[734, 261, 62]",leaky_relu,model_1,Int8WeightOnlyConfig,int8,8.0,False,True,pytorch_relative_model_size,0.25,pytorch,model_size,True,3.0
117,734,261,62,1057,"[734, 261, 62]",leaky_relu,model_1,Float8WeightOnlyConfig,float8,8.0,False,True,pytorch_relative_model_size,0.25,pytorch,model_size,True,3.0
118,734,261,62,1057,"[734, 261, 62]",leaky_relu,model_1,Int8WeightOnlyConfig,int8,8.0,False,True,pytorch_relative_median_latency,2.966869991627796,pytorch,median_latency,True,3.0
119,734,261,62,1057,"[734, 261, 62]",leaky_relu,model_1,Float8WeightOnlyConfig,float8,8.0,False,True,pytorch_relative_median_latency,3.3491089582585816,pytorch,median_latency,True,3.0
120,734,261,62,1057,"[734, 261, 62]",leaky_relu,model_1,Int8WeightOnlyConfig,int8,8.0,False,True,pytorch_relative_p95_latency,2.8112255207836014,pytorch,p95_latency,True,3.0
121,734,261,62,1057,"[734, 261, 62]",leaky_relu,model_1,Float8WeightOnlyConfig,float8,8.0,False,True,pytorch_relative_p95_latency,3.1639971487639094,pytorch,p95_latency,True,3.0
122,734,261,62,1057,"[734, 261, 62]",leaky_relu,model_1,Int8WeightOnlyConfig,int8,8.0,False,True,pytorch_relative_p99_latency,2.7772376132416112,pytorch,p99_latency,True,3.0
123,734,261,62,1057,"[734, 261, 62]",leaky_relu,model_1,Float8WeightOnlyConfig,float8,8.0,False,True,pytorch_relative_p99_latency,3.2488666573356935,pytorch,p99_latency,True,3.0
124,734,261,62,1057,"[734, 261, 62]",leaky_relu,model_1,Int8WeightOnlyConfig,int8,8.0,False,True,onnx_quantized_model_size,33652.0,onnx,model_size,False,3.0
125,734,261,62,1057,"[734, 261, 62]",leaky_relu,model_1,Float8WeightOnlyConfig,float8,8.0,False,True,onnx_quantized_model_size,,onnx,model_size,False,3.0
126,734,261,62,1057,"[734, 261, 62]",leaky_relu,model_1,Int8WeightOnlyConfig,int8,8.0,False,True,onnx_quantized_median_latency,0.00043292902410030365,onnx,median_latency,False,3.0
127,734,261,62,1057,"[734, 261, 62]",leaky_relu,model_1,Float8WeightOnlyConfig,float8,8.0,False,True,onnx_quantized_median_latency,,onnx,median_latency,False,3.0
128,734,261,62,1057,"[734, 261, 62]",leaky_relu,model_1,Int8WeightOnlyConfig,int8,8.0,False,True,onnx_quantized_p95_latency,0.0004543788731098175,onnx,p95_latency,False,3.0
129,734,261,62,1057,"[734, 261, 62]",leaky_relu,model_1,Float8WeightOnlyConfig,float8,8.0,False,True,onnx_quantized_p95_latency,,onnx,p95_latency,False,3.0
130,734,261,62,1057,"[734, 261, 62]",leaky_relu,model_1,Int8WeightOnlyConfig,int8,8.0,False,True,onnx_quantized_p99_latency,0.00045975785702466964,onnx,p99_latency,False,3.0
131,734,261,62,1057,"[734, 261, 62]",leaky_relu,model_1,Float8WeightOnlyConfig,float8,8.0,False,True,onnx_quantized_p99_latency,,onnx,p99_latency,False,3.0
132,734,261,62,1057,"[734, 261, 62]",leaky_relu,model_1,Int8WeightOnlyConfig,int8,8.0,False,True,onnx_relative_model_size,2.367691549989446,onnx,model_size,True,3.0
133,734,261,62,1057,"[734, 261, 62]",leaky_relu,model_1,Float8WeightOnlyConfig,float8,8.0,False,True,onnx_relative_model_size,,onnx,model_size,True,3.0
134,734,261,62,1057,"[734, 261, 62]",leaky_relu,model_1,Int8WeightOnlyConfig,int8,8.0,False,True,onnx_relative_median_latency,1.109013264624487,onnx,median_latency,True,3.0
135,734,261,62,1057,"[734, 261, 62]",leaky_relu,model_1,Float8WeightOnlyConfig,float8,8.0,False,True,onnx_relative_median_latency,,onnx,median_latency,True,3.0
136,734,261,62,1057,"[734, 261, 62]",leaky_relu,model_1,Int8WeightOnlyConfig,int8,8.0,False,True,onnx_relative_p95_latency,1.1092478854551233,onnx,p95_latency,True,3.0
137,734,261,62,1057,"[734, 261, 62]",leaky_relu,model_1,Float8WeightOnlyConfig,float8,8.0,False,True,onnx_relative_p95_latency,,onnx,p95_latency,True,3.0
138,734,261,62,1057,"[734, 261, 62]",leaky_relu,model_1,Int8WeightOnlyConfig,int8,8.0,False,True,onnx_relative_p99_latency,1.102528309084144,onnx,p99_latency,True,3.0
139,734,261,62,1057,"[734, 261, 62]",leaky_relu,model_1,Float8WeightOnlyConfig,float8,8.0,False,True,onnx_relative_p99_latency,,onnx,p99_latency,True,3.0
140,734,261,62,1057,"[734, 261, 62]",leaky_relu,model_1,Int8WeightOnlyConfig,int8,8.0,False,True,pt2_quantized_model_size,417057.0,pt2,model_size,False,3.0
141,734,261,62,1057,"[734, 261, 62]",leaky_relu,model_1,Float8WeightOnlyConfig,float8,8.0,False,True,pt2_quantized_model_size,396257.0,pt2,model_size,False,3.0
142,734,261,62,1057,"[734, 261, 62]",leaky_relu,model_1,Int8WeightOnlyConfig,int8,8.0,False,True,pt2_quantized_median_latency,0.0008624736219644547,pt2,median_latency,False,3.0
143,734,261,62,1057,"[734, 261, 62]",leaky_relu,model_1,Float8WeightOnlyConfig,float8,8.0,False,True,pt2_quantized_median_latency,0.0007268059998750687,pt2,median_latency,False,3.0
144,734,261,62,1057,"[734, 261, 62]",leaky_relu,model_1,Int8WeightOnlyConfig,int8,8.0,False,True,pt2_quantized_p95_latency,0.0008825955912470817,pt2,p95_latency,False,3.0
145,734,261,62,1057,"[734, 261, 62]",leaky_relu,model_1,Float8WeightOnlyConfig,float8,8.0,False,True,pt2_quantized_p95_latency,0.0007380256429314613,pt2,p95_latency,False,3.0
146,734,261,62,1057,"[734, 261, 62]",leaky_relu,model_1,Int8WeightOnlyConfig,int8,8.0,False,True,pt2_quantized_p99_latency,0.0010242945328354832,pt2,p99_latency,False,3.0
147,734,261,62,1057,"[734, 261, 62]",leaky_relu,model_1,Float8WeightOnlyConfig,float8,8.0,False,True,pt2_quantized_p99_latency,0.0008635251596570015,pt2,p99_latency,False,3.0
148,734,261,62,1057,"[734, 261, 62]",leaky_relu,model_1,Int8WeightOnlyConfig,int8,8.0,False,True,pt2_relative_model_size,0.36658002965640235,pt2,model_size,True,3.0
149,734,261,62,1057,"[734, 261, 62]",leaky_relu,model_1,Float8WeightOnlyConfig,float8,8.0,False,True,pt2_relative_model_size,0.3482974816669113,pt2,model_size,True,3.0
150,734,261,62,1057,"[734, 261, 62]",leaky_relu,model_1,Int8WeightOnlyConfig,int8,8.0,False,True,pt2_relative_median_latency,1.1471050916991405,pt2,median_latency,True,3.0
151,734,261,62,1057,"[734, 261, 62]",leaky_relu,model_1,Float8WeightOnlyConfig,float8,8.0,False,True,pt2_relative_median_latency,0.9666647673643712,pt2,median_latency,True,3.0
152,734,261,62,1057,"[734, 261, 62]",leaky_relu,model_1,Int8WeightOnlyConfig,int8,8.0,False,True,pt2_relative_p95_latency,1.1472357167500953,pt2,p95_latency,True,3.0
153,734,261,62,1057,"[734, 261, 62]",leaky_relu,model_1,Float8WeightOnlyConfig,float8,8.0,False,True,pt2_relative_p95_latency,0.9593174788603664,pt2,p95_latency,True,3.0
154,734,261,62,1057,"[734, 261, 62]",leaky_relu,model_1,Int8WeightOnlyConfig,int8,8.0,False,True,pt2_relative_p99_latency,1.1049654833125908,pt2,p99_latency,True,3.0
155,734,261,62,1057,"[734, 261, 62]",leaky_relu,model_1,Float8WeightOnlyConfig,float8,8.0,False,True,pt2_relative_p99_latency,0.931534304641489,pt2,p99_latency,True,3.0
156,341,162,52,555,"[341, 162, 52]",elu,model_10,Int8WeightOnlyConfig,int8,8.0,False,True,pytorch_quantized_MAE,9.245605023761795,pytorch,MAE,False,1.0
157,341,162,52,555,"[341, 162, 52]",elu,model_10,Float8WeightOnlyConfig,float8,8.0,False,True,pytorch_quantized_MAE,9.27385369316094,pytorch,MAE,False,1.0
158,341,162,52,555,"[341, 162, 52]",elu,model_10,Int8WeightOnlyConfig,int8,8.0,False,True,pytorch_relative_MAE,1.0005922698205267,pytorch,MAE,True,1.0
159,341,162,52,555,"[341, 162, 52]",elu,model_10,Float8WeightOnlyConfig,float8,8.0,False,True,pytorch_relative_MAE,1.0036494413264319,pytorch,MAE,True,1.0
160,341,162,52,555,"[341, 162, 52]",elu,model_10,Int8WeightOnlyConfig,int8,8.0,False,True,pytorch_quantized_model_size,91895.0,pytorch,model_size,False,1.0
161,341,162,52,555,"[341, 162, 52]",elu,model_10,Float8WeightOnlyConfig,float8,8.0,False,True,pytorch_quantized_model_size,91895.0,pytorch,model_size,False,1.0
162,341,162,52,555,"[341, 162, 52]",elu,model_10,Int8WeightOnlyConfig,int8,8.0,False,True,pytorch_quantized_median_latency,0.0004303343594074249,pytorch,median_latency,False,1.0
163,341,162,52,555,"[341, 162, 52]",elu,model_10,Float8WeightOnlyConfig,float8,8.0,False,True,pytorch_quantized_median_latency,0.000545864924788475,pytorch,median_latency,False,1.0
164,341,162,52,555,"[341, 162, 52]",elu,model_10,Int8WeightOnlyConfig,int8,8.0,False,True,pytorch_quantized_p95_latency,0.00044059082865715026,pytorch,p95_latency,False,1.0
165,341,162,52,555,"[341, 162, 52]",elu,model_10,Float8WeightOnlyConfig,float8,8.0,False,True,pytorch_quantized_p95_latency,0.0006066557019948959,pytorch,p95_latency,False,1.0
166,341,162,52,555,"[341, 162, 52]",elu,model_10,Int8WeightOnlyConfig,int8,8.0,False,True,pytorch_quantized_p99_latency,0.0004417846351861954,pytorch,p99_latency,False,1.0
167,341,162,52,555,"[341, 162, 52]",elu,model_10,Float8WeightOnlyConfig,float8,8.0,False,True,pytorch_quantized_p99_latency,0.0006101967394351959,pytorch,p99_latency,False,1.0
168,341,162,52,555,"[341, 162, 52]",elu,model_10,Int8WeightOnlyConfig,int8,8.0,False,True,pytorch_relative_model_size,0.25,pytorch,model_size,True,1.0
169,341,162,52,555,"[341, 162, 52]",elu,model_10,Float8WeightOnlyConfig,float8,8.0,False,True,pytorch_relative_model_size,0.25,pytorch,model_size,True,1.0
170,341,162,52,555,"[341, 162, 52]",elu,model_10,Int8WeightOnlyConfig,int8,8.0,False,True,pytorch_relative_median_latency,2.6040215504609905,pytorch,median_latency,True,1.0
171,341,162,52,555,"[341, 162, 52]",elu,model_10,Float8WeightOnlyConfig,float8,8.0,False,True,pytorch_relative_median_latency,3.303115349067875,pytorch,median_latency,True,1.0
172,341,162,52,555,"[341, 162, 52]",elu,model_10,Int8WeightOnlyConfig,int8,8.0,False,True,pytorch_relative_p95_latency,2.489993305009453,pytorch,p95_latency,True,1.0
173,341,162,52,555,"[341, 162, 52]",elu,model_10,Float8WeightOnlyConfig,float8,8.0,False,True,pytorch_relative_p95_latency,3.428506764466864,pytorch,p95_latency,True,1.0
174,341,162,52,555,"[341, 162, 52]",elu,model_10,Int8WeightOnlyConfig,int8,8.0,False,True,pytorch_relative_p99_latency,2.417934823164906,pytorch,p99_latency,True,1.0
175,341,162,52,555,"[341, 162, 52]",elu,model_10,Float8WeightOnlyConfig,float8,8.0,False,True,pytorch_relative_p99_latency,3.3396723827668002,pytorch,p99_latency,True,1.0
176,341,162,52,555,"[341, 162, 52]",elu,model_10,Int8WeightOnlyConfig,int8,8.0,False,True,onnx_quantized_model_size,33226.0,onnx,model_size,False,1.0
177,341,162,52,555,"[341, 162, 52]",elu,model_10,Float8WeightOnlyConfig,float8,8.0,False,True,onnx_quantized_model_size,,onnx,model_size,False,1.0
178,341,162,52,555,"[341, 162, 52]",elu,model_10,Int8WeightOnlyConfig,int8,8.0,False,True,onnx_quantized_median_latency,0.00034776516258716583,onnx,median_latency,False,1.0
179,341,162,52,555,"[341, 162, 52]",elu,model_10,Float8WeightOnlyConfig,float8,8.0,False,True,onnx_quantized_median_latency,,onnx,median_latency,False,1.0
180,341,162,52,555,"[341, 162, 52]",elu,model_10,Int8WeightOnlyConfig,int8,8.0,False,True,onnx_quantized_p95_latency,0.0003601184114813805,onnx,p95_latency,False,1.0
181,341,162,52,555,"[341, 162, 52]",elu,model_10,Float8WeightOnlyConfig,float8,8.0,False,True,onnx_quantized_p95_latency,,onnx,p95_latency,False,1.0
182,341,162,52,555,"[341, 162, 52]",elu,model_10,Int8WeightOnlyConfig,int8,8.0,False,True,onnx_quantized_p99_latency,0.0003646932914853096,onnx,p99_latency,False,1.0
183,341,162,52,555,"[341, 162, 52]",elu,model_10,Float8WeightOnlyConfig,float8,8.0,False,True,onnx_quantized_p99_latency,,onnx,p99_latency,False,1.0
184,341,162,52,555,"[341, 162, 52]",elu,model_10,Int8WeightOnlyConfig,int8,8.0,False,True,onnx_relative_model_size,2.4038489364780786,onnx,model_size,True,1.0
185,341,162,52,555,"[341, 162, 52]",elu,model_10,Float8WeightOnlyConfig,float8,8.0,False,True,onnx_relative_model_size,,onnx,model_size,True,1.0
186,341,162,52,555,"[341, 162, 52]",elu,model_10,Int8WeightOnlyConfig,int8,8.0,False,True,onnx_relative_median_latency,1.210781961323459,onnx,median_latency,True,1.0
187,341,162,52,555,"[341, 162, 52]",elu,model_10,Float8WeightOnlyConfig,float8,8.0,False,True,onnx_relative_median_latency,,onnx,median_latency,True,1.0
188,341,162,52,555,"[341, 162, 52]",elu,model_10,Int8WeightOnlyConfig,int8,8.0,False,True,onnx_relative_p95_latency,1.1859032787951131,onnx,p95_latency,True,1.0
189,341,162,52,555,"[341, 162, 52]",elu,model_10,Float8WeightOnlyConfig,float8,8.0,False,True,onnx_relative_p95_latency,,onnx,p95_latency,True,1.0
190,341,162,52,555,"[341, 162, 52]",elu,model_10,Int8WeightOnlyConfig,int8,8.0,False,True,onnx_relative_p99_latency,1.1758901971203746,onnx,p99_latency,True,1.0
191,341,162,52,555,"[341, 162, 52]",elu,model_10,Float8WeightOnlyConfig,float8,8.0,False,True,onnx_relative_p99_latency,,onnx,p99_latency,True,1.0
192,341,162,52,555,"[341, 162, 52]",elu,model_10,Int8WeightOnlyConfig,int8,8.0,False,True,pt2_quantized_model_size,237153.0,pt2,model_size,False,1.0
193,341,162,52,555,"[341, 162, 52]",elu,model_10,Float8WeightOnlyConfig,float8,8.0,False,True,pt2_quantized_model_size,216417.0,pt2,model_size,False,1.0
194,341,162,52,555,"[341, 162, 52]",elu,model_10,Int8WeightOnlyConfig,int8,8.0,False,True,pt2_quantized_median_latency,0.0008934736251831055,pt2,median_latency,False,1.0
195,341,162,52,555,"[341, 162, 52]",elu,model_10,Float8WeightOnlyConfig,float8,8.0,False,True,pt2_quantized_median_latency,0.0007330607622861862,pt2,median_latency,False,1.0
196,341,162,52,555,"[341, 162, 52]",elu,model_10,Int8WeightOnlyConfig,int8,8.0,False,True,pt2_quantized_p95_latency,0.0009048294275999069,pt2,p95_latency,False,1.0
197,341,162,52,555,"[341, 162, 52]",elu,model_10,Float8WeightOnlyConfig,float8,8.0,False,True,pt2_quantized_p95_latency,0.0007507890462875366,pt2,p95_latency,False,1.0
198,341,162,52,555,"[341, 162, 52]",elu,model_10,Int8WeightOnlyConfig,int8,8.0,False,True,pt2_quantized_p99_latency,0.0010342315211892116,pt2,p99_latency,False,1.0
199,341,162,52,555,"[341, 162, 52]",elu,model_10,Float8WeightOnlyConfig,float8,8.0,False,True,pt2_quantized_p99_latency,0.000884641632437706,pt2,p99_latency,False,1.0
200,341,162,52,555,"[341, 162, 52]",elu,model_10,Int8WeightOnlyConfig,int8,8.0,False,True,pt2_relative_model_size,0.5491674018909738,pt2,model_size,True,1.0
201,341,162,52,555,"[341, 162, 52]",elu,model_10,Float8WeightOnlyConfig,float8,8.0,False,True,pt2_relative_model_size,0.5011497287195982,pt2,model_size,True,1.0
202,341,162,52,555,"[341, 162, 52]",elu,model_10,Int8WeightOnlyConfig,int8,8.0,False,True,pt2_relative_median_latency,1.3621970994243717,pt2,median_latency,True,1.0
203,341,162,52,555,"[341, 162, 52]",elu,model_10,Float8WeightOnlyConfig,float8,8.0,False,True,pt2_relative_median_latency,1.1176303540951391,pt2,median_latency,True,1.0
204,341,162,52,555,"[341, 162, 52]",elu,model_10,Int8WeightOnlyConfig,int8,8.0,False,True,pt2_relative_p95_latency,1.3427674338058122,pt2,p95_latency,True,1.0
205,341,162,52,555,"[341, 162, 52]",elu,model_10,Float8WeightOnlyConfig,float8,8.0,False,True,pt2_relative_p95_latency,1.11417141204961,pt2,p95_latency,True,1.0
206,341,162,52,555,"[341, 162, 52]",elu,model_10,Int8WeightOnlyConfig,int8,8.0,False,True,pt2_relative_p99_latency,1.2862485892353783,pt2,p99_latency,True,1.0
207,341,162,52,555,"[341, 162, 52]",elu,model_10,Float8WeightOnlyConfig,float8,8.0,False,True,pt2_relative_p99_latency,1.1002072827885792,pt2,p99_latency,True,1.0
208,341,162,52,555,"[341, 162, 52]",elu,model_10,Int8WeightOnlyConfig,int8,8.0,False,True,pytorch_quantized_MAE,9.263862473495928,pytorch,MAE,False,2.0
209,341,162,52,555,"[341, 162, 52]",elu,model_10,Float8WeightOnlyConfig,float8,8.0,False,True,pytorch_quantized_MAE,9.286460969768822,pytorch,MAE,False,2.0
210,341,162,52,555,"[341, 162, 52]",elu,model_10,Int8WeightOnlyConfig,int8,8.0,False,True,pytorch_relative_MAE,1.000476998829461,pytorch,MAE,True,2.0
211,341,162,52,555,"[341, 162, 52]",elu,model_10,Float8WeightOnlyConfig,float8,8.0,False,True,pytorch_relative_MAE,1.0029175872766503,pytorch,MAE,True,2.0
212,341,162,52,555,"[341, 162, 52]",elu,model_10,Int8WeightOnlyConfig,int8,8.0,False,True,pytorch_quantized_model_size,91895.0,pytorch,model_size,False,2.0
213,341,162,52,555,"[341, 162, 52]",elu,model_10,Float8WeightOnlyConfig,float8,8.0,False,True,pytorch_quantized_model_size,91895.0,pytorch,model_size,False,2.0
214,341,162,52,555,"[341, 162, 52]",elu,model_10,Int8WeightOnlyConfig,int8,8.0,False,True,pytorch_quantized_median_latency,0.00044368207454681396,pytorch,median_latency,False,2.0
215,341,162,52,555,"[341, 162, 52]",elu,model_10,Float8WeightOnlyConfig,float8,8.0,False,True,pytorch_quantized_median_latency,0.0006003063172101974,pytorch,median_latency,False,2.0
216,341,162,52,555,"[341, 162, 52]",elu,model_10,Int8WeightOnlyConfig,int8,8.0,False,True,pytorch_quantized_p95_latency,0.000454961322247982,pytorch,p95_latency,False,2.0
217,341,162,52,555,"[341, 162, 52]",elu,model_10,Float8WeightOnlyConfig,float8,8.0,False,True,pytorch_quantized_p95_latency,0.0006073236465454102,pytorch,p95_latency,False,2.0
218,341,162,52,555,"[341, 162, 52]",elu,model_10,Int8WeightOnlyConfig,int8,8.0,False,True,pytorch_quantized_p99_latency,0.0004668127000331877,pytorch,p99_latency,False,2.0
219,341,162,52,555,"[341, 162, 52]",elu,model_10,Float8WeightOnlyConfig,float8,8.0,False,True,pytorch_quantized_p99_latency,0.0006119803711771965,pytorch,p99_latency,False,2.0
220,341,162,52,555,"[341, 162, 52]",elu,model_10,Int8WeightOnlyConfig,int8,8.0,False,True,pytorch_relative_model_size,0.25,pytorch,model_size,True,2.0
221,341,162,52,555,"[341, 162, 52]",elu,model_10,Float8WeightOnlyConfig,float8,8.0,False,True,pytorch_relative_model_size,0.25,pytorch,model_size,True,2.0
222,341,162,52,555,"[341, 162, 52]",elu,model_10,Int8WeightOnlyConfig,int8,8.0,False,True,pytorch_relative_median_latency,2.6923468176731884,pytorch,median_latency,True,2.0
223,341,162,52,555,"[341, 162, 52]",elu,model_10,Float8WeightOnlyConfig,float8,8.0,False,True,pytorch_relative_median_latency,3.642772371231901,pytorch,median_latency,True,2.0
224,341,162,52,555,"[341, 162, 52]",elu,model_10,Int8WeightOnlyConfig,int8,8.0,False,True,pytorch_relative_p95_latency,2.5765239387175582,pytorch,p95_latency,True,2.0
225,341,162,52,555,"[341, 162, 52]",elu,model_10,Float8WeightOnlyConfig,float8,8.0,False,True,pytorch_relative_p95_latency,3.4393778929202834,pytorch,p95_latency,True,2.0
226,341,162,52,555,"[341, 162, 52]",elu,model_10,Int8WeightOnlyConfig,int8,8.0,False,True,pytorch_relative_p99_latency,2.5754752774344287,pytorch,p99_latency,True,2.0
227,341,162,52,555,"[341, 162, 52]",elu,model_10,Float8WeightOnlyConfig,float8,8.0,False,True,pytorch_relative_p99_latency,3.3763869666141484,pytorch,p99_latency,True,2.0
228,341,162,52,555,"[341, 162, 52]",elu,model_10,Int8WeightOnlyConfig,int8,8.0,False,True,onnx_quantized_model_size,33226.0,onnx,model_size,False,2.0
229,341,162,52,555,"[341, 162, 52]",elu,model_10,Float8WeightOnlyConfig,float8,8.0,False,True,onnx_quantized_model_size,,onnx,model_size,False,2.0
230,341,162,52,555,"[341, 162, 52]",elu,model_10,Int8WeightOnlyConfig,int8,8.0,False,True,onnx_quantized_median_latency,0.0003472045063972473,onnx,median_latency,False,2.0
231,341,162,52,555,"[341, 162, 52]",elu,model_10,Float8WeightOnlyConfig,float8,8.0,False,True,onnx_quantized_median_latency,,onnx,median_latency,False,2.0
232,341,162,52,555,"[341, 162, 52]",elu,model_10,Int8WeightOnlyConfig,int8,8.0,False,True,onnx_quantized_p95_latency,0.00036514606326818464,onnx,p95_latency,False,2.0
233,341,162,52,555,"[341, 162, 52]",elu,model_10,Float8WeightOnlyConfig,float8,8.0,False,True,onnx_quantized_p95_latency,,onnx,p95_latency,False,2.0
234,341,162,52,555,"[341, 162, 52]",elu,model_10,Int8WeightOnlyConfig,int8,8.0,False,True,onnx_quantized_p99_latency,0.00037148378789424896,onnx,p99_latency,False,2.0
235,341,162,52,555,"[341, 162, 52]",elu,model_10,Float8WeightOnlyConfig,float8,8.0,False,True,onnx_quantized_p99_latency,,onnx,p99_latency,False,2.0
236,341,162,52,555,"[341, 162, 52]",elu,model_10,Int8WeightOnlyConfig,int8,8.0,False,True,onnx_relative_model_size,2.4038489364780786,onnx,model_size,True,2.0
237,341,162,52,555,"[341, 162, 52]",elu,model_10,Float8WeightOnlyConfig,float8,8.0,False,True,onnx_relative_model_size,,onnx,model_size,True,2.0
238,341,162,52,555,"[341, 162, 52]",elu,model_10,Int8WeightOnlyConfig,int8,8.0,False,True,onnx_relative_median_latency,1.2093005151094445,onnx,median_latency,True,2.0
239,341,162,52,555,"[341, 162, 52]",elu,model_10,Float8WeightOnlyConfig,float8,8.0,False,True,onnx_relative_median_latency,,onnx,median_latency,True,2.0
240,341,162,52,555,"[341, 162, 52]",elu,model_10,Int8WeightOnlyConfig,int8,8.0,False,True,onnx_relative_p95_latency,1.211708000304107,onnx,p95_latency,True,2.0
241,341,162,52,555,"[341, 162, 52]",elu,model_10,Float8WeightOnlyConfig,float8,8.0,False,True,onnx_relative_p95_latency,,onnx,p95_latency,True,2.0
242,341,162,52,555,"[341, 162, 52]",elu,model_10,Int8WeightOnlyConfig,int8,8.0,False,True,onnx_relative_p99_latency,1.2035311994226106,onnx,p99_latency,True,2.0
243,341,162,52,555,"[341, 162, 52]",elu,model_10,Float8WeightOnlyConfig,float8,8.0,False,True,onnx_relative_p99_latency,,onnx,p99_latency,True,2.0
244,341,162,52,555,"[341, 162, 52]",elu,model_10,Int8WeightOnlyConfig,int8,8.0,False,True,pt2_quantized_model_size,237153.0,pt2,model_size,False,2.0
245,341,162,52,555,"[341, 162, 52]",elu,model_10,Float8WeightOnlyConfig,float8,8.0,False,True,pt2_quantized_model_size,216417.0,pt2,model_size,False,2.0
246,341,162,52,555,"[341, 162, 52]",elu,model_10,Int8WeightOnlyConfig,int8,8.0,False,True,pt2_quantized_median_latency,0.0009017754346132278,pt2,median_latency,False,2.0
247,341,162,52,555,"[341, 162, 52]",elu,model_10,Float8WeightOnlyConfig,float8,8.0,False,True,pt2_quantized_median_latency,0.0007441490888595581,pt2,median_latency,False,2.0
248,341,162,52,555,"[341, 162, 52]",elu,model_10,Int8WeightOnlyConfig,int8,8.0,False,True,pt2_quantized_p95_latency,0.0009482668712735175,pt2,p95_latency,False,2.0
249,341,162,52,555,"[341, 162, 52]",elu,model_10,Float8WeightOnlyConfig,float8,8.0,False,True,pt2_quantized_p95_latency,0.0007637381553649902,pt2,p95_latency,False,2.0
250,341,162,52,555,"[341, 162, 52]",elu,model_10,Int8WeightOnlyConfig,int8,8.0,False,True,pt2_quantized_p99_latency,0.0011447870731353734,pt2,p99_latency,False,2.0
251,341,162,52,555,"[341, 162, 52]",elu,model_10,Float8WeightOnlyConfig,float8,8.0,False,True,pt2_quantized_p99_latency,0.0008791242539882659,pt2,p99_latency,False,2.0
252,341,162,52,555,"[341, 162, 52]",elu,model_10,Int8WeightOnlyConfig,int8,8.0,False,True,pt2_relative_model_size,0.5491674018909738,pt2,model_size,True,2.0
253,341,162,52,555,"[341, 162, 52]",elu,model_10,Float8WeightOnlyConfig,float8,8.0,False,True,pt2_relative_model_size,0.5011497287195982,pt2,model_size,True,2.0
254,341,162,52,555,"[341, 162, 52]",elu,model_10,Int8WeightOnlyConfig,int8,8.0,False,True,pt2_relative_median_latency,1.3875102099305008,pt2,median_latency,True,2.0
255,341,162,52,555,"[341, 162, 52]",elu,model_10,Float8WeightOnlyConfig,float8,8.0,False,True,pt2_relative_median_latency,1.1449795801389984,pt2,median_latency,True,2.0
256,341,162,52,555,"[341, 162, 52]",elu,model_10,Int8WeightOnlyConfig,int8,8.0,False,True,pt2_relative_p95_latency,1.405833180074216,pt2,p95_latency,True,2.0
257,341,162,52,555,"[341, 162, 52]",elu,model_10,Float8WeightOnlyConfig,float8,8.0,False,True,pt2_relative_p95_latency,1.1322639989086847,pt2,p95_latency,True,2.0
258,341,162,52,555,"[341, 162, 52]",elu,model_10,Int8WeightOnlyConfig,int8,8.0,False,True,pt2_relative_p99_latency,1.3826661007045908,pt2,p99_latency,True,2.0
259,341,162,52,555,"[341, 162, 52]",elu,model_10,Float8WeightOnlyConfig,float8,8.0,False,True,pt2_relative_p99_latency,1.0618003407110872,pt2,p99_latency,True,2.0
260,341,162,52,555,"[341, 162, 52]",elu,model_10,Int8WeightOnlyConfig,int8,8.0,False,True,pytorch_quantized_MAE,9.141359876487352,pytorch,MAE,False,3.0
261,341,162,52,555,"[341, 162, 52]",elu,model_10,Float8WeightOnlyConfig,float8,8.0,False,True,pytorch_quantized_MAE,9.172062533819103,pytorch,MAE,False,3.0
262,341,162,52,555,"[341, 162, 52]",elu,model_10,Int8WeightOnlyConfig,int8,8.0,False,True,pytorch_relative_MAE,1.0006159182922403,pytorch,MAE,True,3.0
263,341,162,52,555,"[341, 162, 52]",elu,model_10,Float8WeightOnlyConfig,float8,8.0,False,True,pytorch_relative_MAE,1.003976640118655,pytorch,MAE,True,3.0
264,341,162,52,555,"[341, 162, 52]",elu,model_10,Int8WeightOnlyConfig,int8,8.0,False,True,pytorch_quantized_model_size,91895.0,pytorch,model_size,False,3.0
265,341,162,52,555,"[341, 162, 52]",elu,model_10,Float8WeightOnlyConfig,float8,8.0,False,True,pytorch_quantized_model_size,91895.0,pytorch,model_size,False,3.0
266,341,162,52,555,"[341, 162, 52]",elu,model_10,Int8WeightOnlyConfig,int8,8.0,False,True,pytorch_quantized_median_latency,0.0004313811659812927,pytorch,median_latency,False,3.0
267,341,162,52,555,"[341, 162, 52]",elu,model_10,Float8WeightOnlyConfig,float8,8.0,False,True,pytorch_quantized_median_latency,0.0005286894738674164,pytorch,median_latency,False,3.0
268,341,162,52,555,"[341, 162, 52]",elu,model_10,Int8WeightOnlyConfig,int8,8.0,False,True,pytorch_quantized_p95_latency,0.0004427187144756317,pytorch,p95_latency,False,3.0
269,341,162,52,555,"[341, 162, 52]",elu,model_10,Float8WeightOnlyConfig,float8,8.0,False,True,pytorch_quantized_p95_latency,0.0005368702113628387,pytorch,p95_latency,False,3.0
270,341,162,52,555,"[341, 162, 52]",elu,model_10,Int8WeightOnlyConfig,int8,8.0,False,True,pytorch_quantized_p99_latency,0.00044540055096149446,pytorch,p99_latency,False,3.0
271,341,162,52,555,"[341, 162, 52]",elu,model_10,Float8WeightOnlyConfig,float8,8.0,False,True,pytorch_quantized_p99_latency,0.000545009970664978,pytorch,p99_latency,False,3.0
272,341,162,52,555,"[341, 162, 52]",elu,model_10,Int8WeightOnlyConfig,int8,8.0,False,True,pytorch_relative_model_size,0.25,pytorch,model_size,True,3.0
273,341,162,52,555,"[341, 162, 52]",elu,model_10,Float8WeightOnlyConfig,float8,8.0,False,True,pytorch_relative_model_size,0.25,pytorch,model_size,True,3.0
274,341,162,52,555,"[341, 162, 52]",elu,model_10,Int8WeightOnlyConfig,int8,8.0,False,True,pytorch_relative_median_latency,2.626460114767856,pytorch,median_latency,True,3.0
275,341,162,52,555,"[341, 162, 52]",elu,model_10,Float8WeightOnlyConfig,float8,8.0,False,True,pytorch_relative_median_latency,3.218920819251968,pytorch,median_latency,True,3.0
276,341,162,52,555,"[341, 162, 52]",elu,model_10,Int8WeightOnlyConfig,int8,8.0,False,True,pytorch_relative_p95_latency,2.480143330728142,pytorch,p95_latency,True,3.0
277,341,162,52,555,"[341, 162, 52]",elu,model_10,Float8WeightOnlyConfig,float8,8.0,False,True,pytorch_relative_p95_latency,3.0075870539044995,pytorch,p95_latency,True,3.0
278,341,162,52,555,"[341, 162, 52]",elu,model_10,Int8WeightOnlyConfig,int8,8.0,False,True,pytorch_relative_p99_latency,1.754173893727797,pytorch,p99_latency,True,3.0
279,341,162,52,555,"[341, 162, 52]",elu,model_10,Float8WeightOnlyConfig,float8,8.0,False,True,pytorch_relative_p99_latency,2.146477502773696,pytorch,p99_latency,True,3.0
280,341,162,52,555,"[341, 162, 52]",elu,model_10,Int8WeightOnlyConfig,int8,8.0,False,True,onnx_quantized_model_size,33226.0,onnx,model_size,False,3.0
281,341,162,52,555,"[341, 162, 52]",elu,model_10,Float8WeightOnlyConfig,float8,8.0,False,True,onnx_quantized_model_size,,onnx,model_size,False,3.0
282,341,162,52,555,"[341, 162, 52]",elu,model_10,Int8WeightOnlyConfig,int8,8.0,False,True,onnx_quantized_median_latency,0.00035518035292625427,onnx,median_latency,False,3.0
283,341,162,52,555,"[341, 162, 52]",elu,model_10,Float8WeightOnlyConfig,float8,8.0,False,True,onnx_quantized_median_latency,,onnx,median_latency,False,3.0
284,341,162,52,555,"[341, 162, 52]",elu,model_10,Int8WeightOnlyConfig,int8,8.0,False,True,onnx_quantized_p95_latency,0.0003693427890539169,onnx,p95_latency,False,3.0
285,341,162,52,555,"[341, 162, 52]",elu,model_10,Float8WeightOnlyConfig,float8,8.0,False,True,onnx_quantized_p95_latency,,onnx,p95_latency,False,3.0
286,341,162,52,555,"[341, 162, 52]",elu,model_10,Int8WeightOnlyConfig,int8,8.0,False,True,onnx_quantized_p99_latency,0.0003744173049926758,onnx,p99_latency,False,3.0
287,341,162,52,555,"[341, 162, 52]",elu,model_10,Float8WeightOnlyConfig,float8,8.0,False,True,onnx_quantized_p99_latency,,onnx,p99_latency,False,3.0
288,341,162,52,555,"[341, 162, 52]",elu,model_10,Int8WeightOnlyConfig,int8,8.0,False,True,onnx_relative_model_size,2.4038489364780786,onnx,model_size,True,3.0
289,341,162,52,555,"[341, 162, 52]",elu,model_10,Float8WeightOnlyConfig,float8,8.0,False,True,onnx_relative_model_size,,onnx,model_size,True,3.0
290,341,162,52,555,"[341, 162, 52]",elu,model_10,Int8WeightOnlyConfig,int8,8.0,False,True,onnx_relative_median_latency,1.2465499996731406,onnx,median_latency,True,3.0
291,341,162,52,555,"[341, 162, 52]",elu,model_10,Float8WeightOnlyConfig,float8,8.0,False,True,onnx_relative_median_latency,,onnx,median_latency,True,3.0
292,341,162,52,555,"[341, 162, 52]",elu,model_10,Int8WeightOnlyConfig,int8,8.0,False,True,onnx_relative_p95_latency,1.2320404811863015,onnx,p95_latency,True,3.0
293,341,162,52,555,"[341, 162, 52]",elu,model_10,Float8WeightOnlyConfig,float8,8.0,False,True,onnx_relative_p95_latency,,onnx,p95_latency,True,3.0
294,341,162,52,555,"[341, 162, 52]",elu,model_10,Int8WeightOnlyConfig,int8,8.0,False,True,onnx_relative_p99_latency,1.2285856292458175,onnx,p99_latency,True,3.0
295,341,162,52,555,"[341, 162, 52]",elu,model_10,Float8WeightOnlyConfig,float8,8.0,False,True,onnx_relative_p99_latency,,onnx,p99_latency,True,3.0
296,341,162,52,555,"[341, 162, 52]",elu,model_10,Int8WeightOnlyConfig,int8,8.0,False,True,pt2_quantized_model_size,237153.0,pt2,model_size,False,3.0
297,341,162,52,555,"[341, 162, 52]",elu,model_10,Float8WeightOnlyConfig,float8,8.0,False,True,pt2_quantized_model_size,216417.0,pt2,model_size,False,3.0
298,341,162,52,555,"[341, 162, 52]",elu,model_10,Int8WeightOnlyConfig,int8,8.0,False,True,pt2_quantized_median_latency,0.0008900240063667297,pt2,median_latency,False,3.0
299,341,162,52,555,"[341, 162, 52]",elu,model_10,Float8WeightOnlyConfig,float8,8.0,False,True,pt2_quantized_median_latency,0.0007279179990291595,pt2,median_latency,False,3.0
300,341,162,52,555,"[341, 162, 52]",elu,model_10,Int8WeightOnlyConfig,int8,8.0,False,True,pt2_quantized_p95_latency,0.0009003797546029091,pt2,p95_latency,False,3.0
301,341,162,52,555,"[341, 162, 52]",elu,model_10,Float8WeightOnlyConfig,float8,8.0,False,True,pt2_quantized_p95_latency,0.0007400147616863251,pt2,p95_latency,False,3.0
302,341,162,52,555,"[341, 162, 52]",elu,model_10,Int8WeightOnlyConfig,int8,8.0,False,True,pt2_quantized_p99_latency,0.0010215472429990768,pt2,p99_latency,False,3.0
303,341,162,52,555,"[341, 162, 52]",elu,model_10,Float8WeightOnlyConfig,float8,8.0,False,True,pt2_quantized_p99_latency,0.000892558991909027,pt2,p99_latency,False,3.0
304,341,162,52,555,"[341, 162, 52]",elu,model_10,Int8WeightOnlyConfig,int8,8.0,False,True,pt2_relative_model_size,0.5491674018909738,pt2,model_size,True,3.0
305,341,162,52,555,"[341, 162, 52]",elu,model_10,Float8WeightOnlyConfig,float8,8.0,False,True,pt2_relative_model_size,0.5011497287195982,pt2,model_size,True,3.0
306,341,162,52,555,"[341, 162, 52]",elu,model_10,Int8WeightOnlyConfig,int8,8.0,False,True,pt2_relative_median_latency,1.3743010975357217,pt2,median_latency,True,3.0
307,341,162,52,555,"[341, 162, 52]",elu,model_10,Float8WeightOnlyConfig,float8,8.0,False,True,pt2_relative_median_latency,1.1239904742182647,pt2,median_latency,True,3.0
308,341,162,52,555,"[341, 162, 52]",elu,model_10,Int8WeightOnlyConfig,int8,8.0,False,True,pt2_relative_p95_latency,1.3281625993743134,pt2,p95_latency,True,3.0
309,341,162,52,555,"[341, 162, 52]",elu,model_10,Float8WeightOnlyConfig,float8,8.0,False,True,pt2_relative_p95_latency,1.0916059856211888,pt2,p95_latency,True,3.0
310,341,162,52,555,"[341, 162, 52]",elu,model_10,Int8WeightOnlyConfig,int8,8.0,False,True,pt2_relative_p99_latency,1.3161301785763744,pt2,p99_latency,True,3.0
311,341,162,52,555,"[341, 162, 52]",elu,model_10,Float8WeightOnlyConfig,float8,8.0,False,True,pt2_relative_p99_latency,1.1499456666951604,pt2,p99_latency,True,3.0
312,198,245,183,626,"[198, 245, 183]",gelu,model_11,Int8WeightOnlyConfig,int8,8.0,False,True,pytorch_quantized_MAE,8.652134361518293,pytorch,MAE,False,1.0
313,198,245,183,626,"[198, 245, 183]",gelu,model_11,Float8WeightOnlyConfig,float8,8.0,False,True,pytorch_quantized_MAE,8.63633368448166,pytorch,MAE,False,1.0
314,198,245,183,626,"[198, 245, 183]",gelu,model_11,Int8WeightOnlyConfig,int8,8.0,False,True,pytorch_relative_MAE,1.0004669221833002,pytorch,MAE,True,1.0
315,198,245,183,626,"[198, 245, 183]",gelu,model_11,Float8WeightOnlyConfig,float8,8.0,False,True,pytorch_relative_MAE,0.9986398522300685,pytorch,MAE,True,1.0
316,198,245,183,626,"[198, 245, 183]",gelu,model_11,Int8WeightOnlyConfig,int8,8.0,False,True,pytorch_quantized_model_size,110193.0,pytorch,model_size,False,1.0
317,198,245,183,626,"[198, 245, 183]",gelu,model_11,Float8WeightOnlyConfig,float8,8.0,False,True,pytorch_quantized_model_size,110193.0,pytorch,model_size,False,1.0
318,198,245,183,626,"[198, 245, 183]",gelu,model_11,Int8WeightOnlyConfig,int8,8.0,False,True,pytorch_quantized_median_latency,0.00047644414007663727,pytorch,median_latency,False,1.0
319,198,245,183,626,"[198, 245, 183]",gelu,model_11,Float8WeightOnlyConfig,float8,8.0,False,True,pytorch_quantized_median_latency,0.0005806218832731247,pytorch,median_latency,False,1.0
320,198,245,183,626,"[198, 245, 183]",gelu,model_11,Int8WeightOnlyConfig,int8,8.0,False,True,pytorch_quantized_p95_latency,0.0004872357472777367,pytorch,p95_latency,False,1.0
321,198,245,183,626,"[198, 245, 183]",gelu,model_11,Float8WeightOnlyConfig,float8,8.0,False,True,pytorch_quantized_p95_latency,0.0005887584760785103,pytorch,p95_latency,False,1.0
322,198,245,183,626,"[198, 245, 183]",gelu,model_11,Int8WeightOnlyConfig,int8,8.0,False,True,pytorch_quantized_p99_latency,0.0004883788526058197,pytorch,p99_latency,False,1.0
323,198,245,183,626,"[198, 245, 183]",gelu,model_11,Float8WeightOnlyConfig,float8,8.0,False,True,pytorch_quantized_p99_latency,0.0006299970299005508,pytorch,p99_latency,False,1.0
324,198,245,183,626,"[198, 245, 183]",gelu,model_11,Int8WeightOnlyConfig,int8,8.0,False,True,pytorch_relative_model_size,0.25,pytorch,model_size,True,1.0
325,198,245,183,626,"[198, 245, 183]",gelu,model_11,Float8WeightOnlyConfig,float8,8.0,False,True,pytorch_relative_model_size,0.25,pytorch,model_size,True,1.0
326,198,245,183,626,"[198, 245, 183]",gelu,model_11,Int8WeightOnlyConfig,int8,8.0,False,True,pytorch_relative_median_latency,2.7301050249754515,pytorch,median_latency,True,1.0
327,198,245,183,626,"[198, 245, 183]",gelu,model_11,Float8WeightOnlyConfig,float8,8.0,False,True,pytorch_relative_median_latency,3.3270610084105368,pytorch,median_latency,True,1.0
328,198,245,183,626,"[198, 245, 183]",gelu,model_11,Int8WeightOnlyConfig,int8,8.0,False,True,pytorch_relative_p95_latency,2.6054443044467797,pytorch,p95_latency,True,1.0
329,198,245,183,626,"[198, 245, 183]",gelu,model_11,Float8WeightOnlyConfig,float8,8.0,False,True,pytorch_relative_p95_latency,3.148326917234819,pytorch,p95_latency,True,1.0
330,198,245,183,626,"[198, 245, 183]",gelu,model_11,Int8WeightOnlyConfig,int8,8.0,False,True,pytorch_relative_p99_latency,2.5458329036817213,pytorch,p99_latency,True,1.0
331,198,245,183,626,"[198, 245, 183]",gelu,model_11,Float8WeightOnlyConfig,float8,8.0,False,True,pytorch_relative_p99_latency,3.2840635080427867,pytorch,p99_latency,True,1.0
332,198,245,183,626,"[198, 245, 183]",gelu,model_11,Int8WeightOnlyConfig,int8,8.0,False,True,onnx_quantized_model_size,47763.0,onnx,model_size,False,1.0
333,198,245,183,626,"[198, 245, 183]",gelu,model_11,Float8WeightOnlyConfig,float8,8.0,False,True,onnx_quantized_model_size,,onnx,model_size,False,1.0
334,198,245,183,626,"[198, 245, 183]",gelu,model_11,Int8WeightOnlyConfig,int8,8.0,False,True,onnx_quantized_median_latency,0.00044907256960868835,onnx,median_latency,False,1.0
335,198,245,183,626,"[198, 245, 183]",gelu,model_11,Float8WeightOnlyConfig,float8,8.0,False,True,onnx_quantized_median_latency,,onnx,median_latency,False,1.0
336,198,245,183,626,"[198, 245, 183]",gelu,model_11,Int8WeightOnlyConfig,int8,8.0,False,True,onnx_quantized_p95_latency,0.00046001262962818145,onnx,p95_latency,False,1.0
337,198,245,183,626,"[198, 245, 183]",gelu,model_11,Float8WeightOnlyConfig,float8,8.0,False,True,onnx_quantized_p95_latency,,onnx,p95_latency,False,1.0
338,198,245,183,626,"[198, 245, 183]",gelu,model_11,Int8WeightOnlyConfig,int8,8.0,False,True,onnx_quantized_p99_latency,0.0004654879868030548,onnx,p99_latency,False,1.0
339,198,245,183,626,"[198, 245, 183]",gelu,model_11,Float8WeightOnlyConfig,float8,8.0,False,True,onnx_quantized_p99_latency,,onnx,p99_latency,False,1.0
340,198,245,183,626,"[198, 245, 183]",gelu,model_11,Int8WeightOnlyConfig,int8,8.0,False,True,onnx_relative_model_size,1.6766006739679866,onnx,model_size,True,1.0
341,198,245,183,626,"[198, 245, 183]",gelu,model_11,Float8WeightOnlyConfig,float8,8.0,False,True,onnx_relative_model_size,,onnx,model_size,True,1.0
342,198,245,183,626,"[198, 245, 183]",gelu,model_11,Int8WeightOnlyConfig,int8,8.0,False,True,onnx_relative_median_latency,1.0987485530429393,onnx,median_latency,True,1.0
343,198,245,183,626,"[198, 245, 183]",gelu,model_11,Float8WeightOnlyConfig,float8,8.0,False,True,onnx_relative_median_latency,,onnx,median_latency,True,1.0
344,198,245,183,626,"[198, 245, 183]",gelu,model_11,Int8WeightOnlyConfig,int8,8.0,False,True,onnx_relative_p95_latency,0.987768847577547,onnx,p95_latency,True,1.0
345,198,245,183,626,"[198, 245, 183]",gelu,model_11,Float8WeightOnlyConfig,float8,8.0,False,True,onnx_relative_p95_latency,,onnx,p95_latency,True,1.0
346,198,245,183,626,"[198, 245, 183]",gelu,model_11,Int8WeightOnlyConfig,int8,8.0,False,True,onnx_relative_p99_latency,0.96544349399993,onnx,p99_latency,True,1.0
347,198,245,183,626,"[198, 245, 183]",gelu,model_11,Float8WeightOnlyConfig,float8,8.0,False,True,onnx_relative_p99_latency,,onnx,p99_latency,True,1.0
348,198,245,183,626,"[198, 245, 183]",gelu,model_11,Int8WeightOnlyConfig,int8,8.0,False,True,pt2_quantized_model_size,255841.0,pt2,model_size,False,1.0
349,198,245,183,626,"[198, 245, 183]",gelu,model_11,Float8WeightOnlyConfig,float8,8.0,False,True,pt2_quantized_model_size,235041.0,pt2,model_size,False,1.0
350,198,245,183,626,"[198, 245, 183]",gelu,model_11,Int8WeightOnlyConfig,int8,8.0,False,True,pt2_quantized_median_latency,0.0009069778025150299,pt2,median_latency,False,1.0
351,198,245,183,626,"[198, 245, 183]",gelu,model_11,Float8WeightOnlyConfig,float8,8.0,False,True,pt2_quantized_median_latency,0.000819426029920578,pt2,median_latency,False,1.0
352,198,245,183,626,"[198, 245, 183]",gelu,model_11,Int8WeightOnlyConfig,int8,8.0,False,True,pt2_quantized_p95_latency,0.0009204367175698281,pt2,p95_latency,False,1.0
353,198,245,183,626,"[198, 245, 183]",gelu,model_11,Float8WeightOnlyConfig,float8,8.0,False,True,pt2_quantized_p95_latency,0.0008509906008839606,pt2,p95_latency,False,1.0
354,198,245,183,626,"[198, 245, 183]",gelu,model_11,Int8WeightOnlyConfig,int8,8.0,False,True,pt2_quantized_p99_latency,0.0011162221059203149,pt2,p99_latency,False,1.0
355,198,245,183,626,"[198, 245, 183]",gelu,model_11,Float8WeightOnlyConfig,float8,8.0,False,True,pt2_quantized_p99_latency,0.0010648399591445922,pt2,p99_latency,False,1.0
356,198,245,183,626,"[198, 245, 183]",gelu,model_11,Int8WeightOnlyConfig,int8,8.0,False,True,pt2_relative_model_size,0.5066228640793041,pt2,model_size,True,1.0
357,198,245,183,626,"[198, 245, 183]",gelu,model_11,Float8WeightOnlyConfig,float8,8.0,False,True,pt2_relative_model_size,0.46543417433508977,pt2,model_size,True,1.0
358,198,245,183,626,"[198, 245, 183]",gelu,model_11,Int8WeightOnlyConfig,int8,8.0,False,True,pt2_relative_median_latency,1.224269669701381,pt2,median_latency,True,1.0
359,198,245,183,626,"[198, 245, 183]",gelu,model_11,Float8WeightOnlyConfig,float8,8.0,False,True,pt2_relative_median_latency,1.1060892915060683,pt2,median_latency,True,1.0
360,198,245,183,626,"[198, 245, 183]",gelu,model_11,Int8WeightOnlyConfig,int8,8.0,False,True,pt2_relative_p95_latency,0.7862558994367791,pt2,p95_latency,True,1.0
361,198,245,183,626,"[198, 245, 183]",gelu,model_11,Float8WeightOnlyConfig,float8,8.0,False,True,pt2_relative_p95_latency,0.7269336039492613,pt2,p95_latency,True,1.0
362,198,245,183,626,"[198, 245, 183]",gelu,model_11,Int8WeightOnlyConfig,int8,8.0,False,True,pt2_relative_p99_latency,0.9188845611701826,pt2,p99_latency,True,1.0
363,198,245,183,626,"[198, 245, 183]",gelu,model_11,Float8WeightOnlyConfig,float8,8.0,False,True,pt2_relative_p99_latency,0.8765862935211433,pt2,p99_latency,True,1.0
364,198,245,183,626,"[198, 245, 183]",gelu,model_11,Int8WeightOnlyConfig,int8,8.0,False,True,pytorch_quantized_MAE,8.91859432805403,pytorch,MAE,False,2.0
365,198,245,183,626,"[198, 245, 183]",gelu,model_11,Float8WeightOnlyConfig,float8,8.0,False,True,pytorch_quantized_MAE,8.918345299736016,pytorch,MAE,False,2.0
366,198,245,183,626,"[198, 245, 183]",gelu,model_11,Int8WeightOnlyConfig,int8,8.0,False,True,pytorch_relative_MAE,1.0004762376887573,pytorch,MAE,True,2.0
367,198,245,183,626,"[198, 245, 183]",gelu,model_11,Float8WeightOnlyConfig,float8,8.0,False,True,pytorch_relative_MAE,1.000448302018009,pytorch,MAE,True,2.0
368,198,245,183,626,"[198, 245, 183]",gelu,model_11,Int8WeightOnlyConfig,int8,8.0,False,True,pytorch_quantized_model_size,110193.0,pytorch,model_size,False,2.0
369,198,245,183,626,"[198, 245, 183]",gelu,model_11,Float8WeightOnlyConfig,float8,8.0,False,True,pytorch_quantized_model_size,110193.0,pytorch,model_size,False,2.0
370,198,245,183,626,"[198, 245, 183]",gelu,model_11,Int8WeightOnlyConfig,int8,8.0,False,True,pytorch_quantized_median_latency,0.00041516683995723724,pytorch,median_latency,False,2.0
371,198,245,183,626,"[198, 245, 183]",gelu,model_11,Float8WeightOnlyConfig,float8,8.0,False,True,pytorch_quantized_median_latency,0.0005157925188541412,pytorch,median_latency,False,2.0
372,198,245,183,626,"[198, 245, 183]",gelu,model_11,Int8WeightOnlyConfig,int8,8.0,False,True,pytorch_quantized_p95_latency,0.0004258345812559128,pytorch,p95_latency,False,2.0
373,198,245,183,626,"[198, 245, 183]",gelu,model_11,Float8WeightOnlyConfig,float8,8.0,False,True,pytorch_quantized_p95_latency,0.0005252692848443985,pytorch,p95_latency,False,2.0
374,198,245,183,626,"[198, 245, 183]",gelu,model_11,Int8WeightOnlyConfig,int8,8.0,False,True,pytorch_quantized_p99_latency,0.0004281260818243027,pytorch,p99_latency,False,2.0
375,198,245,183,626,"[198, 245, 183]",gelu,model_11,Float8WeightOnlyConfig,float8,8.0,False,True,pytorch_quantized_p99_latency,0.0005433976277709006,pytorch,p99_latency,False,2.0
376,198,245,183,626,"[198, 245, 183]",gelu,model_11,Int8WeightOnlyConfig,int8,8.0,False,True,pytorch_relative_model_size,0.25,pytorch,model_size,True,2.0
377,198,245,183,626,"[198, 245, 183]",gelu,model_11,Float8WeightOnlyConfig,float8,8.0,False,True,pytorch_relative_model_size,0.25,pytorch,model_size,True,2.0
378,198,245,183,626,"[198, 245, 183]",gelu,model_11,Int8WeightOnlyConfig,int8,8.0,False,True,pytorch_relative_median_latency,2.6442409215474596,pytorch,median_latency,True,2.0
379,198,245,183,626,"[198, 245, 183]",gelu,model_11,Float8WeightOnlyConfig,float8,8.0,False,True,pytorch_relative_median_latency,3.2851363695680544,pytorch,median_latency,True,2.0
380,198,245,183,626,"[198, 245, 183]",gelu,model_11,Int8WeightOnlyConfig,int8,8.0,False,True,pytorch_relative_p95_latency,2.5411565676887546,pytorch,p95_latency,True,2.0
381,198,245,183,626,"[198, 245, 183]",gelu,model_11,Float8WeightOnlyConfig,float8,8.0,False,True,pytorch_relative_p95_latency,3.134530523685562,pytorch,p95_latency,True,2.0
382,198,245,183,626,"[198, 245, 183]",gelu,model_11,Int8WeightOnlyConfig,int8,8.0,False,True,pytorch_relative_p99_latency,2.4961240040685415,pytorch,p99_latency,True,2.0
383,198,245,183,626,"[198, 245, 183]",gelu,model_11,Float8WeightOnlyConfig,float8,8.0,False,True,pytorch_relative_p99_latency,3.1681972204381865,pytorch,p99_latency,True,2.0
384,198,245,183,626,"[198, 245, 183]",gelu,model_11,Int8WeightOnlyConfig,int8,8.0,False,True,onnx_quantized_model_size,47763.0,onnx,model_size,False,2.0
385,198,245,183,626,"[198, 245, 183]",gelu,model_11,Float8WeightOnlyConfig,float8,8.0,False,True,onnx_quantized_model_size,,onnx,model_size,False,2.0
386,198,245,183,626,"[198, 245, 183]",gelu,model_11,Int8WeightOnlyConfig,int8,8.0,False,True,onnx_quantized_median_latency,0.00046973489224910736,onnx,median_latency,False,2.0
387,198,245,183,626,"[198, 245, 183]",gelu,model_11,Float8WeightOnlyConfig,float8,8.0,False,True,onnx_quantized_median_latency,,onnx,median_latency,False,2.0
388,198,245,183,626,"[198, 245, 183]",gelu,model_11,Int8WeightOnlyConfig,int8,8.0,False,True,onnx_quantized_p95_latency,0.00048630964010953903,onnx,p95_latency,False,2.0
389,198,245,183,626,"[198, 245, 183]",gelu,model_11,Float8WeightOnlyConfig,float8,8.0,False,True,onnx_quantized_p95_latency,,onnx,p95_latency,False,2.0
390,198,245,183,626,"[198, 245, 183]",gelu,model_11,Int8WeightOnlyConfig,int8,8.0,False,True,onnx_quantized_p99_latency,0.0004909857735037803,onnx,p99_latency,False,2.0
391,198,245,183,626,"[198, 245, 183]",gelu,model_11,Float8WeightOnlyConfig,float8,8.0,False,True,onnx_quantized_p99_latency,,onnx,p99_latency,False,2.0
392,198,245,183,626,"[198, 245, 183]",gelu,model_11,Int8WeightOnlyConfig,int8,8.0,False,True,onnx_relative_model_size,1.6766006739679866,onnx,model_size,True,2.0
393,198,245,183,626,"[198, 245, 183]",gelu,model_11,Float8WeightOnlyConfig,float8,8.0,False,True,onnx_relative_model_size,,onnx,model_size,True,2.0
394,198,245,183,626,"[198, 245, 183]",gelu,model_11,Int8WeightOnlyConfig,int8,8.0,False,True,onnx_relative_median_latency,1.1494865331759279,onnx,median_latency,True,2.0
395,198,245,183,626,"[198, 245, 183]",gelu,model_11,Float8WeightOnlyConfig,float8,8.0,False,True,onnx_relative_median_latency,,onnx,median_latency,True,2.0
396,198,245,183,626,"[198, 245, 183]",gelu,model_11,Int8WeightOnlyConfig,int8,8.0,False,True,onnx_relative_p95_latency,1.1326276033769882,onnx,p95_latency,True,2.0
397,198,245,183,626,"[198, 245, 183]",gelu,model_11,Float8WeightOnlyConfig,float8,8.0,False,True,onnx_relative_p95_latency,,onnx,p95_latency,True,2.0
398,198,245,183,626,"[198, 245, 183]",gelu,model_11,Int8WeightOnlyConfig,int8,8.0,False,True,onnx_relative_p99_latency,1.1272197180590622,onnx,p99_latency,True,2.0
399,198,245,183,626,"[198, 245, 183]",gelu,model_11,Float8WeightOnlyConfig,float8,8.0,False,True,onnx_relative_p99_latency,,onnx,p99_latency,True,2.0
400,198,245,183,626,"[198, 245, 183]",gelu,model_11,Int8WeightOnlyConfig,int8,8.0,False,True,pt2_quantized_model_size,255841.0,pt2,model_size,False,2.0
401,198,245,183,626,"[198, 245, 183]",gelu,model_11,Float8WeightOnlyConfig,float8,8.0,False,True,pt2_quantized_model_size,235041.0,pt2,model_size,False,2.0
402,198,245,183,626,"[198, 245, 183]",gelu,model_11,Int8WeightOnlyConfig,int8,8.0,False,True,pt2_quantized_median_latency,0.000870782881975174,pt2,median_latency,False,2.0
403,198,245,183,626,"[198, 245, 183]",gelu,model_11,Float8WeightOnlyConfig,float8,8.0,False,True,pt2_quantized_median_latency,0.0007269233465194702,pt2,median_latency,False,2.0
404,198,245,183,626,"[198, 245, 183]",gelu,model_11,Int8WeightOnlyConfig,int8,8.0,False,True,pt2_quantized_p95_latency,0.0008860444650053978,pt2,p95_latency,False,2.0
405,198,245,183,626,"[198, 245, 183]",gelu,model_11,Float8WeightOnlyConfig,float8,8.0,False,True,pt2_quantized_p95_latency,0.0007392207160592079,pt2,p95_latency,False,2.0
406,198,245,183,626,"[198, 245, 183]",gelu,model_11,Int8WeightOnlyConfig,int8,8.0,False,True,pt2_quantized_p99_latency,0.0010004221275448798,pt2,p99_latency,False,2.0
407,198,245,183,626,"[198, 245, 183]",gelu,model_11,Float8WeightOnlyConfig,float8,8.0,False,True,pt2_quantized_p99_latency,0.0009076365828514099,pt2,p99_latency,False,2.0
408,198,245,183,626,"[198, 245, 183]",gelu,model_11,Int8WeightOnlyConfig,int8,8.0,False,True,pt2_relative_model_size,0.5066228640793041,pt2,model_size,True,2.0
409,198,245,183,626,"[198, 245, 183]",gelu,model_11,Float8WeightOnlyConfig,float8,8.0,False,True,pt2_relative_model_size,0.46543417433508977,pt2,model_size,True,2.0
410,198,245,183,626,"[198, 245, 183]",gelu,model_11,Int8WeightOnlyConfig,int8,8.0,False,True,pt2_relative_median_latency,1.2064495650311355,pt2,median_latency,True,2.0
411,198,245,183,626,"[198, 245, 183]",gelu,model_11,Float8WeightOnlyConfig,float8,8.0,False,True,pt2_relative_median_latency,1.0071355022851671,pt2,median_latency,True,2.0
412,198,245,183,626,"[198, 245, 183]",gelu,model_11,Int8WeightOnlyConfig,int8,8.0,False,True,pt2_relative_p95_latency,1.1810010112051863,pt2,p95_latency,True,2.0
413,198,245,183,626,"[198, 245, 183]",gelu,model_11,Float8WeightOnlyConfig,float8,8.0,False,True,pt2_relative_p95_latency,0.9853009049206441,pt2,p95_latency,True,2.0
414,198,245,183,626,"[198, 245, 183]",gelu,model_11,Int8WeightOnlyConfig,int8,8.0,False,True,pt2_relative_p99_latency,1.1315376991492296,pt2,p99_latency,True,2.0
415,198,245,183,626,"[198, 245, 183]",gelu,model_11,Float8WeightOnlyConfig,float8,8.0,False,True,pt2_relative_p99_latency,1.026591658007165,pt2,p99_latency,True,2.0
416,198,245,183,626,"[198, 245, 183]",gelu,model_11,Int8WeightOnlyConfig,int8,8.0,False,True,pytorch_quantized_MAE,8.87924994596982,pytorch,MAE,False,3.0
417,198,245,183,626,"[198, 245, 183]",gelu,model_11,Float8WeightOnlyConfig,float8,8.0,False,True,pytorch_quantized_MAE,8.8751832167158,pytorch,MAE,False,3.0
418,198,245,183,626,"[198, 245, 183]",gelu,model_11,Int8WeightOnlyConfig,int8,8.0,False,True,pytorch_relative_MAE,1.0005873822225897,pytorch,MAE,True,3.0
419,198,245,183,626,"[198, 245, 183]",gelu,model_11,Float8WeightOnlyConfig,float8,8.0,False,True,pytorch_relative_MAE,1.0001291095077494,pytorch,MAE,True,3.0
420,198,245,183,626,"[198, 245, 183]",gelu,model_11,Int8WeightOnlyConfig,int8,8.0,False,True,pytorch_quantized_model_size,110193.0,pytorch,model_size,False,3.0
421,198,245,183,626,"[198, 245, 183]",gelu,model_11,Float8WeightOnlyConfig,float8,8.0,False,True,pytorch_quantized_model_size,110193.0,pytorch,model_size,False,3.0
422,198,245,183,626,"[198, 245, 183]",gelu,model_11,Int8WeightOnlyConfig,int8,8.0,False,True,pytorch_quantized_median_latency,0.0004065670073032379,pytorch,median_latency,False,3.0
423,198,245,183,626,"[198, 245, 183]",gelu,model_11,Float8WeightOnlyConfig,float8,8.0,False,True,pytorch_quantized_median_latency,0.000491095706820488,pytorch,median_latency,False,3.0
424,198,245,183,626,"[198, 245, 183]",gelu,model_11,Int8WeightOnlyConfig,int8,8.0,False,True,pytorch_quantized_p95_latency,0.0004190655425190925,pytorch,p95_latency,False,3.0
425,198,245,183,626,"[198, 245, 183]",gelu,model_11,Float8WeightOnlyConfig,float8,8.0,False,True,pytorch_quantized_p95_latency,0.0005003519356250763,pytorch,p95_latency,False,3.0
426,198,245,183,626,"[198, 245, 183]",gelu,model_11,Int8WeightOnlyConfig,int8,8.0,False,True,pytorch_quantized_p99_latency,0.0004285033047199249,pytorch,p99_latency,False,3.0
427,198,245,183,626,"[198, 245, 183]",gelu,model_11,Float8WeightOnlyConfig,float8,8.0,False,True,pytorch_quantized_p99_latency,0.0005171741545200347,pytorch,p99_latency,False,3.0
428,198,245,183,626,"[198, 245, 183]",gelu,model_11,Int8WeightOnlyConfig,int8,8.0,False,True,pytorch_relative_model_size,0.25,pytorch,model_size,True,3.0
429,198,245,183,626,"[198, 245, 183]",gelu,model_11,Float8WeightOnlyConfig,float8,8.0,False,True,pytorch_relative_model_size,0.25,pytorch,model_size,True,3.0
430,198,245,183,626,"[198, 245, 183]",gelu,model_11,Int8WeightOnlyConfig,int8,8.0,False,True,pytorch_relative_median_latency,2.422359834864829,pytorch,median_latency,True,3.0
431,198,245,183,626,"[198, 245, 183]",gelu,model_11,Float8WeightOnlyConfig,float8,8.0,False,True,pytorch_relative_median_latency,2.925988813423891,pytorch,median_latency,True,3.0
432,198,245,183,626,"[198, 245, 183]",gelu,model_11,Int8WeightOnlyConfig,int8,8.0,False,True,pytorch_relative_p95_latency,2.336120955239874,pytorch,p95_latency,True,3.0
433,198,245,183,626,"[198, 245, 183]",gelu,model_11,Float8WeightOnlyConfig,float8,8.0,False,True,pytorch_relative_p95_latency,2.789259729593061,pytorch,p95_latency,True,3.0
434,198,245,183,626,"[198, 245, 183]",gelu,model_11,Int8WeightOnlyConfig,int8,8.0,False,True,pytorch_relative_p99_latency,2.31849369186909,pytorch,p99_latency,True,3.0
435,198,245,183,626,"[198, 245, 183]",gelu,model_11,Float8WeightOnlyConfig,float8,8.0,False,True,pytorch_relative_p99_latency,2.7982631677395218,pytorch,p99_latency,True,3.0
436,198,245,183,626,"[198, 245, 183]",gelu,model_11,Int8WeightOnlyConfig,int8,8.0,False,True,onnx_quantized_model_size,47763.0,onnx,model_size,False,3.0
437,198,245,183,626,"[198, 245, 183]",gelu,model_11,Float8WeightOnlyConfig,float8,8.0,False,True,onnx_quantized_model_size,,onnx,model_size,False,3.0
438,198,245,183,626,"[198, 245, 183]",gelu,model_11,Int8WeightOnlyConfig,int8,8.0,False,True,onnx_quantized_median_latency,0.00045940838754177094,onnx,median_latency,False,3.0
439,198,245,183,626,"[198, 245, 183]",gelu,model_11,Float8WeightOnlyConfig,float8,8.0,False,True,onnx_quantized_median_latency,,onnx,median_latency,False,3.0
440,198,245,183,626,"[198, 245, 183]",gelu,model_11,Int8WeightOnlyConfig,int8,8.0,False,True,onnx_quantized_p95_latency,0.0005336614325642586,onnx,p95_latency,False,3.0
441,198,245,183,626,"[198, 245, 183]",gelu,model_11,Float8WeightOnlyConfig,float8,8.0,False,True,onnx_quantized_p95_latency,,onnx,p95_latency,False,3.0
442,198,245,183,626,"[198, 245, 183]",gelu,model_11,Int8WeightOnlyConfig,int8,8.0,False,True,onnx_quantized_p99_latency,0.000541779138147831,onnx,p99_latency,False,3.0
443,198,245,183,626,"[198, 245, 183]",gelu,model_11,Float8WeightOnlyConfig,float8,8.0,False,True,onnx_quantized_p99_latency,,onnx,p99_latency,False,3.0
444,198,245,183,626,"[198, 245, 183]",gelu,model_11,Int8WeightOnlyConfig,int8,8.0,False,True,onnx_relative_model_size,1.6766006739679866,onnx,model_size,True,3.0
445,198,245,183,626,"[198, 245, 183]",gelu,model_11,Float8WeightOnlyConfig,float8,8.0,False,True,onnx_relative_model_size,,onnx,model_size,True,3.0
446,198,245,183,626,"[198, 245, 183]",gelu,model_11,Int8WeightOnlyConfig,int8,8.0,False,True,onnx_relative_median_latency,1.1475717223602542,onnx,median_latency,True,3.0
447,198,245,183,626,"[198, 245, 183]",gelu,model_11,Float8WeightOnlyConfig,float8,8.0,False,True,onnx_relative_median_latency,,onnx,median_latency,True,3.0
448,198,245,183,626,"[198, 245, 183]",gelu,model_11,Int8WeightOnlyConfig,int8,8.0,False,True,onnx_relative_p95_latency,1.2966114274490848,onnx,p95_latency,True,3.0
449,198,245,183,626,"[198, 245, 183]",gelu,model_11,Float8WeightOnlyConfig,float8,8.0,False,True,onnx_relative_p95_latency,,onnx,p95_latency,True,3.0
450,198,245,183,626,"[198, 245, 183]",gelu,model_11,Int8WeightOnlyConfig,int8,8.0,False,True,onnx_relative_p99_latency,1.2918568003218436,onnx,p99_latency,True,3.0
451,198,245,183,626,"[198, 245, 183]",gelu,model_11,Float8WeightOnlyConfig,float8,8.0,False,True,onnx_relative_p99_latency,,onnx,p99_latency,True,3.0
452,198,245,183,626,"[198, 245, 183]",gelu,model_11,Int8WeightOnlyConfig,int8,8.0,False,True,pt2_quantized_model_size,255841.0,pt2,model_size,False,3.0
453,198,245,183,626,"[198, 245, 183]",gelu,model_11,Float8WeightOnlyConfig,float8,8.0,False,True,pt2_quantized_model_size,235041.0,pt2,model_size,False,3.0
454,198,245,183,626,"[198, 245, 183]",gelu,model_11,Int8WeightOnlyConfig,int8,8.0,False,True,pt2_quantized_median_latency,0.000871831551194191,pt2,median_latency,False,3.0
455,198,245,183,626,"[198, 245, 183]",gelu,model_11,Float8WeightOnlyConfig,float8,8.0,False,True,pt2_quantized_median_latency,0.0007053297013044357,pt2,median_latency,False,3.0
456,198,245,183,626,"[198, 245, 183]",gelu,model_11,Int8WeightOnlyConfig,int8,8.0,False,True,pt2_quantized_p95_latency,0.0008908435702323914,pt2,p95_latency,False,3.0
457,198,245,183,626,"[198, 245, 183]",gelu,model_11,Float8WeightOnlyConfig,float8,8.0,False,True,pt2_quantized_p95_latency,0.0007206369191408157,pt2,p95_latency,False,3.0
458,198,245,183,626,"[198, 245, 183]",gelu,model_11,Int8WeightOnlyConfig,int8,8.0,False,True,pt2_quantized_p99_latency,0.0010813107714056967,pt2,p99_latency,False,3.0
459,198,245,183,626,"[198, 245, 183]",gelu,model_11,Float8WeightOnlyConfig,float8,8.0,False,True,pt2_quantized_p99_latency,0.0008469639346003532,pt2,p99_latency,False,3.0
460,198,245,183,626,"[198, 245, 183]",gelu,model_11,Int8WeightOnlyConfig,int8,8.0,False,True,pt2_relative_model_size,0.5066228640793041,pt2,model_size,True,3.0
461,198,245,183,626,"[198, 245, 183]",gelu,model_11,Float8WeightOnlyConfig,float8,8.0,False,True,pt2_relative_model_size,0.46543417433508977,pt2,model_size,True,3.0
462,198,245,183,626,"[198, 245, 183]",gelu,model_11,Int8WeightOnlyConfig,int8,8.0,False,True,pt2_relative_median_latency,1.1961600089955866,pt2,median_latency,True,3.0
463,198,245,183,626,"[198, 245, 183]",gelu,model_11,Float8WeightOnlyConfig,float8,8.0,False,True,pt2_relative_median_latency,0.9677181110290491,pt2,median_latency,True,3.0
464,198,245,183,626,"[198, 245, 183]",gelu,model_11,Int8WeightOnlyConfig,int8,8.0,False,True,pt2_relative_p95_latency,0.7628094126421112,pt2,p95_latency,True,3.0
465,198,245,183,626,"[198, 245, 183]",gelu,model_11,Float8WeightOnlyConfig,float8,8.0,False,True,pt2_relative_p95_latency,0.617065266435751,pt2,p95_latency,True,3.0
466,198,245,183,626,"[198, 245, 183]",gelu,model_11,Int8WeightOnlyConfig,int8,8.0,False,True,pt2_relative_p99_latency,0.9150485276973199,pt2,p99_latency,True,3.0
467,198,245,183,626,"[198, 245, 183]",gelu,model_11,Float8WeightOnlyConfig,float8,8.0,False,True,pt2_relative_p99_latency,0.7167348387376837,pt2,p99_latency,True,3.0
468,596,64,107,767,"[596, 64, 107]",gelu,model_12,Int8WeightOnlyConfig,int8,8.0,False,True,pytorch_quantized_MAE,8.761585267893235,pytorch,MAE,False,1.0
469,596,64,107,767,"[596, 64, 107]",gelu,model_12,Float8WeightOnlyConfig,float8,8.0,False,True,pytorch_quantized_MAE,8.75191810729923,pytorch,MAE,False,1.0
470,596,64,107,767,"[596, 64, 107]",gelu,model_12,Int8WeightOnlyConfig,int8,8.0,False,True,pytorch_relative_MAE,1.0006459632148414,pytorch,MAE,True,1.0
471,596,64,107,767,"[596, 64, 107]",gelu,model_12,Float8WeightOnlyConfig,float8,8.0,False,True,pytorch_relative_MAE,0.9995418930119766,pytorch,MAE,True,1.0
472,596,64,107,767,"[596, 64, 107]",gelu,model_12,Int8WeightOnlyConfig,int8,8.0,False,True,pytorch_quantized_model_size,94143.0,pytorch,model_size,False,1.0
473,596,64,107,767,"[596, 64, 107]",gelu,model_12,Float8WeightOnlyConfig,float8,8.0,False,True,pytorch_quantized_model_size,94143.0,pytorch,model_size,False,1.0
474,596,64,107,767,"[596, 64, 107]",gelu,model_12,Int8WeightOnlyConfig,int8,8.0,False,True,pytorch_quantized_median_latency,0.00040684454143047333,pytorch,median_latency,False,1.0
475,596,64,107,767,"[596, 64, 107]",gelu,model_12,Float8WeightOnlyConfig,float8,8.0,False,True,pytorch_quantized_median_latency,0.0005008485168218613,pytorch,median_latency,False,1.0
476,596,64,107,767,"[596, 64, 107]",gelu,model_12,Int8WeightOnlyConfig,int8,8.0,False,True,pytorch_quantized_p95_latency,0.0004195250570774078,pytorch,p95_latency,False,1.0
477,596,64,107,767,"[596, 64, 107]",gelu,model_12,Float8WeightOnlyConfig,float8,8.0,False,True,pytorch_quantized_p95_latency,0.0005090581253170967,pytorch,p95_latency,False,1.0
478,596,64,107,767,"[596, 64, 107]",gelu,model_12,Int8WeightOnlyConfig,int8,8.0,False,True,pytorch_quantized_p99_latency,0.0004242471605539322,pytorch,p99_latency,False,1.0
479,596,64,107,767,"[596, 64, 107]",gelu,model_12,Float8WeightOnlyConfig,float8,8.0,False,True,pytorch_quantized_p99_latency,0.0005119743943214416,pytorch,p99_latency,False,1.0
480,596,64,107,767,"[596, 64, 107]",gelu,model_12,Int8WeightOnlyConfig,int8,8.0,False,True,pytorch_relative_model_size,0.25,pytorch,model_size,True,1.0
481,596,64,107,767,"[596, 64, 107]",gelu,model_12,Float8WeightOnlyConfig,float8,8.0,False,True,pytorch_relative_model_size,0.25,pytorch,model_size,True,1.0
482,596,64,107,767,"[596, 64, 107]",gelu,model_12,Int8WeightOnlyConfig,int8,8.0,False,True,pytorch_relative_median_latency,2.40930750733526,pytorch,median_latency,True,1.0
483,596,64,107,767,"[596, 64, 107]",gelu,model_12,Float8WeightOnlyConfig,float8,8.0,False,True,pytorch_relative_median_latency,2.9659930728672594,pytorch,median_latency,True,1.0
484,596,64,107,767,"[596, 64, 107]",gelu,model_12,Int8WeightOnlyConfig,int8,8.0,False,True,pytorch_relative_p95_latency,2.3180001234999894,pytorch,p95_latency,True,1.0
485,596,64,107,767,"[596, 64, 107]",gelu,model_12,Float8WeightOnlyConfig,float8,8.0,False,True,pytorch_relative_p95_latency,2.8126968281085976,pytorch,p95_latency,True,1.0
486,596,64,107,767,"[596, 64, 107]",gelu,model_12,Int8WeightOnlyConfig,int8,8.0,False,True,pytorch_relative_p99_latency,2.169445902811062,pytorch,p99_latency,True,1.0
487,596,64,107,767,"[596, 64, 107]",gelu,model_12,Float8WeightOnlyConfig,float8,8.0,False,True,pytorch_relative_p99_latency,2.6180511158981092,pytorch,p99_latency,True,1.0
488,596,64,107,767,"[596, 64, 107]",gelu,model_12,Int8WeightOnlyConfig,int8,8.0,False,True,onnx_quantized_model_size,46851.0,onnx,model_size,False,1.0
489,596,64,107,767,"[596, 64, 107]",gelu,model_12,Float8WeightOnlyConfig,float8,8.0,False,True,onnx_quantized_model_size,,onnx,model_size,False,1.0
490,596,64,107,767,"[596, 64, 107]",gelu,model_12,Int8WeightOnlyConfig,int8,8.0,False,True,onnx_quantized_median_latency,0.00046798400580883026,onnx,median_latency,False,1.0
491,596,64,107,767,"[596, 64, 107]",gelu,model_12,Float8WeightOnlyConfig,float8,8.0,False,True,onnx_quantized_median_latency,,onnx,median_latency,False,1.0
492,596,64,107,767,"[596, 64, 107]",gelu,model_12,Int8WeightOnlyConfig,int8,8.0,False,True,onnx_quantized_p95_latency,0.0004766184836626053,onnx,p95_latency,False,1.0
493,596,64,107,767,"[596, 64, 107]",gelu,model_12,Float8WeightOnlyConfig,float8,8.0,False,True,onnx_quantized_p95_latency,,onnx,p95_latency,False,1.0
494,596,64,107,767,"[596, 64, 107]",gelu,model_12,Int8WeightOnlyConfig,int8,8.0,False,True,onnx_quantized_p99_latency,0.00048252083361148833,onnx,p99_latency,False,1.0
495,596,64,107,767,"[596, 64, 107]",gelu,model_12,Float8WeightOnlyConfig,float8,8.0,False,True,onnx_quantized_p99_latency,,onnx,p99_latency,False,1.0
496,596,64,107,767,"[596, 64, 107]",gelu,model_12,Int8WeightOnlyConfig,int8,8.0,False,True,onnx_relative_model_size,1.6348885089157972,onnx,model_size,True,1.0
497,596,64,107,767,"[596, 64, 107]",gelu,model_12,Float8WeightOnlyConfig,float8,8.0,False,True,onnx_relative_model_size,,onnx,model_size,True,1.0
498,596,64,107,767,"[596, 64, 107]",gelu,model_12,Int8WeightOnlyConfig,int8,8.0,False,True,onnx_relative_median_latency,1.288162097588737,onnx,median_latency,True,1.0
499,596,64,107,767,"[596, 64, 107]",gelu,model_12,Float8WeightOnlyConfig,float8,8.0,False,True,onnx_relative_median_latency,,onnx,median_latency,True,1.0
500,596,64,107,767,"[596, 64, 107]",gelu,model_12,Int8WeightOnlyConfig,int8,8.0,False,True,onnx_relative_p95_latency,1.2807693347254743,onnx,p95_latency,True,1.0
501,596,64,107,767,"[596, 64, 107]",gelu,model_12,Float8WeightOnlyConfig,float8,8.0,False,True,onnx_relative_p95_latency,,onnx,p95_latency,True,1.0
502,596,64,107,767,"[596, 64, 107]",gelu,model_12,Int8WeightOnlyConfig,int8,8.0,False,True,onnx_relative_p99_latency,1.2838868976345486,onnx,p99_latency,True,1.0
503,596,64,107,767,"[596, 64, 107]",gelu,model_12,Float8WeightOnlyConfig,float8,8.0,False,True,onnx_relative_p99_latency,,onnx,p99_latency,True,1.0
504,596,64,107,767,"[596, 64, 107]",gelu,model_12,Int8WeightOnlyConfig,int8,8.0,False,True,pt2_quantized_model_size,240737.0,pt2,model_size,False,1.0
505,596,64,107,767,"[596, 64, 107]",gelu,model_12,Float8WeightOnlyConfig,float8,8.0,False,True,pt2_quantized_model_size,220001.0,pt2,model_size,False,1.0
506,596,64,107,767,"[596, 64, 107]",gelu,model_12,Int8WeightOnlyConfig,int8,8.0,False,True,pt2_quantized_median_latency,0.0008741114288568497,pt2,median_latency,False,1.0
507,596,64,107,767,"[596, 64, 107]",gelu,model_12,Float8WeightOnlyConfig,float8,8.0,False,True,pt2_quantized_median_latency,0.0007125772535800934,pt2,median_latency,False,1.0
508,596,64,107,767,"[596, 64, 107]",gelu,model_12,Int8WeightOnlyConfig,int8,8.0,False,True,pt2_quantized_p95_latency,0.0008882682770490646,pt2,p95_latency,False,1.0
509,596,64,107,767,"[596, 64, 107]",gelu,model_12,Float8WeightOnlyConfig,float8,8.0,False,True,pt2_quantized_p95_latency,0.0007232412695884705,pt2,p95_latency,False,1.0
510,596,64,107,767,"[596, 64, 107]",gelu,model_12,Int8WeightOnlyConfig,int8,8.0,False,True,pt2_quantized_p99_latency,0.0010116874054074286,pt2,p99_latency,False,1.0
511,596,64,107,767,"[596, 64, 107]",gelu,model_12,Float8WeightOnlyConfig,float8,8.0,False,True,pt2_quantized_p99_latency,0.000836663320660591,pt2,p99_latency,False,1.0
512,596,64,107,767,"[596, 64, 107]",gelu,model_12,Int8WeightOnlyConfig,int8,8.0,False,True,pt2_relative_model_size,0.5461353309089589,pt2,model_size,True,1.0
513,596,64,107,767,"[596, 64, 107]",gelu,model_12,Float8WeightOnlyConfig,float8,8.0,False,True,pt2_relative_model_size,0.4990936953409815,pt2,model_size,True,1.0
514,596,64,107,767,"[596, 64, 107]",gelu,model_12,Int8WeightOnlyConfig,int8,8.0,False,True,pt2_relative_median_latency,1.4890987380492278,pt2,median_latency,True,1.0
515,596,64,107,767,"[596, 64, 107]",gelu,model_12,Float8WeightOnlyConfig,float8,8.0,False,True,pt2_relative_median_latency,1.21391604552796,pt2,median_latency,True,1.0
516,596,64,107,767,"[596, 64, 107]",gelu,model_12,Int8WeightOnlyConfig,int8,8.0,False,True,pt2_relative_p95_latency,1.4854151378061404,pt2,p95_latency,True,1.0
517,596,64,107,767,"[596, 64, 107]",gelu,model_12,Float8WeightOnlyConfig,float8,8.0,False,True,pt2_relative_p95_latency,1.2094471432682998,pt2,p95_latency,True,1.0
518,596,64,107,767,"[596, 64, 107]",gelu,model_12,Int8WeightOnlyConfig,int8,8.0,False,True,pt2_relative_p99_latency,1.3514242458970878,pt2,p99_latency,True,1.0
519,596,64,107,767,"[596, 64, 107]",gelu,model_12,Float8WeightOnlyConfig,float8,8.0,False,True,pt2_relative_p99_latency,1.117624961178735,pt2,p99_latency,True,1.0
520,596,64,107,767,"[596, 64, 107]",gelu,model_12,Int8WeightOnlyConfig,int8,8.0,False,True,pytorch_quantized_MAE,8.787317191668535,pytorch,MAE,False,2.0
521,596,64,107,767,"[596, 64, 107]",gelu,model_12,Float8WeightOnlyConfig,float8,8.0,False,True,pytorch_quantized_MAE,8.76693002480106,pytorch,MAE,False,2.0
522,596,64,107,767,"[596, 64, 107]",gelu,model_12,Int8WeightOnlyConfig,int8,8.0,False,True,pytorch_relative_MAE,1.001035970046476,pytorch,MAE,True,2.0
523,596,64,107,767,"[596, 64, 107]",gelu,model_12,Float8WeightOnlyConfig,float8,8.0,False,True,pytorch_relative_MAE,0.9987134992722296,pytorch,MAE,True,2.0
524,596,64,107,767,"[596, 64, 107]",gelu,model_12,Int8WeightOnlyConfig,int8,8.0,False,True,pytorch_quantized_model_size,94143.0,pytorch,model_size,False,2.0
525,596,64,107,767,"[596, 64, 107]",gelu,model_12,Float8WeightOnlyConfig,float8,8.0,False,True,pytorch_quantized_model_size,94143.0,pytorch,model_size,False,2.0
526,596,64,107,767,"[596, 64, 107]",gelu,model_12,Int8WeightOnlyConfig,int8,8.0,False,True,pytorch_quantized_median_latency,0.000428125262260437,pytorch,median_latency,False,2.0
527,596,64,107,767,"[596, 64, 107]",gelu,model_12,Float8WeightOnlyConfig,float8,8.0,False,True,pytorch_quantized_median_latency,0.0005294494330883026,pytorch,median_latency,False,2.0
528,596,64,107,767,"[596, 64, 107]",gelu,model_12,Int8WeightOnlyConfig,int8,8.0,False,True,pytorch_quantized_p95_latency,0.00043906942009925843,pytorch,p95_latency,False,2.0
529,596,64,107,767,"[596, 64, 107]",gelu,model_12,Float8WeightOnlyConfig,float8,8.0,False,True,pytorch_quantized_p95_latency,0.0005893377587199211,pytorch,p95_latency,False,2.0
530,596,64,107,767,"[596, 64, 107]",gelu,model_12,Int8WeightOnlyConfig,int8,8.0,False,True,pytorch_quantized_p99_latency,0.0004416782781481743,pytorch,p99_latency,False,2.0
531,596,64,107,767,"[596, 64, 107]",gelu,model_12,Float8WeightOnlyConfig,float8,8.0,False,True,pytorch_quantized_p99_latency,0.000597572773694992,pytorch,p99_latency,False,2.0
532,596,64,107,767,"[596, 64, 107]",gelu,model_12,Int8WeightOnlyConfig,int8,8.0,False,True,pytorch_relative_model_size,0.25,pytorch,model_size,True,2.0
533,596,64,107,767,"[596, 64, 107]",gelu,model_12,Float8WeightOnlyConfig,float8,8.0,False,True,pytorch_relative_model_size,0.25,pytorch,model_size,True,2.0
534,596,64,107,767,"[596, 64, 107]",gelu,model_12,Int8WeightOnlyConfig,int8,8.0,False,True,pytorch_relative_median_latency,2.7726603778136987,pytorch,median_latency,True,2.0
535,596,64,107,767,"[596, 64, 107]",gelu,model_12,Float8WeightOnlyConfig,float8,8.0,False,True,pytorch_relative_median_latency,3.428864387560617,pytorch,median_latency,True,2.0
536,596,64,107,767,"[596, 64, 107]",gelu,model_12,Int8WeightOnlyConfig,int8,8.0,False,True,pytorch_relative_p95_latency,2.6437022930727805,pytorch,p95_latency,True,2.0
537,596,64,107,767,"[596, 64, 107]",gelu,model_12,Float8WeightOnlyConfig,float8,8.0,False,True,pytorch_relative_p95_latency,3.5484903133768935,pytorch,p95_latency,True,2.0
538,596,64,107,767,"[596, 64, 107]",gelu,model_12,Int8WeightOnlyConfig,int8,8.0,False,True,pytorch_relative_p99_latency,2.6250144189458195,pytorch,p99_latency,True,2.0
539,596,64,107,767,"[596, 64, 107]",gelu,model_12,Float8WeightOnlyConfig,float8,8.0,False,True,pytorch_relative_p99_latency,3.551537906495267,pytorch,p99_latency,True,2.0
540,596,64,107,767,"[596, 64, 107]",gelu,model_12,Int8WeightOnlyConfig,int8,8.0,False,True,onnx_quantized_model_size,46851.0,onnx,model_size,False,2.0
541,596,64,107,767,"[596, 64, 107]",gelu,model_12,Float8WeightOnlyConfig,float8,8.0,False,True,onnx_quantized_model_size,,onnx,model_size,False,2.0
542,596,64,107,767,"[596, 64, 107]",gelu,model_12,Int8WeightOnlyConfig,int8,8.0,False,True,onnx_quantized_median_latency,0.0004973746836185455,onnx,median_latency,False,2.0
543,596,64,107,767,"[596, 64, 107]",gelu,model_12,Float8WeightOnlyConfig,float8,8.0,False,True,onnx_quantized_median_latency,,onnx,median_latency,False,2.0
544,596,64,107,767,"[596, 64, 107]",gelu,model_12,Int8WeightOnlyConfig,int8,8.0,False,True,onnx_quantized_p95_latency,0.0005060324445366859,onnx,p95_latency,False,2.0
545,596,64,107,767,"[596, 64, 107]",gelu,model_12,Float8WeightOnlyConfig,float8,8.0,False,True,onnx_quantized_p95_latency,,onnx,p95_latency,False,2.0
546,596,64,107,767,"[596, 64, 107]",gelu,model_12,Int8WeightOnlyConfig,int8,8.0,False,True,onnx_quantized_p99_latency,0.0005106822773814202,onnx,p99_latency,False,2.0
547,596,64,107,767,"[596, 64, 107]",gelu,model_12,Float8WeightOnlyConfig,float8,8.0,False,True,onnx_quantized_p99_latency,,onnx,p99_latency,False,2.0
548,596,64,107,767,"[596, 64, 107]",gelu,model_12,Int8WeightOnlyConfig,int8,8.0,False,True,onnx_relative_model_size,1.6348885089157972,onnx,model_size,True,2.0
549,596,64,107,767,"[596, 64, 107]",gelu,model_12,Float8WeightOnlyConfig,float8,8.0,False,True,onnx_relative_model_size,,onnx,model_size,True,2.0
550,596,64,107,767,"[596, 64, 107]",gelu,model_12,Int8WeightOnlyConfig,int8,8.0,False,True,onnx_relative_median_latency,1.2081531083159895,onnx,median_latency,True,2.0
551,596,64,107,767,"[596, 64, 107]",gelu,model_12,Float8WeightOnlyConfig,float8,8.0,False,True,onnx_relative_median_latency,,onnx,median_latency,True,2.0
552,596,64,107,767,"[596, 64, 107]",gelu,model_12,Int8WeightOnlyConfig,int8,8.0,False,True,onnx_relative_p95_latency,1.2026693216156703,onnx,p95_latency,True,2.0
553,596,64,107,767,"[596, 64, 107]",gelu,model_12,Float8WeightOnlyConfig,float8,8.0,False,True,onnx_relative_p95_latency,,onnx,p95_latency,True,2.0
554,596,64,107,767,"[596, 64, 107]",gelu,model_12,Int8WeightOnlyConfig,int8,8.0,False,True,onnx_relative_p99_latency,1.1994414427956595,onnx,p99_latency,True,2.0
555,596,64,107,767,"[596, 64, 107]",gelu,model_12,Float8WeightOnlyConfig,float8,8.0,False,True,onnx_relative_p99_latency,,onnx,p99_latency,True,2.0
556,596,64,107,767,"[596, 64, 107]",gelu,model_12,Int8WeightOnlyConfig,int8,8.0,False,True,pt2_quantized_model_size,240737.0,pt2,model_size,False,2.0
557,596,64,107,767,"[596, 64, 107]",gelu,model_12,Float8WeightOnlyConfig,float8,8.0,False,True,pt2_quantized_model_size,220001.0,pt2,model_size,False,2.0
558,596,64,107,767,"[596, 64, 107]",gelu,model_12,Int8WeightOnlyConfig,int8,8.0,False,True,pt2_quantized_median_latency,0.0009102411568164825,pt2,median_latency,False,2.0
559,596,64,107,767,"[596, 64, 107]",gelu,model_12,Float8WeightOnlyConfig,float8,8.0,False,True,pt2_quantized_median_latency,0.0007381122559309006,pt2,median_latency,False,2.0
560,596,64,107,767,"[596, 64, 107]",gelu,model_12,Int8WeightOnlyConfig,int8,8.0,False,True,pt2_quantized_p95_latency,0.0009280746802687645,pt2,p95_latency,False,2.0
561,596,64,107,767,"[596, 64, 107]",gelu,model_12,Float8WeightOnlyConfig,float8,8.0,False,True,pt2_quantized_p95_latency,0.0007483657449483871,pt2,p95_latency,False,2.0
562,596,64,107,767,"[596, 64, 107]",gelu,model_12,Int8WeightOnlyConfig,int8,8.0,False,True,pt2_quantized_p99_latency,0.001061914339661598,pt2,p99_latency,False,2.0
563,596,64,107,767,"[596, 64, 107]",gelu,model_12,Float8WeightOnlyConfig,float8,8.0,False,True,pt2_quantized_p99_latency,0.000872853547334671,pt2,p99_latency,False,2.0
564,596,64,107,767,"[596, 64, 107]",gelu,model_12,Int8WeightOnlyConfig,int8,8.0,False,True,pt2_relative_model_size,0.5461353309089589,pt2,model_size,True,2.0
565,596,64,107,767,"[596, 64, 107]",gelu,model_12,Float8WeightOnlyConfig,float8,8.0,False,True,pt2_relative_model_size,0.4990936953409815,pt2,model_size,True,2.0
566,596,64,107,767,"[596, 64, 107]",gelu,model_12,Int8WeightOnlyConfig,int8,8.0,False,True,pt2_relative_median_latency,1.3811599118195692,pt2,median_latency,True,2.0
567,596,64,107,767,"[596, 64, 107]",gelu,model_12,Float8WeightOnlyConfig,float8,8.0,False,True,pt2_relative_median_latency,1.1199790854106608,pt2,median_latency,True,2.0
568,596,64,107,767,"[596, 64, 107]",gelu,model_12,Int8WeightOnlyConfig,int8,8.0,False,True,pt2_relative_p95_latency,1.3443267699359183,pt2,p95_latency,True,2.0
569,596,64,107,767,"[596, 64, 107]",gelu,model_12,Float8WeightOnlyConfig,float8,8.0,False,True,pt2_relative_p95_latency,1.084016325438172,pt2,p95_latency,True,2.0
570,596,64,107,767,"[596, 64, 107]",gelu,model_12,Int8WeightOnlyConfig,int8,8.0,False,True,pt2_relative_p99_latency,0.9333413530502275,pt2,p99_latency,True,2.0
571,596,64,107,767,"[596, 64, 107]",gelu,model_12,Float8WeightOnlyConfig,float8,8.0,False,True,pt2_relative_p99_latency,0.7671714002314395,pt2,p99_latency,True,2.0
572,596,64,107,767,"[596, 64, 107]",gelu,model_12,Int8WeightOnlyConfig,int8,8.0,False,True,pytorch_quantized_MAE,8.838416615411681,pytorch,MAE,False,3.0
573,596,64,107,767,"[596, 64, 107]",gelu,model_12,Float8WeightOnlyConfig,float8,8.0,False,True,pytorch_quantized_MAE,8.830405521482538,pytorch,MAE,False,3.0
574,596,64,107,767,"[596, 64, 107]",gelu,model_12,Int8WeightOnlyConfig,int8,8.0,False,True,pytorch_relative_MAE,1.0004557615380318,pytorch,MAE,True,3.0
575,596,64,107,767,"[596, 64, 107]",gelu,model_12,Float8WeightOnlyConfig,float8,8.0,False,True,pytorch_relative_MAE,0.9995489537435612,pytorch,MAE,True,3.0
576,596,64,107,767,"[596, 64, 107]",gelu,model_12,Int8WeightOnlyConfig,int8,8.0,False,True,pytorch_quantized_model_size,94143.0,pytorch,model_size,False,3.0
577,596,64,107,767,"[596, 64, 107]",gelu,model_12,Float8WeightOnlyConfig,float8,8.0,False,True,pytorch_quantized_model_size,94143.0,pytorch,model_size,False,3.0
578,596,64,107,767,"[596, 64, 107]",gelu,model_12,Int8WeightOnlyConfig,int8,8.0,False,True,pytorch_quantized_median_latency,0.0004185810685157776,pytorch,median_latency,False,3.0
579,596,64,107,767,"[596, 64, 107]",gelu,model_12,Float8WeightOnlyConfig,float8,8.0,False,True,pytorch_quantized_median_latency,0.0005086902529001236,pytorch,median_latency,False,3.0
580,596,64,107,767,"[596, 64, 107]",gelu,model_12,Int8WeightOnlyConfig,int8,8.0,False,True,pytorch_quantized_p95_latency,0.0004288824275135994,pytorch,p95_latency,False,3.0
581,596,64,107,767,"[596, 64, 107]",gelu,model_12,Float8WeightOnlyConfig,float8,8.0,False,True,pytorch_quantized_p95_latency,0.000516415573656559,pytorch,p95_latency,False,3.0
582,596,64,107,767,"[596, 64, 107]",gelu,model_12,Int8WeightOnlyConfig,int8,8.0,False,True,pytorch_quantized_p99_latency,0.00043345373123884203,pytorch,p99_latency,False,3.0
583,596,64,107,767,"[596, 64, 107]",gelu,model_12,Float8WeightOnlyConfig,float8,8.0,False,True,pytorch_quantized_p99_latency,0.0005247285962104798,pytorch,p99_latency,False,3.0
584,596,64,107,767,"[596, 64, 107]",gelu,model_12,Int8WeightOnlyConfig,int8,8.0,False,True,pytorch_relative_model_size,0.25,pytorch,model_size,True,3.0
585,596,64,107,767,"[596, 64, 107]",gelu,model_12,Float8WeightOnlyConfig,float8,8.0,False,True,pytorch_relative_model_size,0.25,pytorch,model_size,True,3.0
586,596,64,107,767,"[596, 64, 107]",gelu,model_12,Int8WeightOnlyConfig,int8,8.0,False,True,pytorch_relative_median_latency,2.825188891542939,pytorch,median_latency,True,3.0
587,596,64,107,767,"[596, 64, 107]",gelu,model_12,Float8WeightOnlyConfig,float8,8.0,False,True,pytorch_relative_median_latency,3.4333756584488895,pytorch,median_latency,True,3.0
588,596,64,107,767,"[596, 64, 107]",gelu,model_12,Int8WeightOnlyConfig,int8,8.0,False,True,pytorch_relative_p95_latency,2.6995329107958104,pytorch,p95_latency,True,3.0
589,596,64,107,767,"[596, 64, 107]",gelu,model_12,Float8WeightOnlyConfig,float8,8.0,False,True,pytorch_relative_p95_latency,3.250496516761984,pytorch,p95_latency,True,3.0
590,596,64,107,767,"[596, 64, 107]",gelu,model_12,Int8WeightOnlyConfig,int8,8.0,False,True,pytorch_relative_p99_latency,2.686834839844306,pytorch,p99_latency,True,3.0
591,596,64,107,767,"[596, 64, 107]",gelu,model_12,Float8WeightOnlyConfig,float8,8.0,False,True,pytorch_relative_p99_latency,3.252617227982864,pytorch,p99_latency,True,3.0
592,596,64,107,767,"[596, 64, 107]",gelu,model_12,Int8WeightOnlyConfig,int8,8.0,False,True,onnx_quantized_model_size,46851.0,onnx,model_size,False,3.0
593,596,64,107,767,"[596, 64, 107]",gelu,model_12,Float8WeightOnlyConfig,float8,8.0,False,True,onnx_quantized_model_size,,onnx,model_size,False,3.0
594,596,64,107,767,"[596, 64, 107]",gelu,model_12,Int8WeightOnlyConfig,int8,8.0,False,True,onnx_quantized_median_latency,0.0004946552217006683,onnx,median_latency,False,3.0
595,596,64,107,767,"[596, 64, 107]",gelu,model_12,Float8WeightOnlyConfig,float8,8.0,False,True,onnx_quantized_median_latency,,onnx,median_latency,False,3.0
596,596,64,107,767,"[596, 64, 107]",gelu,model_12,Int8WeightOnlyConfig,int8,8.0,False,True,onnx_quantized_p95_latency,0.0005470104515552521,onnx,p95_latency,False,3.0
597,596,64,107,767,"[596, 64, 107]",gelu,model_12,Float8WeightOnlyConfig,float8,8.0,False,True,onnx_quantized_p95_latency,,onnx,p95_latency,False,3.0
598,596,64,107,767,"[596, 64, 107]",gelu,model_12,Int8WeightOnlyConfig,int8,8.0,False,True,onnx_quantized_p99_latency,0.0005558685585856437,onnx,p99_latency,False,3.0
599,596,64,107,767,"[596, 64, 107]",gelu,model_12,Float8WeightOnlyConfig,float8,8.0,False,True,onnx_quantized_p99_latency,,onnx,p99_latency,False,3.0
600,596,64,107,767,"[596, 64, 107]",gelu,model_12,Int8WeightOnlyConfig,int8,8.0,False,True,onnx_relative_model_size,1.6348885089157972,onnx,model_size,True,3.0
601,596,64,107,767,"[596, 64, 107]",gelu,model_12,Float8WeightOnlyConfig,float8,8.0,False,True,onnx_relative_model_size,,onnx,model_size,True,3.0
602,596,64,107,767,"[596, 64, 107]",gelu,model_12,Int8WeightOnlyConfig,int8,8.0,False,True,onnx_relative_median_latency,1.1976566939360866,onnx,median_latency,True,3.0
603,596,64,107,767,"[596, 64, 107]",gelu,model_12,Float8WeightOnlyConfig,float8,8.0,False,True,onnx_relative_median_latency,,onnx,median_latency,True,3.0
604,596,64,107,767,"[596, 64, 107]",gelu,model_12,Int8WeightOnlyConfig,int8,8.0,False,True,onnx_relative_p95_latency,1.1472299385941302,onnx,p95_latency,True,3.0
605,596,64,107,767,"[596, 64, 107]",gelu,model_12,Float8WeightOnlyConfig,float8,8.0,False,True,onnx_relative_p95_latency,,onnx,p95_latency,True,3.0
606,596,64,107,767,"[596, 64, 107]",gelu,model_12,Int8WeightOnlyConfig,int8,8.0,False,True,onnx_relative_p99_latency,1.162561888386296,onnx,p99_latency,True,3.0
607,596,64,107,767,"[596, 64, 107]",gelu,model_12,Float8WeightOnlyConfig,float8,8.0,False,True,onnx_relative_p99_latency,,onnx,p99_latency,True,3.0
608,596,64,107,767,"[596, 64, 107]",gelu,model_12,Int8WeightOnlyConfig,int8,8.0,False,True,pt2_quantized_model_size,240737.0,pt2,model_size,False,3.0
609,596,64,107,767,"[596, 64, 107]",gelu,model_12,Float8WeightOnlyConfig,float8,8.0,False,True,pt2_quantized_model_size,220001.0,pt2,model_size,False,3.0
610,596,64,107,767,"[596, 64, 107]",gelu,model_12,Int8WeightOnlyConfig,int8,8.0,False,True,pt2_quantized_median_latency,0.0008732527494430542,pt2,median_latency,False,3.0
611,596,64,107,767,"[596, 64, 107]",gelu,model_12,Float8WeightOnlyConfig,float8,8.0,False,True,pt2_quantized_median_latency,0.000706767663359642,pt2,median_latency,False,3.0
612,596,64,107,767,"[596, 64, 107]",gelu,model_12,Int8WeightOnlyConfig,int8,8.0,False,True,pt2_quantized_p95_latency,0.000892387330532074,pt2,p95_latency,False,3.0
613,596,64,107,767,"[596, 64, 107]",gelu,model_12,Float8WeightOnlyConfig,float8,8.0,False,True,pt2_quantized_p95_latency,0.0007296880707144737,pt2,p95_latency,False,3.0
614,596,64,107,767,"[596, 64, 107]",gelu,model_12,Int8WeightOnlyConfig,int8,8.0,False,True,pt2_quantized_p99_latency,0.0011074281856417656,pt2,p99_latency,False,3.0
615,596,64,107,767,"[596, 64, 107]",gelu,model_12,Float8WeightOnlyConfig,float8,8.0,False,True,pt2_quantized_p99_latency,0.000851856805384159,pt2,p99_latency,False,3.0
616,596,64,107,767,"[596, 64, 107]",gelu,model_12,Int8WeightOnlyConfig,int8,8.0,False,True,pt2_relative_model_size,0.5461353309089589,pt2,model_size,True,3.0
617,596,64,107,767,"[596, 64, 107]",gelu,model_12,Float8WeightOnlyConfig,float8,8.0,False,True,pt2_relative_model_size,0.4990936953409815,pt2,model_size,True,3.0
618,596,64,107,767,"[596, 64, 107]",gelu,model_12,Int8WeightOnlyConfig,int8,8.0,False,True,pt2_relative_median_latency,1.3318144759231747,pt2,median_latency,True,3.0
619,596,64,107,767,"[596, 64, 107]",gelu,model_12,Float8WeightOnlyConfig,float8,8.0,False,True,pt2_relative_median_latency,1.0779048858158224,pt2,median_latency,True,3.0
620,596,64,107,767,"[596, 64, 107]",gelu,model_12,Int8WeightOnlyConfig,int8,8.0,False,True,pt2_relative_p95_latency,1.31252564934976,pt2,p95_latency,True,3.0
621,596,64,107,767,"[596, 64, 107]",gelu,model_12,Float8WeightOnlyConfig,float8,8.0,False,True,pt2_relative_p95_latency,1.073227147080015,pt2,p95_latency,True,3.0
622,596,64,107,767,"[596, 64, 107]",gelu,model_12,Int8WeightOnlyConfig,int8,8.0,False,True,pt2_relative_p99_latency,1.361363654369424,pt2,p99_latency,True,3.0
623,596,64,107,767,"[596, 64, 107]",gelu,model_12,Float8WeightOnlyConfig,float8,8.0,False,True,pt2_relative_p99_latency,1.0471892521908244,pt2,p99_latency,True,3.0
624,517,303,32,852,"[517, 303, 32]",relu,model_13,Int8WeightOnlyConfig,int8,8.0,False,True,pytorch_quantized_MAE,8.005547409560023,pytorch,MAE,False,1.0
625,517,303,32,852,"[517, 303, 32]",relu,model_13,Float8WeightOnlyConfig,float8,8.0,False,True,pytorch_quantized_MAE,8.164078218131724,pytorch,MAE,False,1.0
626,517,303,32,852,"[517, 303, 32]",relu,model_13,Int8WeightOnlyConfig,int8,8.0,False,True,pytorch_relative_MAE,1.0014749141816526,pytorch,MAE,True,1.0
627,517,303,32,852,"[517, 303, 32]",relu,model_13,Float8WeightOnlyConfig,float8,8.0,False,True,pytorch_relative_MAE,1.0213067407622936,pytorch,MAE,True,1.0
628,517,303,32,852,"[517, 303, 32]",relu,model_13,Int8WeightOnlyConfig,int8,8.0,False,True,pytorch_quantized_model_size,209109.0,pytorch,model_size,False,1.0
629,517,303,32,852,"[517, 303, 32]",relu,model_13,Float8WeightOnlyConfig,float8,8.0,False,True,pytorch_quantized_model_size,209109.0,pytorch,model_size,False,1.0
630,517,303,32,852,"[517, 303, 32]",relu,model_13,Int8WeightOnlyConfig,int8,8.0,False,True,pytorch_quantized_median_latency,0.00042644329369068146,pytorch,median_latency,False,1.0
631,517,303,32,852,"[517, 303, 32]",relu,model_13,Float8WeightOnlyConfig,float8,8.0,False,True,pytorch_quantized_median_latency,0.0005292519927024841,pytorch,median_latency,False,1.0
632,517,303,32,852,"[517, 303, 32]",relu,model_13,Int8WeightOnlyConfig,int8,8.0,False,True,pytorch_quantized_p95_latency,0.00043775159865617753,pytorch,p95_latency,False,1.0
633,517,303,32,852,"[517, 303, 32]",relu,model_13,Float8WeightOnlyConfig,float8,8.0,False,True,pytorch_quantized_p95_latency,0.0005367474630475044,pytorch,p95_latency,False,1.0
634,517,303,32,852,"[517, 303, 32]",relu,model_13,Int8WeightOnlyConfig,int8,8.0,False,True,pytorch_quantized_p99_latency,0.0004419130459427834,pytorch,p99_latency,False,1.0
635,517,303,32,852,"[517, 303, 32]",relu,model_13,Float8WeightOnlyConfig,float8,8.0,False,True,pytorch_quantized_p99_latency,0.0005431490018963813,pytorch,p99_latency,False,1.0
636,517,303,32,852,"[517, 303, 32]",relu,model_13,Int8WeightOnlyConfig,int8,8.0,False,True,pytorch_relative_model_size,0.25,pytorch,model_size,True,1.0
637,517,303,32,852,"[517, 303, 32]",relu,model_13,Float8WeightOnlyConfig,float8,8.0,False,True,pytorch_relative_model_size,0.25,pytorch,model_size,True,1.0
638,517,303,32,852,"[517, 303, 32]",relu,model_13,Int8WeightOnlyConfig,int8,8.0,False,True,pytorch_relative_median_latency,2.7318449753000977,pytorch,median_latency,True,1.0
639,517,303,32,852,"[517, 303, 32]",relu,model_13,Float8WeightOnlyConfig,float8,8.0,False,True,pytorch_relative_median_latency,3.390449371166742,pytorch,median_latency,True,1.0
640,517,303,32,852,"[517, 303, 32]",relu,model_13,Int8WeightOnlyConfig,int8,8.0,False,True,pytorch_relative_p95_latency,2.6185579530741996,pytorch,p95_latency,True,1.0
641,517,303,32,852,"[517, 303, 32]",relu,model_13,Float8WeightOnlyConfig,float8,8.0,False,True,pytorch_relative_p95_latency,3.2107349064403197,pytorch,p95_latency,True,1.0
642,517,303,32,852,"[517, 303, 32]",relu,model_13,Int8WeightOnlyConfig,int8,8.0,False,True,pytorch_relative_p99_latency,2.6128647296357017,pytorch,p99_latency,True,1.0
643,517,303,32,852,"[517, 303, 32]",relu,model_13,Float8WeightOnlyConfig,float8,8.0,False,True,pytorch_relative_p99_latency,3.2114346544447505,pytorch,p99_latency,True,1.0
644,517,303,32,852,"[517, 303, 32]",relu,model_13,Int8WeightOnlyConfig,int8,8.0,False,True,onnx_quantized_model_size,32940.0,onnx,model_size,False,1.0
645,517,303,32,852,"[517, 303, 32]",relu,model_13,Float8WeightOnlyConfig,float8,8.0,False,True,onnx_quantized_model_size,,onnx,model_size,False,1.0
646,517,303,32,852,"[517, 303, 32]",relu,model_13,Int8WeightOnlyConfig,int8,8.0,False,True,onnx_quantized_median_latency,0.0004149656742811203,onnx,median_latency,False,1.0
647,517,303,32,852,"[517, 303, 32]",relu,model_13,Float8WeightOnlyConfig,float8,8.0,False,True,onnx_quantized_median_latency,,onnx,median_latency,False,1.0
648,517,303,32,852,"[517, 303, 32]",relu,model_13,Int8WeightOnlyConfig,int8,8.0,False,True,onnx_quantized_p95_latency,0.0004937170073390007,onnx,p95_latency,False,1.0
649,517,303,32,852,"[517, 303, 32]",relu,model_13,Float8WeightOnlyConfig,float8,8.0,False,True,onnx_quantized_p95_latency,,onnx,p95_latency,False,1.0
650,517,303,32,852,"[517, 303, 32]",relu,model_13,Int8WeightOnlyConfig,int8,8.0,False,True,onnx_quantized_p99_latency,0.0005100543797016144,onnx,p99_latency,False,1.0
651,517,303,32,852,"[517, 303, 32]",relu,model_13,Float8WeightOnlyConfig,float8,8.0,False,True,onnx_quantized_p99_latency,,onnx,p99_latency,False,1.0
652,517,303,32,852,"[517, 303, 32]",relu,model_13,Int8WeightOnlyConfig,int8,8.0,False,True,onnx_relative_model_size,2.4181471149610925,onnx,model_size,True,1.0
653,517,303,32,852,"[517, 303, 32]",relu,model_13,Float8WeightOnlyConfig,float8,8.0,False,True,onnx_relative_model_size,,onnx,model_size,True,1.0
654,517,303,32,852,"[517, 303, 32]",relu,model_13,Int8WeightOnlyConfig,int8,8.0,False,True,onnx_relative_median_latency,1.1129356166573416,onnx,median_latency,True,1.0
655,517,303,32,852,"[517, 303, 32]",relu,model_13,Float8WeightOnlyConfig,float8,8.0,False,True,onnx_relative_median_latency,,onnx,median_latency,True,1.0
656,517,303,32,852,"[517, 303, 32]",relu,model_13,Int8WeightOnlyConfig,int8,8.0,False,True,onnx_relative_p95_latency,0.9995595429654902,onnx,p95_latency,True,1.0
657,517,303,32,852,"[517, 303, 32]",relu,model_13,Float8WeightOnlyConfig,float8,8.0,False,True,onnx_relative_p95_latency,,onnx,p95_latency,True,1.0
658,517,303,32,852,"[517, 303, 32]",relu,model_13,Int8WeightOnlyConfig,int8,8.0,False,True,onnx_relative_p99_latency,1.013052055357253,onnx,p99_latency,True,1.0
659,517,303,32,852,"[517, 303, 32]",relu,model_13,Float8WeightOnlyConfig,float8,8.0,False,True,onnx_relative_p99_latency,,onnx,p99_latency,True,1.0
660,517,303,32,852,"[517, 303, 32]",relu,model_13,Int8WeightOnlyConfig,int8,8.0,False,True,pt2_quantized_model_size,356321.0,pt2,model_size,False,1.0
661,517,303,32,852,"[517, 303, 32]",relu,model_13,Float8WeightOnlyConfig,float8,8.0,False,True,pt2_quantized_model_size,335585.0,pt2,model_size,False,1.0
662,517,303,32,852,"[517, 303, 32]",relu,model_13,Int8WeightOnlyConfig,int8,8.0,False,True,pt2_quantized_median_latency,0.0008947160094976425,pt2,median_latency,False,1.0
663,517,303,32,852,"[517, 303, 32]",relu,model_13,Float8WeightOnlyConfig,float8,8.0,False,True,pt2_quantized_median_latency,0.0007294770330190659,pt2,median_latency,False,1.0
664,517,303,32,852,"[517, 303, 32]",relu,model_13,Int8WeightOnlyConfig,int8,8.0,False,True,pt2_quantized_p95_latency,0.0009047869592905044,pt2,p95_latency,False,1.0
665,517,303,32,852,"[517, 303, 32]",relu,model_13,Float8WeightOnlyConfig,float8,8.0,False,True,pt2_quantized_p95_latency,0.0007397281005978584,pt2,p95_latency,False,1.0
666,517,303,32,852,"[517, 303, 32]",relu,model_13,Int8WeightOnlyConfig,int8,8.0,False,True,pt2_quantized_p99_latency,0.0010218904912471772,pt2,p99_latency,False,1.0
667,517,303,32,852,"[517, 303, 32]",relu,model_13,Float8WeightOnlyConfig,float8,8.0,False,True,pt2_quantized_p99_latency,0.0008694121614098548,pt2,p99_latency,False,1.0
668,517,303,32,852,"[517, 303, 32]",relu,model_13,Int8WeightOnlyConfig,int8,8.0,False,True,pt2_relative_model_size,0.39563044542720127,pt2,model_size,True,1.0
669,517,303,32,852,"[517, 303, 32]",relu,model_13,Float8WeightOnlyConfig,float8,8.0,False,True,pt2_relative_model_size,0.3726068433482375,pt2,model_size,True,1.0
670,517,303,32,852,"[517, 303, 32]",relu,model_13,Int8WeightOnlyConfig,int8,8.0,False,True,pt2_relative_median_latency,1.3164050831339598,pt2,median_latency,True,1.0
671,517,303,32,852,"[517, 303, 32]",relu,model_13,Float8WeightOnlyConfig,float8,8.0,False,True,pt2_relative_median_latency,1.0732872376285651,pt2,median_latency,True,1.0
672,517,303,32,852,"[517, 303, 32]",relu,model_13,Int8WeightOnlyConfig,int8,8.0,False,True,pt2_relative_p95_latency,0.7741425810468747,pt2,p95_latency,True,1.0
673,517,303,32,852,"[517, 303, 32]",relu,model_13,Float8WeightOnlyConfig,float8,8.0,False,True,pt2_relative_p95_latency,0.632916970331646,pt2,p95_latency,True,1.0
674,517,303,32,852,"[517, 303, 32]",relu,model_13,Int8WeightOnlyConfig,int8,8.0,False,True,pt2_relative_p99_latency,0.868556061648209,pt2,p99_latency,True,1.0
675,517,303,32,852,"[517, 303, 32]",relu,model_13,Float8WeightOnlyConfig,float8,8.0,False,True,pt2_relative_p99_latency,0.7389570695991017,pt2,p99_latency,True,1.0
676,517,303,32,852,"[517, 303, 32]",relu,model_13,Int8WeightOnlyConfig,int8,8.0,False,True,pytorch_quantized_MAE,8.061574180509723,pytorch,MAE,False,2.0
677,517,303,32,852,"[517, 303, 32]",relu,model_13,Float8WeightOnlyConfig,float8,8.0,False,True,pytorch_quantized_MAE,8.213054323241268,pytorch,MAE,False,2.0
678,517,303,32,852,"[517, 303, 32]",relu,model_13,Int8WeightOnlyConfig,int8,8.0,False,True,pytorch_relative_MAE,1.0015609419255016,pytorch,MAE,True,2.0
679,517,303,32,852,"[517, 303, 32]",relu,model_13,Float8WeightOnlyConfig,float8,8.0,False,True,pytorch_relative_MAE,1.0203806651011584,pytorch,MAE,True,2.0
680,517,303,32,852,"[517, 303, 32]",relu,model_13,Int8WeightOnlyConfig,int8,8.0,False,True,pytorch_quantized_model_size,209109.0,pytorch,model_size,False,2.0
681,517,303,32,852,"[517, 303, 32]",relu,model_13,Float8WeightOnlyConfig,float8,8.0,False,True,pytorch_quantized_model_size,209109.0,pytorch,model_size,False,2.0
682,517,303,32,852,"[517, 303, 32]",relu,model_13,Int8WeightOnlyConfig,int8,8.0,False,True,pytorch_quantized_median_latency,0.0004296582192182541,pytorch,median_latency,False,2.0
683,517,303,32,852,"[517, 303, 32]",relu,model_13,Float8WeightOnlyConfig,float8,8.0,False,True,pytorch_quantized_median_latency,0.0005490072071552277,pytorch,median_latency,False,2.0
684,517,303,32,852,"[517, 303, 32]",relu,model_13,Int8WeightOnlyConfig,int8,8.0,False,True,pytorch_quantized_p95_latency,0.00044098831713199613,pytorch,p95_latency,False,2.0
685,517,303,32,852,"[517, 303, 32]",relu,model_13,Float8WeightOnlyConfig,float8,8.0,False,True,pytorch_quantized_p95_latency,0.0005685264244675636,pytorch,p95_latency,False,2.0
686,517,303,32,852,"[517, 303, 32]",relu,model_13,Int8WeightOnlyConfig,int8,8.0,False,True,pytorch_quantized_p99_latency,0.0004443041980266571,pytorch,p99_latency,False,2.0
687,517,303,32,852,"[517, 303, 32]",relu,model_13,Float8WeightOnlyConfig,float8,8.0,False,True,pytorch_quantized_p99_latency,0.0005850194022059441,pytorch,p99_latency,False,2.0
688,517,303,32,852,"[517, 303, 32]",relu,model_13,Int8WeightOnlyConfig,int8,8.0,False,True,pytorch_relative_model_size,0.25,pytorch,model_size,True,2.0
689,517,303,32,852,"[517, 303, 32]",relu,model_13,Float8WeightOnlyConfig,float8,8.0,False,True,pytorch_relative_model_size,0.25,pytorch,model_size,True,2.0
690,517,303,32,852,"[517, 303, 32]",relu,model_13,Int8WeightOnlyConfig,int8,8.0,False,True,pytorch_relative_median_latency,2.452511828185636,pytorch,median_latency,True,2.0
691,517,303,32,852,"[517, 303, 32]",relu,model_13,Float8WeightOnlyConfig,float8,8.0,False,True,pytorch_relative_median_latency,3.1337621604380415,pytorch,median_latency,True,2.0
692,517,303,32,852,"[517, 303, 32]",relu,model_13,Int8WeightOnlyConfig,int8,8.0,False,True,pytorch_relative_p95_latency,2.349458913659391,pytorch,p95_latency,True,2.0
693,517,303,32,852,"[517, 303, 32]",relu,model_13,Float8WeightOnlyConfig,float8,8.0,False,True,pytorch_relative_p95_latency,3.0289452661767697,pytorch,p95_latency,True,2.0
694,517,303,32,852,"[517, 303, 32]",relu,model_13,Int8WeightOnlyConfig,int8,8.0,False,True,pytorch_relative_p99_latency,2.2738837680042567,pytorch,p99_latency,True,2.0
695,517,303,32,852,"[517, 303, 32]",relu,model_13,Float8WeightOnlyConfig,float8,8.0,False,True,pytorch_relative_p99_latency,2.9940435596870896,pytorch,p99_latency,True,2.0
696,517,303,32,852,"[517, 303, 32]",relu,model_13,Int8WeightOnlyConfig,int8,8.0,False,True,onnx_quantized_model_size,32940.0,onnx,model_size,False,2.0
697,517,303,32,852,"[517, 303, 32]",relu,model_13,Float8WeightOnlyConfig,float8,8.0,False,True,onnx_quantized_model_size,,onnx,model_size,False,2.0
698,517,303,32,852,"[517, 303, 32]",relu,model_13,Int8WeightOnlyConfig,int8,8.0,False,True,onnx_quantized_median_latency,0.0004073716700077057,onnx,median_latency,False,2.0
699,517,303,32,852,"[517, 303, 32]",relu,model_13,Float8WeightOnlyConfig,float8,8.0,False,True,onnx_quantized_median_latency,,onnx,median_latency,False,2.0
700,517,303,32,852,"[517, 303, 32]",relu,model_13,Int8WeightOnlyConfig,int8,8.0,False,True,onnx_quantized_p95_latency,0.00042110197246074675,onnx,p95_latency,False,2.0
701,517,303,32,852,"[517, 303, 32]",relu,model_13,Float8WeightOnlyConfig,float8,8.0,False,True,onnx_quantized_p95_latency,,onnx,p95_latency,False,2.0
702,517,303,32,852,"[517, 303, 32]",relu,model_13,Int8WeightOnlyConfig,int8,8.0,False,True,onnx_quantized_p99_latency,0.00046170860528945893,onnx,p99_latency,False,2.0
703,517,303,32,852,"[517, 303, 32]",relu,model_13,Float8WeightOnlyConfig,float8,8.0,False,True,onnx_quantized_p99_latency,,onnx,p99_latency,False,2.0
704,517,303,32,852,"[517, 303, 32]",relu,model_13,Int8WeightOnlyConfig,int8,8.0,False,True,onnx_relative_model_size,2.4181471149610925,onnx,model_size,True,2.0
705,517,303,32,852,"[517, 303, 32]",relu,model_13,Float8WeightOnlyConfig,float8,8.0,False,True,onnx_relative_model_size,,onnx,model_size,True,2.0
706,517,303,32,852,"[517, 303, 32]",relu,model_13,Int8WeightOnlyConfig,int8,8.0,False,True,onnx_relative_median_latency,1.1256967856499474,onnx,median_latency,True,2.0
707,517,303,32,852,"[517, 303, 32]",relu,model_13,Float8WeightOnlyConfig,float8,8.0,False,True,onnx_relative_median_latency,,onnx,median_latency,True,2.0
708,517,303,32,852,"[517, 303, 32]",relu,model_13,Int8WeightOnlyConfig,int8,8.0,False,True,onnx_relative_p95_latency,1.130014095348535,onnx,p95_latency,True,2.0
709,517,303,32,852,"[517, 303, 32]",relu,model_13,Float8WeightOnlyConfig,float8,8.0,False,True,onnx_relative_p95_latency,,onnx,p95_latency,True,2.0
710,517,303,32,852,"[517, 303, 32]",relu,model_13,Int8WeightOnlyConfig,int8,8.0,False,True,onnx_relative_p99_latency,1.2217606927876963,onnx,p99_latency,True,2.0
711,517,303,32,852,"[517, 303, 32]",relu,model_13,Float8WeightOnlyConfig,float8,8.0,False,True,onnx_relative_p99_latency,,onnx,p99_latency,True,2.0
712,517,303,32,852,"[517, 303, 32]",relu,model_13,Int8WeightOnlyConfig,int8,8.0,False,True,pt2_quantized_model_size,356321.0,pt2,model_size,False,2.0
713,517,303,32,852,"[517, 303, 32]",relu,model_13,Float8WeightOnlyConfig,float8,8.0,False,True,pt2_quantized_model_size,335585.0,pt2,model_size,False,2.0
714,517,303,32,852,"[517, 303, 32]",relu,model_13,Int8WeightOnlyConfig,int8,8.0,False,True,pt2_quantized_median_latency,0.0009252801537513733,pt2,median_latency,False,2.0
715,517,303,32,852,"[517, 303, 32]",relu,model_13,Float8WeightOnlyConfig,float8,8.0,False,True,pt2_quantized_median_latency,0.0007419679313898087,pt2,median_latency,False,2.0
716,517,303,32,852,"[517, 303, 32]",relu,model_13,Int8WeightOnlyConfig,int8,8.0,False,True,pt2_quantized_p95_latency,0.0009387481957674026,pt2,p95_latency,False,2.0
717,517,303,32,852,"[517, 303, 32]",relu,model_13,Float8WeightOnlyConfig,float8,8.0,False,True,pt2_quantized_p95_latency,0.000754600390791893,pt2,p95_latency,False,2.0
718,517,303,32,852,"[517, 303, 32]",relu,model_13,Int8WeightOnlyConfig,int8,8.0,False,True,pt2_quantized_p99_latency,0.0010607557371258734,pt2,p99_latency,False,2.0
719,517,303,32,852,"[517, 303, 32]",relu,model_13,Float8WeightOnlyConfig,float8,8.0,False,True,pt2_quantized_p99_latency,0.0008777146786451339,pt2,p99_latency,False,2.0
720,517,303,32,852,"[517, 303, 32]",relu,model_13,Int8WeightOnlyConfig,int8,8.0,False,True,pt2_relative_model_size,0.39563044542720127,pt2,model_size,True,2.0
721,517,303,32,852,"[517, 303, 32]",relu,model_13,Float8WeightOnlyConfig,float8,8.0,False,True,pt2_relative_model_size,0.3726068433482375,pt2,model_size,True,2.0
722,517,303,32,852,"[517, 303, 32]",relu,model_13,Int8WeightOnlyConfig,int8,8.0,False,True,pt2_relative_median_latency,1.319096731706799,pt2,median_latency,True,2.0
723,517,303,32,852,"[517, 303, 32]",relu,model_13,Float8WeightOnlyConfig,float8,8.0,False,True,pt2_relative_median_latency,1.0577633912923408,pt2,median_latency,True,2.0
724,517,303,32,852,"[517, 303, 32]",relu,model_13,Int8WeightOnlyConfig,int8,8.0,False,True,pt2_relative_p95_latency,1.3050741024722747,pt2,p95_latency,True,2.0
725,517,303,32,852,"[517, 303, 32]",relu,model_13,Float8WeightOnlyConfig,float8,8.0,False,True,pt2_relative_p95_latency,1.0490666529940982,pt2,p95_latency,True,2.0
726,517,303,32,852,"[517, 303, 32]",relu,model_13,Int8WeightOnlyConfig,int8,8.0,False,True,pt2_relative_p99_latency,1.2261326316832903,pt2,p99_latency,True,2.0
727,517,303,32,852,"[517, 303, 32]",relu,model_13,Float8WeightOnlyConfig,float8,8.0,False,True,pt2_relative_p99_latency,1.0145545964334541,pt2,p99_latency,True,2.0
728,517,303,32,852,"[517, 303, 32]",relu,model_13,Int8WeightOnlyConfig,int8,8.0,False,True,pytorch_quantized_MAE,8.31133857361012,pytorch,MAE,False,3.0
729,517,303,32,852,"[517, 303, 32]",relu,model_13,Float8WeightOnlyConfig,float8,8.0,False,True,pytorch_quantized_MAE,8.48059917460717,pytorch,MAE,False,3.0
730,517,303,32,852,"[517, 303, 32]",relu,model_13,Int8WeightOnlyConfig,int8,8.0,False,True,pytorch_relative_MAE,1.0016248203467868,pytorch,MAE,True,3.0
731,517,303,32,852,"[517, 303, 32]",relu,model_13,Float8WeightOnlyConfig,float8,8.0,False,True,pytorch_relative_MAE,1.0220229328245725,pytorch,MAE,True,3.0
732,517,303,32,852,"[517, 303, 32]",relu,model_13,Int8WeightOnlyConfig,int8,8.0,False,True,pytorch_quantized_model_size,209109.0,pytorch,model_size,False,3.0
733,517,303,32,852,"[517, 303, 32]",relu,model_13,Float8WeightOnlyConfig,float8,8.0,False,True,pytorch_quantized_model_size,209109.0,pytorch,model_size,False,3.0
734,517,303,32,852,"[517, 303, 32]",relu,model_13,Int8WeightOnlyConfig,int8,8.0,False,True,pytorch_quantized_median_latency,0.00046233460307121277,pytorch,median_latency,False,3.0
735,517,303,32,852,"[517, 303, 32]",relu,model_13,Float8WeightOnlyConfig,float8,8.0,False,True,pytorch_quantized_median_latency,0.000514637678861618,pytorch,median_latency,False,3.0
736,517,303,32,852,"[517, 303, 32]",relu,model_13,Int8WeightOnlyConfig,int8,8.0,False,True,pytorch_quantized_p95_latency,0.0004720127210021019,pytorch,p95_latency,False,3.0
737,517,303,32,852,"[517, 303, 32]",relu,model_13,Float8WeightOnlyConfig,float8,8.0,False,True,pytorch_quantized_p95_latency,0.0005827138200402259,pytorch,p95_latency,False,3.0
738,517,303,32,852,"[517, 303, 32]",relu,model_13,Int8WeightOnlyConfig,int8,8.0,False,True,pytorch_quantized_p99_latency,0.00047574110329151153,pytorch,p99_latency,False,3.0
739,517,303,32,852,"[517, 303, 32]",relu,model_13,Float8WeightOnlyConfig,float8,8.0,False,True,pytorch_quantized_p99_latency,0.0006004069000482559,pytorch,p99_latency,False,3.0
740,517,303,32,852,"[517, 303, 32]",relu,model_13,Int8WeightOnlyConfig,int8,8.0,False,True,pytorch_relative_model_size,0.25,pytorch,model_size,True,3.0
741,517,303,32,852,"[517, 303, 32]",relu,model_13,Float8WeightOnlyConfig,float8,8.0,False,True,pytorch_relative_model_size,0.25,pytorch,model_size,True,3.0
742,517,303,32,852,"[517, 303, 32]",relu,model_13,Int8WeightOnlyConfig,int8,8.0,False,True,pytorch_relative_median_latency,2.956371562310175,pytorch,median_latency,True,3.0
743,517,303,32,852,"[517, 303, 32]",relu,model_13,Float8WeightOnlyConfig,float8,8.0,False,True,pytorch_relative_median_latency,3.2908205195392988,pytorch,median_latency,True,3.0
744,517,303,32,852,"[517, 303, 32]",relu,model_13,Int8WeightOnlyConfig,int8,8.0,False,True,pytorch_relative_p95_latency,2.831098186335737,pytorch,p95_latency,True,3.0
745,517,303,32,852,"[517, 303, 32]",relu,model_13,Float8WeightOnlyConfig,float8,8.0,False,True,pytorch_relative_p95_latency,3.4950753775581114,pytorch,p95_latency,True,3.0
746,517,303,32,852,"[517, 303, 32]",relu,model_13,Int8WeightOnlyConfig,int8,8.0,False,True,pytorch_relative_p99_latency,2.7772383756522245,pytorch,p99_latency,True,3.0
747,517,303,32,852,"[517, 303, 32]",relu,model_13,Float8WeightOnlyConfig,float8,8.0,False,True,pytorch_relative_p99_latency,3.5050010862707768,pytorch,p99_latency,True,3.0
748,517,303,32,852,"[517, 303, 32]",relu,model_13,Int8WeightOnlyConfig,int8,8.0,False,True,onnx_quantized_model_size,32940.0,onnx,model_size,False,3.0
749,517,303,32,852,"[517, 303, 32]",relu,model_13,Float8WeightOnlyConfig,float8,8.0,False,True,onnx_quantized_model_size,,onnx,model_size,False,3.0
750,517,303,32,852,"[517, 303, 32]",relu,model_13,Int8WeightOnlyConfig,int8,8.0,False,True,onnx_quantized_median_latency,0.00042696110904216766,onnx,median_latency,False,3.0
751,517,303,32,852,"[517, 303, 32]",relu,model_13,Float8WeightOnlyConfig,float8,8.0,False,True,onnx_quantized_median_latency,,onnx,median_latency,False,3.0
752,517,303,32,852,"[517, 303, 32]",relu,model_13,Int8WeightOnlyConfig,int8,8.0,False,True,onnx_quantized_p95_latency,0.00044586602598428726,onnx,p95_latency,False,3.0
753,517,303,32,852,"[517, 303, 32]",relu,model_13,Float8WeightOnlyConfig,float8,8.0,False,True,onnx_quantized_p95_latency,,onnx,p95_latency,False,3.0
754,517,303,32,852,"[517, 303, 32]",relu,model_13,Int8WeightOnlyConfig,int8,8.0,False,True,onnx_quantized_p99_latency,0.0004527117684483528,onnx,p99_latency,False,3.0
755,517,303,32,852,"[517, 303, 32]",relu,model_13,Float8WeightOnlyConfig,float8,8.0,False,True,onnx_quantized_p99_latency,,onnx,p99_latency,False,3.0
756,517,303,32,852,"[517, 303, 32]",relu,model_13,Int8WeightOnlyConfig,int8,8.0,False,True,onnx_relative_model_size,2.4181471149610925,onnx,model_size,True,3.0
757,517,303,32,852,"[517, 303, 32]",relu,model_13,Float8WeightOnlyConfig,float8,8.0,False,True,onnx_relative_model_size,,onnx,model_size,True,3.0
758,517,303,32,852,"[517, 303, 32]",relu,model_13,Int8WeightOnlyConfig,int8,8.0,False,True,onnx_relative_median_latency,1.1186411727961272,onnx,median_latency,True,3.0
759,517,303,32,852,"[517, 303, 32]",relu,model_13,Float8WeightOnlyConfig,float8,8.0,False,True,onnx_relative_median_latency,,onnx,median_latency,True,3.0
760,517,303,32,852,"[517, 303, 32]",relu,model_13,Int8WeightOnlyConfig,int8,8.0,False,True,onnx_relative_p95_latency,1.1103439446601118,onnx,p95_latency,True,3.0
761,517,303,32,852,"[517, 303, 32]",relu,model_13,Float8WeightOnlyConfig,float8,8.0,False,True,onnx_relative_p95_latency,,onnx,p95_latency,True,3.0
762,517,303,32,852,"[517, 303, 32]",relu,model_13,Int8WeightOnlyConfig,int8,8.0,False,True,onnx_relative_p99_latency,1.1084726944720342,onnx,p99_latency,True,3.0
763,517,303,32,852,"[517, 303, 32]",relu,model_13,Float8WeightOnlyConfig,float8,8.0,False,True,onnx_relative_p99_latency,,onnx,p99_latency,True,3.0
764,517,303,32,852,"[517, 303, 32]",relu,model_13,Int8WeightOnlyConfig,int8,8.0,False,True,pt2_quantized_model_size,356321.0,pt2,model_size,False,3.0
765,517,303,32,852,"[517, 303, 32]",relu,model_13,Float8WeightOnlyConfig,float8,8.0,False,True,pt2_quantized_model_size,335585.0,pt2,model_size,False,3.0
766,517,303,32,852,"[517, 303, 32]",relu,model_13,Int8WeightOnlyConfig,int8,8.0,False,True,pt2_quantized_median_latency,0.0008766781538724899,pt2,median_latency,False,3.0
767,517,303,32,852,"[517, 303, 32]",relu,model_13,Float8WeightOnlyConfig,float8,8.0,False,True,pt2_quantized_median_latency,0.0007171612232923508,pt2,median_latency,False,3.0
768,517,303,32,852,"[517, 303, 32]",relu,model_13,Int8WeightOnlyConfig,int8,8.0,False,True,pt2_quantized_p95_latency,0.0008948545902967453,pt2,p95_latency,False,3.0
769,517,303,32,852,"[517, 303, 32]",relu,model_13,Float8WeightOnlyConfig,float8,8.0,False,True,pt2_quantized_p95_latency,0.0007299778982996941,pt2,p95_latency,False,3.0
770,517,303,32,852,"[517, 303, 32]",relu,model_13,Int8WeightOnlyConfig,int8,8.0,False,True,pt2_quantized_p99_latency,0.001127103120088577,pt2,p99_latency,False,3.0
771,517,303,32,852,"[517, 303, 32]",relu,model_13,Float8WeightOnlyConfig,float8,8.0,False,True,pt2_quantized_p99_latency,0.0008597819507122038,pt2,p99_latency,False,3.0
772,517,303,32,852,"[517, 303, 32]",relu,model_13,Int8WeightOnlyConfig,int8,8.0,False,True,pt2_relative_model_size,0.39563044542720127,pt2,model_size,True,3.0
773,517,303,32,852,"[517, 303, 32]",relu,model_13,Float8WeightOnlyConfig,float8,8.0,False,True,pt2_relative_model_size,0.3726068433482375,pt2,model_size,True,3.0
774,517,303,32,852,"[517, 303, 32]",relu,model_13,Int8WeightOnlyConfig,int8,8.0,False,True,pt2_relative_median_latency,1.3630237353319354,pt2,median_latency,True,3.0
775,517,303,32,852,"[517, 303, 32]",relu,model_13,Float8WeightOnlyConfig,float8,8.0,False,True,pt2_relative_median_latency,1.1150132635212622,pt2,median_latency,True,3.0
776,517,303,32,852,"[517, 303, 32]",relu,model_13,Int8WeightOnlyConfig,int8,8.0,False,True,pt2_relative_p95_latency,1.3628082812161815,pt2,p95_latency,True,3.0
777,517,303,32,852,"[517, 303, 32]",relu,model_13,Float8WeightOnlyConfig,float8,8.0,False,True,pt2_relative_p95_latency,1.1117112609074413,pt2,p95_latency,True,3.0
778,517,303,32,852,"[517, 303, 32]",relu,model_13,Int8WeightOnlyConfig,int8,8.0,False,True,pt2_relative_p99_latency,1.3201235936941296,pt2,p99_latency,True,3.0
779,517,303,32,852,"[517, 303, 32]",relu,model_13,Float8WeightOnlyConfig,float8,8.0,False,True,pt2_relative_p99_latency,1.007022710112225,pt2,p99_latency,True,3.0
780,128,93,168,389,"[128, 93, 168]",elu,model_14,,,,,,,,,,,
781,310,396,75,781,"[310, 396, 75]",celu,model_15,,,,,,,,,,,
782,708,216,222,1146,"[708, 216, 222]",relu,model_16,,,,,,,,,,,
783,696,415,47,1158,"[696, 415, 47]",relu,model_17,,,,,,,,,,,
784,295,204,138,637,"[295, 204, 138]",celu,model_18,,,,,,,,,,,
785,128,287,104,519,"[128, 287, 104]",gelu,model_19,,,,,,,,,,,
786,235,64,209,508,"[235, 64, 209]",celu,model_2,Int8WeightOnlyConfig,int8,8.0,False,True,pytorch_quantized_MAE,9.674860332557197,pytorch,MAE,False,1.0
787,235,64,209,508,"[235, 64, 209]",celu,model_2,Float8WeightOnlyConfig,float8,8.0,False,True,pytorch_quantized_MAE,9.66548077788761,pytorch,MAE,False,1.0
788,235,64,209,508,"[235, 64, 209]",celu,model_2,Int8WeightOnlyConfig,int8,8.0,False,True,pytorch_relative_MAE,1.0008348322469227,pytorch,MAE,True,1.0
789,235,64,209,508,"[235, 64, 209]",celu,model_2,Float8WeightOnlyConfig,float8,8.0,False,True,pytorch_relative_MAE,0.9998645458860235,pytorch,MAE,True,1.0
790,235,64,209,508,"[235, 64, 209]",celu,model_2,Int8WeightOnlyConfig,int8,8.0,False,True,pytorch_quantized_model_size,48169.0,pytorch,model_size,False,1.0
791,235,64,209,508,"[235, 64, 209]",celu,model_2,Float8WeightOnlyConfig,float8,8.0,False,True,pytorch_quantized_model_size,48169.0,pytorch,model_size,False,1.0
792,235,64,209,508,"[235, 64, 209]",celu,model_2,Int8WeightOnlyConfig,int8,8.0,False,True,pytorch_quantized_median_latency,0.0004625394940376282,pytorch,median_latency,False,1.0
793,235,64,209,508,"[235, 64, 209]",celu,model_2,Float8WeightOnlyConfig,float8,8.0,False,True,pytorch_quantized_median_latency,0.0005101282149553299,pytorch,median_latency,False,1.0
794,235,64,209,508,"[235, 64, 209]",celu,model_2,Int8WeightOnlyConfig,int8,8.0,False,True,pytorch_quantized_p95_latency,0.00047347303479909896,pytorch,p95_latency,False,1.0
795,235,64,209,508,"[235, 64, 209]",celu,model_2,Float8WeightOnlyConfig,float8,8.0,False,True,pytorch_quantized_p95_latency,0.0005187757313251495,pytorch,p95_latency,False,1.0
796,235,64,209,508,"[235, 64, 209]",celu,model_2,Int8WeightOnlyConfig,int8,8.0,False,True,pytorch_quantized_p99_latency,0.00047801241278648375,pytorch,p99_latency,False,1.0
797,235,64,209,508,"[235, 64, 209]",celu,model_2,Float8WeightOnlyConfig,float8,8.0,False,True,pytorch_quantized_p99_latency,0.0005241097137331963,pytorch,p99_latency,False,1.0
798,235,64,209,508,"[235, 64, 209]",celu,model_2,Int8WeightOnlyConfig,int8,8.0,False,True,pytorch_relative_model_size,0.25,pytorch,model_size,True,1.0
799,235,64,209,508,"[235, 64, 209]",celu,model_2,Float8WeightOnlyConfig,float8,8.0,False,True,pytorch_relative_model_size,0.25,pytorch,model_size,True,1.0
800,235,64,209,508,"[235, 64, 209]",celu,model_2,Int8WeightOnlyConfig,int8,8.0,False,True,pytorch_relative_median_latency,3.0468454761846333,pytorch,median_latency,True,1.0
801,235,64,209,508,"[235, 64, 209]",celu,model_2,Float8WeightOnlyConfig,float8,8.0,False,True,pytorch_relative_median_latency,3.360322446074943,pytorch,median_latency,True,1.0
802,235,64,209,508,"[235, 64, 209]",celu,model_2,Int8WeightOnlyConfig,int8,8.0,False,True,pytorch_relative_p95_latency,2.9099085795138433,pytorch,p95_latency,True,1.0
803,235,64,209,508,"[235, 64, 209]",celu,model_2,Float8WeightOnlyConfig,float8,8.0,False,True,pytorch_relative_p95_latency,3.188333527942432,pytorch,p95_latency,True,1.0
804,235,64,209,508,"[235, 64, 209]",celu,model_2,Int8WeightOnlyConfig,int8,8.0,False,True,pytorch_relative_p99_latency,2.87300263084243,pytorch,p99_latency,True,1.0
805,235,64,209,508,"[235, 64, 209]",celu,model_2,Float8WeightOnlyConfig,float8,8.0,False,True,pytorch_relative_p99_latency,3.1500616848586627,pytorch,p99_latency,True,1.0
806,235,64,209,508,"[235, 64, 209]",celu,model_2,Int8WeightOnlyConfig,int8,8.0,False,True,onnx_quantized_model_size,33188.0,onnx,model_size,False,1.0
807,235,64,209,508,"[235, 64, 209]",celu,model_2,Float8WeightOnlyConfig,float8,8.0,False,True,onnx_quantized_model_size,,onnx,model_size,False,1.0
808,235,64,209,508,"[235, 64, 209]",celu,model_2,Int8WeightOnlyConfig,int8,8.0,False,True,onnx_quantized_median_latency,0.0004979521036148071,onnx,median_latency,False,1.0
809,235,64,209,508,"[235, 64, 209]",celu,model_2,Float8WeightOnlyConfig,float8,8.0,False,True,onnx_quantized_median_latency,,onnx,median_latency,False,1.0
810,235,64,209,508,"[235, 64, 209]",celu,model_2,Int8WeightOnlyConfig,int8,8.0,False,True,onnx_quantized_p95_latency,0.0005108416080474854,onnx,p95_latency,False,1.0
811,235,64,209,508,"[235, 64, 209]",celu,model_2,Float8WeightOnlyConfig,float8,8.0,False,True,onnx_quantized_p95_latency,,onnx,p95_latency,False,1.0
812,235,64,209,508,"[235, 64, 209]",celu,model_2,Int8WeightOnlyConfig,int8,8.0,False,True,onnx_quantized_p99_latency,0.0005243643000721932,onnx,p99_latency,False,1.0
813,235,64,209,508,"[235, 64, 209]",celu,model_2,Float8WeightOnlyConfig,float8,8.0,False,True,onnx_quantized_p99_latency,,onnx,p99_latency,False,1.0
814,235,64,209,508,"[235, 64, 209]",celu,model_2,Int8WeightOnlyConfig,int8,8.0,False,True,onnx_relative_model_size,2.41490213199447,onnx,model_size,True,1.0
815,235,64,209,508,"[235, 64, 209]",celu,model_2,Float8WeightOnlyConfig,float8,8.0,False,True,onnx_relative_model_size,,onnx,model_size,True,1.0
816,235,64,209,508,"[235, 64, 209]",celu,model_2,Int8WeightOnlyConfig,int8,8.0,False,True,onnx_relative_median_latency,1.1688352570828962,onnx,median_latency,True,1.0
817,235,64,209,508,"[235, 64, 209]",celu,model_2,Float8WeightOnlyConfig,float8,8.0,False,True,onnx_relative_median_latency,,onnx,median_latency,True,1.0
818,235,64,209,508,"[235, 64, 209]",celu,model_2,Int8WeightOnlyConfig,int8,8.0,False,True,onnx_relative_p95_latency,1.1744287176974935,onnx,p95_latency,True,1.0
819,235,64,209,508,"[235, 64, 209]",celu,model_2,Float8WeightOnlyConfig,float8,8.0,False,True,onnx_relative_p95_latency,,onnx,p95_latency,True,1.0
820,235,64,209,508,"[235, 64, 209]",celu,model_2,Int8WeightOnlyConfig,int8,8.0,False,True,onnx_relative_p99_latency,1.1859115950648313,onnx,p99_latency,True,1.0
821,235,64,209,508,"[235, 64, 209]",celu,model_2,Float8WeightOnlyConfig,float8,8.0,False,True,onnx_relative_p99_latency,,onnx,p99_latency,True,1.0
822,235,64,209,508,"[235, 64, 209]",celu,model_2,Int8WeightOnlyConfig,int8,8.0,False,True,pt2_quantized_model_size,192929.0,pt2,model_size,False,1.0
823,235,64,209,508,"[235, 64, 209]",celu,model_2,Float8WeightOnlyConfig,float8,8.0,False,True,pt2_quantized_model_size,172193.0,pt2,model_size,False,1.0
824,235,64,209,508,"[235, 64, 209]",celu,model_2,Int8WeightOnlyConfig,int8,8.0,False,True,pt2_quantized_median_latency,0.0008811093866825104,pt2,median_latency,False,1.0
825,235,64,209,508,"[235, 64, 209]",celu,model_2,Float8WeightOnlyConfig,float8,8.0,False,True,pt2_quantized_median_latency,0.0007171295583248138,pt2,median_latency,False,1.0
826,235,64,209,508,"[235, 64, 209]",celu,model_2,Int8WeightOnlyConfig,int8,8.0,False,True,pt2_quantized_p95_latency,0.0008958395570516587,pt2,p95_latency,False,1.0
827,235,64,209,508,"[235, 64, 209]",celu,model_2,Float8WeightOnlyConfig,float8,8.0,False,True,pt2_quantized_p95_latency,0.0007347086444497109,pt2,p95_latency,False,1.0
828,235,64,209,508,"[235, 64, 209]",celu,model_2,Int8WeightOnlyConfig,int8,8.0,False,True,pt2_quantized_p99_latency,0.001069093495607376,pt2,p99_latency,False,1.0
829,235,64,209,508,"[235, 64, 209]",celu,model_2,Float8WeightOnlyConfig,float8,8.0,False,True,pt2_quantized_p99_latency,0.000865560844540596,pt2,p99_latency,False,1.0
830,235,64,209,508,"[235, 64, 209]",celu,model_2,Int8WeightOnlyConfig,int8,8.0,False,True,pt2_relative_model_size,0.7510910400404882,pt2,model_size,True,1.0
831,235,64,209,508,"[235, 64, 209]",celu,model_2,Float8WeightOnlyConfig,float8,8.0,False,True,pt2_relative_model_size,0.6703638097833492,pt2,model_size,True,1.0
832,235,64,209,508,"[235, 64, 209]",celu,model_2,Int8WeightOnlyConfig,int8,8.0,False,True,pt2_relative_median_latency,1.4314912211684532,pt2,median_latency,True,1.0
833,235,64,209,508,"[235, 64, 209]",celu,model_2,Float8WeightOnlyConfig,float8,8.0,False,True,pt2_relative_median_latency,1.1650819781270616,pt2,median_latency,True,1.0
834,235,64,209,508,"[235, 64, 209]",celu,model_2,Int8WeightOnlyConfig,int8,8.0,False,True,pt2_relative_p95_latency,1.4046545316481576,pt2,p95_latency,True,1.0
835,235,64,209,508,"[235, 64, 209]",celu,model_2,Float8WeightOnlyConfig,float8,8.0,False,True,pt2_relative_p95_latency,1.1520051986360882,pt2,p95_latency,True,1.0
836,235,64,209,508,"[235, 64, 209]",celu,model_2,Int8WeightOnlyConfig,int8,8.0,False,True,pt2_relative_p99_latency,1.3689741688010284,pt2,p99_latency,True,1.0
837,235,64,209,508,"[235, 64, 209]",celu,model_2,Float8WeightOnlyConfig,float8,8.0,False,True,pt2_relative_p99_latency,1.108350619071434,pt2,p99_latency,True,1.0
838,235,64,209,508,"[235, 64, 209]",celu,model_2,Int8WeightOnlyConfig,int8,8.0,False,True,pytorch_quantized_MAE,9.983108635343479,pytorch,MAE,False,2.0
839,235,64,209,508,"[235, 64, 209]",celu,model_2,Float8WeightOnlyConfig,float8,8.0,False,True,pytorch_quantized_MAE,9.972521554941517,pytorch,MAE,False,2.0
840,235,64,209,508,"[235, 64, 209]",celu,model_2,Int8WeightOnlyConfig,int8,8.0,False,True,pytorch_relative_MAE,1.0008172809542102,pytorch,MAE,True,2.0
841,235,64,209,508,"[235, 64, 209]",celu,model_2,Float8WeightOnlyConfig,float8,8.0,False,True,pytorch_relative_MAE,0.9997559148599234,pytorch,MAE,True,2.0
842,235,64,209,508,"[235, 64, 209]",celu,model_2,Int8WeightOnlyConfig,int8,8.0,False,True,pytorch_quantized_model_size,48169.0,pytorch,model_size,False,2.0
843,235,64,209,508,"[235, 64, 209]",celu,model_2,Float8WeightOnlyConfig,float8,8.0,False,True,pytorch_quantized_model_size,48169.0,pytorch,model_size,False,2.0
844,235,64,209,508,"[235, 64, 209]",celu,model_2,Int8WeightOnlyConfig,int8,8.0,False,True,pytorch_quantized_median_latency,0.00042927078902721405,pytorch,median_latency,False,2.0
845,235,64,209,508,"[235, 64, 209]",celu,model_2,Float8WeightOnlyConfig,float8,8.0,False,True,pytorch_quantized_median_latency,0.000522218644618988,pytorch,median_latency,False,2.0
846,235,64,209,508,"[235, 64, 209]",celu,model_2,Int8WeightOnlyConfig,int8,8.0,False,True,pytorch_quantized_p95_latency,0.00043994374573230743,pytorch,p95_latency,False,2.0
847,235,64,209,508,"[235, 64, 209]",celu,model_2,Float8WeightOnlyConfig,float8,8.0,False,True,pytorch_quantized_p95_latency,0.0005308842286467552,pytorch,p95_latency,False,2.0
848,235,64,209,508,"[235, 64, 209]",celu,model_2,Int8WeightOnlyConfig,int8,8.0,False,True,pytorch_quantized_p99_latency,0.00044129122048616406,pytorch,p99_latency,False,2.0
849,235,64,209,508,"[235, 64, 209]",celu,model_2,Float8WeightOnlyConfig,float8,8.0,False,True,pytorch_quantized_p99_latency,0.0005524240061640737,pytorch,p99_latency,False,2.0
850,235,64,209,508,"[235, 64, 209]",celu,model_2,Int8WeightOnlyConfig,int8,8.0,False,True,pytorch_relative_model_size,0.25,pytorch,model_size,True,2.0
851,235,64,209,508,"[235, 64, 209]",celu,model_2,Float8WeightOnlyConfig,float8,8.0,False,True,pytorch_relative_model_size,0.25,pytorch,model_size,True,2.0
852,235,64,209,508,"[235, 64, 209]",celu,model_2,Int8WeightOnlyConfig,int8,8.0,False,True,pytorch_relative_median_latency,2.7147148208353946,pytorch,median_latency,True,2.0
853,235,64,209,508,"[235, 64, 209]",celu,model_2,Float8WeightOnlyConfig,float8,8.0,False,True,pytorch_relative_median_latency,3.3025184347539285,pytorch,median_latency,True,2.0
854,235,64,209,508,"[235, 64, 209]",celu,model_2,Int8WeightOnlyConfig,int8,8.0,False,True,pytorch_relative_p95_latency,2.56961670017494,pytorch,p95_latency,True,2.0
855,235,64,209,508,"[235, 64, 209]",celu,model_2,Float8WeightOnlyConfig,float8,8.0,False,True,pytorch_relative_p95_latency,3.1007804816487816,pytorch,p95_latency,True,2.0
856,235,64,209,508,"[235, 64, 209]",celu,model_2,Int8WeightOnlyConfig,int8,8.0,False,True,pytorch_relative_p99_latency,1.8361913102785494,pytorch,p99_latency,True,2.0
857,235,64,209,508,"[235, 64, 209]",celu,model_2,Float8WeightOnlyConfig,float8,8.0,False,True,pytorch_relative_p99_latency,2.298609427557237,pytorch,p99_latency,True,2.0
858,235,64,209,508,"[235, 64, 209]",celu,model_2,Int8WeightOnlyConfig,int8,8.0,False,True,onnx_quantized_model_size,33188.0,onnx,model_size,False,2.0
859,235,64,209,508,"[235, 64, 209]",celu,model_2,Float8WeightOnlyConfig,float8,8.0,False,True,onnx_quantized_model_size,,onnx,model_size,False,2.0
860,235,64,209,508,"[235, 64, 209]",celu,model_2,Int8WeightOnlyConfig,int8,8.0,False,True,onnx_quantized_median_latency,0.000483877956867218,onnx,median_latency,False,2.0
861,235,64,209,508,"[235, 64, 209]",celu,model_2,Float8WeightOnlyConfig,float8,8.0,False,True,onnx_quantized_median_latency,,onnx,median_latency,False,2.0
862,235,64,209,508,"[235, 64, 209]",celu,model_2,Int8WeightOnlyConfig,int8,8.0,False,True,onnx_quantized_p95_latency,0.0004991956055164337,onnx,p95_latency,False,2.0
863,235,64,209,508,"[235, 64, 209]",celu,model_2,Float8WeightOnlyConfig,float8,8.0,False,True,onnx_quantized_p95_latency,,onnx,p95_latency,False,2.0
864,235,64,209,508,"[235, 64, 209]",celu,model_2,Int8WeightOnlyConfig,int8,8.0,False,True,onnx_quantized_p99_latency,0.000504782497882843,onnx,p99_latency,False,2.0
865,235,64,209,508,"[235, 64, 209]",celu,model_2,Float8WeightOnlyConfig,float8,8.0,False,True,onnx_quantized_p99_latency,,onnx,p99_latency,False,2.0
866,235,64,209,508,"[235, 64, 209]",celu,model_2,Int8WeightOnlyConfig,int8,8.0,False,True,onnx_relative_model_size,2.41490213199447,onnx,model_size,True,2.0
867,235,64,209,508,"[235, 64, 209]",celu,model_2,Float8WeightOnlyConfig,float8,8.0,False,True,onnx_relative_model_size,,onnx,model_size,True,2.0
868,235,64,209,508,"[235, 64, 209]",celu,model_2,Int8WeightOnlyConfig,int8,8.0,False,True,onnx_relative_median_latency,1.130480948319379,onnx,median_latency,True,2.0
869,235,64,209,508,"[235, 64, 209]",celu,model_2,Float8WeightOnlyConfig,float8,8.0,False,True,onnx_relative_median_latency,,onnx,median_latency,True,2.0
870,235,64,209,508,"[235, 64, 209]",celu,model_2,Int8WeightOnlyConfig,int8,8.0,False,True,onnx_relative_p95_latency,1.1316128264057461,onnx,p95_latency,True,2.0
871,235,64,209,508,"[235, 64, 209]",celu,model_2,Float8WeightOnlyConfig,float8,8.0,False,True,onnx_relative_p95_latency,,onnx,p95_latency,True,2.0
872,235,64,209,508,"[235, 64, 209]",celu,model_2,Int8WeightOnlyConfig,int8,8.0,False,True,onnx_relative_p99_latency,1.1303488676283728,onnx,p99_latency,True,2.0
873,235,64,209,508,"[235, 64, 209]",celu,model_2,Float8WeightOnlyConfig,float8,8.0,False,True,onnx_relative_p99_latency,,onnx,p99_latency,True,2.0
874,235,64,209,508,"[235, 64, 209]",celu,model_2,Int8WeightOnlyConfig,int8,8.0,False,True,pt2_quantized_model_size,192929.0,pt2,model_size,False,2.0
875,235,64,209,508,"[235, 64, 209]",celu,model_2,Float8WeightOnlyConfig,float8,8.0,False,True,pt2_quantized_model_size,172193.0,pt2,model_size,False,2.0
876,235,64,209,508,"[235, 64, 209]",celu,model_2,Int8WeightOnlyConfig,int8,8.0,False,True,pt2_quantized_median_latency,0.0008836090564727783,pt2,median_latency,False,2.0
877,235,64,209,508,"[235, 64, 209]",celu,model_2,Float8WeightOnlyConfig,float8,8.0,False,True,pt2_quantized_median_latency,0.0007274001836776733,pt2,median_latency,False,2.0
878,235,64,209,508,"[235, 64, 209]",celu,model_2,Int8WeightOnlyConfig,int8,8.0,False,True,pt2_quantized_p95_latency,0.0008990908041596412,pt2,p95_latency,False,2.0
879,235,64,209,508,"[235, 64, 209]",celu,model_2,Float8WeightOnlyConfig,float8,8.0,False,True,pt2_quantized_p95_latency,0.0007395491003990174,pt2,p95_latency,False,2.0
880,235,64,209,508,"[235, 64, 209]",celu,model_2,Int8WeightOnlyConfig,int8,8.0,False,True,pt2_quantized_p99_latency,0.0010217735543847084,pt2,p99_latency,False,2.0
881,235,64,209,508,"[235, 64, 209]",celu,model_2,Float8WeightOnlyConfig,float8,8.0,False,True,pt2_quantized_p99_latency,0.0008875053375959396,pt2,p99_latency,False,2.0
882,235,64,209,508,"[235, 64, 209]",celu,model_2,Int8WeightOnlyConfig,int8,8.0,False,True,pt2_relative_model_size,0.7510910400404882,pt2,model_size,True,2.0
883,235,64,209,508,"[235, 64, 209]",celu,model_2,Float8WeightOnlyConfig,float8,8.0,False,True,pt2_relative_model_size,0.6703638097833492,pt2,model_size,True,2.0
884,235,64,209,508,"[235, 64, 209]",celu,model_2,Int8WeightOnlyConfig,int8,8.0,False,True,pt2_relative_median_latency,1.4318821856861284,pt2,median_latency,True,2.0
885,235,64,209,508,"[235, 64, 209]",celu,model_2,Float8WeightOnlyConfig,float8,8.0,False,True,pt2_relative_median_latency,1.1787468193576234,pt2,median_latency,True,2.0
886,235,64,209,508,"[235, 64, 209]",celu,model_2,Int8WeightOnlyConfig,int8,8.0,False,True,pt2_relative_p95_latency,1.4024831174627117,pt2,p95_latency,True,2.0
887,235,64,209,508,"[235, 64, 209]",celu,model_2,Float8WeightOnlyConfig,float8,8.0,False,True,pt2_relative_p95_latency,1.1536155447767136,pt2,p95_latency,True,2.0
888,235,64,209,508,"[235, 64, 209]",celu,model_2,Int8WeightOnlyConfig,int8,8.0,False,True,pt2_relative_p99_latency,1.2933716226564853,pt2,p99_latency,True,2.0
889,235,64,209,508,"[235, 64, 209]",celu,model_2,Float8WeightOnlyConfig,float8,8.0,False,True,pt2_relative_p99_latency,1.123413513372813,pt2,p99_latency,True,2.0
890,235,64,209,508,"[235, 64, 209]",celu,model_2,Int8WeightOnlyConfig,int8,8.0,False,True,pytorch_quantized_MAE,9.706156338595717,pytorch,MAE,False,3.0
891,235,64,209,508,"[235, 64, 209]",celu,model_2,Float8WeightOnlyConfig,float8,8.0,False,True,pytorch_quantized_MAE,9.700595794706443,pytorch,MAE,False,3.0
892,235,64,209,508,"[235, 64, 209]",celu,model_2,Int8WeightOnlyConfig,int8,8.0,False,True,pytorch_relative_MAE,1.000724701182777,pytorch,MAE,True,3.0
893,235,64,209,508,"[235, 64, 209]",celu,model_2,Float8WeightOnlyConfig,float8,8.0,False,True,pytorch_relative_MAE,1.0001513976599516,pytorch,MAE,True,3.0
894,235,64,209,508,"[235, 64, 209]",celu,model_2,Int8WeightOnlyConfig,int8,8.0,False,True,pytorch_quantized_model_size,48169.0,pytorch,model_size,False,3.0
895,235,64,209,508,"[235, 64, 209]",celu,model_2,Float8WeightOnlyConfig,float8,8.0,False,True,pytorch_quantized_model_size,48169.0,pytorch,model_size,False,3.0
896,235,64,209,508,"[235, 64, 209]",celu,model_2,Int8WeightOnlyConfig,int8,8.0,False,True,pytorch_quantized_median_latency,0.0004295278340578079,pytorch,median_latency,False,3.0
897,235,64,209,508,"[235, 64, 209]",celu,model_2,Float8WeightOnlyConfig,float8,8.0,False,True,pytorch_quantized_median_latency,0.0005164146423339844,pytorch,median_latency,False,3.0
898,235,64,209,508,"[235, 64, 209]",celu,model_2,Int8WeightOnlyConfig,int8,8.0,False,True,pytorch_quantized_p95_latency,0.00047872830182313917,pytorch,p95_latency,False,3.0
899,235,64,209,508,"[235, 64, 209]",celu,model_2,Float8WeightOnlyConfig,float8,8.0,False,True,pytorch_quantized_p95_latency,0.0005241535604000091,pytorch,p95_latency,False,3.0
900,235,64,209,508,"[235, 64, 209]",celu,model_2,Int8WeightOnlyConfig,int8,8.0,False,True,pytorch_quantized_p99_latency,0.000484352670609951,pytorch,p99_latency,False,3.0
901,235,64,209,508,"[235, 64, 209]",celu,model_2,Float8WeightOnlyConfig,float8,8.0,False,True,pytorch_quantized_p99_latency,0.000579751543700695,pytorch,p99_latency,False,3.0
902,235,64,209,508,"[235, 64, 209]",celu,model_2,Int8WeightOnlyConfig,int8,8.0,False,True,pytorch_relative_model_size,0.25,pytorch,model_size,True,3.0
903,235,64,209,508,"[235, 64, 209]",celu,model_2,Float8WeightOnlyConfig,float8,8.0,False,True,pytorch_relative_model_size,0.25,pytorch,model_size,True,3.0
904,235,64,209,508,"[235, 64, 209]",celu,model_2,Int8WeightOnlyConfig,int8,8.0,False,True,pytorch_relative_median_latency,2.733988570886586,pytorch,median_latency,True,3.0
905,235,64,209,508,"[235, 64, 209]",celu,model_2,Float8WeightOnlyConfig,float8,8.0,False,True,pytorch_relative_median_latency,3.2870319872904465,pytorch,median_latency,True,3.0
906,235,64,209,508,"[235, 64, 209]",celu,model_2,Int8WeightOnlyConfig,int8,8.0,False,True,pytorch_relative_p95_latency,2.8401551936384313,pytorch,p95_latency,True,3.0
907,235,64,209,508,"[235, 64, 209]",celu,model_2,Float8WeightOnlyConfig,float8,8.0,False,True,pytorch_relative_p95_latency,3.1096499855238062,pytorch,p95_latency,True,3.0
908,235,64,209,508,"[235, 64, 209]",celu,model_2,Int8WeightOnlyConfig,int8,8.0,False,True,pytorch_relative_p99_latency,2.8264062692591043,pytorch,p99_latency,True,3.0
909,235,64,209,508,"[235, 64, 209]",celu,model_2,Float8WeightOnlyConfig,float8,8.0,False,True,pytorch_relative_p99_latency,3.3830997476792337,pytorch,p99_latency,True,3.0
910,235,64,209,508,"[235, 64, 209]",celu,model_2,Int8WeightOnlyConfig,int8,8.0,False,True,onnx_quantized_model_size,33188.0,onnx,model_size,False,3.0
911,235,64,209,508,"[235, 64, 209]",celu,model_2,Float8WeightOnlyConfig,float8,8.0,False,True,onnx_quantized_model_size,,onnx,model_size,False,3.0
912,235,64,209,508,"[235, 64, 209]",celu,model_2,Int8WeightOnlyConfig,int8,8.0,False,True,onnx_quantized_median_latency,0.0005010887980461121,onnx,median_latency,False,3.0
913,235,64,209,508,"[235, 64, 209]",celu,model_2,Float8WeightOnlyConfig,float8,8.0,False,True,onnx_quantized_median_latency,,onnx,median_latency,False,3.0
914,235,64,209,508,"[235, 64, 209]",celu,model_2,Int8WeightOnlyConfig,int8,8.0,False,True,onnx_quantized_p95_latency,0.0005145352333784103,onnx,p95_latency,False,3.0
915,235,64,209,508,"[235, 64, 209]",celu,model_2,Float8WeightOnlyConfig,float8,8.0,False,True,onnx_quantized_p95_latency,,onnx,p95_latency,False,3.0
916,235,64,209,508,"[235, 64, 209]",celu,model_2,Int8WeightOnlyConfig,int8,8.0,False,True,onnx_quantized_p99_latency,0.0005349791795015335,onnx,p99_latency,False,3.0
917,235,64,209,508,"[235, 64, 209]",celu,model_2,Float8WeightOnlyConfig,float8,8.0,False,True,onnx_quantized_p99_latency,,onnx,p99_latency,False,3.0
918,235,64,209,508,"[235, 64, 209]",celu,model_2,Int8WeightOnlyConfig,int8,8.0,False,True,onnx_relative_model_size,2.41490213199447,onnx,model_size,True,3.0
919,235,64,209,508,"[235, 64, 209]",celu,model_2,Float8WeightOnlyConfig,float8,8.0,False,True,onnx_relative_model_size,,onnx,model_size,True,3.0
920,235,64,209,508,"[235, 64, 209]",celu,model_2,Int8WeightOnlyConfig,int8,8.0,False,True,onnx_relative_median_latency,1.1578770675607626,onnx,median_latency,True,3.0
921,235,64,209,508,"[235, 64, 209]",celu,model_2,Float8WeightOnlyConfig,float8,8.0,False,True,onnx_relative_median_latency,,onnx,median_latency,True,3.0
922,235,64,209,508,"[235, 64, 209]",celu,model_2,Int8WeightOnlyConfig,int8,8.0,False,True,onnx_relative_p95_latency,1.1538082409205772,onnx,p95_latency,True,3.0
923,235,64,209,508,"[235, 64, 209]",celu,model_2,Float8WeightOnlyConfig,float8,8.0,False,True,onnx_relative_p95_latency,,onnx,p95_latency,True,3.0
924,235,64,209,508,"[235, 64, 209]",celu,model_2,Int8WeightOnlyConfig,int8,8.0,False,True,onnx_relative_p99_latency,1.1636967319062361,onnx,p99_latency,True,3.0
925,235,64,209,508,"[235, 64, 209]",celu,model_2,Float8WeightOnlyConfig,float8,8.0,False,True,onnx_relative_p99_latency,,onnx,p99_latency,True,3.0
926,235,64,209,508,"[235, 64, 209]",celu,model_2,Int8WeightOnlyConfig,int8,8.0,False,True,pt2_quantized_model_size,192929.0,pt2,model_size,False,3.0
927,235,64,209,508,"[235, 64, 209]",celu,model_2,Float8WeightOnlyConfig,float8,8.0,False,True,pt2_quantized_model_size,172193.0,pt2,model_size,False,3.0
928,235,64,209,508,"[235, 64, 209]",celu,model_2,Int8WeightOnlyConfig,int8,8.0,False,True,pt2_quantized_median_latency,0.0008813068270683289,pt2,median_latency,False,3.0
929,235,64,209,508,"[235, 64, 209]",celu,model_2,Float8WeightOnlyConfig,float8,8.0,False,True,pt2_quantized_median_latency,0.0007149148732423782,pt2,median_latency,False,3.0
930,235,64,209,508,"[235, 64, 209]",celu,model_2,Int8WeightOnlyConfig,int8,8.0,False,True,pt2_quantized_p95_latency,0.0008975381031632423,pt2,p95_latency,False,3.0
931,235,64,209,508,"[235, 64, 209]",celu,model_2,Float8WeightOnlyConfig,float8,8.0,False,True,pt2_quantized_p95_latency,0.0007326971739530563,pt2,p95_latency,False,3.0
932,235,64,209,508,"[235, 64, 209]",celu,model_2,Int8WeightOnlyConfig,int8,8.0,False,True,pt2_quantized_p99_latency,0.0010182604938745498,pt2,p99_latency,False,3.0
933,235,64,209,508,"[235, 64, 209]",celu,model_2,Float8WeightOnlyConfig,float8,8.0,False,True,pt2_quantized_p99_latency,0.0008681243285536764,pt2,p99_latency,False,3.0
934,235,64,209,508,"[235, 64, 209]",celu,model_2,Int8WeightOnlyConfig,int8,8.0,False,True,pt2_relative_model_size,0.7510910400404882,pt2,model_size,True,3.0
935,235,64,209,508,"[235, 64, 209]",celu,model_2,Float8WeightOnlyConfig,float8,8.0,False,True,pt2_relative_model_size,0.6703638097833492,pt2,model_size,True,3.0
936,235,64,209,508,"[235, 64, 209]",celu,model_2,Int8WeightOnlyConfig,int8,8.0,False,True,pt2_relative_median_latency,1.4669481830104267,pt2,median_latency,True,3.0
937,235,64,209,508,"[235, 64, 209]",celu,model_2,Float8WeightOnlyConfig,float8,8.0,False,True,pt2_relative_median_latency,1.189986327234846,pt2,median_latency,True,3.0
938,235,64,209,508,"[235, 64, 209]",celu,model_2,Int8WeightOnlyConfig,int8,8.0,False,True,pt2_relative_p95_latency,1.439059732395666,pt2,p95_latency,True,3.0
939,235,64,209,508,"[235, 64, 209]",celu,model_2,Float8WeightOnlyConfig,float8,8.0,False,True,pt2_relative_p95_latency,1.1747634951205796,pt2,p95_latency,True,3.0
940,235,64,209,508,"[235, 64, 209]",celu,model_2,Int8WeightOnlyConfig,int8,8.0,False,True,pt2_relative_p99_latency,1.332130436653639,pt2,p99_latency,True,3.0
941,235,64,209,508,"[235, 64, 209]",celu,model_2,Float8WeightOnlyConfig,float8,8.0,False,True,pt2_relative_p99_latency,1.1357161039072305,pt2,p99_latency,True,3.0
942,557,102,196,855,"[557, 102, 196]",relu,model_20,,,,,,,,,,,
943,583,233,155,971,"[583, 233, 155]",celu,model_21,,,,,,,,,,,
944,182,64,32,278,"[182, 64, 32]",celu,model_22,,,,,,,,,,,
945,385,354,214,953,"[385, 354, 214]",elu,model_23,,,,,,,,,,,
946,895,146,80,1121,"[895, 146, 80]",gelu,model_24,,,,,,,,,,,
947,800,332,197,1329,"[800, 332, 197]",leaky_relu,model_25,,,,,,,,,,,
948,413,64,63,540,"[413, 64, 63]",celu,model_26,,,,,,,,,,,
949,168,427,142,737,"[168, 427, 142]",gelu,model_27,,,,,,,,,,,
950,663,185,32,880,"[663, 185, 32]",gelu,model_28,,,,,,,,,,,
951,465,372,88,925,"[465, 372, 88]",elu,model_29,,,,,,,,,,,
952,128,385,32,545,"[128, 385, 32]",relu,model_3,Int8WeightOnlyConfig,int8,8.0,False,True,pytorch_quantized_MAE,8.662087060994734,pytorch,MAE,False,1.0
953,128,385,32,545,"[128, 385, 32]",relu,model_3,Float8WeightOnlyConfig,float8,8.0,False,True,pytorch_quantized_MAE,8.906013068901629,pytorch,MAE,False,1.0
954,128,385,32,545,"[128, 385, 32]",relu,model_3,Int8WeightOnlyConfig,int8,8.0,False,True,pytorch_relative_MAE,1.0007115818617482,pytorch,MAE,True,1.0
955,128,385,32,545,"[128, 385, 32]",relu,model_3,Float8WeightOnlyConfig,float8,8.0,False,True,pytorch_relative_MAE,1.0288918090415127,pytorch,MAE,True,1.0
956,128,385,32,545,"[128, 385, 32]",relu,model_3,Int8WeightOnlyConfig,int8,8.0,False,True,pytorch_quantized_model_size,72546.0,pytorch,model_size,False,1.0
957,128,385,32,545,"[128, 385, 32]",relu,model_3,Float8WeightOnlyConfig,float8,8.0,False,True,pytorch_quantized_model_size,72546.0,pytorch,model_size,False,1.0
958,128,385,32,545,"[128, 385, 32]",relu,model_3,Int8WeightOnlyConfig,int8,8.0,False,True,pytorch_quantized_median_latency,0.0004244167357683182,pytorch,median_latency,False,1.0
959,128,385,32,545,"[128, 385, 32]",relu,model_3,Float8WeightOnlyConfig,float8,8.0,False,True,pytorch_quantized_median_latency,0.0005312412977218628,pytorch,median_latency,False,1.0
960,128,385,32,545,"[128, 385, 32]",relu,model_3,Int8WeightOnlyConfig,int8,8.0,False,True,pytorch_quantized_p95_latency,0.00043522361665964126,pytorch,p95_latency,False,1.0
961,128,385,32,545,"[128, 385, 32]",relu,model_3,Float8WeightOnlyConfig,float8,8.0,False,True,pytorch_quantized_p95_latency,0.0005922786891460419,pytorch,p95_latency,False,1.0
962,128,385,32,545,"[128, 385, 32]",relu,model_3,Int8WeightOnlyConfig,int8,8.0,False,True,pytorch_quantized_p99_latency,0.0004397067055106163,pytorch,p99_latency,False,1.0
963,128,385,32,545,"[128, 385, 32]",relu,model_3,Float8WeightOnlyConfig,float8,8.0,False,True,pytorch_quantized_p99_latency,0.00060015469789505,pytorch,p99_latency,False,1.0
964,128,385,32,545,"[128, 385, 32]",relu,model_3,Int8WeightOnlyConfig,int8,8.0,False,True,pytorch_relative_model_size,0.25,pytorch,model_size,True,1.0
965,128,385,32,545,"[128, 385, 32]",relu,model_3,Float8WeightOnlyConfig,float8,8.0,False,True,pytorch_relative_model_size,0.25,pytorch,model_size,True,1.0
966,128,385,32,545,"[128, 385, 32]",relu,model_3,Int8WeightOnlyConfig,int8,8.0,False,True,pytorch_relative_median_latency,2.655706942971363,pytorch,median_latency,True,1.0
967,128,385,32,545,"[128, 385, 32]",relu,model_3,Float8WeightOnlyConfig,float8,8.0,False,True,pytorch_relative_median_latency,3.32414130700824,pytorch,median_latency,True,1.0
968,128,385,32,545,"[128, 385, 32]",relu,model_3,Int8WeightOnlyConfig,int8,8.0,False,True,pytorch_relative_p95_latency,2.542185728616098,pytorch,p95_latency,True,1.0
969,128,385,32,545,"[128, 385, 32]",relu,model_3,Float8WeightOnlyConfig,float8,8.0,False,True,pytorch_relative_p95_latency,3.4595604955142165,pytorch,p95_latency,True,1.0
970,128,385,32,545,"[128, 385, 32]",relu,model_3,Int8WeightOnlyConfig,int8,8.0,False,True,pytorch_relative_p99_latency,2.517215089018487,pytorch,p99_latency,True,1.0
971,128,385,32,545,"[128, 385, 32]",relu,model_3,Float8WeightOnlyConfig,float8,8.0,False,True,pytorch_relative_p99_latency,3.435741239225374,pytorch,p99_latency,True,1.0
972,128,385,32,545,"[128, 385, 32]",relu,model_3,Int8WeightOnlyConfig,int8,8.0,False,True,onnx_quantized_model_size,32937.0,onnx,model_size,False,1.0
973,128,385,32,545,"[128, 385, 32]",relu,model_3,Float8WeightOnlyConfig,float8,8.0,False,True,onnx_quantized_model_size,,onnx,model_size,False,1.0
974,128,385,32,545,"[128, 385, 32]",relu,model_3,Int8WeightOnlyConfig,int8,8.0,False,True,onnx_quantized_median_latency,0.00022608041763305664,onnx,median_latency,False,1.0
975,128,385,32,545,"[128, 385, 32]",relu,model_3,Float8WeightOnlyConfig,float8,8.0,False,True,onnx_quantized_median_latency,,onnx,median_latency,False,1.0
976,128,385,32,545,"[128, 385, 32]",relu,model_3,Int8WeightOnlyConfig,int8,8.0,False,True,onnx_quantized_p95_latency,0.00026099495589733125,onnx,p95_latency,False,1.0
977,128,385,32,545,"[128, 385, 32]",relu,model_3,Float8WeightOnlyConfig,float8,8.0,False,True,onnx_quantized_p95_latency,,onnx,p95_latency,False,1.0
978,128,385,32,545,"[128, 385, 32]",relu,model_3,Int8WeightOnlyConfig,int8,8.0,False,True,onnx_quantized_p99_latency,0.0002682559937238693,onnx,p99_latency,False,1.0
979,128,385,32,545,"[128, 385, 32]",relu,model_3,Float8WeightOnlyConfig,float8,8.0,False,True,onnx_quantized_p99_latency,,onnx,p99_latency,False,1.0
980,128,385,32,545,"[128, 385, 32]",relu,model_3,Int8WeightOnlyConfig,int8,8.0,False,True,onnx_relative_model_size,2.4186370979585843,onnx,model_size,True,1.0
981,128,385,32,545,"[128, 385, 32]",relu,model_3,Float8WeightOnlyConfig,float8,8.0,False,True,onnx_relative_model_size,,onnx,model_size,True,1.0
982,128,385,32,545,"[128, 385, 32]",relu,model_3,Int8WeightOnlyConfig,int8,8.0,False,True,onnx_relative_median_latency,1.209189264579888,onnx,median_latency,True,1.0
983,128,385,32,545,"[128, 385, 32]",relu,model_3,Float8WeightOnlyConfig,float8,8.0,False,True,onnx_relative_median_latency,,onnx,median_latency,True,1.0
984,128,385,32,545,"[128, 385, 32]",relu,model_3,Int8WeightOnlyConfig,int8,8.0,False,True,onnx_relative_p95_latency,1.3012504469198516,onnx,p95_latency,True,1.0
985,128,385,32,545,"[128, 385, 32]",relu,model_3,Float8WeightOnlyConfig,float8,8.0,False,True,onnx_relative_p95_latency,,onnx,p95_latency,True,1.0
986,128,385,32,545,"[128, 385, 32]",relu,model_3,Int8WeightOnlyConfig,int8,8.0,False,True,onnx_relative_p99_latency,1.2853947386036555,onnx,p99_latency,True,1.0
987,128,385,32,545,"[128, 385, 32]",relu,model_3,Float8WeightOnlyConfig,float8,8.0,False,True,onnx_relative_p99_latency,,onnx,p99_latency,True,1.0
988,128,385,32,545,"[128, 385, 32]",relu,model_3,Int8WeightOnlyConfig,int8,8.0,False,True,pt2_quantized_model_size,217633.0,pt2,model_size,False,1.0
989,128,385,32,545,"[128, 385, 32]",relu,model_3,Float8WeightOnlyConfig,float8,8.0,False,True,pt2_quantized_model_size,196897.0,pt2,model_size,False,1.0
990,128,385,32,545,"[128, 385, 32]",relu,model_3,Int8WeightOnlyConfig,int8,8.0,False,True,pt2_quantized_median_latency,0.000916559249162674,pt2,median_latency,False,1.0
991,128,385,32,545,"[128, 385, 32]",relu,model_3,Float8WeightOnlyConfig,float8,8.0,False,True,pt2_quantized_median_latency,0.0007372722029685974,pt2,median_latency,False,1.0
992,128,385,32,545,"[128, 385, 32]",relu,model_3,Int8WeightOnlyConfig,int8,8.0,False,True,pt2_quantized_p95_latency,0.0009331524372100829,pt2,p95_latency,False,1.0
993,128,385,32,545,"[128, 385, 32]",relu,model_3,Float8WeightOnlyConfig,float8,8.0,False,True,pt2_quantized_p95_latency,0.0007492927834391594,pt2,p95_latency,False,1.0
994,128,385,32,545,"[128, 385, 32]",relu,model_3,Int8WeightOnlyConfig,int8,8.0,False,True,pt2_quantized_p99_latency,0.0011087432131171226,pt2,p99_latency,False,1.0
995,128,385,32,545,"[128, 385, 32]",relu,model_3,Float8WeightOnlyConfig,float8,8.0,False,True,pt2_quantized_p99_latency,0.0008854026347398758,pt2,p99_latency,False,1.0
996,128,385,32,545,"[128, 385, 32]",relu,model_3,Int8WeightOnlyConfig,int8,8.0,False,True,pt2_relative_model_size,0.6139759919879255,pt2,model_size,True,1.0
997,128,385,32,545,"[128, 385, 32]",relu,model_3,Float8WeightOnlyConfig,float8,8.0,False,True,pt2_relative_model_size,0.555476563271409,pt2,model_size,True,1.0
998,128,385,32,545,"[128, 385, 32]",relu,model_3,Int8WeightOnlyConfig,int8,8.0,False,True,pt2_relative_median_latency,1.9243665601645634,pt2,median_latency,True,1.0
999,128,385,32,545,"[128, 385, 32]",relu,model_3,Float8WeightOnlyConfig,float8,8.0,False,True,pt2_relative_median_latency,1.547943544760214,pt2,median_latency,True,1.0
1000,128,385,32,545,"[128, 385, 32]",relu,model_3,Int8WeightOnlyConfig,int8,8.0,False,True,pt2_relative_p95_latency,1.8656054064984187,pt2,p95_latency,True,1.0
1001,128,385,32,545,"[128, 385, 32]",relu,model_3,Float8WeightOnlyConfig,float8,8.0,False,True,pt2_relative_p95_latency,1.4980239155927269,pt2,p95_latency,True,1.0
1002,128,385,32,545,"[128, 385, 32]",relu,model_3,Int8WeightOnlyConfig,int8,8.0,False,True,pt2_relative_p99_latency,1.6847345079518923,pt2,p99_latency,True,1.0
1003,128,385,32,545,"[128, 385, 32]",relu,model_3,Float8WeightOnlyConfig,float8,8.0,False,True,pt2_relative_p99_latency,1.3453686611385107,pt2,p99_latency,True,1.0
1004,128,385,32,545,"[128, 385, 32]",relu,model_3,Int8WeightOnlyConfig,int8,8.0,False,True,pytorch_quantized_MAE,8.804275846436466,pytorch,MAE,False,2.0
1005,128,385,32,545,"[128, 385, 32]",relu,model_3,Float8WeightOnlyConfig,float8,8.0,False,True,pytorch_quantized_MAE,9.033222998747373,pytorch,MAE,False,2.0
1006,128,385,32,545,"[128, 385, 32]",relu,model_3,Int8WeightOnlyConfig,int8,8.0,False,True,pytorch_relative_MAE,1.0006299251503374,pytorch,MAE,True,2.0
1007,128,385,32,545,"[128, 385, 32]",relu,model_3,Float8WeightOnlyConfig,float8,8.0,False,True,pytorch_relative_MAE,1.0266503924637247,pytorch,MAE,True,2.0
1008,128,385,32,545,"[128, 385, 32]",relu,model_3,Int8WeightOnlyConfig,int8,8.0,False,True,pytorch_quantized_model_size,72546.0,pytorch,model_size,False,2.0
1009,128,385,32,545,"[128, 385, 32]",relu,model_3,Float8WeightOnlyConfig,float8,8.0,False,True,pytorch_quantized_model_size,72546.0,pytorch,model_size,False,2.0
1010,128,385,32,545,"[128, 385, 32]",relu,model_3,Int8WeightOnlyConfig,int8,8.0,False,True,pytorch_quantized_median_latency,0.0004067420959472656,pytorch,median_latency,False,2.0
1011,128,385,32,545,"[128, 385, 32]",relu,model_3,Float8WeightOnlyConfig,float8,8.0,False,True,pytorch_quantized_median_latency,0.0005076732486486435,pytorch,median_latency,False,2.0
1012,128,385,32,545,"[128, 385, 32]",relu,model_3,Int8WeightOnlyConfig,int8,8.0,False,True,pytorch_quantized_p95_latency,0.00041887350380420685,pytorch,p95_latency,False,2.0
1013,128,385,32,545,"[128, 385, 32]",relu,model_3,Float8WeightOnlyConfig,float8,8.0,False,True,pytorch_quantized_p95_latency,0.0005167663097381592,pytorch,p95_latency,False,2.0
1014,128,385,32,545,"[128, 385, 32]",relu,model_3,Int8WeightOnlyConfig,int8,8.0,False,True,pytorch_quantized_p99_latency,0.00042207852005958556,pytorch,p99_latency,False,2.0
1015,128,385,32,545,"[128, 385, 32]",relu,model_3,Float8WeightOnlyConfig,float8,8.0,False,True,pytorch_quantized_p99_latency,0.0005263577029109,pytorch,p99_latency,False,2.0
1016,128,385,32,545,"[128, 385, 32]",relu,model_3,Int8WeightOnlyConfig,int8,8.0,False,True,pytorch_relative_model_size,0.25,pytorch,model_size,True,2.0
1017,128,385,32,545,"[128, 385, 32]",relu,model_3,Float8WeightOnlyConfig,float8,8.0,False,True,pytorch_relative_model_size,0.25,pytorch,model_size,True,2.0
1018,128,385,32,545,"[128, 385, 32]",relu,model_3,Int8WeightOnlyConfig,int8,8.0,False,True,pytorch_relative_median_latency,2.676275216314925,pytorch,median_latency,True,2.0
1019,128,385,32,545,"[128, 385, 32]",relu,model_3,Float8WeightOnlyConfig,float8,8.0,False,True,pytorch_relative_median_latency,3.340380420128931,pytorch,median_latency,True,2.0
1020,128,385,32,545,"[128, 385, 32]",relu,model_3,Int8WeightOnlyConfig,int8,8.0,False,True,pytorch_relative_p95_latency,2.5555501260837,pytorch,p95_latency,True,2.0
1021,128,385,32,545,"[128, 385, 32]",relu,model_3,Float8WeightOnlyConfig,float8,8.0,False,True,pytorch_relative_p95_latency,3.152794808010718,pytorch,p95_latency,True,2.0
1022,128,385,32,545,"[128, 385, 32]",relu,model_3,Int8WeightOnlyConfig,int8,8.0,False,True,pytorch_relative_p99_latency,2.5158564395899163,pytorch,p99_latency,True,2.0
1023,128,385,32,545,"[128, 385, 32]",relu,model_3,Float8WeightOnlyConfig,float8,8.0,False,True,pytorch_relative_p99_latency,3.137426695414869,pytorch,p99_latency,True,2.0
1024,128,385,32,545,"[128, 385, 32]",relu,model_3,Int8WeightOnlyConfig,int8,8.0,False,True,onnx_quantized_model_size,32937.0,onnx,model_size,False,2.0
1025,128,385,32,545,"[128, 385, 32]",relu,model_3,Float8WeightOnlyConfig,float8,8.0,False,True,onnx_quantized_model_size,,onnx,model_size,False,2.0
1026,128,385,32,545,"[128, 385, 32]",relu,model_3,Int8WeightOnlyConfig,int8,8.0,False,True,onnx_quantized_median_latency,0.00022520124912261963,onnx,median_latency,False,2.0
1027,128,385,32,545,"[128, 385, 32]",relu,model_3,Float8WeightOnlyConfig,float8,8.0,False,True,onnx_quantized_median_latency,,onnx,median_latency,False,2.0
1028,128,385,32,545,"[128, 385, 32]",relu,model_3,Int8WeightOnlyConfig,int8,8.0,False,True,onnx_quantized_p95_latency,0.0002619257196784019,onnx,p95_latency,False,2.0
1029,128,385,32,545,"[128, 385, 32]",relu,model_3,Float8WeightOnlyConfig,float8,8.0,False,True,onnx_quantized_p95_latency,,onnx,p95_latency,False,2.0
1030,128,385,32,545,"[128, 385, 32]",relu,model_3,Int8WeightOnlyConfig,int8,8.0,False,True,onnx_quantized_p99_latency,0.0002684454619884491,onnx,p99_latency,False,2.0
1031,128,385,32,545,"[128, 385, 32]",relu,model_3,Float8WeightOnlyConfig,float8,8.0,False,True,onnx_quantized_p99_latency,,onnx,p99_latency,False,2.0
1032,128,385,32,545,"[128, 385, 32]",relu,model_3,Int8WeightOnlyConfig,int8,8.0,False,True,onnx_relative_model_size,2.4186370979585843,onnx,model_size,True,2.0
1033,128,385,32,545,"[128, 385, 32]",relu,model_3,Float8WeightOnlyConfig,float8,8.0,False,True,onnx_relative_model_size,,onnx,model_size,True,2.0
1034,128,385,32,545,"[128, 385, 32]",relu,model_3,Int8WeightOnlyConfig,int8,8.0,False,True,onnx_relative_median_latency,1.1839056823634244,onnx,median_latency,True,2.0
1035,128,385,32,545,"[128, 385, 32]",relu,model_3,Float8WeightOnlyConfig,float8,8.0,False,True,onnx_relative_median_latency,,onnx,median_latency,True,2.0
1036,128,385,32,545,"[128, 385, 32]",relu,model_3,Int8WeightOnlyConfig,int8,8.0,False,True,onnx_relative_p95_latency,1.3066845945913297,onnx,p95_latency,True,2.0
1037,128,385,32,545,"[128, 385, 32]",relu,model_3,Float8WeightOnlyConfig,float8,8.0,False,True,onnx_relative_p95_latency,,onnx,p95_latency,True,2.0
1038,128,385,32,545,"[128, 385, 32]",relu,model_3,Int8WeightOnlyConfig,int8,8.0,False,True,onnx_relative_p99_latency,1.2707107770526682,onnx,p99_latency,True,2.0
1039,128,385,32,545,"[128, 385, 32]",relu,model_3,Float8WeightOnlyConfig,float8,8.0,False,True,onnx_relative_p99_latency,,onnx,p99_latency,True,2.0
1040,128,385,32,545,"[128, 385, 32]",relu,model_3,Int8WeightOnlyConfig,int8,8.0,False,True,pt2_quantized_model_size,217633.0,pt2,model_size,False,2.0
1041,128,385,32,545,"[128, 385, 32]",relu,model_3,Float8WeightOnlyConfig,float8,8.0,False,True,pt2_quantized_model_size,196897.0,pt2,model_size,False,2.0
1042,128,385,32,545,"[128, 385, 32]",relu,model_3,Int8WeightOnlyConfig,int8,8.0,False,True,pt2_quantized_median_latency,0.0008731503039598465,pt2,median_latency,False,2.0
1043,128,385,32,545,"[128, 385, 32]",relu,model_3,Float8WeightOnlyConfig,float8,8.0,False,True,pt2_quantized_median_latency,0.0007163491100072861,pt2,median_latency,False,2.0
1044,128,385,32,545,"[128, 385, 32]",relu,model_3,Int8WeightOnlyConfig,int8,8.0,False,True,pt2_quantized_p95_latency,0.0008842242881655693,pt2,p95_latency,False,2.0
1045,128,385,32,545,"[128, 385, 32]",relu,model_3,Float8WeightOnlyConfig,float8,8.0,False,True,pt2_quantized_p95_latency,0.0007306279614567757,pt2,p95_latency,False,2.0
1046,128,385,32,545,"[128, 385, 32]",relu,model_3,Int8WeightOnlyConfig,int8,8.0,False,True,pt2_quantized_p99_latency,0.0010144229605793954,pt2,p99_latency,False,2.0
1047,128,385,32,545,"[128, 385, 32]",relu,model_3,Float8WeightOnlyConfig,float8,8.0,False,True,pt2_quantized_p99_latency,0.0009088185057044029,pt2,p99_latency,False,2.0
1048,128,385,32,545,"[128, 385, 32]",relu,model_3,Int8WeightOnlyConfig,int8,8.0,False,True,pt2_relative_model_size,0.6139759919879255,pt2,model_size,True,2.0
1049,128,385,32,545,"[128, 385, 32]",relu,model_3,Float8WeightOnlyConfig,float8,8.0,False,True,pt2_relative_model_size,0.555476563271409,pt2,model_size,True,2.0
1050,128,385,32,545,"[128, 385, 32]",relu,model_3,Int8WeightOnlyConfig,int8,8.0,False,True,pt2_relative_median_latency,1.9947786789674806,pt2,median_latency,True,2.0
1051,128,385,32,545,"[128, 385, 32]",relu,model_3,Float8WeightOnlyConfig,float8,8.0,False,True,pt2_relative_median_latency,1.6365543536540736,pt2,median_latency,True,2.0
1052,128,385,32,545,"[128, 385, 32]",relu,model_3,Int8WeightOnlyConfig,int8,8.0,False,True,pt2_relative_p95_latency,1.9637212700140896,pt2,p95_latency,True,2.0
1053,128,385,32,545,"[128, 385, 32]",relu,model_3,Float8WeightOnlyConfig,float8,8.0,False,True,pt2_relative_p95_latency,1.6226082992543298,pt2,p95_latency,True,2.0
1054,128,385,32,545,"[128, 385, 32]",relu,model_3,Int8WeightOnlyConfig,int8,8.0,False,True,pt2_relative_p99_latency,1.6170592758233426,pt2,p99_latency,True,2.0
1055,128,385,32,545,"[128, 385, 32]",relu,model_3,Float8WeightOnlyConfig,float8,8.0,False,True,pt2_relative_p99_latency,1.4487185836663568,pt2,p99_latency,True,2.0
1056,128,385,32,545,"[128, 385, 32]",relu,model_3,Int8WeightOnlyConfig,int8,8.0,False,True,pytorch_quantized_MAE,8.785235321532973,pytorch,MAE,False,3.0
1057,128,385,32,545,"[128, 385, 32]",relu,model_3,Float8WeightOnlyConfig,float8,8.0,False,True,pytorch_quantized_MAE,9.040470708235187,pytorch,MAE,False,3.0
1058,128,385,32,545,"[128, 385, 32]",relu,model_3,Int8WeightOnlyConfig,int8,8.0,False,True,pytorch_relative_MAE,1.0008349938754206,pytorch,MAE,True,3.0
1059,128,385,32,545,"[128, 385, 32]",relu,model_3,Float8WeightOnlyConfig,float8,8.0,False,True,pytorch_relative_MAE,1.0299120188312332,pytorch,MAE,True,3.0
1060,128,385,32,545,"[128, 385, 32]",relu,model_3,Int8WeightOnlyConfig,int8,8.0,False,True,pytorch_quantized_model_size,72546.0,pytorch,model_size,False,3.0
1061,128,385,32,545,"[128, 385, 32]",relu,model_3,Float8WeightOnlyConfig,float8,8.0,False,True,pytorch_quantized_model_size,72546.0,pytorch,model_size,False,3.0
1062,128,385,32,545,"[128, 385, 32]",relu,model_3,Int8WeightOnlyConfig,int8,8.0,False,True,pytorch_quantized_median_latency,0.000436488538980484,pytorch,median_latency,False,3.0
1063,128,385,32,545,"[128, 385, 32]",relu,model_3,Float8WeightOnlyConfig,float8,8.0,False,True,pytorch_quantized_median_latency,0.0005104653537273407,pytorch,median_latency,False,3.0
1064,128,385,32,545,"[128, 385, 32]",relu,model_3,Int8WeightOnlyConfig,int8,8.0,False,True,pytorch_quantized_p95_latency,0.000486365333199501,pytorch,p95_latency,False,3.0
1065,128,385,32,545,"[128, 385, 32]",relu,model_3,Float8WeightOnlyConfig,float8,8.0,False,True,pytorch_quantized_p95_latency,0.0005336558446288109,pytorch,p95_latency,False,3.0
1066,128,385,32,545,"[128, 385, 32]",relu,model_3,Int8WeightOnlyConfig,int8,8.0,False,True,pytorch_quantized_p99_latency,0.0004920677468180656,pytorch,p99_latency,False,3.0
1067,128,385,32,545,"[128, 385, 32]",relu,model_3,Float8WeightOnlyConfig,float8,8.0,False,True,pytorch_quantized_p99_latency,0.0005488000437617301,pytorch,p99_latency,False,3.0
1068,128,385,32,545,"[128, 385, 32]",relu,model_3,Int8WeightOnlyConfig,int8,8.0,False,True,pytorch_relative_model_size,0.25,pytorch,model_size,True,3.0
1069,128,385,32,545,"[128, 385, 32]",relu,model_3,Float8WeightOnlyConfig,float8,8.0,False,True,pytorch_relative_model_size,0.25,pytorch,model_size,True,3.0
1070,128,385,32,545,"[128, 385, 32]",relu,model_3,Int8WeightOnlyConfig,int8,8.0,False,True,pytorch_relative_median_latency,2.8050993536030644,pytorch,median_latency,True,3.0
1071,128,385,32,545,"[128, 385, 32]",relu,model_3,Float8WeightOnlyConfig,float8,8.0,False,True,pytorch_relative_median_latency,3.280512329423031,pytorch,median_latency,True,3.0
1072,128,385,32,545,"[128, 385, 32]",relu,model_3,Int8WeightOnlyConfig,int8,8.0,False,True,pytorch_relative_p95_latency,2.9216591718015534,pytorch,p95_latency,True,3.0
1073,128,385,32,545,"[128, 385, 32]",relu,model_3,Float8WeightOnlyConfig,float8,8.0,False,True,pytorch_relative_p95_latency,3.2057393621961165,pytorch,p95_latency,True,3.0
1074,128,385,32,545,"[128, 385, 32]",relu,model_3,Int8WeightOnlyConfig,int8,8.0,False,True,pytorch_relative_p99_latency,2.8888938219935594,pytorch,p99_latency,True,3.0
1075,128,385,32,545,"[128, 385, 32]",relu,model_3,Float8WeightOnlyConfig,float8,8.0,False,True,pytorch_relative_p99_latency,3.221964996050114,pytorch,p99_latency,True,3.0
1076,128,385,32,545,"[128, 385, 32]",relu,model_3,Int8WeightOnlyConfig,int8,8.0,False,True,onnx_quantized_model_size,32937.0,onnx,model_size,False,3.0
1077,128,385,32,545,"[128, 385, 32]",relu,model_3,Float8WeightOnlyConfig,float8,8.0,False,True,onnx_quantized_model_size,,onnx,model_size,False,3.0
1078,128,385,32,545,"[128, 385, 32]",relu,model_3,Int8WeightOnlyConfig,int8,8.0,False,True,onnx_quantized_median_latency,0.00023138336837291718,onnx,median_latency,False,3.0
1079,128,385,32,545,"[128, 385, 32]",relu,model_3,Float8WeightOnlyConfig,float8,8.0,False,True,onnx_quantized_median_latency,,onnx,median_latency,False,3.0
1080,128,385,32,545,"[128, 385, 32]",relu,model_3,Int8WeightOnlyConfig,int8,8.0,False,True,onnx_quantized_p95_latency,0.0002538602799177169,onnx,p95_latency,False,3.0
1081,128,385,32,545,"[128, 385, 32]",relu,model_3,Float8WeightOnlyConfig,float8,8.0,False,True,onnx_quantized_p95_latency,,onnx,p95_latency,False,3.0
1082,128,385,32,545,"[128, 385, 32]",relu,model_3,Int8WeightOnlyConfig,int8,8.0,False,True,onnx_quantized_p99_latency,0.0002711380273103714,onnx,p99_latency,False,3.0
1083,128,385,32,545,"[128, 385, 32]",relu,model_3,Float8WeightOnlyConfig,float8,8.0,False,True,onnx_quantized_p99_latency,,onnx,p99_latency,False,3.0
1084,128,385,32,545,"[128, 385, 32]",relu,model_3,Int8WeightOnlyConfig,int8,8.0,False,True,onnx_relative_model_size,2.4186370979585843,onnx,model_size,True,3.0
1085,128,385,32,545,"[128, 385, 32]",relu,model_3,Float8WeightOnlyConfig,float8,8.0,False,True,onnx_relative_model_size,,onnx,model_size,True,3.0
1086,128,385,32,545,"[128, 385, 32]",relu,model_3,Int8WeightOnlyConfig,int8,8.0,False,True,onnx_relative_median_latency,1.244744383654983,onnx,median_latency,True,3.0
1087,128,385,32,545,"[128, 385, 32]",relu,model_3,Float8WeightOnlyConfig,float8,8.0,False,True,onnx_relative_median_latency,,onnx,median_latency,True,3.0
1088,128,385,32,545,"[128, 385, 32]",relu,model_3,Int8WeightOnlyConfig,int8,8.0,False,True,onnx_relative_p95_latency,1.3106087123761896,onnx,p95_latency,True,3.0
1089,128,385,32,545,"[128, 385, 32]",relu,model_3,Float8WeightOnlyConfig,float8,8.0,False,True,onnx_relative_p95_latency,,onnx,p95_latency,True,3.0
1090,128,385,32,545,"[128, 385, 32]",relu,model_3,Int8WeightOnlyConfig,int8,8.0,False,True,onnx_relative_p99_latency,1.3819420539109422,onnx,p99_latency,True,3.0
1091,128,385,32,545,"[128, 385, 32]",relu,model_3,Float8WeightOnlyConfig,float8,8.0,False,True,onnx_relative_p99_latency,,onnx,p99_latency,True,3.0
1092,128,385,32,545,"[128, 385, 32]",relu,model_3,Int8WeightOnlyConfig,int8,8.0,False,True,pt2_quantized_model_size,217633.0,pt2,model_size,False,3.0
1093,128,385,32,545,"[128, 385, 32]",relu,model_3,Float8WeightOnlyConfig,float8,8.0,False,True,pt2_quantized_model_size,196897.0,pt2,model_size,False,3.0
1094,128,385,32,545,"[128, 385, 32]",relu,model_3,Int8WeightOnlyConfig,int8,8.0,False,True,pt2_quantized_median_latency,0.0009013637900352478,pt2,median_latency,False,3.0
1095,128,385,32,545,"[128, 385, 32]",relu,model_3,Float8WeightOnlyConfig,float8,8.0,False,True,pt2_quantized_median_latency,0.0007317475974559784,pt2,median_latency,False,3.0
1096,128,385,32,545,"[128, 385, 32]",relu,model_3,Int8WeightOnlyConfig,int8,8.0,False,True,pt2_quantized_p95_latency,0.0009218363091349601,pt2,p95_latency,False,3.0
1097,128,385,32,545,"[128, 385, 32]",relu,model_3,Float8WeightOnlyConfig,float8,8.0,False,True,pt2_quantized_p95_latency,0.0007535083219408989,pt2,p95_latency,False,3.0
1098,128,385,32,545,"[128, 385, 32]",relu,model_3,Int8WeightOnlyConfig,int8,8.0,False,True,pt2_quantized_p99_latency,0.00104074377566576,pt2,p99_latency,False,3.0
1099,128,385,32,545,"[128, 385, 32]",relu,model_3,Float8WeightOnlyConfig,float8,8.0,False,True,pt2_quantized_p99_latency,0.0008782999217510222,pt2,p99_latency,False,3.0
1100,128,385,32,545,"[128, 385, 32]",relu,model_3,Int8WeightOnlyConfig,int8,8.0,False,True,pt2_relative_model_size,0.6139759919879255,pt2,model_size,True,3.0
1101,128,385,32,545,"[128, 385, 32]",relu,model_3,Float8WeightOnlyConfig,float8,8.0,False,True,pt2_relative_model_size,0.555476563271409,pt2,model_size,True,3.0
1102,128,385,32,545,"[128, 385, 32]",relu,model_3,Int8WeightOnlyConfig,int8,8.0,False,True,pt2_relative_median_latency,2.0785609051040965,pt2,median_latency,True,3.0
1103,128,385,32,545,"[128, 385, 32]",relu,model_3,Float8WeightOnlyConfig,float8,8.0,False,True,pt2_relative_median_latency,1.687422953185604,pt2,median_latency,True,3.0
1104,128,385,32,545,"[128, 385, 32]",relu,model_3,Int8WeightOnlyConfig,int8,8.0,False,True,pt2_relative_p95_latency,2.0587374450640303,pt2,p95_latency,True,3.0
1105,128,385,32,545,"[128, 385, 32]",relu,model_3,Float8WeightOnlyConfig,float8,8.0,False,True,pt2_relative_p95_latency,1.682810475324832,pt2,p95_latency,True,3.0
1106,128,385,32,545,"[128, 385, 32]",relu,model_3,Int8WeightOnlyConfig,int8,8.0,False,True,pt2_relative_p99_latency,1.708954376157779,pt2,p99_latency,True,3.0
1107,128,385,32,545,"[128, 385, 32]",relu,model_3,Float8WeightOnlyConfig,float8,8.0,False,True,pt2_relative_p99_latency,1.4422132804928633,pt2,p99_latency,True,3.0
1108,128,135,180,443,"[128, 135, 180]",leaky_relu,model_30,,,,,,,,,,,
1109,278,270,34,582,"[278, 270, 34]",elu,model_31,,,,,,,,,,,
1110,774,64,124,962,"[774, 64, 124]",elu,model_32,,,,,,,,,,,
1111,766,391,187,1344,"[766, 391, 187]",celu,model_33,,,,,,,,,,,
1112,253,123,110,486,"[253, 123, 110]",elu,model_34,,,,,,,,,,,
1113,128,255,133,516,"[128, 255, 133]",leaky_relu,model_35,,,,,,,,,,,
1114,459,64,55,578,"[459, 64, 55]",relu,model_36,,,,,,,,,,,
1115,654,320,72,1046,"[654, 320, 72]",relu,model_37,,,,,,,,,,,
1116,141,83,218,442,"[141, 83, 218]",celu,model_38,,,,,,,,,,,
1117,398,435,32,865,"[398, 435, 32]",gelu,model_39,,,,,,,,,,,
1118,477,116,151,744,"[477, 116, 151]",gelu,model_4,Int8WeightOnlyConfig,int8,8.0,False,True,pytorch_quantized_MAE,8.488272393299294,pytorch,MAE,False,1.0
1119,477,116,151,744,"[477, 116, 151]",gelu,model_4,Float8WeightOnlyConfig,float8,8.0,False,True,pytorch_quantized_MAE,8.514760926211654,pytorch,MAE,False,1.0
1120,477,116,151,744,"[477, 116, 151]",gelu,model_4,Int8WeightOnlyConfig,int8,8.0,False,True,pytorch_relative_MAE,1.0001203577368236,pytorch,MAE,True,1.0
1121,477,116,151,744,"[477, 116, 151]",gelu,model_4,Float8WeightOnlyConfig,float8,8.0,False,True,pytorch_relative_MAE,1.003241336869532,pytorch,MAE,True,1.0
1122,477,116,151,744,"[477, 116, 151]",gelu,model_4,Int8WeightOnlyConfig,int8,8.0,False,True,pytorch_quantized_model_size,112381.0,pytorch,model_size,False,1.0
1123,477,116,151,744,"[477, 116, 151]",gelu,model_4,Float8WeightOnlyConfig,float8,8.0,False,True,pytorch_quantized_model_size,112381.0,pytorch,model_size,False,1.0
1124,477,116,151,744,"[477, 116, 151]",gelu,model_4,Int8WeightOnlyConfig,int8,8.0,False,True,pytorch_quantized_median_latency,0.0004192907363176346,pytorch,median_latency,False,1.0
1125,477,116,151,744,"[477, 116, 151]",gelu,model_4,Float8WeightOnlyConfig,float8,8.0,False,True,pytorch_quantized_median_latency,0.0005328189581632614,pytorch,median_latency,False,1.0
1126,477,116,151,744,"[477, 116, 151]",gelu,model_4,Int8WeightOnlyConfig,int8,8.0,False,True,pytorch_quantized_p95_latency,0.0004296856001019478,pytorch,p95_latency,False,1.0
1127,477,116,151,744,"[477, 116, 151]",gelu,model_4,Float8WeightOnlyConfig,float8,8.0,False,True,pytorch_quantized_p95_latency,0.0005885191261768341,pytorch,p95_latency,False,1.0
1128,477,116,151,744,"[477, 116, 151]",gelu,model_4,Int8WeightOnlyConfig,int8,8.0,False,True,pytorch_quantized_p99_latency,0.00043144799768924714,pytorch,p99_latency,False,1.0
1129,477,116,151,744,"[477, 116, 151]",gelu,model_4,Float8WeightOnlyConfig,float8,8.0,False,True,pytorch_quantized_p99_latency,0.0005920718610286712,pytorch,p99_latency,False,1.0
1130,477,116,151,744,"[477, 116, 151]",gelu,model_4,Int8WeightOnlyConfig,int8,8.0,False,True,pytorch_relative_model_size,0.25,pytorch,model_size,True,1.0
1131,477,116,151,744,"[477, 116, 151]",gelu,model_4,Float8WeightOnlyConfig,float8,8.0,False,True,pytorch_relative_model_size,0.25,pytorch,model_size,True,1.0
1132,477,116,151,744,"[477, 116, 151]",gelu,model_4,Int8WeightOnlyConfig,int8,8.0,False,True,pytorch_relative_median_latency,2.7718535666350617,pytorch,median_latency,True,1.0
1133,477,116,151,744,"[477, 116, 151]",gelu,model_4,Float8WeightOnlyConfig,float8,8.0,False,True,pytorch_relative_median_latency,3.5223676595535087,pytorch,median_latency,True,1.0
1134,477,116,151,744,"[477, 116, 151]",gelu,model_4,Int8WeightOnlyConfig,int8,8.0,False,True,pytorch_relative_p95_latency,2.651297687814768,pytorch,p95_latency,True,1.0
1135,477,116,151,744,"[477, 116, 151]",gelu,model_4,Float8WeightOnlyConfig,float8,8.0,False,True,pytorch_relative_p95_latency,3.631351383656328,pytorch,p95_latency,True,1.0
1136,477,116,151,744,"[477, 116, 151]",gelu,model_4,Int8WeightOnlyConfig,int8,8.0,False,True,pytorch_relative_p99_latency,2.6207415134622627,pytorch,p99_latency,True,1.0
1137,477,116,151,744,"[477, 116, 151]",gelu,model_4,Float8WeightOnlyConfig,float8,8.0,False,True,pytorch_relative_p99_latency,3.59641790774585,pytorch,p99_latency,True,1.0
1138,477,116,151,744,"[477, 116, 151]",gelu,model_4,Int8WeightOnlyConfig,int8,8.0,False,True,onnx_quantized_model_size,47745.0,onnx,model_size,False,1.0
1139,477,116,151,744,"[477, 116, 151]",gelu,model_4,Float8WeightOnlyConfig,float8,8.0,False,True,onnx_quantized_model_size,,onnx,model_size,False,1.0
1140,477,116,151,744,"[477, 116, 151]",gelu,model_4,Int8WeightOnlyConfig,int8,8.0,False,True,onnx_quantized_median_latency,0.0004931390285491943,onnx,median_latency,False,1.0
1141,477,116,151,744,"[477, 116, 151]",gelu,model_4,Float8WeightOnlyConfig,float8,8.0,False,True,onnx_quantized_median_latency,,onnx,median_latency,False,1.0
1142,477,116,151,744,"[477, 116, 151]",gelu,model_4,Int8WeightOnlyConfig,int8,8.0,False,True,onnx_quantized_p95_latency,0.0005105921998620033,onnx,p95_latency,False,1.0
1143,477,116,151,744,"[477, 116, 151]",gelu,model_4,Float8WeightOnlyConfig,float8,8.0,False,True,onnx_quantized_p95_latency,,onnx,p95_latency,False,1.0
1144,477,116,151,744,"[477, 116, 151]",gelu,model_4,Int8WeightOnlyConfig,int8,8.0,False,True,onnx_quantized_p99_latency,0.0005282969400286673,onnx,p99_latency,False,1.0
1145,477,116,151,744,"[477, 116, 151]",gelu,model_4,Float8WeightOnlyConfig,float8,8.0,False,True,onnx_quantized_p99_latency,,onnx,p99_latency,False,1.0
1146,477,116,151,744,"[477, 116, 151]",gelu,model_4,Int8WeightOnlyConfig,int8,8.0,False,True,onnx_relative_model_size,1.6766162165958494,onnx,model_size,True,1.0
1147,477,116,151,744,"[477, 116, 151]",gelu,model_4,Float8WeightOnlyConfig,float8,8.0,False,True,onnx_relative_model_size,,onnx,model_size,True,1.0
1148,477,116,151,744,"[477, 116, 151]",gelu,model_4,Int8WeightOnlyConfig,int8,8.0,False,True,onnx_relative_median_latency,1.2842749661652495,onnx,median_latency,True,1.0
1149,477,116,151,744,"[477, 116, 151]",gelu,model_4,Float8WeightOnlyConfig,float8,8.0,False,True,onnx_relative_median_latency,,onnx,median_latency,True,1.0
1150,477,116,151,744,"[477, 116, 151]",gelu,model_4,Int8WeightOnlyConfig,int8,8.0,False,True,onnx_relative_p95_latency,1.19847424362523,onnx,p95_latency,True,1.0
1151,477,116,151,744,"[477, 116, 151]",gelu,model_4,Float8WeightOnlyConfig,float8,8.0,False,True,onnx_relative_p95_latency,,onnx,p95_latency,True,1.0
1152,477,116,151,744,"[477, 116, 151]",gelu,model_4,Int8WeightOnlyConfig,int8,8.0,False,True,onnx_relative_p99_latency,1.2210085060295919,onnx,p99_latency,True,1.0
1153,477,116,151,744,"[477, 116, 151]",gelu,model_4,Float8WeightOnlyConfig,float8,8.0,False,True,onnx_relative_p99_latency,,onnx,p99_latency,True,1.0
1154,477,116,151,744,"[477, 116, 151]",gelu,model_4,Int8WeightOnlyConfig,int8,8.0,False,True,pt2_quantized_model_size,258913.0,pt2,model_size,False,1.0
1155,477,116,151,744,"[477, 116, 151]",gelu,model_4,Float8WeightOnlyConfig,float8,8.0,False,True,pt2_quantized_model_size,238113.0,pt2,model_size,False,1.0
1156,477,116,151,744,"[477, 116, 151]",gelu,model_4,Int8WeightOnlyConfig,int8,8.0,False,True,pt2_quantized_median_latency,0.0008826572448015213,pt2,median_latency,False,1.0
1157,477,116,151,744,"[477, 116, 151]",gelu,model_4,Float8WeightOnlyConfig,float8,8.0,False,True,pt2_quantized_median_latency,0.0007335282862186432,pt2,median_latency,False,1.0
1158,477,116,151,744,"[477, 116, 151]",gelu,model_4,Int8WeightOnlyConfig,int8,8.0,False,True,pt2_quantized_p95_latency,0.0008970070630311966,pt2,p95_latency,False,1.0
1159,477,116,151,744,"[477, 116, 151]",gelu,model_4,Float8WeightOnlyConfig,float8,8.0,False,True,pt2_quantized_p95_latency,0.0007634269073605537,pt2,p95_latency,False,1.0
1160,477,116,151,744,"[477, 116, 151]",gelu,model_4,Int8WeightOnlyConfig,int8,8.0,False,True,pt2_quantized_p99_latency,0.0010652348771691322,pt2,p99_latency,False,1.0
1161,477,116,151,744,"[477, 116, 151]",gelu,model_4,Float8WeightOnlyConfig,float8,8.0,False,True,pt2_quantized_p99_latency,0.0009194284304976463,pt2,p99_latency,False,1.0
1162,477,116,151,744,"[477, 116, 151]",gelu,model_4,Int8WeightOnlyConfig,int8,8.0,False,True,pt2_relative_model_size,0.5038933489028365,pt2,model_size,True,1.0
1163,477,116,151,744,"[477, 116, 151]",gelu,model_4,Float8WeightOnlyConfig,float8,8.0,False,True,pt2_relative_model_size,0.46341264049043934,pt2,model_size,True,1.0
1164,477,116,151,744,"[477, 116, 151]",gelu,model_4,Int8WeightOnlyConfig,int8,8.0,False,True,pt2_relative_median_latency,1.3350152271965336,pt2,median_latency,True,1.0
1165,477,116,151,744,"[477, 116, 151]",gelu,model_4,Float8WeightOnlyConfig,float8,8.0,False,True,pt2_relative_median_latency,1.109458328755314,pt2,median_latency,True,1.0
1166,477,116,151,744,"[477, 116, 151]",gelu,model_4,Int8WeightOnlyConfig,int8,8.0,False,True,pt2_relative_p95_latency,1.31090729134455,pt2,p95_latency,True,1.0
1167,477,116,151,744,"[477, 116, 151]",gelu,model_4,Float8WeightOnlyConfig,float8,8.0,False,True,pt2_relative_p95_latency,1.115690099346257,pt2,p95_latency,True,1.0
1168,477,116,151,744,"[477, 116, 151]",gelu,model_4,Int8WeightOnlyConfig,int8,8.0,False,True,pt2_relative_p99_latency,1.2570518891926843,pt2,p99_latency,True,1.0
1169,477,116,151,744,"[477, 116, 151]",gelu,model_4,Float8WeightOnlyConfig,float8,8.0,False,True,pt2_relative_p99_latency,1.0849900527158802,pt2,p99_latency,True,1.0
1170,477,116,151,744,"[477, 116, 151]",gelu,model_4,Int8WeightOnlyConfig,int8,8.0,False,True,pytorch_quantized_MAE,8.578427893422397,pytorch,MAE,False,2.0
1171,477,116,151,744,"[477, 116, 151]",gelu,model_4,Float8WeightOnlyConfig,float8,8.0,False,True,pytorch_quantized_MAE,8.606252158910513,pytorch,MAE,False,2.0
1172,477,116,151,744,"[477, 116, 151]",gelu,model_4,Int8WeightOnlyConfig,int8,8.0,False,True,pytorch_relative_MAE,1.0001715623370868,pytorch,MAE,True,2.0
1173,477,116,151,744,"[477, 116, 151]",gelu,model_4,Float8WeightOnlyConfig,float8,8.0,False,True,pytorch_relative_MAE,1.0034156344945817,pytorch,MAE,True,2.0
1174,477,116,151,744,"[477, 116, 151]",gelu,model_4,Int8WeightOnlyConfig,int8,8.0,False,True,pytorch_quantized_model_size,112381.0,pytorch,model_size,False,2.0
1175,477,116,151,744,"[477, 116, 151]",gelu,model_4,Float8WeightOnlyConfig,float8,8.0,False,True,pytorch_quantized_model_size,112381.0,pytorch,model_size,False,2.0
1176,477,116,151,744,"[477, 116, 151]",gelu,model_4,Int8WeightOnlyConfig,int8,8.0,False,True,pytorch_quantized_median_latency,0.00043819844722747803,pytorch,median_latency,False,2.0
1177,477,116,151,744,"[477, 116, 151]",gelu,model_4,Float8WeightOnlyConfig,float8,8.0,False,True,pytorch_quantized_median_latency,0.000524912029504776,pytorch,median_latency,False,2.0
1178,477,116,151,744,"[477, 116, 151]",gelu,model_4,Int8WeightOnlyConfig,int8,8.0,False,True,pytorch_quantized_p95_latency,0.0004888519644737244,pytorch,p95_latency,False,2.0
1179,477,116,151,744,"[477, 116, 151]",gelu,model_4,Float8WeightOnlyConfig,float8,8.0,False,True,pytorch_quantized_p95_latency,0.0005350638180971146,pytorch,p95_latency,False,2.0
1180,477,116,151,744,"[477, 116, 151]",gelu,model_4,Int8WeightOnlyConfig,int8,8.0,False,True,pytorch_quantized_p99_latency,0.0004928318411111832,pytorch,p99_latency,False,2.0
1181,477,116,151,744,"[477, 116, 151]",gelu,model_4,Float8WeightOnlyConfig,float8,8.0,False,True,pytorch_quantized_p99_latency,0.0005525404214859009,pytorch,p99_latency,False,2.0
1182,477,116,151,744,"[477, 116, 151]",gelu,model_4,Int8WeightOnlyConfig,int8,8.0,False,True,pytorch_relative_model_size,0.25,pytorch,model_size,True,2.0
1183,477,116,151,744,"[477, 116, 151]",gelu,model_4,Float8WeightOnlyConfig,float8,8.0,False,True,pytorch_relative_model_size,0.25,pytorch,model_size,True,2.0
1184,477,116,151,744,"[477, 116, 151]",gelu,model_4,Int8WeightOnlyConfig,int8,8.0,False,True,pytorch_relative_median_latency,2.5222304418213204,pytorch,median_latency,True,2.0
1185,477,116,151,744,"[477, 116, 151]",gelu,model_4,Float8WeightOnlyConfig,float8,8.0,False,True,pytorch_relative_median_latency,3.021345941483602,pytorch,median_latency,True,2.0
1186,477,116,151,744,"[477, 116, 151]",gelu,model_4,Int8WeightOnlyConfig,int8,8.0,False,True,pytorch_relative_p95_latency,2.6185703196556602,pytorch,p95_latency,True,2.0
1187,477,116,151,744,"[477, 116, 151]",gelu,model_4,Float8WeightOnlyConfig,float8,8.0,False,True,pytorch_relative_p95_latency,2.866107400630172,pytorch,p95_latency,True,2.0
1188,477,116,151,744,"[477, 116, 151]",gelu,model_4,Int8WeightOnlyConfig,int8,8.0,False,True,pytorch_relative_p99_latency,2.6000940639292742,pytorch,p99_latency,True,2.0
1189,477,116,151,744,"[477, 116, 151]",gelu,model_4,Float8WeightOnlyConfig,float8,8.0,False,True,pytorch_relative_p99_latency,2.915106026321784,pytorch,p99_latency,True,2.0
1190,477,116,151,744,"[477, 116, 151]",gelu,model_4,Int8WeightOnlyConfig,int8,8.0,False,True,onnx_quantized_model_size,47745.0,onnx,model_size,False,2.0
1191,477,116,151,744,"[477, 116, 151]",gelu,model_4,Float8WeightOnlyConfig,float8,8.0,False,True,onnx_quantized_model_size,,onnx,model_size,False,2.0
1192,477,116,151,744,"[477, 116, 151]",gelu,model_4,Int8WeightOnlyConfig,int8,8.0,False,True,onnx_quantized_median_latency,0.0004574805498123169,onnx,median_latency,False,2.0
1193,477,116,151,744,"[477, 116, 151]",gelu,model_4,Float8WeightOnlyConfig,float8,8.0,False,True,onnx_quantized_median_latency,,onnx,median_latency,False,2.0
1194,477,116,151,744,"[477, 116, 151]",gelu,model_4,Int8WeightOnlyConfig,int8,8.0,False,True,onnx_quantized_p95_latency,0.000467759370803833,onnx,p95_latency,False,2.0
1195,477,116,151,744,"[477, 116, 151]",gelu,model_4,Float8WeightOnlyConfig,float8,8.0,False,True,onnx_quantized_p95_latency,,onnx,p95_latency,False,2.0
1196,477,116,151,744,"[477, 116, 151]",gelu,model_4,Int8WeightOnlyConfig,int8,8.0,False,True,onnx_quantized_p99_latency,0.0004734854772686958,onnx,p99_latency,False,2.0
1197,477,116,151,744,"[477, 116, 151]",gelu,model_4,Float8WeightOnlyConfig,float8,8.0,False,True,onnx_quantized_p99_latency,,onnx,p99_latency,False,2.0
1198,477,116,151,744,"[477, 116, 151]",gelu,model_4,Int8WeightOnlyConfig,int8,8.0,False,True,onnx_relative_model_size,1.6766162165958494,onnx,model_size,True,2.0
1199,477,116,151,744,"[477, 116, 151]",gelu,model_4,Float8WeightOnlyConfig,float8,8.0,False,True,onnx_relative_model_size,,onnx,model_size,True,2.0
1200,477,116,151,744,"[477, 116, 151]",gelu,model_4,Int8WeightOnlyConfig,int8,8.0,False,True,onnx_relative_median_latency,1.1997557580050313,onnx,median_latency,True,2.0
1201,477,116,151,744,"[477, 116, 151]",gelu,model_4,Float8WeightOnlyConfig,float8,8.0,False,True,onnx_relative_median_latency,,onnx,median_latency,True,2.0
1202,477,116,151,744,"[477, 116, 151]",gelu,model_4,Int8WeightOnlyConfig,int8,8.0,False,True,onnx_relative_p95_latency,1.1992258142154684,onnx,p95_latency,True,2.0
1203,477,116,151,744,"[477, 116, 151]",gelu,model_4,Float8WeightOnlyConfig,float8,8.0,False,True,onnx_relative_p95_latency,,onnx,p95_latency,True,2.0
1204,477,116,151,744,"[477, 116, 151]",gelu,model_4,Int8WeightOnlyConfig,int8,8.0,False,True,onnx_relative_p99_latency,1.198512433524438,onnx,p99_latency,True,2.0
1205,477,116,151,744,"[477, 116, 151]",gelu,model_4,Float8WeightOnlyConfig,float8,8.0,False,True,onnx_relative_p99_latency,,onnx,p99_latency,True,2.0
1206,477,116,151,744,"[477, 116, 151]",gelu,model_4,Int8WeightOnlyConfig,int8,8.0,False,True,pt2_quantized_model_size,258913.0,pt2,model_size,False,2.0
1207,477,116,151,744,"[477, 116, 151]",gelu,model_4,Float8WeightOnlyConfig,float8,8.0,False,True,pt2_quantized_model_size,238113.0,pt2,model_size,False,2.0
1208,477,116,151,744,"[477, 116, 151]",gelu,model_4,Int8WeightOnlyConfig,int8,8.0,False,True,pt2_quantized_median_latency,0.0008939318358898163,pt2,median_latency,False,2.0
1209,477,116,151,744,"[477, 116, 151]",gelu,model_4,Float8WeightOnlyConfig,float8,8.0,False,True,pt2_quantized_median_latency,0.0007276330143213272,pt2,median_latency,False,2.0
1210,477,116,151,744,"[477, 116, 151]",gelu,model_4,Int8WeightOnlyConfig,int8,8.0,False,True,pt2_quantized_p95_latency,0.0009465830400586129,pt2,p95_latency,False,2.0
1211,477,116,151,744,"[477, 116, 151]",gelu,model_4,Float8WeightOnlyConfig,float8,8.0,False,True,pt2_quantized_p95_latency,0.0007433883845806121,pt2,p95_latency,False,2.0
1212,477,116,151,744,"[477, 116, 151]",gelu,model_4,Int8WeightOnlyConfig,int8,8.0,False,True,pt2_quantized_p99_latency,0.0010258543491363525,pt2,p99_latency,False,2.0
1213,477,116,151,744,"[477, 116, 151]",gelu,model_4,Float8WeightOnlyConfig,float8,8.0,False,True,pt2_quantized_p99_latency,0.0009322041645646095,pt2,p99_latency,False,2.0
1214,477,116,151,744,"[477, 116, 151]",gelu,model_4,Int8WeightOnlyConfig,int8,8.0,False,True,pt2_relative_model_size,0.5038933489028365,pt2,model_size,True,2.0
1215,477,116,151,744,"[477, 116, 151]",gelu,model_4,Float8WeightOnlyConfig,float8,8.0,False,True,pt2_relative_model_size,0.46341264049043934,pt2,model_size,True,2.0
1216,477,116,151,744,"[477, 116, 151]",gelu,model_4,Int8WeightOnlyConfig,int8,8.0,False,True,pt2_relative_median_latency,1.3693470060888273,pt2,median_latency,True,2.0
1217,477,116,151,744,"[477, 116, 151]",gelu,model_4,Float8WeightOnlyConfig,float8,8.0,False,True,pt2_relative_median_latency,1.114606337630322,pt2,median_latency,True,2.0
1218,477,116,151,744,"[477, 116, 151]",gelu,model_4,Int8WeightOnlyConfig,int8,8.0,False,True,pt2_relative_p95_latency,0.9134350887636928,pt2,p95_latency,True,2.0
1219,477,116,151,744,"[477, 116, 151]",gelu,model_4,Float8WeightOnlyConfig,float8,8.0,False,True,pt2_relative_p95_latency,0.717356012435257,pt2,p95_latency,True,2.0
1220,477,116,151,744,"[477, 116, 151]",gelu,model_4,Int8WeightOnlyConfig,int8,8.0,False,True,pt2_relative_p99_latency,0.9791328156295059,pt2,p99_latency,True,2.0
1221,477,116,151,744,"[477, 116, 151]",gelu,model_4,Float8WeightOnlyConfig,float8,8.0,False,True,pt2_relative_p99_latency,0.8897478371662858,pt2,p99_latency,True,2.0
1222,477,116,151,744,"[477, 116, 151]",gelu,model_4,Int8WeightOnlyConfig,int8,8.0,False,True,pytorch_quantized_MAE,8.358315418491022,pytorch,MAE,False,3.0
1223,477,116,151,744,"[477, 116, 151]",gelu,model_4,Float8WeightOnlyConfig,float8,8.0,False,True,pytorch_quantized_MAE,8.389249530695343,pytorch,MAE,False,3.0
1224,477,116,151,744,"[477, 116, 151]",gelu,model_4,Int8WeightOnlyConfig,int8,8.0,False,True,pytorch_relative_MAE,1.000249795283631,pytorch,MAE,True,3.0
1225,477,116,151,744,"[477, 116, 151]",gelu,model_4,Float8WeightOnlyConfig,float8,8.0,False,True,pytorch_relative_MAE,1.0039517182011606,pytorch,MAE,True,3.0
1226,477,116,151,744,"[477, 116, 151]",gelu,model_4,Int8WeightOnlyConfig,int8,8.0,False,True,pytorch_quantized_model_size,112381.0,pytorch,model_size,False,3.0
1227,477,116,151,744,"[477, 116, 151]",gelu,model_4,Float8WeightOnlyConfig,float8,8.0,False,True,pytorch_quantized_model_size,112381.0,pytorch,model_size,False,3.0
1228,477,116,151,744,"[477, 116, 151]",gelu,model_4,Int8WeightOnlyConfig,int8,8.0,False,True,pytorch_quantized_median_latency,0.00040153414011001587,pytorch,median_latency,False,3.0
1229,477,116,151,744,"[477, 116, 151]",gelu,model_4,Float8WeightOnlyConfig,float8,8.0,False,True,pytorch_quantized_median_latency,0.0005043558776378632,pytorch,median_latency,False,3.0
1230,477,116,151,744,"[477, 116, 151]",gelu,model_4,Int8WeightOnlyConfig,int8,8.0,False,True,pytorch_quantized_p95_latency,0.00041340775787830354,pytorch,p95_latency,False,3.0
1231,477,116,151,744,"[477, 116, 151]",gelu,model_4,Float8WeightOnlyConfig,float8,8.0,False,True,pytorch_quantized_p95_latency,0.0005133925005793571,pytorch,p95_latency,False,3.0
1232,477,116,151,744,"[477, 116, 151]",gelu,model_4,Int8WeightOnlyConfig,int8,8.0,False,True,pytorch_quantized_p99_latency,0.0004164224117994308,pytorch,p99_latency,False,3.0
1233,477,116,151,744,"[477, 116, 151]",gelu,model_4,Float8WeightOnlyConfig,float8,8.0,False,True,pytorch_quantized_p99_latency,0.0005252277106046676,pytorch,p99_latency,False,3.0
1234,477,116,151,744,"[477, 116, 151]",gelu,model_4,Int8WeightOnlyConfig,int8,8.0,False,True,pytorch_relative_model_size,0.25,pytorch,model_size,True,3.0
1235,477,116,151,744,"[477, 116, 151]",gelu,model_4,Float8WeightOnlyConfig,float8,8.0,False,True,pytorch_relative_model_size,0.25,pytorch,model_size,True,3.0
1236,477,116,151,744,"[477, 116, 151]",gelu,model_4,Int8WeightOnlyConfig,int8,8.0,False,True,pytorch_relative_median_latency,2.683480014439894,pytorch,median_latency,True,3.0
1237,477,116,151,744,"[477, 116, 151]",gelu,model_4,Float8WeightOnlyConfig,float8,8.0,False,True,pytorch_relative_median_latency,3.3706446914717487,pytorch,median_latency,True,3.0
1238,477,116,151,744,"[477, 116, 151]",gelu,model_4,Int8WeightOnlyConfig,int8,8.0,False,True,pytorch_relative_p95_latency,2.5725452650880727,pytorch,p95_latency,True,3.0
1239,477,116,151,744,"[477, 116, 151]",gelu,model_4,Float8WeightOnlyConfig,float8,8.0,False,True,pytorch_relative_p95_latency,3.194728258790775,pytorch,p95_latency,True,3.0
1240,477,116,151,744,"[477, 116, 151]",gelu,model_4,Int8WeightOnlyConfig,int8,8.0,False,True,pytorch_relative_p99_latency,2.5300459327119946,pytorch,p99_latency,True,3.0
1241,477,116,151,744,"[477, 116, 151]",gelu,model_4,Float8WeightOnlyConfig,float8,8.0,False,True,pytorch_relative_p99_latency,3.191111225788228,pytorch,p99_latency,True,3.0
1242,477,116,151,744,"[477, 116, 151]",gelu,model_4,Int8WeightOnlyConfig,int8,8.0,False,True,onnx_quantized_model_size,47745.0,onnx,model_size,False,3.0
1243,477,116,151,744,"[477, 116, 151]",gelu,model_4,Float8WeightOnlyConfig,float8,8.0,False,True,onnx_quantized_model_size,,onnx,model_size,False,3.0
1244,477,116,151,744,"[477, 116, 151]",gelu,model_4,Int8WeightOnlyConfig,int8,8.0,False,True,onnx_quantized_median_latency,0.0004771612584590912,onnx,median_latency,False,3.0
1245,477,116,151,744,"[477, 116, 151]",gelu,model_4,Float8WeightOnlyConfig,float8,8.0,False,True,onnx_quantized_median_latency,,onnx,median_latency,False,3.0
1246,477,116,151,744,"[477, 116, 151]",gelu,model_4,Int8WeightOnlyConfig,int8,8.0,False,True,onnx_quantized_p95_latency,0.00048728138208389284,onnx,p95_latency,False,3.0
1247,477,116,151,744,"[477, 116, 151]",gelu,model_4,Float8WeightOnlyConfig,float8,8.0,False,True,onnx_quantized_p95_latency,,onnx,p95_latency,False,3.0
1248,477,116,151,744,"[477, 116, 151]",gelu,model_4,Int8WeightOnlyConfig,int8,8.0,False,True,onnx_quantized_p99_latency,0.0005931993946433067,onnx,p99_latency,False,3.0
1249,477,116,151,744,"[477, 116, 151]",gelu,model_4,Float8WeightOnlyConfig,float8,8.0,False,True,onnx_quantized_p99_latency,,onnx,p99_latency,False,3.0
1250,477,116,151,744,"[477, 116, 151]",gelu,model_4,Int8WeightOnlyConfig,int8,8.0,False,True,onnx_relative_model_size,1.6766162165958494,onnx,model_size,True,3.0
1251,477,116,151,744,"[477, 116, 151]",gelu,model_4,Float8WeightOnlyConfig,float8,8.0,False,True,onnx_relative_model_size,,onnx,model_size,True,3.0
1252,477,116,151,744,"[477, 116, 151]",gelu,model_4,Int8WeightOnlyConfig,int8,8.0,False,True,onnx_relative_median_latency,1.2479004695933438,onnx,median_latency,True,3.0
1253,477,116,151,744,"[477, 116, 151]",gelu,model_4,Float8WeightOnlyConfig,float8,8.0,False,True,onnx_relative_median_latency,,onnx,median_latency,True,3.0
1254,477,116,151,744,"[477, 116, 151]",gelu,model_4,Int8WeightOnlyConfig,int8,8.0,False,True,onnx_relative_p95_latency,1.2445768911838713,onnx,p95_latency,True,3.0
1255,477,116,151,744,"[477, 116, 151]",gelu,model_4,Float8WeightOnlyConfig,float8,8.0,False,True,onnx_relative_p95_latency,,onnx,p95_latency,True,3.0
1256,477,116,151,744,"[477, 116, 151]",gelu,model_4,Int8WeightOnlyConfig,int8,8.0,False,True,onnx_relative_p99_latency,1.4919526662479143,onnx,p99_latency,True,3.0
1257,477,116,151,744,"[477, 116, 151]",gelu,model_4,Float8WeightOnlyConfig,float8,8.0,False,True,onnx_relative_p99_latency,,onnx,p99_latency,True,3.0
1258,477,116,151,744,"[477, 116, 151]",gelu,model_4,Int8WeightOnlyConfig,int8,8.0,False,True,pt2_quantized_model_size,258913.0,pt2,model_size,False,3.0
1259,477,116,151,744,"[477, 116, 151]",gelu,model_4,Float8WeightOnlyConfig,float8,8.0,False,True,pt2_quantized_model_size,238113.0,pt2,model_size,False,3.0
1260,477,116,151,744,"[477, 116, 151]",gelu,model_4,Int8WeightOnlyConfig,int8,8.0,False,True,pt2_quantized_median_latency,0.0008555576205253601,pt2,median_latency,False,3.0
1261,477,116,151,744,"[477, 116, 151]",gelu,model_4,Float8WeightOnlyConfig,float8,8.0,False,True,pt2_quantized_median_latency,0.0007074140012264252,pt2,median_latency,False,3.0
1262,477,116,151,744,"[477, 116, 151]",gelu,model_4,Int8WeightOnlyConfig,int8,8.0,False,True,pt2_quantized_p95_latency,0.0008733244612812996,pt2,p95_latency,False,3.0
1263,477,116,151,744,"[477, 116, 151]",gelu,model_4,Float8WeightOnlyConfig,float8,8.0,False,True,pt2_quantized_p95_latency,0.0007265903055667876,pt2,p95_latency,False,3.0
1264,477,116,151,744,"[477, 116, 151]",gelu,model_4,Int8WeightOnlyConfig,int8,8.0,False,True,pt2_quantized_p99_latency,0.0009867576137185096,pt2,p99_latency,False,3.0
1265,477,116,151,744,"[477, 116, 151]",gelu,model_4,Float8WeightOnlyConfig,float8,8.0,False,True,pt2_quantized_p99_latency,0.0008470968902111053,pt2,p99_latency,False,3.0
1266,477,116,151,744,"[477, 116, 151]",gelu,model_4,Int8WeightOnlyConfig,int8,8.0,False,True,pt2_relative_model_size,0.5038933489028365,pt2,model_size,True,3.0
1267,477,116,151,744,"[477, 116, 151]",gelu,model_4,Float8WeightOnlyConfig,float8,8.0,False,True,pt2_relative_model_size,0.46341264049043934,pt2,model_size,True,3.0
1268,477,116,151,744,"[477, 116, 151]",gelu,model_4,Int8WeightOnlyConfig,int8,8.0,False,True,pt2_relative_median_latency,1.3903152185099312,pt2,median_latency,True,3.0
1269,477,116,151,744,"[477, 116, 151]",gelu,model_4,Float8WeightOnlyConfig,float8,8.0,False,True,pt2_relative_median_latency,1.149575935152282,pt2,median_latency,True,3.0
1270,477,116,151,744,"[477, 116, 151]",gelu,model_4,Int8WeightOnlyConfig,int8,8.0,False,True,pt2_relative_p95_latency,1.3838344932617896,pt2,p95_latency,True,3.0
1271,477,116,151,744,"[477, 116, 151]",gelu,model_4,Float8WeightOnlyConfig,float8,8.0,False,True,pt2_relative_p95_latency,1.151325506029857,pt2,p95_latency,True,3.0
1272,477,116,151,744,"[477, 116, 151]",gelu,model_4,Int8WeightOnlyConfig,int8,8.0,False,True,pt2_relative_p99_latency,1.2741476359186077,pt2,p99_latency,True,3.0
1273,477,116,151,744,"[477, 116, 151]",gelu,model_4,Float8WeightOnlyConfig,float8,8.0,False,True,pt2_relative_p99_latency,1.0938111700898225,pt2,p99_latency,True,3.0
1274,796,171,165,1132,"[796, 171, 165]",gelu,model_40,,,,,,,,,,,
1275,871,251,32,1154,"[871, 251, 32]",gelu,model_41,,,,,,,,,,,
1276,372,64,148,584,"[372, 64, 148]",leaky_relu,model_42,,,,,,,,,,,
1277,181,339,58,578,"[181, 339, 58]",elu,model_43,,,,,,,,,,,
1278,564,154,205,923,"[564, 154, 205]",relu,model_44,,,,,,,,,,,
1279,535,404,116,1055,"[535, 404, 116]",leaky_relu,model_45,,,,,,,,,,,
1280,128,222,39,389,"[128, 222, 39]",relu,model_46,,,,,,,,,,,
1281,293,295,174,762,"[293, 295, 174]",celu,model_47,,,,,,,,,,,
1282,677,87,97,861,"[677, 87, 97]",leaky_relu,model_48,,,,,,,,,,,
1283,721,293,145,1159,"[721, 293, 145]",celu,model_49,,,,,,,,,,,
1284,623,443,170,1236,"[623, 443, 170]",elu,model_5,Int8WeightOnlyConfig,int8,8.0,False,True,pytorch_quantized_MAE,8.960874677713704,pytorch,MAE,False,1.0
1285,623,443,170,1236,"[623, 443, 170]",elu,model_5,Float8WeightOnlyConfig,float8,8.0,False,True,pytorch_quantized_MAE,8.9654167081989,pytorch,MAE,False,1.0
1286,623,443,170,1236,"[623, 443, 170]",elu,model_5,Int8WeightOnlyConfig,int8,8.0,False,True,pytorch_relative_MAE,1.000060157905581,pytorch,MAE,True,1.0
1287,623,443,170,1236,"[623, 443, 170]",elu,model_5,Float8WeightOnlyConfig,float8,8.0,False,True,pytorch_relative_MAE,1.000567061962116,pytorch,MAE,True,1.0
1288,623,443,170,1236,"[623, 443, 170]",elu,model_5,Int8WeightOnlyConfig,int8,8.0,False,True,pytorch_quantized_model_size,403169.0,pytorch,model_size,False,1.0
1289,623,443,170,1236,"[623, 443, 170]",elu,model_5,Float8WeightOnlyConfig,float8,8.0,False,True,pytorch_quantized_model_size,403169.0,pytorch,model_size,False,1.0
1290,623,443,170,1236,"[623, 443, 170]",elu,model_5,Int8WeightOnlyConfig,int8,8.0,False,True,pytorch_quantized_median_latency,0.0004459600895643234,pytorch,median_latency,False,1.0
1291,623,443,170,1236,"[623, 443, 170]",elu,model_5,Float8WeightOnlyConfig,float8,8.0,False,True,pytorch_quantized_median_latency,0.0005454830825328827,pytorch,median_latency,False,1.0
1292,623,443,170,1236,"[623, 443, 170]",elu,model_5,Int8WeightOnlyConfig,int8,8.0,False,True,pytorch_quantized_p95_latency,0.0004568222910165787,pytorch,p95_latency,False,1.0
1293,623,443,170,1236,"[623, 443, 170]",elu,model_5,Float8WeightOnlyConfig,float8,8.0,False,True,pytorch_quantized_p95_latency,0.0005529956892132759,pytorch,p95_latency,False,1.0
1294,623,443,170,1236,"[623, 443, 170]",elu,model_5,Int8WeightOnlyConfig,int8,8.0,False,True,pytorch_quantized_p99_latency,0.0004601629078388214,pytorch,p99_latency,False,1.0
1295,623,443,170,1236,"[623, 443, 170]",elu,model_5,Float8WeightOnlyConfig,float8,8.0,False,True,pytorch_quantized_p99_latency,0.000560668371617794,pytorch,p99_latency,False,1.0
1296,623,443,170,1236,"[623, 443, 170]",elu,model_5,Int8WeightOnlyConfig,int8,8.0,False,True,pytorch_relative_model_size,0.25,pytorch,model_size,True,1.0
1297,623,443,170,1236,"[623, 443, 170]",elu,model_5,Float8WeightOnlyConfig,float8,8.0,False,True,pytorch_relative_model_size,0.25,pytorch,model_size,True,1.0
1298,623,443,170,1236,"[623, 443, 170]",elu,model_5,Int8WeightOnlyConfig,int8,8.0,False,True,pytorch_relative_median_latency,2.383006041544326,pytorch,median_latency,True,1.0
1299,623,443,170,1236,"[623, 443, 170]",elu,model_5,Float8WeightOnlyConfig,float8,8.0,False,True,pytorch_relative_median_latency,2.9148112390640084,pytorch,median_latency,True,1.0
1300,623,443,170,1236,"[623, 443, 170]",elu,model_5,Int8WeightOnlyConfig,int8,8.0,False,True,pytorch_relative_p95_latency,2.2836240457144563,pytorch,p95_latency,True,1.0
1301,623,443,170,1236,"[623, 443, 170]",elu,model_5,Float8WeightOnlyConfig,float8,8.0,False,True,pytorch_relative_p95_latency,2.7643884238959897,pytorch,p95_latency,True,1.0
1302,623,443,170,1236,"[623, 443, 170]",elu,model_5,Int8WeightOnlyConfig,int8,8.0,False,True,pytorch_relative_p99_latency,2.134379615129616,pytorch,p99_latency,True,1.0
1303,623,443,170,1236,"[623, 443, 170]",elu,model_5,Float8WeightOnlyConfig,float8,8.0,False,True,pytorch_relative_p99_latency,2.600555418187008,pytorch,p99_latency,True,1.0
1304,623,443,170,1236,"[623, 443, 170]",elu,model_5,Int8WeightOnlyConfig,int8,8.0,False,True,onnx_quantized_model_size,32812.0,onnx,model_size,False,1.0
1305,623,443,170,1236,"[623, 443, 170]",elu,model_5,Float8WeightOnlyConfig,float8,8.0,False,True,onnx_quantized_model_size,,onnx,model_size,False,1.0
1306,623,443,170,1236,"[623, 443, 170]",elu,model_5,Int8WeightOnlyConfig,int8,8.0,False,True,onnx_quantized_median_latency,0.0008196011185646057,onnx,median_latency,False,1.0
1307,623,443,170,1236,"[623, 443, 170]",elu,model_5,Float8WeightOnlyConfig,float8,8.0,False,True,onnx_quantized_median_latency,,onnx,median_latency,False,1.0
1308,623,443,170,1236,"[623, 443, 170]",elu,model_5,Int8WeightOnlyConfig,int8,8.0,False,True,onnx_quantized_p95_latency,0.0008364135399460792,onnx,p95_latency,False,1.0
1309,623,443,170,1236,"[623, 443, 170]",elu,model_5,Float8WeightOnlyConfig,float8,8.0,False,True,onnx_quantized_p95_latency,,onnx,p95_latency,False,1.0
1310,623,443,170,1236,"[623, 443, 170]",elu,model_5,Int8WeightOnlyConfig,int8,8.0,False,True,onnx_quantized_p99_latency,0.000850861482322216,onnx,p99_latency,False,1.0
1311,623,443,170,1236,"[623, 443, 170]",elu,model_5,Float8WeightOnlyConfig,float8,8.0,False,True,onnx_quantized_p99_latency,,onnx,p99_latency,False,1.0
1312,623,443,170,1236,"[623, 443, 170]",elu,model_5,Int8WeightOnlyConfig,int8,8.0,False,True,onnx_relative_model_size,2.4226225634967515,onnx,model_size,True,1.0
1313,623,443,170,1236,"[623, 443, 170]",elu,model_5,Float8WeightOnlyConfig,float8,8.0,False,True,onnx_relative_model_size,,onnx,model_size,True,1.0
1314,623,443,170,1236,"[623, 443, 170]",elu,model_5,Int8WeightOnlyConfig,int8,8.0,False,True,onnx_relative_median_latency,1.1688142652609659,onnx,median_latency,True,1.0
1315,623,443,170,1236,"[623, 443, 170]",elu,model_5,Float8WeightOnlyConfig,float8,8.0,False,True,onnx_relative_median_latency,,onnx,median_latency,True,1.0
1316,623,443,170,1236,"[623, 443, 170]",elu,model_5,Int8WeightOnlyConfig,int8,8.0,False,True,onnx_relative_p95_latency,1.1628272705496967,onnx,p95_latency,True,1.0
1317,623,443,170,1236,"[623, 443, 170]",elu,model_5,Float8WeightOnlyConfig,float8,8.0,False,True,onnx_relative_p95_latency,,onnx,p95_latency,True,1.0
1318,623,443,170,1236,"[623, 443, 170]",elu,model_5,Int8WeightOnlyConfig,int8,8.0,False,True,onnx_relative_p99_latency,1.170448317411353,onnx,p99_latency,True,1.0
1319,623,443,170,1236,"[623, 443, 170]",elu,model_5,Float8WeightOnlyConfig,float8,8.0,False,True,onnx_relative_p99_latency,,onnx,p99_latency,True,1.0
1320,623,443,170,1236,"[623, 443, 170]",elu,model_5,Int8WeightOnlyConfig,int8,8.0,False,True,pt2_quantized_model_size,553121.0,pt2,model_size,False,1.0
1321,623,443,170,1236,"[623, 443, 170]",elu,model_5,Float8WeightOnlyConfig,float8,8.0,False,True,pt2_quantized_model_size,532321.0,pt2,model_size,False,1.0
1322,623,443,170,1236,"[623, 443, 170]",elu,model_5,Int8WeightOnlyConfig,int8,8.0,False,True,pt2_quantized_median_latency,0.0009083244949579239,pt2,median_latency,False,1.0
1323,623,443,170,1236,"[623, 443, 170]",elu,model_5,Float8WeightOnlyConfig,float8,8.0,False,True,pt2_quantized_median_latency,0.0007461067289113998,pt2,median_latency,False,1.0
1324,623,443,170,1236,"[623, 443, 170]",elu,model_5,Int8WeightOnlyConfig,int8,8.0,False,True,pt2_quantized_p95_latency,0.0009225582703948021,pt2,p95_latency,False,1.0
1325,623,443,170,1236,"[623, 443, 170]",elu,model_5,Float8WeightOnlyConfig,float8,8.0,False,True,pt2_quantized_p95_latency,0.0007620641961693763,pt2,p95_latency,False,1.0
1326,623,443,170,1236,"[623, 443, 170]",elu,model_5,Int8WeightOnlyConfig,int8,8.0,False,True,pt2_quantized_p99_latency,0.0010446003079414368,pt2,p99_latency,False,1.0
1327,623,443,170,1236,"[623, 443, 170]",elu,model_5,Float8WeightOnlyConfig,float8,8.0,False,True,pt2_quantized_p99_latency,0.0009446373954415319,pt2,p99_latency,False,1.0
1328,623,443,170,1236,"[623, 443, 170]",elu,model_5,Int8WeightOnlyConfig,int8,8.0,False,True,pt2_relative_model_size,0.32983533904485557,pt2,model_size,True,1.0
1329,623,443,170,1236,"[623, 443, 170]",elu,model_5,Float8WeightOnlyConfig,float8,8.0,False,True,pt2_relative_model_size,0.3174319498187495,pt2,model_size,True,1.0
1330,623,443,170,1236,"[623, 443, 170]",elu,model_5,Int8WeightOnlyConfig,int8,8.0,False,True,pt2_relative_median_latency,0.8016152204859799,pt2,median_latency,True,1.0
1331,623,443,170,1236,"[623, 443, 170]",elu,model_5,Float8WeightOnlyConfig,float8,8.0,False,True,pt2_relative_median_latency,0.6584546748682476,pt2,median_latency,True,1.0
1332,623,443,170,1236,"[623, 443, 170]",elu,model_5,Int8WeightOnlyConfig,int8,8.0,False,True,pt2_relative_p95_latency,0.784818969973104,pt2,p95_latency,True,1.0
1333,623,443,170,1236,"[623, 443, 170]",elu,model_5,Float8WeightOnlyConfig,float8,8.0,False,True,pt2_relative_p95_latency,0.6482868959974597,pt2,p95_latency,True,1.0
1334,623,443,170,1236,"[623, 443, 170]",elu,model_5,Int8WeightOnlyConfig,int8,8.0,False,True,pt2_relative_p99_latency,0.5739275491374511,pt2,p99_latency,True,1.0
1335,623,443,170,1236,"[623, 443, 170]",elu,model_5,Float8WeightOnlyConfig,float8,8.0,False,True,pt2_relative_p99_latency,0.5190056149396983,pt2,p99_latency,True,1.0
1336,623,443,170,1236,"[623, 443, 170]",elu,model_5,Int8WeightOnlyConfig,int8,8.0,False,True,pytorch_quantized_MAE,8.533611520101523,pytorch,MAE,False,2.0
1337,623,443,170,1236,"[623, 443, 170]",elu,model_5,Float8WeightOnlyConfig,float8,8.0,False,True,pytorch_quantized_MAE,8.53475064325198,pytorch,MAE,False,2.0
1338,623,443,170,1236,"[623, 443, 170]",elu,model_5,Int8WeightOnlyConfig,int8,8.0,False,True,pytorch_relative_MAE,1.0002584402808359,pytorch,MAE,True,2.0
1339,623,443,170,1236,"[623, 443, 170]",elu,model_5,Float8WeightOnlyConfig,float8,8.0,False,True,pytorch_relative_MAE,1.0003919614216894,pytorch,MAE,True,2.0
1340,623,443,170,1236,"[623, 443, 170]",elu,model_5,Int8WeightOnlyConfig,int8,8.0,False,True,pytorch_quantized_model_size,403169.0,pytorch,model_size,False,2.0
1341,623,443,170,1236,"[623, 443, 170]",elu,model_5,Float8WeightOnlyConfig,float8,8.0,False,True,pytorch_quantized_model_size,403169.0,pytorch,model_size,False,2.0
1342,623,443,170,1236,"[623, 443, 170]",elu,model_5,Int8WeightOnlyConfig,int8,8.0,False,True,pytorch_quantized_median_latency,0.0004424024373292923,pytorch,median_latency,False,2.0
1343,623,443,170,1236,"[623, 443, 170]",elu,model_5,Float8WeightOnlyConfig,float8,8.0,False,True,pytorch_quantized_median_latency,0.0005363617092370987,pytorch,median_latency,False,2.0
1344,623,443,170,1236,"[623, 443, 170]",elu,model_5,Int8WeightOnlyConfig,int8,8.0,False,True,pytorch_quantized_p95_latency,0.00045333541929721833,pytorch,p95_latency,False,2.0
1345,623,443,170,1236,"[623, 443, 170]",elu,model_5,Float8WeightOnlyConfig,float8,8.0,False,True,pytorch_quantized_p95_latency,0.0005436966195702552,pytorch,p95_latency,False,2.0
1346,623,443,170,1236,"[623, 443, 170]",elu,model_5,Int8WeightOnlyConfig,int8,8.0,False,True,pytorch_quantized_p99_latency,0.00045597165822982785,pytorch,p99_latency,False,2.0
1347,623,443,170,1236,"[623, 443, 170]",elu,model_5,Float8WeightOnlyConfig,float8,8.0,False,True,pytorch_quantized_p99_latency,0.0005511964857578277,pytorch,p99_latency,False,2.0
1348,623,443,170,1236,"[623, 443, 170]",elu,model_5,Int8WeightOnlyConfig,int8,8.0,False,True,pytorch_relative_model_size,0.25,pytorch,model_size,True,2.0
1349,623,443,170,1236,"[623, 443, 170]",elu,model_5,Float8WeightOnlyConfig,float8,8.0,False,True,pytorch_relative_model_size,0.25,pytorch,model_size,True,2.0
1350,623,443,170,1236,"[623, 443, 170]",elu,model_5,Int8WeightOnlyConfig,int8,8.0,False,True,pytorch_relative_median_latency,2.342591405379282,pytorch,median_latency,True,2.0
1351,623,443,170,1236,"[623, 443, 170]",elu,model_5,Float8WeightOnlyConfig,float8,8.0,False,True,pytorch_relative_median_latency,2.840120723155372,pytorch,median_latency,True,2.0
1352,623,443,170,1236,"[623, 443, 170]",elu,model_5,Int8WeightOnlyConfig,int8,8.0,False,True,pytorch_relative_p95_latency,2.2402401296744423,pytorch,p95_latency,True,2.0
1353,623,443,170,1236,"[623, 443, 170]",elu,model_5,Float8WeightOnlyConfig,float8,8.0,False,True,pytorch_relative_p95_latency,2.686776575758942,pytorch,p95_latency,True,2.0
1354,623,443,170,1236,"[623, 443, 170]",elu,model_5,Int8WeightOnlyConfig,int8,8.0,False,True,pytorch_relative_p99_latency,2.2022313254954344,pytorch,p99_latency,True,2.0
1355,623,443,170,1236,"[623, 443, 170]",elu,model_5,Float8WeightOnlyConfig,float8,8.0,False,True,pytorch_relative_p99_latency,2.6621438976083276,pytorch,p99_latency,True,2.0
1356,623,443,170,1236,"[623, 443, 170]",elu,model_5,Int8WeightOnlyConfig,int8,8.0,False,True,onnx_quantized_model_size,32812.0,onnx,model_size,False,2.0
1357,623,443,170,1236,"[623, 443, 170]",elu,model_5,Float8WeightOnlyConfig,float8,8.0,False,True,onnx_quantized_model_size,,onnx,model_size,False,2.0
1358,623,443,170,1236,"[623, 443, 170]",elu,model_5,Int8WeightOnlyConfig,int8,8.0,False,True,onnx_quantized_median_latency,0.0008054133504629135,onnx,median_latency,False,2.0
1359,623,443,170,1236,"[623, 443, 170]",elu,model_5,Float8WeightOnlyConfig,float8,8.0,False,True,onnx_quantized_median_latency,,onnx,median_latency,False,2.0
1360,623,443,170,1236,"[623, 443, 170]",elu,model_5,Int8WeightOnlyConfig,int8,8.0,False,True,onnx_quantized_p95_latency,0.0008259605616331101,onnx,p95_latency,False,2.0
1361,623,443,170,1236,"[623, 443, 170]",elu,model_5,Float8WeightOnlyConfig,float8,8.0,False,True,onnx_quantized_p95_latency,,onnx,p95_latency,False,2.0
1362,623,443,170,1236,"[623, 443, 170]",elu,model_5,Int8WeightOnlyConfig,int8,8.0,False,True,onnx_quantized_p99_latency,0.0008335916325449943,onnx,p99_latency,False,2.0
1363,623,443,170,1236,"[623, 443, 170]",elu,model_5,Float8WeightOnlyConfig,float8,8.0,False,True,onnx_quantized_p99_latency,,onnx,p99_latency,False,2.0
1364,623,443,170,1236,"[623, 443, 170]",elu,model_5,Int8WeightOnlyConfig,int8,8.0,False,True,onnx_relative_model_size,2.4226225634967515,onnx,model_size,True,2.0
1365,623,443,170,1236,"[623, 443, 170]",elu,model_5,Float8WeightOnlyConfig,float8,8.0,False,True,onnx_relative_model_size,,onnx,model_size,True,2.0
1366,623,443,170,1236,"[623, 443, 170]",elu,model_5,Int8WeightOnlyConfig,int8,8.0,False,True,onnx_relative_median_latency,1.1631709908673957,onnx,median_latency,True,2.0
1367,623,443,170,1236,"[623, 443, 170]",elu,model_5,Float8WeightOnlyConfig,float8,8.0,False,True,onnx_relative_median_latency,,onnx,median_latency,True,2.0
1368,623,443,170,1236,"[623, 443, 170]",elu,model_5,Int8WeightOnlyConfig,int8,8.0,False,True,onnx_relative_p95_latency,1.1575930708492042,onnx,p95_latency,True,2.0
1369,623,443,170,1236,"[623, 443, 170]",elu,model_5,Float8WeightOnlyConfig,float8,8.0,False,True,onnx_relative_p95_latency,,onnx,p95_latency,True,2.0
1370,623,443,170,1236,"[623, 443, 170]",elu,model_5,Int8WeightOnlyConfig,int8,8.0,False,True,onnx_relative_p99_latency,1.1458168353575886,onnx,p99_latency,True,2.0
1371,623,443,170,1236,"[623, 443, 170]",elu,model_5,Float8WeightOnlyConfig,float8,8.0,False,True,onnx_relative_p99_latency,,onnx,p99_latency,True,2.0
1372,623,443,170,1236,"[623, 443, 170]",elu,model_5,Int8WeightOnlyConfig,int8,8.0,False,True,pt2_quantized_model_size,553121.0,pt2,model_size,False,2.0
1373,623,443,170,1236,"[623, 443, 170]",elu,model_5,Float8WeightOnlyConfig,float8,8.0,False,True,pt2_quantized_model_size,532321.0,pt2,model_size,False,2.0
1374,623,443,170,1236,"[623, 443, 170]",elu,model_5,Int8WeightOnlyConfig,int8,8.0,False,True,pt2_quantized_median_latency,0.0009104236960411072,pt2,median_latency,False,2.0
1375,623,443,170,1236,"[623, 443, 170]",elu,model_5,Float8WeightOnlyConfig,float8,8.0,False,True,pt2_quantized_median_latency,0.0007352251559495926,pt2,median_latency,False,2.0
1376,623,443,170,1236,"[623, 443, 170]",elu,model_5,Int8WeightOnlyConfig,int8,8.0,False,True,pt2_quantized_p95_latency,0.0009260445833206177,pt2,p95_latency,False,2.0
1377,623,443,170,1236,"[623, 443, 170]",elu,model_5,Float8WeightOnlyConfig,float8,8.0,False,True,pt2_quantized_p95_latency,0.0007456682622432708,pt2,p95_latency,False,2.0
1378,623,443,170,1236,"[623, 443, 170]",elu,model_5,Int8WeightOnlyConfig,int8,8.0,False,True,pt2_quantized_p99_latency,0.0010499554872512816,pt2,p99_latency,False,2.0
1379,623,443,170,1236,"[623, 443, 170]",elu,model_5,Float8WeightOnlyConfig,float8,8.0,False,True,pt2_quantized_p99_latency,0.000867806300520897,pt2,p99_latency,False,2.0
1380,623,443,170,1236,"[623, 443, 170]",elu,model_5,Int8WeightOnlyConfig,int8,8.0,False,True,pt2_relative_model_size,0.32983533904485557,pt2,model_size,True,2.0
1381,623,443,170,1236,"[623, 443, 170]",elu,model_5,Float8WeightOnlyConfig,float8,8.0,False,True,pt2_relative_model_size,0.3174319498187495,pt2,model_size,True,2.0
1382,623,443,170,1236,"[623, 443, 170]",elu,model_5,Int8WeightOnlyConfig,int8,8.0,False,True,pt2_relative_median_latency,0.7915760425084659,pt2,median_latency,True,2.0
1383,623,443,170,1236,"[623, 443, 170]",elu,model_5,Float8WeightOnlyConfig,float8,8.0,False,True,pt2_relative_median_latency,0.6392481015487217,pt2,median_latency,True,2.0
1384,623,443,170,1236,"[623, 443, 170]",elu,model_5,Int8WeightOnlyConfig,int8,8.0,False,True,pt2_relative_p95_latency,0.7812134076091433,pt2,p95_latency,True,2.0
1385,623,443,170,1236,"[623, 443, 170]",elu,model_5,Float8WeightOnlyConfig,float8,8.0,False,True,pt2_relative_p95_latency,0.6290475151900652,pt2,p95_latency,True,2.0
1386,623,443,170,1236,"[623, 443, 170]",elu,model_5,Int8WeightOnlyConfig,int8,8.0,False,True,pt2_relative_p99_latency,0.7934466766329855,pt2,p99_latency,True,2.0
1387,623,443,170,1236,"[623, 443, 170]",elu,model_5,Float8WeightOnlyConfig,float8,8.0,False,True,pt2_relative_p99_latency,0.655797349001979,pt2,p99_latency,True,2.0
1388,623,443,170,1236,"[623, 443, 170]",elu,model_5,Int8WeightOnlyConfig,int8,8.0,False,True,pytorch_quantized_MAE,8.724464524162343,pytorch,MAE,False,3.0
1389,623,443,170,1236,"[623, 443, 170]",elu,model_5,Float8WeightOnlyConfig,float8,8.0,False,True,pytorch_quantized_MAE,8.72668520190866,pytorch,MAE,False,3.0
1390,623,443,170,1236,"[623, 443, 170]",elu,model_5,Int8WeightOnlyConfig,int8,8.0,False,True,pytorch_relative_MAE,1.0001397130093965,pytorch,MAE,True,3.0
1391,623,443,170,1236,"[623, 443, 170]",elu,model_5,Float8WeightOnlyConfig,float8,8.0,False,True,pytorch_relative_MAE,1.000394283132037,pytorch,MAE,True,3.0
1392,623,443,170,1236,"[623, 443, 170]",elu,model_5,Int8WeightOnlyConfig,int8,8.0,False,True,pytorch_quantized_model_size,403169.0,pytorch,model_size,False,3.0
1393,623,443,170,1236,"[623, 443, 170]",elu,model_5,Float8WeightOnlyConfig,float8,8.0,False,True,pytorch_quantized_model_size,403169.0,pytorch,model_size,False,3.0
1394,623,443,170,1236,"[623, 443, 170]",elu,model_5,Int8WeightOnlyConfig,int8,8.0,False,True,pytorch_quantized_median_latency,0.0004321858286857605,pytorch,median_latency,False,3.0
1395,623,443,170,1236,"[623, 443, 170]",elu,model_5,Float8WeightOnlyConfig,float8,8.0,False,True,pytorch_quantized_median_latency,0.000537823885679245,pytorch,median_latency,False,3.0
1396,623,443,170,1236,"[623, 443, 170]",elu,model_5,Int8WeightOnlyConfig,int8,8.0,False,True,pytorch_quantized_p95_latency,0.0004429297521710396,pytorch,p95_latency,False,3.0
1397,623,443,170,1236,"[623, 443, 170]",elu,model_5,Float8WeightOnlyConfig,float8,8.0,False,True,pytorch_quantized_p95_latency,0.0005460530519485474,pytorch,p95_latency,False,3.0
1398,623,443,170,1236,"[623, 443, 170]",elu,model_5,Int8WeightOnlyConfig,int8,8.0,False,True,pytorch_quantized_p99_latency,0.0004466121643781662,pytorch,p99_latency,False,3.0
1399,623,443,170,1236,"[623, 443, 170]",elu,model_5,Float8WeightOnlyConfig,float8,8.0,False,True,pytorch_quantized_p99_latency,0.0005576502904295921,pytorch,p99_latency,False,3.0
1400,623,443,170,1236,"[623, 443, 170]",elu,model_5,Int8WeightOnlyConfig,int8,8.0,False,True,pytorch_relative_model_size,0.25,pytorch,model_size,True,3.0
1401,623,443,170,1236,"[623, 443, 170]",elu,model_5,Float8WeightOnlyConfig,float8,8.0,False,True,pytorch_relative_model_size,0.25,pytorch,model_size,True,3.0
1402,623,443,170,1236,"[623, 443, 170]",elu,model_5,Int8WeightOnlyConfig,int8,8.0,False,True,pytorch_relative_median_latency,2.3959439086346834,pytorch,median_latency,True,3.0
1403,623,443,170,1236,"[623, 443, 170]",elu,model_5,Float8WeightOnlyConfig,float8,8.0,False,True,pytorch_relative_median_latency,2.981578240845914,pytorch,median_latency,True,3.0
1404,623,443,170,1236,"[623, 443, 170]",elu,model_5,Int8WeightOnlyConfig,int8,8.0,False,True,pytorch_relative_p95_latency,2.305993256459166,pytorch,p95_latency,True,3.0
1405,623,443,170,1236,"[623, 443, 170]",elu,model_5,Float8WeightOnlyConfig,float8,8.0,False,True,pytorch_relative_p95_latency,2.8428766622479054,pytorch,p95_latency,True,3.0
1406,623,443,170,1236,"[623, 443, 170]",elu,model_5,Int8WeightOnlyConfig,int8,8.0,False,True,pytorch_relative_p99_latency,2.295660675896169,pytorch,p99_latency,True,3.0
1407,623,443,170,1236,"[623, 443, 170]",elu,model_5,Float8WeightOnlyConfig,float8,8.0,False,True,pytorch_relative_p99_latency,2.866415079454287,pytorch,p99_latency,True,3.0
1408,623,443,170,1236,"[623, 443, 170]",elu,model_5,Int8WeightOnlyConfig,int8,8.0,False,True,onnx_quantized_model_size,32812.0,onnx,model_size,False,3.0
1409,623,443,170,1236,"[623, 443, 170]",elu,model_5,Float8WeightOnlyConfig,float8,8.0,False,True,onnx_quantized_model_size,,onnx,model_size,False,3.0
1410,623,443,170,1236,"[623, 443, 170]",elu,model_5,Int8WeightOnlyConfig,int8,8.0,False,True,onnx_quantized_median_latency,0.0008199531584978104,onnx,median_latency,False,3.0
1411,623,443,170,1236,"[623, 443, 170]",elu,model_5,Float8WeightOnlyConfig,float8,8.0,False,True,onnx_quantized_median_latency,,onnx,median_latency,False,3.0
1412,623,443,170,1236,"[623, 443, 170]",elu,model_5,Int8WeightOnlyConfig,int8,8.0,False,True,onnx_quantized_p95_latency,0.0008417543023824692,onnx,p95_latency,False,3.0
1413,623,443,170,1236,"[623, 443, 170]",elu,model_5,Float8WeightOnlyConfig,float8,8.0,False,True,onnx_quantized_p95_latency,,onnx,p95_latency,False,3.0
1414,623,443,170,1236,"[623, 443, 170]",elu,model_5,Int8WeightOnlyConfig,int8,8.0,False,True,onnx_quantized_p99_latency,0.0008568179234862327,onnx,p99_latency,False,3.0
1415,623,443,170,1236,"[623, 443, 170]",elu,model_5,Float8WeightOnlyConfig,float8,8.0,False,True,onnx_quantized_p99_latency,,onnx,p99_latency,False,3.0
1416,623,443,170,1236,"[623, 443, 170]",elu,model_5,Int8WeightOnlyConfig,int8,8.0,False,True,onnx_relative_model_size,2.4226225634967515,onnx,model_size,True,3.0
1417,623,443,170,1236,"[623, 443, 170]",elu,model_5,Float8WeightOnlyConfig,float8,8.0,False,True,onnx_relative_model_size,,onnx,model_size,True,3.0
1418,623,443,170,1236,"[623, 443, 170]",elu,model_5,Int8WeightOnlyConfig,int8,8.0,False,True,onnx_relative_median_latency,1.183589790469635,onnx,median_latency,True,3.0
1419,623,443,170,1236,"[623, 443, 170]",elu,model_5,Float8WeightOnlyConfig,float8,8.0,False,True,onnx_relative_median_latency,,onnx,median_latency,True,3.0
1420,623,443,170,1236,"[623, 443, 170]",elu,model_5,Int8WeightOnlyConfig,int8,8.0,False,True,onnx_relative_p95_latency,1.1739663090232444,onnx,p95_latency,True,3.0
1421,623,443,170,1236,"[623, 443, 170]",elu,model_5,Float8WeightOnlyConfig,float8,8.0,False,True,onnx_relative_p95_latency,,onnx,p95_latency,True,3.0
1422,623,443,170,1236,"[623, 443, 170]",elu,model_5,Int8WeightOnlyConfig,int8,8.0,False,True,onnx_relative_p99_latency,1.1839671401173288,onnx,p99_latency,True,3.0
1423,623,443,170,1236,"[623, 443, 170]",elu,model_5,Float8WeightOnlyConfig,float8,8.0,False,True,onnx_relative_p99_latency,,onnx,p99_latency,True,3.0
1424,623,443,170,1236,"[623, 443, 170]",elu,model_5,Int8WeightOnlyConfig,int8,8.0,False,True,pt2_quantized_model_size,553121.0,pt2,model_size,False,3.0
1425,623,443,170,1236,"[623, 443, 170]",elu,model_5,Float8WeightOnlyConfig,float8,8.0,False,True,pt2_quantized_model_size,532321.0,pt2,model_size,False,3.0
1426,623,443,170,1236,"[623, 443, 170]",elu,model_5,Int8WeightOnlyConfig,int8,8.0,False,True,pt2_quantized_median_latency,0.0008886121213436127,pt2,median_latency,False,3.0
1427,623,443,170,1236,"[623, 443, 170]",elu,model_5,Float8WeightOnlyConfig,float8,8.0,False,True,pt2_quantized_median_latency,0.0007145069539546967,pt2,median_latency,False,3.0
1428,623,443,170,1236,"[623, 443, 170]",elu,model_5,Int8WeightOnlyConfig,int8,8.0,False,True,pt2_quantized_p95_latency,0.0009006239473819732,pt2,p95_latency,False,3.0
1429,623,443,170,1236,"[623, 443, 170]",elu,model_5,Float8WeightOnlyConfig,float8,8.0,False,True,pt2_quantized_p95_latency,0.00073902178555727,pt2,p95_latency,False,3.0
1430,623,443,170,1236,"[623, 443, 170]",elu,model_5,Int8WeightOnlyConfig,int8,8.0,False,True,pt2_quantized_p99_latency,0.0010171769559383392,pt2,p99_latency,False,3.0
1431,623,443,170,1236,"[623, 443, 170]",elu,model_5,Float8WeightOnlyConfig,float8,8.0,False,True,pt2_quantized_p99_latency,0.000850985199213028,pt2,p99_latency,False,3.0
1432,623,443,170,1236,"[623, 443, 170]",elu,model_5,Int8WeightOnlyConfig,int8,8.0,False,True,pt2_relative_model_size,0.32983533904485557,pt2,model_size,True,3.0
1433,623,443,170,1236,"[623, 443, 170]",elu,model_5,Float8WeightOnlyConfig,float8,8.0,False,True,pt2_relative_model_size,0.3174319498187495,pt2,model_size,True,3.0
1434,623,443,170,1236,"[623, 443, 170]",elu,model_5,Int8WeightOnlyConfig,int8,8.0,False,True,pt2_relative_median_latency,0.7718267931823881,pt2,median_latency,True,3.0
1435,623,443,170,1236,"[623, 443, 170]",elu,model_5,Float8WeightOnlyConfig,float8,8.0,False,True,pt2_relative_median_latency,0.6206032955565802,pt2,median_latency,True,3.0
1436,623,443,170,1236,"[623, 443, 170]",elu,model_5,Int8WeightOnlyConfig,int8,8.0,False,True,pt2_relative_p95_latency,0.7641058973249115,pt2,p95_latency,True,3.0
1437,623,443,170,1236,"[623, 443, 170]",elu,model_5,Float8WeightOnlyConfig,float8,8.0,False,True,pt2_relative_p95_latency,0.6269996553360567,pt2,p95_latency,True,3.0
1438,623,443,170,1236,"[623, 443, 170]",elu,model_5,Int8WeightOnlyConfig,int8,8.0,False,True,pt2_relative_p99_latency,0.7361161996950678,pt2,p99_latency,True,3.0
1439,623,443,170,1236,"[623, 443, 170]",elu,model_5,Float8WeightOnlyConfig,float8,8.0,False,True,pt2_relative_p99_latency,0.6158456374619422,pt2,p99_latency,True,3.0
1440,334,110,32,476,"[334, 110, 32]",elu,model_50,,,,,,,,,,,
1441,128,409,201,738,"[128, 409, 201]",relu,model_51,,,,,,,,,,,
1442,518,196,66,780,"[518, 196, 66]",leaky_relu,model_52,,,,,,,,,,,
1443,608,362,32,1002,"[608, 362, 32]",gelu,model_53,,,,,,,,,,,
1444,220,152,121,493,"[220, 152, 121]",relu,model_54,,,,,,,,,,,
1445,360,225,84,669,"[360, 225, 84]",leaky_relu,model_55,,,,,,,,,,,
1446,856,64,176,1096,"[856, 64, 176]",leaky_relu,model_56,,,,,,,,,,,
1447,839,433,101,1373,"[839, 433, 101]",celu,model_57,,,,,,,,,,,
1448,438,194,193,825,"[438, 194, 193]",leaky_relu,model_58,,,,,,,,,,,
1449,129,325,43,497,"[129, 325, 43]",leaky_relu,model_59,,,,,,,,,,,
1450,128,177,93,398,"[128, 177, 93]",elu,model_6,Int8WeightOnlyConfig,int8,8.0,False,True,pytorch_quantized_MAE,9.32600652599604,pytorch,MAE,False,1.0
1451,128,177,93,398,"[128, 177, 93]",elu,model_6,Float8WeightOnlyConfig,float8,8.0,False,True,pytorch_quantized_MAE,9.32099056154181,pytorch,MAE,False,1.0
1452,128,177,93,398,"[128, 177, 93]",elu,model_6,Int8WeightOnlyConfig,int8,8.0,False,True,pytorch_relative_MAE,1.0006654404943005,pytorch,MAE,True,1.0
1453,128,177,93,398,"[128, 177, 93]",elu,model_6,Float8WeightOnlyConfig,float8,8.0,False,True,pytorch_relative_MAE,1.0001272356082,pytorch,MAE,True,1.0
1454,128,177,93,398,"[128, 177, 93]",elu,model_6,Int8WeightOnlyConfig,int8,8.0,False,True,pytorch_quantized_model_size,49977.0,pytorch,model_size,False,1.0
1455,128,177,93,398,"[128, 177, 93]",elu,model_6,Float8WeightOnlyConfig,float8,8.0,False,True,pytorch_quantized_model_size,49977.0,pytorch,model_size,False,1.0
1456,128,177,93,398,"[128, 177, 93]",elu,model_6,Int8WeightOnlyConfig,int8,8.0,False,True,pytorch_quantized_median_latency,0.00042863935232162476,pytorch,median_latency,False,1.0
1457,128,177,93,398,"[128, 177, 93]",elu,model_6,Float8WeightOnlyConfig,float8,8.0,False,True,pytorch_quantized_median_latency,0.0005331728607416153,pytorch,median_latency,False,1.0
1458,128,177,93,398,"[128, 177, 93]",elu,model_6,Int8WeightOnlyConfig,int8,8.0,False,True,pytorch_quantized_p95_latency,0.00043939147144556046,pytorch,p95_latency,False,1.0
1459,128,177,93,398,"[128, 177, 93]",elu,model_6,Float8WeightOnlyConfig,float8,8.0,False,True,pytorch_quantized_p95_latency,0.0005408557131886482,pytorch,p95_latency,False,1.0
1460,128,177,93,398,"[128, 177, 93]",elu,model_6,Int8WeightOnlyConfig,int8,8.0,False,True,pytorch_quantized_p99_latency,0.0004423336312174797,pytorch,p99_latency,False,1.0
1461,128,177,93,398,"[128, 177, 93]",elu,model_6,Float8WeightOnlyConfig,float8,8.0,False,True,pytorch_quantized_p99_latency,0.0005458863824605942,pytorch,p99_latency,False,1.0
1462,128,177,93,398,"[128, 177, 93]",elu,model_6,Int8WeightOnlyConfig,int8,8.0,False,True,pytorch_relative_model_size,0.25,pytorch,model_size,True,1.0
1463,128,177,93,398,"[128, 177, 93]",elu,model_6,Float8WeightOnlyConfig,float8,8.0,False,True,pytorch_relative_model_size,0.25,pytorch,model_size,True,1.0
1464,128,177,93,398,"[128, 177, 93]",elu,model_6,Int8WeightOnlyConfig,int8,8.0,False,True,pytorch_relative_median_latency,2.388318077090728,pytorch,median_latency,True,1.0
1465,128,177,93,398,"[128, 177, 93]",elu,model_6,Float8WeightOnlyConfig,float8,8.0,False,True,pytorch_relative_median_latency,2.970764057537829,pytorch,median_latency,True,1.0
1466,128,177,93,398,"[128, 177, 93]",elu,model_6,Int8WeightOnlyConfig,int8,8.0,False,True,pytorch_relative_p95_latency,2.2927971665699576,pytorch,p95_latency,True,1.0
1467,128,177,93,398,"[128, 177, 93]",elu,model_6,Float8WeightOnlyConfig,float8,8.0,False,True,pytorch_relative_p95_latency,2.8222496960224874,pytorch,p95_latency,True,1.0
1468,128,177,93,398,"[128, 177, 93]",elu,model_6,Int8WeightOnlyConfig,int8,8.0,False,True,pytorch_relative_p99_latency,2.274419576652889,pytorch,p99_latency,True,1.0
1469,128,177,93,398,"[128, 177, 93]",elu,model_6,Float8WeightOnlyConfig,float8,8.0,False,True,pytorch_relative_p99_latency,2.8068737877318752,pytorch,p99_latency,True,1.0
1470,128,177,93,398,"[128, 177, 93]",elu,model_6,Int8WeightOnlyConfig,int8,8.0,False,True,onnx_quantized_model_size,32789.0,onnx,model_size,False,1.0
1471,128,177,93,398,"[128, 177, 93]",elu,model_6,Float8WeightOnlyConfig,float8,8.0,False,True,onnx_quantized_model_size,,onnx,model_size,False,1.0
1472,128,177,93,398,"[128, 177, 93]",elu,model_6,Int8WeightOnlyConfig,int8,8.0,False,True,onnx_quantized_median_latency,0.0002454090863466263,onnx,median_latency,False,1.0
1473,128,177,93,398,"[128, 177, 93]",elu,model_6,Float8WeightOnlyConfig,float8,8.0,False,True,onnx_quantized_median_latency,,onnx,median_latency,False,1.0
1474,128,177,93,398,"[128, 177, 93]",elu,model_6,Int8WeightOnlyConfig,int8,8.0,False,True,onnx_quantized_p95_latency,0.00026247166097164153,onnx,p95_latency,False,1.0
1475,128,177,93,398,"[128, 177, 93]",elu,model_6,Float8WeightOnlyConfig,float8,8.0,False,True,onnx_quantized_p95_latency,,onnx,p95_latency,False,1.0
1476,128,177,93,398,"[128, 177, 93]",elu,model_6,Int8WeightOnlyConfig,int8,8.0,False,True,onnx_quantized_p99_latency,0.0002700158953666687,onnx,p99_latency,False,1.0
1477,128,177,93,398,"[128, 177, 93]",elu,model_6,Float8WeightOnlyConfig,float8,8.0,False,True,onnx_quantized_p99_latency,,onnx,p99_latency,False,1.0
1478,128,177,93,398,"[128, 177, 93]",elu,model_6,Int8WeightOnlyConfig,int8,8.0,False,True,onnx_relative_model_size,2.4237876995860437,onnx,model_size,True,1.0
1479,128,177,93,398,"[128, 177, 93]",elu,model_6,Float8WeightOnlyConfig,float8,8.0,False,True,onnx_relative_model_size,,onnx,model_size,True,1.0
1480,128,177,93,398,"[128, 177, 93]",elu,model_6,Int8WeightOnlyConfig,int8,8.0,False,True,onnx_relative_median_latency,1.2982509730502045,onnx,median_latency,True,1.0
1481,128,177,93,398,"[128, 177, 93]",elu,model_6,Float8WeightOnlyConfig,float8,8.0,False,True,onnx_relative_median_latency,,onnx,median_latency,True,1.0
1482,128,177,93,398,"[128, 177, 93]",elu,model_6,Int8WeightOnlyConfig,int8,8.0,False,True,onnx_relative_p95_latency,1.289182055633574,onnx,p95_latency,True,1.0
1483,128,177,93,398,"[128, 177, 93]",elu,model_6,Float8WeightOnlyConfig,float8,8.0,False,True,onnx_relative_p95_latency,,onnx,p95_latency,True,1.0
1484,128,177,93,398,"[128, 177, 93]",elu,model_6,Int8WeightOnlyConfig,int8,8.0,False,True,onnx_relative_p99_latency,1.2944385381430885,onnx,p99_latency,True,1.0
1485,128,177,93,398,"[128, 177, 93]",elu,model_6,Float8WeightOnlyConfig,float8,8.0,False,True,onnx_relative_p99_latency,,onnx,p99_latency,True,1.0
1486,128,177,93,398,"[128, 177, 93]",elu,model_6,Int8WeightOnlyConfig,int8,8.0,False,True,pt2_quantized_model_size,194145.0,pt2,model_size,False,1.0
1487,128,177,93,398,"[128, 177, 93]",elu,model_6,Float8WeightOnlyConfig,float8,8.0,False,True,pt2_quantized_model_size,173409.0,pt2,model_size,False,1.0
1488,128,177,93,398,"[128, 177, 93]",elu,model_6,Int8WeightOnlyConfig,int8,8.0,False,True,pt2_quantized_median_latency,0.0008969772607088089,pt2,median_latency,False,1.0
1489,128,177,93,398,"[128, 177, 93]",elu,model_6,Float8WeightOnlyConfig,float8,8.0,False,True,pt2_quantized_median_latency,0.000720268115401268,pt2,median_latency,False,1.0
1490,128,177,93,398,"[128, 177, 93]",elu,model_6,Int8WeightOnlyConfig,int8,8.0,False,True,pt2_quantized_p95_latency,0.0009110476821660995,pt2,p95_latency,False,1.0
1491,128,177,93,398,"[128, 177, 93]",elu,model_6,Float8WeightOnlyConfig,float8,8.0,False,True,pt2_quantized_p95_latency,0.0007365459576249122,pt2,p95_latency,False,1.0
1492,128,177,93,398,"[128, 177, 93]",elu,model_6,Int8WeightOnlyConfig,int8,8.0,False,True,pt2_quantized_p99_latency,0.0011540906131267544,pt2,p99_latency,False,1.0
1493,128,177,93,398,"[128, 177, 93]",elu,model_6,Float8WeightOnlyConfig,float8,8.0,False,True,pt2_quantized_p99_latency,0.0008603497222065925,pt2,p99_latency,False,1.0
1494,128,177,93,398,"[128, 177, 93]",elu,model_6,Int8WeightOnlyConfig,int8,8.0,False,True,pt2_relative_model_size,0.7344157244290778,pt2,model_size,True,1.0
1495,128,177,93,398,"[128, 177, 93]",elu,model_6,Float8WeightOnlyConfig,float8,8.0,False,True,pt2_relative_model_size,0.655975154433655,pt2,model_size,True,1.0
1496,128,177,93,398,"[128, 177, 93]",elu,model_6,Int8WeightOnlyConfig,int8,8.0,False,True,pt2_relative_median_latency,1.6574289185570665,pt2,median_latency,True,1.0
1497,128,177,93,398,"[128, 177, 93]",elu,model_6,Float8WeightOnlyConfig,float8,8.0,False,True,pt2_relative_median_latency,1.330906875651788,pt2,median_latency,True,1.0
1498,128,177,93,398,"[128, 177, 93]",elu,model_6,Int8WeightOnlyConfig,int8,8.0,False,True,pt2_relative_p95_latency,1.6215948298869558,pt2,p95_latency,True,1.0
1499,128,177,93,398,"[128, 177, 93]",elu,model_6,Float8WeightOnlyConfig,float8,8.0,False,True,pt2_relative_p95_latency,1.3109951764752297,pt2,p95_latency,True,1.0
1500,128,177,93,398,"[128, 177, 93]",elu,model_6,Int8WeightOnlyConfig,int8,8.0,False,True,pt2_relative_p99_latency,1.5864658897290438,pt2,p99_latency,True,1.0
1501,128,177,93,398,"[128, 177, 93]",elu,model_6,Float8WeightOnlyConfig,float8,8.0,False,True,pt2_relative_p99_latency,1.1826761885019406,pt2,p99_latency,True,1.0
1502,128,177,93,398,"[128, 177, 93]",elu,model_6,Int8WeightOnlyConfig,int8,8.0,False,True,pytorch_quantized_MAE,9.637578126291901,pytorch,MAE,False,2.0
1503,128,177,93,398,"[128, 177, 93]",elu,model_6,Float8WeightOnlyConfig,float8,8.0,False,True,pytorch_quantized_MAE,9.629103875003215,pytorch,MAE,False,2.0
1504,128,177,93,398,"[128, 177, 93]",elu,model_6,Int8WeightOnlyConfig,int8,8.0,False,True,pytorch_relative_MAE,1.001028700666902,pytorch,MAE,True,2.0
1505,128,177,93,398,"[128, 177, 93]",elu,model_6,Float8WeightOnlyConfig,float8,8.0,False,True,pytorch_relative_MAE,1.0001485035213666,pytorch,MAE,True,2.0
1506,128,177,93,398,"[128, 177, 93]",elu,model_6,Int8WeightOnlyConfig,int8,8.0,False,True,pytorch_quantized_model_size,49977.0,pytorch,model_size,False,2.0
1507,128,177,93,398,"[128, 177, 93]",elu,model_6,Float8WeightOnlyConfig,float8,8.0,False,True,pytorch_quantized_model_size,49977.0,pytorch,model_size,False,2.0
1508,128,177,93,398,"[128, 177, 93]",elu,model_6,Int8WeightOnlyConfig,int8,8.0,False,True,pytorch_quantized_median_latency,0.00040755607187747955,pytorch,median_latency,False,2.0
1509,128,177,93,398,"[128, 177, 93]",elu,model_6,Float8WeightOnlyConfig,float8,8.0,False,True,pytorch_quantized_median_latency,0.0004975181072950363,pytorch,median_latency,False,2.0
1510,128,177,93,398,"[128, 177, 93]",elu,model_6,Int8WeightOnlyConfig,int8,8.0,False,True,pytorch_quantized_p95_latency,0.00041852854192256925,pytorch,p95_latency,False,2.0
1511,128,177,93,398,"[128, 177, 93]",elu,model_6,Float8WeightOnlyConfig,float8,8.0,False,True,pytorch_quantized_p95_latency,0.0005058024078607559,pytorch,p95_latency,False,2.0
1512,128,177,93,398,"[128, 177, 93]",elu,model_6,Int8WeightOnlyConfig,int8,8.0,False,True,pytorch_quantized_p99_latency,0.0004214129224419594,pytorch,p99_latency,False,2.0
1513,128,177,93,398,"[128, 177, 93]",elu,model_6,Float8WeightOnlyConfig,float8,8.0,False,True,pytorch_quantized_p99_latency,0.0005583680793642997,pytorch,p99_latency,False,2.0
1514,128,177,93,398,"[128, 177, 93]",elu,model_6,Int8WeightOnlyConfig,int8,8.0,False,True,pytorch_relative_model_size,0.25,pytorch,model_size,True,2.0
1515,128,177,93,398,"[128, 177, 93]",elu,model_6,Float8WeightOnlyConfig,float8,8.0,False,True,pytorch_relative_model_size,0.25,pytorch,model_size,True,2.0
1516,128,177,93,398,"[128, 177, 93]",elu,model_6,Int8WeightOnlyConfig,int8,8.0,False,True,pytorch_relative_median_latency,2.592046343023669,pytorch,median_latency,True,2.0
1517,128,177,93,398,"[128, 177, 93]",elu,model_6,Float8WeightOnlyConfig,float8,8.0,False,True,pytorch_relative_median_latency,3.164202620418414,pytorch,median_latency,True,2.0
1518,128,177,93,398,"[128, 177, 93]",elu,model_6,Int8WeightOnlyConfig,int8,8.0,False,True,pytorch_relative_p95_latency,2.489635190160937,pytorch,p95_latency,True,2.0
1519,128,177,93,398,"[128, 177, 93]",elu,model_6,Float8WeightOnlyConfig,float8,8.0,False,True,pytorch_relative_p95_latency,3.0087875682114067,pytorch,p95_latency,True,2.0
1520,128,177,93,398,"[128, 177, 93]",elu,model_6,Int8WeightOnlyConfig,int8,8.0,False,True,pytorch_relative_p99_latency,2.474670119587802,pytorch,p99_latency,True,2.0
1521,128,177,93,398,"[128, 177, 93]",elu,model_6,Float8WeightOnlyConfig,float8,8.0,False,True,pytorch_relative_p99_latency,3.278914167433423,pytorch,p99_latency,True,2.0
1522,128,177,93,398,"[128, 177, 93]",elu,model_6,Int8WeightOnlyConfig,int8,8.0,False,True,onnx_quantized_model_size,32789.0,onnx,model_size,False,2.0
1523,128,177,93,398,"[128, 177, 93]",elu,model_6,Float8WeightOnlyConfig,float8,8.0,False,True,onnx_quantized_model_size,,onnx,model_size,False,2.0
1524,128,177,93,398,"[128, 177, 93]",elu,model_6,Int8WeightOnlyConfig,int8,8.0,False,True,onnx_quantized_median_latency,0.00024808384478092194,onnx,median_latency,False,2.0
1525,128,177,93,398,"[128, 177, 93]",elu,model_6,Float8WeightOnlyConfig,float8,8.0,False,True,onnx_quantized_median_latency,,onnx,median_latency,False,2.0
1526,128,177,93,398,"[128, 177, 93]",elu,model_6,Int8WeightOnlyConfig,int8,8.0,False,True,onnx_quantized_p95_latency,0.0002642134204506874,onnx,p95_latency,False,2.0
1527,128,177,93,398,"[128, 177, 93]",elu,model_6,Float8WeightOnlyConfig,float8,8.0,False,True,onnx_quantized_p95_latency,,onnx,p95_latency,False,2.0
1528,128,177,93,398,"[128, 177, 93]",elu,model_6,Int8WeightOnlyConfig,int8,8.0,False,True,onnx_quantized_p99_latency,0.00026771929115056994,onnx,p99_latency,False,2.0
1529,128,177,93,398,"[128, 177, 93]",elu,model_6,Float8WeightOnlyConfig,float8,8.0,False,True,onnx_quantized_p99_latency,,onnx,p99_latency,False,2.0
1530,128,177,93,398,"[128, 177, 93]",elu,model_6,Int8WeightOnlyConfig,int8,8.0,False,True,onnx_relative_model_size,2.4237876995860437,onnx,model_size,True,2.0
1531,128,177,93,398,"[128, 177, 93]",elu,model_6,Float8WeightOnlyConfig,float8,8.0,False,True,onnx_relative_model_size,,onnx,model_size,True,2.0
1532,128,177,93,398,"[128, 177, 93]",elu,model_6,Int8WeightOnlyConfig,int8,8.0,False,True,onnx_relative_median_latency,1.3685676120016441,onnx,median_latency,True,2.0
1533,128,177,93,398,"[128, 177, 93]",elu,model_6,Float8WeightOnlyConfig,float8,8.0,False,True,onnx_relative_median_latency,,onnx,median_latency,True,2.0
1534,128,177,93,398,"[128, 177, 93]",elu,model_6,Int8WeightOnlyConfig,int8,8.0,False,True,onnx_relative_p95_latency,1.3258244546864209,onnx,p95_latency,True,2.0
1535,128,177,93,398,"[128, 177, 93]",elu,model_6,Float8WeightOnlyConfig,float8,8.0,False,True,onnx_relative_p95_latency,,onnx,p95_latency,True,2.0
1536,128,177,93,398,"[128, 177, 93]",elu,model_6,Int8WeightOnlyConfig,int8,8.0,False,True,onnx_relative_p99_latency,1.304162447418183,onnx,p99_latency,True,2.0
1537,128,177,93,398,"[128, 177, 93]",elu,model_6,Float8WeightOnlyConfig,float8,8.0,False,True,onnx_relative_p99_latency,,onnx,p99_latency,True,2.0
1538,128,177,93,398,"[128, 177, 93]",elu,model_6,Int8WeightOnlyConfig,int8,8.0,False,True,pt2_quantized_model_size,194145.0,pt2,model_size,False,2.0
1539,128,177,93,398,"[128, 177, 93]",elu,model_6,Float8WeightOnlyConfig,float8,8.0,False,True,pt2_quantized_model_size,173409.0,pt2,model_size,False,2.0
1540,128,177,93,398,"[128, 177, 93]",elu,model_6,Int8WeightOnlyConfig,int8,8.0,False,True,pt2_quantized_median_latency,0.0008563045412302017,pt2,median_latency,False,2.0
1541,128,177,93,398,"[128, 177, 93]",elu,model_6,Float8WeightOnlyConfig,float8,8.0,False,True,pt2_quantized_median_latency,0.0006970670074224472,pt2,median_latency,False,2.0
1542,128,177,93,398,"[128, 177, 93]",elu,model_6,Int8WeightOnlyConfig,int8,8.0,False,True,pt2_quantized_p95_latency,0.0008713291957974434,pt2,p95_latency,False,2.0
1543,128,177,93,398,"[128, 177, 93]",elu,model_6,Float8WeightOnlyConfig,float8,8.0,False,True,pt2_quantized_p95_latency,0.0007067210972309113,pt2,p95_latency,False,2.0
1544,128,177,93,398,"[128, 177, 93]",elu,model_6,Int8WeightOnlyConfig,int8,8.0,False,True,pt2_quantized_p99_latency,0.0010054435953497885,pt2,p99_latency,False,2.0
1545,128,177,93,398,"[128, 177, 93]",elu,model_6,Float8WeightOnlyConfig,float8,8.0,False,True,pt2_quantized_p99_latency,0.0008301066979765892,pt2,p99_latency,False,2.0
1546,128,177,93,398,"[128, 177, 93]",elu,model_6,Int8WeightOnlyConfig,int8,8.0,False,True,pt2_relative_model_size,0.7344157244290778,pt2,model_size,True,2.0
1547,128,177,93,398,"[128, 177, 93]",elu,model_6,Float8WeightOnlyConfig,float8,8.0,False,True,pt2_relative_model_size,0.655975154433655,pt2,model_size,True,2.0
1548,128,177,93,398,"[128, 177, 93]",elu,model_6,Int8WeightOnlyConfig,int8,8.0,False,True,pt2_relative_median_latency,1.602700422529319,pt2,median_latency,True,2.0
1549,128,177,93,398,"[128, 177, 93]",elu,model_6,Float8WeightOnlyConfig,float8,8.0,False,True,pt2_relative_median_latency,1.3046638591011142,pt2,median_latency,True,2.0
1550,128,177,93,398,"[128, 177, 93]",elu,model_6,Int8WeightOnlyConfig,int8,8.0,False,True,pt2_relative_p95_latency,1.5672040867331931,pt2,p95_latency,True,2.0
1551,128,177,93,398,"[128, 177, 93]",elu,model_6,Float8WeightOnlyConfig,float8,8.0,False,True,pt2_relative_p95_latency,1.2711340295985296,pt2,p95_latency,True,2.0
1552,128,177,93,398,"[128, 177, 93]",elu,model_6,Int8WeightOnlyConfig,int8,8.0,False,True,pt2_relative_p99_latency,1.4477566953796956,pt2,p99_latency,True,2.0
1553,128,177,93,398,"[128, 177, 93]",elu,model_6,Float8WeightOnlyConfig,float8,8.0,False,True,pt2_relative_p99_latency,1.195285877232169,pt2,p99_latency,True,2.0
1554,128,177,93,398,"[128, 177, 93]",elu,model_6,Int8WeightOnlyConfig,int8,8.0,False,True,pytorch_quantized_MAE,9.454064140427482,pytorch,MAE,False,3.0
1555,128,177,93,398,"[128, 177, 93]",elu,model_6,Float8WeightOnlyConfig,float8,8.0,False,True,pytorch_quantized_MAE,9.450597129671056,pytorch,MAE,False,3.0
1556,128,177,93,398,"[128, 177, 93]",elu,model_6,Int8WeightOnlyConfig,int8,8.0,False,True,pytorch_relative_MAE,1.0007809634369442,pytorch,MAE,True,3.0
1557,128,177,93,398,"[128, 177, 93]",elu,model_6,Float8WeightOnlyConfig,float8,8.0,False,True,pytorch_relative_MAE,1.0004139553107538,pytorch,MAE,True,3.0
1558,128,177,93,398,"[128, 177, 93]",elu,model_6,Int8WeightOnlyConfig,int8,8.0,False,True,pytorch_quantized_model_size,49977.0,pytorch,model_size,False,3.0
1559,128,177,93,398,"[128, 177, 93]",elu,model_6,Float8WeightOnlyConfig,float8,8.0,False,True,pytorch_quantized_model_size,49977.0,pytorch,model_size,False,3.0
1560,128,177,93,398,"[128, 177, 93]",elu,model_6,Int8WeightOnlyConfig,int8,8.0,False,True,pytorch_quantized_median_latency,0.0004287436604499817,pytorch,median_latency,False,3.0
1561,128,177,93,398,"[128, 177, 93]",elu,model_6,Float8WeightOnlyConfig,float8,8.0,False,True,pytorch_quantized_median_latency,0.0005247518420219421,pytorch,median_latency,False,3.0
1562,128,177,93,398,"[128, 177, 93]",elu,model_6,Int8WeightOnlyConfig,int8,8.0,False,True,pytorch_quantized_p95_latency,0.0004397522658109665,pytorch,p95_latency,False,3.0
1563,128,177,93,398,"[128, 177, 93]",elu,model_6,Float8WeightOnlyConfig,float8,8.0,False,True,pytorch_quantized_p95_latency,0.000586521252989769,pytorch,p95_latency,False,3.0
1564,128,177,93,398,"[128, 177, 93]",elu,model_6,Int8WeightOnlyConfig,int8,8.0,False,True,pytorch_quantized_p99_latency,0.0004439794644713402,pytorch,p99_latency,False,3.0
1565,128,177,93,398,"[128, 177, 93]",elu,model_6,Float8WeightOnlyConfig,float8,8.0,False,True,pytorch_quantized_p99_latency,0.0005896741151809692,pytorch,p99_latency,False,3.0
1566,128,177,93,398,"[128, 177, 93]",elu,model_6,Int8WeightOnlyConfig,int8,8.0,False,True,pytorch_relative_model_size,0.25,pytorch,model_size,True,3.0
1567,128,177,93,398,"[128, 177, 93]",elu,model_6,Float8WeightOnlyConfig,float8,8.0,False,True,pytorch_relative_model_size,0.25,pytorch,model_size,True,3.0
1568,128,177,93,398,"[128, 177, 93]",elu,model_6,Int8WeightOnlyConfig,int8,8.0,False,True,pytorch_relative_median_latency,2.6248688591889797,pytorch,median_latency,True,3.0
1569,128,177,93,398,"[128, 177, 93]",elu,model_6,Float8WeightOnlyConfig,float8,8.0,False,True,pytorch_relative_median_latency,3.21265337773115,pytorch,median_latency,True,3.0
1570,128,177,93,398,"[128, 177, 93]",elu,model_6,Int8WeightOnlyConfig,int8,8.0,False,True,pytorch_relative_p95_latency,2.5110048477912663,pytorch,p95_latency,True,3.0
1571,128,177,93,398,"[128, 177, 93]",elu,model_6,Float8WeightOnlyConfig,float8,8.0,False,True,pytorch_relative_p95_latency,3.349062242746926,pytorch,p95_latency,True,3.0
1572,128,177,93,398,"[128, 177, 93]",elu,model_6,Int8WeightOnlyConfig,int8,8.0,False,True,pytorch_relative_p99_latency,2.483666503839498,pytorch,p99_latency,True,3.0
1573,128,177,93,398,"[128, 177, 93]",elu,model_6,Float8WeightOnlyConfig,float8,8.0,False,True,pytorch_relative_p99_latency,3.29869727150569,pytorch,p99_latency,True,3.0
1574,128,177,93,398,"[128, 177, 93]",elu,model_6,Int8WeightOnlyConfig,int8,8.0,False,True,onnx_quantized_model_size,32789.0,onnx,model_size,False,3.0
1575,128,177,93,398,"[128, 177, 93]",elu,model_6,Float8WeightOnlyConfig,float8,8.0,False,True,onnx_quantized_model_size,,onnx,model_size,False,3.0
1576,128,177,93,398,"[128, 177, 93]",elu,model_6,Int8WeightOnlyConfig,int8,8.0,False,True,onnx_quantized_median_latency,0.00024029798805713654,onnx,median_latency,False,3.0
1577,128,177,93,398,"[128, 177, 93]",elu,model_6,Float8WeightOnlyConfig,float8,8.0,False,True,onnx_quantized_median_latency,,onnx,median_latency,False,3.0
1578,128,177,93,398,"[128, 177, 93]",elu,model_6,Int8WeightOnlyConfig,int8,8.0,False,True,onnx_quantized_p95_latency,0.00025457832962274554,onnx,p95_latency,False,3.0
1579,128,177,93,398,"[128, 177, 93]",elu,model_6,Float8WeightOnlyConfig,float8,8.0,False,True,onnx_quantized_p95_latency,,onnx,p95_latency,False,3.0
1580,128,177,93,398,"[128, 177, 93]",elu,model_6,Int8WeightOnlyConfig,int8,8.0,False,True,onnx_quantized_p99_latency,0.0002602529898285866,onnx,p99_latency,False,3.0
1581,128,177,93,398,"[128, 177, 93]",elu,model_6,Float8WeightOnlyConfig,float8,8.0,False,True,onnx_quantized_p99_latency,,onnx,p99_latency,False,3.0
1582,128,177,93,398,"[128, 177, 93]",elu,model_6,Int8WeightOnlyConfig,int8,8.0,False,True,onnx_relative_model_size,2.4237876995860437,onnx,model_size,True,3.0
1583,128,177,93,398,"[128, 177, 93]",elu,model_6,Float8WeightOnlyConfig,float8,8.0,False,True,onnx_relative_model_size,,onnx,model_size,True,3.0
1584,128,177,93,398,"[128, 177, 93]",elu,model_6,Int8WeightOnlyConfig,int8,8.0,False,True,onnx_relative_median_latency,1.263592465988227,onnx,median_latency,True,3.0
1585,128,177,93,398,"[128, 177, 93]",elu,model_6,Float8WeightOnlyConfig,float8,8.0,False,True,onnx_relative_median_latency,,onnx,median_latency,True,3.0
1586,128,177,93,398,"[128, 177, 93]",elu,model_6,Int8WeightOnlyConfig,int8,8.0,False,True,onnx_relative_p95_latency,1.220569402645186,onnx,p95_latency,True,3.0
1587,128,177,93,398,"[128, 177, 93]",elu,model_6,Float8WeightOnlyConfig,float8,8.0,False,True,onnx_relative_p95_latency,,onnx,p95_latency,True,3.0
1588,128,177,93,398,"[128, 177, 93]",elu,model_6,Int8WeightOnlyConfig,int8,8.0,False,True,onnx_relative_p99_latency,0.7520734974705936,onnx,p99_latency,True,3.0
1589,128,177,93,398,"[128, 177, 93]",elu,model_6,Float8WeightOnlyConfig,float8,8.0,False,True,onnx_relative_p99_latency,,onnx,p99_latency,True,3.0
1590,128,177,93,398,"[128, 177, 93]",elu,model_6,Int8WeightOnlyConfig,int8,8.0,False,True,pt2_quantized_model_size,194145.0,pt2,model_size,False,3.0
1591,128,177,93,398,"[128, 177, 93]",elu,model_6,Float8WeightOnlyConfig,float8,8.0,False,True,pt2_quantized_model_size,173409.0,pt2,model_size,False,3.0
1592,128,177,93,398,"[128, 177, 93]",elu,model_6,Int8WeightOnlyConfig,int8,8.0,False,True,pt2_quantized_median_latency,0.0008901339024305344,pt2,median_latency,False,3.0
1593,128,177,93,398,"[128, 177, 93]",elu,model_6,Float8WeightOnlyConfig,float8,8.0,False,True,pt2_quantized_median_latency,0.0007089842110872269,pt2,median_latency,False,3.0
1594,128,177,93,398,"[128, 177, 93]",elu,model_6,Int8WeightOnlyConfig,int8,8.0,False,True,pt2_quantized_p95_latency,0.0009119490161538125,pt2,p95_latency,False,3.0
1595,128,177,93,398,"[128, 177, 93]",elu,model_6,Float8WeightOnlyConfig,float8,8.0,False,True,pt2_quantized_p95_latency,0.0007204966619610787,pt2,p95_latency,False,3.0
1596,128,177,93,398,"[128, 177, 93]",elu,model_6,Int8WeightOnlyConfig,int8,8.0,False,True,pt2_quantized_p99_latency,0.0010379089042544364,pt2,p99_latency,False,3.0
1597,128,177,93,398,"[128, 177, 93]",elu,model_6,Float8WeightOnlyConfig,float8,8.0,False,True,pt2_quantized_p99_latency,0.0008587875217199325,pt2,p99_latency,False,3.0
1598,128,177,93,398,"[128, 177, 93]",elu,model_6,Int8WeightOnlyConfig,int8,8.0,False,True,pt2_relative_model_size,0.7344157244290778,pt2,model_size,True,3.0
1599,128,177,93,398,"[128, 177, 93]",elu,model_6,Float8WeightOnlyConfig,float8,8.0,False,True,pt2_relative_model_size,0.655975154433655,pt2,model_size,True,3.0
1600,128,177,93,398,"[128, 177, 93]",elu,model_6,Int8WeightOnlyConfig,int8,8.0,False,True,pt2_relative_median_latency,1.6951517129337315,pt2,median_latency,True,3.0
1601,128,177,93,398,"[128, 177, 93]",elu,model_6,Float8WeightOnlyConfig,float8,8.0,False,True,pt2_relative_median_latency,1.350174166589811,pt2,median_latency,True,3.0
1602,128,177,93,398,"[128, 177, 93]",elu,model_6,Int8WeightOnlyConfig,int8,8.0,False,True,pt2_relative_p95_latency,1.668539574739563,pt2,p95_latency,True,3.0
1603,128,177,93,398,"[128, 177, 93]",elu,model_6,Float8WeightOnlyConfig,float8,8.0,False,True,pt2_relative_p95_latency,1.3182504423548274,pt2,p95_latency,True,3.0
1604,128,177,93,398,"[128, 177, 93]",elu,model_6,Int8WeightOnlyConfig,int8,8.0,False,True,pt2_relative_p99_latency,1.5055239251931527,pt2,p99_latency,True,3.0
1605,128,177,93,398,"[128, 177, 93]",elu,model_6,Float8WeightOnlyConfig,float8,8.0,False,True,pt2_relative_p99_latency,1.2457019641193297,pt2,p99_latency,True,3.0
1606,639,64,134,837,"[639, 64, 134]",relu,model_60,,,,,,,,,,,
1607,504,278,217,999,"[504, 278, 217]",celu,model_61,,,,,,,,,,,
1608,128,64,83,275,"[128, 64, 83]",relu,model_62,,,,,,,,,,,
1609,240,365,159,764,"[240, 365, 159]",celu,model_63,,,,,,,,,,,
1610,750,129,32,911,"[750, 129, 32]",celu,model_64,,,,,,,,,,,
1611,429,312,112,853,"[429, 312, 112]",leaky_relu,model_7,Int8WeightOnlyConfig,int8,8.0,False,True,pytorch_quantized_MAE,7.963027767493606,pytorch,MAE,False,1.0
1612,429,312,112,853,"[429, 312, 112]",leaky_relu,model_7,Float8WeightOnlyConfig,float8,8.0,False,True,pytorch_quantized_MAE,7.99806278691691,pytorch,MAE,False,1.0
1613,429,312,112,853,"[429, 312, 112]",leaky_relu,model_7,Int8WeightOnlyConfig,int8,8.0,False,True,pytorch_relative_MAE,0.998761453299149,pytorch,MAE,True,1.0
1614,429,312,112,853,"[429, 312, 112]",leaky_relu,model_7,Float8WeightOnlyConfig,float8,8.0,False,True,pytorch_relative_MAE,1.0031557148711636,pytorch,MAE,True,1.0
1615,429,312,112,853,"[429, 312, 112]",leaky_relu,model_7,Int8WeightOnlyConfig,int8,8.0,False,True,pytorch_quantized_model_size,204507.0,pytorch,model_size,False,1.0
1616,429,312,112,853,"[429, 312, 112]",leaky_relu,model_7,Float8WeightOnlyConfig,float8,8.0,False,True,pytorch_quantized_model_size,204507.0,pytorch,model_size,False,1.0
1617,429,312,112,853,"[429, 312, 112]",leaky_relu,model_7,Int8WeightOnlyConfig,int8,8.0,False,True,pytorch_quantized_median_latency,0.0004957113415002823,pytorch,median_latency,False,1.0
1618,429,312,112,853,"[429, 312, 112]",leaky_relu,model_7,Float8WeightOnlyConfig,float8,8.0,False,True,pytorch_quantized_median_latency,0.0005319472402334213,pytorch,median_latency,False,1.0
1619,429,312,112,853,"[429, 312, 112]",leaky_relu,model_7,Int8WeightOnlyConfig,int8,8.0,False,True,pytorch_quantized_p95_latency,0.000503229908645153,pytorch,p95_latency,False,1.0
1620,429,312,112,853,"[429, 312, 112]",leaky_relu,model_7,Float8WeightOnlyConfig,float8,8.0,False,True,pytorch_quantized_p95_latency,0.000538938120007515,pytorch,p95_latency,False,1.0
1621,429,312,112,853,"[429, 312, 112]",leaky_relu,model_7,Int8WeightOnlyConfig,int8,8.0,False,True,pytorch_quantized_p99_latency,0.0005062410607933998,pytorch,p99_latency,False,1.0
1622,429,312,112,853,"[429, 312, 112]",leaky_relu,model_7,Float8WeightOnlyConfig,float8,8.0,False,True,pytorch_quantized_p99_latency,0.0005456015095114707,pytorch,p99_latency,False,1.0
1623,429,312,112,853,"[429, 312, 112]",leaky_relu,model_7,Int8WeightOnlyConfig,int8,8.0,False,True,pytorch_relative_model_size,0.25,pytorch,model_size,True,1.0
1624,429,312,112,853,"[429, 312, 112]",leaky_relu,model_7,Float8WeightOnlyConfig,float8,8.0,False,True,pytorch_relative_model_size,0.25,pytorch,model_size,True,1.0
1625,429,312,112,853,"[429, 312, 112]",leaky_relu,model_7,Int8WeightOnlyConfig,int8,8.0,False,True,pytorch_relative_median_latency,2.7176117391171153,pytorch,median_latency,True,1.0
1626,429,312,112,853,"[429, 312, 112]",leaky_relu,model_7,Float8WeightOnlyConfig,float8,8.0,False,True,pytorch_relative_median_latency,2.9162658660866545,pytorch,median_latency,True,1.0
1627,429,312,112,853,"[429, 312, 112]",leaky_relu,model_7,Int8WeightOnlyConfig,int8,8.0,False,True,pytorch_relative_p95_latency,2.581539811035179,pytorch,p95_latency,True,1.0
1628,429,312,112,853,"[429, 312, 112]",leaky_relu,model_7,Float8WeightOnlyConfig,float8,8.0,False,True,pytorch_relative_p95_latency,2.764720833524439,pytorch,p95_latency,True,1.0
1629,429,312,112,853,"[429, 312, 112]",leaky_relu,model_7,Int8WeightOnlyConfig,int8,8.0,False,True,pytorch_relative_p99_latency,2.546523751717914,pytorch,p99_latency,True,1.0
1630,429,312,112,853,"[429, 312, 112]",leaky_relu,model_7,Float8WeightOnlyConfig,float8,8.0,False,True,pytorch_relative_p99_latency,2.7445170108616006,pytorch,p99_latency,True,1.0
1631,429,312,112,853,"[429, 312, 112]",leaky_relu,model_7,Int8WeightOnlyConfig,int8,8.0,False,True,onnx_quantized_model_size,33096.0,onnx,model_size,False,1.0
1632,429,312,112,853,"[429, 312, 112]",leaky_relu,model_7,Float8WeightOnlyConfig,float8,8.0,False,True,onnx_quantized_model_size,,onnx,model_size,False,1.0
1633,429,312,112,853,"[429, 312, 112]",leaky_relu,model_7,Int8WeightOnlyConfig,int8,8.0,False,True,onnx_quantized_median_latency,0.00040125660598278046,onnx,median_latency,False,1.0
1634,429,312,112,853,"[429, 312, 112]",leaky_relu,model_7,Float8WeightOnlyConfig,float8,8.0,False,True,onnx_quantized_median_latency,,onnx,median_latency,False,1.0
1635,429,312,112,853,"[429, 312, 112]",leaky_relu,model_7,Int8WeightOnlyConfig,int8,8.0,False,True,onnx_quantized_p95_latency,0.00041512586176395416,onnx,p95_latency,False,1.0
1636,429,312,112,853,"[429, 312, 112]",leaky_relu,model_7,Float8WeightOnlyConfig,float8,8.0,False,True,onnx_quantized_p95_latency,,onnx,p95_latency,False,1.0
1637,429,312,112,853,"[429, 312, 112]",leaky_relu,model_7,Int8WeightOnlyConfig,int8,8.0,False,True,onnx_quantized_p99_latency,0.00042184680700302124,onnx,p99_latency,False,1.0
1638,429,312,112,853,"[429, 312, 112]",leaky_relu,model_7,Float8WeightOnlyConfig,float8,8.0,False,True,onnx_quantized_p99_latency,,onnx,p99_latency,False,1.0
1639,429,312,112,853,"[429, 312, 112]",leaky_relu,model_7,Int8WeightOnlyConfig,int8,8.0,False,True,onnx_relative_model_size,2.390811240338077,onnx,model_size,True,1.0
1640,429,312,112,853,"[429, 312, 112]",leaky_relu,model_7,Float8WeightOnlyConfig,float8,8.0,False,True,onnx_relative_model_size,,onnx,model_size,True,1.0
1641,429,312,112,853,"[429, 312, 112]",leaky_relu,model_7,Int8WeightOnlyConfig,int8,8.0,False,True,onnx_relative_median_latency,1.2527433545978448,onnx,median_latency,True,1.0
1642,429,312,112,853,"[429, 312, 112]",leaky_relu,model_7,Float8WeightOnlyConfig,float8,8.0,False,True,onnx_relative_median_latency,,onnx,median_latency,True,1.0
1643,429,312,112,853,"[429, 312, 112]",leaky_relu,model_7,Int8WeightOnlyConfig,int8,8.0,False,True,onnx_relative_p95_latency,1.254085206376073,onnx,p95_latency,True,1.0
1644,429,312,112,853,"[429, 312, 112]",leaky_relu,model_7,Float8WeightOnlyConfig,float8,8.0,False,True,onnx_relative_p95_latency,,onnx,p95_latency,True,1.0
1645,429,312,112,853,"[429, 312, 112]",leaky_relu,model_7,Int8WeightOnlyConfig,int8,8.0,False,True,onnx_relative_p99_latency,1.2523950241142026,onnx,p99_latency,True,1.0
1646,429,312,112,853,"[429, 312, 112]",leaky_relu,model_7,Float8WeightOnlyConfig,float8,8.0,False,True,onnx_relative_p99_latency,,onnx,p99_latency,True,1.0
1647,429,312,112,853,"[429, 312, 112]",leaky_relu,model_7,Int8WeightOnlyConfig,int8,8.0,False,True,pt2_quantized_model_size,351841.0,pt2,model_size,False,1.0
1648,429,312,112,853,"[429, 312, 112]",leaky_relu,model_7,Float8WeightOnlyConfig,float8,8.0,False,True,pt2_quantized_model_size,331105.0,pt2,model_size,False,1.0
1649,429,312,112,853,"[429, 312, 112]",leaky_relu,model_7,Int8WeightOnlyConfig,int8,8.0,False,True,pt2_quantized_median_latency,0.0009023547172546387,pt2,median_latency,False,1.0
1650,429,312,112,853,"[429, 312, 112]",leaky_relu,model_7,Float8WeightOnlyConfig,float8,8.0,False,True,pt2_quantized_median_latency,0.0007360931485891342,pt2,median_latency,False,1.0
1651,429,312,112,853,"[429, 312, 112]",leaky_relu,model_7,Int8WeightOnlyConfig,int8,8.0,False,True,pt2_quantized_p95_latency,0.0009200450032949448,pt2,p95_latency,False,1.0
1652,429,312,112,853,"[429, 312, 112]",leaky_relu,model_7,Float8WeightOnlyConfig,float8,8.0,False,True,pt2_quantized_p95_latency,0.000750776194036007,pt2,p95_latency,False,1.0
1653,429,312,112,853,"[429, 312, 112]",leaky_relu,model_7,Int8WeightOnlyConfig,int8,8.0,False,True,pt2_quantized_p99_latency,0.0010381482169032096,pt2,p99_latency,False,1.0
1654,429,312,112,853,"[429, 312, 112]",leaky_relu,model_7,Float8WeightOnlyConfig,float8,8.0,False,True,pt2_quantized_p99_latency,0.0008838468417525291,pt2,p99_latency,False,1.0
1655,429,312,112,853,"[429, 312, 112]",leaky_relu,model_7,Int8WeightOnlyConfig,int8,8.0,False,True,pt2_relative_model_size,0.3987024981160726,pt2,model_size,True,1.0
1656,429,312,112,853,"[429, 312, 112]",leaky_relu,model_7,Float8WeightOnlyConfig,float8,8.0,False,True,pt2_relative_model_size,0.3752046823386763,pt2,model_size,True,1.0
1657,429,312,112,853,"[429, 312, 112]",leaky_relu,model_7,Int8WeightOnlyConfig,int8,8.0,False,True,pt2_relative_median_latency,1.2544648984020363,pt2,median_latency,True,1.0
1658,429,312,112,853,"[429, 312, 112]",leaky_relu,model_7,Float8WeightOnlyConfig,float8,8.0,False,True,pt2_relative_median_latency,1.0233259705991262,pt2,median_latency,True,1.0
1659,429,312,112,853,"[429, 312, 112]",leaky_relu,model_7,Int8WeightOnlyConfig,int8,8.0,False,True,pt2_relative_p95_latency,1.2240117181101648,pt2,p95_latency,True,1.0
1660,429,312,112,853,"[429, 312, 112]",leaky_relu,model_7,Float8WeightOnlyConfig,float8,8.0,False,True,pt2_relative_p95_latency,0.9988194663165045,pt2,p95_latency,True,1.0
1661,429,312,112,853,"[429, 312, 112]",leaky_relu,model_7,Int8WeightOnlyConfig,int8,8.0,False,True,pt2_relative_p99_latency,0.5555904914837145,pt2,p99_latency,True,1.0
1662,429,312,112,853,"[429, 312, 112]",leaky_relu,model_7,Float8WeightOnlyConfig,float8,8.0,False,True,pt2_relative_p99_latency,0.47301232445443725,pt2,p99_latency,True,1.0
1663,429,312,112,853,"[429, 312, 112]",leaky_relu,model_7,Int8WeightOnlyConfig,int8,8.0,False,True,pytorch_quantized_MAE,8.023353196267013,pytorch,MAE,False,2.0
1664,429,312,112,853,"[429, 312, 112]",leaky_relu,model_7,Float8WeightOnlyConfig,float8,8.0,False,True,pytorch_quantized_MAE,8.06359477505186,pytorch,MAE,False,2.0
1665,429,312,112,853,"[429, 312, 112]",leaky_relu,model_7,Int8WeightOnlyConfig,int8,8.0,False,True,pytorch_relative_MAE,0.9989047076634301,pytorch,MAE,True,2.0
1666,429,312,112,853,"[429, 312, 112]",leaky_relu,model_7,Float8WeightOnlyConfig,float8,8.0,False,True,pytorch_relative_MAE,1.003914770352767,pytorch,MAE,True,2.0
1667,429,312,112,853,"[429, 312, 112]",leaky_relu,model_7,Int8WeightOnlyConfig,int8,8.0,False,True,pytorch_quantized_model_size,204507.0,pytorch,model_size,False,2.0
1668,429,312,112,853,"[429, 312, 112]",leaky_relu,model_7,Float8WeightOnlyConfig,float8,8.0,False,True,pytorch_quantized_model_size,204507.0,pytorch,model_size,False,2.0
1669,429,312,112,853,"[429, 312, 112]",leaky_relu,model_7,Int8WeightOnlyConfig,int8,8.0,False,True,pytorch_quantized_median_latency,0.00048425234854221344,pytorch,median_latency,False,2.0
1670,429,312,112,853,"[429, 312, 112]",leaky_relu,model_7,Float8WeightOnlyConfig,float8,8.0,False,True,pytorch_quantized_median_latency,0.0005243159830570221,pytorch,median_latency,False,2.0
1671,429,312,112,853,"[429, 312, 112]",leaky_relu,model_7,Int8WeightOnlyConfig,int8,8.0,False,True,pytorch_quantized_p95_latency,0.0004933135583996773,pytorch,p95_latency,False,2.0
1672,429,312,112,853,"[429, 312, 112]",leaky_relu,model_7,Float8WeightOnlyConfig,float8,8.0,False,True,pytorch_quantized_p95_latency,0.0005310285836458206,pytorch,p95_latency,False,2.0
1673,429,312,112,853,"[429, 312, 112]",leaky_relu,model_7,Int8WeightOnlyConfig,int8,8.0,False,True,pytorch_quantized_p99_latency,0.0004970399290323258,pytorch,p99_latency,False,2.0
1674,429,312,112,853,"[429, 312, 112]",leaky_relu,model_7,Float8WeightOnlyConfig,float8,8.0,False,True,pytorch_quantized_p99_latency,0.0005391518771648406,pytorch,p99_latency,False,2.0
1675,429,312,112,853,"[429, 312, 112]",leaky_relu,model_7,Int8WeightOnlyConfig,int8,8.0,False,True,pytorch_relative_model_size,0.25,pytorch,model_size,True,2.0
1676,429,312,112,853,"[429, 312, 112]",leaky_relu,model_7,Float8WeightOnlyConfig,float8,8.0,False,True,pytorch_relative_model_size,0.25,pytorch,model_size,True,2.0
1677,429,312,112,853,"[429, 312, 112]",leaky_relu,model_7,Int8WeightOnlyConfig,int8,8.0,False,True,pytorch_relative_median_latency,2.6212782690233007,pytorch,median_latency,True,2.0
1678,429,312,112,853,"[429, 312, 112]",leaky_relu,model_7,Float8WeightOnlyConfig,float8,8.0,False,True,pytorch_relative_median_latency,2.838144402657767,pytorch,median_latency,True,2.0
1679,429,312,112,853,"[429, 312, 112]",leaky_relu,model_7,Int8WeightOnlyConfig,int8,8.0,False,True,pytorch_relative_p95_latency,2.505289714003553,pytorch,p95_latency,True,2.0
1680,429,312,112,853,"[429, 312, 112]",leaky_relu,model_7,Float8WeightOnlyConfig,float8,8.0,False,True,pytorch_relative_p95_latency,2.6968252256547345,pytorch,p95_latency,True,2.0
1681,429,312,112,853,"[429, 312, 112]",leaky_relu,model_7,Int8WeightOnlyConfig,int8,8.0,False,True,pytorch_relative_p99_latency,2.4993629041231586,pytorch,p99_latency,True,2.0
1682,429,312,112,853,"[429, 312, 112]",leaky_relu,model_7,Float8WeightOnlyConfig,float8,8.0,False,True,pytorch_relative_p99_latency,2.711122633744239,pytorch,p99_latency,True,2.0
1683,429,312,112,853,"[429, 312, 112]",leaky_relu,model_7,Int8WeightOnlyConfig,int8,8.0,False,True,onnx_quantized_model_size,33096.0,onnx,model_size,False,2.0
1684,429,312,112,853,"[429, 312, 112]",leaky_relu,model_7,Float8WeightOnlyConfig,float8,8.0,False,True,onnx_quantized_model_size,,onnx,model_size,False,2.0
1685,429,312,112,853,"[429, 312, 112]",leaky_relu,model_7,Int8WeightOnlyConfig,int8,8.0,False,True,onnx_quantized_median_latency,0.0004088114947080612,onnx,median_latency,False,2.0
1686,429,312,112,853,"[429, 312, 112]",leaky_relu,model_7,Float8WeightOnlyConfig,float8,8.0,False,True,onnx_quantized_median_latency,,onnx,median_latency,False,2.0
1687,429,312,112,853,"[429, 312, 112]",leaky_relu,model_7,Int8WeightOnlyConfig,int8,8.0,False,True,onnx_quantized_p95_latency,0.0004242008551955223,onnx,p95_latency,False,2.0
1688,429,312,112,853,"[429, 312, 112]",leaky_relu,model_7,Float8WeightOnlyConfig,float8,8.0,False,True,onnx_quantized_p95_latency,,onnx,p95_latency,False,2.0
1689,429,312,112,853,"[429, 312, 112]",leaky_relu,model_7,Int8WeightOnlyConfig,int8,8.0,False,True,onnx_quantized_p99_latency,0.00043213143944740293,onnx,p99_latency,False,2.0
1690,429,312,112,853,"[429, 312, 112]",leaky_relu,model_7,Float8WeightOnlyConfig,float8,8.0,False,True,onnx_quantized_p99_latency,,onnx,p99_latency,False,2.0
1691,429,312,112,853,"[429, 312, 112]",leaky_relu,model_7,Int8WeightOnlyConfig,int8,8.0,False,True,onnx_relative_model_size,2.390811240338077,onnx,model_size,True,2.0
1692,429,312,112,853,"[429, 312, 112]",leaky_relu,model_7,Float8WeightOnlyConfig,float8,8.0,False,True,onnx_relative_model_size,,onnx,model_size,True,2.0
1693,429,312,112,853,"[429, 312, 112]",leaky_relu,model_7,Int8WeightOnlyConfig,int8,8.0,False,True,onnx_relative_median_latency,1.2850810937408514,onnx,median_latency,True,2.0
1694,429,312,112,853,"[429, 312, 112]",leaky_relu,model_7,Float8WeightOnlyConfig,float8,8.0,False,True,onnx_relative_median_latency,,onnx,median_latency,True,2.0
1695,429,312,112,853,"[429, 312, 112]",leaky_relu,model_7,Int8WeightOnlyConfig,int8,8.0,False,True,onnx_relative_p95_latency,1.2652592618930687,onnx,p95_latency,True,2.0
1696,429,312,112,853,"[429, 312, 112]",leaky_relu,model_7,Float8WeightOnlyConfig,float8,8.0,False,True,onnx_relative_p95_latency,,onnx,p95_latency,True,2.0
1697,429,312,112,853,"[429, 312, 112]",leaky_relu,model_7,Int8WeightOnlyConfig,int8,8.0,False,True,onnx_relative_p99_latency,1.2564319358055274,onnx,p99_latency,True,2.0
1698,429,312,112,853,"[429, 312, 112]",leaky_relu,model_7,Float8WeightOnlyConfig,float8,8.0,False,True,onnx_relative_p99_latency,,onnx,p99_latency,True,2.0
1699,429,312,112,853,"[429, 312, 112]",leaky_relu,model_7,Int8WeightOnlyConfig,int8,8.0,False,True,pt2_quantized_model_size,351841.0,pt2,model_size,False,2.0
1700,429,312,112,853,"[429, 312, 112]",leaky_relu,model_7,Float8WeightOnlyConfig,float8,8.0,False,True,pt2_quantized_model_size,331105.0,pt2,model_size,False,2.0
1701,429,312,112,853,"[429, 312, 112]",leaky_relu,model_7,Int8WeightOnlyConfig,int8,8.0,False,True,pt2_quantized_median_latency,0.0008894801139831543,pt2,median_latency,False,2.0
1702,429,312,112,853,"[429, 312, 112]",leaky_relu,model_7,Float8WeightOnlyConfig,float8,8.0,False,True,pt2_quantized_median_latency,0.0007167067378759384,pt2,median_latency,False,2.0
1703,429,312,112,853,"[429, 312, 112]",leaky_relu,model_7,Int8WeightOnlyConfig,int8,8.0,False,True,pt2_quantized_p95_latency,0.0009113864973187438,pt2,p95_latency,False,2.0
1704,429,312,112,853,"[429, 312, 112]",leaky_relu,model_7,Float8WeightOnlyConfig,float8,8.0,False,True,pt2_quantized_p95_latency,0.0007276393473148346,pt2,p95_latency,False,2.0
1705,429,312,112,853,"[429, 312, 112]",leaky_relu,model_7,Int8WeightOnlyConfig,int8,8.0,False,True,pt2_quantized_p99_latency,0.0010262873396277427,pt2,p99_latency,False,2.0
1706,429,312,112,853,"[429, 312, 112]",leaky_relu,model_7,Float8WeightOnlyConfig,float8,8.0,False,True,pt2_quantized_p99_latency,0.0008521053567528725,pt2,p99_latency,False,2.0
1707,429,312,112,853,"[429, 312, 112]",leaky_relu,model_7,Int8WeightOnlyConfig,int8,8.0,False,True,pt2_relative_model_size,0.3987024981160726,pt2,model_size,True,2.0
1708,429,312,112,853,"[429, 312, 112]",leaky_relu,model_7,Float8WeightOnlyConfig,float8,8.0,False,True,pt2_relative_model_size,0.3752046823386763,pt2,model_size,True,2.0
1709,429,312,112,853,"[429, 312, 112]",leaky_relu,model_7,Int8WeightOnlyConfig,int8,8.0,False,True,pt2_relative_median_latency,1.2053145949438655,pt2,median_latency,True,2.0
1710,429,312,112,853,"[429, 312, 112]",leaky_relu,model_7,Float8WeightOnlyConfig,float8,8.0,False,True,pt2_relative_median_latency,0.971193259833616,pt2,median_latency,True,2.0
1711,429,312,112,853,"[429, 312, 112]",leaky_relu,model_7,Int8WeightOnlyConfig,int8,8.0,False,True,pt2_relative_p95_latency,1.2038867606063504,pt2,p95_latency,True,2.0
1712,429,312,112,853,"[429, 312, 112]",leaky_relu,model_7,Float8WeightOnlyConfig,float8,8.0,False,True,pt2_relative_p95_latency,0.9611678243047406,pt2,p95_latency,True,2.0
1713,429,312,112,853,"[429, 312, 112]",leaky_relu,model_7,Int8WeightOnlyConfig,int8,8.0,False,True,pt2_relative_p99_latency,1.1205139385045517,pt2,p99_latency,True,2.0
1714,429,312,112,853,"[429, 312, 112]",leaky_relu,model_7,Float8WeightOnlyConfig,float8,8.0,False,True,pt2_relative_p99_latency,0.9303397717663683,pt2,p99_latency,True,2.0
1715,429,312,112,853,"[429, 312, 112]",leaky_relu,model_7,Int8WeightOnlyConfig,int8,8.0,False,True,pytorch_quantized_MAE,8.247969403989115,pytorch,MAE,False,3.0
1716,429,312,112,853,"[429, 312, 112]",leaky_relu,model_7,Float8WeightOnlyConfig,float8,8.0,False,True,pytorch_quantized_MAE,8.28699367088971,pytorch,MAE,False,3.0
1717,429,312,112,853,"[429, 312, 112]",leaky_relu,model_7,Int8WeightOnlyConfig,int8,8.0,False,True,pytorch_relative_MAE,0.9989068006433909,pytorch,MAE,True,3.0
1718,429,312,112,853,"[429, 312, 112]",leaky_relu,model_7,Float8WeightOnlyConfig,float8,8.0,False,True,pytorch_relative_MAE,1.0036330070207173,pytorch,MAE,True,3.0
1719,429,312,112,853,"[429, 312, 112]",leaky_relu,model_7,Int8WeightOnlyConfig,int8,8.0,False,True,pytorch_quantized_model_size,204507.0,pytorch,model_size,False,3.0
1720,429,312,112,853,"[429, 312, 112]",leaky_relu,model_7,Float8WeightOnlyConfig,float8,8.0,False,True,pytorch_quantized_model_size,204507.0,pytorch,model_size,False,3.0
1721,429,312,112,853,"[429, 312, 112]",leaky_relu,model_7,Int8WeightOnlyConfig,int8,8.0,False,True,pytorch_quantized_median_latency,0.0004265177994966507,pytorch,median_latency,False,3.0
1722,429,312,112,853,"[429, 312, 112]",leaky_relu,model_7,Float8WeightOnlyConfig,float8,8.0,False,True,pytorch_quantized_median_latency,0.0005259532481431961,pytorch,median_latency,False,3.0
1723,429,312,112,853,"[429, 312, 112]",leaky_relu,model_7,Int8WeightOnlyConfig,int8,8.0,False,True,pytorch_quantized_p95_latency,0.00043795686215162275,pytorch,p95_latency,False,3.0
1724,429,312,112,853,"[429, 312, 112]",leaky_relu,model_7,Float8WeightOnlyConfig,float8,8.0,False,True,pytorch_quantized_p95_latency,0.000544433481991291,pytorch,p95_latency,False,3.0
1725,429,312,112,853,"[429, 312, 112]",leaky_relu,model_7,Int8WeightOnlyConfig,int8,8.0,False,True,pytorch_quantized_p99_latency,0.0004406031221151352,pytorch,p99_latency,False,3.0
1726,429,312,112,853,"[429, 312, 112]",leaky_relu,model_7,Float8WeightOnlyConfig,float8,8.0,False,True,pytorch_quantized_p99_latency,0.0005563141033053398,pytorch,p99_latency,False,3.0
1727,429,312,112,853,"[429, 312, 112]",leaky_relu,model_7,Int8WeightOnlyConfig,int8,8.0,False,True,pytorch_relative_model_size,0.25,pytorch,model_size,True,3.0
1728,429,312,112,853,"[429, 312, 112]",leaky_relu,model_7,Float8WeightOnlyConfig,float8,8.0,False,True,pytorch_relative_model_size,0.25,pytorch,model_size,True,3.0
1729,429,312,112,853,"[429, 312, 112]",leaky_relu,model_7,Int8WeightOnlyConfig,int8,8.0,False,True,pytorch_relative_median_latency,2.3725819319677144,pytorch,median_latency,True,3.0
1730,429,312,112,853,"[429, 312, 112]",leaky_relu,model_7,Float8WeightOnlyConfig,float8,8.0,False,True,pytorch_relative_median_latency,2.925709489913276,pytorch,median_latency,True,3.0
1731,429,312,112,853,"[429, 312, 112]",leaky_relu,model_7,Int8WeightOnlyConfig,int8,8.0,False,True,pytorch_relative_p95_latency,2.273236432684536,pytorch,p95_latency,True,3.0
1732,429,312,112,853,"[429, 312, 112]",leaky_relu,model_7,Float8WeightOnlyConfig,float8,8.0,False,True,pytorch_relative_p95_latency,2.8259085160936035,pytorch,p95_latency,True,3.0
1733,429,312,112,853,"[429, 312, 112]",leaky_relu,model_7,Int8WeightOnlyConfig,int8,8.0,False,True,pytorch_relative_p99_latency,2.216396916512877,pytorch,p99_latency,True,3.0
1734,429,312,112,853,"[429, 312, 112]",leaky_relu,model_7,Float8WeightOnlyConfig,float8,8.0,False,True,pytorch_relative_p99_latency,2.7984660146288736,pytorch,p99_latency,True,3.0
1735,429,312,112,853,"[429, 312, 112]",leaky_relu,model_7,Int8WeightOnlyConfig,int8,8.0,False,True,onnx_quantized_model_size,33096.0,onnx,model_size,False,3.0
1736,429,312,112,853,"[429, 312, 112]",leaky_relu,model_7,Float8WeightOnlyConfig,float8,8.0,False,True,onnx_quantized_model_size,,onnx,model_size,False,3.0
1737,429,312,112,853,"[429, 312, 112]",leaky_relu,model_7,Int8WeightOnlyConfig,int8,8.0,False,True,onnx_quantized_median_latency,0.00040604546666145325,onnx,median_latency,False,3.0
1738,429,312,112,853,"[429, 312, 112]",leaky_relu,model_7,Float8WeightOnlyConfig,float8,8.0,False,True,onnx_quantized_median_latency,,onnx,median_latency,False,3.0
1739,429,312,112,853,"[429, 312, 112]",leaky_relu,model_7,Int8WeightOnlyConfig,int8,8.0,False,True,onnx_quantized_p95_latency,0.00041851308196783066,onnx,p95_latency,False,3.0
1740,429,312,112,853,"[429, 312, 112]",leaky_relu,model_7,Float8WeightOnlyConfig,float8,8.0,False,True,onnx_quantized_p95_latency,,onnx,p95_latency,False,3.0
1741,429,312,112,853,"[429, 312, 112]",leaky_relu,model_7,Int8WeightOnlyConfig,int8,8.0,False,True,onnx_quantized_p99_latency,0.0004245863109827042,onnx,p99_latency,False,3.0
1742,429,312,112,853,"[429, 312, 112]",leaky_relu,model_7,Float8WeightOnlyConfig,float8,8.0,False,True,onnx_quantized_p99_latency,,onnx,p99_latency,False,3.0
1743,429,312,112,853,"[429, 312, 112]",leaky_relu,model_7,Int8WeightOnlyConfig,int8,8.0,False,True,onnx_relative_model_size,2.390811240338077,onnx,model_size,True,3.0
1744,429,312,112,853,"[429, 312, 112]",leaky_relu,model_7,Float8WeightOnlyConfig,float8,8.0,False,True,onnx_relative_model_size,,onnx,model_size,True,3.0
1745,429,312,112,853,"[429, 312, 112]",leaky_relu,model_7,Int8WeightOnlyConfig,int8,8.0,False,True,onnx_relative_median_latency,1.281111894687353,onnx,median_latency,True,3.0
1746,429,312,112,853,"[429, 312, 112]",leaky_relu,model_7,Float8WeightOnlyConfig,float8,8.0,False,True,onnx_relative_median_latency,,onnx,median_latency,True,3.0
1747,429,312,112,853,"[429, 312, 112]",leaky_relu,model_7,Int8WeightOnlyConfig,int8,8.0,False,True,onnx_relative_p95_latency,1.2771944723449562,onnx,p95_latency,True,3.0
1748,429,312,112,853,"[429, 312, 112]",leaky_relu,model_7,Float8WeightOnlyConfig,float8,8.0,False,True,onnx_relative_p95_latency,,onnx,p95_latency,True,3.0
1749,429,312,112,853,"[429, 312, 112]",leaky_relu,model_7,Int8WeightOnlyConfig,int8,8.0,False,True,onnx_relative_p99_latency,1.251753073424804,onnx,p99_latency,True,3.0
1750,429,312,112,853,"[429, 312, 112]",leaky_relu,model_7,Float8WeightOnlyConfig,float8,8.0,False,True,onnx_relative_p99_latency,,onnx,p99_latency,True,3.0
1751,429,312,112,853,"[429, 312, 112]",leaky_relu,model_7,Int8WeightOnlyConfig,int8,8.0,False,True,pt2_quantized_model_size,351841.0,pt2,model_size,False,3.0
1752,429,312,112,853,"[429, 312, 112]",leaky_relu,model_7,Float8WeightOnlyConfig,float8,8.0,False,True,pt2_quantized_model_size,331105.0,pt2,model_size,False,3.0
1753,429,312,112,853,"[429, 312, 112]",leaky_relu,model_7,Int8WeightOnlyConfig,int8,8.0,False,True,pt2_quantized_median_latency,0.0008874349296092987,pt2,median_latency,False,3.0
1754,429,312,112,853,"[429, 312, 112]",leaky_relu,model_7,Float8WeightOnlyConfig,float8,8.0,False,True,pt2_quantized_median_latency,0.0007174517959356308,pt2,median_latency,False,3.0
1755,429,312,112,853,"[429, 312, 112]",leaky_relu,model_7,Int8WeightOnlyConfig,int8,8.0,False,True,pt2_quantized_p95_latency,0.0009055390954017639,pt2,p95_latency,False,3.0
1756,429,312,112,853,"[429, 312, 112]",leaky_relu,model_7,Float8WeightOnlyConfig,float8,8.0,False,True,pt2_quantized_p95_latency,0.0007291456684470176,pt2,p95_latency,False,3.0
1757,429,312,112,853,"[429, 312, 112]",leaky_relu,model_7,Int8WeightOnlyConfig,int8,8.0,False,True,pt2_quantized_p99_latency,0.0010173365473747254,pt2,p99_latency,False,3.0
1758,429,312,112,853,"[429, 312, 112]",leaky_relu,model_7,Float8WeightOnlyConfig,float8,8.0,False,True,pt2_quantized_p99_latency,0.0008491527661681175,pt2,p99_latency,False,3.0
1759,429,312,112,853,"[429, 312, 112]",leaky_relu,model_7,Int8WeightOnlyConfig,int8,8.0,False,True,pt2_relative_model_size,0.3987024981160726,pt2,model_size,True,3.0
1760,429,312,112,853,"[429, 312, 112]",leaky_relu,model_7,Float8WeightOnlyConfig,float8,8.0,False,True,pt2_relative_model_size,0.3752046823386763,pt2,model_size,True,3.0
1761,429,312,112,853,"[429, 312, 112]",leaky_relu,model_7,Int8WeightOnlyConfig,int8,8.0,False,True,pt2_relative_median_latency,1.2367945589533254,pt2,median_latency,True,3.0
1762,429,312,112,853,"[429, 312, 112]",leaky_relu,model_7,Float8WeightOnlyConfig,float8,8.0,False,True,pt2_relative_median_latency,0.9998935673121853,pt2,median_latency,True,3.0
1763,429,312,112,853,"[429, 312, 112]",leaky_relu,model_7,Int8WeightOnlyConfig,int8,8.0,False,True,pt2_relative_p95_latency,1.2200420552198739,pt2,p95_latency,True,3.0
1764,429,312,112,853,"[429, 312, 112]",leaky_relu,model_7,Float8WeightOnlyConfig,float8,8.0,False,True,pt2_relative_p95_latency,0.9823853927500295,pt2,p95_latency,True,3.0
1765,429,312,112,853,"[429, 312, 112]",leaky_relu,model_7,Int8WeightOnlyConfig,int8,8.0,False,True,pt2_relative_p99_latency,1.1859988579043783,pt2,p99_latency,True,3.0
1766,429,312,112,853,"[429, 312, 112]",leaky_relu,model_7,Float8WeightOnlyConfig,float8,8.0,False,True,pt2_relative_p99_latency,0.9899322043040476,pt2,p99_latency,True,3.0
1767,813,76,35,924,"[813, 76, 35]",celu,model_8,Int8WeightOnlyConfig,int8,8.0,False,True,pytorch_quantized_MAE,9.353083893138063,pytorch,MAE,False,1.0
1768,813,76,35,924,"[813, 76, 35]",celu,model_8,Float8WeightOnlyConfig,float8,8.0,False,True,pytorch_quantized_MAE,9.346339788284373,pytorch,MAE,False,1.0
1769,813,76,35,924,"[813, 76, 35]",celu,model_8,Int8WeightOnlyConfig,int8,8.0,False,True,pytorch_relative_MAE,1.0001173001243806,pytorch,MAE,True,1.0
1770,813,76,35,924,"[813, 76, 35]",celu,model_8,Float8WeightOnlyConfig,float8,8.0,False,True,pytorch_relative_MAE,0.9993961587323981,pytorch,MAE,True,1.0
1771,813,76,35,924,"[813, 76, 35]",celu,model_8,Int8WeightOnlyConfig,int8,8.0,False,True,pytorch_quantized_model_size,131261.0,pytorch,model_size,False,1.0
1772,813,76,35,924,"[813, 76, 35]",celu,model_8,Float8WeightOnlyConfig,float8,8.0,False,True,pytorch_quantized_model_size,131261.0,pytorch,model_size,False,1.0
1773,813,76,35,924,"[813, 76, 35]",celu,model_8,Int8WeightOnlyConfig,int8,8.0,False,True,pytorch_quantized_median_latency,0.00043684616684913635,pytorch,median_latency,False,1.0
1774,813,76,35,924,"[813, 76, 35]",celu,model_8,Float8WeightOnlyConfig,float8,8.0,False,True,pytorch_quantized_median_latency,0.0005167406052350998,pytorch,median_latency,False,1.0
1775,813,76,35,924,"[813, 76, 35]",celu,model_8,Int8WeightOnlyConfig,int8,8.0,False,True,pytorch_quantized_p95_latency,0.0004471316933631897,pytorch,p95_latency,False,1.0
1776,813,76,35,924,"[813, 76, 35]",celu,model_8,Float8WeightOnlyConfig,float8,8.0,False,True,pytorch_quantized_p95_latency,0.0005240075290203095,pytorch,p95_latency,False,1.0
1777,813,76,35,924,"[813, 76, 35]",celu,model_8,Int8WeightOnlyConfig,int8,8.0,False,True,pytorch_quantized_p99_latency,0.00044974468648433685,pytorch,p99_latency,False,1.0
1778,813,76,35,924,"[813, 76, 35]",celu,model_8,Float8WeightOnlyConfig,float8,8.0,False,True,pytorch_quantized_p99_latency,0.0005282067507505417,pytorch,p99_latency,False,1.0
1779,813,76,35,924,"[813, 76, 35]",celu,model_8,Int8WeightOnlyConfig,int8,8.0,False,True,pytorch_relative_model_size,0.25,pytorch,model_size,True,1.0
1780,813,76,35,924,"[813, 76, 35]",celu,model_8,Float8WeightOnlyConfig,float8,8.0,False,True,pytorch_relative_model_size,0.25,pytorch,model_size,True,1.0
1781,813,76,35,924,"[813, 76, 35]",celu,model_8,Int8WeightOnlyConfig,int8,8.0,False,True,pytorch_relative_median_latency,2.6535345763939175,pytorch,median_latency,True,1.0
1782,813,76,35,924,"[813, 76, 35]",celu,model_8,Float8WeightOnlyConfig,float8,8.0,False,True,pytorch_relative_median_latency,3.1388373461259955,pytorch,median_latency,True,1.0
1783,813,76,35,924,"[813, 76, 35]",celu,model_8,Int8WeightOnlyConfig,int8,8.0,False,True,pytorch_relative_p95_latency,2.5519311808204383,pytorch,p95_latency,True,1.0
1784,813,76,35,924,"[813, 76, 35]",celu,model_8,Float8WeightOnlyConfig,float8,8.0,False,True,pytorch_relative_p95_latency,2.990687468905076,pytorch,p95_latency,True,1.0
1785,813,76,35,924,"[813, 76, 35]",celu,model_8,Int8WeightOnlyConfig,int8,8.0,False,True,pytorch_relative_p99_latency,2.512316712247124,pytorch,p99_latency,True,1.0
1786,813,76,35,924,"[813, 76, 35]",celu,model_8,Float8WeightOnlyConfig,float8,8.0,False,True,pytorch_relative_p99_latency,2.950613286408561,pytorch,p99_latency,True,1.0
1787,813,76,35,924,"[813, 76, 35]",celu,model_8,Int8WeightOnlyConfig,int8,8.0,False,True,onnx_quantized_model_size,31758.0,onnx,model_size,False,1.0
1788,813,76,35,924,"[813, 76, 35]",celu,model_8,Float8WeightOnlyConfig,float8,8.0,False,True,onnx_quantized_model_size,,onnx,model_size,False,1.0
1789,813,76,35,924,"[813, 76, 35]",celu,model_8,Int8WeightOnlyConfig,int8,8.0,False,True,onnx_quantized_median_latency,0.0004317518323659897,onnx,median_latency,False,1.0
1790,813,76,35,924,"[813, 76, 35]",celu,model_8,Float8WeightOnlyConfig,float8,8.0,False,True,onnx_quantized_median_latency,,onnx,median_latency,False,1.0
1791,813,76,35,924,"[813, 76, 35]",celu,model_8,Int8WeightOnlyConfig,int8,8.0,False,True,onnx_quantized_p95_latency,0.00044441372156143186,onnx,p95_latency,False,1.0
1792,813,76,35,924,"[813, 76, 35]",celu,model_8,Float8WeightOnlyConfig,float8,8.0,False,True,onnx_quantized_p95_latency,,onnx,p95_latency,False,1.0
1793,813,76,35,924,"[813, 76, 35]",celu,model_8,Int8WeightOnlyConfig,int8,8.0,False,True,onnx_quantized_p99_latency,0.00044952504336833956,onnx,p99_latency,False,1.0
1794,813,76,35,924,"[813, 76, 35]",celu,model_8,Float8WeightOnlyConfig,float8,8.0,False,True,onnx_quantized_p99_latency,,onnx,p99_latency,False,1.0
1795,813,76,35,924,"[813, 76, 35]",celu,model_8,Int8WeightOnlyConfig,int8,8.0,False,True,onnx_relative_model_size,2.31827140667202,onnx,model_size,True,1.0
1796,813,76,35,924,"[813, 76, 35]",celu,model_8,Float8WeightOnlyConfig,float8,8.0,False,True,onnx_relative_model_size,,onnx,model_size,True,1.0
1797,813,76,35,924,"[813, 76, 35]",celu,model_8,Int8WeightOnlyConfig,int8,8.0,False,True,onnx_relative_median_latency,1.0756547806879142,onnx,median_latency,True,1.0
1798,813,76,35,924,"[813, 76, 35]",celu,model_8,Float8WeightOnlyConfig,float8,8.0,False,True,onnx_relative_median_latency,,onnx,median_latency,True,1.0
1799,813,76,35,924,"[813, 76, 35]",celu,model_8,Int8WeightOnlyConfig,int8,8.0,False,True,onnx_relative_p95_latency,1.0847025502190155,onnx,p95_latency,True,1.0
1800,813,76,35,924,"[813, 76, 35]",celu,model_8,Float8WeightOnlyConfig,float8,8.0,False,True,onnx_relative_p95_latency,,onnx,p95_latency,True,1.0
1801,813,76,35,924,"[813, 76, 35]",celu,model_8,Int8WeightOnlyConfig,int8,8.0,False,True,onnx_relative_p99_latency,1.0896034414101547,onnx,p99_latency,True,1.0
1802,813,76,35,924,"[813, 76, 35]",celu,model_8,Float8WeightOnlyConfig,float8,8.0,False,True,onnx_relative_p99_latency,,onnx,p99_latency,True,1.0
1803,813,76,35,924,"[813, 76, 35]",celu,model_8,Int8WeightOnlyConfig,int8,8.0,False,True,pt2_quantized_model_size,278945.0,pt2,model_size,False,1.0
1804,813,76,35,924,"[813, 76, 35]",celu,model_8,Float8WeightOnlyConfig,float8,8.0,False,True,pt2_quantized_model_size,258145.0,pt2,model_size,False,1.0
1805,813,76,35,924,"[813, 76, 35]",celu,model_8,Int8WeightOnlyConfig,int8,8.0,False,True,pt2_quantized_median_latency,0.0008987560868263245,pt2,median_latency,False,1.0
1806,813,76,35,924,"[813, 76, 35]",celu,model_8,Float8WeightOnlyConfig,float8,8.0,False,True,pt2_quantized_median_latency,0.0007136277854442596,pt2,median_latency,False,1.0
1807,813,76,35,924,"[813, 76, 35]",celu,model_8,Int8WeightOnlyConfig,int8,8.0,False,True,pt2_quantized_p95_latency,0.0009112035855650902,pt2,p95_latency,False,1.0
1808,813,76,35,924,"[813, 76, 35]",celu,model_8,Float8WeightOnlyConfig,float8,8.0,False,True,pt2_quantized_p95_latency,0.0007389329373836517,pt2,p95_latency,False,1.0
1809,813,76,35,924,"[813, 76, 35]",celu,model_8,Int8WeightOnlyConfig,int8,8.0,False,True,pt2_quantized_p99_latency,0.0010367356240749358,pt2,p99_latency,False,1.0
1810,813,76,35,924,"[813, 76, 35]",celu,model_8,Float8WeightOnlyConfig,float8,8.0,False,True,pt2_quantized_p99_latency,0.0008440716937184333,pt2,p99_latency,False,1.0
1811,813,76,35,924,"[813, 76, 35]",celu,model_8,Int8WeightOnlyConfig,int8,8.0,False,True,pt2_relative_model_size,0.47331359390509803,pt2,model_size,True,1.0
1812,813,76,35,924,"[813, 76, 35]",celu,model_8,Float8WeightOnlyConfig,float8,8.0,False,True,pt2_relative_model_size,0.43802017493997575,pt2,model_size,True,1.0
1813,813,76,35,924,"[813, 76, 35]",celu,model_8,Int8WeightOnlyConfig,int8,8.0,False,True,pt2_relative_median_latency,1.4232964517584872,pt2,median_latency,True,1.0
1814,813,76,35,924,"[813, 76, 35]",celu,model_8,Float8WeightOnlyConfig,float8,8.0,False,True,pt2_relative_median_latency,1.1301218537342226,pt2,median_latency,True,1.0
1815,813,76,35,924,"[813, 76, 35]",celu,model_8,Int8WeightOnlyConfig,int8,8.0,False,True,pt2_relative_p95_latency,1.414290501013452,pt2,p95_latency,True,1.0
1816,813,76,35,924,"[813, 76, 35]",celu,model_8,Float8WeightOnlyConfig,float8,8.0,False,True,pt2_relative_p95_latency,1.1469070697077655,pt2,p95_latency,True,1.0
1817,813,76,35,924,"[813, 76, 35]",celu,model_8,Int8WeightOnlyConfig,int8,8.0,False,True,pt2_relative_p99_latency,1.3012152882086805,pt2,p99_latency,True,1.0
1818,813,76,35,924,"[813, 76, 35]",celu,model_8,Float8WeightOnlyConfig,float8,8.0,False,True,pt2_relative_p99_latency,1.0594012269913406,pt2,p99_latency,True,1.0
1819,813,76,35,924,"[813, 76, 35]",celu,model_8,Int8WeightOnlyConfig,int8,8.0,False,True,pytorch_quantized_MAE,9.823605362469591,pytorch,MAE,False,2.0
1820,813,76,35,924,"[813, 76, 35]",celu,model_8,Float8WeightOnlyConfig,float8,8.0,False,True,pytorch_quantized_MAE,9.81626142787126,pytorch,MAE,False,2.0
1821,813,76,35,924,"[813, 76, 35]",celu,model_8,Int8WeightOnlyConfig,int8,8.0,False,True,pytorch_relative_MAE,1.0002304057938296,pytorch,MAE,True,2.0
1822,813,76,35,924,"[813, 76, 35]",celu,model_8,Float8WeightOnlyConfig,float8,8.0,False,True,pytorch_relative_MAE,0.9994826531701874,pytorch,MAE,True,2.0
1823,813,76,35,924,"[813, 76, 35]",celu,model_8,Int8WeightOnlyConfig,int8,8.0,False,True,pytorch_quantized_model_size,131261.0,pytorch,model_size,False,2.0
1824,813,76,35,924,"[813, 76, 35]",celu,model_8,Float8WeightOnlyConfig,float8,8.0,False,True,pytorch_quantized_model_size,131261.0,pytorch,model_size,False,2.0
1825,813,76,35,924,"[813, 76, 35]",celu,model_8,Int8WeightOnlyConfig,int8,8.0,False,True,pytorch_quantized_median_latency,0.00043214112520217896,pytorch,median_latency,False,2.0
1826,813,76,35,924,"[813, 76, 35]",celu,model_8,Float8WeightOnlyConfig,float8,8.0,False,True,pytorch_quantized_median_latency,0.0005372986197471619,pytorch,median_latency,False,2.0
1827,813,76,35,924,"[813, 76, 35]",celu,model_8,Int8WeightOnlyConfig,int8,8.0,False,True,pytorch_quantized_p95_latency,0.000441683828830719,pytorch,p95_latency,False,2.0
1828,813,76,35,924,"[813, 76, 35]",celu,model_8,Float8WeightOnlyConfig,float8,8.0,False,True,pytorch_quantized_p95_latency,0.0005457313731312752,pytorch,p95_latency,False,2.0
1829,813,76,35,924,"[813, 76, 35]",celu,model_8,Int8WeightOnlyConfig,int8,8.0,False,True,pytorch_quantized_p99_latency,0.00044383332133293154,pytorch,p99_latency,False,2.0
1830,813,76,35,924,"[813, 76, 35]",celu,model_8,Float8WeightOnlyConfig,float8,8.0,False,True,pytorch_quantized_p99_latency,0.0005548205599188804,pytorch,p99_latency,False,2.0
1831,813,76,35,924,"[813, 76, 35]",celu,model_8,Int8WeightOnlyConfig,int8,8.0,False,True,pytorch_relative_model_size,0.25,pytorch,model_size,True,2.0
1832,813,76,35,924,"[813, 76, 35]",celu,model_8,Float8WeightOnlyConfig,float8,8.0,False,True,pytorch_relative_model_size,0.25,pytorch,model_size,True,2.0
1833,813,76,35,924,"[813, 76, 35]",celu,model_8,Int8WeightOnlyConfig,int8,8.0,False,True,pytorch_relative_median_latency,2.6363791320553176,pytorch,median_latency,True,2.0
1834,813,76,35,924,"[813, 76, 35]",celu,model_8,Float8WeightOnlyConfig,float8,8.0,False,True,pytorch_relative_median_latency,3.2779172963943592,pytorch,median_latency,True,2.0
1835,813,76,35,924,"[813, 76, 35]",celu,model_8,Int8WeightOnlyConfig,int8,8.0,False,True,pytorch_relative_p95_latency,2.5098269995078297,pytorch,p95_latency,True,2.0
1836,813,76,35,924,"[813, 76, 35]",celu,model_8,Float8WeightOnlyConfig,float8,8.0,False,True,pytorch_relative_p95_latency,3.1010674273255043,pytorch,p95_latency,True,2.0
1837,813,76,35,924,"[813, 76, 35]",celu,model_8,Int8WeightOnlyConfig,int8,8.0,False,True,pytorch_relative_p99_latency,2.4946663531423865,pytorch,p99_latency,True,2.0
1838,813,76,35,924,"[813, 76, 35]",celu,model_8,Float8WeightOnlyConfig,float8,8.0,False,True,pytorch_relative_p99_latency,3.1184954268519305,pytorch,p99_latency,True,2.0
1839,813,76,35,924,"[813, 76, 35]",celu,model_8,Int8WeightOnlyConfig,int8,8.0,False,True,onnx_quantized_model_size,31758.0,onnx,model_size,False,2.0
1840,813,76,35,924,"[813, 76, 35]",celu,model_8,Float8WeightOnlyConfig,float8,8.0,False,True,onnx_quantized_model_size,,onnx,model_size,False,2.0
1841,813,76,35,924,"[813, 76, 35]",celu,model_8,Int8WeightOnlyConfig,int8,8.0,False,True,onnx_quantized_median_latency,0.00040915608406066895,onnx,median_latency,False,2.0
1842,813,76,35,924,"[813, 76, 35]",celu,model_8,Float8WeightOnlyConfig,float8,8.0,False,True,onnx_quantized_median_latency,,onnx,median_latency,False,2.0
1843,813,76,35,924,"[813, 76, 35]",celu,model_8,Int8WeightOnlyConfig,int8,8.0,False,True,onnx_quantized_p95_latency,0.0004228724166750908,onnx,p95_latency,False,2.0
1844,813,76,35,924,"[813, 76, 35]",celu,model_8,Float8WeightOnlyConfig,float8,8.0,False,True,onnx_quantized_p95_latency,,onnx,p95_latency,False,2.0
1845,813,76,35,924,"[813, 76, 35]",celu,model_8,Int8WeightOnlyConfig,int8,8.0,False,True,onnx_quantized_p99_latency,0.0005706731975078582,onnx,p99_latency,False,2.0
1846,813,76,35,924,"[813, 76, 35]",celu,model_8,Float8WeightOnlyConfig,float8,8.0,False,True,onnx_quantized_p99_latency,,onnx,p99_latency,False,2.0
1847,813,76,35,924,"[813, 76, 35]",celu,model_8,Int8WeightOnlyConfig,int8,8.0,False,True,onnx_relative_model_size,2.31827140667202,onnx,model_size,True,2.0
1848,813,76,35,924,"[813, 76, 35]",celu,model_8,Float8WeightOnlyConfig,float8,8.0,False,True,onnx_relative_model_size,,onnx,model_size,True,2.0
1849,813,76,35,924,"[813, 76, 35]",celu,model_8,Int8WeightOnlyConfig,int8,8.0,False,True,onnx_relative_median_latency,1.0832038897189717,onnx,median_latency,True,2.0
1850,813,76,35,924,"[813, 76, 35]",celu,model_8,Float8WeightOnlyConfig,float8,8.0,False,True,onnx_relative_median_latency,,onnx,median_latency,True,2.0
1851,813,76,35,924,"[813, 76, 35]",celu,model_8,Int8WeightOnlyConfig,int8,8.0,False,True,onnx_relative_p95_latency,1.0937998804194857,onnx,p95_latency,True,2.0
1852,813,76,35,924,"[813, 76, 35]",celu,model_8,Float8WeightOnlyConfig,float8,8.0,False,True,onnx_relative_p95_latency,,onnx,p95_latency,True,2.0
1853,813,76,35,924,"[813, 76, 35]",celu,model_8,Int8WeightOnlyConfig,int8,8.0,False,True,onnx_relative_p99_latency,1.0860990745724042,onnx,p99_latency,True,2.0
1854,813,76,35,924,"[813, 76, 35]",celu,model_8,Float8WeightOnlyConfig,float8,8.0,False,True,onnx_relative_p99_latency,,onnx,p99_latency,True,2.0
1855,813,76,35,924,"[813, 76, 35]",celu,model_8,Int8WeightOnlyConfig,int8,8.0,False,True,pt2_quantized_model_size,278945.0,pt2,model_size,False,2.0
1856,813,76,35,924,"[813, 76, 35]",celu,model_8,Float8WeightOnlyConfig,float8,8.0,False,True,pt2_quantized_model_size,258145.0,pt2,model_size,False,2.0
1857,813,76,35,924,"[813, 76, 35]",celu,model_8,Int8WeightOnlyConfig,int8,8.0,False,True,pt2_quantized_median_latency,0.0008790716528892517,pt2,median_latency,False,2.0
1858,813,76,35,924,"[813, 76, 35]",celu,model_8,Float8WeightOnlyConfig,float8,8.0,False,True,pt2_quantized_median_latency,0.0007256641983985901,pt2,median_latency,False,2.0
1859,813,76,35,924,"[813, 76, 35]",celu,model_8,Int8WeightOnlyConfig,int8,8.0,False,True,pt2_quantized_p95_latency,0.0008954450488090516,pt2,p95_latency,False,2.0
1860,813,76,35,924,"[813, 76, 35]",celu,model_8,Float8WeightOnlyConfig,float8,8.0,False,True,pt2_quantized_p95_latency,0.0007382595911622047,pt2,p95_latency,False,2.0
1861,813,76,35,924,"[813, 76, 35]",celu,model_8,Int8WeightOnlyConfig,int8,8.0,False,True,pt2_quantized_p99_latency,0.0010139849409461022,pt2,p99_latency,False,2.0
1862,813,76,35,924,"[813, 76, 35]",celu,model_8,Float8WeightOnlyConfig,float8,8.0,False,True,pt2_quantized_p99_latency,0.0008721750602126121,pt2,p99_latency,False,2.0
1863,813,76,35,924,"[813, 76, 35]",celu,model_8,Int8WeightOnlyConfig,int8,8.0,False,True,pt2_relative_model_size,0.47331359390509803,pt2,model_size,True,2.0
1864,813,76,35,924,"[813, 76, 35]",celu,model_8,Float8WeightOnlyConfig,float8,8.0,False,True,pt2_relative_model_size,0.43802017493997575,pt2,model_size,True,2.0
1865,813,76,35,924,"[813, 76, 35]",celu,model_8,Int8WeightOnlyConfig,int8,8.0,False,True,pt2_relative_median_latency,1.3791704778241773,pt2,median_latency,True,2.0
1866,813,76,35,924,"[813, 76, 35]",celu,model_8,Float8WeightOnlyConfig,float8,8.0,False,True,pt2_relative_median_latency,1.1384904017276598,pt2,median_latency,True,2.0
1867,813,76,35,924,"[813, 76, 35]",celu,model_8,Int8WeightOnlyConfig,int8,8.0,False,True,pt2_relative_p95_latency,1.3681435004429678,pt2,p95_latency,True,2.0
1868,813,76,35,924,"[813, 76, 35]",celu,model_8,Float8WeightOnlyConfig,float8,8.0,False,True,pt2_relative_p95_latency,1.1279810666568768,pt2,p95_latency,True,2.0
1869,813,76,35,924,"[813, 76, 35]",celu,model_8,Int8WeightOnlyConfig,int8,8.0,False,True,pt2_relative_p99_latency,1.2688632272155453,pt2,p99_latency,True,2.0
1870,813,76,35,924,"[813, 76, 35]",celu,model_8,Float8WeightOnlyConfig,float8,8.0,False,True,pt2_relative_p99_latency,1.0914075908915417,pt2,p99_latency,True,2.0
1871,813,76,35,924,"[813, 76, 35]",celu,model_8,Int8WeightOnlyConfig,int8,8.0,False,True,pytorch_quantized_MAE,9.45801387008136,pytorch,MAE,False,3.0
1872,813,76,35,924,"[813, 76, 35]",celu,model_8,Float8WeightOnlyConfig,float8,8.0,False,True,pytorch_quantized_MAE,9.456632978380119,pytorch,MAE,False,3.0
1873,813,76,35,924,"[813, 76, 35]",celu,model_8,Int8WeightOnlyConfig,int8,8.0,False,True,pytorch_relative_MAE,1.000080106998817,pytorch,MAE,True,3.0
1874,813,76,35,924,"[813, 76, 35]",celu,model_8,Float8WeightOnlyConfig,float8,8.0,False,True,pytorch_relative_MAE,0.9999340930111764,pytorch,MAE,True,3.0
1875,813,76,35,924,"[813, 76, 35]",celu,model_8,Int8WeightOnlyConfig,int8,8.0,False,True,pytorch_quantized_model_size,131261.0,pytorch,model_size,False,3.0
1876,813,76,35,924,"[813, 76, 35]",celu,model_8,Float8WeightOnlyConfig,float8,8.0,False,True,pytorch_quantized_model_size,131261.0,pytorch,model_size,False,3.0
1877,813,76,35,924,"[813, 76, 35]",celu,model_8,Int8WeightOnlyConfig,int8,8.0,False,True,pytorch_quantized_median_latency,0.000415535643696785,pytorch,median_latency,False,3.0
1878,813,76,35,924,"[813, 76, 35]",celu,model_8,Float8WeightOnlyConfig,float8,8.0,False,True,pytorch_quantized_median_latency,0.000509822741150856,pytorch,median_latency,False,3.0
1879,813,76,35,924,"[813, 76, 35]",celu,model_8,Int8WeightOnlyConfig,int8,8.0,False,True,pytorch_quantized_p95_latency,0.00042749177664518355,pytorch,p95_latency,False,3.0
1880,813,76,35,924,"[813, 76, 35]",celu,model_8,Float8WeightOnlyConfig,float8,8.0,False,True,pytorch_quantized_p95_latency,0.0005176663398742676,pytorch,p95_latency,False,3.0
1881,813,76,35,924,"[813, 76, 35]",celu,model_8,Int8WeightOnlyConfig,int8,8.0,False,True,pytorch_quantized_p99_latency,0.0004296588525176048,pytorch,p99_latency,False,3.0
1882,813,76,35,924,"[813, 76, 35]",celu,model_8,Float8WeightOnlyConfig,float8,8.0,False,True,pytorch_quantized_p99_latency,0.0005247621238231658,pytorch,p99_latency,False,3.0
1883,813,76,35,924,"[813, 76, 35]",celu,model_8,Int8WeightOnlyConfig,int8,8.0,False,True,pytorch_relative_model_size,0.25,pytorch,model_size,True,3.0
1884,813,76,35,924,"[813, 76, 35]",celu,model_8,Float8WeightOnlyConfig,float8,8.0,False,True,pytorch_relative_model_size,0.25,pytorch,model_size,True,3.0
1885,813,76,35,924,"[813, 76, 35]",celu,model_8,Int8WeightOnlyConfig,int8,8.0,False,True,pytorch_relative_median_latency,2.6593355505489398,pytorch,median_latency,True,3.0
1886,813,76,35,924,"[813, 76, 35]",celu,model_8,Float8WeightOnlyConfig,float8,8.0,False,True,pytorch_relative_median_latency,3.2627519698649405,pytorch,median_latency,True,3.0
1887,813,76,35,924,"[813, 76, 35]",celu,model_8,Int8WeightOnlyConfig,int8,8.0,False,True,pytorch_relative_p95_latency,2.5358475847849964,pytorch,p95_latency,True,3.0
1888,813,76,35,924,"[813, 76, 35]",celu,model_8,Float8WeightOnlyConfig,float8,8.0,False,True,pytorch_relative_p95_latency,3.0707559990895574,pytorch,p95_latency,True,3.0
1889,813,76,35,924,"[813, 76, 35]",celu,model_8,Int8WeightOnlyConfig,int8,8.0,False,True,pytorch_relative_p99_latency,2.519150323828029,pytorch,p99_latency,True,3.0
1890,813,76,35,924,"[813, 76, 35]",celu,model_8,Float8WeightOnlyConfig,float8,8.0,False,True,pytorch_relative_p99_latency,3.0767541886214174,pytorch,p99_latency,True,3.0
1891,813,76,35,924,"[813, 76, 35]",celu,model_8,Int8WeightOnlyConfig,int8,8.0,False,True,onnx_quantized_model_size,31758.0,onnx,model_size,False,3.0
1892,813,76,35,924,"[813, 76, 35]",celu,model_8,Float8WeightOnlyConfig,float8,8.0,False,True,onnx_quantized_model_size,,onnx,model_size,False,3.0
1893,813,76,35,924,"[813, 76, 35]",celu,model_8,Int8WeightOnlyConfig,int8,8.0,False,True,onnx_quantized_median_latency,0.0004070959985256195,onnx,median_latency,False,3.0
1894,813,76,35,924,"[813, 76, 35]",celu,model_8,Float8WeightOnlyConfig,float8,8.0,False,True,onnx_quantized_median_latency,,onnx,median_latency,False,3.0
1895,813,76,35,924,"[813, 76, 35]",celu,model_8,Int8WeightOnlyConfig,int8,8.0,False,True,onnx_quantized_p95_latency,0.0004176121205091476,onnx,p95_latency,False,3.0
1896,813,76,35,924,"[813, 76, 35]",celu,model_8,Float8WeightOnlyConfig,float8,8.0,False,True,onnx_quantized_p95_latency,,onnx,p95_latency,False,3.0
1897,813,76,35,924,"[813, 76, 35]",celu,model_8,Int8WeightOnlyConfig,int8,8.0,False,True,onnx_quantized_p99_latency,0.0005656443163752556,onnx,p99_latency,False,3.0
1898,813,76,35,924,"[813, 76, 35]",celu,model_8,Float8WeightOnlyConfig,float8,8.0,False,True,onnx_quantized_p99_latency,,onnx,p99_latency,False,3.0
1899,813,76,35,924,"[813, 76, 35]",celu,model_8,Int8WeightOnlyConfig,int8,8.0,False,True,onnx_relative_model_size,2.31827140667202,onnx,model_size,True,3.0
1900,813,76,35,924,"[813, 76, 35]",celu,model_8,Float8WeightOnlyConfig,float8,8.0,False,True,onnx_relative_model_size,,onnx,model_size,True,3.0
1901,813,76,35,924,"[813, 76, 35]",celu,model_8,Int8WeightOnlyConfig,int8,8.0,False,True,onnx_relative_median_latency,1.089494279803594,onnx,median_latency,True,3.0
1902,813,76,35,924,"[813, 76, 35]",celu,model_8,Float8WeightOnlyConfig,float8,8.0,False,True,onnx_relative_median_latency,,onnx,median_latency,True,3.0
1903,813,76,35,924,"[813, 76, 35]",celu,model_8,Int8WeightOnlyConfig,int8,8.0,False,True,onnx_relative_p95_latency,1.0956208649198602,onnx,p95_latency,True,3.0
1904,813,76,35,924,"[813, 76, 35]",celu,model_8,Float8WeightOnlyConfig,float8,8.0,False,True,onnx_relative_p95_latency,,onnx,p95_latency,True,3.0
1905,813,76,35,924,"[813, 76, 35]",celu,model_8,Int8WeightOnlyConfig,int8,8.0,False,True,onnx_relative_p99_latency,1.4749008267328718,onnx,p99_latency,True,3.0
1906,813,76,35,924,"[813, 76, 35]",celu,model_8,Float8WeightOnlyConfig,float8,8.0,False,True,onnx_relative_p99_latency,,onnx,p99_latency,True,3.0
1907,813,76,35,924,"[813, 76, 35]",celu,model_8,Int8WeightOnlyConfig,int8,8.0,False,True,pt2_quantized_model_size,278945.0,pt2,model_size,False,3.0
1908,813,76,35,924,"[813, 76, 35]",celu,model_8,Float8WeightOnlyConfig,float8,8.0,False,True,pt2_quantized_model_size,258145.0,pt2,model_size,False,3.0
1909,813,76,35,924,"[813, 76, 35]",celu,model_8,Int8WeightOnlyConfig,int8,8.0,False,True,pt2_quantized_median_latency,0.0008761100471019745,pt2,median_latency,False,3.0
1910,813,76,35,924,"[813, 76, 35]",celu,model_8,Float8WeightOnlyConfig,float8,8.0,False,True,pt2_quantized_median_latency,0.0007027778774499893,pt2,median_latency,False,3.0
1911,813,76,35,924,"[813, 76, 35]",celu,model_8,Int8WeightOnlyConfig,int8,8.0,False,True,pt2_quantized_p95_latency,0.000893634557723999,pt2,p95_latency,False,3.0
1912,813,76,35,924,"[813, 76, 35]",celu,model_8,Float8WeightOnlyConfig,float8,8.0,False,True,pt2_quantized_p95_latency,0.0007135422900319099,pt2,p95_latency,False,3.0
1913,813,76,35,924,"[813, 76, 35]",celu,model_8,Int8WeightOnlyConfig,int8,8.0,False,True,pt2_quantized_p99_latency,0.0010245281457900992,pt2,p99_latency,False,3.0
1914,813,76,35,924,"[813, 76, 35]",celu,model_8,Float8WeightOnlyConfig,float8,8.0,False,True,pt2_quantized_p99_latency,0.0008382723852992058,pt2,p99_latency,False,3.0
1915,813,76,35,924,"[813, 76, 35]",celu,model_8,Int8WeightOnlyConfig,int8,8.0,False,True,pt2_relative_model_size,0.47331359390509803,pt2,model_size,True,3.0
1916,813,76,35,924,"[813, 76, 35]",celu,model_8,Float8WeightOnlyConfig,float8,8.0,False,True,pt2_relative_model_size,0.43802017493997575,pt2,model_size,True,3.0
1917,813,76,35,924,"[813, 76, 35]",celu,model_8,Int8WeightOnlyConfig,int8,8.0,False,True,pt2_relative_median_latency,1.4256383210882375,pt2,median_latency,True,3.0
1918,813,76,35,924,"[813, 76, 35]",celu,model_8,Float8WeightOnlyConfig,float8,8.0,False,True,pt2_relative_median_latency,1.1435858732814432,pt2,median_latency,True,3.0
1919,813,76,35,924,"[813, 76, 35]",celu,model_8,Int8WeightOnlyConfig,int8,8.0,False,True,pt2_relative_p95_latency,1.4233730786232839,pt2,p95_latency,True,3.0
1920,813,76,35,924,"[813, 76, 35]",celu,model_8,Float8WeightOnlyConfig,float8,8.0,False,True,pt2_relative_p95_latency,1.1365237359188045,pt2,p95_latency,True,3.0
1921,813,76,35,924,"[813, 76, 35]",celu,model_8,Int8WeightOnlyConfig,int8,8.0,False,True,pt2_relative_p99_latency,1.2867754820278623,pt2,p99_latency,True,3.0
1922,813,76,35,924,"[813, 76, 35]",celu,model_8,Float8WeightOnlyConfig,float8,8.0,False,True,pt2_relative_p99_latency,1.0528440405433472,pt2,p99_latency,True,3.0
1923,854,345,129,1328,"[854, 345, 129]",relu,model_9,Int8WeightOnlyConfig,int8,8.0,False,True,pytorch_quantized_MAE,8.336698720506757,pytorch,MAE,False,1.0
1924,854,345,129,1328,"[854, 345, 129]",relu,model_9,Float8WeightOnlyConfig,float8,8.0,False,True,pytorch_quantized_MAE,8.320785332264366,pytorch,MAE,False,1.0
1925,854,345,129,1328,"[854, 345, 129]",relu,model_9,Int8WeightOnlyConfig,int8,8.0,False,True,pytorch_relative_MAE,0.9999406753830505,pytorch,MAE,True,1.0
1926,854,345,129,1328,"[854, 345, 129]",relu,model_9,Float8WeightOnlyConfig,float8,8.0,False,True,pytorch_relative_MAE,0.998031952911458,pytorch,MAE,True,1.0
1927,854,345,129,1328,"[854, 345, 129]",relu,model_9,Int8WeightOnlyConfig,int8,8.0,False,True,pytorch_quantized_model_size,409767.0,pytorch,model_size,False,1.0
1928,854,345,129,1328,"[854, 345, 129]",relu,model_9,Float8WeightOnlyConfig,float8,8.0,False,True,pytorch_quantized_model_size,409767.0,pytorch,model_size,False,1.0
1929,854,345,129,1328,"[854, 345, 129]",relu,model_9,Int8WeightOnlyConfig,int8,8.0,False,True,pytorch_quantized_median_latency,0.00042924098670482635,pytorch,median_latency,False,1.0
1930,854,345,129,1328,"[854, 345, 129]",relu,model_9,Float8WeightOnlyConfig,float8,8.0,False,True,pytorch_quantized_median_latency,0.0005396939814090729,pytorch,median_latency,False,1.0
1931,854,345,129,1328,"[854, 345, 129]",relu,model_9,Int8WeightOnlyConfig,int8,8.0,False,True,pytorch_quantized_p95_latency,0.00043990537524223327,pytorch,p95_latency,False,1.0
1932,854,345,129,1328,"[854, 345, 129]",relu,model_9,Float8WeightOnlyConfig,float8,8.0,False,True,pytorch_quantized_p95_latency,0.000558231957256794,pytorch,p95_latency,False,1.0
1933,854,345,129,1328,"[854, 345, 129]",relu,model_9,Int8WeightOnlyConfig,int8,8.0,False,True,pytorch_quantized_p99_latency,0.0004449006170034408,pytorch,p99_latency,False,1.0
1934,854,345,129,1328,"[854, 345, 129]",relu,model_9,Float8WeightOnlyConfig,float8,8.0,False,True,pytorch_quantized_p99_latency,0.0005652346834540367,pytorch,p99_latency,False,1.0
1935,854,345,129,1328,"[854, 345, 129]",relu,model_9,Int8WeightOnlyConfig,int8,8.0,False,True,pytorch_relative_model_size,0.25,pytorch,model_size,True,1.0
1936,854,345,129,1328,"[854, 345, 129]",relu,model_9,Float8WeightOnlyConfig,float8,8.0,False,True,pytorch_relative_model_size,0.25,pytorch,model_size,True,1.0
1937,854,345,129,1328,"[854, 345, 129]",relu,model_9,Int8WeightOnlyConfig,int8,8.0,False,True,pytorch_relative_median_latency,2.413714728617215,pytorch,median_latency,True,1.0
1938,854,345,129,1328,"[854, 345, 129]",relu,model_9,Float8WeightOnlyConfig,float8,8.0,False,True,pytorch_relative_median_latency,3.0348157613591136,pytorch,median_latency,True,1.0
1939,854,345,129,1328,"[854, 345, 129]",relu,model_9,Int8WeightOnlyConfig,int8,8.0,False,True,pytorch_relative_p95_latency,2.317890375116178,pytorch,p95_latency,True,1.0
1940,854,345,129,1328,"[854, 345, 129]",relu,model_9,Float8WeightOnlyConfig,float8,8.0,False,True,pytorch_relative_p95_latency,2.9413609235742864,pytorch,p95_latency,True,1.0
1941,854,345,129,1328,"[854, 345, 129]",relu,model_9,Int8WeightOnlyConfig,int8,8.0,False,True,pytorch_relative_p99_latency,2.262286933446081,pytorch,p99_latency,True,1.0
1942,854,345,129,1328,"[854, 345, 129]",relu,model_9,Float8WeightOnlyConfig,float8,8.0,False,True,pytorch_relative_p99_latency,2.8741768157599776,pytorch,p99_latency,True,1.0
1943,854,345,129,1328,"[854, 345, 129]",relu,model_9,Int8WeightOnlyConfig,int8,8.0,False,True,onnx_quantized_model_size,32762.0,onnx,model_size,False,1.0
1944,854,345,129,1328,"[854, 345, 129]",relu,model_9,Float8WeightOnlyConfig,float8,8.0,False,True,onnx_quantized_model_size,,onnx,model_size,False,1.0
1945,854,345,129,1328,"[854, 345, 129]",relu,model_9,Int8WeightOnlyConfig,int8,8.0,False,True,onnx_quantized_median_latency,0.0005536060780286789,onnx,median_latency,False,1.0
1946,854,345,129,1328,"[854, 345, 129]",relu,model_9,Float8WeightOnlyConfig,float8,8.0,False,True,onnx_quantized_median_latency,,onnx,median_latency,False,1.0
1947,854,345,129,1328,"[854, 345, 129]",relu,model_9,Int8WeightOnlyConfig,int8,8.0,False,True,onnx_quantized_p95_latency,0.0005855778232216835,onnx,p95_latency,False,1.0
1948,854,345,129,1328,"[854, 345, 129]",relu,model_9,Float8WeightOnlyConfig,float8,8.0,False,True,onnx_quantized_p95_latency,,onnx,p95_latency,False,1.0
1949,854,345,129,1328,"[854, 345, 129]",relu,model_9,Int8WeightOnlyConfig,int8,8.0,False,True,onnx_quantized_p99_latency,0.0006005678698420524,onnx,p99_latency,False,1.0
1950,854,345,129,1328,"[854, 345, 129]",relu,model_9,Float8WeightOnlyConfig,float8,8.0,False,True,onnx_quantized_p99_latency,,onnx,p99_latency,False,1.0
1951,854,345,129,1328,"[854, 345, 129]",relu,model_9,Int8WeightOnlyConfig,int8,8.0,False,True,onnx_relative_model_size,2.426455339949637,onnx,model_size,True,1.0
1952,854,345,129,1328,"[854, 345, 129]",relu,model_9,Float8WeightOnlyConfig,float8,8.0,False,True,onnx_relative_model_size,,onnx,model_size,True,1.0
1953,854,345,129,1328,"[854, 345, 129]",relu,model_9,Int8WeightOnlyConfig,int8,8.0,False,True,onnx_relative_median_latency,0.9787498188811465,onnx,median_latency,True,1.0
1954,854,345,129,1328,"[854, 345, 129]",relu,model_9,Float8WeightOnlyConfig,float8,8.0,False,True,onnx_relative_median_latency,,onnx,median_latency,True,1.0
1955,854,345,129,1328,"[854, 345, 129]",relu,model_9,Int8WeightOnlyConfig,int8,8.0,False,True,onnx_relative_p95_latency,0.9739760585935237,onnx,p95_latency,True,1.0
1956,854,345,129,1328,"[854, 345, 129]",relu,model_9,Float8WeightOnlyConfig,float8,8.0,False,True,onnx_relative_p95_latency,,onnx,p95_latency,True,1.0
1957,854,345,129,1328,"[854, 345, 129]",relu,model_9,Int8WeightOnlyConfig,int8,8.0,False,True,onnx_relative_p99_latency,0.9788531063769224,onnx,p99_latency,True,1.0
1958,854,345,129,1328,"[854, 345, 129]",relu,model_9,Float8WeightOnlyConfig,float8,8.0,False,True,onnx_relative_p99_latency,,onnx,p99_latency,True,1.0
1959,854,345,129,1328,"[854, 345, 129]",relu,model_9,Int8WeightOnlyConfig,int8,8.0,False,True,pt2_quantized_model_size,560289.0,pt2,model_size,False,1.0
1960,854,345,129,1328,"[854, 345, 129]",relu,model_9,Float8WeightOnlyConfig,float8,8.0,False,True,pt2_quantized_model_size,539553.0,pt2,model_size,False,1.0
1961,854,345,129,1328,"[854, 345, 129]",relu,model_9,Int8WeightOnlyConfig,int8,8.0,False,True,pt2_quantized_median_latency,0.0008979439735412598,pt2,median_latency,False,1.0
1962,854,345,129,1328,"[854, 345, 129]",relu,model_9,Float8WeightOnlyConfig,float8,8.0,False,True,pt2_quantized_median_latency,0.0007290951907634735,pt2,median_latency,False,1.0
1963,854,345,129,1328,"[854, 345, 129]",relu,model_9,Int8WeightOnlyConfig,int8,8.0,False,True,pt2_quantized_p95_latency,0.0009118186309933663,pt2,p95_latency,False,1.0
1964,854,345,129,1328,"[854, 345, 129]",relu,model_9,Float8WeightOnlyConfig,float8,8.0,False,True,pt2_quantized_p95_latency,0.0007467955350875854,pt2,p95_latency,False,1.0
1965,854,345,129,1328,"[854, 345, 129]",relu,model_9,Int8WeightOnlyConfig,int8,8.0,False,True,pt2_quantized_p99_latency,0.0011177703365683551,pt2,p99_latency,False,1.0
1966,854,345,129,1328,"[854, 345, 129]",relu,model_9,Float8WeightOnlyConfig,float8,8.0,False,True,pt2_quantized_p99_latency,0.0008743038773536676,pt2,p99_latency,False,1.0
1967,854,345,129,1328,"[854, 345, 129]",relu,model_9,Int8WeightOnlyConfig,int8,8.0,False,True,pt2_relative_model_size,0.3289623479554087,pt2,model_size,True,1.0
1968,854,345,129,1328,"[854, 345, 129]",relu,model_9,Float8WeightOnlyConfig,float8,8.0,False,True,pt2_relative_model_size,0.31678762518340464,pt2,model_size,True,1.0
1969,854,345,129,1328,"[854, 345, 129]",relu,model_9,Int8WeightOnlyConfig,int8,8.0,False,True,pt2_relative_median_latency,0.9160247323637497,pt2,median_latency,True,1.0
1970,854,345,129,1328,"[854, 345, 129]",relu,model_9,Float8WeightOnlyConfig,float8,8.0,False,True,pt2_relative_median_latency,0.743776055818832,pt2,median_latency,True,1.0
1971,854,345,129,1328,"[854, 345, 129]",relu,model_9,Int8WeightOnlyConfig,int8,8.0,False,True,pt2_relative_p95_latency,0.8926814110572535,pt2,p95_latency,True,1.0
1972,854,345,129,1328,"[854, 345, 129]",relu,model_9,Float8WeightOnlyConfig,float8,8.0,False,True,pt2_relative_p95_latency,0.7311218145509603,pt2,p95_latency,True,1.0
1973,854,345,129,1328,"[854, 345, 129]",relu,model_9,Int8WeightOnlyConfig,int8,8.0,False,True,pt2_relative_p99_latency,0.9532217967102335,pt2,p99_latency,True,1.0
1974,854,345,129,1328,"[854, 345, 129]",relu,model_9,Float8WeightOnlyConfig,float8,8.0,False,True,pt2_relative_p99_latency,0.7455963766227762,pt2,p99_latency,True,1.0
1975,854,345,129,1328,"[854, 345, 129]",relu,model_9,Int8WeightOnlyConfig,int8,8.0,False,True,pytorch_quantized_MAE,8.473425541300877,pytorch,MAE,False,2.0
1976,854,345,129,1328,"[854, 345, 129]",relu,model_9,Float8WeightOnlyConfig,float8,8.0,False,True,pytorch_quantized_MAE,8.453525790827294,pytorch,MAE,False,2.0
1977,854,345,129,1328,"[854, 345, 129]",relu,model_9,Int8WeightOnlyConfig,int8,8.0,False,True,pytorch_relative_MAE,1.0000601637865891,pytorch,MAE,True,2.0
1978,854,345,129,1328,"[854, 345, 129]",relu,model_9,Float8WeightOnlyConfig,float8,8.0,False,True,pytorch_relative_MAE,0.9977115330444031,pytorch,MAE,True,2.0
1979,854,345,129,1328,"[854, 345, 129]",relu,model_9,Int8WeightOnlyConfig,int8,8.0,False,True,pytorch_quantized_model_size,409767.0,pytorch,model_size,False,2.0
1980,854,345,129,1328,"[854, 345, 129]",relu,model_9,Float8WeightOnlyConfig,float8,8.0,False,True,pytorch_quantized_model_size,409767.0,pytorch,model_size,False,2.0
1981,854,345,129,1328,"[854, 345, 129]",relu,model_9,Int8WeightOnlyConfig,int8,8.0,False,True,pytorch_quantized_median_latency,0.0004327259957790375,pytorch,median_latency,False,2.0
1982,854,345,129,1328,"[854, 345, 129]",relu,model_9,Float8WeightOnlyConfig,float8,8.0,False,True,pytorch_quantized_median_latency,0.0005243364721536636,pytorch,median_latency,False,2.0
1983,854,345,129,1328,"[854, 345, 129]",relu,model_9,Int8WeightOnlyConfig,int8,8.0,False,True,pytorch_quantized_p95_latency,0.00048492662608623505,pytorch,p95_latency,False,2.0
1984,854,345,129,1328,"[854, 345, 129]",relu,model_9,Float8WeightOnlyConfig,float8,8.0,False,True,pytorch_quantized_p95_latency,0.000532735139131546,pytorch,p95_latency,False,2.0
1985,854,345,129,1328,"[854, 345, 129]",relu,model_9,Int8WeightOnlyConfig,int8,8.0,False,True,pytorch_quantized_p99_latency,0.0004902665317058563,pytorch,p99_latency,False,2.0
1986,854,345,129,1328,"[854, 345, 129]",relu,model_9,Float8WeightOnlyConfig,float8,8.0,False,True,pytorch_quantized_p99_latency,0.0005391548573970795,pytorch,p99_latency,False,2.0
1987,854,345,129,1328,"[854, 345, 129]",relu,model_9,Int8WeightOnlyConfig,int8,8.0,False,True,pytorch_relative_model_size,0.25,pytorch,model_size,True,2.0
1988,854,345,129,1328,"[854, 345, 129]",relu,model_9,Float8WeightOnlyConfig,float8,8.0,False,True,pytorch_relative_model_size,0.25,pytorch,model_size,True,2.0
1989,854,345,129,1328,"[854, 345, 129]",relu,model_9,Int8WeightOnlyConfig,int8,8.0,False,True,pytorch_relative_median_latency,2.4139944720380724,pytorch,median_latency,True,2.0
1990,854,345,129,1328,"[854, 345, 129]",relu,model_9,Float8WeightOnlyConfig,float8,8.0,False,True,pytorch_relative_median_latency,2.925050395893514,pytorch,median_latency,True,2.0
1991,854,345,129,1328,"[854, 345, 129]",relu,model_9,Int8WeightOnlyConfig,int8,8.0,False,True,pytorch_relative_p95_latency,2.532186920978276,pytorch,p95_latency,True,2.0
1992,854,345,129,1328,"[854, 345, 129]",relu,model_9,Float8WeightOnlyConfig,float8,8.0,False,True,pytorch_relative_p95_latency,2.7818331250273554,pytorch,p95_latency,True,2.0
1993,854,345,129,1328,"[854, 345, 129]",relu,model_9,Int8WeightOnlyConfig,int8,8.0,False,True,pytorch_relative_p99_latency,2.163475358427285,pytorch,p99_latency,True,2.0
1994,854,345,129,1328,"[854, 345, 129]",relu,model_9,Float8WeightOnlyConfig,float8,8.0,False,True,pytorch_relative_p99_latency,2.3792124750926065,pytorch,p99_latency,True,2.0
1995,854,345,129,1328,"[854, 345, 129]",relu,model_9,Int8WeightOnlyConfig,int8,8.0,False,True,onnx_quantized_model_size,32762.0,onnx,model_size,False,2.0
1996,854,345,129,1328,"[854, 345, 129]",relu,model_9,Float8WeightOnlyConfig,float8,8.0,False,True,onnx_quantized_model_size,,onnx,model_size,False,2.0
1997,854,345,129,1328,"[854, 345, 129]",relu,model_9,Int8WeightOnlyConfig,int8,8.0,False,True,onnx_quantized_median_latency,0.0005426071584224701,onnx,median_latency,False,2.0
1998,854,345,129,1328,"[854, 345, 129]",relu,model_9,Float8WeightOnlyConfig,float8,8.0,False,True,onnx_quantized_median_latency,,onnx,median_latency,False,2.0
1999,854,345,129,1328,"[854, 345, 129]",relu,model_9,Int8WeightOnlyConfig,int8,8.0,False,True,onnx_quantized_p95_latency,0.0005654474720358848,onnx,p95_latency,False,2.0
2000,854,345,129,1328,"[854, 345, 129]",relu,model_9,Float8WeightOnlyConfig,float8,8.0,False,True,onnx_quantized_p95_latency,,onnx,p95_latency,False,2.0
2001,854,345,129,1328,"[854, 345, 129]",relu,model_9,Int8WeightOnlyConfig,int8,8.0,False,True,onnx_quantized_p99_latency,0.0005841063335537911,onnx,p99_latency,False,2.0
2002,854,345,129,1328,"[854, 345, 129]",relu,model_9,Float8WeightOnlyConfig,float8,8.0,False,True,onnx_quantized_p99_latency,,onnx,p99_latency,False,2.0
2003,854,345,129,1328,"[854, 345, 129]",relu,model_9,Int8WeightOnlyConfig,int8,8.0,False,True,onnx_relative_model_size,2.426455339949637,onnx,model_size,True,2.0
2004,854,345,129,1328,"[854, 345, 129]",relu,model_9,Float8WeightOnlyConfig,float8,8.0,False,True,onnx_relative_model_size,,onnx,model_size,True,2.0
2005,854,345,129,1328,"[854, 345, 129]",relu,model_9,Int8WeightOnlyConfig,int8,8.0,False,True,onnx_relative_median_latency,0.9934048096465742,onnx,median_latency,True,2.0
2006,854,345,129,1328,"[854, 345, 129]",relu,model_9,Float8WeightOnlyConfig,float8,8.0,False,True,onnx_relative_median_latency,,onnx,median_latency,True,2.0
2007,854,345,129,1328,"[854, 345, 129]",relu,model_9,Int8WeightOnlyConfig,int8,8.0,False,True,onnx_relative_p95_latency,0.9824842289772557,onnx,p95_latency,True,2.0
2008,854,345,129,1328,"[854, 345, 129]",relu,model_9,Float8WeightOnlyConfig,float8,8.0,False,True,onnx_relative_p95_latency,,onnx,p95_latency,True,2.0
2009,854,345,129,1328,"[854, 345, 129]",relu,model_9,Int8WeightOnlyConfig,int8,8.0,False,True,onnx_relative_p99_latency,0.9737698888785244,onnx,p99_latency,True,2.0
2010,854,345,129,1328,"[854, 345, 129]",relu,model_9,Float8WeightOnlyConfig,float8,8.0,False,True,onnx_relative_p99_latency,,onnx,p99_latency,True,2.0
2011,854,345,129,1328,"[854, 345, 129]",relu,model_9,Int8WeightOnlyConfig,int8,8.0,False,True,pt2_quantized_model_size,560289.0,pt2,model_size,False,2.0
2012,854,345,129,1328,"[854, 345, 129]",relu,model_9,Float8WeightOnlyConfig,float8,8.0,False,True,pt2_quantized_model_size,539553.0,pt2,model_size,False,2.0
2013,854,345,129,1328,"[854, 345, 129]",relu,model_9,Int8WeightOnlyConfig,int8,8.0,False,True,pt2_quantized_median_latency,0.0008961856365203857,pt2,median_latency,False,2.0
2014,854,345,129,1328,"[854, 345, 129]",relu,model_9,Float8WeightOnlyConfig,float8,8.0,False,True,pt2_quantized_median_latency,0.0007322318851947784,pt2,median_latency,False,2.0
2015,854,345,129,1328,"[854, 345, 129]",relu,model_9,Int8WeightOnlyConfig,int8,8.0,False,True,pt2_quantized_p95_latency,0.000906001590192318,pt2,p95_latency,False,2.0
2016,854,345,129,1328,"[854, 345, 129]",relu,model_9,Float8WeightOnlyConfig,float8,8.0,False,True,pt2_quantized_p95_latency,0.0007449982687830925,pt2,p95_latency,False,2.0
2017,854,345,129,1328,"[854, 345, 129]",relu,model_9,Int8WeightOnlyConfig,int8,8.0,False,True,pt2_quantized_p99_latency,0.001028534770011902,pt2,p99_latency,False,2.0
2018,854,345,129,1328,"[854, 345, 129]",relu,model_9,Float8WeightOnlyConfig,float8,8.0,False,True,pt2_quantized_p99_latency,0.0008694601804018021,pt2,p99_latency,False,2.0
2019,854,345,129,1328,"[854, 345, 129]",relu,model_9,Int8WeightOnlyConfig,int8,8.0,False,True,pt2_relative_model_size,0.3289623479554087,pt2,model_size,True,2.0
2020,854,345,129,1328,"[854, 345, 129]",relu,model_9,Float8WeightOnlyConfig,float8,8.0,False,True,pt2_relative_model_size,0.31678762518340464,pt2,model_size,True,2.0
2021,854,345,129,1328,"[854, 345, 129]",relu,model_9,Int8WeightOnlyConfig,int8,8.0,False,True,pt2_relative_median_latency,0.9181441555938484,pt2,median_latency,True,2.0
2022,854,345,129,1328,"[854, 345, 129]",relu,model_9,Float8WeightOnlyConfig,float8,8.0,False,True,pt2_relative_median_latency,0.7501731767777097,pt2,median_latency,True,2.0
2023,854,345,129,1328,"[854, 345, 129]",relu,model_9,Int8WeightOnlyConfig,int8,8.0,False,True,pt2_relative_p95_latency,0.9099259104059354,pt2,p95_latency,True,2.0
2024,854,345,129,1328,"[854, 345, 129]",relu,model_9,Float8WeightOnlyConfig,float8,8.0,False,True,pt2_relative_p95_latency,0.748225207672543,pt2,p95_latency,True,2.0
2025,854,345,129,1328,"[854, 345, 129]",relu,model_9,Int8WeightOnlyConfig,int8,8.0,False,True,pt2_relative_p99_latency,0.8910724541962723,pt2,p99_latency,True,2.0
2026,854,345,129,1328,"[854, 345, 129]",relu,model_9,Float8WeightOnlyConfig,float8,8.0,False,True,pt2_relative_p99_latency,0.7532579737363689,pt2,p99_latency,True,2.0
2027,854,345,129,1328,"[854, 345, 129]",relu,model_9,Int8WeightOnlyConfig,int8,8.0,False,True,pytorch_quantized_MAE,8.22416477436629,pytorch,MAE,False,3.0
2028,854,345,129,1328,"[854, 345, 129]",relu,model_9,Float8WeightOnlyConfig,float8,8.0,False,True,pytorch_quantized_MAE,8.205993501621938,pytorch,MAE,False,3.0
2029,854,345,129,1328,"[854, 345, 129]",relu,model_9,Int8WeightOnlyConfig,int8,8.0,False,True,pytorch_relative_MAE,0.9999355818678297,pytorch,MAE,True,3.0
2030,854,345,129,1328,"[854, 345, 129]",relu,model_9,Float8WeightOnlyConfig,float8,8.0,False,True,pytorch_relative_MAE,0.9977262265492767,pytorch,MAE,True,3.0
2031,854,345,129,1328,"[854, 345, 129]",relu,model_9,Int8WeightOnlyConfig,int8,8.0,False,True,pytorch_quantized_model_size,409767.0,pytorch,model_size,False,3.0
2032,854,345,129,1328,"[854, 345, 129]",relu,model_9,Float8WeightOnlyConfig,float8,8.0,False,True,pytorch_quantized_model_size,409767.0,pytorch,model_size,False,3.0
2033,854,345,129,1328,"[854, 345, 129]",relu,model_9,Int8WeightOnlyConfig,int8,8.0,False,True,pytorch_quantized_median_latency,0.0004926752299070358,pytorch,median_latency,False,3.0
2034,854,345,129,1328,"[854, 345, 129]",relu,model_9,Float8WeightOnlyConfig,float8,8.0,False,True,pytorch_quantized_median_latency,0.0006082300096750259,pytorch,median_latency,False,3.0
2035,854,345,129,1328,"[854, 345, 129]",relu,model_9,Int8WeightOnlyConfig,int8,8.0,False,True,pytorch_quantized_p95_latency,0.0005023114383220673,pytorch,p95_latency,False,3.0
2036,854,345,129,1328,"[854, 345, 129]",relu,model_9,Float8WeightOnlyConfig,float8,8.0,False,True,pytorch_quantized_p95_latency,0.0006204092875123024,pytorch,p95_latency,False,3.0
2037,854,345,129,1328,"[854, 345, 129]",relu,model_9,Int8WeightOnlyConfig,int8,8.0,False,True,pytorch_quantized_p99_latency,0.0005052245035767556,pytorch,p99_latency,False,3.0
2038,854,345,129,1328,"[854, 345, 129]",relu,model_9,Float8WeightOnlyConfig,float8,8.0,False,True,pytorch_quantized_p99_latency,0.0006347600743174552,pytorch,p99_latency,False,3.0
2039,854,345,129,1328,"[854, 345, 129]",relu,model_9,Int8WeightOnlyConfig,int8,8.0,False,True,pytorch_relative_model_size,0.25,pytorch,model_size,True,3.0
2040,854,345,129,1328,"[854, 345, 129]",relu,model_9,Float8WeightOnlyConfig,float8,8.0,False,True,pytorch_relative_model_size,0.25,pytorch,model_size,True,3.0
2041,854,345,129,1328,"[854, 345, 129]",relu,model_9,Int8WeightOnlyConfig,int8,8.0,False,True,pytorch_relative_median_latency,3.1045317433303206,pytorch,median_latency,True,3.0
2042,854,345,129,1328,"[854, 345, 129]",relu,model_9,Float8WeightOnlyConfig,float8,8.0,False,True,pytorch_relative_median_latency,3.8326858296458877,pytorch,median_latency,True,3.0
2043,854,345,129,1328,"[854, 345, 129]",relu,model_9,Int8WeightOnlyConfig,int8,8.0,False,True,pytorch_relative_p95_latency,2.962897367328149,pytorch,p95_latency,True,3.0
2044,854,345,129,1328,"[854, 345, 129]",relu,model_9,Float8WeightOnlyConfig,float8,8.0,False,True,pytorch_relative_p95_latency,3.6595006690998906,pytorch,p95_latency,True,3.0
2045,854,345,129,1328,"[854, 345, 129]",relu,model_9,Int8WeightOnlyConfig,int8,8.0,False,True,pytorch_relative_p99_latency,2.8636366323742997,pytorch,p99_latency,True,3.0
2046,854,345,129,1328,"[854, 345, 129]",relu,model_9,Float8WeightOnlyConfig,float8,8.0,False,True,pytorch_relative_p99_latency,3.597850438202158,pytorch,p99_latency,True,3.0
2047,854,345,129,1328,"[854, 345, 129]",relu,model_9,Int8WeightOnlyConfig,int8,8.0,False,True,onnx_quantized_model_size,32762.0,onnx,model_size,False,3.0
2048,854,345,129,1328,"[854, 345, 129]",relu,model_9,Float8WeightOnlyConfig,float8,8.0,False,True,onnx_quantized_model_size,,onnx,model_size,False,3.0
2049,854,345,129,1328,"[854, 345, 129]",relu,model_9,Int8WeightOnlyConfig,int8,8.0,False,True,onnx_quantized_median_latency,0.0005488842725753784,onnx,median_latency,False,3.0
2050,854,345,129,1328,"[854, 345, 129]",relu,model_9,Float8WeightOnlyConfig,float8,8.0,False,True,onnx_quantized_median_latency,,onnx,median_latency,False,3.0
2051,854,345,129,1328,"[854, 345, 129]",relu,model_9,Int8WeightOnlyConfig,int8,8.0,False,True,onnx_quantized_p95_latency,0.0005758674815297127,onnx,p95_latency,False,3.0
2052,854,345,129,1328,"[854, 345, 129]",relu,model_9,Float8WeightOnlyConfig,float8,8.0,False,True,onnx_quantized_p95_latency,,onnx,p95_latency,False,3.0
2053,854,345,129,1328,"[854, 345, 129]",relu,model_9,Int8WeightOnlyConfig,int8,8.0,False,True,onnx_quantized_p99_latency,0.0005872496962547303,onnx,p99_latency,False,3.0
2054,854,345,129,1328,"[854, 345, 129]",relu,model_9,Float8WeightOnlyConfig,float8,8.0,False,True,onnx_quantized_p99_latency,,onnx,p99_latency,False,3.0
2055,854,345,129,1328,"[854, 345, 129]",relu,model_9,Int8WeightOnlyConfig,int8,8.0,False,True,onnx_relative_model_size,2.426455339949637,onnx,model_size,True,3.0
2056,854,345,129,1328,"[854, 345, 129]",relu,model_9,Float8WeightOnlyConfig,float8,8.0,False,True,onnx_relative_model_size,,onnx,model_size,True,3.0
2057,854,345,129,1328,"[854, 345, 129]",relu,model_9,Int8WeightOnlyConfig,int8,8.0,False,True,onnx_relative_median_latency,1.0097555793895825,onnx,median_latency,True,3.0
2058,854,345,129,1328,"[854, 345, 129]",relu,model_9,Float8WeightOnlyConfig,float8,8.0,False,True,onnx_relative_median_latency,,onnx,median_latency,True,3.0
2059,854,345,129,1328,"[854, 345, 129]",relu,model_9,Int8WeightOnlyConfig,int8,8.0,False,True,onnx_relative_p95_latency,1.036129723287863,onnx,p95_latency,True,3.0
2060,854,345,129,1328,"[854, 345, 129]",relu,model_9,Float8WeightOnlyConfig,float8,8.0,False,True,onnx_relative_p95_latency,,onnx,p95_latency,True,3.0
2061,854,345,129,1328,"[854, 345, 129]",relu,model_9,Int8WeightOnlyConfig,int8,8.0,False,True,onnx_relative_p99_latency,1.028662904179785,onnx,p99_latency,True,3.0
2062,854,345,129,1328,"[854, 345, 129]",relu,model_9,Float8WeightOnlyConfig,float8,8.0,False,True,onnx_relative_p99_latency,,onnx,p99_latency,True,3.0
2063,854,345,129,1328,"[854, 345, 129]",relu,model_9,Int8WeightOnlyConfig,int8,8.0,False,True,pt2_quantized_model_size,560289.0,pt2,model_size,False,3.0
2064,854,345,129,1328,"[854, 345, 129]",relu,model_9,Float8WeightOnlyConfig,float8,8.0,False,True,pt2_quantized_model_size,539553.0,pt2,model_size,False,3.0
2065,854,345,129,1328,"[854, 345, 129]",relu,model_9,Int8WeightOnlyConfig,int8,8.0,False,True,pt2_quantized_median_latency,0.0009137894958257675,pt2,median_latency,False,3.0
2066,854,345,129,1328,"[854, 345, 129]",relu,model_9,Float8WeightOnlyConfig,float8,8.0,False,True,pt2_quantized_median_latency,0.0007533282041549683,pt2,median_latency,False,3.0
2067,854,345,129,1328,"[854, 345, 129]",relu,model_9,Int8WeightOnlyConfig,int8,8.0,False,True,pt2_quantized_p95_latency,0.000958023965358734,pt2,p95_latency,False,3.0
2068,854,345,129,1328,"[854, 345, 129]",relu,model_9,Float8WeightOnlyConfig,float8,8.0,False,True,pt2_quantized_p95_latency,0.0007676281034946442,pt2,p95_latency,False,3.0
2069,854,345,129,1328,"[854, 345, 129]",relu,model_9,Int8WeightOnlyConfig,int8,8.0,False,True,pt2_quantized_p99_latency,0.0010978175327181789,pt2,p99_latency,False,3.0
2070,854,345,129,1328,"[854, 345, 129]",relu,model_9,Float8WeightOnlyConfig,float8,8.0,False,True,pt2_quantized_p99_latency,0.0008894955739378929,pt2,p99_latency,False,3.0
2071,854,345,129,1328,"[854, 345, 129]",relu,model_9,Int8WeightOnlyConfig,int8,8.0,False,True,pt2_relative_model_size,0.3289623479554087,pt2,model_size,True,3.0
2072,854,345,129,1328,"[854, 345, 129]",relu,model_9,Float8WeightOnlyConfig,float8,8.0,False,True,pt2_relative_model_size,0.31678762518340464,pt2,model_size,True,3.0
2073,854,345,129,1328,"[854, 345, 129]",relu,model_9,Int8WeightOnlyConfig,int8,8.0,False,True,pt2_relative_median_latency,1.016478325190517,pt2,median_latency,True,3.0
2074,854,345,129,1328,"[854, 345, 129]",relu,model_9,Float8WeightOnlyConfig,float8,8.0,False,True,pt2_relative_median_latency,0.8379848912426393,pt2,median_latency,True,3.0
2075,854,345,129,1328,"[854, 345, 129]",relu,model_9,Int8WeightOnlyConfig,int8,8.0,False,True,pt2_relative_p95_latency,1.0549690915005625,pt2,p95_latency,True,3.0
2076,854,345,129,1328,"[854, 345, 129]",relu,model_9,Float8WeightOnlyConfig,float8,8.0,False,True,pt2_relative_p95_latency,0.8453065395402759,pt2,p95_latency,True,3.0
2077,854,345,129,1328,"[854, 345, 129]",relu,model_9,Int8WeightOnlyConfig,int8,8.0,False,True,pt2_relative_p99_latency,1.019151748617315,pt2,p99_latency,True,3.0
2078,854,345,129,1328,"[854, 345, 129]",relu,model_9,Float8WeightOnlyConfig,float8,8.0,False,True,pt2_relative_p99_latency,0.8257574164639266,pt2,p99_latency,True,3.0
