,config_name,precision,bits_per_weight,dynamic_calibration,weight_only,metric,value,runtime,base_metric,relative,train_run,eval_run,split
0,Int8WeightOnlyConfig,int8,8,False,True,pytorch_quantized_MAE,7.279369086719163,pytorch,MAE,False,1,1,train
1,Float8WeightOnlyConfig,float8,8,False,True,pytorch_quantized_MAE,7.267649389492002,pytorch,MAE,False,1,1,train
2,Int8WeightOnlyConfig,int8,8,False,True,pytorch_relative_MAE,1.0012693678318079,pytorch,MAE,True,1,1,train
3,Float8WeightOnlyConfig,float8,8,False,True,pytorch_relative_MAE,0.9996573361166926,pytorch,MAE,True,1,1,train
4,Int8WeightOnlyConfig,int8,8,False,True,pytorch_quantized_model_size,206337.0,pytorch,model_size,False,1,1,train
5,Float8WeightOnlyConfig,float8,8,False,True,pytorch_quantized_model_size,206337.0,pytorch,model_size,False,1,1,train
6,Int8WeightOnlyConfig,int8,8,False,True,pytorch_quantized_median_latency,0.0006311249994723767,pytorch,median_latency,False,1,1,train
7,Float8WeightOnlyConfig,float8,8,False,True,pytorch_quantized_median_latency,0.0007861355002205528,pytorch,median_latency,False,1,1,train
8,Int8WeightOnlyConfig,int8,8,False,True,pytorch_quantized_p95_latency,0.0007058763506847754,pytorch,p95_latency,False,1,1,train
9,Float8WeightOnlyConfig,float8,8,False,True,pytorch_quantized_p95_latency,0.0008830997502627724,pytorch,p95_latency,False,1,1,train
10,Int8WeightOnlyConfig,int8,8,False,True,pytorch_quantized_p99_latency,0.0008106659400527862,pytorch,p99_latency,False,1,1,train
11,Float8WeightOnlyConfig,float8,8,False,True,pytorch_quantized_p99_latency,0.0010789528698569493,pytorch,p99_latency,False,1,1,train
12,Int8WeightOnlyConfig,int8,8,False,True,pytorch_relative_model_size,0.25,pytorch,model_size,True,1,1,train
13,Float8WeightOnlyConfig,float8,8,False,True,pytorch_relative_model_size,0.25,pytorch,model_size,True,1,1,train
14,Int8WeightOnlyConfig,int8,8,False,True,pytorch_relative_median_latency,1.9388179828049272,pytorch,median_latency,True,1,1,train
15,Float8WeightOnlyConfig,float8,8,False,True,pytorch_relative_median_latency,2.4150107284977946,pytorch,median_latency,True,1,1,train
16,Int8WeightOnlyConfig,int8,8,False,True,pytorch_relative_p95_latency,2.016629972542242,pytorch,p95_latency,True,1,1,train
17,Float8WeightOnlyConfig,float8,8,False,True,pytorch_relative_p95_latency,2.5229424720021094,pytorch,p95_latency,True,1,1,train
18,Int8WeightOnlyConfig,int8,8,False,True,pytorch_relative_p99_latency,2.067178025063308,pytorch,p99_latency,True,1,1,train
19,Float8WeightOnlyConfig,float8,8,False,True,pytorch_relative_p99_latency,2.7513030367379763,pytorch,p99_latency,True,1,1,train
20,Int8WeightOnlyConfig,int8,8,False,True,onnx_quantized_model_size,47122.0,onnx,model_size,False,1,1,train
21,Float8WeightOnlyConfig,float8,8,False,True,onnx_quantized_model_size,,onnx,model_size,False,1,1,train
22,Int8WeightOnlyConfig,int8,8,False,True,onnx_quantized_median_latency,0.00033659400014585117,onnx,median_latency,False,1,1,train
23,Float8WeightOnlyConfig,float8,8,False,True,onnx_quantized_median_latency,,onnx,median_latency,False,1,1,train
24,Int8WeightOnlyConfig,int8,8,False,True,onnx_quantized_p95_latency,0.0005921548995047487,onnx,p95_latency,False,1,1,train
25,Float8WeightOnlyConfig,float8,8,False,True,onnx_quantized_p95_latency,,onnx,p95_latency,False,1,1,train
26,Int8WeightOnlyConfig,int8,8,False,True,onnx_quantized_p99_latency,0.0006728165195363547,onnx,p99_latency,False,1,1,train
27,Float8WeightOnlyConfig,float8,8,False,True,onnx_quantized_p99_latency,,onnx,p99_latency,False,1,1,train
28,Int8WeightOnlyConfig,int8,8,False,True,onnx_relative_model_size,1.67574679943101,onnx,model_size,True,1,1,train
29,Float8WeightOnlyConfig,float8,8,False,True,onnx_relative_model_size,,onnx,model_size,True,1,1,train
30,Int8WeightOnlyConfig,int8,8,False,True,onnx_relative_median_latency,0.9214634175144691,onnx,median_latency,True,1,1,train
31,Float8WeightOnlyConfig,float8,8,False,True,onnx_relative_median_latency,,onnx,median_latency,True,1,1,train
32,Int8WeightOnlyConfig,int8,8,False,True,onnx_relative_p95_latency,0.9851528711969337,onnx,p95_latency,True,1,1,train
33,Float8WeightOnlyConfig,float8,8,False,True,onnx_relative_p95_latency,,onnx,p95_latency,True,1,1,train
34,Int8WeightOnlyConfig,int8,8,False,True,onnx_relative_p99_latency,1.0270276729851244,onnx,p99_latency,True,1,1,train
35,Float8WeightOnlyConfig,float8,8,False,True,onnx_relative_p99_latency,,onnx,p99_latency,True,1,1,train
36,Int8WeightOnlyConfig,int8,8,False,True,pt2_quantized_model_size,352993.0,pt2,model_size,False,1,1,train
37,Float8WeightOnlyConfig,float8,8,False,True,pt2_quantized_model_size,332577.0,pt2,model_size,False,1,1,train
38,Int8WeightOnlyConfig,int8,8,False,True,pt2_quantized_median_latency,0.001131643000007898,pt2,median_latency,False,1,1,train
39,Float8WeightOnlyConfig,float8,8,False,True,pt2_quantized_median_latency,0.0009257400001843052,pt2,median_latency,False,1,1,train
40,Int8WeightOnlyConfig,int8,8,False,True,pt2_quantized_p95_latency,0.001222939350418528,pt2,p95_latency,False,1,1,train
41,Float8WeightOnlyConfig,float8,8,False,True,pt2_quantized_p95_latency,0.0010233830998458869,pt2,p95_latency,False,1,1,train
42,Int8WeightOnlyConfig,int8,8,False,True,pt2_quantized_p99_latency,0.0013851598698511232,pt2,p99_latency,False,1,1,train
43,Float8WeightOnlyConfig,float8,8,False,True,pt2_quantized_p99_latency,0.0010691343300004519,pt2,p99_latency,False,1,1,train
44,Int8WeightOnlyConfig,int8,8,False,True,pt2_relative_model_size,0.3967564238161981,pt2,model_size,True,1,1,train
45,Float8WeightOnlyConfig,float8,8,False,True,pt2_relative_model_size,0.3738092856331987,pt2,model_size,True,1,1,train
46,Int8WeightOnlyConfig,int8,8,False,True,pt2_relative_median_latency,1.4591301769795586,pt2,median_latency,True,1,1,train
47,Float8WeightOnlyConfig,float8,8,False,True,pt2_relative_median_latency,1.193640724412694,pt2,median_latency,True,1,1,train
48,Int8WeightOnlyConfig,int8,8,False,True,pt2_relative_p95_latency,1.4303637655151489,pt2,p95_latency,True,1,1,train
49,Float8WeightOnlyConfig,float8,8,False,True,pt2_relative_p95_latency,1.1969605064708784,pt2,p95_latency,True,1,1,train
50,Int8WeightOnlyConfig,int8,8,False,True,pt2_relative_p99_latency,1.37750688164989,pt2,p99_latency,True,1,1,train
51,Float8WeightOnlyConfig,float8,8,False,True,pt2_relative_p99_latency,1.0632273783256925,pt2,p99_latency,True,1,1,train
0,Int8WeightOnlyConfig,int8,8,False,True,pytorch_quantized_MAE,7.171978021946474,pytorch,MAE,False,1,1,test
1,Float8WeightOnlyConfig,float8,8,False,True,pytorch_quantized_MAE,7.1617353695917,pytorch,MAE,False,1,1,test
2,Int8WeightOnlyConfig,int8,8,False,True,pytorch_relative_MAE,1.0011886071980902,pytorch,MAE,True,1,1,test
3,Float8WeightOnlyConfig,float8,8,False,True,pytorch_relative_MAE,0.9997587608134929,pytorch,MAE,True,1,1,test
4,Int8WeightOnlyConfig,int8,8,False,True,pytorch_quantized_model_size,206337.0,pytorch,model_size,False,1,1,test
5,Float8WeightOnlyConfig,float8,8,False,True,pytorch_quantized_model_size,206337.0,pytorch,model_size,False,1,1,test
6,Int8WeightOnlyConfig,int8,8,False,True,pytorch_quantized_median_latency,0.0006578094998985762,pytorch,median_latency,False,1,1,test
7,Float8WeightOnlyConfig,float8,8,False,True,pytorch_quantized_median_latency,0.0007135975001801853,pytorch,median_latency,False,1,1,test
8,Int8WeightOnlyConfig,int8,8,False,True,pytorch_quantized_p95_latency,0.0007672712496969324,pytorch,p95_latency,False,1,1,test
9,Float8WeightOnlyConfig,float8,8,False,True,pytorch_quantized_p95_latency,0.0007633196507867979,pytorch,p95_latency,False,1,1,test
10,Int8WeightOnlyConfig,int8,8,False,True,pytorch_quantized_p99_latency,0.000794027920364897,pytorch,p99_latency,False,1,1,test
11,Float8WeightOnlyConfig,float8,8,False,True,pytorch_quantized_p99_latency,0.0008513552304975756,pytorch,p99_latency,False,1,1,test
12,Int8WeightOnlyConfig,int8,8,False,True,pytorch_relative_model_size,0.25,pytorch,model_size,True,1,1,test
13,Float8WeightOnlyConfig,float8,8,False,True,pytorch_relative_model_size,0.25,pytorch,model_size,True,1,1,test
14,Int8WeightOnlyConfig,int8,8,False,True,pytorch_relative_median_latency,1.9913526625013878,pytorch,median_latency,True,1,1,test
15,Float8WeightOnlyConfig,float8,8,False,True,pytorch_relative_median_latency,2.1602367891574175,pytorch,median_latency,True,1,1,test
16,Int8WeightOnlyConfig,int8,8,False,True,pytorch_relative_p95_latency,2.118333056585502,pytorch,p95_latency,True,1,1,test
17,Float8WeightOnlyConfig,float8,8,False,True,pytorch_relative_p95_latency,2.107423221763707,pytorch,p95_latency,True,1,1,test
18,Int8WeightOnlyConfig,int8,8,False,True,pytorch_relative_p99_latency,2.0967365369970676,pytorch,p99_latency,True,1,1,test
19,Float8WeightOnlyConfig,float8,8,False,True,pytorch_relative_p99_latency,2.248116938920102,pytorch,p99_latency,True,1,1,test
20,Int8WeightOnlyConfig,int8,8,False,True,onnx_quantized_model_size,47122.0,onnx,model_size,False,1,1,test
21,Float8WeightOnlyConfig,float8,8,False,True,onnx_quantized_model_size,,onnx,model_size,False,1,1,test
22,Int8WeightOnlyConfig,int8,8,False,True,onnx_quantized_median_latency,0.0004799015005119145,onnx,median_latency,False,1,1,test
23,Float8WeightOnlyConfig,float8,8,False,True,onnx_quantized_median_latency,,onnx,median_latency,False,1,1,test
24,Int8WeightOnlyConfig,int8,8,False,True,onnx_quantized_p95_latency,0.0005599790504675183,onnx,p95_latency,False,1,1,test
25,Float8WeightOnlyConfig,float8,8,False,True,onnx_quantized_p95_latency,,onnx,p95_latency,False,1,1,test
26,Int8WeightOnlyConfig,int8,8,False,True,onnx_quantized_p99_latency,0.0006008390899478402,onnx,p99_latency,False,1,1,test
27,Float8WeightOnlyConfig,float8,8,False,True,onnx_quantized_p99_latency,,onnx,p99_latency,False,1,1,test
28,Int8WeightOnlyConfig,int8,8,False,True,onnx_relative_model_size,1.67574679943101,onnx,model_size,True,1,1,test
29,Float8WeightOnlyConfig,float8,8,False,True,onnx_relative_model_size,,onnx,model_size,True,1,1,test
30,Int8WeightOnlyConfig,int8,8,False,True,onnx_relative_median_latency,1.6148213836174685,onnx,median_latency,True,1,1,test
31,Float8WeightOnlyConfig,float8,8,False,True,onnx_relative_median_latency,,onnx,median_latency,True,1,1,test
32,Int8WeightOnlyConfig,int8,8,False,True,onnx_relative_p95_latency,1.5759536785799506,onnx,p95_latency,True,1,1,test
33,Float8WeightOnlyConfig,float8,8,False,True,onnx_relative_p95_latency,,onnx,p95_latency,True,1,1,test
34,Int8WeightOnlyConfig,int8,8,False,True,onnx_relative_p99_latency,1.3242533748315546,onnx,p99_latency,True,1,1,test
35,Float8WeightOnlyConfig,float8,8,False,True,onnx_relative_p99_latency,,onnx,p99_latency,True,1,1,test
36,Int8WeightOnlyConfig,int8,8,False,True,pt2_quantized_model_size,352993.0,pt2,model_size,False,1,1,test
37,Float8WeightOnlyConfig,float8,8,False,True,pt2_quantized_model_size,332577.0,pt2,model_size,False,1,1,test
38,Int8WeightOnlyConfig,int8,8,False,True,pt2_quantized_median_latency,0.0011178505005773332,pt2,median_latency,False,1,1,test
39,Float8WeightOnlyConfig,float8,8,False,True,pt2_quantized_median_latency,0.0009211609999510983,pt2,median_latency,False,1,1,test
40,Int8WeightOnlyConfig,int8,8,False,True,pt2_quantized_p95_latency,0.0011846591500216162,pt2,p95_latency,False,1,1,test
41,Float8WeightOnlyConfig,float8,8,False,True,pt2_quantized_p95_latency,0.0010171076006827205,pt2,p95_latency,False,1,1,test
42,Int8WeightOnlyConfig,int8,8,False,True,pt2_quantized_p99_latency,0.001264961859715186,pt2,p99_latency,False,1,1,test
43,Float8WeightOnlyConfig,float8,8,False,True,pt2_quantized_p99_latency,0.0010865016099614877,pt2,p99_latency,False,1,1,test
44,Int8WeightOnlyConfig,int8,8,False,True,pt2_relative_model_size,0.3967564238161981,pt2,model_size,True,1,1,test
45,Float8WeightOnlyConfig,float8,8,False,True,pt2_relative_model_size,0.3738092856331987,pt2,model_size,True,1,1,test
46,Int8WeightOnlyConfig,int8,8,False,True,pt2_relative_median_latency,1.688814039180304,pt2,median_latency,True,1,1,test
47,Float8WeightOnlyConfig,float8,8,False,True,pt2_relative_median_latency,1.3916616115118523,pt2,median_latency,True,1,1,test
48,Int8WeightOnlyConfig,int8,8,False,True,pt2_relative_p95_latency,1.4963325830350558,pt2,p95_latency,True,1,1,test
49,Float8WeightOnlyConfig,float8,8,False,True,pt2_relative_p95_latency,1.284699690477546,pt2,p95_latency,True,1,1,test
50,Int8WeightOnlyConfig,int8,8,False,True,pt2_relative_p99_latency,1.4590369420609668,pt2,p99_latency,True,1,1,test
51,Float8WeightOnlyConfig,float8,8,False,True,pt2_relative_p99_latency,1.2531966670516488,pt2,p99_latency,True,1,1,test
0,Int8WeightOnlyConfig,int8,8,False,True,pytorch_quantized_MAE,7.24821450191581,pytorch,MAE,False,1,2,train
1,Float8WeightOnlyConfig,float8,8,False,True,pytorch_quantized_MAE,7.237525402192653,pytorch,MAE,False,1,2,train
2,Int8WeightOnlyConfig,int8,8,False,True,pytorch_relative_MAE,1.001236464989623,pytorch,MAE,True,1,2,train
3,Float8WeightOnlyConfig,float8,8,False,True,pytorch_relative_MAE,0.9997599197772944,pytorch,MAE,True,1,2,train
4,Int8WeightOnlyConfig,int8,8,False,True,pytorch_quantized_model_size,206337.0,pytorch,model_size,False,1,2,train
5,Float8WeightOnlyConfig,float8,8,False,True,pytorch_quantized_model_size,206337.0,pytorch,model_size,False,1,2,train
6,Int8WeightOnlyConfig,int8,8,False,True,pytorch_quantized_median_latency,0.0007087404997037083,pytorch,median_latency,False,1,2,train
7,Float8WeightOnlyConfig,float8,8,False,True,pytorch_quantized_median_latency,0.000789375500062306,pytorch,median_latency,False,1,2,train
8,Int8WeightOnlyConfig,int8,8,False,True,pytorch_quantized_p95_latency,0.0007729495499916083,pytorch,p95_latency,False,1,2,train
9,Float8WeightOnlyConfig,float8,8,False,True,pytorch_quantized_p95_latency,0.0009243176994914393,pytorch,p95_latency,False,1,2,train
10,Int8WeightOnlyConfig,int8,8,False,True,pytorch_quantized_p99_latency,0.0008368306701868281,pytorch,p99_latency,False,1,2,train
11,Float8WeightOnlyConfig,float8,8,False,True,pytorch_quantized_p99_latency,0.0009752222295901447,pytorch,p99_latency,False,1,2,train
12,Int8WeightOnlyConfig,int8,8,False,True,pytorch_relative_model_size,0.25,pytorch,model_size,True,1,2,train
13,Float8WeightOnlyConfig,float8,8,False,True,pytorch_relative_model_size,0.25,pytorch,model_size,True,1,2,train
14,Int8WeightOnlyConfig,int8,8,False,True,pytorch_relative_median_latency,2.1385158274353335,pytorch,median_latency,True,1,2,train
15,Float8WeightOnlyConfig,float8,8,False,True,pytorch_relative_median_latency,2.381819581890178,pytorch,median_latency,True,1,2,train
16,Int8WeightOnlyConfig,int8,8,False,True,pytorch_relative_p95_latency,2.0628873411379627,pytorch,p95_latency,True,1,2,train
17,Float8WeightOnlyConfig,float8,8,False,True,pytorch_relative_p95_latency,2.466866409963438,pytorch,p95_latency,True,1,2,train
18,Int8WeightOnlyConfig,int8,8,False,True,pytorch_relative_p99_latency,2.1115389927478105,pytorch,p99_latency,True,1,2,train
19,Float8WeightOnlyConfig,float8,8,False,True,pytorch_relative_p99_latency,2.460736487961553,pytorch,p99_latency,True,1,2,train
20,Int8WeightOnlyConfig,int8,8,False,True,onnx_quantized_model_size,47122.0,onnx,model_size,False,1,2,train
21,Float8WeightOnlyConfig,float8,8,False,True,onnx_quantized_model_size,,onnx,model_size,False,1,2,train
22,Int8WeightOnlyConfig,int8,8,False,True,onnx_quantized_median_latency,0.0003240354999434203,onnx,median_latency,False,1,2,train
23,Float8WeightOnlyConfig,float8,8,False,True,onnx_quantized_median_latency,,onnx,median_latency,False,1,2,train
24,Int8WeightOnlyConfig,int8,8,False,True,onnx_quantized_p95_latency,0.0003736802498679026,onnx,p95_latency,False,1,2,train
25,Float8WeightOnlyConfig,float8,8,False,True,onnx_quantized_p95_latency,,onnx,p95_latency,False,1,2,train
26,Int8WeightOnlyConfig,int8,8,False,True,onnx_quantized_p99_latency,0.0003958442295424904,onnx,p99_latency,False,1,2,train
27,Float8WeightOnlyConfig,float8,8,False,True,onnx_quantized_p99_latency,,onnx,p99_latency,False,1,2,train
28,Int8WeightOnlyConfig,int8,8,False,True,onnx_relative_model_size,1.67574679943101,onnx,model_size,True,1,2,train
29,Float8WeightOnlyConfig,float8,8,False,True,onnx_relative_model_size,,onnx,model_size,True,1,2,train
30,Int8WeightOnlyConfig,int8,8,False,True,onnx_relative_median_latency,1.0943762319364936,onnx,median_latency,True,1,2,train
31,Float8WeightOnlyConfig,float8,8,False,True,onnx_relative_median_latency,,onnx,median_latency,True,1,2,train
32,Int8WeightOnlyConfig,int8,8,False,True,onnx_relative_p95_latency,1.0795450345548838,onnx,p95_latency,True,1,2,train
33,Float8WeightOnlyConfig,float8,8,False,True,onnx_relative_p95_latency,,onnx,p95_latency,True,1,2,train
34,Int8WeightOnlyConfig,int8,8,False,True,onnx_relative_p99_latency,1.001302531668745,onnx,p99_latency,True,1,2,train
35,Float8WeightOnlyConfig,float8,8,False,True,onnx_relative_p99_latency,,onnx,p99_latency,True,1,2,train
36,Int8WeightOnlyConfig,int8,8,False,True,pt2_quantized_model_size,352993.0,pt2,model_size,False,1,2,train
37,Float8WeightOnlyConfig,float8,8,False,True,pt2_quantized_model_size,332577.0,pt2,model_size,False,1,2,train
38,Int8WeightOnlyConfig,int8,8,False,True,pt2_quantized_median_latency,0.0011107424998044735,pt2,median_latency,False,1,2,train
39,Float8WeightOnlyConfig,float8,8,False,True,pt2_quantized_median_latency,0.0009888764998322586,pt2,median_latency,False,1,2,train
40,Int8WeightOnlyConfig,int8,8,False,True,pt2_quantized_p95_latency,0.0011960087993429624,pt2,p95_latency,False,1,2,train
41,Float8WeightOnlyConfig,float8,8,False,True,pt2_quantized_p95_latency,0.0010482805500032556,pt2,p95_latency,False,1,2,train
42,Int8WeightOnlyConfig,int8,8,False,True,pt2_quantized_p99_latency,0.0013089716798458564,pt2,p99_latency,False,1,2,train
43,Float8WeightOnlyConfig,float8,8,False,True,pt2_quantized_p99_latency,0.0012584506895200328,pt2,p99_latency,False,1,2,train
44,Int8WeightOnlyConfig,int8,8,False,True,pt2_relative_model_size,0.3967564238161981,pt2,model_size,True,1,2,train
45,Float8WeightOnlyConfig,float8,8,False,True,pt2_relative_model_size,0.3738092856331987,pt2,model_size,True,1,2,train
46,Int8WeightOnlyConfig,int8,8,False,True,pt2_relative_median_latency,1.8588121598897547,pt2,median_latency,True,1,2,train
47,Float8WeightOnlyConfig,float8,8,False,True,pt2_relative_median_latency,1.6548711000443328,pt2,median_latency,True,1,2,train
48,Int8WeightOnlyConfig,int8,8,False,True,pt2_relative_p95_latency,1.7349366949602265,pt2,p95_latency,True,1,2,train
49,Float8WeightOnlyConfig,float8,8,False,True,pt2_relative_p95_latency,1.5206413145228157,pt2,p95_latency,True,1,2,train
50,Int8WeightOnlyConfig,int8,8,False,True,pt2_relative_p99_latency,1.674270517593925,pt2,p99_latency,True,1,2,train
51,Float8WeightOnlyConfig,float8,8,False,True,pt2_relative_p99_latency,1.6096504758279067,pt2,p99_latency,True,1,2,train
0,Int8WeightOnlyConfig,int8,8,False,True,pytorch_quantized_MAE,7.618971701735948,pytorch,MAE,False,1,2,test
1,Float8WeightOnlyConfig,float8,8,False,True,pytorch_quantized_MAE,7.608603045947127,pytorch,MAE,False,1,2,test
2,Int8WeightOnlyConfig,int8,8,False,True,pytorch_relative_MAE,1.0012656559961006,pytorch,MAE,True,1,2,test
3,Float8WeightOnlyConfig,float8,8,False,True,pytorch_relative_MAE,0.9999030339328339,pytorch,MAE,True,1,2,test
4,Int8WeightOnlyConfig,int8,8,False,True,pytorch_quantized_model_size,206337.0,pytorch,model_size,False,1,2,test
5,Float8WeightOnlyConfig,float8,8,False,True,pytorch_quantized_model_size,206337.0,pytorch,model_size,False,1,2,test
6,Int8WeightOnlyConfig,int8,8,False,True,pytorch_quantized_median_latency,0.0006959845004530507,pytorch,median_latency,False,1,2,test
7,Float8WeightOnlyConfig,float8,8,False,True,pytorch_quantized_median_latency,0.0008670880001773185,pytorch,median_latency,False,1,2,test
8,Int8WeightOnlyConfig,int8,8,False,True,pytorch_quantized_p95_latency,0.0007823194002412492,pytorch,p95_latency,False,1,2,test
9,Float8WeightOnlyConfig,float8,8,False,True,pytorch_quantized_p95_latency,0.001995451499669798,pytorch,p95_latency,False,1,2,test
10,Int8WeightOnlyConfig,int8,8,False,True,pytorch_quantized_p99_latency,0.0009535557003800933,pytorch,p99_latency,False,1,2,test
11,Float8WeightOnlyConfig,float8,8,False,True,pytorch_quantized_p99_latency,0.002293023799593369,pytorch,p99_latency,False,1,2,test
12,Int8WeightOnlyConfig,int8,8,False,True,pytorch_relative_model_size,0.25,pytorch,model_size,True,1,2,test
13,Float8WeightOnlyConfig,float8,8,False,True,pytorch_relative_model_size,0.25,pytorch,model_size,True,1,2,test
14,Int8WeightOnlyConfig,int8,8,False,True,pytorch_relative_median_latency,2.127553659260239,pytorch,median_latency,True,1,2,test
15,Float8WeightOnlyConfig,float8,8,False,True,pytorch_relative_median_latency,2.650599613176789,pytorch,median_latency,True,1,2,test
16,Int8WeightOnlyConfig,int8,8,False,True,pytorch_relative_p95_latency,2.137089395654364,pytorch,p95_latency,True,1,2,test
17,Float8WeightOnlyConfig,float8,8,False,True,pytorch_relative_p95_latency,5.4510449800578415,pytorch,p95_latency,True,1,2,test
18,Int8WeightOnlyConfig,int8,8,False,True,pytorch_relative_p99_latency,2.3698168052800423,pytorch,p99_latency,True,1,2,test
19,Float8WeightOnlyConfig,float8,8,False,True,pytorch_relative_p99_latency,5.698719364812582,pytorch,p99_latency,True,1,2,test
20,Int8WeightOnlyConfig,int8,8,False,True,onnx_quantized_model_size,47122.0,onnx,model_size,False,1,2,test
21,Float8WeightOnlyConfig,float8,8,False,True,onnx_quantized_model_size,,onnx,model_size,False,1,2,test
22,Int8WeightOnlyConfig,int8,8,False,True,onnx_quantized_median_latency,0.0005201990002206003,onnx,median_latency,False,1,2,test
23,Float8WeightOnlyConfig,float8,8,False,True,onnx_quantized_median_latency,,onnx,median_latency,False,1,2,test
24,Int8WeightOnlyConfig,int8,8,False,True,onnx_quantized_p95_latency,0.0005498793999777263,onnx,p95_latency,False,1,2,test
25,Float8WeightOnlyConfig,float8,8,False,True,onnx_quantized_p95_latency,,onnx,p95_latency,False,1,2,test
26,Int8WeightOnlyConfig,int8,8,False,True,onnx_quantized_p99_latency,0.0006090802897415422,onnx,p99_latency,False,1,2,test
27,Float8WeightOnlyConfig,float8,8,False,True,onnx_quantized_p99_latency,,onnx,p99_latency,False,1,2,test
28,Int8WeightOnlyConfig,int8,8,False,True,onnx_relative_model_size,1.67574679943101,onnx,model_size,True,1,2,test
29,Float8WeightOnlyConfig,float8,8,False,True,onnx_relative_model_size,,onnx,model_size,True,1,2,test
30,Int8WeightOnlyConfig,int8,8,False,True,onnx_relative_median_latency,1.6988225456100625,onnx,median_latency,True,1,2,test
31,Float8WeightOnlyConfig,float8,8,False,True,onnx_relative_median_latency,,onnx,median_latency,True,1,2,test
32,Int8WeightOnlyConfig,int8,8,False,True,onnx_relative_p95_latency,1.6093064061201354,onnx,p95_latency,True,1,2,test
33,Float8WeightOnlyConfig,float8,8,False,True,onnx_relative_p95_latency,,onnx,p95_latency,True,1,2,test
34,Int8WeightOnlyConfig,int8,8,False,True,onnx_relative_p99_latency,1.7044792133524722,onnx,p99_latency,True,1,2,test
35,Float8WeightOnlyConfig,float8,8,False,True,onnx_relative_p99_latency,,onnx,p99_latency,True,1,2,test
36,Int8WeightOnlyConfig,int8,8,False,True,pt2_quantized_model_size,352993.0,pt2,model_size,False,1,2,test
37,Float8WeightOnlyConfig,float8,8,False,True,pt2_quantized_model_size,332577.0,pt2,model_size,False,1,2,test
38,Int8WeightOnlyConfig,int8,8,False,True,pt2_quantized_median_latency,0.0011221155000384897,pt2,median_latency,False,1,2,test
39,Float8WeightOnlyConfig,float8,8,False,True,pt2_quantized_median_latency,0.0010353590000704571,pt2,median_latency,False,1,2,test
40,Int8WeightOnlyConfig,int8,8,False,True,pt2_quantized_p95_latency,0.001247568149710787,pt2,p95_latency,False,1,2,test
41,Float8WeightOnlyConfig,float8,8,False,True,pt2_quantized_p95_latency,0.0012619165501291717,pt2,p95_latency,False,1,2,test
42,Int8WeightOnlyConfig,int8,8,False,True,pt2_quantized_p99_latency,0.0012841416005085194,pt2,p99_latency,False,1,2,test
43,Float8WeightOnlyConfig,float8,8,False,True,pt2_quantized_p99_latency,0.0013648550897141832,pt2,p99_latency,False,1,2,test
44,Int8WeightOnlyConfig,int8,8,False,True,pt2_relative_model_size,0.3967564238161981,pt2,model_size,True,1,2,test
45,Float8WeightOnlyConfig,float8,8,False,True,pt2_relative_model_size,0.3738092856331987,pt2,model_size,True,1,2,test
46,Int8WeightOnlyConfig,int8,8,False,True,pt2_relative_median_latency,1.840094684069734,pt2,median_latency,True,1,2,test
47,Float8WeightOnlyConfig,float8,8,False,True,pt2_relative_median_latency,1.6978275338573032,pt2,median_latency,True,1,2,test
48,Int8WeightOnlyConfig,int8,8,False,True,pt2_relative_p95_latency,1.7784105324821013,pt2,p95_latency,True,1,2,test
49,Float8WeightOnlyConfig,float8,8,False,True,pt2_relative_p95_latency,1.7988642018341454,pt2,p95_latency,True,1,2,test
50,Int8WeightOnlyConfig,int8,8,False,True,pt2_relative_p99_latency,1.4676125247460594,pt2,p99_latency,True,1,2,test
51,Float8WeightOnlyConfig,float8,8,False,True,pt2_relative_p99_latency,1.5598579030028494,pt2,p99_latency,True,1,2,test
0,Int8WeightOnlyConfig,int8,8,False,True,pytorch_quantized_MAE,7.244404452880443,pytorch,MAE,False,1,3,train
1,Float8WeightOnlyConfig,float8,8,False,True,pytorch_quantized_MAE,7.232579965060522,pytorch,MAE,False,1,3,train
2,Int8WeightOnlyConfig,int8,8,False,True,pytorch_relative_MAE,1.0012693500657484,pytorch,MAE,True,1,3,train
3,Float8WeightOnlyConfig,float8,8,False,True,pytorch_relative_MAE,0.9996350546158849,pytorch,MAE,True,1,3,train
4,Int8WeightOnlyConfig,int8,8,False,True,pytorch_quantized_model_size,206337.0,pytorch,model_size,False,1,3,train
5,Float8WeightOnlyConfig,float8,8,False,True,pytorch_quantized_model_size,206337.0,pytorch,model_size,False,1,3,train
6,Int8WeightOnlyConfig,int8,8,False,True,pytorch_quantized_median_latency,0.0007196325000222714,pytorch,median_latency,False,1,3,train
7,Float8WeightOnlyConfig,float8,8,False,True,pytorch_quantized_median_latency,0.0007923275002212904,pytorch,median_latency,False,1,3,train
8,Int8WeightOnlyConfig,int8,8,False,True,pytorch_quantized_p95_latency,0.0007931934006592201,pytorch,p95_latency,False,1,3,train
9,Float8WeightOnlyConfig,float8,8,False,True,pytorch_quantized_p95_latency,0.0008885787999133753,pytorch,p95_latency,False,1,3,train
10,Int8WeightOnlyConfig,int8,8,False,True,pytorch_quantized_p99_latency,0.0008485597899289133,pytorch,p99_latency,False,1,3,train
11,Float8WeightOnlyConfig,float8,8,False,True,pytorch_quantized_p99_latency,0.0009630389501398901,pytorch,p99_latency,False,1,3,train
12,Int8WeightOnlyConfig,int8,8,False,True,pytorch_relative_model_size,0.25,pytorch,model_size,True,1,3,train
13,Float8WeightOnlyConfig,float8,8,False,True,pytorch_relative_model_size,0.25,pytorch,model_size,True,1,3,train
14,Int8WeightOnlyConfig,int8,8,False,True,pytorch_relative_median_latency,2.2131710940577034,pytorch,median_latency,True,1,3,train
15,Float8WeightOnlyConfig,float8,8,False,True,pytorch_relative_median_latency,2.4367386415461905,pytorch,median_latency,True,1,3,train
16,Int8WeightOnlyConfig,int8,8,False,True,pytorch_relative_p95_latency,2.3144828218816915,pytorch,p95_latency,True,1,3,train
17,Float8WeightOnlyConfig,float8,8,False,True,pytorch_relative_p95_latency,2.59281074020349,pytorch,p95_latency,True,1,3,train
18,Int8WeightOnlyConfig,int8,8,False,True,pytorch_relative_p99_latency,2.33923977658175,pytorch,p99_latency,True,1,3,train
19,Float8WeightOnlyConfig,float8,8,False,True,pytorch_relative_p99_latency,2.654826501681729,pytorch,p99_latency,True,1,3,train
20,Int8WeightOnlyConfig,int8,8,False,True,onnx_quantized_model_size,47122.0,onnx,model_size,False,1,3,train
21,Float8WeightOnlyConfig,float8,8,False,True,onnx_quantized_model_size,,onnx,model_size,False,1,3,train
22,Int8WeightOnlyConfig,int8,8,False,True,onnx_quantized_median_latency,0.0003306944995529193,onnx,median_latency,False,1,3,train
23,Float8WeightOnlyConfig,float8,8,False,True,onnx_quantized_median_latency,,onnx,median_latency,False,1,3,train
24,Int8WeightOnlyConfig,int8,8,False,True,onnx_quantized_p95_latency,0.00036496225002338175,onnx,p95_latency,False,1,3,train
25,Float8WeightOnlyConfig,float8,8,False,True,onnx_quantized_p95_latency,,onnx,p95_latency,False,1,3,train
26,Int8WeightOnlyConfig,int8,8,False,True,onnx_quantized_p99_latency,0.0004357918696769053,onnx,p99_latency,False,1,3,train
27,Float8WeightOnlyConfig,float8,8,False,True,onnx_quantized_p99_latency,,onnx,p99_latency,False,1,3,train
28,Int8WeightOnlyConfig,int8,8,False,True,onnx_relative_model_size,1.67574679943101,onnx,model_size,True,1,3,train
29,Float8WeightOnlyConfig,float8,8,False,True,onnx_relative_model_size,,onnx,model_size,True,1,3,train
30,Int8WeightOnlyConfig,int8,8,False,True,onnx_relative_median_latency,1.0192825444052176,onnx,median_latency,True,1,3,train
31,Float8WeightOnlyConfig,float8,8,False,True,onnx_relative_median_latency,,onnx,median_latency,True,1,3,train
32,Int8WeightOnlyConfig,int8,8,False,True,onnx_relative_p95_latency,0.9154399657100409,onnx,p95_latency,True,1,3,train
33,Float8WeightOnlyConfig,float8,8,False,True,onnx_relative_p95_latency,,onnx,p95_latency,True,1,3,train
34,Int8WeightOnlyConfig,int8,8,False,True,onnx_relative_p99_latency,1.019089242574301,onnx,p99_latency,True,1,3,train
35,Float8WeightOnlyConfig,float8,8,False,True,onnx_relative_p99_latency,,onnx,p99_latency,True,1,3,train
36,Int8WeightOnlyConfig,int8,8,False,True,pt2_quantized_model_size,352993.0,pt2,model_size,False,1,3,train
37,Float8WeightOnlyConfig,float8,8,False,True,pt2_quantized_model_size,332577.0,pt2,model_size,False,1,3,train
38,Int8WeightOnlyConfig,int8,8,False,True,pt2_quantized_median_latency,0.0011189179999746557,pt2,median_latency,False,1,3,train
39,Float8WeightOnlyConfig,float8,8,False,True,pt2_quantized_median_latency,0.0009927915002663212,pt2,median_latency,False,1,3,train
40,Int8WeightOnlyConfig,int8,8,False,True,pt2_quantized_p95_latency,0.0012445833000583662,pt2,p95_latency,False,1,3,train
41,Float8WeightOnlyConfig,float8,8,False,True,pt2_quantized_p95_latency,0.0010527044499212934,pt2,p95_latency,False,1,3,train
42,Int8WeightOnlyConfig,int8,8,False,True,pt2_quantized_p99_latency,0.0012998845496076687,pt2,p99_latency,False,1,3,train
43,Float8WeightOnlyConfig,float8,8,False,True,pt2_quantized_p99_latency,0.0011138357202162305,pt2,p99_latency,False,1,3,train
44,Int8WeightOnlyConfig,int8,8,False,True,pt2_relative_model_size,0.3967564238161981,pt2,model_size,True,1,3,train
45,Float8WeightOnlyConfig,float8,8,False,True,pt2_relative_model_size,0.3738092856331987,pt2,model_size,True,1,3,train
46,Int8WeightOnlyConfig,int8,8,False,True,pt2_relative_median_latency,1.7506960670319272,pt2,median_latency,True,1,3,train
47,Float8WeightOnlyConfig,float8,8,False,True,pt2_relative_median_latency,1.55335437890743,pt2,median_latency,True,1,3,train
48,Int8WeightOnlyConfig,int8,8,False,True,pt2_relative_p95_latency,1.2716217287878293,pt2,p95_latency,True,1,3,train
49,Float8WeightOnlyConfig,float8,8,False,True,pt2_relative_p95_latency,1.0755743327495868,pt2,p95_latency,True,1,3,train
50,Int8WeightOnlyConfig,int8,8,False,True,pt2_relative_p99_latency,1.162874916815622,pt2,p99_latency,True,1,3,train
51,Float8WeightOnlyConfig,float8,8,False,True,pt2_relative_p99_latency,0.996435891851819,pt2,p99_latency,True,1,3,train
0,Int8WeightOnlyConfig,int8,8,False,True,pytorch_quantized_MAE,7.190791136345993,pytorch,MAE,False,1,3,test
1,Float8WeightOnlyConfig,float8,8,False,True,pytorch_quantized_MAE,7.17997003521206,pytorch,MAE,False,1,3,test
2,Int8WeightOnlyConfig,int8,8,False,True,pytorch_relative_MAE,1.0013989350609902,pytorch,MAE,True,1,3,test
3,Float8WeightOnlyConfig,float8,8,False,True,pytorch_relative_MAE,0.9998919744295047,pytorch,MAE,True,1,3,test
4,Int8WeightOnlyConfig,int8,8,False,True,pytorch_quantized_model_size,206337.0,pytorch,model_size,False,1,3,test
5,Float8WeightOnlyConfig,float8,8,False,True,pytorch_quantized_model_size,206337.0,pytorch,model_size,False,1,3,test
6,Int8WeightOnlyConfig,int8,8,False,True,pytorch_quantized_median_latency,0.0007806149997122702,pytorch,median_latency,False,1,3,test
7,Float8WeightOnlyConfig,float8,8,False,True,pytorch_quantized_median_latency,0.0008951715003604477,pytorch,median_latency,False,1,3,test
8,Int8WeightOnlyConfig,int8,8,False,True,pytorch_quantized_p95_latency,0.0008950690502842917,pytorch,p95_latency,False,1,3,test
9,Float8WeightOnlyConfig,float8,8,False,True,pytorch_quantized_p95_latency,0.0010722955995788649,pytorch,p95_latency,False,1,3,test
10,Int8WeightOnlyConfig,int8,8,False,True,pytorch_quantized_p99_latency,0.0009665329607651083,pytorch,p99_latency,False,1,3,test
11,Float8WeightOnlyConfig,float8,8,False,True,pytorch_quantized_p99_latency,0.0013130594196081806,pytorch,p99_latency,False,1,3,test
12,Int8WeightOnlyConfig,int8,8,False,True,pytorch_relative_model_size,0.25,pytorch,model_size,True,1,3,test
13,Float8WeightOnlyConfig,float8,8,False,True,pytorch_relative_model_size,0.25,pytorch,model_size,True,1,3,test
14,Int8WeightOnlyConfig,int8,8,False,True,pytorch_relative_median_latency,2.395766514041151,pytorch,median_latency,True,1,3,test
15,Float8WeightOnlyConfig,float8,8,False,True,pytorch_relative_median_latency,2.7473490846038455,pytorch,median_latency,True,1,3,test
16,Int8WeightOnlyConfig,int8,8,False,True,pytorch_relative_p95_latency,2.655524363933406,pytorch,p95_latency,True,1,3,test
17,Float8WeightOnlyConfig,float8,8,False,True,pytorch_relative_p95_latency,3.1813267245871484,pytorch,p95_latency,True,1,3,test
18,Int8WeightOnlyConfig,int8,8,False,True,pytorch_relative_p99_latency,2.3922148068566518,pytorch,p99_latency,True,1,3,test
19,Float8WeightOnlyConfig,float8,8,False,True,pytorch_relative_p99_latency,3.249884187480557,pytorch,p99_latency,True,1,3,test
20,Int8WeightOnlyConfig,int8,8,False,True,onnx_quantized_model_size,47122.0,onnx,model_size,False,1,3,test
21,Float8WeightOnlyConfig,float8,8,False,True,onnx_quantized_model_size,,onnx,model_size,False,1,3,test
22,Int8WeightOnlyConfig,int8,8,False,True,onnx_quantized_median_latency,0.000336147999860259,onnx,median_latency,False,1,3,test
23,Float8WeightOnlyConfig,float8,8,False,True,onnx_quantized_median_latency,,onnx,median_latency,False,1,3,test
24,Int8WeightOnlyConfig,int8,8,False,True,onnx_quantized_p95_latency,0.0003859826998450444,onnx,p95_latency,False,1,3,test
25,Float8WeightOnlyConfig,float8,8,False,True,onnx_quantized_p95_latency,,onnx,p95_latency,False,1,3,test
26,Int8WeightOnlyConfig,int8,8,False,True,onnx_quantized_p99_latency,0.00042977425960998516,onnx,p99_latency,False,1,3,test
27,Float8WeightOnlyConfig,float8,8,False,True,onnx_quantized_p99_latency,,onnx,p99_latency,False,1,3,test
28,Int8WeightOnlyConfig,int8,8,False,True,onnx_relative_model_size,1.67574679943101,onnx,model_size,True,1,3,test
29,Float8WeightOnlyConfig,float8,8,False,True,onnx_relative_model_size,,onnx,model_size,True,1,3,test
30,Int8WeightOnlyConfig,int8,8,False,True,onnx_relative_median_latency,0.6060007320896281,onnx,median_latency,True,1,3,test
31,Float8WeightOnlyConfig,float8,8,False,True,onnx_relative_median_latency,,onnx,median_latency,True,1,3,test
32,Int8WeightOnlyConfig,int8,8,False,True,onnx_relative_p95_latency,0.6060936340501226,onnx,p95_latency,True,1,3,test
33,Float8WeightOnlyConfig,float8,8,False,True,onnx_relative_p95_latency,,onnx,p95_latency,True,1,3,test
34,Int8WeightOnlyConfig,int8,8,False,True,onnx_relative_p99_latency,0.6356412453899456,onnx,p99_latency,True,1,3,test
35,Float8WeightOnlyConfig,float8,8,False,True,onnx_relative_p99_latency,,onnx,p99_latency,True,1,3,test
36,Int8WeightOnlyConfig,int8,8,False,True,pt2_quantized_model_size,352993.0,pt2,model_size,False,1,3,test
37,Float8WeightOnlyConfig,float8,8,False,True,pt2_quantized_model_size,332577.0,pt2,model_size,False,1,3,test
38,Int8WeightOnlyConfig,int8,8,False,True,pt2_quantized_median_latency,0.0011476889999357809,pt2,median_latency,False,1,3,test
39,Float8WeightOnlyConfig,float8,8,False,True,pt2_quantized_median_latency,0.001001741499749187,pt2,median_latency,False,1,3,test
40,Int8WeightOnlyConfig,int8,8,False,True,pt2_quantized_p95_latency,0.0012343684007646515,pt2,p95_latency,False,1,3,test
41,Float8WeightOnlyConfig,float8,8,False,True,pt2_quantized_p95_latency,0.0010764954002297597,pt2,p95_latency,False,1,3,test
42,Int8WeightOnlyConfig,int8,8,False,True,pt2_quantized_p99_latency,0.0012954760397769862,pt2,p99_latency,False,1,3,test
43,Float8WeightOnlyConfig,float8,8,False,True,pt2_quantized_p99_latency,0.0012506403504812626,pt2,p99_latency,False,1,3,test
44,Int8WeightOnlyConfig,int8,8,False,True,pt2_relative_model_size,0.3967564238161981,pt2,model_size,True,1,3,test
45,Float8WeightOnlyConfig,float8,8,False,True,pt2_relative_model_size,0.3738092856331987,pt2,model_size,True,1,3,test
46,Int8WeightOnlyConfig,int8,8,False,True,pt2_relative_median_latency,1.7335552719557938,pt2,median_latency,True,1,3,test
47,Float8WeightOnlyConfig,float8,8,False,True,pt2_relative_median_latency,1.5131052559746385,pt2,median_latency,True,1,3,test
48,Int8WeightOnlyConfig,int8,8,False,True,pt2_relative_p95_latency,1.5353553113844207,pt2,p95_latency,True,1,3,test
49,Float8WeightOnlyConfig,float8,8,False,True,pt2_relative_p95_latency,1.3389867477163229,pt2,p95_latency,True,1,3,test
50,Int8WeightOnlyConfig,int8,8,False,True,pt2_relative_p99_latency,1.5638744057917648,pt2,p99_latency,True,1,3,test
51,Float8WeightOnlyConfig,float8,8,False,True,pt2_relative_p99_latency,1.5097496016250398,pt2,p99_latency,True,1,3,test
0,Int8WeightOnlyConfig,int8,8,False,True,pytorch_quantized_MAE,7.254739164065715,pytorch,MAE,False,2,1,train
1,Float8WeightOnlyConfig,float8,8,False,True,pytorch_quantized_MAE,7.243682149113763,pytorch,MAE,False,2,1,train
2,Int8WeightOnlyConfig,int8,8,False,True,pytorch_relative_MAE,1.0012054829022152,pytorch,MAE,True,2,1,train
3,Float8WeightOnlyConfig,float8,8,False,True,pytorch_relative_MAE,0.9996795363803527,pytorch,MAE,True,2,1,train
4,Int8WeightOnlyConfig,int8,8,False,True,pytorch_quantized_model_size,206337.0,pytorch,model_size,False,2,1,train
5,Float8WeightOnlyConfig,float8,8,False,True,pytorch_quantized_model_size,206337.0,pytorch,model_size,False,2,1,train
6,Int8WeightOnlyConfig,int8,8,False,True,pytorch_quantized_median_latency,0.0008512690001225565,pytorch,median_latency,False,2,1,train
7,Float8WeightOnlyConfig,float8,8,False,True,pytorch_quantized_median_latency,0.0008445744997516158,pytorch,median_latency,False,2,1,train
8,Int8WeightOnlyConfig,int8,8,False,True,pytorch_quantized_p95_latency,0.0009749956500400003,pytorch,p95_latency,False,2,1,train
9,Float8WeightOnlyConfig,float8,8,False,True,pytorch_quantized_p95_latency,0.0013016129998959511,pytorch,p95_latency,False,2,1,train
10,Int8WeightOnlyConfig,int8,8,False,True,pytorch_quantized_p99_latency,0.0010728830995412864,pytorch,p99_latency,False,2,1,train
11,Float8WeightOnlyConfig,float8,8,False,True,pytorch_quantized_p99_latency,0.0014346470904001765,pytorch,p99_latency,False,2,1,train
12,Int8WeightOnlyConfig,int8,8,False,True,pytorch_relative_model_size,0.25,pytorch,model_size,True,2,1,train
13,Float8WeightOnlyConfig,float8,8,False,True,pytorch_relative_model_size,0.25,pytorch,model_size,True,2,1,train
14,Int8WeightOnlyConfig,int8,8,False,True,pytorch_relative_median_latency,2.254593175151241,pytorch,median_latency,True,2,1,train
15,Float8WeightOnlyConfig,float8,8,False,True,pytorch_relative_median_latency,2.2368627340742164,pytorch,median_latency,True,2,1,train
16,Int8WeightOnlyConfig,int8,8,False,True,pytorch_relative_p95_latency,1.700659780461091,pytorch,p95_latency,True,2,1,train
17,Float8WeightOnlyConfig,float8,8,False,True,pytorch_relative_p95_latency,2.2703700047867237,pytorch,p95_latency,True,2,1,train
18,Int8WeightOnlyConfig,int8,8,False,True,pytorch_relative_p99_latency,1.2901063561085642,pytorch,p99_latency,True,2,1,train
19,Float8WeightOnlyConfig,float8,8,False,True,pytorch_relative_p99_latency,1.7251155609490536,pytorch,p99_latency,True,2,1,train
20,Int8WeightOnlyConfig,int8,8,False,True,onnx_quantized_model_size,47122.0,onnx,model_size,False,2,1,train
21,Float8WeightOnlyConfig,float8,8,False,True,onnx_quantized_model_size,,onnx,model_size,False,2,1,train
22,Int8WeightOnlyConfig,int8,8,False,True,onnx_quantized_median_latency,0.00042119699992326787,onnx,median_latency,False,2,1,train
23,Float8WeightOnlyConfig,float8,8,False,True,onnx_quantized_median_latency,,onnx,median_latency,False,2,1,train
24,Int8WeightOnlyConfig,int8,8,False,True,onnx_quantized_p95_latency,0.0005649933503718785,onnx,p95_latency,False,2,1,train
25,Float8WeightOnlyConfig,float8,8,False,True,onnx_quantized_p95_latency,,onnx,p95_latency,False,2,1,train
26,Int8WeightOnlyConfig,int8,8,False,True,onnx_quantized_p99_latency,0.0006423141892992138,onnx,p99_latency,False,2,1,train
27,Float8WeightOnlyConfig,float8,8,False,True,onnx_quantized_p99_latency,,onnx,p99_latency,False,2,1,train
28,Int8WeightOnlyConfig,int8,8,False,True,onnx_relative_model_size,1.67574679943101,onnx,model_size,True,2,1,train
29,Float8WeightOnlyConfig,float8,8,False,True,onnx_relative_model_size,,onnx,model_size,True,2,1,train
30,Int8WeightOnlyConfig,int8,8,False,True,onnx_relative_median_latency,1.0319548114534152,onnx,median_latency,True,2,1,train
31,Float8WeightOnlyConfig,float8,8,False,True,onnx_relative_median_latency,,onnx,median_latency,True,2,1,train
32,Int8WeightOnlyConfig,int8,8,False,True,onnx_relative_p95_latency,0.8764609827736979,onnx,p95_latency,True,2,1,train
33,Float8WeightOnlyConfig,float8,8,False,True,onnx_relative_p95_latency,,onnx,p95_latency,True,2,1,train
34,Int8WeightOnlyConfig,int8,8,False,True,onnx_relative_p99_latency,0.7643976700644115,onnx,p99_latency,True,2,1,train
35,Float8WeightOnlyConfig,float8,8,False,True,onnx_relative_p99_latency,,onnx,p99_latency,True,2,1,train
36,Int8WeightOnlyConfig,int8,8,False,True,pt2_quantized_model_size,352993.0,pt2,model_size,False,2,1,train
37,Float8WeightOnlyConfig,float8,8,False,True,pt2_quantized_model_size,332577.0,pt2,model_size,False,2,1,train
38,Int8WeightOnlyConfig,int8,8,False,True,pt2_quantized_median_latency,0.001690333499936969,pt2,median_latency,False,2,1,train
39,Float8WeightOnlyConfig,float8,8,False,True,pt2_quantized_median_latency,0.0010408165007902426,pt2,median_latency,False,2,1,train
40,Int8WeightOnlyConfig,int8,8,False,True,pt2_quantized_p95_latency,0.002281050199371748,pt2,p95_latency,False,2,1,train
41,Float8WeightOnlyConfig,float8,8,False,True,pt2_quantized_p95_latency,0.0011663881995900738,pt2,p95_latency,False,2,1,train
42,Int8WeightOnlyConfig,int8,8,False,True,pt2_quantized_p99_latency,0.002568674230178661,pt2,p99_latency,False,2,1,train
43,Float8WeightOnlyConfig,float8,8,False,True,pt2_quantized_p99_latency,0.0012865229302133237,pt2,p99_latency,False,2,1,train
44,Int8WeightOnlyConfig,int8,8,False,True,pt2_relative_model_size,0.3967564238161981,pt2,model_size,True,2,1,train
45,Float8WeightOnlyConfig,float8,8,False,True,pt2_relative_model_size,0.3738092856331987,pt2,model_size,True,2,1,train
46,Int8WeightOnlyConfig,int8,8,False,True,pt2_relative_median_latency,1.8030041293168202,pt2,median_latency,True,2,1,train
47,Float8WeightOnlyConfig,float8,8,False,True,pt2_relative_median_latency,1.1101930174464787,pt2,median_latency,True,2,1,train
48,Int8WeightOnlyConfig,int8,8,False,True,pt2_relative_p95_latency,2.007314346987864,pt2,p95_latency,True,2,1,train
49,Float8WeightOnlyConfig,float8,8,False,True,pt2_relative_p95_latency,1.0264165899721749,pt2,p95_latency,True,2,1,train
50,Int8WeightOnlyConfig,int8,8,False,True,pt2_relative_p99_latency,1.901087926876502,pt2,p99_latency,True,2,1,train
51,Float8WeightOnlyConfig,float8,8,False,True,pt2_relative_p99_latency,0.9521616955328026,pt2,p99_latency,True,2,1,train
0,Int8WeightOnlyConfig,int8,8,False,True,pytorch_quantized_MAE,7.245745338590663,pytorch,MAE,False,2,1,test
1,Float8WeightOnlyConfig,float8,8,False,True,pytorch_quantized_MAE,7.2401510976107755,pytorch,MAE,False,2,1,test
2,Int8WeightOnlyConfig,int8,8,False,True,pytorch_relative_MAE,1.0012891350575088,pytorch,MAE,True,2,1,test
3,Float8WeightOnlyConfig,float8,8,False,True,pytorch_relative_MAE,1.000516067215582,pytorch,MAE,True,2,1,test
4,Int8WeightOnlyConfig,int8,8,False,True,pytorch_quantized_model_size,206337.0,pytorch,model_size,False,2,1,test
5,Float8WeightOnlyConfig,float8,8,False,True,pytorch_quantized_model_size,206337.0,pytorch,model_size,False,2,1,test
6,Int8WeightOnlyConfig,int8,8,False,True,pytorch_quantized_median_latency,0.0009039374999701977,pytorch,median_latency,False,2,1,test
7,Float8WeightOnlyConfig,float8,8,False,True,pytorch_quantized_median_latency,0.0009997984998335596,pytorch,median_latency,False,2,1,test
8,Int8WeightOnlyConfig,int8,8,False,True,pytorch_quantized_p95_latency,0.0011090122494351816,pytorch,p95_latency,False,2,1,test
9,Float8WeightOnlyConfig,float8,8,False,True,pytorch_quantized_p95_latency,0.0011438728497978445,pytorch,p95_latency,False,2,1,test
10,Int8WeightOnlyConfig,int8,8,False,True,pytorch_quantized_p99_latency,0.0012690857105280887,pytorch,p99_latency,False,2,1,test
11,Float8WeightOnlyConfig,float8,8,False,True,pytorch_quantized_p99_latency,0.0022588126698701674,pytorch,p99_latency,False,2,1,test
12,Int8WeightOnlyConfig,int8,8,False,True,pytorch_relative_model_size,0.25,pytorch,model_size,True,2,1,test
13,Float8WeightOnlyConfig,float8,8,False,True,pytorch_relative_model_size,0.25,pytorch,model_size,True,2,1,test
14,Int8WeightOnlyConfig,int8,8,False,True,pytorch_relative_median_latency,2.5798039310445824,pytorch,median_latency,True,2,1,test
15,Float8WeightOnlyConfig,float8,8,False,True,pytorch_relative_median_latency,2.8533876514782612,pytorch,median_latency,True,2,1,test
16,Int8WeightOnlyConfig,int8,8,False,True,pytorch_relative_p95_latency,2.576428351773991,pytorch,p95_latency,True,2,1,test
17,Float8WeightOnlyConfig,float8,8,False,True,pytorch_relative_p95_latency,2.657415589904111,pytorch,p95_latency,True,2,1,test
18,Int8WeightOnlyConfig,int8,8,False,True,pytorch_relative_p99_latency,2.686473060903735,pytorch,p99_latency,True,2,1,test
19,Float8WeightOnlyConfig,float8,8,False,True,pytorch_relative_p99_latency,4.781583573822721,pytorch,p99_latency,True,2,1,test
20,Int8WeightOnlyConfig,int8,8,False,True,onnx_quantized_model_size,47122.0,onnx,model_size,False,2,1,test
21,Float8WeightOnlyConfig,float8,8,False,True,onnx_quantized_model_size,,onnx,model_size,False,2,1,test
22,Int8WeightOnlyConfig,int8,8,False,True,onnx_quantized_median_latency,0.0004140554997320578,onnx,median_latency,False,2,1,test
23,Float8WeightOnlyConfig,float8,8,False,True,onnx_quantized_median_latency,,onnx,median_latency,False,2,1,test
24,Int8WeightOnlyConfig,int8,8,False,True,onnx_quantized_p95_latency,0.0004957549503160408,onnx,p95_latency,False,2,1,test
25,Float8WeightOnlyConfig,float8,8,False,True,onnx_quantized_p95_latency,,onnx,p95_latency,False,2,1,test
26,Int8WeightOnlyConfig,int8,8,False,True,onnx_quantized_p99_latency,0.000516690490212568,onnx,p99_latency,False,2,1,test
27,Float8WeightOnlyConfig,float8,8,False,True,onnx_quantized_p99_latency,,onnx,p99_latency,False,2,1,test
28,Int8WeightOnlyConfig,int8,8,False,True,onnx_relative_model_size,1.67574679943101,onnx,model_size,True,2,1,test
29,Float8WeightOnlyConfig,float8,8,False,True,onnx_relative_model_size,,onnx,model_size,True,2,1,test
30,Int8WeightOnlyConfig,int8,8,False,True,onnx_relative_median_latency,0.9778536387263868,onnx,median_latency,True,2,1,test
31,Float8WeightOnlyConfig,float8,8,False,True,onnx_relative_median_latency,,onnx,median_latency,True,2,1,test
32,Int8WeightOnlyConfig,int8,8,False,True,onnx_relative_p95_latency,0.8720312429184814,onnx,p95_latency,True,2,1,test
33,Float8WeightOnlyConfig,float8,8,False,True,onnx_relative_p95_latency,,onnx,p95_latency,True,2,1,test
34,Int8WeightOnlyConfig,int8,8,False,True,onnx_relative_p99_latency,0.7215336372610406,onnx,p99_latency,True,2,1,test
35,Float8WeightOnlyConfig,float8,8,False,True,onnx_relative_p99_latency,,onnx,p99_latency,True,2,1,test
36,Int8WeightOnlyConfig,int8,8,False,True,pt2_quantized_model_size,352993.0,pt2,model_size,False,2,1,test
37,Float8WeightOnlyConfig,float8,8,False,True,pt2_quantized_model_size,332577.0,pt2,model_size,False,2,1,test
38,Int8WeightOnlyConfig,int8,8,False,True,pt2_quantized_median_latency,0.001804756999717938,pt2,median_latency,False,2,1,test
39,Float8WeightOnlyConfig,float8,8,False,True,pt2_quantized_median_latency,0.0012239930001669563,pt2,median_latency,False,2,1,test
40,Int8WeightOnlyConfig,int8,8,False,True,pt2_quantized_p95_latency,0.0027302059496378205,pt2,p95_latency,False,2,1,test
41,Float8WeightOnlyConfig,float8,8,False,True,pt2_quantized_p95_latency,0.0014813200999014952,pt2,p95_latency,False,2,1,test
42,Int8WeightOnlyConfig,int8,8,False,True,pt2_quantized_p99_latency,0.0027582548299869827,pt2,p99_latency,False,2,1,test
43,Float8WeightOnlyConfig,float8,8,False,True,pt2_quantized_p99_latency,0.002003621129542808,pt2,p99_latency,False,2,1,test
44,Int8WeightOnlyConfig,int8,8,False,True,pt2_relative_model_size,0.3967564238161981,pt2,model_size,True,2,1,test
45,Float8WeightOnlyConfig,float8,8,False,True,pt2_relative_model_size,0.3738092856331987,pt2,model_size,True,2,1,test
46,Int8WeightOnlyConfig,int8,8,False,True,pt2_relative_median_latency,2.5431523953973936,pt2,median_latency,True,2,1,test
47,Float8WeightOnlyConfig,float8,8,False,True,pt2_relative_median_latency,1.7247755408682337,pt2,median_latency,True,2,1,test
48,Int8WeightOnlyConfig,int8,8,False,True,pt2_relative_p95_latency,3.2373472392527973,pt2,p95_latency,True,2,1,test
49,Float8WeightOnlyConfig,float8,8,False,True,pt2_relative_p95_latency,1.7564783112797566,pt2,p95_latency,True,2,1,test
50,Int8WeightOnlyConfig,int8,8,False,True,pt2_relative_p99_latency,3.0374478318632385,pt2,p99_latency,True,2,1,test
51,Float8WeightOnlyConfig,float8,8,False,True,pt2_relative_p99_latency,2.2064294385134446,pt2,p99_latency,True,2,1,test
0,Int8WeightOnlyConfig,int8,8,False,True,pytorch_quantized_MAE,7.259209936338298,pytorch,MAE,False,2,2,train
1,Float8WeightOnlyConfig,float8,8,False,True,pytorch_quantized_MAE,7.247448762042989,pytorch,MAE,False,2,2,train
2,Int8WeightOnlyConfig,int8,8,False,True,pytorch_relative_MAE,1.001259318716053,pytorch,MAE,True,2,2,train
3,Float8WeightOnlyConfig,float8,8,False,True,pytorch_relative_MAE,0.9996371056287481,pytorch,MAE,True,2,2,train
4,Int8WeightOnlyConfig,int8,8,False,True,pytorch_quantized_model_size,206337.0,pytorch,model_size,False,2,2,train
5,Float8WeightOnlyConfig,float8,8,False,True,pytorch_quantized_model_size,206337.0,pytorch,model_size,False,2,2,train
6,Int8WeightOnlyConfig,int8,8,False,True,pytorch_quantized_median_latency,0.0006569404999936523,pytorch,median_latency,False,2,2,train
7,Float8WeightOnlyConfig,float8,8,False,True,pytorch_quantized_median_latency,0.0007665660004931851,pytorch,median_latency,False,2,2,train
8,Int8WeightOnlyConfig,int8,8,False,True,pytorch_quantized_p95_latency,0.0007712642502610834,pytorch,p95_latency,False,2,2,train
9,Float8WeightOnlyConfig,float8,8,False,True,pytorch_quantized_p95_latency,0.0008469288001379027,pytorch,p95_latency,False,2,2,train
10,Int8WeightOnlyConfig,int8,8,False,True,pytorch_quantized_p99_latency,0.0008342093404280605,pytorch,p99_latency,False,2,2,train
11,Float8WeightOnlyConfig,float8,8,False,True,pytorch_quantized_p99_latency,0.0009093807396675405,pytorch,p99_latency,False,2,2,train
12,Int8WeightOnlyConfig,int8,8,False,True,pytorch_relative_model_size,0.25,pytorch,model_size,True,2,2,train
13,Float8WeightOnlyConfig,float8,8,False,True,pytorch_relative_model_size,0.25,pytorch,model_size,True,2,2,train
14,Int8WeightOnlyConfig,int8,8,False,True,pytorch_relative_median_latency,2.0155042193868744,pytorch,median_latency,True,2,2,train
15,Float8WeightOnlyConfig,float8,8,False,True,pytorch_relative_median_latency,2.351837051372939,pytorch,median_latency,True,2,2,train
16,Int8WeightOnlyConfig,int8,8,False,True,pytorch_relative_p95_latency,2.274893657329425,pytorch,p95_latency,True,2,2,train
17,Float8WeightOnlyConfig,float8,8,False,True,pytorch_relative_p95_latency,2.4980711280097974,pytorch,p95_latency,True,2,2,train
18,Int8WeightOnlyConfig,int8,8,False,True,pytorch_relative_p99_latency,2.293566395035323,pytorch,p99_latency,True,2,2,train
19,Float8WeightOnlyConfig,float8,8,False,True,pytorch_relative_p99_latency,2.5002418502333983,pytorch,p99_latency,True,2,2,train
20,Int8WeightOnlyConfig,int8,8,False,True,onnx_quantized_model_size,47122.0,onnx,model_size,False,2,2,train
21,Float8WeightOnlyConfig,float8,8,False,True,onnx_quantized_model_size,,onnx,model_size,False,2,2,train
22,Int8WeightOnlyConfig,int8,8,False,True,onnx_quantized_median_latency,0.0003528004999679979,onnx,median_latency,False,2,2,train
23,Float8WeightOnlyConfig,float8,8,False,True,onnx_quantized_median_latency,,onnx,median_latency,False,2,2,train
24,Int8WeightOnlyConfig,int8,8,False,True,onnx_quantized_p95_latency,0.0004040220501337899,onnx,p95_latency,False,2,2,train
25,Float8WeightOnlyConfig,float8,8,False,True,onnx_quantized_p95_latency,,onnx,p95_latency,False,2,2,train
26,Int8WeightOnlyConfig,int8,8,False,True,onnx_quantized_p99_latency,0.00044522115990730526,onnx,p99_latency,False,2,2,train
27,Float8WeightOnlyConfig,float8,8,False,True,onnx_quantized_p99_latency,,onnx,p99_latency,False,2,2,train
28,Int8WeightOnlyConfig,int8,8,False,True,onnx_relative_model_size,1.67574679943101,onnx,model_size,True,2,2,train
29,Float8WeightOnlyConfig,float8,8,False,True,onnx_relative_model_size,,onnx,model_size,True,2,2,train
30,Int8WeightOnlyConfig,int8,8,False,True,onnx_relative_median_latency,1.1500001618681956,onnx,median_latency,True,2,2,train
31,Float8WeightOnlyConfig,float8,8,False,True,onnx_relative_median_latency,,onnx,median_latency,True,2,2,train
32,Int8WeightOnlyConfig,int8,8,False,True,onnx_relative_p95_latency,1.161075321439697,onnx,p95_latency,True,2,2,train
33,Float8WeightOnlyConfig,float8,8,False,True,onnx_relative_p95_latency,,onnx,p95_latency,True,2,2,train
34,Int8WeightOnlyConfig,int8,8,False,True,onnx_relative_p99_latency,1.003541486616151,onnx,p99_latency,True,2,2,train
35,Float8WeightOnlyConfig,float8,8,False,True,onnx_relative_p99_latency,,onnx,p99_latency,True,2,2,train
36,Int8WeightOnlyConfig,int8,8,False,True,pt2_quantized_model_size,352993.0,pt2,model_size,False,2,2,train
37,Float8WeightOnlyConfig,float8,8,False,True,pt2_quantized_model_size,332577.0,pt2,model_size,False,2,2,train
38,Int8WeightOnlyConfig,int8,8,False,True,pt2_quantized_median_latency,0.0010787500000333239,pt2,median_latency,False,2,2,train
39,Float8WeightOnlyConfig,float8,8,False,True,pt2_quantized_median_latency,0.000996391499938909,pt2,median_latency,False,2,2,train
40,Int8WeightOnlyConfig,int8,8,False,True,pt2_quantized_p95_latency,0.0011855732499498118,pt2,p95_latency,False,2,2,train
41,Float8WeightOnlyConfig,float8,8,False,True,pt2_quantized_p95_latency,0.0010675423503471392,pt2,p95_latency,False,2,2,train
42,Int8WeightOnlyConfig,int8,8,False,True,pt2_quantized_p99_latency,0.0012887991801471801,pt2,p99_latency,False,2,2,train
43,Float8WeightOnlyConfig,float8,8,False,True,pt2_quantized_p99_latency,0.001198181900663258,pt2,p99_latency,False,2,2,train
44,Int8WeightOnlyConfig,int8,8,False,True,pt2_relative_model_size,0.3967564238161981,pt2,model_size,True,2,2,train
45,Float8WeightOnlyConfig,float8,8,False,True,pt2_relative_model_size,0.3738092856331987,pt2,model_size,True,2,2,train
46,Int8WeightOnlyConfig,int8,8,False,True,pt2_relative_median_latency,1.7256962778576137,pt2,median_latency,True,2,2,train
47,Float8WeightOnlyConfig,float8,8,False,True,pt2_relative_median_latency,1.5939458657524204,pt2,median_latency,True,2,2,train
48,Int8WeightOnlyConfig,int8,8,False,True,pt2_relative_p95_latency,1.6084611752270868,pt2,p95_latency,True,2,2,train
49,Float8WeightOnlyConfig,float8,8,False,True,pt2_relative_p95_latency,1.4483292563464425,pt2,p95_latency,True,2,2,train
50,Int8WeightOnlyConfig,int8,8,False,True,pt2_relative_p99_latency,1.5331983948497538,pt2,p99_latency,True,2,2,train
51,Float8WeightOnlyConfig,float8,8,False,True,pt2_relative_p99_latency,1.4253970635092614,pt2,p99_latency,True,2,2,train
0,Int8WeightOnlyConfig,int8,8,False,True,pytorch_quantized_MAE,7.393629352214307,pytorch,MAE,False,2,2,test
1,Float8WeightOnlyConfig,float8,8,False,True,pytorch_quantized_MAE,7.377794931435069,pytorch,MAE,False,2,2,test
2,Int8WeightOnlyConfig,int8,8,False,True,pytorch_relative_MAE,1.001377153077067,pytorch,MAE,True,2,2,test
3,Float8WeightOnlyConfig,float8,8,False,True,pytorch_relative_MAE,0.9992325734064904,pytorch,MAE,True,2,2,test
4,Int8WeightOnlyConfig,int8,8,False,True,pytorch_quantized_model_size,206337.0,pytorch,model_size,False,2,2,test
5,Float8WeightOnlyConfig,float8,8,False,True,pytorch_quantized_model_size,206337.0,pytorch,model_size,False,2,2,test
6,Int8WeightOnlyConfig,int8,8,False,True,pytorch_quantized_median_latency,0.0006611730000258831,pytorch,median_latency,False,2,2,test
7,Float8WeightOnlyConfig,float8,8,False,True,pytorch_quantized_median_latency,0.0007615604999955394,pytorch,median_latency,False,2,2,test
8,Int8WeightOnlyConfig,int8,8,False,True,pytorch_quantized_p95_latency,0.0007753651497296232,pytorch,p95_latency,False,2,2,test
9,Float8WeightOnlyConfig,float8,8,False,True,pytorch_quantized_p95_latency,0.0008557541498248611,pytorch,p95_latency,False,2,2,test
10,Int8WeightOnlyConfig,int8,8,False,True,pytorch_quantized_p99_latency,0.0009359387795211665,pytorch,p99_latency,False,2,2,test
11,Float8WeightOnlyConfig,float8,8,False,True,pytorch_quantized_p99_latency,0.0008867606498097308,pytorch,p99_latency,False,2,2,test
12,Int8WeightOnlyConfig,int8,8,False,True,pytorch_relative_model_size,0.25,pytorch,model_size,True,2,2,test
13,Float8WeightOnlyConfig,float8,8,False,True,pytorch_relative_model_size,0.25,pytorch,model_size,True,2,2,test
14,Int8WeightOnlyConfig,int8,8,False,True,pytorch_relative_median_latency,1.922103936508553,pytorch,median_latency,True,2,2,test
15,Float8WeightOnlyConfig,float8,8,False,True,pytorch_relative_median_latency,2.2139416383813986,pytorch,median_latency,True,2,2,test
16,Int8WeightOnlyConfig,int8,8,False,True,pytorch_relative_p95_latency,2.055451571451647,pytorch,p95_latency,True,2,2,test
17,Float8WeightOnlyConfig,float8,8,False,True,pytorch_relative_p95_latency,2.268558514200883,pytorch,p95_latency,True,2,2,test
18,Int8WeightOnlyConfig,int8,8,False,True,pytorch_relative_p99_latency,2.2310361901630293,pytorch,p99_latency,True,2,2,test
19,Float8WeightOnlyConfig,float8,8,False,True,pytorch_relative_p99_latency,2.1138082372761136,pytorch,p99_latency,True,2,2,test
20,Int8WeightOnlyConfig,int8,8,False,True,onnx_quantized_model_size,47122.0,onnx,model_size,False,2,2,test
21,Float8WeightOnlyConfig,float8,8,False,True,onnx_quantized_model_size,,onnx,model_size,False,2,2,test
22,Int8WeightOnlyConfig,int8,8,False,True,onnx_quantized_median_latency,0.0003658395003185433,onnx,median_latency,False,2,2,test
23,Float8WeightOnlyConfig,float8,8,False,True,onnx_quantized_median_latency,,onnx,median_latency,False,2,2,test
24,Int8WeightOnlyConfig,int8,8,False,True,onnx_quantized_p95_latency,0.0004345742497662286,onnx,p95_latency,False,2,2,test
25,Float8WeightOnlyConfig,float8,8,False,True,onnx_quantized_p95_latency,,onnx,p95_latency,False,2,2,test
26,Int8WeightOnlyConfig,int8,8,False,True,onnx_quantized_p99_latency,0.0004739146500196517,onnx,p99_latency,False,2,2,test
27,Float8WeightOnlyConfig,float8,8,False,True,onnx_quantized_p99_latency,,onnx,p99_latency,False,2,2,test
28,Int8WeightOnlyConfig,int8,8,False,True,onnx_relative_model_size,1.67574679943101,onnx,model_size,True,2,2,test
29,Float8WeightOnlyConfig,float8,8,False,True,onnx_relative_model_size,,onnx,model_size,True,2,2,test
30,Int8WeightOnlyConfig,int8,8,False,True,onnx_relative_median_latency,1.1806225204917928,onnx,median_latency,True,2,2,test
31,Float8WeightOnlyConfig,float8,8,False,True,onnx_relative_median_latency,,onnx,median_latency,True,2,2,test
32,Int8WeightOnlyConfig,int8,8,False,True,onnx_relative_p95_latency,1.1833318675874702,onnx,p95_latency,True,2,2,test
33,Float8WeightOnlyConfig,float8,8,False,True,onnx_relative_p95_latency,,onnx,p95_latency,True,2,2,test
34,Int8WeightOnlyConfig,int8,8,False,True,onnx_relative_p99_latency,1.1720190009079832,onnx,p99_latency,True,2,2,test
35,Float8WeightOnlyConfig,float8,8,False,True,onnx_relative_p99_latency,,onnx,p99_latency,True,2,2,test
36,Int8WeightOnlyConfig,int8,8,False,True,pt2_quantized_model_size,352993.0,pt2,model_size,False,2,2,test
37,Float8WeightOnlyConfig,float8,8,False,True,pt2_quantized_model_size,332577.0,pt2,model_size,False,2,2,test
38,Int8WeightOnlyConfig,int8,8,False,True,pt2_quantized_median_latency,0.0010304085003554064,pt2,median_latency,False,2,2,test
39,Float8WeightOnlyConfig,float8,8,False,True,pt2_quantized_median_latency,0.0010002604999499454,pt2,median_latency,False,2,2,test
40,Int8WeightOnlyConfig,int8,8,False,True,pt2_quantized_p95_latency,0.0012850465500832797,pt2,p95_latency,False,2,2,test
41,Float8WeightOnlyConfig,float8,8,False,True,pt2_quantized_p95_latency,0.0010765871996682107,pt2,p95_latency,False,2,2,test
42,Int8WeightOnlyConfig,int8,8,False,True,pt2_quantized_p99_latency,0.0013508249499500382,pt2,p99_latency,False,2,2,test
43,Float8WeightOnlyConfig,float8,8,False,True,pt2_quantized_p99_latency,0.0012419550601498487,pt2,p99_latency,False,2,2,test
44,Int8WeightOnlyConfig,int8,8,False,True,pt2_relative_model_size,0.3967564238161981,pt2,model_size,True,2,2,test
45,Float8WeightOnlyConfig,float8,8,False,True,pt2_relative_model_size,0.3738092856331987,pt2,model_size,True,2,2,test
46,Int8WeightOnlyConfig,int8,8,False,True,pt2_relative_median_latency,1.5742375049605168,pt2,median_latency,True,2,2,test
47,Float8WeightOnlyConfig,float8,8,False,True,pt2_relative_median_latency,1.528177992717099,pt2,median_latency,True,2,2,test
48,Int8WeightOnlyConfig,int8,8,False,True,pt2_relative_p95_latency,1.6187070802071928,pt2,p95_latency,True,2,2,test
49,Float8WeightOnlyConfig,float8,8,False,True,pt2_relative_p95_latency,1.3561215525230819,pt2,p95_latency,True,2,2,test
50,Int8WeightOnlyConfig,int8,8,False,True,pt2_relative_p99_latency,1.4853806681624269,pt2,p99_latency,True,2,2,test
51,Float8WeightOnlyConfig,float8,8,False,True,pt2_relative_p99_latency,1.3656662450166623,pt2,p99_latency,True,2,2,test
0,Int8WeightOnlyConfig,int8,8,False,True,pytorch_quantized_MAE,7.2549029697810425,pytorch,MAE,False,2,3,train
1,Float8WeightOnlyConfig,float8,8,False,True,pytorch_quantized_MAE,7.244566683471816,pytorch,MAE,False,2,3,train
2,Int8WeightOnlyConfig,int8,8,False,True,pytorch_relative_MAE,1.0012119842601541,pytorch,MAE,True,2,3,train
3,Float8WeightOnlyConfig,float8,8,False,True,pytorch_relative_MAE,0.9997855263504277,pytorch,MAE,True,2,3,train
4,Int8WeightOnlyConfig,int8,8,False,True,pytorch_quantized_model_size,206337.0,pytorch,model_size,False,2,3,train
5,Float8WeightOnlyConfig,float8,8,False,True,pytorch_quantized_model_size,206337.0,pytorch,model_size,False,2,3,train
6,Int8WeightOnlyConfig,int8,8,False,True,pytorch_quantized_median_latency,0.0006559569997079961,pytorch,median_latency,False,2,3,train
7,Float8WeightOnlyConfig,float8,8,False,True,pytorch_quantized_median_latency,0.0007205830002021685,pytorch,median_latency,False,2,3,train
8,Int8WeightOnlyConfig,int8,8,False,True,pytorch_quantized_p95_latency,0.0007383349501196789,pytorch,p95_latency,False,2,3,train
9,Float8WeightOnlyConfig,float8,8,False,True,pytorch_quantized_p95_latency,0.0007804140001553604,pytorch,p95_latency,False,2,3,train
10,Int8WeightOnlyConfig,int8,8,False,True,pytorch_quantized_p99_latency,0.0007664520797789011,pytorch,p99_latency,False,2,3,train
11,Float8WeightOnlyConfig,float8,8,False,True,pytorch_quantized_p99_latency,0.0009243548197810015,pytorch,p99_latency,False,2,3,train
12,Int8WeightOnlyConfig,int8,8,False,True,pytorch_relative_model_size,0.25,pytorch,model_size,True,2,3,train
13,Float8WeightOnlyConfig,float8,8,False,True,pytorch_relative_model_size,0.25,pytorch,model_size,True,2,3,train
14,Int8WeightOnlyConfig,int8,8,False,True,pytorch_relative_median_latency,2.0203402455573087,pytorch,median_latency,True,2,3,train
15,Float8WeightOnlyConfig,float8,8,False,True,pytorch_relative_median_latency,2.219387606536619,pytorch,median_latency,True,2,3,train
16,Int8WeightOnlyConfig,int8,8,False,True,pytorch_relative_p95_latency,2.0830325548966604,pytorch,p95_latency,True,2,3,train
17,Float8WeightOnlyConfig,float8,8,False,True,pytorch_relative_p95_latency,2.201748364149957,pytorch,p95_latency,True,2,3,train
18,Int8WeightOnlyConfig,int8,8,False,True,pytorch_relative_p99_latency,2.1175058536515516,pytorch,p99_latency,True,2,3,train
19,Float8WeightOnlyConfig,float8,8,False,True,pytorch_relative_p99_latency,2.5537496646912707,pytorch,p99_latency,True,2,3,train
20,Int8WeightOnlyConfig,int8,8,False,True,onnx_quantized_model_size,47122.0,onnx,model_size,False,2,3,train
21,Float8WeightOnlyConfig,float8,8,False,True,onnx_quantized_model_size,,onnx,model_size,False,2,3,train
22,Int8WeightOnlyConfig,int8,8,False,True,onnx_quantized_median_latency,0.0005003960000067309,onnx,median_latency,False,2,3,train
23,Float8WeightOnlyConfig,float8,8,False,True,onnx_quantized_median_latency,,onnx,median_latency,False,2,3,train
24,Int8WeightOnlyConfig,int8,8,False,True,onnx_quantized_p95_latency,0.0005386051998812035,onnx,p95_latency,False,2,3,train
25,Float8WeightOnlyConfig,float8,8,False,True,onnx_quantized_p95_latency,,onnx,p95_latency,False,2,3,train
26,Int8WeightOnlyConfig,int8,8,False,True,onnx_quantized_p99_latency,0.0005590210402533559,onnx,p99_latency,False,2,3,train
27,Float8WeightOnlyConfig,float8,8,False,True,onnx_quantized_p99_latency,,onnx,p99_latency,False,2,3,train
28,Int8WeightOnlyConfig,int8,8,False,True,onnx_relative_model_size,1.67574679943101,onnx,model_size,True,2,3,train
29,Float8WeightOnlyConfig,float8,8,False,True,onnx_relative_model_size,,onnx,model_size,True,2,3,train
30,Int8WeightOnlyConfig,int8,8,False,True,onnx_relative_median_latency,1.7160091834903866,onnx,median_latency,True,2,3,train
31,Float8WeightOnlyConfig,float8,8,False,True,onnx_relative_median_latency,,onnx,median_latency,True,2,3,train
32,Int8WeightOnlyConfig,int8,8,False,True,onnx_relative_p95_latency,1.508703532188315,onnx,p95_latency,True,2,3,train
33,Float8WeightOnlyConfig,float8,8,False,True,onnx_relative_p95_latency,,onnx,p95_latency,True,2,3,train
34,Int8WeightOnlyConfig,int8,8,False,True,onnx_relative_p99_latency,1.0425927123448977,onnx,p99_latency,True,2,3,train
35,Float8WeightOnlyConfig,float8,8,False,True,onnx_relative_p99_latency,,onnx,p99_latency,True,2,3,train
36,Int8WeightOnlyConfig,int8,8,False,True,pt2_quantized_model_size,352993.0,pt2,model_size,False,2,3,train
37,Float8WeightOnlyConfig,float8,8,False,True,pt2_quantized_model_size,332577.0,pt2,model_size,False,2,3,train
38,Int8WeightOnlyConfig,int8,8,False,True,pt2_quantized_median_latency,0.0010312334998161532,pt2,median_latency,False,2,3,train
39,Float8WeightOnlyConfig,float8,8,False,True,pt2_quantized_median_latency,0.0009951485003512062,pt2,median_latency,False,2,3,train
40,Int8WeightOnlyConfig,int8,8,False,True,pt2_quantized_p95_latency,0.0011126748004699038,pt2,p95_latency,False,2,3,train
41,Float8WeightOnlyConfig,float8,8,False,True,pt2_quantized_p95_latency,0.001057240550289862,pt2,p95_latency,False,2,3,train
42,Int8WeightOnlyConfig,int8,8,False,True,pt2_quantized_p99_latency,0.0012226858003759845,pt2,p99_latency,False,2,3,train
43,Float8WeightOnlyConfig,float8,8,False,True,pt2_quantized_p99_latency,0.0011450980700374207,pt2,p99_latency,False,2,3,train
44,Int8WeightOnlyConfig,int8,8,False,True,pt2_relative_model_size,0.3967564238161981,pt2,model_size,True,2,3,train
45,Float8WeightOnlyConfig,float8,8,False,True,pt2_relative_model_size,0.3738092856331987,pt2,model_size,True,2,3,train
46,Int8WeightOnlyConfig,int8,8,False,True,pt2_relative_median_latency,1.623475876954581,pt2,median_latency,True,2,3,train
47,Float8WeightOnlyConfig,float8,8,False,True,pt2_relative_median_latency,1.566667088099579,pt2,median_latency,True,2,3,train
48,Int8WeightOnlyConfig,int8,8,False,True,pt2_relative_p95_latency,1.5639141603343776,pt2,p95_latency,True,2,3,train
49,Float8WeightOnlyConfig,float8,8,False,True,pt2_relative_p95_latency,1.485998844208342,pt2,p95_latency,True,2,3,train
50,Int8WeightOnlyConfig,int8,8,False,True,pt2_relative_p99_latency,1.5054334697920355,pt2,p99_latency,True,2,3,train
51,Float8WeightOnlyConfig,float8,8,False,True,pt2_relative_p99_latency,1.409903476672826,pt2,p99_latency,True,2,3,train
0,Int8WeightOnlyConfig,int8,8,False,True,pytorch_quantized_MAE,7.150907751533746,pytorch,MAE,False,2,3,test
1,Float8WeightOnlyConfig,float8,8,False,True,pytorch_quantized_MAE,7.13831905497769,pytorch,MAE,False,2,3,test
2,Int8WeightOnlyConfig,int8,8,False,True,pytorch_relative_MAE,1.0014503874388603,pytorch,MAE,True,2,3,test
3,Float8WeightOnlyConfig,float8,8,False,True,pytorch_relative_MAE,0.999687400768992,pytorch,MAE,True,2,3,test
4,Int8WeightOnlyConfig,int8,8,False,True,pytorch_quantized_model_size,206337.0,pytorch,model_size,False,2,3,test
5,Float8WeightOnlyConfig,float8,8,False,True,pytorch_quantized_model_size,206337.0,pytorch,model_size,False,2,3,test
6,Int8WeightOnlyConfig,int8,8,False,True,pytorch_quantized_median_latency,0.0006974455000090529,pytorch,median_latency,False,2,3,test
7,Float8WeightOnlyConfig,float8,8,False,True,pytorch_quantized_median_latency,0.0008333519999723649,pytorch,median_latency,False,2,3,test
8,Int8WeightOnlyConfig,int8,8,False,True,pytorch_quantized_p95_latency,0.0008288579997497436,pytorch,p95_latency,False,2,3,test
9,Float8WeightOnlyConfig,float8,8,False,True,pytorch_quantized_p95_latency,0.000893350749356614,pytorch,p95_latency,False,2,3,test
10,Int8WeightOnlyConfig,int8,8,False,True,pytorch_quantized_p99_latency,0.0008698534895211199,pytorch,p99_latency,False,2,3,test
11,Float8WeightOnlyConfig,float8,8,False,True,pytorch_quantized_p99_latency,0.0009994399399965923,pytorch,p99_latency,False,2,3,test
12,Int8WeightOnlyConfig,int8,8,False,True,pytorch_relative_model_size,0.25,pytorch,model_size,True,2,3,test
13,Float8WeightOnlyConfig,float8,8,False,True,pytorch_relative_model_size,0.25,pytorch,model_size,True,2,3,test
14,Int8WeightOnlyConfig,int8,8,False,True,pytorch_relative_median_latency,2.1378884891376924,pytorch,median_latency,True,2,3,test
15,Float8WeightOnlyConfig,float8,8,False,True,pytorch_relative_median_latency,2.5544843978743397,pytorch,median_latency,True,2,3,test
16,Int8WeightOnlyConfig,int8,8,False,True,pytorch_relative_p95_latency,2.3853374223305805,pytorch,p95_latency,True,2,3,test
17,Float8WeightOnlyConfig,float8,8,False,True,pytorch_relative_p95_latency,2.570938537542971,pytorch,p95_latency,True,2,3,test
18,Int8WeightOnlyConfig,int8,8,False,True,pytorch_relative_p99_latency,2.2187472439359754,pytorch,p99_latency,True,2,3,test
19,Float8WeightOnlyConfig,float8,8,False,True,pytorch_relative_p99_latency,2.5492851831493804,pytorch,p99_latency,True,2,3,test
20,Int8WeightOnlyConfig,int8,8,False,True,onnx_quantized_model_size,47122.0,onnx,model_size,False,2,3,test
21,Float8WeightOnlyConfig,float8,8,False,True,onnx_quantized_model_size,,onnx,model_size,False,2,3,test
22,Int8WeightOnlyConfig,int8,8,False,True,onnx_quantized_median_latency,0.0003459439999460301,onnx,median_latency,False,2,3,test
23,Float8WeightOnlyConfig,float8,8,False,True,onnx_quantized_median_latency,,onnx,median_latency,False,2,3,test
24,Int8WeightOnlyConfig,int8,8,False,True,onnx_quantized_p95_latency,0.0003917787502359715,onnx,p95_latency,False,2,3,test
25,Float8WeightOnlyConfig,float8,8,False,True,onnx_quantized_p95_latency,,onnx,p95_latency,False,2,3,test
26,Int8WeightOnlyConfig,int8,8,False,True,onnx_quantized_p99_latency,0.00041487627003334644,onnx,p99_latency,False,2,3,test
27,Float8WeightOnlyConfig,float8,8,False,True,onnx_quantized_p99_latency,,onnx,p99_latency,False,2,3,test
28,Int8WeightOnlyConfig,int8,8,False,True,onnx_relative_model_size,1.67574679943101,onnx,model_size,True,2,3,test
29,Float8WeightOnlyConfig,float8,8,False,True,onnx_relative_model_size,,onnx,model_size,True,2,3,test
30,Int8WeightOnlyConfig,int8,8,False,True,onnx_relative_median_latency,1.0717457862433486,onnx,median_latency,True,2,3,test
31,Float8WeightOnlyConfig,float8,8,False,True,onnx_relative_median_latency,,onnx,median_latency,True,2,3,test
32,Int8WeightOnlyConfig,int8,8,False,True,onnx_relative_p95_latency,0.9597358210461255,onnx,p95_latency,True,2,3,test
33,Float8WeightOnlyConfig,float8,8,False,True,onnx_relative_p95_latency,,onnx,p95_latency,True,2,3,test
34,Int8WeightOnlyConfig,int8,8,False,True,onnx_relative_p99_latency,0.9292665827637074,onnx,p99_latency,True,2,3,test
35,Float8WeightOnlyConfig,float8,8,False,True,onnx_relative_p99_latency,,onnx,p99_latency,True,2,3,test
36,Int8WeightOnlyConfig,int8,8,False,True,pt2_quantized_model_size,352993.0,pt2,model_size,False,2,3,test
37,Float8WeightOnlyConfig,float8,8,False,True,pt2_quantized_model_size,332577.0,pt2,model_size,False,2,3,test
38,Int8WeightOnlyConfig,int8,8,False,True,pt2_quantized_median_latency,0.001217040499795985,pt2,median_latency,False,2,3,test
39,Float8WeightOnlyConfig,float8,8,False,True,pt2_quantized_median_latency,0.0010070694997921237,pt2,median_latency,False,2,3,test
40,Int8WeightOnlyConfig,int8,8,False,True,pt2_quantized_p95_latency,0.0013674611003807512,pt2,p95_latency,False,2,3,test
41,Float8WeightOnlyConfig,float8,8,False,True,pt2_quantized_p95_latency,0.001160477600114973,pt2,p95_latency,False,2,3,test
42,Int8WeightOnlyConfig,int8,8,False,True,pt2_quantized_p99_latency,0.0014129773004606268,pt2,p99_latency,False,2,3,test
43,Float8WeightOnlyConfig,float8,8,False,True,pt2_quantized_p99_latency,0.0012690726794153308,pt2,p99_latency,False,2,3,test
44,Int8WeightOnlyConfig,int8,8,False,True,pt2_relative_model_size,0.3967564238161981,pt2,model_size,True,2,3,test
45,Float8WeightOnlyConfig,float8,8,False,True,pt2_relative_model_size,0.3738092856331987,pt2,model_size,True,2,3,test
46,Int8WeightOnlyConfig,int8,8,False,True,pt2_relative_median_latency,1.6807943528874538,pt2,median_latency,True,2,3,test
47,Float8WeightOnlyConfig,float8,8,False,True,pt2_relative_median_latency,1.390813804881219,pt2,median_latency,True,2,3,test
48,Int8WeightOnlyConfig,int8,8,False,True,pt2_relative_p95_latency,1.4776781593807728,pt2,p95_latency,True,2,3,test
49,Float8WeightOnlyConfig,float8,8,False,True,pt2_relative_p95_latency,1.254011835263938,pt2,p95_latency,True,2,3,test
50,Int8WeightOnlyConfig,int8,8,False,True,pt2_relative_p99_latency,1.162141322644801,pt2,p99_latency,True,2,3,test
51,Float8WeightOnlyConfig,float8,8,False,True,pt2_relative_p99_latency,1.043783082507638,pt2,p99_latency,True,2,3,test
0,Int8WeightOnlyConfig,int8,8,False,True,pytorch_quantized_MAE,7.2326497513040735,pytorch,MAE,False,3,1,train
1,Float8WeightOnlyConfig,float8,8,False,True,pytorch_quantized_MAE,7.218877789555288,pytorch,MAE,False,3,1,train
2,Int8WeightOnlyConfig,int8,8,False,True,pytorch_relative_MAE,1.0012957214366018,pytorch,MAE,True,3,1,train
3,Float8WeightOnlyConfig,float8,8,False,True,pytorch_relative_MAE,0.9993891164095354,pytorch,MAE,True,3,1,train
4,Int8WeightOnlyConfig,int8,8,False,True,pytorch_quantized_model_size,206337.0,pytorch,model_size,False,3,1,train
5,Float8WeightOnlyConfig,float8,8,False,True,pytorch_quantized_model_size,206337.0,pytorch,model_size,False,3,1,train
6,Int8WeightOnlyConfig,int8,8,False,True,pytorch_quantized_median_latency,0.0007170179997046944,pytorch,median_latency,False,3,1,train
7,Float8WeightOnlyConfig,float8,8,False,True,pytorch_quantized_median_latency,0.0007538024997302273,pytorch,median_latency,False,3,1,train
8,Int8WeightOnlyConfig,int8,8,False,True,pytorch_quantized_p95_latency,0.0008107809005650778,pytorch,p95_latency,False,3,1,train
9,Float8WeightOnlyConfig,float8,8,False,True,pytorch_quantized_p95_latency,0.0008616687503945286,pytorch,p95_latency,False,3,1,train
10,Int8WeightOnlyConfig,int8,8,False,True,pytorch_quantized_p99_latency,0.0008813579806883355,pytorch,p99_latency,False,3,1,train
11,Float8WeightOnlyConfig,float8,8,False,True,pytorch_quantized_p99_latency,0.0008946477093468281,pytorch,p99_latency,False,3,1,train
12,Int8WeightOnlyConfig,int8,8,False,True,pytorch_relative_model_size,0.25,pytorch,model_size,True,3,1,train
13,Float8WeightOnlyConfig,float8,8,False,True,pytorch_relative_model_size,0.25,pytorch,model_size,True,3,1,train
14,Int8WeightOnlyConfig,int8,8,False,True,pytorch_relative_median_latency,2.15119813036108,pytorch,median_latency,True,3,1,train
15,Float8WeightOnlyConfig,float8,8,False,True,pytorch_relative_median_latency,2.2615590246674766,pytorch,median_latency,True,3,1,train
16,Int8WeightOnlyConfig,int8,8,False,True,pytorch_relative_p95_latency,2.076912379784828,pytorch,p95_latency,True,3,1,train
17,Float8WeightOnlyConfig,float8,8,False,True,pytorch_relative_p95_latency,2.2072677016945534,pytorch,p95_latency,True,3,1,train
18,Int8WeightOnlyConfig,int8,8,False,True,pytorch_relative_p99_latency,1.971266494271494,pytorch,p99_latency,True,3,1,train
19,Float8WeightOnlyConfig,float8,8,False,True,pytorch_relative_p99_latency,2.000990621580111,pytorch,p99_latency,True,3,1,train
20,Int8WeightOnlyConfig,int8,8,False,True,onnx_quantized_model_size,47122.0,onnx,model_size,False,3,1,train
21,Float8WeightOnlyConfig,float8,8,False,True,onnx_quantized_model_size,,onnx,model_size,False,3,1,train
22,Int8WeightOnlyConfig,int8,8,False,True,onnx_quantized_median_latency,0.0003238315002818126,onnx,median_latency,False,3,1,train
23,Float8WeightOnlyConfig,float8,8,False,True,onnx_quantized_median_latency,,onnx,median_latency,False,3,1,train
24,Int8WeightOnlyConfig,int8,8,False,True,onnx_quantized_p95_latency,0.00037044700006845234,onnx,p95_latency,False,3,1,train
25,Float8WeightOnlyConfig,float8,8,False,True,onnx_quantized_p95_latency,,onnx,p95_latency,False,3,1,train
26,Int8WeightOnlyConfig,int8,8,False,True,onnx_quantized_p99_latency,0.0004037896406134678,onnx,p99_latency,False,3,1,train
27,Float8WeightOnlyConfig,float8,8,False,True,onnx_quantized_p99_latency,,onnx,p99_latency,False,3,1,train
28,Int8WeightOnlyConfig,int8,8,False,True,onnx_relative_model_size,1.67574679943101,onnx,model_size,True,3,1,train
29,Float8WeightOnlyConfig,float8,8,False,True,onnx_relative_model_size,,onnx,model_size,True,3,1,train
30,Int8WeightOnlyConfig,int8,8,False,True,onnx_relative_median_latency,1.0828493107326174,onnx,median_latency,True,3,1,train
31,Float8WeightOnlyConfig,float8,8,False,True,onnx_relative_median_latency,,onnx,median_latency,True,3,1,train
32,Int8WeightOnlyConfig,int8,8,False,True,onnx_relative_p95_latency,1.0329882712411578,onnx,p95_latency,True,3,1,train
33,Float8WeightOnlyConfig,float8,8,False,True,onnx_relative_p95_latency,,onnx,p95_latency,True,3,1,train
34,Int8WeightOnlyConfig,int8,8,False,True,onnx_relative_p99_latency,0.9324849719723491,onnx,p99_latency,True,3,1,train
35,Float8WeightOnlyConfig,float8,8,False,True,onnx_relative_p99_latency,,onnx,p99_latency,True,3,1,train
36,Int8WeightOnlyConfig,int8,8,False,True,pt2_quantized_model_size,352993.0,pt2,model_size,False,3,1,train
37,Float8WeightOnlyConfig,float8,8,False,True,pt2_quantized_model_size,332577.0,pt2,model_size,False,3,1,train
38,Int8WeightOnlyConfig,int8,8,False,True,pt2_quantized_median_latency,0.001125648499964882,pt2,median_latency,False,3,1,train
39,Float8WeightOnlyConfig,float8,8,False,True,pt2_quantized_median_latency,0.0009134500000982371,pt2,median_latency,False,3,1,train
40,Int8WeightOnlyConfig,int8,8,False,True,pt2_quantized_p95_latency,0.0013788772494081059,pt2,p95_latency,False,3,1,train
41,Float8WeightOnlyConfig,float8,8,False,True,pt2_quantized_p95_latency,0.0010181518500303355,pt2,p95_latency,False,3,1,train
42,Int8WeightOnlyConfig,int8,8,False,True,pt2_quantized_p99_latency,0.001460869690108666,pt2,p99_latency,False,3,1,train
43,Float8WeightOnlyConfig,float8,8,False,True,pt2_quantized_p99_latency,0.0012070742994910691,pt2,p99_latency,False,3,1,train
44,Int8WeightOnlyConfig,int8,8,False,True,pt2_relative_model_size,0.3967564238161981,pt2,model_size,True,3,1,train
45,Float8WeightOnlyConfig,float8,8,False,True,pt2_relative_model_size,0.3738092856331987,pt2,model_size,True,3,1,train
46,Int8WeightOnlyConfig,int8,8,False,True,pt2_relative_median_latency,1.5617640958134238,pt2,median_latency,True,3,1,train
47,Float8WeightOnlyConfig,float8,8,False,True,pt2_relative_median_latency,1.2673524759449348,pt2,median_latency,True,3,1,train
48,Int8WeightOnlyConfig,int8,8,False,True,pt2_relative_p95_latency,1.6303923317598696,pt2,p95_latency,True,3,1,train
49,Float8WeightOnlyConfig,float8,8,False,True,pt2_relative_p95_latency,1.2038685601413373,pt2,p95_latency,True,3,1,train
50,Int8WeightOnlyConfig,int8,8,False,True,pt2_relative_p99_latency,1.4675472353767836,pt2,p99_latency,True,3,1,train
51,Float8WeightOnlyConfig,float8,8,False,True,pt2_relative_p99_latency,1.2125917616791122,pt2,p99_latency,True,3,1,train
0,Int8WeightOnlyConfig,int8,8,False,True,pytorch_quantized_MAE,7.381723685636906,pytorch,MAE,False,3,1,test
1,Float8WeightOnlyConfig,float8,8,False,True,pytorch_quantized_MAE,7.370483803950944,pytorch,MAE,False,3,1,test
2,Int8WeightOnlyConfig,int8,8,False,True,pytorch_relative_MAE,1.001189806124989,pytorch,MAE,True,3,1,test
3,Float8WeightOnlyConfig,float8,8,False,True,pytorch_relative_MAE,0.9996653308878664,pytorch,MAE,True,3,1,test
4,Int8WeightOnlyConfig,int8,8,False,True,pytorch_quantized_model_size,206337.0,pytorch,model_size,False,3,1,test
5,Float8WeightOnlyConfig,float8,8,False,True,pytorch_quantized_model_size,206337.0,pytorch,model_size,False,3,1,test
6,Int8WeightOnlyConfig,int8,8,False,True,pytorch_quantized_median_latency,0.0006632569998146209,pytorch,median_latency,False,3,1,test
7,Float8WeightOnlyConfig,float8,8,False,True,pytorch_quantized_median_latency,0.0007302214999072021,pytorch,median_latency,False,3,1,test
8,Int8WeightOnlyConfig,int8,8,False,True,pytorch_quantized_p95_latency,0.0007636277005985901,pytorch,p95_latency,False,3,1,test
9,Float8WeightOnlyConfig,float8,8,False,True,pytorch_quantized_p95_latency,0.0008211826000660948,pytorch,p95_latency,False,3,1,test
10,Int8WeightOnlyConfig,int8,8,False,True,pytorch_quantized_p99_latency,0.0009626387699063346,pytorch,p99_latency,False,3,1,test
11,Float8WeightOnlyConfig,float8,8,False,True,pytorch_quantized_p99_latency,0.0008533450293452919,pytorch,p99_latency,False,3,1,test
12,Int8WeightOnlyConfig,int8,8,False,True,pytorch_relative_model_size,0.25,pytorch,model_size,True,3,1,test
13,Float8WeightOnlyConfig,float8,8,False,True,pytorch_relative_model_size,0.25,pytorch,model_size,True,3,1,test
14,Int8WeightOnlyConfig,int8,8,False,True,pytorch_relative_median_latency,2.006167407015594,pytorch,median_latency,True,3,1,test
15,Float8WeightOnlyConfig,float8,8,False,True,pytorch_relative_median_latency,2.2087163398581837,pytorch,median_latency,True,3,1,test
16,Int8WeightOnlyConfig,int8,8,False,True,pytorch_relative_p95_latency,2.1080397465083323,pytorch,p95_latency,True,3,1,test
17,Float8WeightOnlyConfig,float8,8,False,True,pytorch_relative_p95_latency,2.266923474257712,pytorch,p95_latency,True,3,1,test
18,Int8WeightOnlyConfig,int8,8,False,True,pytorch_relative_p99_latency,2.519840313765514,pytorch,p99_latency,True,3,1,test
19,Float8WeightOnlyConfig,float8,8,False,True,pytorch_relative_p99_latency,2.2337488097481333,pytorch,p99_latency,True,3,1,test
20,Int8WeightOnlyConfig,int8,8,False,True,onnx_quantized_model_size,47122.0,onnx,model_size,False,3,1,test
21,Float8WeightOnlyConfig,float8,8,False,True,onnx_quantized_model_size,,onnx,model_size,False,3,1,test
22,Int8WeightOnlyConfig,int8,8,False,True,onnx_quantized_median_latency,0.00035270800026410143,onnx,median_latency,False,3,1,test
23,Float8WeightOnlyConfig,float8,8,False,True,onnx_quantized_median_latency,,onnx,median_latency,False,3,1,test
24,Int8WeightOnlyConfig,int8,8,False,True,onnx_quantized_p95_latency,0.0003933490999315836,onnx,p95_latency,False,3,1,test
25,Float8WeightOnlyConfig,float8,8,False,True,onnx_quantized_p95_latency,,onnx,p95_latency,False,3,1,test
26,Int8WeightOnlyConfig,int8,8,False,True,onnx_quantized_p99_latency,0.0004085635407227529,onnx,p99_latency,False,3,1,test
27,Float8WeightOnlyConfig,float8,8,False,True,onnx_quantized_p99_latency,,onnx,p99_latency,False,3,1,test
28,Int8WeightOnlyConfig,int8,8,False,True,onnx_relative_model_size,1.67574679943101,onnx,model_size,True,3,1,test
29,Float8WeightOnlyConfig,float8,8,False,True,onnx_relative_model_size,,onnx,model_size,True,3,1,test
30,Int8WeightOnlyConfig,int8,8,False,True,onnx_relative_median_latency,1.0915190248863542,onnx,median_latency,True,3,1,test
31,Float8WeightOnlyConfig,float8,8,False,True,onnx_relative_median_latency,,onnx,median_latency,True,3,1,test
32,Int8WeightOnlyConfig,int8,8,False,True,onnx_relative_p95_latency,1.0449491208511994,onnx,p95_latency,True,3,1,test
33,Float8WeightOnlyConfig,float8,8,False,True,onnx_relative_p95_latency,,onnx,p95_latency,True,3,1,test
34,Int8WeightOnlyConfig,int8,8,False,True,onnx_relative_p99_latency,0.7730853806292494,onnx,p99_latency,True,3,1,test
35,Float8WeightOnlyConfig,float8,8,False,True,onnx_relative_p99_latency,,onnx,p99_latency,True,3,1,test
36,Int8WeightOnlyConfig,int8,8,False,True,pt2_quantized_model_size,352993.0,pt2,model_size,False,3,1,test
37,Float8WeightOnlyConfig,float8,8,False,True,pt2_quantized_model_size,332577.0,pt2,model_size,False,3,1,test
38,Int8WeightOnlyConfig,int8,8,False,True,pt2_quantized_median_latency,0.0011507350004649197,pt2,median_latency,False,3,1,test
39,Float8WeightOnlyConfig,float8,8,False,True,pt2_quantized_median_latency,0.0010065984997709165,pt2,median_latency,False,3,1,test
40,Int8WeightOnlyConfig,int8,8,False,True,pt2_quantized_p95_latency,0.0012537892504496996,pt2,p95_latency,False,3,1,test
41,Float8WeightOnlyConfig,float8,8,False,True,pt2_quantized_p95_latency,0.001258163450165739,pt2,p95_latency,False,3,1,test
42,Int8WeightOnlyConfig,int8,8,False,True,pt2_quantized_p99_latency,0.0013878347407080584,pt2,p99_latency,False,3,1,test
43,Float8WeightOnlyConfig,float8,8,False,True,pt2_quantized_p99_latency,0.0014278588504839718,pt2,p99_latency,False,3,1,test
44,Int8WeightOnlyConfig,int8,8,False,True,pt2_relative_model_size,0.3967564238161981,pt2,model_size,True,3,1,test
45,Float8WeightOnlyConfig,float8,8,False,True,pt2_relative_model_size,0.3738092856331987,pt2,model_size,True,3,1,test
46,Int8WeightOnlyConfig,int8,8,False,True,pt2_relative_median_latency,1.588126470172671,pt2,median_latency,True,3,1,test
47,Float8WeightOnlyConfig,float8,8,False,True,pt2_relative_median_latency,1.3892040493045084,pt2,median_latency,True,3,1,test
48,Int8WeightOnlyConfig,int8,8,False,True,pt2_relative_p95_latency,1.4718663399376943,pt2,p95_latency,True,3,1,test
49,Float8WeightOnlyConfig,float8,8,False,True,pt2_relative_p95_latency,1.477001363486424,pt2,p95_latency,True,3,1,test
50,Int8WeightOnlyConfig,int8,8,False,True,pt2_relative_p99_latency,1.4666911865777776,pt2,p99_latency,True,3,1,test
51,Float8WeightOnlyConfig,float8,8,False,True,pt2_relative_p99_latency,1.508989456924436,pt2,p99_latency,True,3,1,test
0,Int8WeightOnlyConfig,int8,8,False,True,pytorch_quantized_MAE,7.234360134991926,pytorch,MAE,False,3,2,train
1,Float8WeightOnlyConfig,float8,8,False,True,pytorch_quantized_MAE,7.223395869366238,pytorch,MAE,False,3,2,train
2,Int8WeightOnlyConfig,int8,8,False,True,pytorch_relative_MAE,1.0012799773220433,pytorch,MAE,True,3,2,train
3,Float8WeightOnlyConfig,float8,8,False,True,pytorch_relative_MAE,0.9997624554635528,pytorch,MAE,True,3,2,train
4,Int8WeightOnlyConfig,int8,8,False,True,pytorch_quantized_model_size,206337.0,pytorch,model_size,False,3,2,train
5,Float8WeightOnlyConfig,float8,8,False,True,pytorch_quantized_model_size,206337.0,pytorch,model_size,False,3,2,train
6,Int8WeightOnlyConfig,int8,8,False,True,pytorch_quantized_median_latency,0.0007248750002872839,pytorch,median_latency,False,3,2,train
7,Float8WeightOnlyConfig,float8,8,False,True,pytorch_quantized_median_latency,0.0008108155002446438,pytorch,median_latency,False,3,2,train
8,Int8WeightOnlyConfig,int8,8,False,True,pytorch_quantized_p95_latency,0.0008517181500792502,pytorch,p95_latency,False,3,2,train
9,Float8WeightOnlyConfig,float8,8,False,True,pytorch_quantized_p95_latency,0.0009236150004198862,pytorch,p95_latency,False,3,2,train
10,Int8WeightOnlyConfig,int8,8,False,True,pytorch_quantized_p99_latency,0.0008827010495588192,pytorch,p99_latency,False,3,2,train
11,Float8WeightOnlyConfig,float8,8,False,True,pytorch_quantized_p99_latency,0.0010955919599018671,pytorch,p99_latency,False,3,2,train
12,Int8WeightOnlyConfig,int8,8,False,True,pytorch_relative_model_size,0.25,pytorch,model_size,True,3,2,train
13,Float8WeightOnlyConfig,float8,8,False,True,pytorch_relative_model_size,0.25,pytorch,model_size,True,3,2,train
14,Int8WeightOnlyConfig,int8,8,False,True,pytorch_relative_median_latency,2.1242349647284935,pytorch,median_latency,True,3,2,train
15,Float8WeightOnlyConfig,float8,8,False,True,pytorch_relative_median_latency,2.376082269192463,pytorch,median_latency,True,3,2,train
16,Int8WeightOnlyConfig,int8,8,False,True,pytorch_relative_p95_latency,2.185608959762399,pytorch,p95_latency,True,3,2,train
17,Float8WeightOnlyConfig,float8,8,False,True,pytorch_relative_p95_latency,2.3701047348830406,pytorch,p95_latency,True,3,2,train
18,Int8WeightOnlyConfig,int8,8,False,True,pytorch_relative_p99_latency,2.0381670148796855,pytorch,p99_latency,True,3,2,train
19,Float8WeightOnlyConfig,float8,8,False,True,pytorch_relative_p99_latency,2.5297346089657906,pytorch,p99_latency,True,3,2,train
20,Int8WeightOnlyConfig,int8,8,False,True,onnx_quantized_model_size,47122.0,onnx,model_size,False,3,2,train
21,Float8WeightOnlyConfig,float8,8,False,True,onnx_quantized_model_size,,onnx,model_size,False,3,2,train
22,Int8WeightOnlyConfig,int8,8,False,True,onnx_quantized_median_latency,0.0003476450001471676,onnx,median_latency,False,3,2,train
23,Float8WeightOnlyConfig,float8,8,False,True,onnx_quantized_median_latency,,onnx,median_latency,False,3,2,train
24,Int8WeightOnlyConfig,int8,8,False,True,onnx_quantized_p95_latency,0.0004120891499496792,onnx,p95_latency,False,3,2,train
25,Float8WeightOnlyConfig,float8,8,False,True,onnx_quantized_p95_latency,,onnx,p95_latency,False,3,2,train
26,Int8WeightOnlyConfig,int8,8,False,True,onnx_quantized_p99_latency,0.0004611348904472835,onnx,p99_latency,False,3,2,train
27,Float8WeightOnlyConfig,float8,8,False,True,onnx_quantized_p99_latency,,onnx,p99_latency,False,3,2,train
28,Int8WeightOnlyConfig,int8,8,False,True,onnx_relative_model_size,1.67574679943101,onnx,model_size,True,3,2,train
29,Float8WeightOnlyConfig,float8,8,False,True,onnx_relative_model_size,,onnx,model_size,True,3,2,train
30,Int8WeightOnlyConfig,int8,8,False,True,onnx_relative_median_latency,1.1161051822627392,onnx,median_latency,True,3,2,train
31,Float8WeightOnlyConfig,float8,8,False,True,onnx_relative_median_latency,,onnx,median_latency,True,3,2,train
32,Int8WeightOnlyConfig,int8,8,False,True,onnx_relative_p95_latency,1.0415012927128684,onnx,p95_latency,True,3,2,train
33,Float8WeightOnlyConfig,float8,8,False,True,onnx_relative_p95_latency,,onnx,p95_latency,True,3,2,train
34,Int8WeightOnlyConfig,int8,8,False,True,onnx_relative_p99_latency,0.9850481195731486,onnx,p99_latency,True,3,2,train
35,Float8WeightOnlyConfig,float8,8,False,True,onnx_relative_p99_latency,,onnx,p99_latency,True,3,2,train
36,Int8WeightOnlyConfig,int8,8,False,True,pt2_quantized_model_size,352993.0,pt2,model_size,False,3,2,train
37,Float8WeightOnlyConfig,float8,8,False,True,pt2_quantized_model_size,332577.0,pt2,model_size,False,3,2,train
38,Int8WeightOnlyConfig,int8,8,False,True,pt2_quantized_median_latency,0.0012007039999843983,pt2,median_latency,False,3,2,train
39,Float8WeightOnlyConfig,float8,8,False,True,pt2_quantized_median_latency,0.0009974405002139974,pt2,median_latency,False,3,2,train
40,Int8WeightOnlyConfig,int8,8,False,True,pt2_quantized_p95_latency,0.0013229460994352846,pt2,p95_latency,False,3,2,train
41,Float8WeightOnlyConfig,float8,8,False,True,pt2_quantized_p95_latency,0.001061840400325309,pt2,p95_latency,False,3,2,train
42,Int8WeightOnlyConfig,int8,8,False,True,pt2_quantized_p99_latency,0.001558802490144444,pt2,p99_latency,False,3,2,train
43,Float8WeightOnlyConfig,float8,8,False,True,pt2_quantized_p99_latency,0.0012643968503743964,pt2,p99_latency,False,3,2,train
44,Int8WeightOnlyConfig,int8,8,False,True,pt2_relative_model_size,0.3967564238161981,pt2,model_size,True,3,2,train
45,Float8WeightOnlyConfig,float8,8,False,True,pt2_relative_model_size,0.3738092856331987,pt2,model_size,True,3,2,train
46,Int8WeightOnlyConfig,int8,8,False,True,pt2_relative_median_latency,1.4613931569896303,pt2,median_latency,True,3,2,train
47,Float8WeightOnlyConfig,float8,8,False,True,pt2_relative_median_latency,1.213998388891842,pt2,median_latency,True,3,2,train
48,Int8WeightOnlyConfig,int8,8,False,True,pt2_relative_p95_latency,1.085498199157647,pt2,p95_latency,True,3,2,train
49,Float8WeightOnlyConfig,float8,8,False,True,pt2_relative_p95_latency,0.8712568432213299,pt2,p95_latency,True,3,2,train
50,Int8WeightOnlyConfig,int8,8,False,True,pt2_relative_p99_latency,1.2002383422822491,pt2,p99_latency,True,3,2,train
51,Float8WeightOnlyConfig,float8,8,False,True,pt2_relative_p99_latency,0.9735534740771671,pt2,p99_latency,True,3,2,train
0,Int8WeightOnlyConfig,int8,8,False,True,pytorch_quantized_MAE,7.393091903356371,pytorch,MAE,False,3,2,test
1,Float8WeightOnlyConfig,float8,8,False,True,pytorch_quantized_MAE,7.386254390454583,pytorch,MAE,False,3,2,test
2,Int8WeightOnlyConfig,int8,8,False,True,pytorch_relative_MAE,1.001141680839652,pytorch,MAE,True,3,2,test
3,Float8WeightOnlyConfig,float8,8,False,True,pytorch_relative_MAE,1.000215773350777,pytorch,MAE,True,3,2,test
4,Int8WeightOnlyConfig,int8,8,False,True,pytorch_quantized_model_size,206337.0,pytorch,model_size,False,3,2,test
5,Float8WeightOnlyConfig,float8,8,False,True,pytorch_quantized_model_size,206337.0,pytorch,model_size,False,3,2,test
6,Int8WeightOnlyConfig,int8,8,False,True,pytorch_quantized_median_latency,0.000719509500413551,pytorch,median_latency,False,3,2,test
7,Float8WeightOnlyConfig,float8,8,False,True,pytorch_quantized_median_latency,0.0007849699995858828,pytorch,median_latency,False,3,2,test
8,Int8WeightOnlyConfig,int8,8,False,True,pytorch_quantized_p95_latency,0.0008339424498899461,pytorch,p95_latency,False,3,2,test
9,Float8WeightOnlyConfig,float8,8,False,True,pytorch_quantized_p95_latency,0.0009187784995901893,pytorch,p95_latency,False,3,2,test
10,Int8WeightOnlyConfig,int8,8,False,True,pytorch_quantized_p99_latency,0.0010060472497207238,pytorch,p99_latency,False,3,2,test
11,Float8WeightOnlyConfig,float8,8,False,True,pytorch_quantized_p99_latency,0.0009650582199446952,pytorch,p99_latency,False,3,2,test
12,Int8WeightOnlyConfig,int8,8,False,True,pytorch_relative_model_size,0.25,pytorch,model_size,True,3,2,test
13,Float8WeightOnlyConfig,float8,8,False,True,pytorch_relative_model_size,0.25,pytorch,model_size,True,3,2,test
14,Int8WeightOnlyConfig,int8,8,False,True,pytorch_relative_median_latency,2.198606905141276,pytorch,median_latency,True,3,2,test
15,Float8WeightOnlyConfig,float8,8,False,True,pytorch_relative_median_latency,2.398634709376747,pytorch,median_latency,True,3,2,test
16,Int8WeightOnlyConfig,int8,8,False,True,pytorch_relative_p95_latency,2.255819621380364,pytorch,p95_latency,True,3,2,test
17,Float8WeightOnlyConfig,float8,8,False,True,pytorch_relative_p95_latency,2.485301674415875,pytorch,p95_latency,True,3,2,test
18,Int8WeightOnlyConfig,int8,8,False,True,pytorch_relative_p99_latency,2.5055799467446795,pytorch,p99_latency,True,3,2,test
19,Float8WeightOnlyConfig,float8,8,False,True,pytorch_relative_p99_latency,2.403495982923052,pytorch,p99_latency,True,3,2,test
20,Int8WeightOnlyConfig,int8,8,False,True,onnx_quantized_model_size,47122.0,onnx,model_size,False,3,2,test
21,Float8WeightOnlyConfig,float8,8,False,True,onnx_quantized_model_size,,onnx,model_size,False,3,2,test
22,Int8WeightOnlyConfig,int8,8,False,True,onnx_quantized_median_latency,0.000337035000029573,onnx,median_latency,False,3,2,test
23,Float8WeightOnlyConfig,float8,8,False,True,onnx_quantized_median_latency,,onnx,median_latency,False,3,2,test
24,Int8WeightOnlyConfig,int8,8,False,True,onnx_quantized_p95_latency,0.0004094267000709806,onnx,p95_latency,False,3,2,test
25,Float8WeightOnlyConfig,float8,8,False,True,onnx_quantized_p95_latency,,onnx,p95_latency,False,3,2,test
26,Int8WeightOnlyConfig,int8,8,False,True,onnx_quantized_p99_latency,0.00044745562988282513,onnx,p99_latency,False,3,2,test
27,Float8WeightOnlyConfig,float8,8,False,True,onnx_quantized_p99_latency,,onnx,p99_latency,False,3,2,test
28,Int8WeightOnlyConfig,int8,8,False,True,onnx_relative_model_size,1.67574679943101,onnx,model_size,True,3,2,test
29,Float8WeightOnlyConfig,float8,8,False,True,onnx_relative_model_size,,onnx,model_size,True,3,2,test
30,Int8WeightOnlyConfig,int8,8,False,True,onnx_relative_median_latency,1.0733889287060259,onnx,median_latency,True,3,2,test
31,Float8WeightOnlyConfig,float8,8,False,True,onnx_relative_median_latency,,onnx,median_latency,True,3,2,test
32,Int8WeightOnlyConfig,int8,8,False,True,onnx_relative_p95_latency,1.1562881000714587,onnx,p95_latency,True,3,2,test
33,Float8WeightOnlyConfig,float8,8,False,True,onnx_relative_p95_latency,,onnx,p95_latency,True,3,2,test
34,Int8WeightOnlyConfig,int8,8,False,True,onnx_relative_p99_latency,1.1199830267322002,onnx,p99_latency,True,3,2,test
35,Float8WeightOnlyConfig,float8,8,False,True,onnx_relative_p99_latency,,onnx,p99_latency,True,3,2,test
36,Int8WeightOnlyConfig,int8,8,False,True,pt2_quantized_model_size,352993.0,pt2,model_size,False,3,2,test
37,Float8WeightOnlyConfig,float8,8,False,True,pt2_quantized_model_size,332577.0,pt2,model_size,False,3,2,test
38,Int8WeightOnlyConfig,int8,8,False,True,pt2_quantized_median_latency,0.0011274889998276194,pt2,median_latency,False,3,2,test
39,Float8WeightOnlyConfig,float8,8,False,True,pt2_quantized_median_latency,0.0009175024997603032,pt2,median_latency,False,3,2,test
40,Int8WeightOnlyConfig,int8,8,False,True,pt2_quantized_p95_latency,0.00119259609978144,pt2,p95_latency,False,3,2,test
41,Float8WeightOnlyConfig,float8,8,False,True,pt2_quantized_p95_latency,0.0009684352000931539,pt2,p95_latency,False,3,2,test
42,Int8WeightOnlyConfig,int8,8,False,True,pt2_quantized_p99_latency,0.0012333204499373107,pt2,p99_latency,False,3,2,test
43,Float8WeightOnlyConfig,float8,8,False,True,pt2_quantized_p99_latency,0.0010879163801473628,pt2,p99_latency,False,3,2,test
44,Int8WeightOnlyConfig,int8,8,False,True,pt2_relative_model_size,0.3967564238161981,pt2,model_size,True,3,2,test
45,Float8WeightOnlyConfig,float8,8,False,True,pt2_relative_model_size,0.3738092856331987,pt2,model_size,True,3,2,test
46,Int8WeightOnlyConfig,int8,8,False,True,pt2_relative_median_latency,1.776143831166426,pt2,median_latency,True,3,2,test
47,Float8WeightOnlyConfig,float8,8,False,True,pt2_relative_median_latency,1.4453501588735571,pt2,median_latency,True,3,2,test
48,Int8WeightOnlyConfig,int8,8,False,True,pt2_relative_p95_latency,1.6306253658001741,pt2,p95_latency,True,3,2,test
49,Float8WeightOnlyConfig,float8,8,False,True,pt2_relative_p95_latency,1.3241322881192268,pt2,p95_latency,True,3,2,test
50,Int8WeightOnlyConfig,int8,8,False,True,pt2_relative_p99_latency,1.3573914581221416,pt2,p99_latency,True,3,2,test
51,Float8WeightOnlyConfig,float8,8,False,True,pt2_relative_p99_latency,1.197359860236042,pt2,p99_latency,True,3,2,test
0,Int8WeightOnlyConfig,int8,8,False,True,pytorch_quantized_MAE,7.224312799610821,pytorch,MAE,False,3,3,train
1,Float8WeightOnlyConfig,float8,8,False,True,pytorch_quantized_MAE,7.212800993629811,pytorch,MAE,False,3,3,train
2,Int8WeightOnlyConfig,int8,8,False,True,pytorch_relative_MAE,1.0012780432353772,pytorch,MAE,True,3,3,train
3,Float8WeightOnlyConfig,float8,8,False,True,pytorch_relative_MAE,0.9996825255873328,pytorch,MAE,True,3,3,train
4,Int8WeightOnlyConfig,int8,8,False,True,pytorch_quantized_model_size,206337.0,pytorch,model_size,False,3,3,train
5,Float8WeightOnlyConfig,float8,8,False,True,pytorch_quantized_model_size,206337.0,pytorch,model_size,False,3,3,train
6,Int8WeightOnlyConfig,int8,8,False,True,pytorch_quantized_median_latency,0.0007034995001049538,pytorch,median_latency,False,3,3,train
7,Float8WeightOnlyConfig,float8,8,False,True,pytorch_quantized_median_latency,0.0008203120000871422,pytorch,median_latency,False,3,3,train
8,Int8WeightOnlyConfig,int8,8,False,True,pytorch_quantized_p95_latency,0.0007898601496890478,pytorch,p95_latency,False,3,3,train
9,Float8WeightOnlyConfig,float8,8,False,True,pytorch_quantized_p95_latency,0.0009235446993443473,pytorch,p95_latency,False,3,3,train
10,Int8WeightOnlyConfig,int8,8,False,True,pytorch_quantized_p99_latency,0.0007986367905959923,pytorch,p99_latency,False,3,3,train
11,Float8WeightOnlyConfig,float8,8,False,True,pytorch_quantized_p99_latency,0.001223195059565116,pytorch,p99_latency,False,3,3,train
12,Int8WeightOnlyConfig,int8,8,False,True,pytorch_relative_model_size,0.25,pytorch,model_size,True,3,3,train
13,Float8WeightOnlyConfig,float8,8,False,True,pytorch_relative_model_size,0.25,pytorch,model_size,True,3,3,train
14,Int8WeightOnlyConfig,int8,8,False,True,pytorch_relative_median_latency,2.0774473507771614,pytorch,median_latency,True,3,3,train
15,Float8WeightOnlyConfig,float8,8,False,True,pytorch_relative_median_latency,2.4223968760994263,pytorch,median_latency,True,3,3,train
16,Int8WeightOnlyConfig,int8,8,False,True,pytorch_relative_p95_latency,2.0256753659663738,pytorch,p95_latency,True,3,3,train
17,Float8WeightOnlyConfig,float8,8,False,True,pytorch_relative_p95_latency,2.3685227664253765,pytorch,p95_latency,True,3,3,train
18,Int8WeightOnlyConfig,int8,8,False,True,pytorch_relative_p99_latency,1.9377515682344684,pytorch,p99_latency,True,3,3,train
19,Float8WeightOnlyConfig,float8,8,False,True,pytorch_relative_p99_latency,2.967867462204103,pytorch,p99_latency,True,3,3,train
20,Int8WeightOnlyConfig,int8,8,False,True,onnx_quantized_model_size,47122.0,onnx,model_size,False,3,3,train
21,Float8WeightOnlyConfig,float8,8,False,True,onnx_quantized_model_size,,onnx,model_size,False,3,3,train
22,Int8WeightOnlyConfig,int8,8,False,True,onnx_quantized_median_latency,0.00034123250043194275,onnx,median_latency,False,3,3,train
23,Float8WeightOnlyConfig,float8,8,False,True,onnx_quantized_median_latency,,onnx,median_latency,False,3,3,train
24,Int8WeightOnlyConfig,int8,8,False,True,onnx_quantized_p95_latency,0.00037790250003126856,onnx,p95_latency,False,3,3,train
25,Float8WeightOnlyConfig,float8,8,False,True,onnx_quantized_p95_latency,,onnx,p95_latency,False,3,3,train
26,Int8WeightOnlyConfig,int8,8,False,True,onnx_quantized_p99_latency,0.0004404742802125839,onnx,p99_latency,False,3,3,train
27,Float8WeightOnlyConfig,float8,8,False,True,onnx_quantized_p99_latency,,onnx,p99_latency,False,3,3,train
28,Int8WeightOnlyConfig,int8,8,False,True,onnx_relative_model_size,1.67574679943101,onnx,model_size,True,3,3,train
29,Float8WeightOnlyConfig,float8,8,False,True,onnx_relative_model_size,,onnx,model_size,True,3,3,train
30,Int8WeightOnlyConfig,int8,8,False,True,onnx_relative_median_latency,1.1345825188635605,onnx,median_latency,True,3,3,train
31,Float8WeightOnlyConfig,float8,8,False,True,onnx_relative_median_latency,,onnx,median_latency,True,3,3,train
32,Int8WeightOnlyConfig,int8,8,False,True,onnx_relative_p95_latency,1.1010816261413703,onnx,p95_latency,True,3,3,train
33,Float8WeightOnlyConfig,float8,8,False,True,onnx_relative_p95_latency,,onnx,p95_latency,True,3,3,train
34,Int8WeightOnlyConfig,int8,8,False,True,onnx_relative_p99_latency,1.124628095431084,onnx,p99_latency,True,3,3,train
35,Float8WeightOnlyConfig,float8,8,False,True,onnx_relative_p99_latency,,onnx,p99_latency,True,3,3,train
36,Int8WeightOnlyConfig,int8,8,False,True,pt2_quantized_model_size,352993.0,pt2,model_size,False,3,3,train
37,Float8WeightOnlyConfig,float8,8,False,True,pt2_quantized_model_size,332577.0,pt2,model_size,False,3,3,train
38,Int8WeightOnlyConfig,int8,8,False,True,pt2_quantized_median_latency,0.0010264874999847962,pt2,median_latency,False,3,3,train
39,Float8WeightOnlyConfig,float8,8,False,True,pt2_quantized_median_latency,0.0009980315003303986,pt2,median_latency,False,3,3,train
40,Int8WeightOnlyConfig,int8,8,False,True,pt2_quantized_p95_latency,0.0011891692496647011,pt2,p95_latency,False,3,3,train
41,Float8WeightOnlyConfig,float8,8,False,True,pt2_quantized_p95_latency,0.0010795095502544427,pt2,p95_latency,False,3,3,train
42,Int8WeightOnlyConfig,int8,8,False,True,pt2_quantized_p99_latency,0.0011983599700397466,pt2,p99_latency,False,3,3,train
43,Float8WeightOnlyConfig,float8,8,False,True,pt2_quantized_p99_latency,0.0012587789499411885,pt2,p99_latency,False,3,3,train
44,Int8WeightOnlyConfig,int8,8,False,True,pt2_relative_model_size,0.3967564238161981,pt2,model_size,True,3,3,train
45,Float8WeightOnlyConfig,float8,8,False,True,pt2_relative_model_size,0.3738092856331987,pt2,model_size,True,3,3,train
46,Int8WeightOnlyConfig,int8,8,False,True,pt2_relative_median_latency,1.616389747044827,pt2,median_latency,True,3,3,train
47,Float8WeightOnlyConfig,float8,8,False,True,pt2_relative_median_latency,1.5715806421273675,pt2,median_latency,True,3,3,train
48,Int8WeightOnlyConfig,int8,8,False,True,pt2_relative_p95_latency,1.5764289536052971,pt2,p95_latency,True,3,3,train
49,Float8WeightOnlyConfig,float8,8,False,True,pt2_relative_p95_latency,1.4310579517544437,pt2,p95_latency,True,3,3,train
50,Int8WeightOnlyConfig,int8,8,False,True,pt2_relative_p99_latency,1.2204271971846987,pt2,p99_latency,True,3,3,train
51,Float8WeightOnlyConfig,float8,8,False,True,pt2_relative_p99_latency,1.2819587637768552,pt2,p99_latency,True,3,3,train
0,Int8WeightOnlyConfig,int8,8,False,True,pytorch_quantized_MAE,7.346480049284023,pytorch,MAE,False,3,3,test
1,Float8WeightOnlyConfig,float8,8,False,True,pytorch_quantized_MAE,7.332599338448956,pytorch,MAE,False,3,3,test
2,Int8WeightOnlyConfig,int8,8,False,True,pytorch_relative_MAE,1.0012986492212743,pytorch,MAE,True,3,3,test
3,Float8WeightOnlyConfig,float8,8,False,True,pytorch_relative_MAE,0.9994067585585157,pytorch,MAE,True,3,3,test
4,Int8WeightOnlyConfig,int8,8,False,True,pytorch_quantized_model_size,206337.0,pytorch,model_size,False,3,3,test
5,Float8WeightOnlyConfig,float8,8,False,True,pytorch_quantized_model_size,206337.0,pytorch,model_size,False,3,3,test
6,Int8WeightOnlyConfig,int8,8,False,True,pytorch_quantized_median_latency,0.0006416179999177984,pytorch,median_latency,False,3,3,test
7,Float8WeightOnlyConfig,float8,8,False,True,pytorch_quantized_median_latency,0.0007680795001760998,pytorch,median_latency,False,3,3,test
8,Int8WeightOnlyConfig,int8,8,False,True,pytorch_quantized_p95_latency,0.000752922649780885,pytorch,p95_latency,False,3,3,test
9,Float8WeightOnlyConfig,float8,8,False,True,pytorch_quantized_p95_latency,0.0008585305999076809,pytorch,p95_latency,False,3,3,test
10,Int8WeightOnlyConfig,int8,8,False,True,pytorch_quantized_p99_latency,0.0008119313794941264,pytorch,p99_latency,False,3,3,test
11,Float8WeightOnlyConfig,float8,8,False,True,pytorch_quantized_p99_latency,0.0008938708804816998,pytorch,p99_latency,False,3,3,test
12,Int8WeightOnlyConfig,int8,8,False,True,pytorch_relative_model_size,0.25,pytorch,model_size,True,3,3,test
13,Float8WeightOnlyConfig,float8,8,False,True,pytorch_relative_model_size,0.25,pytorch,model_size,True,3,3,test
14,Int8WeightOnlyConfig,int8,8,False,True,pytorch_relative_median_latency,1.9229320294487318,pytorch,median_latency,True,3,3,test
15,Float8WeightOnlyConfig,float8,8,False,True,pytorch_relative_median_latency,2.301937714092837,pytorch,median_latency,True,3,3,test
16,Int8WeightOnlyConfig,int8,8,False,True,pytorch_relative_p95_latency,2.004050965147058,pytorch,p95_latency,True,3,3,test
17,Float8WeightOnlyConfig,float8,8,False,True,pytorch_relative_p95_latency,2.285147189892588,pytorch,p95_latency,True,3,3,test
18,Int8WeightOnlyConfig,int8,8,False,True,pytorch_relative_p99_latency,1.8926539523659531,pytorch,p99_latency,True,3,3,test
19,Float8WeightOnlyConfig,float8,8,False,True,pytorch_relative_p99_latency,2.083659158367043,pytorch,p99_latency,True,3,3,test
20,Int8WeightOnlyConfig,int8,8,False,True,onnx_quantized_model_size,47122.0,onnx,model_size,False,3,3,test
21,Float8WeightOnlyConfig,float8,8,False,True,onnx_quantized_model_size,,onnx,model_size,False,3,3,test
22,Int8WeightOnlyConfig,int8,8,False,True,onnx_quantized_median_latency,0.00036953949984308565,onnx,median_latency,False,3,3,test
23,Float8WeightOnlyConfig,float8,8,False,True,onnx_quantized_median_latency,,onnx,median_latency,False,3,3,test
24,Int8WeightOnlyConfig,int8,8,False,True,onnx_quantized_p95_latency,0.0004282780002995423,onnx,p95_latency,False,3,3,test
25,Float8WeightOnlyConfig,float8,8,False,True,onnx_quantized_p95_latency,,onnx,p95_latency,False,3,3,test
26,Int8WeightOnlyConfig,int8,8,False,True,onnx_quantized_p99_latency,0.0005376064394931746,onnx,p99_latency,False,3,3,test
27,Float8WeightOnlyConfig,float8,8,False,True,onnx_quantized_p99_latency,,onnx,p99_latency,False,3,3,test
28,Int8WeightOnlyConfig,int8,8,False,True,onnx_relative_model_size,1.67574679943101,onnx,model_size,True,3,3,test
29,Float8WeightOnlyConfig,float8,8,False,True,onnx_relative_model_size,,onnx,model_size,True,3,3,test
30,Int8WeightOnlyConfig,int8,8,False,True,onnx_relative_median_latency,1.2034823983554659,onnx,median_latency,True,3,3,test
31,Float8WeightOnlyConfig,float8,8,False,True,onnx_relative_median_latency,,onnx,median_latency,True,3,3,test
32,Int8WeightOnlyConfig,int8,8,False,True,onnx_relative_p95_latency,1.1863451105653406,onnx,p95_latency,True,3,3,test
33,Float8WeightOnlyConfig,float8,8,False,True,onnx_relative_p95_latency,,onnx,p95_latency,True,3,3,test
34,Int8WeightOnlyConfig,int8,8,False,True,onnx_relative_p99_latency,1.436702633814491,onnx,p99_latency,True,3,3,test
35,Float8WeightOnlyConfig,float8,8,False,True,onnx_relative_p99_latency,,onnx,p99_latency,True,3,3,test
36,Int8WeightOnlyConfig,int8,8,False,True,pt2_quantized_model_size,352993.0,pt2,model_size,False,3,3,test
37,Float8WeightOnlyConfig,float8,8,False,True,pt2_quantized_model_size,332577.0,pt2,model_size,False,3,3,test
38,Int8WeightOnlyConfig,int8,8,False,True,pt2_quantized_median_latency,0.0012536059998637938,pt2,median_latency,False,3,3,test
39,Float8WeightOnlyConfig,float8,8,False,True,pt2_quantized_median_latency,0.001032372999816289,pt2,median_latency,False,3,3,test
40,Int8WeightOnlyConfig,int8,8,False,True,pt2_quantized_p95_latency,0.0014304859500043677,pt2,p95_latency,False,3,3,test
41,Float8WeightOnlyConfig,float8,8,False,True,pt2_quantized_p95_latency,0.0012115456499941502,pt2,p95_latency,False,3,3,test
42,Int8WeightOnlyConfig,int8,8,False,True,pt2_quantized_p99_latency,0.0016073912500178295,pt2,p99_latency,False,3,3,test
43,Float8WeightOnlyConfig,float8,8,False,True,pt2_quantized_p99_latency,0.0012443885299398974,pt2,p99_latency,False,3,3,test
44,Int8WeightOnlyConfig,int8,8,False,True,pt2_relative_model_size,0.3967564238161981,pt2,model_size,True,3,3,test
45,Float8WeightOnlyConfig,float8,8,False,True,pt2_relative_model_size,0.3738092856331987,pt2,model_size,True,3,3,test
46,Int8WeightOnlyConfig,int8,8,False,True,pt2_relative_median_latency,1.9199861538841279,pt2,median_latency,True,3,3,test
47,Float8WeightOnlyConfig,float8,8,False,True,pt2_relative_median_latency,1.5811521845830818,pt2,median_latency,True,3,3,test
48,Int8WeightOnlyConfig,int8,8,False,True,pt2_relative_p95_latency,1.8603080881876108,pt2,p95_latency,True,3,3,test
49,Float8WeightOnlyConfig,float8,8,False,True,pt2_relative_p95_latency,1.5755821802274619,pt2,p95_latency,True,3,3,test
50,Int8WeightOnlyConfig,int8,8,False,True,pt2_relative_p99_latency,1.7289813623226353,pt2,p99_latency,True,3,3,test
51,Float8WeightOnlyConfig,float8,8,False,True,pt2_relative_p99_latency,1.338519527047494,pt2,p99_latency,True,3,3,test
