,hidden_layer_1_neurons,hidden_layer_2_neurons,hidden_layer_3_neurons,total_hidden_neurons,neurons_per_layer,activation,model_ID,config_name,precision,bits_per_weight,dynamic_calibration,weight_only,metric,value,runtime,base_metric,relative,eval_run
0,128,296,72,496,"[128, 296, 72]",relu,model_1,Int8WeightOnlyConfig,int8,8.0,False,True,pytorch_quantized_MAE,8.120438910382935,pytorch,MAE,False,1.0
1,128,296,72,496,"[128, 296, 72]",relu,model_1,Float8WeightOnlyConfig,float8,8.0,False,True,pytorch_quantized_MAE,8.216123004959982,pytorch,MAE,False,1.0
2,128,296,72,496,"[128, 296, 72]",relu,model_1,Int8WeightOnlyConfig,int8,8.0,False,True,pytorch_relative_MAE,1.0011189645898946,pytorch,MAE,True,1.0
3,128,296,72,496,"[128, 296, 72]",relu,model_1,Float8WeightOnlyConfig,float8,8.0,False,True,pytorch_relative_MAE,1.012915268059183,pytorch,MAE,True,1.0
4,128,296,72,496,"[128, 296, 72]",relu,model_1,Int8WeightOnlyConfig,int8,8.0,False,True,pytorch_quantized_model_size,70137.0,pytorch,model_size,False,1.0
5,128,296,72,496,"[128, 296, 72]",relu,model_1,Float8WeightOnlyConfig,float8,8.0,False,True,pytorch_quantized_model_size,70137.0,pytorch,model_size,False,1.0
6,128,296,72,496,"[128, 296, 72]",relu,model_1,Int8WeightOnlyConfig,int8,8.0,False,True,pytorch_quantized_median_latency,0.0004204604774713516,pytorch,median_latency,False,1.0
7,128,296,72,496,"[128, 296, 72]",relu,model_1,Float8WeightOnlyConfig,float8,8.0,False,True,pytorch_quantized_median_latency,0.000519581139087677,pytorch,median_latency,False,1.0
8,128,296,72,496,"[128, 296, 72]",relu,model_1,Int8WeightOnlyConfig,int8,8.0,False,True,pytorch_quantized_p95_latency,0.0004311840981245041,pytorch,p95_latency,False,1.0
9,128,296,72,496,"[128, 296, 72]",relu,model_1,Float8WeightOnlyConfig,float8,8.0,False,True,pytorch_quantized_p95_latency,0.0005269724875688553,pytorch,p95_latency,False,1.0
10,128,296,72,496,"[128, 296, 72]",relu,model_1,Int8WeightOnlyConfig,int8,8.0,False,True,pytorch_quantized_p99_latency,0.00043430238962173463,pytorch,p99_latency,False,1.0
11,128,296,72,496,"[128, 296, 72]",relu,model_1,Float8WeightOnlyConfig,float8,8.0,False,True,pytorch_quantized_p99_latency,0.0005339813232421875,pytorch,p99_latency,False,1.0
12,128,296,72,496,"[128, 296, 72]",relu,model_1,Int8WeightOnlyConfig,int8,8.0,False,True,pytorch_relative_model_size,0.25,pytorch,model_size,True,1.0
13,128,296,72,496,"[128, 296, 72]",relu,model_1,Float8WeightOnlyConfig,float8,8.0,False,True,pytorch_relative_model_size,0.25,pytorch,model_size,True,1.0
14,128,296,72,496,"[128, 296, 72]",relu,model_1,Int8WeightOnlyConfig,int8,8.0,False,True,pytorch_relative_median_latency,2.668301851107591,pytorch,median_latency,True,1.0
15,128,296,72,496,"[128, 296, 72]",relu,model_1,Float8WeightOnlyConfig,float8,8.0,False,True,pytorch_relative_median_latency,3.297335634412161,pytorch,median_latency,True,1.0
16,128,296,72,496,"[128, 296, 72]",relu,model_1,Int8WeightOnlyConfig,int8,8.0,False,True,pytorch_relative_p95_latency,2.562858566288403,pytorch,p95_latency,True,1.0
17,128,296,72,496,"[128, 296, 72]",relu,model_1,Float8WeightOnlyConfig,float8,8.0,False,True,pytorch_relative_p95_latency,3.1322026017160254,pytorch,p95_latency,True,1.0
18,128,296,72,496,"[128, 296, 72]",relu,model_1,Int8WeightOnlyConfig,int8,8.0,False,True,pytorch_relative_p99_latency,2.524129258658482,pytorch,p99_latency,True,1.0
19,128,296,72,496,"[128, 296, 72]",relu,model_1,Float8WeightOnlyConfig,float8,8.0,False,True,pytorch_relative_p99_latency,3.103454905570995,pytorch,p99_latency,True,1.0
20,128,296,72,496,"[128, 296, 72]",relu,model_1,Int8WeightOnlyConfig,int8,8.0,False,True,onnx_quantized_model_size,32740.0,onnx,model_size,False,1.0
21,128,296,72,496,"[128, 296, 72]",relu,model_1,Float8WeightOnlyConfig,float8,8.0,False,True,onnx_quantized_model_size,,onnx,model_size,False,1.0
22,128,296,72,496,"[128, 296, 72]",relu,model_1,Int8WeightOnlyConfig,int8,8.0,False,True,onnx_quantized_median_latency,0.00019793398678302765,onnx,median_latency,False,1.0
23,128,296,72,496,"[128, 296, 72]",relu,model_1,Float8WeightOnlyConfig,float8,8.0,False,True,onnx_quantized_median_latency,,onnx,median_latency,False,1.0
24,128,296,72,496,"[128, 296, 72]",relu,model_1,Int8WeightOnlyConfig,int8,8.0,False,True,onnx_quantized_p95_latency,0.0002059347927570343,onnx,p95_latency,False,1.0
25,128,296,72,496,"[128, 296, 72]",relu,model_1,Float8WeightOnlyConfig,float8,8.0,False,True,onnx_quantized_p95_latency,,onnx,p95_latency,False,1.0
26,128,296,72,496,"[128, 296, 72]",relu,model_1,Int8WeightOnlyConfig,int8,8.0,False,True,onnx_quantized_p99_latency,0.00021050456911325454,onnx,p99_latency,False,1.0
27,128,296,72,496,"[128, 296, 72]",relu,model_1,Float8WeightOnlyConfig,float8,8.0,False,True,onnx_quantized_p99_latency,,onnx,p99_latency,False,1.0
28,128,296,72,496,"[128, 296, 72]",relu,model_1,Int8WeightOnlyConfig,int8,8.0,False,True,onnx_relative_model_size,2.4273428232502967,onnx,model_size,True,1.0
29,128,296,72,496,"[128, 296, 72]",relu,model_1,Float8WeightOnlyConfig,float8,8.0,False,True,onnx_relative_model_size,,onnx,model_size,True,1.0
30,128,296,72,496,"[128, 296, 72]",relu,model_1,Int8WeightOnlyConfig,int8,8.0,False,True,onnx_relative_median_latency,1.177190650271408,onnx,median_latency,True,1.0
31,128,296,72,496,"[128, 296, 72]",relu,model_1,Float8WeightOnlyConfig,float8,8.0,False,True,onnx_relative_median_latency,,onnx,median_latency,True,1.0
32,128,296,72,496,"[128, 296, 72]",relu,model_1,Int8WeightOnlyConfig,int8,8.0,False,True,onnx_relative_p95_latency,1.16908780604379,onnx,p95_latency,True,1.0
33,128,296,72,496,"[128, 296, 72]",relu,model_1,Float8WeightOnlyConfig,float8,8.0,False,True,onnx_relative_p95_latency,,onnx,p95_latency,True,1.0
34,128,296,72,496,"[128, 296, 72]",relu,model_1,Int8WeightOnlyConfig,int8,8.0,False,True,onnx_relative_p99_latency,1.1651806067479444,onnx,p99_latency,True,1.0
35,128,296,72,496,"[128, 296, 72]",relu,model_1,Float8WeightOnlyConfig,float8,8.0,False,True,onnx_relative_p99_latency,,onnx,p99_latency,True,1.0
36,128,296,72,496,"[128, 296, 72]",relu,model_1,Int8WeightOnlyConfig,int8,8.0,False,True,pt2_quantized_model_size,214753.0,pt2,model_size,False,1.0
37,128,296,72,496,"[128, 296, 72]",relu,model_1,Float8WeightOnlyConfig,float8,8.0,False,True,pt2_quantized_model_size,194017.0,pt2,model_size,False,1.0
38,128,296,72,496,"[128, 296, 72]",relu,model_1,Int8WeightOnlyConfig,int8,8.0,False,True,pt2_quantized_median_latency,0.0008940957486629486,pt2,median_latency,False,1.0
39,128,296,72,496,"[128, 296, 72]",relu,model_1,Float8WeightOnlyConfig,float8,8.0,False,True,pt2_quantized_median_latency,0.0007250234484672546,pt2,median_latency,False,1.0
40,128,296,72,496,"[128, 296, 72]",relu,model_1,Int8WeightOnlyConfig,int8,8.0,False,True,pt2_quantized_p95_latency,0.00090757105499506,pt2,p95_latency,False,1.0
41,128,296,72,496,"[128, 296, 72]",relu,model_1,Float8WeightOnlyConfig,float8,8.0,False,True,pt2_quantized_p95_latency,0.0007352784276008606,pt2,p95_latency,False,1.0
42,128,296,72,496,"[128, 296, 72]",relu,model_1,Int8WeightOnlyConfig,int8,8.0,False,True,pt2_quantized_p99_latency,0.0010643140599131582,pt2,p99_latency,False,1.0
43,128,296,72,496,"[128, 296, 72]",relu,model_1,Float8WeightOnlyConfig,float8,8.0,False,True,pt2_quantized_p99_latency,0.0008489678427577019,pt2,p99_latency,False,1.0
44,128,296,72,496,"[128, 296, 72]",relu,model_1,Int8WeightOnlyConfig,int8,8.0,False,True,pt2_relative_model_size,0.6229473482683902,pt2,model_size,True,1.0
45,128,296,72,496,"[128, 296, 72]",relu,model_1,Float8WeightOnlyConfig,float8,8.0,False,True,pt2_relative_model_size,0.5627971468104671,pt2,model_size,True,1.0
46,128,296,72,496,"[128, 296, 72]",relu,model_1,Int8WeightOnlyConfig,int8,8.0,False,True,pt2_relative_median_latency,1.9881295559973493,pt2,median_latency,True,1.0
47,128,296,72,496,"[128, 296, 72]",relu,model_1,Float8WeightOnlyConfig,float8,8.0,False,True,pt2_relative_median_latency,1.6121769383697813,pt2,median_latency,True,1.0
48,128,296,72,496,"[128, 296, 72]",relu,model_1,Int8WeightOnlyConfig,int8,8.0,False,True,pt2_relative_p95_latency,0.8856772147860654,pt2,p95_latency,True,1.0
49,128,296,72,496,"[128, 296, 72]",relu,model_1,Float8WeightOnlyConfig,float8,8.0,False,True,pt2_relative_p95_latency,0.7175408980549215,pt2,p95_latency,True,1.0
50,128,296,72,496,"[128, 296, 72]",relu,model_1,Int8WeightOnlyConfig,int8,8.0,False,True,pt2_relative_p99_latency,1.0074081087113584,pt2,p99_latency,True,1.0
51,128,296,72,496,"[128, 296, 72]",relu,model_1,Float8WeightOnlyConfig,float8,8.0,False,True,pt2_relative_p99_latency,0.8035758626538133,pt2,p99_latency,True,1.0
52,128,296,72,496,"[128, 296, 72]",relu,model_1,Int8WeightOnlyConfig,int8,8.0,False,True,pytorch_quantized_MAE,8.087014931277745,pytorch,MAE,False,2.0
53,128,296,72,496,"[128, 296, 72]",relu,model_1,Float8WeightOnlyConfig,float8,8.0,False,True,pytorch_quantized_MAE,8.200579732067721,pytorch,MAE,False,2.0
54,128,296,72,496,"[128, 296, 72]",relu,model_1,Int8WeightOnlyConfig,int8,8.0,False,True,pytorch_relative_MAE,1.0012186417288569,pytorch,MAE,True,2.0
55,128,296,72,496,"[128, 296, 72]",relu,model_1,Float8WeightOnlyConfig,float8,8.0,False,True,pytorch_relative_MAE,1.0152786127517104,pytorch,MAE,True,2.0
56,128,296,72,496,"[128, 296, 72]",relu,model_1,Int8WeightOnlyConfig,int8,8.0,False,True,pytorch_quantized_model_size,70137.0,pytorch,model_size,False,2.0
57,128,296,72,496,"[128, 296, 72]",relu,model_1,Float8WeightOnlyConfig,float8,8.0,False,True,pytorch_quantized_model_size,70137.0,pytorch,model_size,False,2.0
58,128,296,72,496,"[128, 296, 72]",relu,model_1,Int8WeightOnlyConfig,int8,8.0,False,True,pytorch_quantized_median_latency,0.00042089447379112244,pytorch,median_latency,False,2.0
59,128,296,72,496,"[128, 296, 72]",relu,model_1,Float8WeightOnlyConfig,float8,8.0,False,True,pytorch_quantized_median_latency,0.0005173739045858383,pytorch,median_latency,False,2.0
60,128,296,72,496,"[128, 296, 72]",relu,model_1,Int8WeightOnlyConfig,int8,8.0,False,True,pytorch_quantized_p95_latency,0.00043175853788852693,pytorch,p95_latency,False,2.0
61,128,296,72,496,"[128, 296, 72]",relu,model_1,Float8WeightOnlyConfig,float8,8.0,False,True,pytorch_quantized_p95_latency,0.0005809474736452102,pytorch,p95_latency,False,2.0
62,128,296,72,496,"[128, 296, 72]",relu,model_1,Int8WeightOnlyConfig,int8,8.0,False,True,pytorch_quantized_p99_latency,0.0004348447173833847,pytorch,p99_latency,False,2.0
63,128,296,72,496,"[128, 296, 72]",relu,model_1,Float8WeightOnlyConfig,float8,8.0,False,True,pytorch_quantized_p99_latency,0.000585232637822628,pytorch,p99_latency,False,2.0
64,128,296,72,496,"[128, 296, 72]",relu,model_1,Int8WeightOnlyConfig,int8,8.0,False,True,pytorch_relative_model_size,0.25,pytorch,model_size,True,2.0
65,128,296,72,496,"[128, 296, 72]",relu,model_1,Float8WeightOnlyConfig,float8,8.0,False,True,pytorch_relative_model_size,0.25,pytorch,model_size,True,2.0
66,128,296,72,496,"[128, 296, 72]",relu,model_1,Int8WeightOnlyConfig,int8,8.0,False,True,pytorch_relative_median_latency,2.6626210732213136,pytorch,median_latency,True,2.0
67,128,296,72,496,"[128, 296, 72]",relu,model_1,Float8WeightOnlyConfig,float8,8.0,False,True,pytorch_relative_median_latency,3.2729597247425355,pytorch,median_latency,True,2.0
68,128,296,72,496,"[128, 296, 72]",relu,model_1,Int8WeightOnlyConfig,int8,8.0,False,True,pytorch_relative_p95_latency,2.570453358409636,pytorch,p95_latency,True,2.0
69,128,296,72,496,"[128, 296, 72]",relu,model_1,Float8WeightOnlyConfig,float8,8.0,False,True,pytorch_relative_p95_latency,3.4586423976553062,pytorch,p95_latency,True,2.0
70,128,296,72,496,"[128, 296, 72]",relu,model_1,Int8WeightOnlyConfig,int8,8.0,False,True,pytorch_relative_p99_latency,2.5236826026626638,pytorch,p99_latency,True,2.0
71,128,296,72,496,"[128, 296, 72]",relu,model_1,Float8WeightOnlyConfig,float8,8.0,False,True,pytorch_relative_p99_latency,3.396480094022132,pytorch,p99_latency,True,2.0
72,128,296,72,496,"[128, 296, 72]",relu,model_1,Int8WeightOnlyConfig,int8,8.0,False,True,onnx_quantized_model_size,32740.0,onnx,model_size,False,2.0
73,128,296,72,496,"[128, 296, 72]",relu,model_1,Float8WeightOnlyConfig,float8,8.0,False,True,onnx_quantized_model_size,,onnx,model_size,False,2.0
74,128,296,72,496,"[128, 296, 72]",relu,model_1,Int8WeightOnlyConfig,int8,8.0,False,True,onnx_quantized_median_latency,0.0002225879579782486,onnx,median_latency,False,2.0
75,128,296,72,496,"[128, 296, 72]",relu,model_1,Float8WeightOnlyConfig,float8,8.0,False,True,onnx_quantized_median_latency,,onnx,median_latency,False,2.0
76,128,296,72,496,"[128, 296, 72]",relu,model_1,Int8WeightOnlyConfig,int8,8.0,False,True,onnx_quantized_p95_latency,0.00025350470095872877,onnx,p95_latency,False,2.0
77,128,296,72,496,"[128, 296, 72]",relu,model_1,Float8WeightOnlyConfig,float8,8.0,False,True,onnx_quantized_p95_latency,,onnx,p95_latency,False,2.0
78,128,296,72,496,"[128, 296, 72]",relu,model_1,Int8WeightOnlyConfig,int8,8.0,False,True,onnx_quantized_p99_latency,0.0002593237906694412,onnx,p99_latency,False,2.0
79,128,296,72,496,"[128, 296, 72]",relu,model_1,Float8WeightOnlyConfig,float8,8.0,False,True,onnx_quantized_p99_latency,,onnx,p99_latency,False,2.0
80,128,296,72,496,"[128, 296, 72]",relu,model_1,Int8WeightOnlyConfig,int8,8.0,False,True,onnx_relative_model_size,2.4273428232502967,onnx,model_size,True,2.0
81,128,296,72,496,"[128, 296, 72]",relu,model_1,Float8WeightOnlyConfig,float8,8.0,False,True,onnx_relative_model_size,,onnx,model_size,True,2.0
82,128,296,72,496,"[128, 296, 72]",relu,model_1,Int8WeightOnlyConfig,int8,8.0,False,True,onnx_relative_median_latency,1.3346251354158523,onnx,median_latency,True,2.0
83,128,296,72,496,"[128, 296, 72]",relu,model_1,Float8WeightOnlyConfig,float8,8.0,False,True,onnx_relative_median_latency,,onnx,median_latency,True,2.0
84,128,296,72,496,"[128, 296, 72]",relu,model_1,Int8WeightOnlyConfig,int8,8.0,False,True,onnx_relative_p95_latency,1.4422829517251317,onnx,p95_latency,True,2.0
85,128,296,72,496,"[128, 296, 72]",relu,model_1,Float8WeightOnlyConfig,float8,8.0,False,True,onnx_relative_p95_latency,,onnx,p95_latency,True,2.0
86,128,296,72,496,"[128, 296, 72]",relu,model_1,Int8WeightOnlyConfig,int8,8.0,False,True,onnx_relative_p99_latency,1.4141648687851196,onnx,p99_latency,True,2.0
87,128,296,72,496,"[128, 296, 72]",relu,model_1,Float8WeightOnlyConfig,float8,8.0,False,True,onnx_relative_p99_latency,,onnx,p99_latency,True,2.0
88,128,296,72,496,"[128, 296, 72]",relu,model_1,Int8WeightOnlyConfig,int8,8.0,False,True,pt2_quantized_model_size,214753.0,pt2,model_size,False,2.0
89,128,296,72,496,"[128, 296, 72]",relu,model_1,Float8WeightOnlyConfig,float8,8.0,False,True,pt2_quantized_model_size,194017.0,pt2,model_size,False,2.0
90,128,296,72,496,"[128, 296, 72]",relu,model_1,Int8WeightOnlyConfig,int8,8.0,False,True,pt2_quantized_median_latency,0.0008918996900320053,pt2,median_latency,False,2.0
91,128,296,72,496,"[128, 296, 72]",relu,model_1,Float8WeightOnlyConfig,float8,8.0,False,True,pt2_quantized_median_latency,0.0007267296314239502,pt2,median_latency,False,2.0
92,128,296,72,496,"[128, 296, 72]",relu,model_1,Int8WeightOnlyConfig,int8,8.0,False,True,pt2_quantized_p95_latency,0.0009097477421164512,pt2,p95_latency,False,2.0
93,128,296,72,496,"[128, 296, 72]",relu,model_1,Float8WeightOnlyConfig,float8,8.0,False,True,pt2_quantized_p95_latency,0.0007363844662904739,pt2,p95_latency,False,2.0
94,128,296,72,496,"[128, 296, 72]",relu,model_1,Int8WeightOnlyConfig,int8,8.0,False,True,pt2_quantized_p99_latency,0.0010237136855721473,pt2,p99_latency,False,2.0
95,128,296,72,496,"[128, 296, 72]",relu,model_1,Float8WeightOnlyConfig,float8,8.0,False,True,pt2_quantized_p99_latency,0.0008553887531161308,pt2,p99_latency,False,2.0
96,128,296,72,496,"[128, 296, 72]",relu,model_1,Int8WeightOnlyConfig,int8,8.0,False,True,pt2_relative_model_size,0.6229473482683902,pt2,model_size,True,2.0
97,128,296,72,496,"[128, 296, 72]",relu,model_1,Float8WeightOnlyConfig,float8,8.0,False,True,pt2_relative_model_size,0.5627971468104671,pt2,model_size,True,2.0
98,128,296,72,496,"[128, 296, 72]",relu,model_1,Int8WeightOnlyConfig,int8,8.0,False,True,pt2_relative_median_latency,1.9627763795407407,pt2,median_latency,True,2.0
99,128,296,72,496,"[128, 296, 72]",relu,model_1,Float8WeightOnlyConfig,float8,8.0,False,True,pt2_relative_median_latency,1.5992916813549873,pt2,median_latency,True,2.0
100,128,296,72,496,"[128, 296, 72]",relu,model_1,Int8WeightOnlyConfig,int8,8.0,False,True,pt2_relative_p95_latency,1.9139913591253317,pt2,p95_latency,True,2.0
101,128,296,72,496,"[128, 296, 72]",relu,model_1,Float8WeightOnlyConfig,float8,8.0,False,True,pt2_relative_p95_latency,1.5492574921869642,pt2,p95_latency,True,2.0
102,128,296,72,496,"[128, 296, 72]",relu,model_1,Int8WeightOnlyConfig,int8,8.0,False,True,pt2_relative_p99_latency,1.6622340594449647,pt2,p99_latency,True,2.0
103,128,296,72,496,"[128, 296, 72]",relu,model_1,Float8WeightOnlyConfig,float8,8.0,False,True,pt2_relative_p99_latency,1.3889199094775468,pt2,p99_latency,True,2.0
104,128,296,72,496,"[128, 296, 72]",relu,model_1,Int8WeightOnlyConfig,int8,8.0,False,True,pytorch_quantized_MAE,8.096913363724974,pytorch,MAE,False,3.0
105,128,296,72,496,"[128, 296, 72]",relu,model_1,Float8WeightOnlyConfig,float8,8.0,False,True,pytorch_quantized_MAE,8.203562179378821,pytorch,MAE,False,3.0
106,128,296,72,496,"[128, 296, 72]",relu,model_1,Int8WeightOnlyConfig,int8,8.0,False,True,pytorch_relative_MAE,1.000990905762904,pytorch,MAE,True,3.0
107,128,296,72,496,"[128, 296, 72]",relu,model_1,Float8WeightOnlyConfig,float8,8.0,False,True,pytorch_relative_MAE,1.0141754971972345,pytorch,MAE,True,3.0
108,128,296,72,496,"[128, 296, 72]",relu,model_1,Int8WeightOnlyConfig,int8,8.0,False,True,pytorch_quantized_model_size,70137.0,pytorch,model_size,False,3.0
109,128,296,72,496,"[128, 296, 72]",relu,model_1,Float8WeightOnlyConfig,float8,8.0,False,True,pytorch_quantized_model_size,70137.0,pytorch,model_size,False,3.0
110,128,296,72,496,"[128, 296, 72]",relu,model_1,Int8WeightOnlyConfig,int8,8.0,False,True,pytorch_quantized_median_latency,0.00040548667311668396,pytorch,median_latency,False,3.0
111,128,296,72,496,"[128, 296, 72]",relu,model_1,Float8WeightOnlyConfig,float8,8.0,False,True,pytorch_quantized_median_latency,0.0004928559064865112,pytorch,median_latency,False,3.0
112,128,296,72,496,"[128, 296, 72]",relu,model_1,Int8WeightOnlyConfig,int8,8.0,False,True,pytorch_quantized_p95_latency,0.0004170749336481094,pytorch,p95_latency,False,3.0
113,128,296,72,496,"[128, 296, 72]",relu,model_1,Float8WeightOnlyConfig,float8,8.0,False,True,pytorch_quantized_p95_latency,0.0005015568807721138,pytorch,p95_latency,False,3.0
114,128,296,72,496,"[128, 296, 72]",relu,model_1,Int8WeightOnlyConfig,int8,8.0,False,True,pytorch_quantized_p99_latency,0.00042624160647392273,pytorch,p99_latency,False,3.0
115,128,296,72,496,"[128, 296, 72]",relu,model_1,Float8WeightOnlyConfig,float8,8.0,False,True,pytorch_quantized_p99_latency,0.0005053625628352166,pytorch,p99_latency,False,3.0
116,128,296,72,496,"[128, 296, 72]",relu,model_1,Int8WeightOnlyConfig,int8,8.0,False,True,pytorch_relative_model_size,0.25,pytorch,model_size,True,3.0
117,128,296,72,496,"[128, 296, 72]",relu,model_1,Float8WeightOnlyConfig,float8,8.0,False,True,pytorch_relative_model_size,0.25,pytorch,model_size,True,3.0
118,128,296,72,496,"[128, 296, 72]",relu,model_1,Int8WeightOnlyConfig,int8,8.0,False,True,pytorch_relative_median_latency,2.5957979585996376,pytorch,median_latency,True,3.0
119,128,296,72,496,"[128, 296, 72]",relu,model_1,Float8WeightOnlyConfig,float8,8.0,False,True,pytorch_relative_median_latency,3.1551082705332445,pytorch,median_latency,True,3.0
120,128,296,72,496,"[128, 296, 72]",relu,model_1,Int8WeightOnlyConfig,int8,8.0,False,True,pytorch_relative_p95_latency,2.514595216196518,pytorch,p95_latency,True,3.0
121,128,296,72,496,"[128, 296, 72]",relu,model_1,Float8WeightOnlyConfig,float8,8.0,False,True,pytorch_relative_p95_latency,3.0239470926922283,pytorch,p95_latency,True,3.0
122,128,296,72,496,"[128, 296, 72]",relu,model_1,Int8WeightOnlyConfig,int8,8.0,False,True,pytorch_relative_p99_latency,2.4441473772354807,pytorch,p99_latency,True,3.0
123,128,296,72,496,"[128, 296, 72]",relu,model_1,Float8WeightOnlyConfig,float8,8.0,False,True,pytorch_relative_p99_latency,2.8978414207958445,pytorch,p99_latency,True,3.0
124,128,296,72,496,"[128, 296, 72]",relu,model_1,Int8WeightOnlyConfig,int8,8.0,False,True,onnx_quantized_model_size,32740.0,onnx,model_size,False,3.0
125,128,296,72,496,"[128, 296, 72]",relu,model_1,Float8WeightOnlyConfig,float8,8.0,False,True,onnx_quantized_model_size,,onnx,model_size,False,3.0
126,128,296,72,496,"[128, 296, 72]",relu,model_1,Int8WeightOnlyConfig,int8,8.0,False,True,onnx_quantized_median_latency,0.00020464695990085602,onnx,median_latency,False,3.0
127,128,296,72,496,"[128, 296, 72]",relu,model_1,Float8WeightOnlyConfig,float8,8.0,False,True,onnx_quantized_median_latency,,onnx,median_latency,False,3.0
128,128,296,72,496,"[128, 296, 72]",relu,model_1,Int8WeightOnlyConfig,int8,8.0,False,True,onnx_quantized_p95_latency,0.0002147886902093887,onnx,p95_latency,False,3.0
129,128,296,72,496,"[128, 296, 72]",relu,model_1,Float8WeightOnlyConfig,float8,8.0,False,True,onnx_quantized_p95_latency,,onnx,p95_latency,False,3.0
130,128,296,72,496,"[128, 296, 72]",relu,model_1,Int8WeightOnlyConfig,int8,8.0,False,True,onnx_quantized_p99_latency,0.00022294219583272933,onnx,p99_latency,False,3.0
131,128,296,72,496,"[128, 296, 72]",relu,model_1,Float8WeightOnlyConfig,float8,8.0,False,True,onnx_quantized_p99_latency,,onnx,p99_latency,False,3.0
132,128,296,72,496,"[128, 296, 72]",relu,model_1,Int8WeightOnlyConfig,int8,8.0,False,True,onnx_relative_model_size,2.4273428232502967,onnx,model_size,True,3.0
133,128,296,72,496,"[128, 296, 72]",relu,model_1,Float8WeightOnlyConfig,float8,8.0,False,True,onnx_relative_model_size,,onnx,model_size,True,3.0
134,128,296,72,496,"[128, 296, 72]",relu,model_1,Int8WeightOnlyConfig,int8,8.0,False,True,onnx_relative_median_latency,1.5039834638339813,onnx,median_latency,True,3.0
135,128,296,72,496,"[128, 296, 72]",relu,model_1,Float8WeightOnlyConfig,float8,8.0,False,True,onnx_relative_median_latency,,onnx,median_latency,True,3.0
136,128,296,72,496,"[128, 296, 72]",relu,model_1,Int8WeightOnlyConfig,int8,8.0,False,True,onnx_relative_p95_latency,1.2251824007088845,onnx,p95_latency,True,3.0
137,128,296,72,496,"[128, 296, 72]",relu,model_1,Float8WeightOnlyConfig,float8,8.0,False,True,onnx_relative_p95_latency,,onnx,p95_latency,True,3.0
138,128,296,72,496,"[128, 296, 72]",relu,model_1,Int8WeightOnlyConfig,int8,8.0,False,True,onnx_relative_p99_latency,1.2295873459666566,onnx,p99_latency,True,3.0
139,128,296,72,496,"[128, 296, 72]",relu,model_1,Float8WeightOnlyConfig,float8,8.0,False,True,onnx_relative_p99_latency,,onnx,p99_latency,True,3.0
140,128,296,72,496,"[128, 296, 72]",relu,model_1,Int8WeightOnlyConfig,int8,8.0,False,True,pt2_quantized_model_size,214753.0,pt2,model_size,False,3.0
141,128,296,72,496,"[128, 296, 72]",relu,model_1,Float8WeightOnlyConfig,float8,8.0,False,True,pt2_quantized_model_size,194017.0,pt2,model_size,False,3.0
142,128,296,72,496,"[128, 296, 72]",relu,model_1,Int8WeightOnlyConfig,int8,8.0,False,True,pt2_quantized_median_latency,0.0008560437709093094,pt2,median_latency,False,3.0
143,128,296,72,496,"[128, 296, 72]",relu,model_1,Float8WeightOnlyConfig,float8,8.0,False,True,pt2_quantized_median_latency,0.0006984975188970566,pt2,median_latency,False,3.0
144,128,296,72,496,"[128, 296, 72]",relu,model_1,Int8WeightOnlyConfig,int8,8.0,False,True,pt2_quantized_p95_latency,0.0008660698309540749,pt2,p95_latency,False,3.0
145,128,296,72,496,"[128, 296, 72]",relu,model_1,Float8WeightOnlyConfig,float8,8.0,False,True,pt2_quantized_p95_latency,0.0007120823487639427,pt2,p95_latency,False,3.0
146,128,296,72,496,"[128, 296, 72]",relu,model_1,Int8WeightOnlyConfig,int8,8.0,False,True,pt2_quantized_p99_latency,0.0009913126751780509,pt2,p99_latency,False,3.0
147,128,296,72,496,"[128, 296, 72]",relu,model_1,Float8WeightOnlyConfig,float8,8.0,False,True,pt2_quantized_p99_latency,0.0008338889107108116,pt2,p99_latency,False,3.0
148,128,296,72,496,"[128, 296, 72]",relu,model_1,Int8WeightOnlyConfig,int8,8.0,False,True,pt2_relative_model_size,0.6229473482683902,pt2,model_size,True,3.0
149,128,296,72,496,"[128, 296, 72]",relu,model_1,Float8WeightOnlyConfig,float8,8.0,False,True,pt2_relative_model_size,0.5627971468104671,pt2,model_size,True,3.0
150,128,296,72,496,"[128, 296, 72]",relu,model_1,Int8WeightOnlyConfig,int8,8.0,False,True,pt2_relative_median_latency,1.9482443608863191,pt2,median_latency,True,3.0
151,128,296,72,496,"[128, 296, 72]",relu,model_1,Float8WeightOnlyConfig,float8,8.0,False,True,pt2_relative_median_latency,1.5896895679046363,pt2,median_latency,True,3.0
152,128,296,72,496,"[128, 296, 72]",relu,model_1,Int8WeightOnlyConfig,int8,8.0,False,True,pt2_relative_p95_latency,1.281769626565625,pt2,p95_latency,True,3.0
153,128,296,72,496,"[128, 296, 72]",relu,model_1,Float8WeightOnlyConfig,float8,8.0,False,True,pt2_relative_p95_latency,1.0538705929216592,pt2,p95_latency,True,3.0
154,128,296,72,496,"[128, 296, 72]",relu,model_1,Int8WeightOnlyConfig,int8,8.0,False,True,pt2_relative_p99_latency,1.4508962534377914,pt2,p99_latency,True,3.0
155,128,296,72,496,"[128, 296, 72]",relu,model_1,Float8WeightOnlyConfig,float8,8.0,False,True,pt2_relative_p99_latency,1.2204890814256242,pt2,p99_latency,True,3.0
156,823,79,32,934,"[823, 79, 32]",leaky_relu,model_10,Int8WeightOnlyConfig,int8,8.0,False,True,pytorch_quantized_MAE,8.298618628859856,pytorch,MAE,False,1.0
157,823,79,32,934,"[823, 79, 32]",leaky_relu,model_10,Float8WeightOnlyConfig,float8,8.0,False,True,pytorch_quantized_MAE,8.376958579694115,pytorch,MAE,False,1.0
158,823,79,32,934,"[823, 79, 32]",leaky_relu,model_10,Int8WeightOnlyConfig,int8,8.0,False,True,pytorch_relative_MAE,0.9980441792487537,pytorch,MAE,True,1.0
159,823,79,32,934,"[823, 79, 32]",leaky_relu,model_10,Float8WeightOnlyConfig,float8,8.0,False,True,pytorch_relative_MAE,1.0074658354821004,pytorch,MAE,True,1.0
160,823,79,32,934,"[823, 79, 32]",leaky_relu,model_10,Int8WeightOnlyConfig,int8,8.0,False,True,pytorch_quantized_model_size,135175.0,pytorch,model_size,False,1.0
161,823,79,32,934,"[823, 79, 32]",leaky_relu,model_10,Float8WeightOnlyConfig,float8,8.0,False,True,pytorch_quantized_model_size,135175.0,pytorch,model_size,False,1.0
162,823,79,32,934,"[823, 79, 32]",leaky_relu,model_10,Int8WeightOnlyConfig,int8,8.0,False,True,pytorch_quantized_median_latency,0.00046531297266483307,pytorch,median_latency,False,1.0
163,823,79,32,934,"[823, 79, 32]",leaky_relu,model_10,Float8WeightOnlyConfig,float8,8.0,False,True,pytorch_quantized_median_latency,0.0005456916987895966,pytorch,median_latency,False,1.0
164,823,79,32,934,"[823, 79, 32]",leaky_relu,model_10,Int8WeightOnlyConfig,int8,8.0,False,True,pytorch_quantized_p95_latency,0.0004759212955832481,pytorch,p95_latency,False,1.0
165,823,79,32,934,"[823, 79, 32]",leaky_relu,model_10,Float8WeightOnlyConfig,float8,8.0,False,True,pytorch_quantized_p95_latency,0.0005613688379526138,pytorch,p95_latency,False,1.0
166,823,79,32,934,"[823, 79, 32]",leaky_relu,model_10,Int8WeightOnlyConfig,int8,8.0,False,True,pytorch_quantized_p99_latency,0.00048001930117607116,pytorch,p99_latency,False,1.0
167,823,79,32,934,"[823, 79, 32]",leaky_relu,model_10,Float8WeightOnlyConfig,float8,8.0,False,True,pytorch_quantized_p99_latency,0.0005686511471867562,pytorch,p99_latency,False,1.0
168,823,79,32,934,"[823, 79, 32]",leaky_relu,model_10,Int8WeightOnlyConfig,int8,8.0,False,True,pytorch_relative_model_size,0.25,pytorch,model_size,True,1.0
169,823,79,32,934,"[823, 79, 32]",leaky_relu,model_10,Float8WeightOnlyConfig,float8,8.0,False,True,pytorch_relative_model_size,0.25,pytorch,model_size,True,1.0
170,823,79,32,934,"[823, 79, 32]",leaky_relu,model_10,Int8WeightOnlyConfig,int8,8.0,False,True,pytorch_relative_median_latency,2.9934573951805206,pytorch,median_latency,True,1.0
171,823,79,32,934,"[823, 79, 32]",leaky_relu,model_10,Float8WeightOnlyConfig,float8,8.0,False,True,pytorch_relative_median_latency,3.5105508489808637,pytorch,median_latency,True,1.0
172,823,79,32,934,"[823, 79, 32]",leaky_relu,model_10,Int8WeightOnlyConfig,int8,8.0,False,True,pytorch_relative_p95_latency,2.8591764272757687,pytorch,p95_latency,True,1.0
173,823,79,32,934,"[823, 79, 32]",leaky_relu,model_10,Float8WeightOnlyConfig,float8,8.0,False,True,pytorch_relative_p95_latency,3.372516765643551,pytorch,p95_latency,True,1.0
174,823,79,32,934,"[823, 79, 32]",leaky_relu,model_10,Int8WeightOnlyConfig,int8,8.0,False,True,pytorch_relative_p99_latency,2.8191386253378594,pytorch,p99_latency,True,1.0
175,823,79,32,934,"[823, 79, 32]",leaky_relu,model_10,Float8WeightOnlyConfig,float8,8.0,False,True,pytorch_relative_p99_latency,3.339670737091567,pytorch,p99_latency,True,1.0
176,823,79,32,934,"[823, 79, 32]",leaky_relu,model_10,Int8WeightOnlyConfig,int8,8.0,False,True,onnx_quantized_model_size,32010.0,onnx,model_size,False,1.0
177,823,79,32,934,"[823, 79, 32]",leaky_relu,model_10,Float8WeightOnlyConfig,float8,8.0,False,True,onnx_quantized_model_size,,onnx,model_size,False,1.0
178,823,79,32,934,"[823, 79, 32]",leaky_relu,model_10,Int8WeightOnlyConfig,int8,8.0,False,True,onnx_quantized_median_latency,0.00026631541550159454,onnx,median_latency,False,1.0
179,823,79,32,934,"[823, 79, 32]",leaky_relu,model_10,Float8WeightOnlyConfig,float8,8.0,False,True,onnx_quantized_median_latency,,onnx,median_latency,False,1.0
180,823,79,32,934,"[823, 79, 32]",leaky_relu,model_10,Int8WeightOnlyConfig,int8,8.0,False,True,onnx_quantized_p95_latency,0.000380396656692028,onnx,p95_latency,False,1.0
181,823,79,32,934,"[823, 79, 32]",leaky_relu,model_10,Float8WeightOnlyConfig,float8,8.0,False,True,onnx_quantized_p95_latency,,onnx,p95_latency,False,1.0
182,823,79,32,934,"[823, 79, 32]",leaky_relu,model_10,Int8WeightOnlyConfig,int8,8.0,False,True,onnx_quantized_p99_latency,0.0004015427455306053,onnx,p99_latency,False,1.0
183,823,79,32,934,"[823, 79, 32]",leaky_relu,model_10,Float8WeightOnlyConfig,float8,8.0,False,True,onnx_quantized_p99_latency,,onnx,p99_latency,False,1.0
184,823,79,32,934,"[823, 79, 32]",leaky_relu,model_10,Int8WeightOnlyConfig,int8,8.0,False,True,onnx_relative_model_size,2.292487287832128,onnx,model_size,True,1.0
185,823,79,32,934,"[823, 79, 32]",leaky_relu,model_10,Float8WeightOnlyConfig,float8,8.0,False,True,onnx_relative_model_size,,onnx,model_size,True,1.0
186,823,79,32,934,"[823, 79, 32]",leaky_relu,model_10,Int8WeightOnlyConfig,int8,8.0,False,True,onnx_relative_median_latency,1.0813241166505325,onnx,median_latency,True,1.0
187,823,79,32,934,"[823, 79, 32]",leaky_relu,model_10,Float8WeightOnlyConfig,float8,8.0,False,True,onnx_relative_median_latency,,onnx,median_latency,True,1.0
188,823,79,32,934,"[823, 79, 32]",leaky_relu,model_10,Int8WeightOnlyConfig,int8,8.0,False,True,onnx_relative_p95_latency,1.4936388815548407,onnx,p95_latency,True,1.0
189,823,79,32,934,"[823, 79, 32]",leaky_relu,model_10,Float8WeightOnlyConfig,float8,8.0,False,True,onnx_relative_p95_latency,,onnx,p95_latency,True,1.0
190,823,79,32,934,"[823, 79, 32]",leaky_relu,model_10,Int8WeightOnlyConfig,int8,8.0,False,True,onnx_relative_p99_latency,1.561224903629534,onnx,p99_latency,True,1.0
191,823,79,32,934,"[823, 79, 32]",leaky_relu,model_10,Float8WeightOnlyConfig,float8,8.0,False,True,onnx_relative_p99_latency,,onnx,p99_latency,True,1.0
192,823,79,32,934,"[823, 79, 32]",leaky_relu,model_10,Int8WeightOnlyConfig,int8,8.0,False,True,pt2_quantized_model_size,283041.0,pt2,model_size,False,1.0
193,823,79,32,934,"[823, 79, 32]",leaky_relu,model_10,Float8WeightOnlyConfig,float8,8.0,False,True,pt2_quantized_model_size,262305.0,pt2,model_size,False,1.0
194,823,79,32,934,"[823, 79, 32]",leaky_relu,model_10,Int8WeightOnlyConfig,int8,8.0,False,True,pt2_quantized_median_latency,0.000867985188961029,pt2,median_latency,False,1.0
195,823,79,32,934,"[823, 79, 32]",leaky_relu,model_10,Float8WeightOnlyConfig,float8,8.0,False,True,pt2_quantized_median_latency,0.0006918143481016159,pt2,median_latency,False,1.0
196,823,79,32,934,"[823, 79, 32]",leaky_relu,model_10,Int8WeightOnlyConfig,int8,8.0,False,True,pt2_quantized_p95_latency,0.0008836796507239341,pt2,p95_latency,False,1.0
197,823,79,32,934,"[823, 79, 32]",leaky_relu,model_10,Float8WeightOnlyConfig,float8,8.0,False,True,pt2_quantized_p95_latency,0.0007137032225728034,pt2,p95_latency,False,1.0
198,823,79,32,934,"[823, 79, 32]",leaky_relu,model_10,Int8WeightOnlyConfig,int8,8.0,False,True,pt2_quantized_p99_latency,0.0010068323463201523,pt2,p99_latency,False,1.0
199,823,79,32,934,"[823, 79, 32]",leaky_relu,model_10,Float8WeightOnlyConfig,float8,8.0,False,True,pt2_quantized_p99_latency,0.0008336564153432845,pt2,p99_latency,False,1.0
200,823,79,32,934,"[823, 79, 32]",leaky_relu,model_10,Int8WeightOnlyConfig,int8,8.0,False,True,pt2_relative_model_size,0.46781703235403493,pt2,model_size,True,1.0
201,823,79,32,934,"[823, 79, 32]",leaky_relu,model_10,Float8WeightOnlyConfig,float8,8.0,False,True,pt2_relative_model_size,0.4335440684269245,pt2,model_size,True,1.0
202,823,79,32,934,"[823, 79, 32]",leaky_relu,model_10,Int8WeightOnlyConfig,int8,8.0,False,True,pt2_relative_median_latency,1.6367103946051313,pt2,median_latency,True,1.0
203,823,79,32,934,"[823, 79, 32]",leaky_relu,model_10,Float8WeightOnlyConfig,float8,8.0,False,True,pt2_relative_median_latency,1.3045150413571467,pt2,median_latency,True,1.0
204,823,79,32,934,"[823, 79, 32]",leaky_relu,model_10,Int8WeightOnlyConfig,int8,8.0,False,True,pt2_relative_p95_latency,1.6234215657356148,pt2,p95_latency,True,1.0
205,823,79,32,934,"[823, 79, 32]",leaky_relu,model_10,Float8WeightOnlyConfig,float8,8.0,False,True,pt2_relative_p95_latency,1.3111552383383553,pt2,p95_latency,True,1.0
206,823,79,32,934,"[823, 79, 32]",leaky_relu,model_10,Int8WeightOnlyConfig,int8,8.0,False,True,pt2_relative_p99_latency,1.4694920926368402,pt2,p99_latency,True,1.0
207,823,79,32,934,"[823, 79, 32]",leaky_relu,model_10,Float8WeightOnlyConfig,float8,8.0,False,True,pt2_relative_p99_latency,1.2167383326532384,pt2,p99_latency,True,1.0
208,823,79,32,934,"[823, 79, 32]",leaky_relu,model_10,Int8WeightOnlyConfig,int8,8.0,False,True,pytorch_quantized_MAE,8.20991486686642,pytorch,MAE,False,2.0
209,823,79,32,934,"[823, 79, 32]",leaky_relu,model_10,Float8WeightOnlyConfig,float8,8.0,False,True,pytorch_quantized_MAE,8.299011833355994,pytorch,MAE,False,2.0
210,823,79,32,934,"[823, 79, 32]",leaky_relu,model_10,Int8WeightOnlyConfig,int8,8.0,False,True,pytorch_relative_MAE,0.9976913206687674,pytorch,MAE,True,2.0
211,823,79,32,934,"[823, 79, 32]",leaky_relu,model_10,Float8WeightOnlyConfig,float8,8.0,False,True,pytorch_relative_MAE,1.0085186278462526,pytorch,MAE,True,2.0
212,823,79,32,934,"[823, 79, 32]",leaky_relu,model_10,Int8WeightOnlyConfig,int8,8.0,False,True,pytorch_quantized_model_size,135175.0,pytorch,model_size,False,2.0
213,823,79,32,934,"[823, 79, 32]",leaky_relu,model_10,Float8WeightOnlyConfig,float8,8.0,False,True,pytorch_quantized_model_size,135175.0,pytorch,model_size,False,2.0
214,823,79,32,934,"[823, 79, 32]",leaky_relu,model_10,Int8WeightOnlyConfig,int8,8.0,False,True,pytorch_quantized_median_latency,0.0004103388637304306,pytorch,median_latency,False,2.0
215,823,79,32,934,"[823, 79, 32]",leaky_relu,model_10,Float8WeightOnlyConfig,float8,8.0,False,True,pytorch_quantized_median_latency,0.0005044117569923401,pytorch,median_latency,False,2.0
216,823,79,32,934,"[823, 79, 32]",leaky_relu,model_10,Int8WeightOnlyConfig,int8,8.0,False,True,pytorch_quantized_p95_latency,0.00042259152978658677,pytorch,p95_latency,False,2.0
217,823,79,32,934,"[823, 79, 32]",leaky_relu,model_10,Float8WeightOnlyConfig,float8,8.0,False,True,pytorch_quantized_p95_latency,0.0005143435671925544,pytorch,p95_latency,False,2.0
218,823,79,32,934,"[823, 79, 32]",leaky_relu,model_10,Int8WeightOnlyConfig,int8,8.0,False,True,pytorch_quantized_p99_latency,0.00043011285364627836,pytorch,p99_latency,False,2.0
219,823,79,32,934,"[823, 79, 32]",leaky_relu,model_10,Float8WeightOnlyConfig,float8,8.0,False,True,pytorch_quantized_p99_latency,0.0005196908116340637,pytorch,p99_latency,False,2.0
220,823,79,32,934,"[823, 79, 32]",leaky_relu,model_10,Int8WeightOnlyConfig,int8,8.0,False,True,pytorch_relative_model_size,0.25,pytorch,model_size,True,2.0
221,823,79,32,934,"[823, 79, 32]",leaky_relu,model_10,Float8WeightOnlyConfig,float8,8.0,False,True,pytorch_relative_model_size,0.25,pytorch,model_size,True,2.0
222,823,79,32,934,"[823, 79, 32]",leaky_relu,model_10,Int8WeightOnlyConfig,int8,8.0,False,True,pytorch_relative_median_latency,2.6397656193831334,pytorch,median_latency,True,2.0
223,823,79,32,934,"[823, 79, 32]",leaky_relu,model_10,Float8WeightOnlyConfig,float8,8.0,False,True,pytorch_relative_median_latency,3.2449493133942053,pytorch,median_latency,True,2.0
224,823,79,32,934,"[823, 79, 32]",leaky_relu,model_10,Int8WeightOnlyConfig,int8,8.0,False,True,pytorch_relative_p95_latency,2.547251856459266,pytorch,p95_latency,True,2.0
225,823,79,32,934,"[823, 79, 32]",leaky_relu,model_10,Float8WeightOnlyConfig,float8,8.0,False,True,pytorch_relative_p95_latency,3.1003049376090464,pytorch,p95_latency,True,2.0
226,823,79,32,934,"[823, 79, 32]",leaky_relu,model_10,Int8WeightOnlyConfig,int8,8.0,False,True,pytorch_relative_p99_latency,2.5582309055324415,pytorch,p99_latency,True,2.0
227,823,79,32,934,"[823, 79, 32]",leaky_relu,model_10,Float8WeightOnlyConfig,float8,8.0,False,True,pytorch_relative_p99_latency,3.091023865882563,pytorch,p99_latency,True,2.0
228,823,79,32,934,"[823, 79, 32]",leaky_relu,model_10,Int8WeightOnlyConfig,int8,8.0,False,True,onnx_quantized_model_size,32010.0,onnx,model_size,False,2.0
229,823,79,32,934,"[823, 79, 32]",leaky_relu,model_10,Float8WeightOnlyConfig,float8,8.0,False,True,onnx_quantized_model_size,,onnx,model_size,False,2.0
230,823,79,32,934,"[823, 79, 32]",leaky_relu,model_10,Int8WeightOnlyConfig,int8,8.0,False,True,onnx_quantized_median_latency,0.0002658683806657791,onnx,median_latency,False,2.0
231,823,79,32,934,"[823, 79, 32]",leaky_relu,model_10,Float8WeightOnlyConfig,float8,8.0,False,True,onnx_quantized_median_latency,,onnx,median_latency,False,2.0
232,823,79,32,934,"[823, 79, 32]",leaky_relu,model_10,Int8WeightOnlyConfig,int8,8.0,False,True,onnx_quantized_p95_latency,0.0003617048263549804,onnx,p95_latency,False,2.0
233,823,79,32,934,"[823, 79, 32]",leaky_relu,model_10,Float8WeightOnlyConfig,float8,8.0,False,True,onnx_quantized_p95_latency,,onnx,p95_latency,False,2.0
234,823,79,32,934,"[823, 79, 32]",leaky_relu,model_10,Int8WeightOnlyConfig,int8,8.0,False,True,onnx_quantized_p99_latency,0.0003729711100459099,onnx,p99_latency,False,2.0
235,823,79,32,934,"[823, 79, 32]",leaky_relu,model_10,Float8WeightOnlyConfig,float8,8.0,False,True,onnx_quantized_p99_latency,,onnx,p99_latency,False,2.0
236,823,79,32,934,"[823, 79, 32]",leaky_relu,model_10,Int8WeightOnlyConfig,int8,8.0,False,True,onnx_relative_model_size,2.292487287832128,onnx,model_size,True,2.0
237,823,79,32,934,"[823, 79, 32]",leaky_relu,model_10,Float8WeightOnlyConfig,float8,8.0,False,True,onnx_relative_model_size,,onnx,model_size,True,2.0
238,823,79,32,934,"[823, 79, 32]",leaky_relu,model_10,Int8WeightOnlyConfig,int8,8.0,False,True,onnx_relative_median_latency,1.0564972169587874,onnx,median_latency,True,2.0
239,823,79,32,934,"[823, 79, 32]",leaky_relu,model_10,Float8WeightOnlyConfig,float8,8.0,False,True,onnx_relative_median_latency,,onnx,median_latency,True,2.0
240,823,79,32,934,"[823, 79, 32]",leaky_relu,model_10,Int8WeightOnlyConfig,int8,8.0,False,True,onnx_relative_p95_latency,0.951529002238329,onnx,p95_latency,True,2.0
241,823,79,32,934,"[823, 79, 32]",leaky_relu,model_10,Float8WeightOnlyConfig,float8,8.0,False,True,onnx_relative_p95_latency,,onnx,p95_latency,True,2.0
242,823,79,32,934,"[823, 79, 32]",leaky_relu,model_10,Int8WeightOnlyConfig,int8,8.0,False,True,onnx_relative_p99_latency,0.9592574604768125,onnx,p99_latency,True,2.0
243,823,79,32,934,"[823, 79, 32]",leaky_relu,model_10,Float8WeightOnlyConfig,float8,8.0,False,True,onnx_relative_p99_latency,,onnx,p99_latency,True,2.0
244,823,79,32,934,"[823, 79, 32]",leaky_relu,model_10,Int8WeightOnlyConfig,int8,8.0,False,True,pt2_quantized_model_size,283041.0,pt2,model_size,False,2.0
245,823,79,32,934,"[823, 79, 32]",leaky_relu,model_10,Float8WeightOnlyConfig,float8,8.0,False,True,pt2_quantized_model_size,262305.0,pt2,model_size,False,2.0
246,823,79,32,934,"[823, 79, 32]",leaky_relu,model_10,Int8WeightOnlyConfig,int8,8.0,False,True,pt2_quantized_median_latency,0.0008589606732130051,pt2,median_latency,False,2.0
247,823,79,32,934,"[823, 79, 32]",leaky_relu,model_10,Float8WeightOnlyConfig,float8,8.0,False,True,pt2_quantized_median_latency,0.0006938651204109192,pt2,median_latency,False,2.0
248,823,79,32,934,"[823, 79, 32]",leaky_relu,model_10,Int8WeightOnlyConfig,int8,8.0,False,True,pt2_quantized_p95_latency,0.000880168005824089,pt2,p95_latency,False,2.0
249,823,79,32,934,"[823, 79, 32]",leaky_relu,model_10,Float8WeightOnlyConfig,float8,8.0,False,True,pt2_quantized_p95_latency,0.0007086129859089852,pt2,p95_latency,False,2.0
250,823,79,32,934,"[823, 79, 32]",leaky_relu,model_10,Int8WeightOnlyConfig,int8,8.0,False,True,pt2_quantized_p99_latency,0.0010292869061231612,pt2,p99_latency,False,2.0
251,823,79,32,934,"[823, 79, 32]",leaky_relu,model_10,Float8WeightOnlyConfig,float8,8.0,False,True,pt2_quantized_p99_latency,0.0008251461386680601,pt2,p99_latency,False,2.0
252,823,79,32,934,"[823, 79, 32]",leaky_relu,model_10,Int8WeightOnlyConfig,int8,8.0,False,True,pt2_relative_model_size,0.46781703235403493,pt2,model_size,True,2.0
253,823,79,32,934,"[823, 79, 32]",leaky_relu,model_10,Float8WeightOnlyConfig,float8,8.0,False,True,pt2_relative_model_size,0.4335440684269245,pt2,model_size,True,2.0
254,823,79,32,934,"[823, 79, 32]",leaky_relu,model_10,Int8WeightOnlyConfig,int8,8.0,False,True,pt2_relative_median_latency,1.7835702268376168,pt2,median_latency,True,2.0
255,823,79,32,934,"[823, 79, 32]",leaky_relu,model_10,Float8WeightOnlyConfig,float8,8.0,False,True,pt2_relative_median_latency,1.4407611533329465,pt2,median_latency,True,2.0
256,823,79,32,934,"[823, 79, 32]",leaky_relu,model_10,Int8WeightOnlyConfig,int8,8.0,False,True,pt2_relative_p95_latency,1.7856865914960287,pt2,p95_latency,True,2.0
257,823,79,32,934,"[823, 79, 32]",leaky_relu,model_10,Float8WeightOnlyConfig,float8,8.0,False,True,pt2_relative_p95_latency,1.4376354276964427,pt2,p95_latency,True,2.0
258,823,79,32,934,"[823, 79, 32]",leaky_relu,model_10,Int8WeightOnlyConfig,int8,8.0,False,True,pt2_relative_p99_latency,1.5972080071658337,pt2,p99_latency,True,2.0
259,823,79,32,934,"[823, 79, 32]",leaky_relu,model_10,Float8WeightOnlyConfig,float8,8.0,False,True,pt2_relative_p99_latency,1.2804301812471475,pt2,p99_latency,True,2.0
260,823,79,32,934,"[823, 79, 32]",leaky_relu,model_10,Int8WeightOnlyConfig,int8,8.0,False,True,pytorch_quantized_MAE,8.103417009872192,pytorch,MAE,False,3.0
261,823,79,32,934,"[823, 79, 32]",leaky_relu,model_10,Float8WeightOnlyConfig,float8,8.0,False,True,pytorch_quantized_MAE,8.184403492164073,pytorch,MAE,False,3.0
262,823,79,32,934,"[823, 79, 32]",leaky_relu,model_10,Int8WeightOnlyConfig,int8,8.0,False,True,pytorch_relative_MAE,0.9977671173366641,pytorch,MAE,True,3.0
263,823,79,32,934,"[823, 79, 32]",leaky_relu,model_10,Float8WeightOnlyConfig,float8,8.0,False,True,pytorch_relative_MAE,1.007738916749327,pytorch,MAE,True,3.0
264,823,79,32,934,"[823, 79, 32]",leaky_relu,model_10,Int8WeightOnlyConfig,int8,8.0,False,True,pytorch_quantized_model_size,135175.0,pytorch,model_size,False,3.0
265,823,79,32,934,"[823, 79, 32]",leaky_relu,model_10,Float8WeightOnlyConfig,float8,8.0,False,True,pytorch_quantized_model_size,135175.0,pytorch,model_size,False,3.0
266,823,79,32,934,"[823, 79, 32]",leaky_relu,model_10,Int8WeightOnlyConfig,int8,8.0,False,True,pytorch_quantized_median_latency,0.00041532889008522034,pytorch,median_latency,False,3.0
267,823,79,32,934,"[823, 79, 32]",leaky_relu,model_10,Float8WeightOnlyConfig,float8,8.0,False,True,pytorch_quantized_median_latency,0.0005056522786617279,pytorch,median_latency,False,3.0
268,823,79,32,934,"[823, 79, 32]",leaky_relu,model_10,Int8WeightOnlyConfig,int8,8.0,False,True,pytorch_quantized_p95_latency,0.00042701251804828645,pytorch,p95_latency,False,3.0
269,823,79,32,934,"[823, 79, 32]",leaky_relu,model_10,Float8WeightOnlyConfig,float8,8.0,False,True,pytorch_quantized_p95_latency,0.0005145363509654998,pytorch,p95_latency,False,3.0
270,823,79,32,934,"[823, 79, 32]",leaky_relu,model_10,Int8WeightOnlyConfig,int8,8.0,False,True,pytorch_quantized_p99_latency,0.00042960885912179947,pytorch,p99_latency,False,3.0
271,823,79,32,934,"[823, 79, 32]",leaky_relu,model_10,Float8WeightOnlyConfig,float8,8.0,False,True,pytorch_quantized_p99_latency,0.000522819235920906,pytorch,p99_latency,False,3.0
272,823,79,32,934,"[823, 79, 32]",leaky_relu,model_10,Int8WeightOnlyConfig,int8,8.0,False,True,pytorch_relative_model_size,0.25,pytorch,model_size,True,3.0
273,823,79,32,934,"[823, 79, 32]",leaky_relu,model_10,Float8WeightOnlyConfig,float8,8.0,False,True,pytorch_relative_model_size,0.25,pytorch,model_size,True,3.0
274,823,79,32,934,"[823, 79, 32]",leaky_relu,model_10,Int8WeightOnlyConfig,int8,8.0,False,True,pytorch_relative_median_latency,2.5583193740104178,pytorch,median_latency,True,3.0
275,823,79,32,934,"[823, 79, 32]",leaky_relu,model_10,Float8WeightOnlyConfig,float8,8.0,False,True,pytorch_relative_median_latency,3.114688267284701,pytorch,median_latency,True,3.0
276,823,79,32,934,"[823, 79, 32]",leaky_relu,model_10,Int8WeightOnlyConfig,int8,8.0,False,True,pytorch_relative_p95_latency,2.4504785502183783,pytorch,p95_latency,True,3.0
277,823,79,32,934,"[823, 79, 32]",leaky_relu,model_10,Float8WeightOnlyConfig,float8,8.0,False,True,pytorch_relative_p95_latency,2.9527478424087206,pytorch,p95_latency,True,3.0
278,823,79,32,934,"[823, 79, 32]",leaky_relu,model_10,Int8WeightOnlyConfig,int8,8.0,False,True,pytorch_relative_p99_latency,2.2887397669111293,pytorch,p99_latency,True,3.0
279,823,79,32,934,"[823, 79, 32]",leaky_relu,model_10,Float8WeightOnlyConfig,float8,8.0,False,True,pytorch_relative_p99_latency,2.785317739034378,pytorch,p99_latency,True,3.0
280,823,79,32,934,"[823, 79, 32]",leaky_relu,model_10,Int8WeightOnlyConfig,int8,8.0,False,True,onnx_quantized_model_size,32010.0,onnx,model_size,False,3.0
281,823,79,32,934,"[823, 79, 32]",leaky_relu,model_10,Float8WeightOnlyConfig,float8,8.0,False,True,onnx_quantized_model_size,,onnx,model_size,False,3.0
282,823,79,32,934,"[823, 79, 32]",leaky_relu,model_10,Int8WeightOnlyConfig,int8,8.0,False,True,onnx_quantized_median_latency,0.0002650022506713867,onnx,median_latency,False,3.0
283,823,79,32,934,"[823, 79, 32]",leaky_relu,model_10,Float8WeightOnlyConfig,float8,8.0,False,True,onnx_quantized_median_latency,,onnx,median_latency,False,3.0
284,823,79,32,934,"[823, 79, 32]",leaky_relu,model_10,Int8WeightOnlyConfig,int8,8.0,False,True,onnx_quantized_p95_latency,0.0002788985148072243,onnx,p95_latency,False,3.0
285,823,79,32,934,"[823, 79, 32]",leaky_relu,model_10,Float8WeightOnlyConfig,float8,8.0,False,True,onnx_quantized_p95_latency,,onnx,p95_latency,False,3.0
286,823,79,32,934,"[823, 79, 32]",leaky_relu,model_10,Int8WeightOnlyConfig,int8,8.0,False,True,onnx_quantized_p99_latency,0.00028810247778892516,onnx,p99_latency,False,3.0
287,823,79,32,934,"[823, 79, 32]",leaky_relu,model_10,Float8WeightOnlyConfig,float8,8.0,False,True,onnx_quantized_p99_latency,,onnx,p99_latency,False,3.0
288,823,79,32,934,"[823, 79, 32]",leaky_relu,model_10,Int8WeightOnlyConfig,int8,8.0,False,True,onnx_relative_model_size,2.292487287832128,onnx,model_size,True,3.0
289,823,79,32,934,"[823, 79, 32]",leaky_relu,model_10,Float8WeightOnlyConfig,float8,8.0,False,True,onnx_relative_model_size,,onnx,model_size,True,3.0
290,823,79,32,934,"[823, 79, 32]",leaky_relu,model_10,Int8WeightOnlyConfig,int8,8.0,False,True,onnx_relative_median_latency,0.9739187579578593,onnx,median_latency,True,3.0
291,823,79,32,934,"[823, 79, 32]",leaky_relu,model_10,Float8WeightOnlyConfig,float8,8.0,False,True,onnx_relative_median_latency,,onnx,median_latency,True,3.0
292,823,79,32,934,"[823, 79, 32]",leaky_relu,model_10,Int8WeightOnlyConfig,int8,8.0,False,True,onnx_relative_p95_latency,0.72167962066303,onnx,p95_latency,True,3.0
293,823,79,32,934,"[823, 79, 32]",leaky_relu,model_10,Float8WeightOnlyConfig,float8,8.0,False,True,onnx_relative_p95_latency,,onnx,p95_latency,True,3.0
294,823,79,32,934,"[823, 79, 32]",leaky_relu,model_10,Int8WeightOnlyConfig,int8,8.0,False,True,onnx_relative_p99_latency,0.7423520962443014,onnx,p99_latency,True,3.0
295,823,79,32,934,"[823, 79, 32]",leaky_relu,model_10,Float8WeightOnlyConfig,float8,8.0,False,True,onnx_relative_p99_latency,,onnx,p99_latency,True,3.0
296,823,79,32,934,"[823, 79, 32]",leaky_relu,model_10,Int8WeightOnlyConfig,int8,8.0,False,True,pt2_quantized_model_size,283041.0,pt2,model_size,False,3.0
297,823,79,32,934,"[823, 79, 32]",leaky_relu,model_10,Float8WeightOnlyConfig,float8,8.0,False,True,pt2_quantized_model_size,262305.0,pt2,model_size,False,3.0
298,823,79,32,934,"[823, 79, 32]",leaky_relu,model_10,Int8WeightOnlyConfig,int8,8.0,False,True,pt2_quantized_median_latency,0.0008598528802394867,pt2,median_latency,False,3.0
299,823,79,32,934,"[823, 79, 32]",leaky_relu,model_10,Float8WeightOnlyConfig,float8,8.0,False,True,pt2_quantized_median_latency,0.0006993710994720459,pt2,median_latency,False,3.0
300,823,79,32,934,"[823, 79, 32]",leaky_relu,model_10,Int8WeightOnlyConfig,int8,8.0,False,True,pt2_quantized_p95_latency,0.0008713964372873306,pt2,p95_latency,False,3.0
301,823,79,32,934,"[823, 79, 32]",leaky_relu,model_10,Float8WeightOnlyConfig,float8,8.0,False,True,pt2_quantized_p95_latency,0.0007112465798854827,pt2,p95_latency,False,3.0
302,823,79,32,934,"[823, 79, 32]",leaky_relu,model_10,Int8WeightOnlyConfig,int8,8.0,False,True,pt2_quantized_p99_latency,0.0009821020066738129,pt2,p99_latency,False,3.0
303,823,79,32,934,"[823, 79, 32]",leaky_relu,model_10,Float8WeightOnlyConfig,float8,8.0,False,True,pt2_quantized_p99_latency,0.0008342625200748444,pt2,p99_latency,False,3.0
304,823,79,32,934,"[823, 79, 32]",leaky_relu,model_10,Int8WeightOnlyConfig,int8,8.0,False,True,pt2_relative_model_size,0.46781703235403493,pt2,model_size,True,3.0
305,823,79,32,934,"[823, 79, 32]",leaky_relu,model_10,Float8WeightOnlyConfig,float8,8.0,False,True,pt2_relative_model_size,0.4335440684269245,pt2,model_size,True,3.0
306,823,79,32,934,"[823, 79, 32]",leaky_relu,model_10,Int8WeightOnlyConfig,int8,8.0,False,True,pt2_relative_median_latency,1.5961206002351152,pt2,median_latency,True,3.0
307,823,79,32,934,"[823, 79, 32]",leaky_relu,model_10,Float8WeightOnlyConfig,float8,8.0,False,True,pt2_relative_median_latency,1.2982228061683148,pt2,median_latency,True,3.0
308,823,79,32,934,"[823, 79, 32]",leaky_relu,model_10,Int8WeightOnlyConfig,int8,8.0,False,True,pt2_relative_p95_latency,1.5788828185221333,pt2,p95_latency,True,3.0
309,823,79,32,934,"[823, 79, 32]",leaky_relu,model_10,Float8WeightOnlyConfig,float8,8.0,False,True,pt2_relative_p95_latency,1.288707362873385,pt2,p95_latency,True,3.0
310,823,79,32,934,"[823, 79, 32]",leaky_relu,model_10,Int8WeightOnlyConfig,int8,8.0,False,True,pt2_relative_p99_latency,1.4215614404418275,pt2,p99_latency,True,3.0
311,823,79,32,934,"[823, 79, 32]",leaky_relu,model_10,Float8WeightOnlyConfig,float8,8.0,False,True,pt2_relative_p99_latency,1.2075684823828265,pt2,p99_latency,True,3.0
312,504,324,207,1035,"[504, 324, 207]",leaky_relu,model_11,Int8WeightOnlyConfig,int8,8.0,False,True,pytorch_quantized_MAE,7.551199556854908,pytorch,MAE,False,1.0
313,504,324,207,1035,"[504, 324, 207]",leaky_relu,model_11,Float8WeightOnlyConfig,float8,8.0,False,True,pytorch_quantized_MAE,7.585191025110426,pytorch,MAE,False,1.0
314,504,324,207,1035,"[504, 324, 207]",leaky_relu,model_11,Int8WeightOnlyConfig,int8,8.0,False,True,pytorch_relative_MAE,1.0004173363056124,pytorch,MAE,True,1.0
315,504,324,207,1035,"[504, 324, 207]",leaky_relu,model_11,Float8WeightOnlyConfig,float8,8.0,False,True,pytorch_relative_MAE,1.004920680956123,pytorch,MAE,True,1.0
316,504,324,207,1035,"[504, 324, 207]",leaky_relu,model_11,Int8WeightOnlyConfig,int8,8.0,False,True,pytorch_quantized_model_size,272431.0,pytorch,model_size,False,1.0
317,504,324,207,1035,"[504, 324, 207]",leaky_relu,model_11,Float8WeightOnlyConfig,float8,8.0,False,True,pytorch_quantized_model_size,272431.0,pytorch,model_size,False,1.0
318,504,324,207,1035,"[504, 324, 207]",leaky_relu,model_11,Int8WeightOnlyConfig,int8,8.0,False,True,pytorch_quantized_median_latency,0.0004264954477548599,pytorch,median_latency,False,1.0
319,504,324,207,1035,"[504, 324, 207]",leaky_relu,model_11,Float8WeightOnlyConfig,float8,8.0,False,True,pytorch_quantized_median_latency,0.0005752984434366226,pytorch,median_latency,False,1.0
320,504,324,207,1035,"[504, 324, 207]",leaky_relu,model_11,Int8WeightOnlyConfig,int8,8.0,False,True,pytorch_quantized_p95_latency,0.00043742265552282333,pytorch,p95_latency,False,1.0
321,504,324,207,1035,"[504, 324, 207]",leaky_relu,model_11,Float8WeightOnlyConfig,float8,8.0,False,True,pytorch_quantized_p95_latency,0.0005827942863106727,pytorch,p95_latency,False,1.0
322,504,324,207,1035,"[504, 324, 207]",leaky_relu,model_11,Int8WeightOnlyConfig,int8,8.0,False,True,pytorch_quantized_p99_latency,0.0004399990290403366,pytorch,p99_latency,False,1.0
323,504,324,207,1035,"[504, 324, 207]",leaky_relu,model_11,Float8WeightOnlyConfig,float8,8.0,False,True,pytorch_quantized_p99_latency,0.0005882427841424942,pytorch,p99_latency,False,1.0
324,504,324,207,1035,"[504, 324, 207]",leaky_relu,model_11,Int8WeightOnlyConfig,int8,8.0,False,True,pytorch_relative_model_size,0.25,pytorch,model_size,True,1.0
325,504,324,207,1035,"[504, 324, 207]",leaky_relu,model_11,Float8WeightOnlyConfig,float8,8.0,False,True,pytorch_relative_model_size,0.25,pytorch,model_size,True,1.0
326,504,324,207,1035,"[504, 324, 207]",leaky_relu,model_11,Int8WeightOnlyConfig,int8,8.0,False,True,pytorch_relative_median_latency,2.602794070840722,pytorch,median_latency,True,1.0
327,504,324,207,1035,"[504, 324, 207]",leaky_relu,model_11,Float8WeightOnlyConfig,float8,8.0,False,True,pytorch_relative_median_latency,3.5109011958350385,pytorch,median_latency,True,1.0
328,504,324,207,1035,"[504, 324, 207]",leaky_relu,model_11,Int8WeightOnlyConfig,int8,8.0,False,True,pytorch_relative_p95_latency,2.4244199611414743,pytorch,p95_latency,True,1.0
329,504,324,207,1035,"[504, 324, 207]",leaky_relu,model_11,Float8WeightOnlyConfig,float8,8.0,False,True,pytorch_relative_p95_latency,3.2301438508757623,pytorch,p95_latency,True,1.0
330,504,324,207,1035,"[504, 324, 207]",leaky_relu,model_11,Int8WeightOnlyConfig,int8,8.0,False,True,pytorch_relative_p99_latency,1.7226921532561696,pytorch,p99_latency,True,1.0
331,504,324,207,1035,"[504, 324, 207]",leaky_relu,model_11,Float8WeightOnlyConfig,float8,8.0,False,True,pytorch_relative_p99_latency,2.3030987833360386,pytorch,p99_latency,True,1.0
332,504,324,207,1035,"[504, 324, 207]",leaky_relu,model_11,Int8WeightOnlyConfig,int8,8.0,False,True,onnx_quantized_model_size,33112.0,onnx,model_size,False,1.0
333,504,324,207,1035,"[504, 324, 207]",leaky_relu,model_11,Float8WeightOnlyConfig,float8,8.0,False,True,onnx_quantized_model_size,,onnx,model_size,False,1.0
334,504,324,207,1035,"[504, 324, 207]",leaky_relu,model_11,Int8WeightOnlyConfig,int8,8.0,False,True,onnx_quantized_median_latency,0.0005028955638408661,onnx,median_latency,False,1.0
335,504,324,207,1035,"[504, 324, 207]",leaky_relu,model_11,Float8WeightOnlyConfig,float8,8.0,False,True,onnx_quantized_median_latency,,onnx,median_latency,False,1.0
336,504,324,207,1035,"[504, 324, 207]",leaky_relu,model_11,Int8WeightOnlyConfig,int8,8.0,False,True,onnx_quantized_p95_latency,0.000647679902613163,onnx,p95_latency,False,1.0
337,504,324,207,1035,"[504, 324, 207]",leaky_relu,model_11,Float8WeightOnlyConfig,float8,8.0,False,True,onnx_quantized_p95_latency,,onnx,p95_latency,False,1.0
338,504,324,207,1035,"[504, 324, 207]",leaky_relu,model_11,Int8WeightOnlyConfig,int8,8.0,False,True,onnx_quantized_p99_latency,0.0007657142356038094,onnx,p99_latency,False,1.0
339,504,324,207,1035,"[504, 324, 207]",leaky_relu,model_11,Float8WeightOnlyConfig,float8,8.0,False,True,onnx_quantized_p99_latency,,onnx,p99_latency,False,1.0
340,504,324,207,1035,"[504, 324, 207]",leaky_relu,model_11,Int8WeightOnlyConfig,int8,8.0,False,True,onnx_relative_model_size,2.390412936760035,onnx,model_size,True,1.0
341,504,324,207,1035,"[504, 324, 207]",leaky_relu,model_11,Float8WeightOnlyConfig,float8,8.0,False,True,onnx_relative_model_size,,onnx,model_size,True,1.0
342,504,324,207,1035,"[504, 324, 207]",leaky_relu,model_11,Int8WeightOnlyConfig,int8,8.0,False,True,onnx_relative_median_latency,1.1844627823622573,onnx,median_latency,True,1.0
343,504,324,207,1035,"[504, 324, 207]",leaky_relu,model_11,Float8WeightOnlyConfig,float8,8.0,False,True,onnx_relative_median_latency,,onnx,median_latency,True,1.0
344,504,324,207,1035,"[504, 324, 207]",leaky_relu,model_11,Int8WeightOnlyConfig,int8,8.0,False,True,onnx_relative_p95_latency,1.1035207758782108,onnx,p95_latency,True,1.0
345,504,324,207,1035,"[504, 324, 207]",leaky_relu,model_11,Float8WeightOnlyConfig,float8,8.0,False,True,onnx_relative_p95_latency,,onnx,p95_latency,True,1.0
346,504,324,207,1035,"[504, 324, 207]",leaky_relu,model_11,Int8WeightOnlyConfig,int8,8.0,False,True,onnx_relative_p99_latency,1.1350045384753265,onnx,p99_latency,True,1.0
347,504,324,207,1035,"[504, 324, 207]",leaky_relu,model_11,Float8WeightOnlyConfig,float8,8.0,False,True,onnx_relative_p99_latency,,onnx,p99_latency,True,1.0
348,504,324,207,1035,"[504, 324, 207]",leaky_relu,model_11,Int8WeightOnlyConfig,int8,8.0,False,True,pt2_quantized_model_size,421025.0,pt2,model_size,False,1.0
349,504,324,207,1035,"[504, 324, 207]",leaky_relu,model_11,Float8WeightOnlyConfig,float8,8.0,False,True,pt2_quantized_model_size,400289.0,pt2,model_size,False,1.0
350,504,324,207,1035,"[504, 324, 207]",leaky_relu,model_11,Int8WeightOnlyConfig,int8,8.0,False,True,pt2_quantized_median_latency,0.0008830353617668152,pt2,median_latency,False,1.0
351,504,324,207,1035,"[504, 324, 207]",leaky_relu,model_11,Float8WeightOnlyConfig,float8,8.0,False,True,pt2_quantized_median_latency,0.0007153116166591644,pt2,median_latency,False,1.0
352,504,324,207,1035,"[504, 324, 207]",leaky_relu,model_11,Int8WeightOnlyConfig,int8,8.0,False,True,pt2_quantized_p95_latency,0.000898679718375206,pt2,p95_latency,False,1.0
353,504,324,207,1035,"[504, 324, 207]",leaky_relu,model_11,Float8WeightOnlyConfig,float8,8.0,False,True,pt2_quantized_p95_latency,0.0007258420810103416,pt2,p95_latency,False,1.0
354,504,324,207,1035,"[504, 324, 207]",leaky_relu,model_11,Int8WeightOnlyConfig,int8,8.0,False,True,pt2_quantized_p99_latency,0.001021699011325836,pt2,p99_latency,False,1.0
355,504,324,207,1035,"[504, 324, 207]",leaky_relu,model_11,Float8WeightOnlyConfig,float8,8.0,False,True,pt2_quantized_p99_latency,0.0008513927459716797,pt2,p99_latency,False,1.0
356,504,324,207,1035,"[504, 324, 207]",leaky_relu,model_11,Int8WeightOnlyConfig,int8,8.0,False,True,pt2_relative_model_size,0.36479385172573636,pt2,model_size,True,1.0
357,504,324,207,1035,"[504, 324, 207]",leaky_relu,model_11,Float8WeightOnlyConfig,float8,8.0,False,True,pt2_relative_model_size,0.3468273050613225,pt2,model_size,True,1.0
358,504,324,207,1035,"[504, 324, 207]",leaky_relu,model_11,Int8WeightOnlyConfig,int8,8.0,False,True,pt2_relative_median_latency,1.0879016731264817,pt2,median_latency,True,1.0
359,504,324,207,1035,"[504, 324, 207]",leaky_relu,model_11,Float8WeightOnlyConfig,float8,8.0,False,True,pt2_relative_median_latency,0.881265618868626,pt2,median_latency,True,1.0
360,504,324,207,1035,"[504, 324, 207]",leaky_relu,model_11,Int8WeightOnlyConfig,int8,8.0,False,True,pt2_relative_p95_latency,0.40310334643243406,pt2,p95_latency,True,1.0
361,504,324,207,1035,"[504, 324, 207]",leaky_relu,model_11,Float8WeightOnlyConfig,float8,8.0,False,True,pt2_relative_p95_latency,0.3255769167304076,pt2,p95_latency,True,1.0
362,504,324,207,1035,"[504, 324, 207]",leaky_relu,model_11,Int8WeightOnlyConfig,int8,8.0,False,True,pt2_relative_p99_latency,0.4493092429347387,pt2,p99_latency,True,1.0
363,504,324,207,1035,"[504, 324, 207]",leaky_relu,model_11,Float8WeightOnlyConfig,float8,8.0,False,True,pt2_relative_p99_latency,0.3744142119079198,pt2,p99_latency,True,1.0
364,504,324,207,1035,"[504, 324, 207]",leaky_relu,model_11,Int8WeightOnlyConfig,int8,8.0,False,True,pytorch_quantized_MAE,7.817963902499467,pytorch,MAE,False,2.0
365,504,324,207,1035,"[504, 324, 207]",leaky_relu,model_11,Float8WeightOnlyConfig,float8,8.0,False,True,pytorch_quantized_MAE,7.853655925474409,pytorch,MAE,False,2.0
366,504,324,207,1035,"[504, 324, 207]",leaky_relu,model_11,Int8WeightOnlyConfig,int8,8.0,False,True,pytorch_relative_MAE,1.000291274368712,pytorch,MAE,True,2.0
367,504,324,207,1035,"[504, 324, 207]",leaky_relu,model_11,Float8WeightOnlyConfig,float8,8.0,False,True,pytorch_relative_MAE,1.0048579901519592,pytorch,MAE,True,2.0
368,504,324,207,1035,"[504, 324, 207]",leaky_relu,model_11,Int8WeightOnlyConfig,int8,8.0,False,True,pytorch_quantized_model_size,272431.0,pytorch,model_size,False,2.0
369,504,324,207,1035,"[504, 324, 207]",leaky_relu,model_11,Float8WeightOnlyConfig,float8,8.0,False,True,pytorch_quantized_model_size,272431.0,pytorch,model_size,False,2.0
370,504,324,207,1035,"[504, 324, 207]",leaky_relu,model_11,Int8WeightOnlyConfig,int8,8.0,False,True,pytorch_quantized_median_latency,0.0004365667700767517,pytorch,median_latency,False,2.0
371,504,324,207,1035,"[504, 324, 207]",leaky_relu,model_11,Float8WeightOnlyConfig,float8,8.0,False,True,pytorch_quantized_median_latency,0.0005214866250753403,pytorch,median_latency,False,2.0
372,504,324,207,1035,"[504, 324, 207]",leaky_relu,model_11,Int8WeightOnlyConfig,int8,8.0,False,True,pytorch_quantized_p95_latency,0.0004486020654439926,pytorch,p95_latency,False,2.0
373,504,324,207,1035,"[504, 324, 207]",leaky_relu,model_11,Float8WeightOnlyConfig,float8,8.0,False,True,pytorch_quantized_p95_latency,0.0005303984507918358,pytorch,p95_latency,False,2.0
374,504,324,207,1035,"[504, 324, 207]",leaky_relu,model_11,Int8WeightOnlyConfig,int8,8.0,False,True,pytorch_quantized_p99_latency,0.00045332148671150207,pytorch,p99_latency,False,2.0
375,504,324,207,1035,"[504, 324, 207]",leaky_relu,model_11,Float8WeightOnlyConfig,float8,8.0,False,True,pytorch_quantized_p99_latency,0.0005454713851213455,pytorch,p99_latency,False,2.0
376,504,324,207,1035,"[504, 324, 207]",leaky_relu,model_11,Int8WeightOnlyConfig,int8,8.0,False,True,pytorch_relative_model_size,0.25,pytorch,model_size,True,2.0
377,504,324,207,1035,"[504, 324, 207]",leaky_relu,model_11,Float8WeightOnlyConfig,float8,8.0,False,True,pytorch_relative_model_size,0.25,pytorch,model_size,True,2.0
378,504,324,207,1035,"[504, 324, 207]",leaky_relu,model_11,Int8WeightOnlyConfig,int8,8.0,False,True,pytorch_relative_median_latency,2.3632257153804272,pytorch,median_latency,True,2.0
379,504,324,207,1035,"[504, 324, 207]",leaky_relu,model_11,Float8WeightOnlyConfig,float8,8.0,False,True,pytorch_relative_median_latency,2.8229143560063723,pytorch,median_latency,True,2.0
380,504,324,207,1035,"[504, 324, 207]",leaky_relu,model_11,Int8WeightOnlyConfig,int8,8.0,False,True,pytorch_relative_p95_latency,2.280481280637516,pytorch,p95_latency,True,2.0
381,504,324,207,1035,"[504, 324, 207]",leaky_relu,model_11,Float8WeightOnlyConfig,float8,8.0,False,True,pytorch_relative_p95_latency,2.6962955177497565,pytorch,p95_latency,True,2.0
382,504,324,207,1035,"[504, 324, 207]",leaky_relu,model_11,Int8WeightOnlyConfig,int8,8.0,False,True,pytorch_relative_p99_latency,2.272344735557558,pytorch,p99_latency,True,2.0
383,504,324,207,1035,"[504, 324, 207]",leaky_relu,model_11,Float8WeightOnlyConfig,float8,8.0,False,True,pytorch_relative_p99_latency,2.734260489987776,pytorch,p99_latency,True,2.0
384,504,324,207,1035,"[504, 324, 207]",leaky_relu,model_11,Int8WeightOnlyConfig,int8,8.0,False,True,onnx_quantized_model_size,33112.0,onnx,model_size,False,2.0
385,504,324,207,1035,"[504, 324, 207]",leaky_relu,model_11,Float8WeightOnlyConfig,float8,8.0,False,True,onnx_quantized_model_size,,onnx,model_size,False,2.0
386,504,324,207,1035,"[504, 324, 207]",leaky_relu,model_11,Int8WeightOnlyConfig,int8,8.0,False,True,onnx_quantized_median_latency,0.000498918816447258,onnx,median_latency,False,2.0
387,504,324,207,1035,"[504, 324, 207]",leaky_relu,model_11,Float8WeightOnlyConfig,float8,8.0,False,True,onnx_quantized_median_latency,,onnx,median_latency,False,2.0
388,504,324,207,1035,"[504, 324, 207]",leaky_relu,model_11,Int8WeightOnlyConfig,int8,8.0,False,True,onnx_quantized_p95_latency,0.0006186623126268387,onnx,p95_latency,False,2.0
389,504,324,207,1035,"[504, 324, 207]",leaky_relu,model_11,Float8WeightOnlyConfig,float8,8.0,False,True,onnx_quantized_p95_latency,,onnx,p95_latency,False,2.0
390,504,324,207,1035,"[504, 324, 207]",leaky_relu,model_11,Int8WeightOnlyConfig,int8,8.0,False,True,onnx_quantized_p99_latency,0.0006331677362322807,onnx,p99_latency,False,2.0
391,504,324,207,1035,"[504, 324, 207]",leaky_relu,model_11,Float8WeightOnlyConfig,float8,8.0,False,True,onnx_quantized_p99_latency,,onnx,p99_latency,False,2.0
392,504,324,207,1035,"[504, 324, 207]",leaky_relu,model_11,Int8WeightOnlyConfig,int8,8.0,False,True,onnx_relative_model_size,2.390412936760035,onnx,model_size,True,2.0
393,504,324,207,1035,"[504, 324, 207]",leaky_relu,model_11,Float8WeightOnlyConfig,float8,8.0,False,True,onnx_relative_model_size,,onnx,model_size,True,2.0
394,504,324,207,1035,"[504, 324, 207]",leaky_relu,model_11,Int8WeightOnlyConfig,int8,8.0,False,True,onnx_relative_median_latency,1.2069672500495665,onnx,median_latency,True,2.0
395,504,324,207,1035,"[504, 324, 207]",leaky_relu,model_11,Float8WeightOnlyConfig,float8,8.0,False,True,onnx_relative_median_latency,,onnx,median_latency,True,2.0
396,504,324,207,1035,"[504, 324, 207]",leaky_relu,model_11,Int8WeightOnlyConfig,int8,8.0,False,True,onnx_relative_p95_latency,1.1417468212316868,onnx,p95_latency,True,2.0
397,504,324,207,1035,"[504, 324, 207]",leaky_relu,model_11,Float8WeightOnlyConfig,float8,8.0,False,True,onnx_relative_p95_latency,,onnx,p95_latency,True,2.0
398,504,324,207,1035,"[504, 324, 207]",leaky_relu,model_11,Int8WeightOnlyConfig,int8,8.0,False,True,onnx_relative_p99_latency,1.137596539274214,onnx,p99_latency,True,2.0
399,504,324,207,1035,"[504, 324, 207]",leaky_relu,model_11,Float8WeightOnlyConfig,float8,8.0,False,True,onnx_relative_p99_latency,,onnx,p99_latency,True,2.0
400,504,324,207,1035,"[504, 324, 207]",leaky_relu,model_11,Int8WeightOnlyConfig,int8,8.0,False,True,pt2_quantized_model_size,421025.0,pt2,model_size,False,2.0
401,504,324,207,1035,"[504, 324, 207]",leaky_relu,model_11,Float8WeightOnlyConfig,float8,8.0,False,True,pt2_quantized_model_size,400289.0,pt2,model_size,False,2.0
402,504,324,207,1035,"[504, 324, 207]",leaky_relu,model_11,Int8WeightOnlyConfig,int8,8.0,False,True,pt2_quantized_median_latency,0.0008759982883930206,pt2,median_latency,False,2.0
403,504,324,207,1035,"[504, 324, 207]",leaky_relu,model_11,Float8WeightOnlyConfig,float8,8.0,False,True,pt2_quantized_median_latency,0.0007145479321479797,pt2,median_latency,False,2.0
404,504,324,207,1035,"[504, 324, 207]",leaky_relu,model_11,Int8WeightOnlyConfig,int8,8.0,False,True,pt2_quantized_p95_latency,0.000890546478331089,pt2,p95_latency,False,2.0
405,504,324,207,1035,"[504, 324, 207]",leaky_relu,model_11,Float8WeightOnlyConfig,float8,8.0,False,True,pt2_quantized_p95_latency,0.0007261736318469048,pt2,p95_latency,False,2.0
406,504,324,207,1035,"[504, 324, 207]",leaky_relu,model_11,Int8WeightOnlyConfig,int8,8.0,False,True,pt2_quantized_p99_latency,0.001033153049647808,pt2,p99_latency,False,2.0
407,504,324,207,1035,"[504, 324, 207]",leaky_relu,model_11,Float8WeightOnlyConfig,float8,8.0,False,True,pt2_quantized_p99_latency,0.0008474499359726902,pt2,p99_latency,False,2.0
408,504,324,207,1035,"[504, 324, 207]",leaky_relu,model_11,Int8WeightOnlyConfig,int8,8.0,False,True,pt2_relative_model_size,0.36479385172573636,pt2,model_size,True,2.0
409,504,324,207,1035,"[504, 324, 207]",leaky_relu,model_11,Float8WeightOnlyConfig,float8,8.0,False,True,pt2_relative_model_size,0.3468273050613225,pt2,model_size,True,2.0
410,504,324,207,1035,"[504, 324, 207]",leaky_relu,model_11,Int8WeightOnlyConfig,int8,8.0,False,True,pt2_relative_median_latency,1.0975756613954184,pt2,median_latency,True,2.0
411,504,324,207,1035,"[504, 324, 207]",leaky_relu,model_11,Float8WeightOnlyConfig,float8,8.0,False,True,pt2_relative_median_latency,0.8952876159892459,pt2,median_latency,True,2.0
412,504,324,207,1035,"[504, 324, 207]",leaky_relu,model_11,Int8WeightOnlyConfig,int8,8.0,False,True,pt2_relative_p95_latency,1.0967438915708667,pt2,p95_latency,True,2.0
413,504,324,207,1035,"[504, 324, 207]",leaky_relu,model_11,Float8WeightOnlyConfig,float8,8.0,False,True,pt2_relative_p95_latency,0.8943121042266671,pt2,p95_latency,True,2.0
414,504,324,207,1035,"[504, 324, 207]",leaky_relu,model_11,Int8WeightOnlyConfig,int8,8.0,False,True,pt2_relative_p99_latency,1.0730620310031396,pt2,p99_latency,True,2.0
415,504,324,207,1035,"[504, 324, 207]",leaky_relu,model_11,Float8WeightOnlyConfig,float8,8.0,False,True,pt2_relative_p99_latency,0.8801855153777359,pt2,p99_latency,True,2.0
416,504,324,207,1035,"[504, 324, 207]",leaky_relu,model_11,Int8WeightOnlyConfig,int8,8.0,False,True,pytorch_quantized_MAE,7.896955588799205,pytorch,MAE,False,3.0
417,504,324,207,1035,"[504, 324, 207]",leaky_relu,model_11,Float8WeightOnlyConfig,float8,8.0,False,True,pytorch_quantized_MAE,7.935807203865231,pytorch,MAE,False,3.0
418,504,324,207,1035,"[504, 324, 207]",leaky_relu,model_11,Int8WeightOnlyConfig,int8,8.0,False,True,pytorch_relative_MAE,1.0003045195373859,pytorch,MAE,True,3.0
419,504,324,207,1035,"[504, 324, 207]",leaky_relu,model_11,Float8WeightOnlyConfig,float8,8.0,False,True,pytorch_relative_MAE,1.0052258396214186,pytorch,MAE,True,3.0
420,504,324,207,1035,"[504, 324, 207]",leaky_relu,model_11,Int8WeightOnlyConfig,int8,8.0,False,True,pytorch_quantized_model_size,272431.0,pytorch,model_size,False,3.0
421,504,324,207,1035,"[504, 324, 207]",leaky_relu,model_11,Float8WeightOnlyConfig,float8,8.0,False,True,pytorch_quantized_model_size,272431.0,pytorch,model_size,False,3.0
422,504,324,207,1035,"[504, 324, 207]",leaky_relu,model_11,Int8WeightOnlyConfig,int8,8.0,False,True,pytorch_quantized_median_latency,0.00042750313878059387,pytorch,median_latency,False,3.0
423,504,324,207,1035,"[504, 324, 207]",leaky_relu,model_11,Float8WeightOnlyConfig,float8,8.0,False,True,pytorch_quantized_median_latency,0.000529807060956955,pytorch,median_latency,False,3.0
424,504,324,207,1035,"[504, 324, 207]",leaky_relu,model_11,Int8WeightOnlyConfig,int8,8.0,False,True,pytorch_quantized_p95_latency,0.00043885167688131335,pytorch,p95_latency,False,3.0
425,504,324,207,1035,"[504, 324, 207]",leaky_relu,model_11,Float8WeightOnlyConfig,float8,8.0,False,True,pytorch_quantized_p95_latency,0.0005376318469643593,pytorch,p95_latency,False,3.0
426,504,324,207,1035,"[504, 324, 207]",leaky_relu,model_11,Int8WeightOnlyConfig,int8,8.0,False,True,pytorch_quantized_p99_latency,0.0004428122565150261,pytorch,p99_latency,False,3.0
427,504,324,207,1035,"[504, 324, 207]",leaky_relu,model_11,Float8WeightOnlyConfig,float8,8.0,False,True,pytorch_quantized_p99_latency,0.0005407340079545974,pytorch,p99_latency,False,3.0
428,504,324,207,1035,"[504, 324, 207]",leaky_relu,model_11,Int8WeightOnlyConfig,int8,8.0,False,True,pytorch_relative_model_size,0.25,pytorch,model_size,True,3.0
429,504,324,207,1035,"[504, 324, 207]",leaky_relu,model_11,Float8WeightOnlyConfig,float8,8.0,False,True,pytorch_relative_model_size,0.25,pytorch,model_size,True,3.0
430,504,324,207,1035,"[504, 324, 207]",leaky_relu,model_11,Int8WeightOnlyConfig,int8,8.0,False,True,pytorch_relative_median_latency,2.3988920825712046,pytorch,median_latency,True,3.0
431,504,324,207,1035,"[504, 324, 207]",leaky_relu,model_11,Float8WeightOnlyConfig,float8,8.0,False,True,pytorch_relative_median_latency,2.9729605435066633,pytorch,median_latency,True,3.0
432,504,324,207,1035,"[504, 324, 207]",leaky_relu,model_11,Int8WeightOnlyConfig,int8,8.0,False,True,pytorch_relative_p95_latency,2.3016086380159058,pytorch,p95_latency,True,3.0
433,504,324,207,1035,"[504, 324, 207]",leaky_relu,model_11,Float8WeightOnlyConfig,float8,8.0,False,True,pytorch_relative_p95_latency,2.8196727236848917,pytorch,p95_latency,True,3.0
434,504,324,207,1035,"[504, 324, 207]",leaky_relu,model_11,Int8WeightOnlyConfig,int8,8.0,False,True,pytorch_relative_p99_latency,2.262513090679436,pytorch,p99_latency,True,3.0
435,504,324,207,1035,"[504, 324, 207]",leaky_relu,model_11,Float8WeightOnlyConfig,float8,8.0,False,True,pytorch_relative_p99_latency,2.7628362891335656,pytorch,p99_latency,True,3.0
436,504,324,207,1035,"[504, 324, 207]",leaky_relu,model_11,Int8WeightOnlyConfig,int8,8.0,False,True,onnx_quantized_model_size,33112.0,onnx,model_size,False,3.0
437,504,324,207,1035,"[504, 324, 207]",leaky_relu,model_11,Float8WeightOnlyConfig,float8,8.0,False,True,onnx_quantized_model_size,,onnx,model_size,False,3.0
438,504,324,207,1035,"[504, 324, 207]",leaky_relu,model_11,Int8WeightOnlyConfig,int8,8.0,False,True,onnx_quantized_median_latency,0.0004949849098920822,onnx,median_latency,False,3.0
439,504,324,207,1035,"[504, 324, 207]",leaky_relu,model_11,Float8WeightOnlyConfig,float8,8.0,False,True,onnx_quantized_median_latency,,onnx,median_latency,False,3.0
440,504,324,207,1035,"[504, 324, 207]",leaky_relu,model_11,Int8WeightOnlyConfig,int8,8.0,False,True,onnx_quantized_p95_latency,0.0006124673411250115,onnx,p95_latency,False,3.0
441,504,324,207,1035,"[504, 324, 207]",leaky_relu,model_11,Float8WeightOnlyConfig,float8,8.0,False,True,onnx_quantized_p95_latency,,onnx,p95_latency,False,3.0
442,504,324,207,1035,"[504, 324, 207]",leaky_relu,model_11,Int8WeightOnlyConfig,int8,8.0,False,True,onnx_quantized_p99_latency,0.0007523233443498612,onnx,p99_latency,False,3.0
443,504,324,207,1035,"[504, 324, 207]",leaky_relu,model_11,Float8WeightOnlyConfig,float8,8.0,False,True,onnx_quantized_p99_latency,,onnx,p99_latency,False,3.0
444,504,324,207,1035,"[504, 324, 207]",leaky_relu,model_11,Int8WeightOnlyConfig,int8,8.0,False,True,onnx_relative_model_size,2.390412936760035,onnx,model_size,True,3.0
445,504,324,207,1035,"[504, 324, 207]",leaky_relu,model_11,Float8WeightOnlyConfig,float8,8.0,False,True,onnx_relative_model_size,,onnx,model_size,True,3.0
446,504,324,207,1035,"[504, 324, 207]",leaky_relu,model_11,Int8WeightOnlyConfig,int8,8.0,False,True,onnx_relative_median_latency,1.180093965930689,onnx,median_latency,True,3.0
447,504,324,207,1035,"[504, 324, 207]",leaky_relu,model_11,Float8WeightOnlyConfig,float8,8.0,False,True,onnx_relative_median_latency,,onnx,median_latency,True,3.0
448,504,324,207,1035,"[504, 324, 207]",leaky_relu,model_11,Int8WeightOnlyConfig,int8,8.0,False,True,onnx_relative_p95_latency,1.1892501756844098,onnx,p95_latency,True,3.0
449,504,324,207,1035,"[504, 324, 207]",leaky_relu,model_11,Float8WeightOnlyConfig,float8,8.0,False,True,onnx_relative_p95_latency,,onnx,p95_latency,True,3.0
450,504,324,207,1035,"[504, 324, 207]",leaky_relu,model_11,Int8WeightOnlyConfig,int8,8.0,False,True,onnx_relative_p99_latency,1.3691235810233686,onnx,p99_latency,True,3.0
451,504,324,207,1035,"[504, 324, 207]",leaky_relu,model_11,Float8WeightOnlyConfig,float8,8.0,False,True,onnx_relative_p99_latency,,onnx,p99_latency,True,3.0
452,504,324,207,1035,"[504, 324, 207]",leaky_relu,model_11,Int8WeightOnlyConfig,int8,8.0,False,True,pt2_quantized_model_size,421025.0,pt2,model_size,False,3.0
453,504,324,207,1035,"[504, 324, 207]",leaky_relu,model_11,Float8WeightOnlyConfig,float8,8.0,False,True,pt2_quantized_model_size,400289.0,pt2,model_size,False,3.0
454,504,324,207,1035,"[504, 324, 207]",leaky_relu,model_11,Int8WeightOnlyConfig,int8,8.0,False,True,pt2_quantized_median_latency,0.0008840784430503845,pt2,median_latency,False,3.0
455,504,324,207,1035,"[504, 324, 207]",leaky_relu,model_11,Float8WeightOnlyConfig,float8,8.0,False,True,pt2_quantized_median_latency,0.0007222536951303482,pt2,median_latency,False,3.0
456,504,324,207,1035,"[504, 324, 207]",leaky_relu,model_11,Int8WeightOnlyConfig,int8,8.0,False,True,pt2_quantized_p95_latency,0.0009029382839798927,pt2,p95_latency,False,3.0
457,504,324,207,1035,"[504, 324, 207]",leaky_relu,model_11,Float8WeightOnlyConfig,float8,8.0,False,True,pt2_quantized_p95_latency,0.0007636744529008865,pt2,p95_latency,False,3.0
458,504,324,207,1035,"[504, 324, 207]",leaky_relu,model_11,Int8WeightOnlyConfig,int8,8.0,False,True,pt2_quantized_p99_latency,0.0010376149788498877,pt2,p99_latency,False,3.0
459,504,324,207,1035,"[504, 324, 207]",leaky_relu,model_11,Float8WeightOnlyConfig,float8,8.0,False,True,pt2_quantized_p99_latency,0.0008654031157493591,pt2,p99_latency,False,3.0
460,504,324,207,1035,"[504, 324, 207]",leaky_relu,model_11,Int8WeightOnlyConfig,int8,8.0,False,True,pt2_relative_model_size,0.36479385172573636,pt2,model_size,True,3.0
461,504,324,207,1035,"[504, 324, 207]",leaky_relu,model_11,Float8WeightOnlyConfig,float8,8.0,False,True,pt2_relative_model_size,0.3468273050613225,pt2,model_size,True,3.0
462,504,324,207,1035,"[504, 324, 207]",leaky_relu,model_11,Int8WeightOnlyConfig,int8,8.0,False,True,pt2_relative_median_latency,1.1365450788169909,pt2,median_latency,True,3.0
463,504,324,207,1035,"[504, 324, 207]",leaky_relu,model_11,Float8WeightOnlyConfig,float8,8.0,False,True,pt2_relative_median_latency,0.928507972692421,pt2,median_latency,True,3.0
464,504,324,207,1035,"[504, 324, 207]",leaky_relu,model_11,Int8WeightOnlyConfig,int8,8.0,False,True,pt2_relative_p95_latency,0.4008169944097772,pt2,p95_latency,True,3.0
465,504,324,207,1035,"[504, 324, 207]",leaky_relu,model_11,Float8WeightOnlyConfig,float8,8.0,False,True,pt2_relative_p95_latency,0.33899736488089877,pt2,p95_latency,True,3.0
466,504,324,207,1035,"[504, 324, 207]",leaky_relu,model_11,Int8WeightOnlyConfig,int8,8.0,False,True,pt2_relative_p99_latency,0.4434115007746931,pt2,p99_latency,True,3.0
467,504,324,207,1035,"[504, 324, 207]",leaky_relu,model_11,Float8WeightOnlyConfig,float8,8.0,False,True,pt2_relative_p99_latency,0.36981896189938596,pt2,p99_latency,True,3.0
468,238,194,94,526,"[238, 194, 94]",gelu,model_12,Int8WeightOnlyConfig,int8,8.0,False,True,pytorch_quantized_MAE,8.750809656037324,pytorch,MAE,False,1.0
469,238,194,94,526,"[238, 194, 94]",gelu,model_12,Float8WeightOnlyConfig,float8,8.0,False,True,pytorch_quantized_MAE,8.77796819046322,pytorch,MAE,False,1.0
470,238,194,94,526,"[238, 194, 94]",gelu,model_12,Int8WeightOnlyConfig,int8,8.0,False,True,pytorch_relative_MAE,1.0003303122594929,pytorch,MAE,True,1.0
471,238,194,94,526,"[238, 194, 94]",gelu,model_12,Float8WeightOnlyConfig,float8,8.0,False,True,pytorch_relative_MAE,1.003434882726755,pytorch,MAE,True,1.0
472,238,194,94,526,"[238, 194, 94]",gelu,model_12,Int8WeightOnlyConfig,int8,8.0,False,True,pytorch_quantized_model_size,84307.0,pytorch,model_size,False,1.0
473,238,194,94,526,"[238, 194, 94]",gelu,model_12,Float8WeightOnlyConfig,float8,8.0,False,True,pytorch_quantized_model_size,84307.0,pytorch,model_size,False,1.0
474,238,194,94,526,"[238, 194, 94]",gelu,model_12,Int8WeightOnlyConfig,int8,8.0,False,True,pytorch_quantized_median_latency,0.00042945705354213715,pytorch,median_latency,False,1.0
475,238,194,94,526,"[238, 194, 94]",gelu,model_12,Float8WeightOnlyConfig,float8,8.0,False,True,pytorch_quantized_median_latency,0.0005832519382238388,pytorch,median_latency,False,1.0
476,238,194,94,526,"[238, 194, 94]",gelu,model_12,Int8WeightOnlyConfig,int8,8.0,False,True,pytorch_quantized_p95_latency,0.0004837300628423691,pytorch,p95_latency,False,1.0
477,238,194,94,526,"[238, 194, 94]",gelu,model_12,Float8WeightOnlyConfig,float8,8.0,False,True,pytorch_quantized_p95_latency,0.0005924010649323464,pytorch,p95_latency,False,1.0
478,238,194,94,526,"[238, 194, 94]",gelu,model_12,Int8WeightOnlyConfig,int8,8.0,False,True,pytorch_quantized_p99_latency,0.000491420179605484,pytorch,p99_latency,False,1.0
479,238,194,94,526,"[238, 194, 94]",gelu,model_12,Float8WeightOnlyConfig,float8,8.0,False,True,pytorch_quantized_p99_latency,0.0005988194793462753,pytorch,p99_latency,False,1.0
480,238,194,94,526,"[238, 194, 94]",gelu,model_12,Int8WeightOnlyConfig,int8,8.0,False,True,pytorch_relative_model_size,0.25,pytorch,model_size,True,1.0
481,238,194,94,526,"[238, 194, 94]",gelu,model_12,Float8WeightOnlyConfig,float8,8.0,False,True,pytorch_relative_model_size,0.25,pytorch,model_size,True,1.0
482,238,194,94,526,"[238, 194, 94]",gelu,model_12,Int8WeightOnlyConfig,int8,8.0,False,True,pytorch_relative_median_latency,2.7285562130177516,pytorch,median_latency,True,1.0
483,238,194,94,526,"[238, 194, 94]",gelu,model_12,Float8WeightOnlyConfig,float8,8.0,False,True,pytorch_relative_median_latency,3.7056923076923076,pytorch,median_latency,True,1.0
484,238,194,94,526,"[238, 194, 94]",gelu,model_12,Int8WeightOnlyConfig,int8,8.0,False,True,pytorch_relative_p95_latency,2.8706190552512756,pytorch,p95_latency,True,1.0
485,238,194,94,526,"[238, 194, 94]",gelu,model_12,Float8WeightOnlyConfig,float8,8.0,False,True,pytorch_relative_p95_latency,3.5155098183345586,pytorch,p95_latency,True,1.0
486,238,194,94,526,"[238, 194, 94]",gelu,model_12,Int8WeightOnlyConfig,int8,8.0,False,True,pytorch_relative_p99_latency,2.833430348071698,pytorch,p99_latency,True,1.0
487,238,194,94,526,"[238, 194, 94]",gelu,model_12,Float8WeightOnlyConfig,float8,8.0,False,True,pytorch_relative_p99_latency,3.4526732035268974,pytorch,p99_latency,True,1.0
488,238,194,94,526,"[238, 194, 94]",gelu,model_12,Int8WeightOnlyConfig,int8,8.0,False,True,onnx_quantized_model_size,47743.0,onnx,model_size,False,1.0
489,238,194,94,526,"[238, 194, 94]",gelu,model_12,Float8WeightOnlyConfig,float8,8.0,False,True,onnx_quantized_model_size,,onnx,model_size,False,1.0
490,238,194,94,526,"[238, 194, 94]",gelu,model_12,Int8WeightOnlyConfig,int8,8.0,False,True,onnx_quantized_median_latency,0.0003876239061355591,onnx,median_latency,False,1.0
491,238,194,94,526,"[238, 194, 94]",gelu,model_12,Float8WeightOnlyConfig,float8,8.0,False,True,onnx_quantized_median_latency,,onnx,median_latency,False,1.0
492,238,194,94,526,"[238, 194, 94]",gelu,model_12,Int8WeightOnlyConfig,int8,8.0,False,True,onnx_quantized_p95_latency,0.00043600182980299,onnx,p95_latency,False,1.0
493,238,194,94,526,"[238, 194, 94]",gelu,model_12,Float8WeightOnlyConfig,float8,8.0,False,True,onnx_quantized_p95_latency,,onnx,p95_latency,False,1.0
494,238,194,94,526,"[238, 194, 94]",gelu,model_12,Int8WeightOnlyConfig,int8,8.0,False,True,onnx_quantized_p99_latency,0.00044367119669914246,onnx,p99_latency,False,1.0
495,238,194,94,526,"[238, 194, 94]",gelu,model_12,Float8WeightOnlyConfig,float8,8.0,False,True,onnx_quantized_p99_latency,,onnx,p99_latency,False,1.0
496,238,194,94,526,"[238, 194, 94]",gelu,model_12,Int8WeightOnlyConfig,int8,8.0,False,True,onnx_relative_model_size,1.676722624148346,onnx,model_size,True,1.0
497,238,194,94,526,"[238, 194, 94]",gelu,model_12,Float8WeightOnlyConfig,float8,8.0,False,True,onnx_relative_model_size,,onnx,model_size,True,1.0
498,238,194,94,526,"[238, 194, 94]",gelu,model_12,Int8WeightOnlyConfig,int8,8.0,False,True,onnx_relative_median_latency,1.193256880733945,onnx,median_latency,True,1.0
499,238,194,94,526,"[238, 194, 94]",gelu,model_12,Float8WeightOnlyConfig,float8,8.0,False,True,onnx_relative_median_latency,,onnx,median_latency,True,1.0
500,238,194,94,526,"[238, 194, 94]",gelu,model_12,Int8WeightOnlyConfig,int8,8.0,False,True,onnx_relative_p95_latency,1.2334439380550326,onnx,p95_latency,True,1.0
501,238,194,94,526,"[238, 194, 94]",gelu,model_12,Float8WeightOnlyConfig,float8,8.0,False,True,onnx_relative_p95_latency,,onnx,p95_latency,True,1.0
502,238,194,94,526,"[238, 194, 94]",gelu,model_12,Int8WeightOnlyConfig,int8,8.0,False,True,onnx_relative_p99_latency,1.2248674133364488,onnx,p99_latency,True,1.0
503,238,194,94,526,"[238, 194, 94]",gelu,model_12,Float8WeightOnlyConfig,float8,8.0,False,True,onnx_relative_p99_latency,,onnx,p99_latency,True,1.0
504,238,194,94,526,"[238, 194, 94]",gelu,model_12,Int8WeightOnlyConfig,int8,8.0,False,True,pt2_quantized_model_size,229281.0,pt2,model_size,False,1.0
505,238,194,94,526,"[238, 194, 94]",gelu,model_12,Float8WeightOnlyConfig,float8,8.0,False,True,pt2_quantized_model_size,208545.0,pt2,model_size,False,1.0
506,238,194,94,526,"[238, 194, 94]",gelu,model_12,Int8WeightOnlyConfig,int8,8.0,False,True,pt2_quantized_median_latency,0.0009049288928508759,pt2,median_latency,False,1.0
507,238,194,94,526,"[238, 194, 94]",gelu,model_12,Float8WeightOnlyConfig,float8,8.0,False,True,pt2_quantized_median_latency,0.0007263775914907455,pt2,median_latency,False,1.0
508,238,194,94,526,"[238, 194, 94]",gelu,model_12,Int8WeightOnlyConfig,int8,8.0,False,True,pt2_quantized_p95_latency,0.0009196655824780464,pt2,p95_latency,False,1.0
509,238,194,94,526,"[238, 194, 94]",gelu,model_12,Float8WeightOnlyConfig,float8,8.0,False,True,pt2_quantized_p95_latency,0.0007381793111562729,pt2,p95_latency,False,1.0
510,238,194,94,526,"[238, 194, 94]",gelu,model_12,Int8WeightOnlyConfig,int8,8.0,False,True,pt2_quantized_p99_latency,0.0010773313790559769,pt2,p99_latency,False,1.0
511,238,194,94,526,"[238, 194, 94]",gelu,model_12,Float8WeightOnlyConfig,float8,8.0,False,True,pt2_quantized_p99_latency,0.0008489924296736716,pt2,p99_latency,False,1.0
512,238,194,94,526,"[238, 194, 94]",gelu,model_12,Int8WeightOnlyConfig,int8,8.0,False,True,pt2_relative_model_size,0.5708719154053576,pt2,model_size,True,1.0
513,238,194,94,526,"[238, 194, 94]",gelu,model_12,Float8WeightOnlyConfig,float8,8.0,False,True,pt2_relative_model_size,0.5192426917110895,pt2,model_size,True,1.0
514,238,194,94,526,"[238, 194, 94]",gelu,model_12,Int8WeightOnlyConfig,int8,8.0,False,True,pt2_relative_median_latency,1.3264693194414865,pt2,median_latency,True,1.0
515,238,194,94,526,"[238, 194, 94]",gelu,model_12,Float8WeightOnlyConfig,float8,8.0,False,True,pt2_relative_median_latency,1.0647439782885288,pt2,median_latency,True,1.0
516,238,194,94,526,"[238, 194, 94]",gelu,model_12,Int8WeightOnlyConfig,int8,8.0,False,True,pt2_relative_p95_latency,0.9146269602290358,pt2,p95_latency,True,1.0
517,238,194,94,526,"[238, 194, 94]",gelu,model_12,Float8WeightOnlyConfig,float8,8.0,False,True,pt2_relative_p95_latency,0.7341350076922578,pt2,p95_latency,True,1.0
518,238,194,94,526,"[238, 194, 94]",gelu,model_12,Int8WeightOnlyConfig,int8,8.0,False,True,pt2_relative_p99_latency,1.0504278785332684,pt2,p99_latency,True,1.0
519,238,194,94,526,"[238, 194, 94]",gelu,model_12,Float8WeightOnlyConfig,float8,8.0,False,True,pt2_relative_p99_latency,0.8277910902162469,pt2,p99_latency,True,1.0
520,238,194,94,526,"[238, 194, 94]",gelu,model_12,Int8WeightOnlyConfig,int8,8.0,False,True,pytorch_quantized_MAE,8.81579753125712,pytorch,MAE,False,2.0
521,238,194,94,526,"[238, 194, 94]",gelu,model_12,Float8WeightOnlyConfig,float8,8.0,False,True,pytorch_quantized_MAE,8.839006167364255,pytorch,MAE,False,2.0
522,238,194,94,526,"[238, 194, 94]",gelu,model_12,Int8WeightOnlyConfig,int8,8.0,False,True,pytorch_relative_MAE,1.0006077190167642,pytorch,MAE,True,2.0
523,238,194,94,526,"[238, 194, 94]",gelu,model_12,Float8WeightOnlyConfig,float8,8.0,False,True,pytorch_relative_MAE,1.0032419379123674,pytorch,MAE,True,2.0
524,238,194,94,526,"[238, 194, 94]",gelu,model_12,Int8WeightOnlyConfig,int8,8.0,False,True,pytorch_quantized_model_size,84307.0,pytorch,model_size,False,2.0
525,238,194,94,526,"[238, 194, 94]",gelu,model_12,Float8WeightOnlyConfig,float8,8.0,False,True,pytorch_quantized_model_size,84307.0,pytorch,model_size,False,2.0
526,238,194,94,526,"[238, 194, 94]",gelu,model_12,Int8WeightOnlyConfig,int8,8.0,False,True,pytorch_quantized_median_latency,0.00045365653932094574,pytorch,median_latency,False,2.0
527,238,194,94,526,"[238, 194, 94]",gelu,model_12,Float8WeightOnlyConfig,float8,8.0,False,True,pytorch_quantized_median_latency,0.0005052890628576279,pytorch,median_latency,False,2.0
528,238,194,94,526,"[238, 194, 94]",gelu,model_12,Int8WeightOnlyConfig,int8,8.0,False,True,pytorch_quantized_p95_latency,0.00046394113451242447,pytorch,p95_latency,False,2.0
529,238,194,94,526,"[238, 194, 94]",gelu,model_12,Float8WeightOnlyConfig,float8,8.0,False,True,pytorch_quantized_p95_latency,0.0005665797740221024,pytorch,p95_latency,False,2.0
530,238,194,94,526,"[238, 194, 94]",gelu,model_12,Int8WeightOnlyConfig,int8,8.0,False,True,pytorch_quantized_p99_latency,0.0004665926471352577,pytorch,p99_latency,False,2.0
531,238,194,94,526,"[238, 194, 94]",gelu,model_12,Float8WeightOnlyConfig,float8,8.0,False,True,pytorch_quantized_p99_latency,0.0005735571309924126,pytorch,p99_latency,False,2.0
532,238,194,94,526,"[238, 194, 94]",gelu,model_12,Int8WeightOnlyConfig,int8,8.0,False,True,pytorch_relative_model_size,0.25,pytorch,model_size,True,2.0
533,238,194,94,526,"[238, 194, 94]",gelu,model_12,Float8WeightOnlyConfig,float8,8.0,False,True,pytorch_relative_model_size,0.25,pytorch,model_size,True,2.0
534,238,194,94,526,"[238, 194, 94]",gelu,model_12,Int8WeightOnlyConfig,int8,8.0,False,True,pytorch_relative_median_latency,2.690739758716691,pytorch,median_latency,True,2.0
535,238,194,94,526,"[238, 194, 94]",gelu,model_12,Float8WeightOnlyConfig,float8,8.0,False,True,pytorch_relative_median_latency,2.996983958637147,pytorch,median_latency,True,2.0
536,238,194,94,526,"[238, 194, 94]",gelu,model_12,Int8WeightOnlyConfig,int8,8.0,False,True,pytorch_relative_p95_latency,2.5731707947002764,pytorch,p95_latency,True,2.0
537,238,194,94,526,"[238, 194, 94]",gelu,model_12,Float8WeightOnlyConfig,float8,8.0,False,True,pytorch_relative_p95_latency,3.142438596038121,pytorch,p95_latency,True,2.0
538,238,194,94,526,"[238, 194, 94]",gelu,model_12,Int8WeightOnlyConfig,int8,8.0,False,True,pytorch_relative_p99_latency,2.560598474680743,pytorch,p99_latency,True,2.0
539,238,194,94,526,"[238, 194, 94]",gelu,model_12,Float8WeightOnlyConfig,float8,8.0,False,True,pytorch_relative_p99_latency,3.147605355074738,pytorch,p99_latency,True,2.0
540,238,194,94,526,"[238, 194, 94]",gelu,model_12,Int8WeightOnlyConfig,int8,8.0,False,True,onnx_quantized_model_size,47743.0,onnx,model_size,False,2.0
541,238,194,94,526,"[238, 194, 94]",gelu,model_12,Float8WeightOnlyConfig,float8,8.0,False,True,onnx_quantized_model_size,,onnx,model_size,False,2.0
542,238,194,94,526,"[238, 194, 94]",gelu,model_12,Int8WeightOnlyConfig,int8,8.0,False,True,onnx_quantized_median_latency,0.00039587169885635376,onnx,median_latency,False,2.0
543,238,194,94,526,"[238, 194, 94]",gelu,model_12,Float8WeightOnlyConfig,float8,8.0,False,True,onnx_quantized_median_latency,,onnx,median_latency,False,2.0
544,238,194,94,526,"[238, 194, 94]",gelu,model_12,Int8WeightOnlyConfig,int8,8.0,False,True,onnx_quantized_p95_latency,0.0004339907318353653,onnx,p95_latency,False,2.0
545,238,194,94,526,"[238, 194, 94]",gelu,model_12,Float8WeightOnlyConfig,float8,8.0,False,True,onnx_quantized_p95_latency,,onnx,p95_latency,False,2.0
546,238,194,94,526,"[238, 194, 94]",gelu,model_12,Int8WeightOnlyConfig,int8,8.0,False,True,onnx_quantized_p99_latency,0.000441063791513443,onnx,p99_latency,False,2.0
547,238,194,94,526,"[238, 194, 94]",gelu,model_12,Float8WeightOnlyConfig,float8,8.0,False,True,onnx_quantized_p99_latency,,onnx,p99_latency,False,2.0
548,238,194,94,526,"[238, 194, 94]",gelu,model_12,Int8WeightOnlyConfig,int8,8.0,False,True,onnx_relative_model_size,1.676722624148346,onnx,model_size,True,2.0
549,238,194,94,526,"[238, 194, 94]",gelu,model_12,Float8WeightOnlyConfig,float8,8.0,False,True,onnx_relative_model_size,,onnx,model_size,True,2.0
550,238,194,94,526,"[238, 194, 94]",gelu,model_12,Int8WeightOnlyConfig,int8,8.0,False,True,onnx_relative_median_latency,1.2350336459677138,onnx,median_latency,True,2.0
551,238,194,94,526,"[238, 194, 94]",gelu,model_12,Float8WeightOnlyConfig,float8,8.0,False,True,onnx_relative_median_latency,,onnx,median_latency,True,2.0
552,238,194,94,526,"[238, 194, 94]",gelu,model_12,Int8WeightOnlyConfig,int8,8.0,False,True,onnx_relative_p95_latency,1.1609292935131121,onnx,p95_latency,True,2.0
553,238,194,94,526,"[238, 194, 94]",gelu,model_12,Float8WeightOnlyConfig,float8,8.0,False,True,onnx_relative_p95_latency,,onnx,p95_latency,True,2.0
554,238,194,94,526,"[238, 194, 94]",gelu,model_12,Int8WeightOnlyConfig,int8,8.0,False,True,onnx_relative_p99_latency,1.1480255426296158,onnx,p99_latency,True,2.0
555,238,194,94,526,"[238, 194, 94]",gelu,model_12,Float8WeightOnlyConfig,float8,8.0,False,True,onnx_relative_p99_latency,,onnx,p99_latency,True,2.0
556,238,194,94,526,"[238, 194, 94]",gelu,model_12,Int8WeightOnlyConfig,int8,8.0,False,True,pt2_quantized_model_size,229281.0,pt2,model_size,False,2.0
557,238,194,94,526,"[238, 194, 94]",gelu,model_12,Float8WeightOnlyConfig,float8,8.0,False,True,pt2_quantized_model_size,208545.0,pt2,model_size,False,2.0
558,238,194,94,526,"[238, 194, 94]",gelu,model_12,Int8WeightOnlyConfig,int8,8.0,False,True,pt2_quantized_median_latency,0.0008704327046871185,pt2,median_latency,False,2.0
559,238,194,94,526,"[238, 194, 94]",gelu,model_12,Float8WeightOnlyConfig,float8,8.0,False,True,pt2_quantized_median_latency,0.0007055308669805527,pt2,median_latency,False,2.0
560,238,194,94,526,"[238, 194, 94]",gelu,model_12,Int8WeightOnlyConfig,int8,8.0,False,True,pt2_quantized_p95_latency,0.0008920371532440185,pt2,p95_latency,False,2.0
561,238,194,94,526,"[238, 194, 94]",gelu,model_12,Float8WeightOnlyConfig,float8,8.0,False,True,pt2_quantized_p95_latency,0.0007207721471786499,pt2,p95_latency,False,2.0
562,238,194,94,526,"[238, 194, 94]",gelu,model_12,Int8WeightOnlyConfig,int8,8.0,False,True,pt2_quantized_p99_latency,0.0010600472986698147,pt2,p99_latency,False,2.0
563,238,194,94,526,"[238, 194, 94]",gelu,model_12,Float8WeightOnlyConfig,float8,8.0,False,True,pt2_quantized_p99_latency,0.0008537669852375984,pt2,p99_latency,False,2.0
564,238,194,94,526,"[238, 194, 94]",gelu,model_12,Int8WeightOnlyConfig,int8,8.0,False,True,pt2_relative_model_size,0.5708719154053576,pt2,model_size,True,2.0
565,238,194,94,526,"[238, 194, 94]",gelu,model_12,Float8WeightOnlyConfig,float8,8.0,False,True,pt2_relative_model_size,0.5192426917110895,pt2,model_size,True,2.0
566,238,194,94,526,"[238, 194, 94]",gelu,model_12,Int8WeightOnlyConfig,int8,8.0,False,True,pt2_relative_median_latency,1.3132809118858795,pt2,median_latency,True,2.0
567,238,194,94,526,"[238, 194, 94]",gelu,model_12,Float8WeightOnlyConfig,float8,8.0,False,True,pt2_relative_median_latency,1.0644823147872322,pt2,median_latency,True,2.0
568,238,194,94,526,"[238, 194, 94]",gelu,model_12,Int8WeightOnlyConfig,int8,8.0,False,True,pt2_relative_p95_latency,1.3036757317967174,pt2,p95_latency,True,2.0
569,238,194,94,526,"[238, 194, 94]",gelu,model_12,Float8WeightOnlyConfig,float8,8.0,False,True,pt2_relative_p95_latency,1.0533789461735275,pt2,p95_latency,True,2.0
570,238,194,94,526,"[238, 194, 94]",gelu,model_12,Int8WeightOnlyConfig,int8,8.0,False,True,pt2_relative_p99_latency,1.2833554303474108,pt2,p99_latency,True,2.0
571,238,194,94,526,"[238, 194, 94]",gelu,model_12,Float8WeightOnlyConfig,float8,8.0,False,True,pt2_relative_p99_latency,1.033620384798788,pt2,p99_latency,True,2.0
572,238,194,94,526,"[238, 194, 94]",gelu,model_12,Int8WeightOnlyConfig,int8,8.0,False,True,pytorch_quantized_MAE,8.983657434989233,pytorch,MAE,False,3.0
573,238,194,94,526,"[238, 194, 94]",gelu,model_12,Float8WeightOnlyConfig,float8,8.0,False,True,pytorch_quantized_MAE,9.009204042709221,pytorch,MAE,False,3.0
574,238,194,94,526,"[238, 194, 94]",gelu,model_12,Int8WeightOnlyConfig,int8,8.0,False,True,pytorch_relative_MAE,1.0005225616858981,pytorch,MAE,True,3.0
575,238,194,94,526,"[238, 194, 94]",gelu,model_12,Float8WeightOnlyConfig,float8,8.0,False,True,pytorch_relative_MAE,1.0033677233122573,pytorch,MAE,True,3.0
576,238,194,94,526,"[238, 194, 94]",gelu,model_12,Int8WeightOnlyConfig,int8,8.0,False,True,pytorch_quantized_model_size,84307.0,pytorch,model_size,False,3.0
577,238,194,94,526,"[238, 194, 94]",gelu,model_12,Float8WeightOnlyConfig,float8,8.0,False,True,pytorch_quantized_model_size,84307.0,pytorch,model_size,False,3.0
578,238,194,94,526,"[238, 194, 94]",gelu,model_12,Int8WeightOnlyConfig,int8,8.0,False,True,pytorch_quantized_median_latency,0.0004636421799659729,pytorch,median_latency,False,3.0
579,238,194,94,526,"[238, 194, 94]",gelu,model_12,Float8WeightOnlyConfig,float8,8.0,False,True,pytorch_quantized_median_latency,0.000595996156334877,pytorch,median_latency,False,3.0
580,238,194,94,526,"[238, 194, 94]",gelu,model_12,Int8WeightOnlyConfig,int8,8.0,False,True,pytorch_quantized_p95_latency,0.0004772670567035675,pytorch,p95_latency,False,3.0
581,238,194,94,526,"[238, 194, 94]",gelu,model_12,Float8WeightOnlyConfig,float8,8.0,False,True,pytorch_quantized_p95_latency,0.0006991449743509291,pytorch,p95_latency,False,3.0
582,238,194,94,526,"[238, 194, 94]",gelu,model_12,Int8WeightOnlyConfig,int8,8.0,False,True,pytorch_quantized_p99_latency,0.0004841593652963638,pytorch,p99_latency,False,3.0
583,238,194,94,526,"[238, 194, 94]",gelu,model_12,Float8WeightOnlyConfig,float8,8.0,False,True,pytorch_quantized_p99_latency,0.000725814737379551,pytorch,p99_latency,False,3.0
584,238,194,94,526,"[238, 194, 94]",gelu,model_12,Int8WeightOnlyConfig,int8,8.0,False,True,pytorch_relative_model_size,0.25,pytorch,model_size,True,3.0
585,238,194,94,526,"[238, 194, 94]",gelu,model_12,Float8WeightOnlyConfig,float8,8.0,False,True,pytorch_relative_model_size,0.25,pytorch,model_size,True,3.0
586,238,194,94,526,"[238, 194, 94]",gelu,model_12,Int8WeightOnlyConfig,int8,8.0,False,True,pytorch_relative_median_latency,2.5824108560105405,pytorch,median_latency,True,3.0
587,238,194,94,526,"[238, 194, 94]",gelu,model_12,Float8WeightOnlyConfig,float8,8.0,False,True,pytorch_relative_median_latency,3.3196007843218625,pytorch,median_latency,True,3.0
588,238,194,94,526,"[238, 194, 94]",gelu,model_12,Int8WeightOnlyConfig,int8,8.0,False,True,pytorch_relative_p95_latency,2.410413389826682,pytorch,p95_latency,True,3.0
589,238,194,94,526,"[238, 194, 94]",gelu,model_12,Float8WeightOnlyConfig,float8,8.0,False,True,pytorch_relative_p95_latency,3.5309967112442333,pytorch,p95_latency,True,3.0
590,238,194,94,526,"[238, 194, 94]",gelu,model_12,Int8WeightOnlyConfig,int8,8.0,False,True,pytorch_relative_p99_latency,2.3246085528569234,pytorch,p99_latency,True,3.0
591,238,194,94,526,"[238, 194, 94]",gelu,model_12,Float8WeightOnlyConfig,float8,8.0,False,True,pytorch_relative_p99_latency,3.4848755745317757,pytorch,p99_latency,True,3.0
592,238,194,94,526,"[238, 194, 94]",gelu,model_12,Int8WeightOnlyConfig,int8,8.0,False,True,onnx_quantized_model_size,47743.0,onnx,model_size,False,3.0
593,238,194,94,526,"[238, 194, 94]",gelu,model_12,Float8WeightOnlyConfig,float8,8.0,False,True,onnx_quantized_model_size,,onnx,model_size,False,3.0
594,238,194,94,526,"[238, 194, 94]",gelu,model_12,Int8WeightOnlyConfig,int8,8.0,False,True,onnx_quantized_median_latency,0.0003909990191459656,onnx,median_latency,False,3.0
595,238,194,94,526,"[238, 194, 94]",gelu,model_12,Float8WeightOnlyConfig,float8,8.0,False,True,onnx_quantized_median_latency,,onnx,median_latency,False,3.0
596,238,194,94,526,"[238, 194, 94]",gelu,model_12,Int8WeightOnlyConfig,int8,8.0,False,True,onnx_quantized_p95_latency,0.00042416416108608245,onnx,p95_latency,False,3.0
597,238,194,94,526,"[238, 194, 94]",gelu,model_12,Float8WeightOnlyConfig,float8,8.0,False,True,onnx_quantized_p95_latency,,onnx,p95_latency,False,3.0
598,238,194,94,526,"[238, 194, 94]",gelu,model_12,Int8WeightOnlyConfig,int8,8.0,False,True,onnx_quantized_p99_latency,0.0004436540603637695,onnx,p99_latency,False,3.0
599,238,194,94,526,"[238, 194, 94]",gelu,model_12,Float8WeightOnlyConfig,float8,8.0,False,True,onnx_quantized_p99_latency,,onnx,p99_latency,False,3.0
600,238,194,94,526,"[238, 194, 94]",gelu,model_12,Int8WeightOnlyConfig,int8,8.0,False,True,onnx_relative_model_size,1.676722624148346,onnx,model_size,True,3.0
601,238,194,94,526,"[238, 194, 94]",gelu,model_12,Float8WeightOnlyConfig,float8,8.0,False,True,onnx_relative_model_size,,onnx,model_size,True,3.0
602,238,194,94,526,"[238, 194, 94]",gelu,model_12,Int8WeightOnlyConfig,int8,8.0,False,True,onnx_relative_median_latency,1.2203354358631515,onnx,median_latency,True,3.0
603,238,194,94,526,"[238, 194, 94]",gelu,model_12,Float8WeightOnlyConfig,float8,8.0,False,True,onnx_relative_median_latency,,onnx,median_latency,True,3.0
604,238,194,94,526,"[238, 194, 94]",gelu,model_12,Int8WeightOnlyConfig,int8,8.0,False,True,onnx_relative_p95_latency,1.2708369491394893,onnx,p95_latency,True,3.0
605,238,194,94,526,"[238, 194, 94]",gelu,model_12,Float8WeightOnlyConfig,float8,8.0,False,True,onnx_relative_p95_latency,,onnx,p95_latency,True,3.0
606,238,194,94,526,"[238, 194, 94]",gelu,model_12,Int8WeightOnlyConfig,int8,8.0,False,True,onnx_relative_p99_latency,1.30334580472896,onnx,p99_latency,True,3.0
607,238,194,94,526,"[238, 194, 94]",gelu,model_12,Float8WeightOnlyConfig,float8,8.0,False,True,onnx_relative_p99_latency,,onnx,p99_latency,True,3.0
608,238,194,94,526,"[238, 194, 94]",gelu,model_12,Int8WeightOnlyConfig,int8,8.0,False,True,pt2_quantized_model_size,229281.0,pt2,model_size,False,3.0
609,238,194,94,526,"[238, 194, 94]",gelu,model_12,Float8WeightOnlyConfig,float8,8.0,False,True,pt2_quantized_model_size,208545.0,pt2,model_size,False,3.0
610,238,194,94,526,"[238, 194, 94]",gelu,model_12,Int8WeightOnlyConfig,int8,8.0,False,True,pt2_quantized_median_latency,0.0009015332907438278,pt2,median_latency,False,3.0
611,238,194,94,526,"[238, 194, 94]",gelu,model_12,Float8WeightOnlyConfig,float8,8.0,False,True,pt2_quantized_median_latency,0.0007358547300100327,pt2,median_latency,False,3.0
612,238,194,94,526,"[238, 194, 94]",gelu,model_12,Int8WeightOnlyConfig,int8,8.0,False,True,pt2_quantized_p95_latency,0.000991654396057129,pt2,p95_latency,False,3.0
613,238,194,94,526,"[238, 194, 94]",gelu,model_12,Float8WeightOnlyConfig,float8,8.0,False,True,pt2_quantized_p95_latency,0.0007459912449121475,pt2,p95_latency,False,3.0
614,238,194,94,526,"[238, 194, 94]",gelu,model_12,Int8WeightOnlyConfig,int8,8.0,False,True,pt2_quantized_p99_latency,0.0012082757800817487,pt2,p99_latency,False,3.0
615,238,194,94,526,"[238, 194, 94]",gelu,model_12,Float8WeightOnlyConfig,float8,8.0,False,True,pt2_quantized_p99_latency,0.0008543896302580832,pt2,p99_latency,False,3.0
616,238,194,94,526,"[238, 194, 94]",gelu,model_12,Int8WeightOnlyConfig,int8,8.0,False,True,pt2_relative_model_size,0.5708719154053576,pt2,model_size,True,3.0
617,238,194,94,526,"[238, 194, 94]",gelu,model_12,Float8WeightOnlyConfig,float8,8.0,False,True,pt2_relative_model_size,0.5192426917110895,pt2,model_size,True,3.0
618,238,194,94,526,"[238, 194, 94]",gelu,model_12,Int8WeightOnlyConfig,int8,8.0,False,True,pt2_relative_median_latency,1.2749843263491194,pt2,median_latency,True,3.0
619,238,194,94,526,"[238, 194, 94]",gelu,model_12,Float8WeightOnlyConfig,float8,8.0,False,True,pt2_relative_median_latency,1.0406750997054934,pt2,median_latency,True,3.0
620,238,194,94,526,"[238, 194, 94]",gelu,model_12,Int8WeightOnlyConfig,int8,8.0,False,True,pt2_relative_p95_latency,1.3091488878796054,pt2,p95_latency,True,3.0
621,238,194,94,526,"[238, 194, 94]",gelu,model_12,Float8WeightOnlyConfig,float8,8.0,False,True,pt2_relative_p95_latency,0.9848326317391708,pt2,p95_latency,True,3.0
622,238,194,94,526,"[238, 194, 94]",gelu,model_12,Int8WeightOnlyConfig,int8,8.0,False,True,pt2_relative_p99_latency,1.4038912066755718,pt2,p99_latency,True,3.0
623,238,194,94,526,"[238, 194, 94]",gelu,model_12,Float8WeightOnlyConfig,float8,8.0,False,True,pt2_relative_p99_latency,0.992712184393006,pt2,p99_latency,True,3.0
624,393,232,52,677,"[393, 232, 52]",elu,model_13,Int8WeightOnlyConfig,int8,8.0,False,True,pytorch_quantized_MAE,9.072624848904972,pytorch,MAE,False,1.0
625,393,232,52,677,"[393, 232, 52]",elu,model_13,Float8WeightOnlyConfig,float8,8.0,False,True,pytorch_quantized_MAE,9.100952923578243,pytorch,MAE,False,1.0
626,393,232,52,677,"[393, 232, 52]",elu,model_13,Int8WeightOnlyConfig,int8,8.0,False,True,pytorch_relative_MAE,1.000601167487017,pytorch,MAE,True,1.0
627,393,232,52,677,"[393, 232, 52]",elu,model_13,Float8WeightOnlyConfig,float8,8.0,False,True,pytorch_relative_MAE,1.0037254126820727,pytorch,MAE,True,1.0
628,393,232,52,677,"[393, 232, 52]",elu,model_13,Int8WeightOnlyConfig,int8,8.0,False,True,pytorch_quantized_model_size,135803.0,pytorch,model_size,False,1.0
629,393,232,52,677,"[393, 232, 52]",elu,model_13,Float8WeightOnlyConfig,float8,8.0,False,True,pytorch_quantized_model_size,135803.0,pytorch,model_size,False,1.0
630,393,232,52,677,"[393, 232, 52]",elu,model_13,Int8WeightOnlyConfig,int8,8.0,False,True,pytorch_quantized_median_latency,0.0004292856901884079,pytorch,median_latency,False,1.0
631,393,232,52,677,"[393, 232, 52]",elu,model_13,Float8WeightOnlyConfig,float8,8.0,False,True,pytorch_quantized_median_latency,0.0005238521844148636,pytorch,median_latency,False,1.0
632,393,232,52,677,"[393, 232, 52]",elu,model_13,Int8WeightOnlyConfig,int8,8.0,False,True,pytorch_quantized_p95_latency,0.00044206287711858746,pytorch,p95_latency,False,1.0
633,393,232,52,677,"[393, 232, 52]",elu,model_13,Float8WeightOnlyConfig,float8,8.0,False,True,pytorch_quantized_p95_latency,0.0005324695259332657,pytorch,p95_latency,False,1.0
634,393,232,52,677,"[393, 232, 52]",elu,model_13,Int8WeightOnlyConfig,int8,8.0,False,True,pytorch_quantized_p99_latency,0.0004512994363903999,pytorch,p99_latency,False,1.0
635,393,232,52,677,"[393, 232, 52]",elu,model_13,Float8WeightOnlyConfig,float8,8.0,False,True,pytorch_quantized_p99_latency,0.0005411568656563759,pytorch,p99_latency,False,1.0
636,393,232,52,677,"[393, 232, 52]",elu,model_13,Int8WeightOnlyConfig,int8,8.0,False,True,pytorch_relative_model_size,0.25,pytorch,model_size,True,1.0
637,393,232,52,677,"[393, 232, 52]",elu,model_13,Float8WeightOnlyConfig,float8,8.0,False,True,pytorch_relative_model_size,0.25,pytorch,model_size,True,1.0
638,393,232,52,677,"[393, 232, 52]",elu,model_13,Int8WeightOnlyConfig,int8,8.0,False,True,pytorch_relative_median_latency,2.683608714383857,pytorch,median_latency,True,1.0
639,393,232,52,677,"[393, 232, 52]",elu,model_13,Float8WeightOnlyConfig,float8,8.0,False,True,pytorch_relative_median_latency,3.2747755615328185,pytorch,median_latency,True,1.0
640,393,232,52,677,"[393, 232, 52]",elu,model_13,Int8WeightOnlyConfig,int8,8.0,False,True,pytorch_relative_p95_latency,2.5736279013277463,pytorch,p95_latency,True,1.0
641,393,232,52,677,"[393, 232, 52]",elu,model_13,Float8WeightOnlyConfig,float8,8.0,False,True,pytorch_relative_p95_latency,3.0999626964401132,pytorch,p95_latency,True,1.0
642,393,232,52,677,"[393, 232, 52]",elu,model_13,Int8WeightOnlyConfig,int8,8.0,False,True,pytorch_relative_p99_latency,2.514155211530208,pytorch,p99_latency,True,1.0
643,393,232,52,677,"[393, 232, 52]",elu,model_13,Float8WeightOnlyConfig,float8,8.0,False,True,pytorch_relative_p99_latency,3.0147441905253665,pytorch,p99_latency,True,1.0
644,393,232,52,677,"[393, 232, 52]",elu,model_13,Int8WeightOnlyConfig,int8,8.0,False,True,onnx_quantized_model_size,33227.0,onnx,model_size,False,1.0
645,393,232,52,677,"[393, 232, 52]",elu,model_13,Float8WeightOnlyConfig,float8,8.0,False,True,onnx_quantized_model_size,,onnx,model_size,False,1.0
646,393,232,52,677,"[393, 232, 52]",elu,model_13,Int8WeightOnlyConfig,int8,8.0,False,True,onnx_quantized_median_latency,0.0004148166626691818,onnx,median_latency,False,1.0
647,393,232,52,677,"[393, 232, 52]",elu,model_13,Float8WeightOnlyConfig,float8,8.0,False,True,onnx_quantized_median_latency,,onnx,median_latency,False,1.0
648,393,232,52,677,"[393, 232, 52]",elu,model_13,Int8WeightOnlyConfig,int8,8.0,False,True,onnx_quantized_p95_latency,0.000502760335803032,onnx,p95_latency,False,1.0
649,393,232,52,677,"[393, 232, 52]",elu,model_13,Float8WeightOnlyConfig,float8,8.0,False,True,onnx_quantized_p95_latency,,onnx,p95_latency,False,1.0
650,393,232,52,677,"[393, 232, 52]",elu,model_13,Int8WeightOnlyConfig,int8,8.0,False,True,onnx_quantized_p99_latency,0.0005808095261454567,onnx,p99_latency,False,1.0
651,393,232,52,677,"[393, 232, 52]",elu,model_13,Float8WeightOnlyConfig,float8,8.0,False,True,onnx_quantized_p99_latency,,onnx,p99_latency,False,1.0
652,393,232,52,677,"[393, 232, 52]",elu,model_13,Int8WeightOnlyConfig,int8,8.0,False,True,onnx_relative_model_size,2.4039212849081175,onnx,model_size,True,1.0
653,393,232,52,677,"[393, 232, 52]",elu,model_13,Float8WeightOnlyConfig,float8,8.0,False,True,onnx_relative_model_size,,onnx,model_size,True,1.0
654,393,232,52,677,"[393, 232, 52]",elu,model_13,Int8WeightOnlyConfig,int8,8.0,False,True,onnx_relative_median_latency,1.2469861640713802,onnx,median_latency,True,1.0
655,393,232,52,677,"[393, 232, 52]",elu,model_13,Float8WeightOnlyConfig,float8,8.0,False,True,onnx_relative_median_latency,,onnx,median_latency,True,1.0
656,393,232,52,677,"[393, 232, 52]",elu,model_13,Int8WeightOnlyConfig,int8,8.0,False,True,onnx_relative_p95_latency,1.4511025033802223,onnx,p95_latency,True,1.0
657,393,232,52,677,"[393, 232, 52]",elu,model_13,Float8WeightOnlyConfig,float8,8.0,False,True,onnx_relative_p95_latency,,onnx,p95_latency,True,1.0
658,393,232,52,677,"[393, 232, 52]",elu,model_13,Int8WeightOnlyConfig,int8,8.0,False,True,onnx_relative_p99_latency,1.3684039469328064,onnx,p99_latency,True,1.0
659,393,232,52,677,"[393, 232, 52]",elu,model_13,Float8WeightOnlyConfig,float8,8.0,False,True,onnx_relative_p99_latency,,onnx,p99_latency,True,1.0
660,393,232,52,677,"[393, 232, 52]",elu,model_13,Int8WeightOnlyConfig,int8,8.0,False,True,pt2_quantized_model_size,281825.0,pt2,model_size,False,1.0
661,393,232,52,677,"[393, 232, 52]",elu,model_13,Float8WeightOnlyConfig,float8,8.0,False,True,pt2_quantized_model_size,261089.0,pt2,model_size,False,1.0
662,393,232,52,677,"[393, 232, 52]",elu,model_13,Int8WeightOnlyConfig,int8,8.0,False,True,pt2_quantized_median_latency,0.0008800774812698364,pt2,median_latency,False,1.0
663,393,232,52,677,"[393, 232, 52]",elu,model_13,Float8WeightOnlyConfig,float8,8.0,False,True,pt2_quantized_median_latency,0.0007222425192594528,pt2,median_latency,False,1.0
664,393,232,52,677,"[393, 232, 52]",elu,model_13,Int8WeightOnlyConfig,int8,8.0,False,True,pt2_quantized_p95_latency,0.0008969243615865707,pt2,p95_latency,False,1.0
665,393,232,52,677,"[393, 232, 52]",elu,model_13,Float8WeightOnlyConfig,float8,8.0,False,True,pt2_quantized_p95_latency,0.0007386695593595505,pt2,p95_latency,False,1.0
666,393,232,52,677,"[393, 232, 52]",elu,model_13,Int8WeightOnlyConfig,int8,8.0,False,True,pt2_quantized_p99_latency,0.0010438246279954907,pt2,p99_latency,False,1.0
667,393,232,52,677,"[393, 232, 52]",elu,model_13,Float8WeightOnlyConfig,float8,8.0,False,True,pt2_quantized_p99_latency,0.0009398784488439559,pt2,p99_latency,False,1.0
668,393,232,52,677,"[393, 232, 52]",elu,model_13,Int8WeightOnlyConfig,int8,8.0,False,True,pt2_relative_model_size,0.46394230373507916,pt2,model_size,True,1.0
669,393,232,52,677,"[393, 232, 52]",elu,model_13,Float8WeightOnlyConfig,float8,8.0,False,True,pt2_relative_model_size,0.4298065542087753,pt2,model_size,True,1.0
670,393,232,52,677,"[393, 232, 52]",elu,model_13,Int8WeightOnlyConfig,int8,8.0,False,True,pt2_relative_median_latency,1.156242276227789,pt2,median_latency,True,1.0
671,393,232,52,677,"[393, 232, 52]",elu,model_13,Float8WeightOnlyConfig,float8,8.0,False,True,pt2_relative_median_latency,0.9488793341833052,pt2,median_latency,True,1.0
672,393,232,52,677,"[393, 232, 52]",elu,model_13,Int8WeightOnlyConfig,int8,8.0,False,True,pt2_relative_p95_latency,0.8829479185843279,pt2,p95_latency,True,1.0
673,393,232,52,677,"[393, 232, 52]",elu,model_13,Float8WeightOnlyConfig,float8,8.0,False,True,pt2_relative_p95_latency,0.7271591428338822,pt2,p95_latency,True,1.0
674,393,232,52,677,"[393, 232, 52]",elu,model_13,Int8WeightOnlyConfig,int8,8.0,False,True,pt2_relative_p99_latency,1.000347837436856,pt2,p99_latency,True,1.0
675,393,232,52,677,"[393, 232, 52]",elu,model_13,Float8WeightOnlyConfig,float8,8.0,False,True,pt2_relative_p99_latency,0.9007311655024676,pt2,p99_latency,True,1.0
676,393,232,52,677,"[393, 232, 52]",elu,model_13,Int8WeightOnlyConfig,int8,8.0,False,True,pytorch_quantized_MAE,9.251734951589876,pytorch,MAE,False,2.0
677,393,232,52,677,"[393, 232, 52]",elu,model_13,Float8WeightOnlyConfig,float8,8.0,False,True,pytorch_quantized_MAE,9.282435900741103,pytorch,MAE,False,2.0
678,393,232,52,677,"[393, 232, 52]",elu,model_13,Int8WeightOnlyConfig,int8,8.0,False,True,pytorch_relative_MAE,1.0007218334622887,pytorch,MAE,True,2.0
679,393,232,52,677,"[393, 232, 52]",elu,model_13,Float8WeightOnlyConfig,float8,8.0,False,True,pytorch_relative_MAE,1.0040426279169945,pytorch,MAE,True,2.0
680,393,232,52,677,"[393, 232, 52]",elu,model_13,Int8WeightOnlyConfig,int8,8.0,False,True,pytorch_quantized_model_size,135803.0,pytorch,model_size,False,2.0
681,393,232,52,677,"[393, 232, 52]",elu,model_13,Float8WeightOnlyConfig,float8,8.0,False,True,pytorch_quantized_model_size,135803.0,pytorch,model_size,False,2.0
682,393,232,52,677,"[393, 232, 52]",elu,model_13,Int8WeightOnlyConfig,int8,8.0,False,True,pytorch_quantized_median_latency,0.0004285518079996109,pytorch,median_latency,False,2.0
683,393,232,52,677,"[393, 232, 52]",elu,model_13,Float8WeightOnlyConfig,float8,8.0,False,True,pytorch_quantized_median_latency,0.0005258284509181976,pytorch,median_latency,False,2.0
684,393,232,52,677,"[393, 232, 52]",elu,model_13,Int8WeightOnlyConfig,int8,8.0,False,True,pytorch_quantized_p95_latency,0.0004407638683915138,pytorch,p95_latency,False,2.0
685,393,232,52,677,"[393, 232, 52]",elu,model_13,Float8WeightOnlyConfig,float8,8.0,False,True,pytorch_quantized_p95_latency,0.0005350161343812942,pytorch,p95_latency,False,2.0
686,393,232,52,677,"[393, 232, 52]",elu,model_13,Int8WeightOnlyConfig,int8,8.0,False,True,pytorch_quantized_p99_latency,0.00044690348207950594,pytorch,p99_latency,False,2.0
687,393,232,52,677,"[393, 232, 52]",elu,model_13,Float8WeightOnlyConfig,float8,8.0,False,True,pytorch_quantized_p99_latency,0.000543627217411995,pytorch,p99_latency,False,2.0
688,393,232,52,677,"[393, 232, 52]",elu,model_13,Int8WeightOnlyConfig,int8,8.0,False,True,pytorch_relative_model_size,0.25,pytorch,model_size,True,2.0
689,393,232,52,677,"[393, 232, 52]",elu,model_13,Float8WeightOnlyConfig,float8,8.0,False,True,pytorch_relative_model_size,0.25,pytorch,model_size,True,2.0
690,393,232,52,677,"[393, 232, 52]",elu,model_13,Int8WeightOnlyConfig,int8,8.0,False,True,pytorch_relative_median_latency,2.6140657842413226,pytorch,median_latency,True,2.0
691,393,232,52,677,"[393, 232, 52]",elu,model_13,Float8WeightOnlyConfig,float8,8.0,False,True,pytorch_relative_median_latency,3.207430551610521,pytorch,median_latency,True,2.0
692,393,232,52,677,"[393, 232, 52]",elu,model_13,Int8WeightOnlyConfig,int8,8.0,False,True,pytorch_relative_p95_latency,2.520496657563195,pytorch,p95_latency,True,2.0
693,393,232,52,677,"[393, 232, 52]",elu,model_13,Float8WeightOnlyConfig,float8,8.0,False,True,pytorch_relative_p95_latency,3.05947577638693,pytorch,p95_latency,True,2.0
694,393,232,52,677,"[393, 232, 52]",elu,model_13,Int8WeightOnlyConfig,int8,8.0,False,True,pytorch_relative_p99_latency,2.4952029144216246,pytorch,p99_latency,True,2.0
695,393,232,52,677,"[393, 232, 52]",elu,model_13,Float8WeightOnlyConfig,float8,8.0,False,True,pytorch_relative_p99_latency,3.0352419966242468,pytorch,p99_latency,True,2.0
696,393,232,52,677,"[393, 232, 52]",elu,model_13,Int8WeightOnlyConfig,int8,8.0,False,True,onnx_quantized_model_size,33227.0,onnx,model_size,False,2.0
697,393,232,52,677,"[393, 232, 52]",elu,model_13,Float8WeightOnlyConfig,float8,8.0,False,True,onnx_quantized_model_size,,onnx,model_size,False,2.0
698,393,232,52,677,"[393, 232, 52]",elu,model_13,Int8WeightOnlyConfig,int8,8.0,False,True,onnx_quantized_median_latency,0.00041717663407325745,onnx,median_latency,False,2.0
699,393,232,52,677,"[393, 232, 52]",elu,model_13,Float8WeightOnlyConfig,float8,8.0,False,True,onnx_quantized_median_latency,,onnx,median_latency,False,2.0
700,393,232,52,677,"[393, 232, 52]",elu,model_13,Int8WeightOnlyConfig,int8,8.0,False,True,onnx_quantized_p95_latency,0.0007386054843664169,onnx,p95_latency,False,2.0
701,393,232,52,677,"[393, 232, 52]",elu,model_13,Float8WeightOnlyConfig,float8,8.0,False,True,onnx_quantized_p95_latency,,onnx,p95_latency,False,2.0
702,393,232,52,677,"[393, 232, 52]",elu,model_13,Int8WeightOnlyConfig,int8,8.0,False,True,onnx_quantized_p99_latency,0.0007495687901973724,onnx,p99_latency,False,2.0
703,393,232,52,677,"[393, 232, 52]",elu,model_13,Float8WeightOnlyConfig,float8,8.0,False,True,onnx_quantized_p99_latency,,onnx,p99_latency,False,2.0
704,393,232,52,677,"[393, 232, 52]",elu,model_13,Int8WeightOnlyConfig,int8,8.0,False,True,onnx_relative_model_size,2.4039212849081175,onnx,model_size,True,2.0
705,393,232,52,677,"[393, 232, 52]",elu,model_13,Float8WeightOnlyConfig,float8,8.0,False,True,onnx_relative_model_size,,onnx,model_size,True,2.0
706,393,232,52,677,"[393, 232, 52]",elu,model_13,Int8WeightOnlyConfig,int8,8.0,False,True,onnx_relative_median_latency,1.1877916843445058,onnx,median_latency,True,2.0
707,393,232,52,677,"[393, 232, 52]",elu,model_13,Float8WeightOnlyConfig,float8,8.0,False,True,onnx_relative_median_latency,,onnx,median_latency,True,2.0
708,393,232,52,677,"[393, 232, 52]",elu,model_13,Int8WeightOnlyConfig,int8,8.0,False,True,onnx_relative_p95_latency,1.6070913138578746,onnx,p95_latency,True,2.0
709,393,232,52,677,"[393, 232, 52]",elu,model_13,Float8WeightOnlyConfig,float8,8.0,False,True,onnx_relative_p95_latency,,onnx,p95_latency,True,2.0
710,393,232,52,677,"[393, 232, 52]",elu,model_13,Int8WeightOnlyConfig,int8,8.0,False,True,onnx_relative_p99_latency,1.5349470769301186,onnx,p99_latency,True,2.0
711,393,232,52,677,"[393, 232, 52]",elu,model_13,Float8WeightOnlyConfig,float8,8.0,False,True,onnx_relative_p99_latency,,onnx,p99_latency,True,2.0
712,393,232,52,677,"[393, 232, 52]",elu,model_13,Int8WeightOnlyConfig,int8,8.0,False,True,pt2_quantized_model_size,281825.0,pt2,model_size,False,2.0
713,393,232,52,677,"[393, 232, 52]",elu,model_13,Float8WeightOnlyConfig,float8,8.0,False,True,pt2_quantized_model_size,261089.0,pt2,model_size,False,2.0
714,393,232,52,677,"[393, 232, 52]",elu,model_13,Int8WeightOnlyConfig,int8,8.0,False,True,pt2_quantized_median_latency,0.000879243016242981,pt2,median_latency,False,2.0
715,393,232,52,677,"[393, 232, 52]",elu,model_13,Float8WeightOnlyConfig,float8,8.0,False,True,pt2_quantized_median_latency,0.0007260795682668686,pt2,median_latency,False,2.0
716,393,232,52,677,"[393, 232, 52]",elu,model_13,Int8WeightOnlyConfig,int8,8.0,False,True,pt2_quantized_p95_latency,0.0009113473817706107,pt2,p95_latency,False,2.0
717,393,232,52,677,"[393, 232, 52]",elu,model_13,Float8WeightOnlyConfig,float8,8.0,False,True,pt2_quantized_p95_latency,0.000750875473022461,pt2,p95_latency,False,2.0
718,393,232,52,677,"[393, 232, 52]",elu,model_13,Int8WeightOnlyConfig,int8,8.0,False,True,pt2_quantized_p99_latency,0.0010420404747128486,pt2,p99_latency,False,2.0
719,393,232,52,677,"[393, 232, 52]",elu,model_13,Float8WeightOnlyConfig,float8,8.0,False,True,pt2_quantized_p99_latency,0.0008790471404790876,pt2,p99_latency,False,2.0
720,393,232,52,677,"[393, 232, 52]",elu,model_13,Int8WeightOnlyConfig,int8,8.0,False,True,pt2_relative_model_size,0.46394230373507916,pt2,model_size,True,2.0
721,393,232,52,677,"[393, 232, 52]",elu,model_13,Float8WeightOnlyConfig,float8,8.0,False,True,pt2_relative_model_size,0.4298065542087753,pt2,model_size,True,2.0
722,393,232,52,677,"[393, 232, 52]",elu,model_13,Int8WeightOnlyConfig,int8,8.0,False,True,pt2_relative_median_latency,1.2431919936792204,pt2,median_latency,True,2.0
723,393,232,52,677,"[393, 232, 52]",elu,model_13,Float8WeightOnlyConfig,float8,8.0,False,True,pt2_relative_median_latency,1.0266289175664998,pt2,median_latency,True,2.0
724,393,232,52,677,"[393, 232, 52]",elu,model_13,Int8WeightOnlyConfig,int8,8.0,False,True,pt2_relative_p95_latency,1.1988336462264404,pt2,p95_latency,True,2.0
725,393,232,52,677,"[393, 232, 52]",elu,model_13,Float8WeightOnlyConfig,float8,8.0,False,True,pt2_relative_p95_latency,0.9877405687352896,pt2,p95_latency,True,2.0
726,393,232,52,677,"[393, 232, 52]",elu,model_13,Int8WeightOnlyConfig,int8,8.0,False,True,pt2_relative_p99_latency,1.119221519351503,pt2,p99_latency,True,2.0
727,393,232,52,677,"[393, 232, 52]",elu,model_13,Float8WeightOnlyConfig,float8,8.0,False,True,pt2_relative_p99_latency,0.9441557214173605,pt2,p99_latency,True,2.0
728,393,232,52,677,"[393, 232, 52]",elu,model_13,Int8WeightOnlyConfig,int8,8.0,False,True,pytorch_quantized_MAE,9.170877246731088,pytorch,MAE,False,3.0
729,393,232,52,677,"[393, 232, 52]",elu,model_13,Float8WeightOnlyConfig,float8,8.0,False,True,pytorch_quantized_MAE,9.196458394866111,pytorch,MAE,False,3.0
730,393,232,52,677,"[393, 232, 52]",elu,model_13,Int8WeightOnlyConfig,int8,8.0,False,True,pytorch_relative_MAE,1.0006194659483587,pytorch,MAE,True,3.0
731,393,232,52,677,"[393, 232, 52]",elu,model_13,Float8WeightOnlyConfig,float8,8.0,False,True,pytorch_relative_MAE,1.0034105833187648,pytorch,MAE,True,3.0
732,393,232,52,677,"[393, 232, 52]",elu,model_13,Int8WeightOnlyConfig,int8,8.0,False,True,pytorch_quantized_model_size,135803.0,pytorch,model_size,False,3.0
733,393,232,52,677,"[393, 232, 52]",elu,model_13,Float8WeightOnlyConfig,float8,8.0,False,True,pytorch_quantized_model_size,135803.0,pytorch,model_size,False,3.0
734,393,232,52,677,"[393, 232, 52]",elu,model_13,Int8WeightOnlyConfig,int8,8.0,False,True,pytorch_quantized_median_latency,0.00041157379746437073,pytorch,median_latency,False,3.0
735,393,232,52,677,"[393, 232, 52]",elu,model_13,Float8WeightOnlyConfig,float8,8.0,False,True,pytorch_quantized_median_latency,0.0005082767456769943,pytorch,median_latency,False,3.0
736,393,232,52,677,"[393, 232, 52]",elu,model_13,Int8WeightOnlyConfig,int8,8.0,False,True,pytorch_quantized_p95_latency,0.0004237210378050804,pytorch,p95_latency,False,3.0
737,393,232,52,677,"[393, 232, 52]",elu,model_13,Float8WeightOnlyConfig,float8,8.0,False,True,pytorch_quantized_p95_latency,0.0005162499845027923,pytorch,p95_latency,False,3.0
738,393,232,52,677,"[393, 232, 52]",elu,model_13,Int8WeightOnlyConfig,int8,8.0,False,True,pytorch_quantized_p99_latency,0.0004326845332980156,pytorch,p99_latency,False,3.0
739,393,232,52,677,"[393, 232, 52]",elu,model_13,Float8WeightOnlyConfig,float8,8.0,False,True,pytorch_quantized_p99_latency,0.00051951814442873,pytorch,p99_latency,False,3.0
740,393,232,52,677,"[393, 232, 52]",elu,model_13,Int8WeightOnlyConfig,int8,8.0,False,True,pytorch_relative_model_size,0.25,pytorch,model_size,True,3.0
741,393,232,52,677,"[393, 232, 52]",elu,model_13,Float8WeightOnlyConfig,float8,8.0,False,True,pytorch_relative_model_size,0.25,pytorch,model_size,True,3.0
742,393,232,52,677,"[393, 232, 52]",elu,model_13,Int8WeightOnlyConfig,int8,8.0,False,True,pytorch_relative_median_latency,2.6321294134464193,pytorch,median_latency,True,3.0
743,393,232,52,677,"[393, 232, 52]",elu,model_13,Float8WeightOnlyConfig,float8,8.0,False,True,pytorch_relative_median_latency,3.2505717825320435,pytorch,median_latency,True,3.0
744,393,232,52,677,"[393, 232, 52]",elu,model_13,Int8WeightOnlyConfig,int8,8.0,False,True,pytorch_relative_p95_latency,2.540616515540208,pytorch,p95_latency,True,3.0
745,393,232,52,677,"[393, 232, 52]",elu,model_13,Float8WeightOnlyConfig,float8,8.0,False,True,pytorch_relative_p95_latency,3.0954168421029116,pytorch,p95_latency,True,3.0
746,393,232,52,677,"[393, 232, 52]",elu,model_13,Int8WeightOnlyConfig,int8,8.0,False,True,pytorch_relative_p99_latency,2.440946402643122,pytorch,p99_latency,True,3.0
747,393,232,52,677,"[393, 232, 52]",elu,model_13,Float8WeightOnlyConfig,float8,8.0,False,True,pytorch_relative_p99_latency,2.930809511690383,pytorch,p99_latency,True,3.0
748,393,232,52,677,"[393, 232, 52]",elu,model_13,Int8WeightOnlyConfig,int8,8.0,False,True,onnx_quantized_model_size,33227.0,onnx,model_size,False,3.0
749,393,232,52,677,"[393, 232, 52]",elu,model_13,Float8WeightOnlyConfig,float8,8.0,False,True,onnx_quantized_model_size,,onnx,model_size,False,3.0
750,393,232,52,677,"[393, 232, 52]",elu,model_13,Int8WeightOnlyConfig,int8,8.0,False,True,onnx_quantized_median_latency,0.00040607526898384094,onnx,median_latency,False,3.0
751,393,232,52,677,"[393, 232, 52]",elu,model_13,Float8WeightOnlyConfig,float8,8.0,False,True,onnx_quantized_median_latency,,onnx,median_latency,False,3.0
752,393,232,52,677,"[393, 232, 52]",elu,model_13,Int8WeightOnlyConfig,int8,8.0,False,True,onnx_quantized_p95_latency,0.0007433155551552773,onnx,p95_latency,False,3.0
753,393,232,52,677,"[393, 232, 52]",elu,model_13,Float8WeightOnlyConfig,float8,8.0,False,True,onnx_quantized_p95_latency,,onnx,p95_latency,False,3.0
754,393,232,52,677,"[393, 232, 52]",elu,model_13,Int8WeightOnlyConfig,int8,8.0,False,True,onnx_quantized_p99_latency,0.0007459959760308265,onnx,p99_latency,False,3.0
755,393,232,52,677,"[393, 232, 52]",elu,model_13,Float8WeightOnlyConfig,float8,8.0,False,True,onnx_quantized_p99_latency,,onnx,p99_latency,False,3.0
756,393,232,52,677,"[393, 232, 52]",elu,model_13,Int8WeightOnlyConfig,int8,8.0,False,True,onnx_relative_model_size,2.4039212849081175,onnx,model_size,True,3.0
757,393,232,52,677,"[393, 232, 52]",elu,model_13,Float8WeightOnlyConfig,float8,8.0,False,True,onnx_relative_model_size,,onnx,model_size,True,3.0
758,393,232,52,677,"[393, 232, 52]",elu,model_13,Int8WeightOnlyConfig,int8,8.0,False,True,onnx_relative_median_latency,1.2540048662360297,onnx,median_latency,True,3.0
759,393,232,52,677,"[393, 232, 52]",elu,model_13,Float8WeightOnlyConfig,float8,8.0,False,True,onnx_relative_median_latency,,onnx,median_latency,True,3.0
760,393,232,52,677,"[393, 232, 52]",elu,model_13,Int8WeightOnlyConfig,int8,8.0,False,True,onnx_relative_p95_latency,2.118203735079428,onnx,p95_latency,True,3.0
761,393,232,52,677,"[393, 232, 52]",elu,model_13,Float8WeightOnlyConfig,float8,8.0,False,True,onnx_relative_p95_latency,,onnx,p95_latency,True,3.0
762,393,232,52,677,"[393, 232, 52]",elu,model_13,Int8WeightOnlyConfig,int8,8.0,False,True,onnx_relative_p99_latency,2.0482118731414753,onnx,p99_latency,True,3.0
763,393,232,52,677,"[393, 232, 52]",elu,model_13,Float8WeightOnlyConfig,float8,8.0,False,True,onnx_relative_p99_latency,,onnx,p99_latency,True,3.0
764,393,232,52,677,"[393, 232, 52]",elu,model_13,Int8WeightOnlyConfig,int8,8.0,False,True,pt2_quantized_model_size,281825.0,pt2,model_size,False,3.0
765,393,232,52,677,"[393, 232, 52]",elu,model_13,Float8WeightOnlyConfig,float8,8.0,False,True,pt2_quantized_model_size,261089.0,pt2,model_size,False,3.0
766,393,232,52,677,"[393, 232, 52]",elu,model_13,Int8WeightOnlyConfig,int8,8.0,False,True,pt2_quantized_median_latency,0.0008725188672542572,pt2,median_latency,False,3.0
767,393,232,52,677,"[393, 232, 52]",elu,model_13,Float8WeightOnlyConfig,float8,8.0,False,True,pt2_quantized_median_latency,0.0007119663059711456,pt2,median_latency,False,3.0
768,393,232,52,677,"[393, 232, 52]",elu,model_13,Int8WeightOnlyConfig,int8,8.0,False,True,pt2_quantized_p95_latency,0.0008848603814840317,pt2,p95_latency,False,3.0
769,393,232,52,677,"[393, 232, 52]",elu,model_13,Float8WeightOnlyConfig,float8,8.0,False,True,pt2_quantized_p95_latency,0.0007352145388722418,pt2,p95_latency,False,3.0
770,393,232,52,677,"[393, 232, 52]",elu,model_13,Int8WeightOnlyConfig,int8,8.0,False,True,pt2_quantized_p99_latency,0.0010067452862858772,pt2,p99_latency,False,3.0
771,393,232,52,677,"[393, 232, 52]",elu,model_13,Float8WeightOnlyConfig,float8,8.0,False,True,pt2_quantized_p99_latency,0.0009088693931698799,pt2,p99_latency,False,3.0
772,393,232,52,677,"[393, 232, 52]",elu,model_13,Int8WeightOnlyConfig,int8,8.0,False,True,pt2_relative_model_size,0.46394230373507916,pt2,model_size,True,3.0
773,393,232,52,677,"[393, 232, 52]",elu,model_13,Float8WeightOnlyConfig,float8,8.0,False,True,pt2_relative_model_size,0.4298065542087753,pt2,model_size,True,3.0
774,393,232,52,677,"[393, 232, 52]",elu,model_13,Int8WeightOnlyConfig,int8,8.0,False,True,pt2_relative_median_latency,1.2075552439187864,pt2,median_latency,True,3.0
775,393,232,52,677,"[393, 232, 52]",elu,model_13,Float8WeightOnlyConfig,float8,8.0,False,True,pt2_relative_median_latency,0.9853524989946277,pt2,median_latency,True,3.0
776,393,232,52,677,"[393, 232, 52]",elu,model_13,Int8WeightOnlyConfig,int8,8.0,False,True,pt2_relative_p95_latency,0.798317177011502,pt2,p95_latency,True,3.0
777,393,232,52,677,"[393, 232, 52]",elu,model_13,Float8WeightOnlyConfig,float8,8.0,False,True,pt2_relative_p95_latency,0.663307350461247,pt2,p95_latency,True,3.0
778,393,232,52,677,"[393, 232, 52]",elu,model_13,Int8WeightOnlyConfig,int8,8.0,False,True,pt2_relative_p99_latency,0.896908953592785,pt2,p99_latency,True,3.0
779,393,232,52,677,"[393, 232, 52]",elu,model_13,Float8WeightOnlyConfig,float8,8.0,False,True,pt2_relative_p99_latency,0.8097113614386752,pt2,p99_latency,True,3.0
780,659,146,164,969,"[659, 146, 164]",elu,model_14,,,,,,,,,,,
781,761,349,63,1173,"[761, 349, 63]",celu,model_15,,,,,,,,,,,
782,128,64,176,368,"[128, 64, 176]",celu,model_16,,,,,,,,,,,
783,128,352,32,512,"[128, 352, 32]",relu,model_17,,,,,,,,,,,
784,741,64,132,937,"[741, 64, 132]",elu,model_18,,,,,,,,,,,
785,639,243,89,971,"[639, 243, 89]",celu,model_19,,,,,,,,,,,
786,673,222,184,1079,"[673, 222, 184]",elu,model_2,Int8WeightOnlyConfig,int8,8.0,False,True,pytorch_quantized_MAE,9.413418932221234,pytorch,MAE,False,1.0
787,673,222,184,1079,"[673, 222, 184]",elu,model_2,Float8WeightOnlyConfig,float8,8.0,False,True,pytorch_quantized_MAE,9.41156399530391,pytorch,MAE,False,1.0
788,673,222,184,1079,"[673, 222, 184]",elu,model_2,Int8WeightOnlyConfig,int8,8.0,False,True,pytorch_relative_MAE,0.9998591688854851,pytorch,MAE,True,1.0
789,673,222,184,1079,"[673, 222, 184]",elu,model_2,Float8WeightOnlyConfig,float8,8.0,False,True,pytorch_relative_MAE,0.9996621442233676,pytorch,MAE,True,1.0
790,673,222,184,1079,"[673, 222, 184]",elu,model_2,Int8WeightOnlyConfig,int8,8.0,False,True,pytorch_quantized_model_size,246031.0,pytorch,model_size,False,1.0
791,673,222,184,1079,"[673, 222, 184]",elu,model_2,Float8WeightOnlyConfig,float8,8.0,False,True,pytorch_quantized_model_size,246031.0,pytorch,model_size,False,1.0
792,673,222,184,1079,"[673, 222, 184]",elu,model_2,Int8WeightOnlyConfig,int8,8.0,False,True,pytorch_quantized_median_latency,0.00042766891419887543,pytorch,median_latency,False,1.0
793,673,222,184,1079,"[673, 222, 184]",elu,model_2,Float8WeightOnlyConfig,float8,8.0,False,True,pytorch_quantized_median_latency,0.0005199108272790909,pytorch,median_latency,False,1.0
794,673,222,184,1079,"[673, 222, 184]",elu,model_2,Int8WeightOnlyConfig,int8,8.0,False,True,pytorch_quantized_p95_latency,0.00043968148529529574,pytorch,p95_latency,False,1.0
795,673,222,184,1079,"[673, 222, 184]",elu,model_2,Float8WeightOnlyConfig,float8,8.0,False,True,pytorch_quantized_p95_latency,0.0005292799323797226,pytorch,p95_latency,False,1.0
796,673,222,184,1079,"[673, 222, 184]",elu,model_2,Int8WeightOnlyConfig,int8,8.0,False,True,pytorch_quantized_p99_latency,0.0004418046772480011,pytorch,p99_latency,False,1.0
797,673,222,184,1079,"[673, 222, 184]",elu,model_2,Float8WeightOnlyConfig,float8,8.0,False,True,pytorch_quantized_p99_latency,0.0005381432548165321,pytorch,p99_latency,False,1.0
798,673,222,184,1079,"[673, 222, 184]",elu,model_2,Int8WeightOnlyConfig,int8,8.0,False,True,pytorch_relative_model_size,0.25,pytorch,model_size,True,1.0
799,673,222,184,1079,"[673, 222, 184]",elu,model_2,Float8WeightOnlyConfig,float8,8.0,False,True,pytorch_relative_model_size,0.25,pytorch,model_size,True,1.0
800,673,222,184,1079,"[673, 222, 184]",elu,model_2,Int8WeightOnlyConfig,int8,8.0,False,True,pytorch_relative_median_latency,2.6513354657675032,pytorch,median_latency,True,1.0
801,673,222,184,1079,"[673, 222, 184]",elu,model_2,Float8WeightOnlyConfig,float8,8.0,False,True,pytorch_relative_median_latency,3.2231896442222197,pytorch,median_latency,True,1.0
802,673,222,184,1079,"[673, 222, 184]",elu,model_2,Int8WeightOnlyConfig,int8,8.0,False,True,pytorch_relative_p95_latency,2.5107502292148407,pytorch,p95_latency,True,1.0
803,673,222,184,1079,"[673, 222, 184]",elu,model_2,Float8WeightOnlyConfig,float8,8.0,False,True,pytorch_relative_p95_latency,3.022391790385953,pytorch,p95_latency,True,1.0
804,673,222,184,1079,"[673, 222, 184]",elu,model_2,Int8WeightOnlyConfig,int8,8.0,False,True,pytorch_relative_p99_latency,1.6458478009018338,pytorch,p99_latency,True,1.0
805,673,222,184,1079,"[673, 222, 184]",elu,model_2,Float8WeightOnlyConfig,float8,8.0,False,True,pytorch_relative_p99_latency,2.0047363419214497,pytorch,p99_latency,True,1.0
806,673,222,184,1079,"[673, 222, 184]",elu,model_2,Int8WeightOnlyConfig,int8,8.0,False,True,onnx_quantized_model_size,32809.0,onnx,model_size,False,1.0
807,673,222,184,1079,"[673, 222, 184]",elu,model_2,Float8WeightOnlyConfig,float8,8.0,False,True,onnx_quantized_model_size,,onnx,model_size,False,1.0
808,673,222,184,1079,"[673, 222, 184]",elu,model_2,Int8WeightOnlyConfig,int8,8.0,False,True,onnx_quantized_median_latency,0.0006252843886613846,onnx,median_latency,False,1.0
809,673,222,184,1079,"[673, 222, 184]",elu,model_2,Float8WeightOnlyConfig,float8,8.0,False,True,onnx_quantized_median_latency,,onnx,median_latency,False,1.0
810,673,222,184,1079,"[673, 222, 184]",elu,model_2,Int8WeightOnlyConfig,int8,8.0,False,True,onnx_quantized_p95_latency,0.0006386747583746909,onnx,p95_latency,False,1.0
811,673,222,184,1079,"[673, 222, 184]",elu,model_2,Float8WeightOnlyConfig,float8,8.0,False,True,onnx_quantized_p95_latency,,onnx,p95_latency,False,1.0
812,673,222,184,1079,"[673, 222, 184]",elu,model_2,Int8WeightOnlyConfig,int8,8.0,False,True,onnx_quantized_p99_latency,0.0006498622894287109,onnx,p99_latency,False,1.0
813,673,222,184,1079,"[673, 222, 184]",elu,model_2,Float8WeightOnlyConfig,float8,8.0,False,True,onnx_quantized_p99_latency,,onnx,p99_latency,False,1.0
814,673,222,184,1079,"[673, 222, 184]",elu,model_2,Int8WeightOnlyConfig,int8,8.0,False,True,onnx_relative_model_size,2.422758824398169,onnx,model_size,True,1.0
815,673,222,184,1079,"[673, 222, 184]",elu,model_2,Float8WeightOnlyConfig,float8,8.0,False,True,onnx_relative_model_size,,onnx,model_size,True,1.0
816,673,222,184,1079,"[673, 222, 184]",elu,model_2,Int8WeightOnlyConfig,int8,8.0,False,True,onnx_relative_median_latency,1.1654243925470495,onnx,median_latency,True,1.0
817,673,222,184,1079,"[673, 222, 184]",elu,model_2,Float8WeightOnlyConfig,float8,8.0,False,True,onnx_relative_median_latency,,onnx,median_latency,True,1.0
818,673,222,184,1079,"[673, 222, 184]",elu,model_2,Int8WeightOnlyConfig,int8,8.0,False,True,onnx_relative_p95_latency,0.8548500211290565,onnx,p95_latency,True,1.0
819,673,222,184,1079,"[673, 222, 184]",elu,model_2,Float8WeightOnlyConfig,float8,8.0,False,True,onnx_relative_p95_latency,,onnx,p95_latency,True,1.0
820,673,222,184,1079,"[673, 222, 184]",elu,model_2,Int8WeightOnlyConfig,int8,8.0,False,True,onnx_relative_p99_latency,0.5753676490596031,onnx,p99_latency,True,1.0
821,673,222,184,1079,"[673, 222, 184]",elu,model_2,Float8WeightOnlyConfig,float8,8.0,False,True,onnx_relative_p99_latency,,onnx,p99_latency,True,1.0
822,673,222,184,1079,"[673, 222, 184]",elu,model_2,Int8WeightOnlyConfig,int8,8.0,False,True,pt2_quantized_model_size,394977.0,pt2,model_size,False,1.0
823,673,222,184,1079,"[673, 222, 184]",elu,model_2,Float8WeightOnlyConfig,float8,8.0,False,True,pt2_quantized_model_size,374177.0,pt2,model_size,False,1.0
824,673,222,184,1079,"[673, 222, 184]",elu,model_2,Int8WeightOnlyConfig,int8,8.0,False,True,pt2_quantized_median_latency,0.0008798260241746902,pt2,median_latency,False,1.0
825,673,222,184,1079,"[673, 222, 184]",elu,model_2,Float8WeightOnlyConfig,float8,8.0,False,True,pt2_quantized_median_latency,0.0007188990712165833,pt2,median_latency,False,1.0
826,673,222,184,1079,"[673, 222, 184]",elu,model_2,Int8WeightOnlyConfig,int8,8.0,False,True,pt2_quantized_p95_latency,0.0008973309770226478,pt2,p95_latency,False,1.0
827,673,222,184,1079,"[673, 222, 184]",elu,model_2,Float8WeightOnlyConfig,float8,8.0,False,True,pt2_quantized_p95_latency,0.000730394758284092,pt2,p95_latency,False,1.0
828,673,222,184,1079,"[673, 222, 184]",elu,model_2,Int8WeightOnlyConfig,int8,8.0,False,True,pt2_quantized_p99_latency,0.0010157886147499084,pt2,p99_latency,False,1.0
829,673,222,184,1079,"[673, 222, 184]",elu,model_2,Float8WeightOnlyConfig,float8,8.0,False,True,pt2_quantized_p99_latency,0.0008541066572070121,pt2,p99_latency,False,1.0
830,673,222,184,1079,"[673, 222, 184]",elu,model_2,Int8WeightOnlyConfig,int8,8.0,False,True,pt2_relative_model_size,0.3767135503647658,pt2,model_size,True,1.0
831,673,222,184,1079,"[673, 222, 184]",elu,model_2,Float8WeightOnlyConfig,float8,8.0,False,True,pt2_relative_model_size,0.35687532725914917,pt2,model_size,True,1.0
832,673,222,184,1079,"[673, 222, 184]",elu,model_2,Int8WeightOnlyConfig,int8,8.0,False,True,pt2_relative_median_latency,0.969012714941595,pt2,median_latency,True,1.0
833,673,222,184,1079,"[673, 222, 184]",elu,model_2,Float8WeightOnlyConfig,float8,8.0,False,True,pt2_relative_median_latency,0.7917728296591706,pt2,median_latency,True,1.0
834,673,222,184,1079,"[673, 222, 184]",elu,model_2,Int8WeightOnlyConfig,int8,8.0,False,True,pt2_relative_p95_latency,0.6066361017504708,pt2,p95_latency,True,1.0
835,673,222,184,1079,"[673, 222, 184]",elu,model_2,Float8WeightOnlyConfig,float8,8.0,False,True,pt2_relative_p95_latency,0.4937797092156509,pt2,p95_latency,True,1.0
836,673,222,184,1079,"[673, 222, 184]",elu,model_2,Int8WeightOnlyConfig,int8,8.0,False,True,pt2_relative_p99_latency,0.6771987907395066,pt2,p99_latency,True,1.0
837,673,222,184,1079,"[673, 222, 184]",elu,model_2,Float8WeightOnlyConfig,float8,8.0,False,True,pt2_relative_p99_latency,0.5694098034024092,pt2,p99_latency,True,1.0
838,673,222,184,1079,"[673, 222, 184]",elu,model_2,Int8WeightOnlyConfig,int8,8.0,False,True,pytorch_quantized_MAE,9.028282108109511,pytorch,MAE,False,2.0
839,673,222,184,1079,"[673, 222, 184]",elu,model_2,Float8WeightOnlyConfig,float8,8.0,False,True,pytorch_quantized_MAE,9.02732185945125,pytorch,MAE,False,2.0
840,673,222,184,1079,"[673, 222, 184]",elu,model_2,Int8WeightOnlyConfig,int8,8.0,False,True,pytorch_relative_MAE,0.999899055935042,pytorch,MAE,True,2.0
841,673,222,184,1079,"[673, 222, 184]",elu,model_2,Float8WeightOnlyConfig,float8,8.0,False,True,pytorch_relative_MAE,0.999792706607965,pytorch,MAE,True,2.0
842,673,222,184,1079,"[673, 222, 184]",elu,model_2,Int8WeightOnlyConfig,int8,8.0,False,True,pytorch_quantized_model_size,246031.0,pytorch,model_size,False,2.0
843,673,222,184,1079,"[673, 222, 184]",elu,model_2,Float8WeightOnlyConfig,float8,8.0,False,True,pytorch_quantized_model_size,246031.0,pytorch,model_size,False,2.0
844,673,222,184,1079,"[673, 222, 184]",elu,model_2,Int8WeightOnlyConfig,int8,8.0,False,True,pytorch_quantized_median_latency,0.00043290480971336365,pytorch,median_latency,False,2.0
845,673,222,184,1079,"[673, 222, 184]",elu,model_2,Float8WeightOnlyConfig,float8,8.0,False,True,pytorch_quantized_median_latency,0.0005847029387950897,pytorch,median_latency,False,2.0
846,673,222,184,1079,"[673, 222, 184]",elu,model_2,Int8WeightOnlyConfig,int8,8.0,False,True,pytorch_quantized_p95_latency,0.00044370628893375397,pytorch,p95_latency,False,2.0
847,673,222,184,1079,"[673, 222, 184]",elu,model_2,Float8WeightOnlyConfig,float8,8.0,False,True,pytorch_quantized_p95_latency,0.000590755045413971,pytorch,p95_latency,False,2.0
848,673,222,184,1079,"[673, 222, 184]",elu,model_2,Int8WeightOnlyConfig,int8,8.0,False,True,pytorch_quantized_p99_latency,0.00044671833515167234,pytorch,p99_latency,False,2.0
849,673,222,184,1079,"[673, 222, 184]",elu,model_2,Float8WeightOnlyConfig,float8,8.0,False,True,pytorch_quantized_p99_latency,0.0005939735472202301,pytorch,p99_latency,False,2.0
850,673,222,184,1079,"[673, 222, 184]",elu,model_2,Int8WeightOnlyConfig,int8,8.0,False,True,pytorch_relative_model_size,0.25,pytorch,model_size,True,2.0
851,673,222,184,1079,"[673, 222, 184]",elu,model_2,Float8WeightOnlyConfig,float8,8.0,False,True,pytorch_relative_model_size,0.25,pytorch,model_size,True,2.0
852,673,222,184,1079,"[673, 222, 184]",elu,model_2,Int8WeightOnlyConfig,int8,8.0,False,True,pytorch_relative_median_latency,2.639718325856096,pytorch,median_latency,True,2.0
853,673,222,184,1079,"[673, 222, 184]",elu,model_2,Float8WeightOnlyConfig,float8,8.0,False,True,pytorch_relative_median_latency,3.5653359077744335,pytorch,median_latency,True,2.0
854,673,222,184,1079,"[673, 222, 184]",elu,model_2,Int8WeightOnlyConfig,int8,8.0,False,True,pytorch_relative_p95_latency,2.526094660814478,pytorch,p95_latency,True,2.0
855,673,222,184,1079,"[673, 222, 184]",elu,model_2,Float8WeightOnlyConfig,float8,8.0,False,True,pytorch_relative_p95_latency,3.363268006986148,pytorch,p95_latency,True,2.0
856,673,222,184,1079,"[673, 222, 184]",elu,model_2,Int8WeightOnlyConfig,int8,8.0,False,True,pytorch_relative_p99_latency,2.501515845292619,pytorch,p99_latency,True,2.0
857,673,222,184,1079,"[673, 222, 184]",elu,model_2,Float8WeightOnlyConfig,float8,8.0,False,True,pytorch_relative_p99_latency,3.32610981716609,pytorch,p99_latency,True,2.0
858,673,222,184,1079,"[673, 222, 184]",elu,model_2,Int8WeightOnlyConfig,int8,8.0,False,True,onnx_quantized_model_size,32809.0,onnx,model_size,False,2.0
859,673,222,184,1079,"[673, 222, 184]",elu,model_2,Float8WeightOnlyConfig,float8,8.0,False,True,onnx_quantized_model_size,,onnx,model_size,False,2.0
860,673,222,184,1079,"[673, 222, 184]",elu,model_2,Int8WeightOnlyConfig,int8,8.0,False,True,onnx_quantized_median_latency,0.0007611308246850967,onnx,median_latency,False,2.0
861,673,222,184,1079,"[673, 222, 184]",elu,model_2,Float8WeightOnlyConfig,float8,8.0,False,True,onnx_quantized_median_latency,,onnx,median_latency,False,2.0
862,673,222,184,1079,"[673, 222, 184]",elu,model_2,Int8WeightOnlyConfig,int8,8.0,False,True,onnx_quantized_p95_latency,0.0012280872091650964,onnx,p95_latency,False,2.0
863,673,222,184,1079,"[673, 222, 184]",elu,model_2,Float8WeightOnlyConfig,float8,8.0,False,True,onnx_quantized_p95_latency,,onnx,p95_latency,False,2.0
864,673,222,184,1079,"[673, 222, 184]",elu,model_2,Int8WeightOnlyConfig,int8,8.0,False,True,onnx_quantized_p99_latency,0.015467472858726948,onnx,p99_latency,False,2.0
865,673,222,184,1079,"[673, 222, 184]",elu,model_2,Float8WeightOnlyConfig,float8,8.0,False,True,onnx_quantized_p99_latency,,onnx,p99_latency,False,2.0
866,673,222,184,1079,"[673, 222, 184]",elu,model_2,Int8WeightOnlyConfig,int8,8.0,False,True,onnx_relative_model_size,2.422758824398169,onnx,model_size,True,2.0
867,673,222,184,1079,"[673, 222, 184]",elu,model_2,Float8WeightOnlyConfig,float8,8.0,False,True,onnx_relative_model_size,,onnx,model_size,True,2.0
868,673,222,184,1079,"[673, 222, 184]",elu,model_2,Int8WeightOnlyConfig,int8,8.0,False,True,onnx_relative_median_latency,1.4244744006720977,onnx,median_latency,True,2.0
869,673,222,184,1079,"[673, 222, 184]",elu,model_2,Float8WeightOnlyConfig,float8,8.0,False,True,onnx_relative_median_latency,,onnx,median_latency,True,2.0
870,673,222,184,1079,"[673, 222, 184]",elu,model_2,Int8WeightOnlyConfig,int8,8.0,False,True,onnx_relative_p95_latency,2.2091009729335633,onnx,p95_latency,True,2.0
871,673,222,184,1079,"[673, 222, 184]",elu,model_2,Float8WeightOnlyConfig,float8,8.0,False,True,onnx_relative_p95_latency,,onnx,p95_latency,True,2.0
872,673,222,184,1079,"[673, 222, 184]",elu,model_2,Int8WeightOnlyConfig,int8,8.0,False,True,onnx_relative_p99_latency,27.31694571563665,onnx,p99_latency,True,2.0
873,673,222,184,1079,"[673, 222, 184]",elu,model_2,Float8WeightOnlyConfig,float8,8.0,False,True,onnx_relative_p99_latency,,onnx,p99_latency,True,2.0
874,673,222,184,1079,"[673, 222, 184]",elu,model_2,Int8WeightOnlyConfig,int8,8.0,False,True,pt2_quantized_model_size,394977.0,pt2,model_size,False,2.0
875,673,222,184,1079,"[673, 222, 184]",elu,model_2,Float8WeightOnlyConfig,float8,8.0,False,True,pt2_quantized_model_size,374177.0,pt2,model_size,False,2.0
876,673,222,184,1079,"[673, 222, 184]",elu,model_2,Int8WeightOnlyConfig,int8,8.0,False,True,pt2_quantized_median_latency,0.0009072553366422653,pt2,median_latency,False,2.0
877,673,222,184,1079,"[673, 222, 184]",elu,model_2,Float8WeightOnlyConfig,float8,8.0,False,True,pt2_quantized_median_latency,0.0007310360670089722,pt2,median_latency,False,2.0
878,673,222,184,1079,"[673, 222, 184]",elu,model_2,Int8WeightOnlyConfig,int8,8.0,False,True,pt2_quantized_p95_latency,0.0009192872792482376,pt2,p95_latency,False,2.0
879,673,222,184,1079,"[673, 222, 184]",elu,model_2,Float8WeightOnlyConfig,float8,8.0,False,True,pt2_quantized_p95_latency,0.000740695558488369,pt2,p95_latency,False,2.0
880,673,222,184,1079,"[673, 222, 184]",elu,model_2,Int8WeightOnlyConfig,int8,8.0,False,True,pt2_quantized_p99_latency,0.0010377450287342071,pt2,p99_latency,False,2.0
881,673,222,184,1079,"[673, 222, 184]",elu,model_2,Float8WeightOnlyConfig,float8,8.0,False,True,pt2_quantized_p99_latency,0.0008657922968268395,pt2,p99_latency,False,2.0
882,673,222,184,1079,"[673, 222, 184]",elu,model_2,Int8WeightOnlyConfig,int8,8.0,False,True,pt2_relative_model_size,0.3767135503647658,pt2,model_size,True,2.0
883,673,222,184,1079,"[673, 222, 184]",elu,model_2,Float8WeightOnlyConfig,float8,8.0,False,True,pt2_relative_model_size,0.35687532725914917,pt2,model_size,True,2.0
884,673,222,184,1079,"[673, 222, 184]",elu,model_2,Int8WeightOnlyConfig,int8,8.0,False,True,pt2_relative_median_latency,0.9267404006598386,pt2,median_latency,True,2.0
885,673,222,184,1079,"[673, 222, 184]",elu,model_2,Float8WeightOnlyConfig,float8,8.0,False,True,pt2_relative_median_latency,0.7467364812027786,pt2,median_latency,True,2.0
886,673,222,184,1079,"[673, 222, 184]",elu,model_2,Int8WeightOnlyConfig,int8,8.0,False,True,pt2_relative_p95_latency,0.9164876699803104,pt2,p95_latency,True,2.0
887,673,222,184,1079,"[673, 222, 184]",elu,model_2,Float8WeightOnlyConfig,float8,8.0,False,True,pt2_relative_p95_latency,0.7384398347368643,pt2,p95_latency,True,2.0
888,673,222,184,1079,"[673, 222, 184]",elu,model_2,Int8WeightOnlyConfig,int8,8.0,False,True,pt2_relative_p99_latency,0.8985150648141554,pt2,p99_latency,True,2.0
889,673,222,184,1079,"[673, 222, 184]",elu,model_2,Float8WeightOnlyConfig,float8,8.0,False,True,pt2_relative_p99_latency,0.7496325206663179,pt2,p99_latency,True,2.0
890,673,222,184,1079,"[673, 222, 184]",elu,model_2,Int8WeightOnlyConfig,int8,8.0,False,True,pytorch_quantized_MAE,9.282450391566652,pytorch,MAE,False,3.0
891,673,222,184,1079,"[673, 222, 184]",elu,model_2,Float8WeightOnlyConfig,float8,8.0,False,True,pytorch_quantized_MAE,9.284120461005482,pytorch,MAE,False,3.0
892,673,222,184,1079,"[673, 222, 184]",elu,model_2,Int8WeightOnlyConfig,int8,8.0,False,True,pytorch_relative_MAE,0.9997847870664262,pytorch,MAE,True,3.0
893,673,222,184,1079,"[673, 222, 184]",elu,model_2,Float8WeightOnlyConfig,float8,8.0,False,True,pytorch_relative_MAE,0.9999646652179759,pytorch,MAE,True,3.0
894,673,222,184,1079,"[673, 222, 184]",elu,model_2,Int8WeightOnlyConfig,int8,8.0,False,True,pytorch_quantized_model_size,246031.0,pytorch,model_size,False,3.0
895,673,222,184,1079,"[673, 222, 184]",elu,model_2,Float8WeightOnlyConfig,float8,8.0,False,True,pytorch_quantized_model_size,246031.0,pytorch,model_size,False,3.0
896,673,222,184,1079,"[673, 222, 184]",elu,model_2,Int8WeightOnlyConfig,int8,8.0,False,True,pytorch_quantized_median_latency,0.00046311505138874054,pytorch,median_latency,False,3.0
897,673,222,184,1079,"[673, 222, 184]",elu,model_2,Float8WeightOnlyConfig,float8,8.0,False,True,pytorch_quantized_median_latency,0.0005109086632728577,pytorch,median_latency,False,3.0
898,673,222,184,1079,"[673, 222, 184]",elu,model_2,Int8WeightOnlyConfig,int8,8.0,False,True,pytorch_quantized_p95_latency,0.00047380886971950533,pytorch,p95_latency,False,3.0
899,673,222,184,1079,"[673, 222, 184]",elu,model_2,Float8WeightOnlyConfig,float8,8.0,False,True,pytorch_quantized_p95_latency,0.0005199704319238663,pytorch,p95_latency,False,3.0
900,673,222,184,1079,"[673, 222, 184]",elu,model_2,Int8WeightOnlyConfig,int8,8.0,False,True,pytorch_quantized_p99_latency,0.0004776058346033096,pytorch,p99_latency,False,3.0
901,673,222,184,1079,"[673, 222, 184]",elu,model_2,Float8WeightOnlyConfig,float8,8.0,False,True,pytorch_quantized_p99_latency,0.0005238159373402595,pytorch,p99_latency,False,3.0
902,673,222,184,1079,"[673, 222, 184]",elu,model_2,Int8WeightOnlyConfig,int8,8.0,False,True,pytorch_relative_model_size,0.25,pytorch,model_size,True,3.0
903,673,222,184,1079,"[673, 222, 184]",elu,model_2,Float8WeightOnlyConfig,float8,8.0,False,True,pytorch_relative_model_size,0.25,pytorch,model_size,True,3.0
904,673,222,184,1079,"[673, 222, 184]",elu,model_2,Int8WeightOnlyConfig,int8,8.0,False,True,pytorch_relative_median_latency,2.5654484295678732,pytorch,median_latency,True,3.0
905,673,222,184,1079,"[673, 222, 184]",elu,model_2,Float8WeightOnlyConfig,float8,8.0,False,True,pytorch_relative_median_latency,2.8302034751743776,pytorch,median_latency,True,3.0
906,673,222,184,1079,"[673, 222, 184]",elu,model_2,Int8WeightOnlyConfig,int8,8.0,False,True,pytorch_relative_p95_latency,2.4673431856010493,pytorch,p95_latency,True,3.0
907,673,222,184,1079,"[673, 222, 184]",elu,model_2,Float8WeightOnlyConfig,float8,8.0,False,True,pytorch_relative_p95_latency,2.7077279129048155,pytorch,p95_latency,True,3.0
908,673,222,184,1079,"[673, 222, 184]",elu,model_2,Int8WeightOnlyConfig,int8,8.0,False,True,pytorch_relative_p99_latency,2.446753583830087,pytorch,p99_latency,True,3.0
909,673,222,184,1079,"[673, 222, 184]",elu,model_2,Float8WeightOnlyConfig,float8,8.0,False,True,pytorch_relative_p99_latency,2.683485897987635,pytorch,p99_latency,True,3.0
910,673,222,184,1079,"[673, 222, 184]",elu,model_2,Int8WeightOnlyConfig,int8,8.0,False,True,onnx_quantized_model_size,32809.0,onnx,model_size,False,3.0
911,673,222,184,1079,"[673, 222, 184]",elu,model_2,Float8WeightOnlyConfig,float8,8.0,False,True,onnx_quantized_model_size,,onnx,model_size,False,3.0
912,673,222,184,1079,"[673, 222, 184]",elu,model_2,Int8WeightOnlyConfig,int8,8.0,False,True,onnx_quantized_median_latency,0.0006456952542066574,onnx,median_latency,False,3.0
913,673,222,184,1079,"[673, 222, 184]",elu,model_2,Float8WeightOnlyConfig,float8,8.0,False,True,onnx_quantized_median_latency,,onnx,median_latency,False,3.0
914,673,222,184,1079,"[673, 222, 184]",elu,model_2,Int8WeightOnlyConfig,int8,8.0,False,True,onnx_quantized_p95_latency,0.0006639419123530387,onnx,p95_latency,False,3.0
915,673,222,184,1079,"[673, 222, 184]",elu,model_2,Float8WeightOnlyConfig,float8,8.0,False,True,onnx_quantized_p95_latency,,onnx,p95_latency,False,3.0
916,673,222,184,1079,"[673, 222, 184]",elu,model_2,Int8WeightOnlyConfig,int8,8.0,False,True,onnx_quantized_p99_latency,0.00067435871809721,onnx,p99_latency,False,3.0
917,673,222,184,1079,"[673, 222, 184]",elu,model_2,Float8WeightOnlyConfig,float8,8.0,False,True,onnx_quantized_p99_latency,,onnx,p99_latency,False,3.0
918,673,222,184,1079,"[673, 222, 184]",elu,model_2,Int8WeightOnlyConfig,int8,8.0,False,True,onnx_relative_model_size,2.422758824398169,onnx,model_size,True,3.0
919,673,222,184,1079,"[673, 222, 184]",elu,model_2,Float8WeightOnlyConfig,float8,8.0,False,True,onnx_relative_model_size,,onnx,model_size,True,3.0
920,673,222,184,1079,"[673, 222, 184]",elu,model_2,Int8WeightOnlyConfig,int8,8.0,False,True,onnx_relative_median_latency,1.2299665414187433,onnx,median_latency,True,3.0
921,673,222,184,1079,"[673, 222, 184]",elu,model_2,Float8WeightOnlyConfig,float8,8.0,False,True,onnx_relative_median_latency,,onnx,median_latency,True,3.0
922,673,222,184,1079,"[673, 222, 184]",elu,model_2,Int8WeightOnlyConfig,int8,8.0,False,True,onnx_relative_p95_latency,0.955799023530093,onnx,p95_latency,True,3.0
923,673,222,184,1079,"[673, 222, 184]",elu,model_2,Float8WeightOnlyConfig,float8,8.0,False,True,onnx_relative_p95_latency,,onnx,p95_latency,True,3.0
924,673,222,184,1079,"[673, 222, 184]",elu,model_2,Int8WeightOnlyConfig,int8,8.0,False,True,onnx_relative_p99_latency,0.9529516994821621,onnx,p99_latency,True,3.0
925,673,222,184,1079,"[673, 222, 184]",elu,model_2,Float8WeightOnlyConfig,float8,8.0,False,True,onnx_relative_p99_latency,,onnx,p99_latency,True,3.0
926,673,222,184,1079,"[673, 222, 184]",elu,model_2,Int8WeightOnlyConfig,int8,8.0,False,True,pt2_quantized_model_size,394977.0,pt2,model_size,False,3.0
927,673,222,184,1079,"[673, 222, 184]",elu,model_2,Float8WeightOnlyConfig,float8,8.0,False,True,pt2_quantized_model_size,374177.0,pt2,model_size,False,3.0
928,673,222,184,1079,"[673, 222, 184]",elu,model_2,Int8WeightOnlyConfig,int8,8.0,False,True,pt2_quantized_median_latency,0.0008669998496770859,pt2,median_latency,False,3.0
929,673,222,184,1079,"[673, 222, 184]",elu,model_2,Float8WeightOnlyConfig,float8,8.0,False,True,pt2_quantized_median_latency,0.0007122252136468887,pt2,median_latency,False,3.0
930,673,222,184,1079,"[673, 222, 184]",elu,model_2,Int8WeightOnlyConfig,int8,8.0,False,True,pt2_quantized_p95_latency,0.0008787030354142189,pt2,p95_latency,False,3.0
931,673,222,184,1079,"[673, 222, 184]",elu,model_2,Float8WeightOnlyConfig,float8,8.0,False,True,pt2_quantized_p95_latency,0.0007214812561869621,pt2,p95_latency,False,3.0
932,673,222,184,1079,"[673, 222, 184]",elu,model_2,Int8WeightOnlyConfig,int8,8.0,False,True,pt2_quantized_p99_latency,0.0009970158711075782,pt2,p99_latency,False,3.0
933,673,222,184,1079,"[673, 222, 184]",elu,model_2,Float8WeightOnlyConfig,float8,8.0,False,True,pt2_quantized_p99_latency,0.0008363421261310576,pt2,p99_latency,False,3.0
934,673,222,184,1079,"[673, 222, 184]",elu,model_2,Int8WeightOnlyConfig,int8,8.0,False,True,pt2_relative_model_size,0.3767135503647658,pt2,model_size,True,3.0
935,673,222,184,1079,"[673, 222, 184]",elu,model_2,Float8WeightOnlyConfig,float8,8.0,False,True,pt2_relative_model_size,0.35687532725914917,pt2,model_size,True,3.0
936,673,222,184,1079,"[673, 222, 184]",elu,model_2,Int8WeightOnlyConfig,int8,8.0,False,True,pt2_relative_median_latency,0.9329248616547713,pt2,median_latency,True,3.0
937,673,222,184,1079,"[673, 222, 184]",elu,model_2,Float8WeightOnlyConfig,float8,8.0,False,True,pt2_relative_median_latency,0.7663814580314391,pt2,median_latency,True,3.0
938,673,222,184,1079,"[673, 222, 184]",elu,model_2,Int8WeightOnlyConfig,int8,8.0,False,True,pt2_relative_p95_latency,0.9222816353286479,pt2,p95_latency,True,3.0
939,673,222,184,1079,"[673, 222, 184]",elu,model_2,Float8WeightOnlyConfig,float8,8.0,False,True,pt2_relative_p95_latency,0.7572625631154286,pt2,p95_latency,True,3.0
940,673,222,184,1079,"[673, 222, 184]",elu,model_2,Int8WeightOnlyConfig,int8,8.0,False,True,pt2_relative_p99_latency,0.9053717874724223,pt2,p99_latency,True,3.0
941,673,222,184,1079,"[673, 222, 184]",elu,model_2,Float8WeightOnlyConfig,float8,8.0,False,True,pt2_relative_p99_latency,0.7594669128311797,pt2,p99_latency,True,3.0
942,429,163,201,793,"[429, 163, 201]",leaky_relu,model_20,,,,,,,,,,,
943,256,321,159,736,"[256, 321, 159]",celu,model_21,,,,,,,,,,,
944,466,169,47,682,"[466, 169, 47]",elu,model_22,,,,,,,,,,,
945,785,429,174,1388,"[785, 429, 174]",leaky_relu,model_23,,,,,,,,,,,
946,154,64,61,279,"[154, 64, 61]",elu,model_24,,,,,,,,,,,
947,187,271,196,654,"[187, 271, 196]",celu,model_25,,,,,,,,,,,
948,873,135,83,1091,"[873, 135, 83]",gelu,model_26,,,,,,,,,,,
949,548,381,151,1080,"[548, 381, 151]",relu,model_27,,,,,,,,,,,
950,282,64,38,384,"[282, 64, 38]",gelu,model_28,,,,,,,,,,,
951,349,401,109,859,"[349, 401, 109]",relu,model_29,,,,,,,,,,,
952,578,411,32,1021,"[578, 411, 32]",leaky_relu,model_3,Int8WeightOnlyConfig,int8,8.0,False,True,pytorch_quantized_MAE,8.121239117598153,pytorch,MAE,False,1.0
953,578,411,32,1021,"[578, 411, 32]",leaky_relu,model_3,Float8WeightOnlyConfig,float8,8.0,False,True,pytorch_quantized_MAE,8.338389413713399,pytorch,MAE,False,1.0
954,578,411,32,1021,"[578, 411, 32]",leaky_relu,model_3,Int8WeightOnlyConfig,int8,8.0,False,True,pytorch_relative_MAE,0.9990658391180394,pytorch,MAE,True,1.0
955,578,411,32,1021,"[578, 411, 32]",leaky_relu,model_3,Float8WeightOnlyConfig,float8,8.0,False,True,pytorch_relative_MAE,1.0257794279758037,pytorch,MAE,True,1.0
956,578,411,32,1021,"[578, 411, 32]",leaky_relu,model_3,Int8WeightOnlyConfig,int8,8.0,False,True,pytorch_quantized_model_size,298582.0,pytorch,model_size,False,1.0
957,578,411,32,1021,"[578, 411, 32]",leaky_relu,model_3,Float8WeightOnlyConfig,float8,8.0,False,True,pytorch_quantized_model_size,298582.0,pytorch,model_size,False,1.0
958,578,411,32,1021,"[578, 411, 32]",leaky_relu,model_3,Int8WeightOnlyConfig,int8,8.0,False,True,pytorch_quantized_median_latency,0.00048821233212947845,pytorch,median_latency,False,1.0
959,578,411,32,1021,"[578, 411, 32]",leaky_relu,model_3,Float8WeightOnlyConfig,float8,8.0,False,True,pytorch_quantized_median_latency,0.0005257371813058853,pytorch,median_latency,False,1.0
960,578,411,32,1021,"[578, 411, 32]",leaky_relu,model_3,Int8WeightOnlyConfig,int8,8.0,False,True,pytorch_quantized_p95_latency,0.0004987217485904694,pytorch,p95_latency,False,1.0
961,578,411,32,1021,"[578, 411, 32]",leaky_relu,model_3,Float8WeightOnlyConfig,float8,8.0,False,True,pytorch_quantized_p95_latency,0.000532873161137104,pytorch,p95_latency,False,1.0
962,578,411,32,1021,"[578, 411, 32]",leaky_relu,model_3,Int8WeightOnlyConfig,int8,8.0,False,True,pytorch_quantized_p99_latency,0.0005014821141958236,pytorch,p99_latency,False,1.0
963,578,411,32,1021,"[578, 411, 32]",leaky_relu,model_3,Float8WeightOnlyConfig,float8,8.0,False,True,pytorch_quantized_p99_latency,0.0005362755805253983,pytorch,p99_latency,False,1.0
964,578,411,32,1021,"[578, 411, 32]",leaky_relu,model_3,Int8WeightOnlyConfig,int8,8.0,False,True,pytorch_relative_model_size,0.25,pytorch,model_size,True,1.0
965,578,411,32,1021,"[578, 411, 32]",leaky_relu,model_3,Float8WeightOnlyConfig,float8,8.0,False,True,pytorch_relative_model_size,0.25,pytorch,model_size,True,1.0
966,578,411,32,1021,"[578, 411, 32]",leaky_relu,model_3,Int8WeightOnlyConfig,int8,8.0,False,True,pytorch_relative_median_latency,2.662255086183255,pytorch,median_latency,True,1.0
967,578,411,32,1021,"[578, 411, 32]",leaky_relu,model_3,Float8WeightOnlyConfig,float8,8.0,False,True,pytorch_relative_median_latency,2.8668806435558083,pytorch,median_latency,True,1.0
968,578,411,32,1021,"[578, 411, 32]",leaky_relu,model_3,Int8WeightOnlyConfig,int8,8.0,False,True,pytorch_relative_p95_latency,2.5656280513337952,pytorch,p95_latency,True,1.0
969,578,411,32,1021,"[578, 411, 32]",leaky_relu,model_3,Float8WeightOnlyConfig,float8,8.0,False,True,pytorch_relative_p95_latency,2.7413168442728586,pytorch,p95_latency,True,1.0
970,578,411,32,1021,"[578, 411, 32]",leaky_relu,model_3,Int8WeightOnlyConfig,int8,8.0,False,True,pytorch_relative_p99_latency,2.515586139416485,pytorch,p99_latency,True,1.0
971,578,411,32,1021,"[578, 411, 32]",leaky_relu,model_3,Float8WeightOnlyConfig,float8,8.0,False,True,pytorch_relative_p99_latency,2.690120702391455,pytorch,p99_latency,True,1.0
972,578,411,32,1021,"[578, 411, 32]",leaky_relu,model_3,Int8WeightOnlyConfig,int8,8.0,False,True,onnx_quantized_model_size,33292.0,onnx,model_size,False,1.0
973,578,411,32,1021,"[578, 411, 32]",leaky_relu,model_3,Float8WeightOnlyConfig,float8,8.0,False,True,onnx_quantized_model_size,,onnx,model_size,False,1.0
974,578,411,32,1021,"[578, 411, 32]",leaky_relu,model_3,Int8WeightOnlyConfig,int8,8.0,False,True,onnx_quantized_median_latency,0.0005038343369960785,onnx,median_latency,False,1.0
975,578,411,32,1021,"[578, 411, 32]",leaky_relu,model_3,Float8WeightOnlyConfig,float8,8.0,False,True,onnx_quantized_median_latency,,onnx,median_latency,False,1.0
976,578,411,32,1021,"[578, 411, 32]",leaky_relu,model_3,Int8WeightOnlyConfig,int8,8.0,False,True,onnx_quantized_p95_latency,0.0005150685086846351,onnx,p95_latency,False,1.0
977,578,411,32,1021,"[578, 411, 32]",leaky_relu,model_3,Float8WeightOnlyConfig,float8,8.0,False,True,onnx_quantized_p95_latency,,onnx,p95_latency,False,1.0
978,578,411,32,1021,"[578, 411, 32]",leaky_relu,model_3,Int8WeightOnlyConfig,int8,8.0,False,True,onnx_quantized_p99_latency,0.0006340624392032622,onnx,p99_latency,False,1.0
979,578,411,32,1021,"[578, 411, 32]",leaky_relu,model_3,Float8WeightOnlyConfig,float8,8.0,False,True,onnx_quantized_p99_latency,,onnx,p99_latency,False,1.0
980,578,411,32,1021,"[578, 411, 32]",leaky_relu,model_3,Int8WeightOnlyConfig,int8,8.0,False,True,onnx_relative_model_size,2.3825950046518285,onnx,model_size,True,1.0
981,578,411,32,1021,"[578, 411, 32]",leaky_relu,model_3,Float8WeightOnlyConfig,float8,8.0,False,True,onnx_relative_model_size,,onnx,model_size,True,1.0
982,578,411,32,1021,"[578, 411, 32]",leaky_relu,model_3,Int8WeightOnlyConfig,int8,8.0,False,True,onnx_relative_median_latency,1.242667867249807,onnx,median_latency,True,1.0
983,578,411,32,1021,"[578, 411, 32]",leaky_relu,model_3,Float8WeightOnlyConfig,float8,8.0,False,True,onnx_relative_median_latency,,onnx,median_latency,True,1.0
984,578,411,32,1021,"[578, 411, 32]",leaky_relu,model_3,Int8WeightOnlyConfig,int8,8.0,False,True,onnx_relative_p95_latency,1.244476537350457,onnx,p95_latency,True,1.0
985,578,411,32,1021,"[578, 411, 32]",leaky_relu,model_3,Float8WeightOnlyConfig,float8,8.0,False,True,onnx_relative_p95_latency,,onnx,p95_latency,True,1.0
986,578,411,32,1021,"[578, 411, 32]",leaky_relu,model_3,Int8WeightOnlyConfig,int8,8.0,False,True,onnx_relative_p99_latency,1.5132885091411314,onnx,p99_latency,True,1.0
987,578,411,32,1021,"[578, 411, 32]",leaky_relu,model_3,Float8WeightOnlyConfig,float8,8.0,False,True,onnx_relative_p99_latency,,onnx,p99_latency,True,1.0
988,578,411,32,1021,"[578, 411, 32]",leaky_relu,model_3,Int8WeightOnlyConfig,int8,8.0,False,True,pt2_quantized_model_size,447137.0,pt2,model_size,False,1.0
989,578,411,32,1021,"[578, 411, 32]",leaky_relu,model_3,Float8WeightOnlyConfig,float8,8.0,False,True,pt2_quantized_model_size,426337.0,pt2,model_size,False,1.0
990,578,411,32,1021,"[578, 411, 32]",leaky_relu,model_3,Int8WeightOnlyConfig,int8,8.0,False,True,pt2_quantized_median_latency,0.0008892808109521866,pt2,median_latency,False,1.0
991,578,411,32,1021,"[578, 411, 32]",leaky_relu,model_3,Float8WeightOnlyConfig,float8,8.0,False,True,pt2_quantized_median_latency,0.0007254965603351593,pt2,median_latency,False,1.0
992,578,411,32,1021,"[578, 411, 32]",leaky_relu,model_3,Int8WeightOnlyConfig,int8,8.0,False,True,pt2_quantized_p95_latency,0.0009049884974956512,pt2,p95_latency,False,1.0
993,578,411,32,1021,"[578, 411, 32]",leaky_relu,model_3,Float8WeightOnlyConfig,float8,8.0,False,True,pt2_quantized_p95_latency,0.0007354188710451126,pt2,p95_latency,False,1.0
994,578,411,32,1021,"[578, 411, 32]",leaky_relu,model_3,Int8WeightOnlyConfig,int8,8.0,False,True,pt2_quantized_p99_latency,0.0010141155123710632,pt2,p99_latency,False,1.0
995,578,411,32,1021,"[578, 411, 32]",leaky_relu,model_3,Float8WeightOnlyConfig,float8,8.0,False,True,pt2_quantized_p99_latency,0.0008578988537192345,pt2,p99_latency,False,1.0
996,578,411,32,1021,"[578, 411, 32]",leaky_relu,model_3,Int8WeightOnlyConfig,int8,8.0,False,True,pt2_relative_model_size,0.3552492855480087,pt2,model_size,True,1.0
997,578,411,32,1021,"[578, 411, 32]",leaky_relu,model_3,Float8WeightOnlyConfig,float8,8.0,False,True,pt2_relative_model_size,0.3387237349015657,pt2,model_size,True,1.0
998,578,411,32,1021,"[578, 411, 32]",leaky_relu,model_3,Int8WeightOnlyConfig,int8,8.0,False,True,pt2_relative_median_latency,1.210412361986132,pt2,median_latency,True,1.0
999,578,411,32,1021,"[578, 411, 32]",leaky_relu,model_3,Float8WeightOnlyConfig,float8,8.0,False,True,pt2_relative_median_latency,0.9874833622776883,pt2,median_latency,True,1.0
1000,578,411,32,1021,"[578, 411, 32]",leaky_relu,model_3,Int8WeightOnlyConfig,int8,8.0,False,True,pt2_relative_p95_latency,1.2084922935490467,pt2,p95_latency,True,1.0
1001,578,411,32,1021,"[578, 411, 32]",leaky_relu,model_3,Float8WeightOnlyConfig,float8,8.0,False,True,pt2_relative_p95_latency,0.982054513010901,pt2,p95_latency,True,1.0
1002,578,411,32,1021,"[578, 411, 32]",leaky_relu,model_3,Int8WeightOnlyConfig,int8,8.0,False,True,pt2_relative_p99_latency,1.115152498297928,pt2,p99_latency,True,1.0
1003,578,411,32,1021,"[578, 411, 32]",leaky_relu,model_3,Float8WeightOnlyConfig,float8,8.0,False,True,pt2_relative_p99_latency,0.9433718726727082,pt2,p99_latency,True,1.0
1004,578,411,32,1021,"[578, 411, 32]",leaky_relu,model_3,Int8WeightOnlyConfig,int8,8.0,False,True,pytorch_quantized_MAE,7.925056091480847,pytorch,MAE,False,2.0
1005,578,411,32,1021,"[578, 411, 32]",leaky_relu,model_3,Float8WeightOnlyConfig,float8,8.0,False,True,pytorch_quantized_MAE,8.14102192230081,pytorch,MAE,False,2.0
1006,578,411,32,1021,"[578, 411, 32]",leaky_relu,model_3,Int8WeightOnlyConfig,int8,8.0,False,True,pytorch_relative_MAE,0.998892073162786,pytorch,MAE,True,2.0
1007,578,411,32,1021,"[578, 411, 32]",leaky_relu,model_3,Float8WeightOnlyConfig,float8,8.0,False,True,pytorch_relative_MAE,1.0261128970900735,pytorch,MAE,True,2.0
1008,578,411,32,1021,"[578, 411, 32]",leaky_relu,model_3,Int8WeightOnlyConfig,int8,8.0,False,True,pytorch_quantized_model_size,298582.0,pytorch,model_size,False,2.0
1009,578,411,32,1021,"[578, 411, 32]",leaky_relu,model_3,Float8WeightOnlyConfig,float8,8.0,False,True,pytorch_quantized_model_size,298582.0,pytorch,model_size,False,2.0
1010,578,411,32,1021,"[578, 411, 32]",leaky_relu,model_3,Int8WeightOnlyConfig,int8,8.0,False,True,pytorch_quantized_median_latency,0.00047401711344718933,pytorch,median_latency,False,2.0
1011,578,411,32,1021,"[578, 411, 32]",leaky_relu,model_3,Float8WeightOnlyConfig,float8,8.0,False,True,pytorch_quantized_median_latency,0.000574817880988121,pytorch,median_latency,False,2.0
1012,578,411,32,1021,"[578, 411, 32]",leaky_relu,model_3,Int8WeightOnlyConfig,int8,8.0,False,True,pytorch_quantized_p95_latency,0.0004834689199924469,pytorch,p95_latency,False,2.0
1013,578,411,32,1021,"[578, 411, 32]",leaky_relu,model_3,Float8WeightOnlyConfig,float8,8.0,False,True,pytorch_quantized_p95_latency,0.0005819952115416527,pytorch,p95_latency,False,2.0
1014,578,411,32,1021,"[578, 411, 32]",leaky_relu,model_3,Int8WeightOnlyConfig,int8,8.0,False,True,pytorch_quantized_p99_latency,0.0004869154468178749,pytorch,p99_latency,False,2.0
1015,578,411,32,1021,"[578, 411, 32]",leaky_relu,model_3,Float8WeightOnlyConfig,float8,8.0,False,True,pytorch_quantized_p99_latency,0.0005862150341272354,pytorch,p99_latency,False,2.0
1016,578,411,32,1021,"[578, 411, 32]",leaky_relu,model_3,Int8WeightOnlyConfig,int8,8.0,False,True,pytorch_relative_model_size,0.25,pytorch,model_size,True,2.0
1017,578,411,32,1021,"[578, 411, 32]",leaky_relu,model_3,Float8WeightOnlyConfig,float8,8.0,False,True,pytorch_relative_model_size,0.25,pytorch,model_size,True,2.0
1018,578,411,32,1021,"[578, 411, 32]",leaky_relu,model_3,Int8WeightOnlyConfig,int8,8.0,False,True,pytorch_relative_median_latency,2.8796478602303845,pytorch,median_latency,True,2.0
1019,578,411,32,1021,"[578, 411, 32]",leaky_relu,model_3,Float8WeightOnlyConfig,float8,8.0,False,True,pytorch_relative_median_latency,3.4920112250209336,pytorch,median_latency,True,2.0
1020,578,411,32,1021,"[578, 411, 32]",leaky_relu,model_3,Int8WeightOnlyConfig,int8,8.0,False,True,pytorch_relative_p95_latency,2.7461914057333905,pytorch,p95_latency,True,2.0
1021,578,411,32,1021,"[578, 411, 32]",leaky_relu,model_3,Float8WeightOnlyConfig,float8,8.0,False,True,pytorch_relative_p95_latency,3.3058386630905714,pytorch,p95_latency,True,2.0
1022,578,411,32,1021,"[578, 411, 32]",leaky_relu,model_3,Int8WeightOnlyConfig,int8,8.0,False,True,pytorch_relative_p99_latency,2.7167274319791197,pytorch,p99_latency,True,2.0
1023,578,411,32,1021,"[578, 411, 32]",leaky_relu,model_3,Float8WeightOnlyConfig,float8,8.0,False,True,pytorch_relative_p99_latency,3.2707659505567603,pytorch,p99_latency,True,2.0
1024,578,411,32,1021,"[578, 411, 32]",leaky_relu,model_3,Int8WeightOnlyConfig,int8,8.0,False,True,onnx_quantized_model_size,33292.0,onnx,model_size,False,2.0
1025,578,411,32,1021,"[578, 411, 32]",leaky_relu,model_3,Float8WeightOnlyConfig,float8,8.0,False,True,onnx_quantized_model_size,,onnx,model_size,False,2.0
1026,578,411,32,1021,"[578, 411, 32]",leaky_relu,model_3,Int8WeightOnlyConfig,int8,8.0,False,True,onnx_quantized_median_latency,0.000512637197971344,onnx,median_latency,False,2.0
1027,578,411,32,1021,"[578, 411, 32]",leaky_relu,model_3,Float8WeightOnlyConfig,float8,8.0,False,True,onnx_quantized_median_latency,,onnx,median_latency,False,2.0
1028,578,411,32,1021,"[578, 411, 32]",leaky_relu,model_3,Int8WeightOnlyConfig,int8,8.0,False,True,onnx_quantized_p95_latency,0.0005243228748440743,onnx,p95_latency,False,2.0
1029,578,411,32,1021,"[578, 411, 32]",leaky_relu,model_3,Float8WeightOnlyConfig,float8,8.0,False,True,onnx_quantized_p95_latency,,onnx,p95_latency,False,2.0
1030,578,411,32,1021,"[578, 411, 32]",leaky_relu,model_3,Int8WeightOnlyConfig,int8,8.0,False,True,onnx_quantized_p99_latency,0.0005287864804267884,onnx,p99_latency,False,2.0
1031,578,411,32,1021,"[578, 411, 32]",leaky_relu,model_3,Float8WeightOnlyConfig,float8,8.0,False,True,onnx_quantized_p99_latency,,onnx,p99_latency,False,2.0
1032,578,411,32,1021,"[578, 411, 32]",leaky_relu,model_3,Int8WeightOnlyConfig,int8,8.0,False,True,onnx_relative_model_size,2.3825950046518285,onnx,model_size,True,2.0
1033,578,411,32,1021,"[578, 411, 32]",leaky_relu,model_3,Float8WeightOnlyConfig,float8,8.0,False,True,onnx_relative_model_size,,onnx,model_size,True,2.0
1034,578,411,32,1021,"[578, 411, 32]",leaky_relu,model_3,Int8WeightOnlyConfig,int8,8.0,False,True,onnx_relative_median_latency,1.2710889836183685,onnx,median_latency,True,2.0
1035,578,411,32,1021,"[578, 411, 32]",leaky_relu,model_3,Float8WeightOnlyConfig,float8,8.0,False,True,onnx_relative_median_latency,,onnx,median_latency,True,2.0
1036,578,411,32,1021,"[578, 411, 32]",leaky_relu,model_3,Int8WeightOnlyConfig,int8,8.0,False,True,onnx_relative_p95_latency,1.261990070628194,onnx,p95_latency,True,2.0
1037,578,411,32,1021,"[578, 411, 32]",leaky_relu,model_3,Float8WeightOnlyConfig,float8,8.0,False,True,onnx_relative_p95_latency,,onnx,p95_latency,True,2.0
1038,578,411,32,1021,"[578, 411, 32]",leaky_relu,model_3,Int8WeightOnlyConfig,int8,8.0,False,True,onnx_relative_p99_latency,1.2578858997805205,onnx,p99_latency,True,2.0
1039,578,411,32,1021,"[578, 411, 32]",leaky_relu,model_3,Float8WeightOnlyConfig,float8,8.0,False,True,onnx_relative_p99_latency,,onnx,p99_latency,True,2.0
1040,578,411,32,1021,"[578, 411, 32]",leaky_relu,model_3,Int8WeightOnlyConfig,int8,8.0,False,True,pt2_quantized_model_size,447137.0,pt2,model_size,False,2.0
1041,578,411,32,1021,"[578, 411, 32]",leaky_relu,model_3,Float8WeightOnlyConfig,float8,8.0,False,True,pt2_quantized_model_size,426337.0,pt2,model_size,False,2.0
1042,578,411,32,1021,"[578, 411, 32]",leaky_relu,model_3,Int8WeightOnlyConfig,int8,8.0,False,True,pt2_quantized_median_latency,0.0008793417364358902,pt2,median_latency,False,2.0
1043,578,411,32,1021,"[578, 411, 32]",leaky_relu,model_3,Float8WeightOnlyConfig,float8,8.0,False,True,pt2_quantized_median_latency,0.0007167384028434753,pt2,median_latency,False,2.0
1044,578,411,32,1021,"[578, 411, 32]",leaky_relu,model_3,Int8WeightOnlyConfig,int8,8.0,False,True,pt2_quantized_p95_latency,0.0008990205824375153,pt2,p95_latency,False,2.0
1045,578,411,32,1021,"[578, 411, 32]",leaky_relu,model_3,Float8WeightOnlyConfig,float8,8.0,False,True,pt2_quantized_p95_latency,0.0007256083190441132,pt2,p95_latency,False,2.0
1046,578,411,32,1021,"[578, 411, 32]",leaky_relu,model_3,Int8WeightOnlyConfig,int8,8.0,False,True,pt2_quantized_p99_latency,0.0010528328642249107,pt2,p99_latency,False,2.0
1047,578,411,32,1021,"[578, 411, 32]",leaky_relu,model_3,Float8WeightOnlyConfig,float8,8.0,False,True,pt2_quantized_p99_latency,0.0008453566953539848,pt2,p99_latency,False,2.0
1048,578,411,32,1021,"[578, 411, 32]",leaky_relu,model_3,Int8WeightOnlyConfig,int8,8.0,False,True,pt2_relative_model_size,0.3552492855480087,pt2,model_size,True,2.0
1049,578,411,32,1021,"[578, 411, 32]",leaky_relu,model_3,Float8WeightOnlyConfig,float8,8.0,False,True,pt2_relative_model_size,0.3387237349015657,pt2,model_size,True,2.0
1050,578,411,32,1021,"[578, 411, 32]",leaky_relu,model_3,Int8WeightOnlyConfig,int8,8.0,False,True,pt2_relative_median_latency,1.1722087312346985,pt2,median_latency,True,2.0
1051,578,411,32,1021,"[578, 411, 32]",leaky_relu,model_3,Float8WeightOnlyConfig,float8,8.0,False,True,pt2_relative_median_latency,0.9554499451256152,pt2,median_latency,True,2.0
1052,578,411,32,1021,"[578, 411, 32]",leaky_relu,model_3,Int8WeightOnlyConfig,int8,8.0,False,True,pt2_relative_p95_latency,1.1634770912229022,pt2,p95_latency,True,2.0
1053,578,411,32,1021,"[578, 411, 32]",leaky_relu,model_3,Float8WeightOnlyConfig,float8,8.0,False,True,pt2_relative_p95_latency,0.9390537579458154,pt2,p95_latency,True,2.0
1054,578,411,32,1021,"[578, 411, 32]",leaky_relu,model_3,Int8WeightOnlyConfig,int8,8.0,False,True,pt2_relative_p99_latency,1.1361933221819676,pt2,p99_latency,True,2.0
1055,578,411,32,1021,"[578, 411, 32]",leaky_relu,model_3,Float8WeightOnlyConfig,float8,8.0,False,True,pt2_relative_p99_latency,0.9122897515458158,pt2,p99_latency,True,2.0
1056,578,411,32,1021,"[578, 411, 32]",leaky_relu,model_3,Int8WeightOnlyConfig,int8,8.0,False,True,pytorch_quantized_MAE,8.114408857286369,pytorch,MAE,False,3.0
1057,578,411,32,1021,"[578, 411, 32]",leaky_relu,model_3,Float8WeightOnlyConfig,float8,8.0,False,True,pytorch_quantized_MAE,8.31671883268168,pytorch,MAE,False,3.0
1058,578,411,32,1021,"[578, 411, 32]",leaky_relu,model_3,Int8WeightOnlyConfig,int8,8.0,False,True,pytorch_relative_MAE,0.9989972622274835,pytorch,MAE,True,3.0
1059,578,411,32,1021,"[578, 411, 32]",leaky_relu,model_3,Float8WeightOnlyConfig,float8,8.0,False,True,pytorch_relative_MAE,1.0239044507973252,pytorch,MAE,True,3.0
1060,578,411,32,1021,"[578, 411, 32]",leaky_relu,model_3,Int8WeightOnlyConfig,int8,8.0,False,True,pytorch_quantized_model_size,298582.0,pytorch,model_size,False,3.0
1061,578,411,32,1021,"[578, 411, 32]",leaky_relu,model_3,Float8WeightOnlyConfig,float8,8.0,False,True,pytorch_quantized_model_size,298582.0,pytorch,model_size,False,3.0
1062,578,411,32,1021,"[578, 411, 32]",leaky_relu,model_3,Int8WeightOnlyConfig,int8,8.0,False,True,pytorch_quantized_median_latency,0.0004292689263820648,pytorch,median_latency,False,3.0
1063,578,411,32,1021,"[578, 411, 32]",leaky_relu,model_3,Float8WeightOnlyConfig,float8,8.0,False,True,pytorch_quantized_median_latency,0.000522170215845108,pytorch,median_latency,False,3.0
1064,578,411,32,1021,"[578, 411, 32]",leaky_relu,model_3,Int8WeightOnlyConfig,int8,8.0,False,True,pytorch_quantized_p95_latency,0.0004411257803440094,pytorch,p95_latency,False,3.0
1065,578,411,32,1021,"[578, 411, 32]",leaky_relu,model_3,Float8WeightOnlyConfig,float8,8.0,False,True,pytorch_quantized_p95_latency,0.0005869088694453239,pytorch,p95_latency,False,3.0
1066,578,411,32,1021,"[578, 411, 32]",leaky_relu,model_3,Int8WeightOnlyConfig,int8,8.0,False,True,pytorch_quantized_p99_latency,0.00045091491192579265,pytorch,p99_latency,False,3.0
1067,578,411,32,1021,"[578, 411, 32]",leaky_relu,model_3,Float8WeightOnlyConfig,float8,8.0,False,True,pytorch_quantized_p99_latency,0.0006042876839637756,pytorch,p99_latency,False,3.0
1068,578,411,32,1021,"[578, 411, 32]",leaky_relu,model_3,Int8WeightOnlyConfig,int8,8.0,False,True,pytorch_relative_model_size,0.25,pytorch,model_size,True,3.0
1069,578,411,32,1021,"[578, 411, 32]",leaky_relu,model_3,Float8WeightOnlyConfig,float8,8.0,False,True,pytorch_relative_model_size,0.25,pytorch,model_size,True,3.0
1070,578,411,32,1021,"[578, 411, 32]",leaky_relu,model_3,Int8WeightOnlyConfig,int8,8.0,False,True,pytorch_relative_median_latency,2.387613443288716,pytorch,median_latency,True,3.0
1071,578,411,32,1021,"[578, 411, 32]",leaky_relu,model_3,Float8WeightOnlyConfig,float8,8.0,False,True,pytorch_relative_median_latency,2.904334673241888,pytorch,median_latency,True,3.0
1072,578,411,32,1021,"[578, 411, 32]",leaky_relu,model_3,Int8WeightOnlyConfig,int8,8.0,False,True,pytorch_relative_p95_latency,2.3015606611162243,pytorch,p95_latency,True,3.0
1073,578,411,32,1021,"[578, 411, 32]",leaky_relu,model_3,Float8WeightOnlyConfig,float8,8.0,False,True,pytorch_relative_p95_latency,3.062179599936637,pytorch,p95_latency,True,3.0
1074,578,411,32,1021,"[578, 411, 32]",leaky_relu,model_3,Int8WeightOnlyConfig,int8,8.0,False,True,pytorch_relative_p99_latency,2.036515308496827,pytorch,p99_latency,True,3.0
1075,578,411,32,1021,"[578, 411, 32]",leaky_relu,model_3,Float8WeightOnlyConfig,float8,8.0,False,True,pytorch_relative_p99_latency,2.72920918466065,pytorch,p99_latency,True,3.0
1076,578,411,32,1021,"[578, 411, 32]",leaky_relu,model_3,Int8WeightOnlyConfig,int8,8.0,False,True,onnx_quantized_model_size,33292.0,onnx,model_size,False,3.0
1077,578,411,32,1021,"[578, 411, 32]",leaky_relu,model_3,Float8WeightOnlyConfig,float8,8.0,False,True,onnx_quantized_model_size,,onnx,model_size,False,3.0
1078,578,411,32,1021,"[578, 411, 32]",leaky_relu,model_3,Int8WeightOnlyConfig,int8,8.0,False,True,onnx_quantized_median_latency,0.000501830130815506,onnx,median_latency,False,3.0
1079,578,411,32,1021,"[578, 411, 32]",leaky_relu,model_3,Float8WeightOnlyConfig,float8,8.0,False,True,onnx_quantized_median_latency,,onnx,median_latency,False,3.0
1080,578,411,32,1021,"[578, 411, 32]",leaky_relu,model_3,Int8WeightOnlyConfig,int8,8.0,False,True,onnx_quantized_p95_latency,0.0007952990010380745,onnx,p95_latency,False,3.0
1081,578,411,32,1021,"[578, 411, 32]",leaky_relu,model_3,Float8WeightOnlyConfig,float8,8.0,False,True,onnx_quantized_p95_latency,,onnx,p95_latency,False,3.0
1082,578,411,32,1021,"[578, 411, 32]",leaky_relu,model_3,Int8WeightOnlyConfig,int8,8.0,False,True,onnx_quantized_p99_latency,0.0007992320880293845,onnx,p99_latency,False,3.0
1083,578,411,32,1021,"[578, 411, 32]",leaky_relu,model_3,Float8WeightOnlyConfig,float8,8.0,False,True,onnx_quantized_p99_latency,,onnx,p99_latency,False,3.0
1084,578,411,32,1021,"[578, 411, 32]",leaky_relu,model_3,Int8WeightOnlyConfig,int8,8.0,False,True,onnx_relative_model_size,2.3825950046518285,onnx,model_size,True,3.0
1085,578,411,32,1021,"[578, 411, 32]",leaky_relu,model_3,Float8WeightOnlyConfig,float8,8.0,False,True,onnx_relative_model_size,,onnx,model_size,True,3.0
1086,578,411,32,1021,"[578, 411, 32]",leaky_relu,model_3,Int8WeightOnlyConfig,int8,8.0,False,True,onnx_relative_median_latency,1.2384301395554085,onnx,median_latency,True,3.0
1087,578,411,32,1021,"[578, 411, 32]",leaky_relu,model_3,Float8WeightOnlyConfig,float8,8.0,False,True,onnx_relative_median_latency,,onnx,median_latency,True,3.0
1088,578,411,32,1021,"[578, 411, 32]",leaky_relu,model_3,Int8WeightOnlyConfig,int8,8.0,False,True,onnx_relative_p95_latency,1.5447013200979847,onnx,p95_latency,True,3.0
1089,578,411,32,1021,"[578, 411, 32]",leaky_relu,model_3,Float8WeightOnlyConfig,float8,8.0,False,True,onnx_relative_p95_latency,,onnx,p95_latency,True,3.0
1090,578,411,32,1021,"[578, 411, 32]",leaky_relu,model_3,Int8WeightOnlyConfig,int8,8.0,False,True,onnx_relative_p99_latency,1.5201283118369036,onnx,p99_latency,True,3.0
1091,578,411,32,1021,"[578, 411, 32]",leaky_relu,model_3,Float8WeightOnlyConfig,float8,8.0,False,True,onnx_relative_p99_latency,,onnx,p99_latency,True,3.0
1092,578,411,32,1021,"[578, 411, 32]",leaky_relu,model_3,Int8WeightOnlyConfig,int8,8.0,False,True,pt2_quantized_model_size,447137.0,pt2,model_size,False,3.0
1093,578,411,32,1021,"[578, 411, 32]",leaky_relu,model_3,Float8WeightOnlyConfig,float8,8.0,False,True,pt2_quantized_model_size,426337.0,pt2,model_size,False,3.0
1094,578,411,32,1021,"[578, 411, 32]",leaky_relu,model_3,Int8WeightOnlyConfig,int8,8.0,False,True,pt2_quantized_median_latency,0.0008863098919391632,pt2,median_latency,False,3.0
1095,578,411,32,1021,"[578, 411, 32]",leaky_relu,model_3,Float8WeightOnlyConfig,float8,8.0,False,True,pt2_quantized_median_latency,0.0007225852459669113,pt2,median_latency,False,3.0
1096,578,411,32,1021,"[578, 411, 32]",leaky_relu,model_3,Int8WeightOnlyConfig,int8,8.0,False,True,pt2_quantized_p95_latency,0.0008958673104643821,pt2,p95_latency,False,3.0
1097,578,411,32,1021,"[578, 411, 32]",leaky_relu,model_3,Float8WeightOnlyConfig,float8,8.0,False,True,pt2_quantized_p95_latency,0.0007418334484100342,pt2,p95_latency,False,3.0
1098,578,411,32,1021,"[578, 411, 32]",leaky_relu,model_3,Int8WeightOnlyConfig,int8,8.0,False,True,pt2_quantized_p99_latency,0.0010114887356758118,pt2,p99_latency,False,3.0
1099,578,411,32,1021,"[578, 411, 32]",leaky_relu,model_3,Float8WeightOnlyConfig,float8,8.0,False,True,pt2_quantized_p99_latency,0.0008634201064705848,pt2,p99_latency,False,3.0
1100,578,411,32,1021,"[578, 411, 32]",leaky_relu,model_3,Int8WeightOnlyConfig,int8,8.0,False,True,pt2_relative_model_size,0.3552492855480087,pt2,model_size,True,3.0
1101,578,411,32,1021,"[578, 411, 32]",leaky_relu,model_3,Float8WeightOnlyConfig,float8,8.0,False,True,pt2_relative_model_size,0.3387237349015657,pt2,model_size,True,3.0
1102,578,411,32,1021,"[578, 411, 32]",leaky_relu,model_3,Int8WeightOnlyConfig,int8,8.0,False,True,pt2_relative_median_latency,1.161950902657547,pt2,median_latency,True,3.0
1103,578,411,32,1021,"[578, 411, 32]",leaky_relu,model_3,Float8WeightOnlyConfig,float8,8.0,False,True,pt2_relative_median_latency,0.9473081440638026,pt2,median_latency,True,3.0
1104,578,411,32,1021,"[578, 411, 32]",leaky_relu,model_3,Int8WeightOnlyConfig,int8,8.0,False,True,pt2_relative_p95_latency,1.1461029909024751,pt2,p95_latency,True,3.0
1105,578,411,32,1021,"[578, 411, 32]",leaky_relu,model_3,Float8WeightOnlyConfig,float8,8.0,False,True,pt2_relative_p95_latency,0.9490440426200147,pt2,p95_latency,True,3.0
1106,578,411,32,1021,"[578, 411, 32]",leaky_relu,model_3,Int8WeightOnlyConfig,int8,8.0,False,True,pt2_relative_p99_latency,1.0651025255479811,pt2,p99_latency,True,3.0
1107,578,411,32,1021,"[578, 411, 32]",leaky_relu,model_3,Float8WeightOnlyConfig,float8,8.0,False,True,pt2_relative_p99_latency,0.9091855436198094,pt2,p99_latency,True,3.0
1108,616,89,221,926,"[616, 89, 221]",elu,model_30,,,,,,,,,,,
1109,710,293,32,1035,"[710, 293, 32]",celu,model_31,,,,,,,,,,,
1110,128,197,125,450,"[128, 197, 125]",leaky_relu,model_32,,,,,,,,,,,
1111,128,420,208,756,"[128, 420, 208]",gelu,model_33,,,,,,,,,,,
1112,716,98,96,910,"[716, 98, 96]",gelu,model_34,,,,,,,,,,,
1113,593,302,139,1034,"[593, 302, 139]",elu,model_35,,,,,,,,,,,
1114,355,216,32,603,"[355, 216, 32]",gelu,model_36,,,,,,,,,,,
1115,302,256,68,626,"[302, 256, 68]",celu,model_37,,,,,,,,,,,
1116,540,122,181,843,"[540, 122, 181]",elu,model_38,,,,,,,,,,,
1117,894,368,53,1315,"[894, 368, 53]",gelu,model_39,,,,,,,,,,,
1118,368,107,142,617,"[368, 107, 142]",gelu,model_4,Int8WeightOnlyConfig,int8,8.0,False,True,pytorch_quantized_MAE,8.824627941773954,pytorch,MAE,False,1.0
1119,368,107,142,617,"[368, 107, 142]",gelu,model_4,Float8WeightOnlyConfig,float8,8.0,False,True,pytorch_quantized_MAE,8.826348420481354,pytorch,MAE,False,1.0
1120,368,107,142,617,"[368, 107, 142]",gelu,model_4,Int8WeightOnlyConfig,int8,8.0,False,True,pytorch_relative_MAE,1.0003530586831708,pytorch,MAE,True,1.0
1121,368,107,142,617,"[368, 107, 142]",gelu,model_4,Float8WeightOnlyConfig,float8,8.0,False,True,pytorch_relative_MAE,1.0005480908305546,pytorch,MAE,True,1.0
1122,368,107,142,617,"[368, 107, 142]",gelu,model_4,Int8WeightOnlyConfig,int8,8.0,False,True,pytorch_quantized_model_size,85138.0,pytorch,model_size,False,1.0
1123,368,107,142,617,"[368, 107, 142]",gelu,model_4,Float8WeightOnlyConfig,float8,8.0,False,True,pytorch_quantized_model_size,85138.0,pytorch,model_size,False,1.0
1124,368,107,142,617,"[368, 107, 142]",gelu,model_4,Int8WeightOnlyConfig,int8,8.0,False,True,pytorch_quantized_median_latency,0.0004026014357805252,pytorch,median_latency,False,1.0
1125,368,107,142,617,"[368, 107, 142]",gelu,model_4,Float8WeightOnlyConfig,float8,8.0,False,True,pytorch_quantized_median_latency,0.000502588227391243,pytorch,median_latency,False,1.0
1126,368,107,142,617,"[368, 107, 142]",gelu,model_4,Int8WeightOnlyConfig,int8,8.0,False,True,pytorch_quantized_p95_latency,0.00041410475969314573,pytorch,p95_latency,False,1.0
1127,368,107,142,617,"[368, 107, 142]",gelu,model_4,Float8WeightOnlyConfig,float8,8.0,False,True,pytorch_quantized_p95_latency,0.0005113789811730385,pytorch,p95_latency,False,1.0
1128,368,107,142,617,"[368, 107, 142]",gelu,model_4,Int8WeightOnlyConfig,int8,8.0,False,True,pytorch_quantized_p99_latency,0.00041621822863817213,pytorch,p99_latency,False,1.0
1129,368,107,142,617,"[368, 107, 142]",gelu,model_4,Float8WeightOnlyConfig,float8,8.0,False,True,pytorch_quantized_p99_latency,0.0005183277651667593,pytorch,p99_latency,False,1.0
1130,368,107,142,617,"[368, 107, 142]",gelu,model_4,Int8WeightOnlyConfig,int8,8.0,False,True,pytorch_relative_model_size,0.25,pytorch,model_size,True,1.0
1131,368,107,142,617,"[368, 107, 142]",gelu,model_4,Float8WeightOnlyConfig,float8,8.0,False,True,pytorch_relative_model_size,0.25,pytorch,model_size,True,1.0
1132,368,107,142,617,"[368, 107, 142]",gelu,model_4,Int8WeightOnlyConfig,int8,8.0,False,True,pytorch_relative_median_latency,2.6448490632991937,pytorch,median_latency,True,1.0
1133,368,107,142,617,"[368, 107, 142]",gelu,model_4,Float8WeightOnlyConfig,float8,8.0,False,True,pytorch_relative_median_latency,3.3017020912105526,pytorch,median_latency,True,1.0
1134,368,107,142,617,"[368, 107, 142]",gelu,model_4,Int8WeightOnlyConfig,int8,8.0,False,True,pytorch_relative_p95_latency,2.5424246721345223,pytorch,p95_latency,True,1.0
1135,368,107,142,617,"[368, 107, 142]",gelu,model_4,Float8WeightOnlyConfig,float8,8.0,False,True,pytorch_relative_p95_latency,3.1396464496297076,pytorch,p95_latency,True,1.0
1136,368,107,142,617,"[368, 107, 142]",gelu,model_4,Int8WeightOnlyConfig,int8,8.0,False,True,pytorch_relative_p99_latency,2.518353950760706,pytorch,p99_latency,True,1.0
1137,368,107,142,617,"[368, 107, 142]",gelu,model_4,Float8WeightOnlyConfig,float8,8.0,False,True,pytorch_relative_p99_latency,3.1361739716869317,pytorch,p99_latency,True,1.0
1138,368,107,142,617,"[368, 107, 142]",gelu,model_4,Int8WeightOnlyConfig,int8,8.0,False,True,onnx_quantized_model_size,47745.0,onnx,model_size,False,1.0
1139,368,107,142,617,"[368, 107, 142]",gelu,model_4,Float8WeightOnlyConfig,float8,8.0,False,True,onnx_quantized_model_size,,onnx,model_size,False,1.0
1140,368,107,142,617,"[368, 107, 142]",gelu,model_4,Int8WeightOnlyConfig,int8,8.0,False,True,onnx_quantized_median_latency,0.0003890376538038254,onnx,median_latency,False,1.0
1141,368,107,142,617,"[368, 107, 142]",gelu,model_4,Float8WeightOnlyConfig,float8,8.0,False,True,onnx_quantized_median_latency,,onnx,median_latency,False,1.0
1142,368,107,142,617,"[368, 107, 142]",gelu,model_4,Int8WeightOnlyConfig,int8,8.0,False,True,onnx_quantized_p95_latency,0.0004020530730485916,onnx,p95_latency,False,1.0
1143,368,107,142,617,"[368, 107, 142]",gelu,model_4,Float8WeightOnlyConfig,float8,8.0,False,True,onnx_quantized_p95_latency,,onnx,p95_latency,False,1.0
1144,368,107,142,617,"[368, 107, 142]",gelu,model_4,Int8WeightOnlyConfig,int8,8.0,False,True,onnx_quantized_p99_latency,0.00047727156430482865,onnx,p99_latency,False,1.0
1145,368,107,142,617,"[368, 107, 142]",gelu,model_4,Float8WeightOnlyConfig,float8,8.0,False,True,onnx_quantized_p99_latency,,onnx,p99_latency,False,1.0
1146,368,107,142,617,"[368, 107, 142]",gelu,model_4,Int8WeightOnlyConfig,int8,8.0,False,True,onnx_relative_model_size,1.6766750948166877,onnx,model_size,True,1.0
1147,368,107,142,617,"[368, 107, 142]",gelu,model_4,Float8WeightOnlyConfig,float8,8.0,False,True,onnx_relative_model_size,,onnx,model_size,True,1.0
1148,368,107,142,617,"[368, 107, 142]",gelu,model_4,Int8WeightOnlyConfig,int8,8.0,False,True,onnx_relative_median_latency,1.1976295463798117,onnx,median_latency,True,1.0
1149,368,107,142,617,"[368, 107, 142]",gelu,model_4,Float8WeightOnlyConfig,float8,8.0,False,True,onnx_relative_median_latency,,onnx,median_latency,True,1.0
1150,368,107,142,617,"[368, 107, 142]",gelu,model_4,Int8WeightOnlyConfig,int8,8.0,False,True,onnx_relative_p95_latency,1.206672148899072,onnx,p95_latency,True,1.0
1151,368,107,142,617,"[368, 107, 142]",gelu,model_4,Float8WeightOnlyConfig,float8,8.0,False,True,onnx_relative_p95_latency,,onnx,p95_latency,True,1.0
1152,368,107,142,617,"[368, 107, 142]",gelu,model_4,Int8WeightOnlyConfig,int8,8.0,False,True,onnx_relative_p99_latency,1.4226609727629616,onnx,p99_latency,True,1.0
1153,368,107,142,617,"[368, 107, 142]",gelu,model_4,Float8WeightOnlyConfig,float8,8.0,False,True,onnx_relative_p99_latency,,onnx,p99_latency,True,1.0
1154,368,107,142,617,"[368, 107, 142]",gelu,model_4,Int8WeightOnlyConfig,int8,8.0,False,True,pt2_quantized_model_size,230817.0,pt2,model_size,False,1.0
1155,368,107,142,617,"[368, 107, 142]",gelu,model_4,Float8WeightOnlyConfig,float8,8.0,False,True,pt2_quantized_model_size,210017.0,pt2,model_size,False,1.0
1156,368,107,142,617,"[368, 107, 142]",gelu,model_4,Int8WeightOnlyConfig,int8,8.0,False,True,pt2_quantized_median_latency,0.0008598677814006805,pt2,median_latency,False,1.0
1157,368,107,142,617,"[368, 107, 142]",gelu,model_4,Float8WeightOnlyConfig,float8,8.0,False,True,pt2_quantized_median_latency,0.000712323933839798,pt2,median_latency,False,1.0
1158,368,107,142,617,"[368, 107, 142]",gelu,model_4,Int8WeightOnlyConfig,int8,8.0,False,True,pt2_quantized_p95_latency,0.0008774299174547195,pt2,p95_latency,False,1.0
1159,368,107,142,617,"[368, 107, 142]",gelu,model_4,Float8WeightOnlyConfig,float8,8.0,False,True,pt2_quantized_p95_latency,0.0007238909602165222,pt2,p95_latency,False,1.0
1160,368,107,142,617,"[368, 107, 142]",gelu,model_4,Int8WeightOnlyConfig,int8,8.0,False,True,pt2_quantized_p99_latency,0.0009938498213887214,pt2,p99_latency,False,1.0
1161,368,107,142,617,"[368, 107, 142]",gelu,model_4,Float8WeightOnlyConfig,float8,8.0,False,True,pt2_quantized_p99_latency,0.0008428934216499328,pt2,p99_latency,False,1.0
1162,368,107,142,617,"[368, 107, 142]",gelu,model_4,Int8WeightOnlyConfig,int8,8.0,False,True,pt2_relative_model_size,0.570153618899645,pt2,model_size,True,1.0
1163,368,107,142,617,"[368, 107, 142]",gelu,model_4,Float8WeightOnlyConfig,float8,8.0,False,True,pt2_relative_model_size,0.5187744082127692,pt2,model_size,True,1.0
1164,368,107,142,617,"[368, 107, 142]",gelu,model_4,Int8WeightOnlyConfig,int8,8.0,False,True,pt2_relative_median_latency,1.3639608336731137,pt2,median_latency,True,1.0
1165,368,107,142,617,"[368, 107, 142]",gelu,model_4,Float8WeightOnlyConfig,float8,8.0,False,True,pt2_relative_median_latency,1.1299201664037062,pt2,median_latency,True,1.0
1166,368,107,142,617,"[368, 107, 142]",gelu,model_4,Int8WeightOnlyConfig,int8,8.0,False,True,pt2_relative_p95_latency,1.3447511591486387,pt2,p95_latency,True,1.0
1167,368,107,142,617,"[368, 107, 142]",gelu,model_4,Float8WeightOnlyConfig,float8,8.0,False,True,pt2_relative_p95_latency,1.109436991471886,pt2,p95_latency,True,1.0
1168,368,107,142,617,"[368, 107, 142]",gelu,model_4,Int8WeightOnlyConfig,int8,8.0,False,True,pt2_relative_p99_latency,1.2525341107633003,pt2,p99_latency,True,1.0
1169,368,107,142,617,"[368, 107, 142]",gelu,model_4,Float8WeightOnlyConfig,float8,8.0,False,True,pt2_relative_p99_latency,1.0622860110588086,pt2,p99_latency,True,1.0
1170,368,107,142,617,"[368, 107, 142]",gelu,model_4,Int8WeightOnlyConfig,int8,8.0,False,True,pytorch_quantized_MAE,8.233471623705112,pytorch,MAE,False,2.0
1171,368,107,142,617,"[368, 107, 142]",gelu,model_4,Float8WeightOnlyConfig,float8,8.0,False,True,pytorch_quantized_MAE,8.2298523552106,pytorch,MAE,False,2.0
1172,368,107,142,617,"[368, 107, 142]",gelu,model_4,Int8WeightOnlyConfig,int8,8.0,False,True,pytorch_relative_MAE,1.0007818248000135,pytorch,MAE,True,2.0
1173,368,107,142,617,"[368, 107, 142]",gelu,model_4,Float8WeightOnlyConfig,float8,8.0,False,True,pytorch_relative_MAE,1.0003419012423795,pytorch,MAE,True,2.0
1174,368,107,142,617,"[368, 107, 142]",gelu,model_4,Int8WeightOnlyConfig,int8,8.0,False,True,pytorch_quantized_model_size,85138.0,pytorch,model_size,False,2.0
1175,368,107,142,617,"[368, 107, 142]",gelu,model_4,Float8WeightOnlyConfig,float8,8.0,False,True,pytorch_quantized_model_size,85138.0,pytorch,model_size,False,2.0
1176,368,107,142,617,"[368, 107, 142]",gelu,model_4,Int8WeightOnlyConfig,int8,8.0,False,True,pytorch_quantized_median_latency,0.0004263259470462799,pytorch,median_latency,False,2.0
1177,368,107,142,617,"[368, 107, 142]",gelu,model_4,Float8WeightOnlyConfig,float8,8.0,False,True,pytorch_quantized_median_latency,0.0005246344953775406,pytorch,median_latency,False,2.0
1178,368,107,142,617,"[368, 107, 142]",gelu,model_4,Int8WeightOnlyConfig,int8,8.0,False,True,pytorch_quantized_p95_latency,0.0004376178607344627,pytorch,p95_latency,False,2.0
1179,368,107,142,617,"[368, 107, 142]",gelu,model_4,Float8WeightOnlyConfig,float8,8.0,False,True,pytorch_quantized_p95_latency,0.0005877092480659485,pytorch,p95_latency,False,2.0
1180,368,107,142,617,"[368, 107, 142]",gelu,model_4,Int8WeightOnlyConfig,int8,8.0,False,True,pytorch_quantized_p99_latency,0.00044097568839788435,pytorch,p99_latency,False,2.0
1181,368,107,142,617,"[368, 107, 142]",gelu,model_4,Float8WeightOnlyConfig,float8,8.0,False,True,pytorch_quantized_p99_latency,0.0006008311733603477,pytorch,p99_latency,False,2.0
1182,368,107,142,617,"[368, 107, 142]",gelu,model_4,Int8WeightOnlyConfig,int8,8.0,False,True,pytorch_relative_model_size,0.25,pytorch,model_size,True,2.0
1183,368,107,142,617,"[368, 107, 142]",gelu,model_4,Float8WeightOnlyConfig,float8,8.0,False,True,pytorch_relative_model_size,0.25,pytorch,model_size,True,2.0
1184,368,107,142,617,"[368, 107, 142]",gelu,model_4,Int8WeightOnlyConfig,int8,8.0,False,True,pytorch_relative_median_latency,2.740379780177678,pytorch,median_latency,True,2.0
1185,368,107,142,617,"[368, 107, 142]",gelu,model_4,Float8WeightOnlyConfig,float8,8.0,False,True,pytorch_relative_median_latency,3.372297119321855,pytorch,median_latency,True,2.0
1186,368,107,142,617,"[368, 107, 142]",gelu,model_4,Int8WeightOnlyConfig,int8,8.0,False,True,pytorch_relative_p95_latency,2.642359072638239,pytorch,p95_latency,True,2.0
1187,368,107,142,617,"[368, 107, 142]",gelu,model_4,Float8WeightOnlyConfig,float8,8.0,False,True,pytorch_relative_p95_latency,3.548618562080918,pytorch,p95_latency,True,2.0
1188,368,107,142,617,"[368, 107, 142]",gelu,model_4,Int8WeightOnlyConfig,int8,8.0,False,True,pytorch_relative_p99_latency,2.6267212868844023,pytorch,p99_latency,True,2.0
1189,368,107,142,617,"[368, 107, 142]",gelu,model_4,Float8WeightOnlyConfig,float8,8.0,False,True,pytorch_relative_p99_latency,3.578918462882158,pytorch,p99_latency,True,2.0
1190,368,107,142,617,"[368, 107, 142]",gelu,model_4,Int8WeightOnlyConfig,int8,8.0,False,True,onnx_quantized_model_size,47745.0,onnx,model_size,False,2.0
1191,368,107,142,617,"[368, 107, 142]",gelu,model_4,Float8WeightOnlyConfig,float8,8.0,False,True,onnx_quantized_model_size,,onnx,model_size,False,2.0
1192,368,107,142,617,"[368, 107, 142]",gelu,model_4,Int8WeightOnlyConfig,int8,8.0,False,True,onnx_quantized_median_latency,0.00044300220906734467,onnx,median_latency,False,2.0
1193,368,107,142,617,"[368, 107, 142]",gelu,model_4,Float8WeightOnlyConfig,float8,8.0,False,True,onnx_quantized_median_latency,,onnx,median_latency,False,2.0
1194,368,107,142,617,"[368, 107, 142]",gelu,model_4,Int8WeightOnlyConfig,int8,8.0,False,True,onnx_quantized_p95_latency,0.00047821272164583206,onnx,p95_latency,False,2.0
1195,368,107,142,617,"[368, 107, 142]",gelu,model_4,Float8WeightOnlyConfig,float8,8.0,False,True,onnx_quantized_p95_latency,,onnx,p95_latency,False,2.0
1196,368,107,142,617,"[368, 107, 142]",gelu,model_4,Int8WeightOnlyConfig,int8,8.0,False,True,onnx_quantized_p99_latency,0.013468261547386647,onnx,p99_latency,False,2.0
1197,368,107,142,617,"[368, 107, 142]",gelu,model_4,Float8WeightOnlyConfig,float8,8.0,False,True,onnx_quantized_p99_latency,,onnx,p99_latency,False,2.0
1198,368,107,142,617,"[368, 107, 142]",gelu,model_4,Int8WeightOnlyConfig,int8,8.0,False,True,onnx_relative_model_size,1.6766750948166877,onnx,model_size,True,2.0
1199,368,107,142,617,"[368, 107, 142]",gelu,model_4,Float8WeightOnlyConfig,float8,8.0,False,True,onnx_relative_model_size,,onnx,model_size,True,2.0
1200,368,107,142,617,"[368, 107, 142]",gelu,model_4,Int8WeightOnlyConfig,int8,8.0,False,True,onnx_relative_median_latency,1.2922935650208378,onnx,median_latency,True,2.0
1201,368,107,142,617,"[368, 107, 142]",gelu,model_4,Float8WeightOnlyConfig,float8,8.0,False,True,onnx_relative_median_latency,,onnx,median_latency,True,2.0
1202,368,107,142,617,"[368, 107, 142]",gelu,model_4,Int8WeightOnlyConfig,int8,8.0,False,True,onnx_relative_p95_latency,1.3457144609326968,onnx,p95_latency,True,2.0
1203,368,107,142,617,"[368, 107, 142]",gelu,model_4,Float8WeightOnlyConfig,float8,8.0,False,True,onnx_relative_p95_latency,,onnx,p95_latency,True,2.0
1204,368,107,142,617,"[368, 107, 142]",gelu,model_4,Int8WeightOnlyConfig,int8,8.0,False,True,onnx_relative_p99_latency,37.26366263066885,onnx,p99_latency,True,2.0
1205,368,107,142,617,"[368, 107, 142]",gelu,model_4,Float8WeightOnlyConfig,float8,8.0,False,True,onnx_relative_p99_latency,,onnx,p99_latency,True,2.0
1206,368,107,142,617,"[368, 107, 142]",gelu,model_4,Int8WeightOnlyConfig,int8,8.0,False,True,pt2_quantized_model_size,230817.0,pt2,model_size,False,2.0
1207,368,107,142,617,"[368, 107, 142]",gelu,model_4,Float8WeightOnlyConfig,float8,8.0,False,True,pt2_quantized_model_size,210017.0,pt2,model_size,False,2.0
1208,368,107,142,617,"[368, 107, 142]",gelu,model_4,Int8WeightOnlyConfig,int8,8.0,False,True,pt2_quantized_median_latency,0.0008847247809171677,pt2,median_latency,False,2.0
1209,368,107,142,617,"[368, 107, 142]",gelu,model_4,Float8WeightOnlyConfig,float8,8.0,False,True,pt2_quantized_median_latency,0.0007250010967254639,pt2,median_latency,False,2.0
1210,368,107,142,617,"[368, 107, 142]",gelu,model_4,Int8WeightOnlyConfig,int8,8.0,False,True,pt2_quantized_p95_latency,0.0009255919605493544,pt2,p95_latency,False,2.0
1211,368,107,142,617,"[368, 107, 142]",gelu,model_4,Float8WeightOnlyConfig,float8,8.0,False,True,pt2_quantized_p95_latency,0.0007423175498843192,pt2,p95_latency,False,2.0
1212,368,107,142,617,"[368, 107, 142]",gelu,model_4,Int8WeightOnlyConfig,int8,8.0,False,True,pt2_quantized_p99_latency,0.0010199811309576034,pt2,p99_latency,False,2.0
1213,368,107,142,617,"[368, 107, 142]",gelu,model_4,Float8WeightOnlyConfig,float8,8.0,False,True,pt2_quantized_p99_latency,0.002417941391468047,pt2,p99_latency,False,2.0
1214,368,107,142,617,"[368, 107, 142]",gelu,model_4,Int8WeightOnlyConfig,int8,8.0,False,True,pt2_relative_model_size,0.570153618899645,pt2,model_size,True,2.0
1215,368,107,142,617,"[368, 107, 142]",gelu,model_4,Float8WeightOnlyConfig,float8,8.0,False,True,pt2_relative_model_size,0.5187744082127692,pt2,model_size,True,2.0
1216,368,107,142,617,"[368, 107, 142]",gelu,model_4,Int8WeightOnlyConfig,int8,8.0,False,True,pt2_relative_median_latency,1.4106757824333396,pt2,median_latency,True,2.0
1217,368,107,142,617,"[368, 107, 142]",gelu,model_4,Float8WeightOnlyConfig,float8,8.0,False,True,pt2_relative_median_latency,1.155999596086794,pt2,median_latency,True,2.0
1218,368,107,142,617,"[368, 107, 142]",gelu,model_4,Int8WeightOnlyConfig,int8,8.0,False,True,pt2_relative_p95_latency,1.4163858636012527,pt2,p95_latency,True,2.0
1219,368,107,142,617,"[368, 107, 142]",gelu,model_4,Float8WeightOnlyConfig,float8,8.0,False,True,pt2_relative_p95_latency,1.1359304410285058,pt2,p95_latency,True,2.0
1220,368,107,142,617,"[368, 107, 142]",gelu,model_4,Int8WeightOnlyConfig,int8,8.0,False,True,pt2_relative_p99_latency,1.3342455418484955,pt2,p99_latency,True,2.0
1221,368,107,142,617,"[368, 107, 142]",gelu,model_4,Float8WeightOnlyConfig,float8,8.0,False,True,pt2_relative_p99_latency,3.162928630834924,pt2,p99_latency,True,2.0
1222,368,107,142,617,"[368, 107, 142]",gelu,model_4,Int8WeightOnlyConfig,int8,8.0,False,True,pytorch_quantized_MAE,8.5494663242114,pytorch,MAE,False,3.0
1223,368,107,142,617,"[368, 107, 142]",gelu,model_4,Float8WeightOnlyConfig,float8,8.0,False,True,pytorch_quantized_MAE,8.548181671975136,pytorch,MAE,False,3.0
1224,368,107,142,617,"[368, 107, 142]",gelu,model_4,Int8WeightOnlyConfig,int8,8.0,False,True,pytorch_relative_MAE,1.0009205639824763,pytorch,MAE,True,3.0
1225,368,107,142,617,"[368, 107, 142]",gelu,model_4,Float8WeightOnlyConfig,float8,8.0,False,True,pytorch_relative_MAE,1.000770164554947,pytorch,MAE,True,3.0
1226,368,107,142,617,"[368, 107, 142]",gelu,model_4,Int8WeightOnlyConfig,int8,8.0,False,True,pytorch_quantized_model_size,85138.0,pytorch,model_size,False,3.0
1227,368,107,142,617,"[368, 107, 142]",gelu,model_4,Float8WeightOnlyConfig,float8,8.0,False,True,pytorch_quantized_model_size,85138.0,pytorch,model_size,False,3.0
1228,368,107,142,617,"[368, 107, 142]",gelu,model_4,Int8WeightOnlyConfig,int8,8.0,False,True,pytorch_quantized_median_latency,0.0004600789397954941,pytorch,median_latency,False,3.0
1229,368,107,142,617,"[368, 107, 142]",gelu,model_4,Float8WeightOnlyConfig,float8,8.0,False,True,pytorch_quantized_median_latency,0.0005032438784837723,pytorch,median_latency,False,3.0
1230,368,107,142,617,"[368, 107, 142]",gelu,model_4,Int8WeightOnlyConfig,int8,8.0,False,True,pytorch_quantized_p95_latency,0.0004710739478468895,pytorch,p95_latency,False,3.0
1231,368,107,142,617,"[368, 107, 142]",gelu,model_4,Float8WeightOnlyConfig,float8,8.0,False,True,pytorch_quantized_p95_latency,0.0005120765417814255,pytorch,p95_latency,False,3.0
1232,368,107,142,617,"[368, 107, 142]",gelu,model_4,Int8WeightOnlyConfig,int8,8.0,False,True,pytorch_quantized_p99_latency,0.0004747888818383217,pytorch,p99_latency,False,3.0
1233,368,107,142,617,"[368, 107, 142]",gelu,model_4,Float8WeightOnlyConfig,float8,8.0,False,True,pytorch_quantized_p99_latency,0.0005563659220933914,pytorch,p99_latency,False,3.0
1234,368,107,142,617,"[368, 107, 142]",gelu,model_4,Int8WeightOnlyConfig,int8,8.0,False,True,pytorch_relative_model_size,0.25,pytorch,model_size,True,3.0
1235,368,107,142,617,"[368, 107, 142]",gelu,model_4,Float8WeightOnlyConfig,float8,8.0,False,True,pytorch_relative_model_size,0.25,pytorch,model_size,True,3.0
1236,368,107,142,617,"[368, 107, 142]",gelu,model_4,Int8WeightOnlyConfig,int8,8.0,False,True,pytorch_relative_median_latency,2.742101289993117,pytorch,median_latency,True,3.0
1237,368,107,142,617,"[368, 107, 142]",gelu,model_4,Float8WeightOnlyConfig,float8,8.0,False,True,pytorch_relative_median_latency,2.9993672150802637,pytorch,median_latency,True,3.0
1238,368,107,142,617,"[368, 107, 142]",gelu,model_4,Int8WeightOnlyConfig,int8,8.0,False,True,pytorch_relative_p95_latency,2.6379702392997286,pytorch,p95_latency,True,3.0
1239,368,107,142,617,"[368, 107, 142]",gelu,model_4,Float8WeightOnlyConfig,float8,8.0,False,True,pytorch_relative_p95_latency,2.867580946976888,pytorch,p95_latency,True,3.0
1240,368,107,142,617,"[368, 107, 142]",gelu,model_4,Int8WeightOnlyConfig,int8,8.0,False,True,pytorch_relative_p99_latency,2.6073458931748594,pytorch,p99_latency,True,3.0
1241,368,107,142,617,"[368, 107, 142]",gelu,model_4,Float8WeightOnlyConfig,float8,8.0,False,True,pytorch_relative_p99_latency,3.0553335546863734,pytorch,p99_latency,True,3.0
1242,368,107,142,617,"[368, 107, 142]",gelu,model_4,Int8WeightOnlyConfig,int8,8.0,False,True,onnx_quantized_model_size,47745.0,onnx,model_size,False,3.0
1243,368,107,142,617,"[368, 107, 142]",gelu,model_4,Float8WeightOnlyConfig,float8,8.0,False,True,onnx_quantized_model_size,,onnx,model_size,False,3.0
1244,368,107,142,617,"[368, 107, 142]",gelu,model_4,Int8WeightOnlyConfig,int8,8.0,False,True,onnx_quantized_median_latency,0.00044713541865348816,onnx,median_latency,False,3.0
1245,368,107,142,617,"[368, 107, 142]",gelu,model_4,Float8WeightOnlyConfig,float8,8.0,False,True,onnx_quantized_median_latency,,onnx,median_latency,False,3.0
1246,368,107,142,617,"[368, 107, 142]",gelu,model_4,Int8WeightOnlyConfig,int8,8.0,False,True,onnx_quantized_p95_latency,0.0004791300743818283,onnx,p95_latency,False,3.0
1247,368,107,142,617,"[368, 107, 142]",gelu,model_4,Float8WeightOnlyConfig,float8,8.0,False,True,onnx_quantized_p95_latency,,onnx,p95_latency,False,3.0
1248,368,107,142,617,"[368, 107, 142]",gelu,model_4,Int8WeightOnlyConfig,int8,8.0,False,True,onnx_quantized_p99_latency,0.0004811023548245429,onnx,p99_latency,False,3.0
1249,368,107,142,617,"[368, 107, 142]",gelu,model_4,Float8WeightOnlyConfig,float8,8.0,False,True,onnx_quantized_p99_latency,,onnx,p99_latency,False,3.0
1250,368,107,142,617,"[368, 107, 142]",gelu,model_4,Int8WeightOnlyConfig,int8,8.0,False,True,onnx_relative_model_size,1.6766750948166877,onnx,model_size,True,3.0
1251,368,107,142,617,"[368, 107, 142]",gelu,model_4,Float8WeightOnlyConfig,float8,8.0,False,True,onnx_relative_model_size,,onnx,model_size,True,3.0
1252,368,107,142,617,"[368, 107, 142]",gelu,model_4,Int8WeightOnlyConfig,int8,8.0,False,True,onnx_relative_median_latency,1.309923714107979,onnx,median_latency,True,3.0
1253,368,107,142,617,"[368, 107, 142]",gelu,model_4,Float8WeightOnlyConfig,float8,8.0,False,True,onnx_relative_median_latency,,onnx,median_latency,True,3.0
1254,368,107,142,617,"[368, 107, 142]",gelu,model_4,Int8WeightOnlyConfig,int8,8.0,False,True,onnx_relative_p95_latency,1.349860307344832,onnx,p95_latency,True,3.0
1255,368,107,142,617,"[368, 107, 142]",gelu,model_4,Float8WeightOnlyConfig,float8,8.0,False,True,onnx_relative_p95_latency,,onnx,p95_latency,True,3.0
1256,368,107,142,617,"[368, 107, 142]",gelu,model_4,Int8WeightOnlyConfig,int8,8.0,False,True,onnx_relative_p99_latency,1.3382321564890536,onnx,p99_latency,True,3.0
1257,368,107,142,617,"[368, 107, 142]",gelu,model_4,Float8WeightOnlyConfig,float8,8.0,False,True,onnx_relative_p99_latency,,onnx,p99_latency,True,3.0
1258,368,107,142,617,"[368, 107, 142]",gelu,model_4,Int8WeightOnlyConfig,int8,8.0,False,True,pt2_quantized_model_size,230817.0,pt2,model_size,False,3.0
1259,368,107,142,617,"[368, 107, 142]",gelu,model_4,Float8WeightOnlyConfig,float8,8.0,False,True,pt2_quantized_model_size,210017.0,pt2,model_size,False,3.0
1260,368,107,142,617,"[368, 107, 142]",gelu,model_4,Int8WeightOnlyConfig,int8,8.0,False,True,pt2_quantized_median_latency,0.0008699949830770493,pt2,median_latency,False,3.0
1261,368,107,142,617,"[368, 107, 142]",gelu,model_4,Float8WeightOnlyConfig,float8,8.0,False,True,pt2_quantized_median_latency,0.0007097460329532623,pt2,median_latency,False,3.0
1262,368,107,142,617,"[368, 107, 142]",gelu,model_4,Int8WeightOnlyConfig,int8,8.0,False,True,pt2_quantized_p95_latency,0.0008799668401479721,pt2,p95_latency,False,3.0
1263,368,107,142,617,"[368, 107, 142]",gelu,model_4,Float8WeightOnlyConfig,float8,8.0,False,True,pt2_quantized_p95_latency,0.0007286129519343376,pt2,p95_latency,False,3.0
1264,368,107,142,617,"[368, 107, 142]",gelu,model_4,Int8WeightOnlyConfig,int8,8.0,False,True,pt2_quantized_p99_latency,0.0009985532984137535,pt2,p99_latency,False,3.0
1265,368,107,142,617,"[368, 107, 142]",gelu,model_4,Float8WeightOnlyConfig,float8,8.0,False,True,pt2_quantized_p99_latency,0.000844428613781929,pt2,p99_latency,False,3.0
1266,368,107,142,617,"[368, 107, 142]",gelu,model_4,Int8WeightOnlyConfig,int8,8.0,False,True,pt2_relative_model_size,0.570153618899645,pt2,model_size,True,3.0
1267,368,107,142,617,"[368, 107, 142]",gelu,model_4,Float8WeightOnlyConfig,float8,8.0,False,True,pt2_relative_model_size,0.5187744082127692,pt2,model_size,True,3.0
1268,368,107,142,617,"[368, 107, 142]",gelu,model_4,Int8WeightOnlyConfig,int8,8.0,False,True,pt2_relative_median_latency,1.4359035055628484,pt2,median_latency,True,3.0
1269,368,107,142,617,"[368, 107, 142]",gelu,model_4,Float8WeightOnlyConfig,float8,8.0,False,True,pt2_relative_median_latency,1.171416889293323,pt2,median_latency,True,3.0
1270,368,107,142,617,"[368, 107, 142]",gelu,model_4,Int8WeightOnlyConfig,int8,8.0,False,True,pt2_relative_p95_latency,1.4115800522707165,pt2,p95_latency,True,3.0
1271,368,107,142,617,"[368, 107, 142]",gelu,model_4,Float8WeightOnlyConfig,float8,8.0,False,True,pt2_relative_p95_latency,1.1687889382327692,pt2,p95_latency,True,3.0
1272,368,107,142,617,"[368, 107, 142]",gelu,model_4,Int8WeightOnlyConfig,int8,8.0,False,True,pt2_relative_p99_latency,1.287943065239524,pt2,p99_latency,True,3.0
1273,368,107,142,617,"[368, 107, 142]",gelu,model_4,Float8WeightOnlyConfig,float8,8.0,False,True,pt2_relative_p99_latency,1.0891516546366857,pt2,p99_latency,True,3.0
1274,179,64,166,409,"[179, 64, 166]",celu,model_40,,,,,,,,,,,
1275,148,329,32,509,"[148, 329, 32]",relu,model_41,,,,,,,,,,,
1276,806,189,144,1139,"[806, 189, 144]",celu,model_42,,,,,,,,,,,
1277,460,448,76,984,"[460, 448, 76]",elu,model_43,,,,,,,,,,,
1278,278,70,189,537,"[278, 70, 189]",relu,model_44,,,,,,,,,,,
1279,437,340,118,895,"[437, 340, 118]",elu,model_45,,,,,,,,,,,
1280,619,64,32,715,"[619, 64, 32]",relu,model_46,,,,,,,,,,,
1281,749,227,214,1190,"[749, 227, 214]",celu,model_47,,,,,,,,,,,
1282,128,151,102,381,"[128, 151, 102]",relu,model_48,,,,,,,,,,,
1283,128,251,149,528,"[128, 251, 149]",elu,model_49,,,,,,,,,,,
1284,317,377,213,907,"[317, 377, 213]",celu,model_5,Int8WeightOnlyConfig,int8,8.0,False,True,pytorch_quantized_MAE,8.889595763815649,pytorch,MAE,False,1.0
1285,317,377,213,907,"[317, 377, 213]",celu,model_5,Float8WeightOnlyConfig,float8,8.0,False,True,pytorch_quantized_MAE,8.899668728531472,pytorch,MAE,False,1.0
1286,317,377,213,907,"[317, 377, 213]",celu,model_5,Int8WeightOnlyConfig,int8,8.0,False,True,pytorch_relative_MAE,1.000155533717347,pytorch,MAE,True,1.0
1287,317,377,213,907,"[317, 377, 213]",celu,model_5,Float8WeightOnlyConfig,float8,8.0,False,True,pytorch_relative_MAE,1.0012888283765344,pytorch,MAE,True,1.0
1288,317,377,213,907,"[317, 377, 213]",celu,model_5,Int8WeightOnlyConfig,int8,8.0,False,True,pytorch_quantized_model_size,226608.0,pytorch,model_size,False,1.0
1289,317,377,213,907,"[317, 377, 213]",celu,model_5,Float8WeightOnlyConfig,float8,8.0,False,True,pytorch_quantized_model_size,226608.0,pytorch,model_size,False,1.0
1290,317,377,213,907,"[317, 377, 213]",celu,model_5,Int8WeightOnlyConfig,int8,8.0,False,True,pytorch_quantized_median_latency,0.0004215296357870102,pytorch,median_latency,False,1.0
1291,317,377,213,907,"[317, 377, 213]",celu,model_5,Float8WeightOnlyConfig,float8,8.0,False,True,pytorch_quantized_median_latency,0.0005295258015394211,pytorch,median_latency,False,1.0
1292,317,377,213,907,"[317, 377, 213]",celu,model_5,Int8WeightOnlyConfig,int8,8.0,False,True,pytorch_quantized_p95_latency,0.0004328569397330284,pytorch,p95_latency,False,1.0
1293,317,377,213,907,"[317, 377, 213]",celu,model_5,Float8WeightOnlyConfig,float8,8.0,False,True,pytorch_quantized_p95_latency,0.0005375536158680916,pytorch,p95_latency,False,1.0
1294,317,377,213,907,"[317, 377, 213]",celu,model_5,Int8WeightOnlyConfig,int8,8.0,False,True,pytorch_quantized_p99_latency,0.00043622102588415147,pytorch,p99_latency,False,1.0
1295,317,377,213,907,"[317, 377, 213]",celu,model_5,Float8WeightOnlyConfig,float8,8.0,False,True,pytorch_quantized_p99_latency,0.0005408646538853645,pytorch,p99_latency,False,1.0
1296,317,377,213,907,"[317, 377, 213]",celu,model_5,Int8WeightOnlyConfig,int8,8.0,False,True,pytorch_relative_model_size,0.25,pytorch,model_size,True,1.0
1297,317,377,213,907,"[317, 377, 213]",celu,model_5,Float8WeightOnlyConfig,float8,8.0,False,True,pytorch_relative_model_size,0.25,pytorch,model_size,True,1.0
1298,317,377,213,907,"[317, 377, 213]",celu,model_5,Int8WeightOnlyConfig,int8,8.0,False,True,pytorch_relative_median_latency,2.270722334266478,pytorch,median_latency,True,1.0
1299,317,377,213,907,"[317, 377, 213]",celu,model_5,Float8WeightOnlyConfig,float8,8.0,False,True,pytorch_relative_median_latency,2.852482867262675,pytorch,median_latency,True,1.0
1300,317,377,213,907,"[317, 377, 213]",celu,model_5,Int8WeightOnlyConfig,int8,8.0,False,True,pytorch_relative_p95_latency,2.181592962224811,pytorch,p95_latency,True,1.0
1301,317,377,213,907,"[317, 377, 213]",celu,model_5,Float8WeightOnlyConfig,float8,8.0,False,True,pytorch_relative_p95_latency,2.7092627553103905,pytorch,p95_latency,True,1.0
1302,317,377,213,907,"[317, 377, 213]",celu,model_5,Int8WeightOnlyConfig,int8,8.0,False,True,pytorch_relative_p99_latency,2.0004214481758833,pytorch,p99_latency,True,1.0
1303,317,377,213,907,"[317, 377, 213]",celu,model_5,Float8WeightOnlyConfig,float8,8.0,False,True,pytorch_relative_p99_latency,2.4802959738117885,pytorch,p99_latency,True,1.0
1304,317,377,213,907,"[317, 377, 213]",celu,model_5,Int8WeightOnlyConfig,int8,8.0,False,True,onnx_quantized_model_size,32824.0,onnx,model_size,False,1.0
1305,317,377,213,907,"[317, 377, 213]",celu,model_5,Float8WeightOnlyConfig,float8,8.0,False,True,onnx_quantized_model_size,,onnx,model_size,False,1.0
1306,317,377,213,907,"[317, 377, 213]",celu,model_5,Int8WeightOnlyConfig,int8,8.0,False,True,onnx_quantized_median_latency,0.0009284894913434982,onnx,median_latency,False,1.0
1307,317,377,213,907,"[317, 377, 213]",celu,model_5,Float8WeightOnlyConfig,float8,8.0,False,True,onnx_quantized_median_latency,,onnx,median_latency,False,1.0
1308,317,377,213,907,"[317, 377, 213]",celu,model_5,Int8WeightOnlyConfig,int8,8.0,False,True,onnx_quantized_p95_latency,0.0009434420615434646,onnx,p95_latency,False,1.0
1309,317,377,213,907,"[317, 377, 213]",celu,model_5,Float8WeightOnlyConfig,float8,8.0,False,True,onnx_quantized_p95_latency,,onnx,p95_latency,False,1.0
1310,317,377,213,907,"[317, 377, 213]",celu,model_5,Int8WeightOnlyConfig,int8,8.0,False,True,onnx_quantized_p99_latency,0.0009537973254919052,onnx,p99_latency,False,1.0
1311,317,377,213,907,"[317, 377, 213]",celu,model_5,Float8WeightOnlyConfig,float8,8.0,False,True,onnx_quantized_p99_latency,,onnx,p99_latency,False,1.0
1312,317,377,213,907,"[317, 377, 213]",celu,model_5,Int8WeightOnlyConfig,int8,8.0,False,True,onnx_relative_model_size,2.419935122382778,onnx,model_size,True,1.0
1313,317,377,213,907,"[317, 377, 213]",celu,model_5,Float8WeightOnlyConfig,float8,8.0,False,True,onnx_relative_model_size,,onnx,model_size,True,1.0
1314,317,377,213,907,"[317, 377, 213]",celu,model_5,Int8WeightOnlyConfig,int8,8.0,False,True,onnx_relative_median_latency,1.1024394019815995,onnx,median_latency,True,1.0
1315,317,377,213,907,"[317, 377, 213]",celu,model_5,Float8WeightOnlyConfig,float8,8.0,False,True,onnx_relative_median_latency,,onnx,median_latency,True,1.0
1316,317,377,213,907,"[317, 377, 213]",celu,model_5,Int8WeightOnlyConfig,int8,8.0,False,True,onnx_relative_p95_latency,1.1054765884280262,onnx,p95_latency,True,1.0
1317,317,377,213,907,"[317, 377, 213]",celu,model_5,Float8WeightOnlyConfig,float8,8.0,False,True,onnx_relative_p95_latency,,onnx,p95_latency,True,1.0
1318,317,377,213,907,"[317, 377, 213]",celu,model_5,Int8WeightOnlyConfig,int8,8.0,False,True,onnx_relative_p99_latency,1.1082939737707573,onnx,p99_latency,True,1.0
1319,317,377,213,907,"[317, 377, 213]",celu,model_5,Float8WeightOnlyConfig,float8,8.0,False,True,onnx_relative_p99_latency,,onnx,p99_latency,True,1.0
1320,317,377,213,907,"[317, 377, 213]",celu,model_5,Int8WeightOnlyConfig,int8,8.0,False,True,pt2_quantized_model_size,374241.0,pt2,model_size,False,1.0
1321,317,377,213,907,"[317, 377, 213]",celu,model_5,Float8WeightOnlyConfig,float8,8.0,False,True,pt2_quantized_model_size,353441.0,pt2,model_size,False,1.0
1322,317,377,213,907,"[317, 377, 213]",celu,model_5,Int8WeightOnlyConfig,int8,8.0,False,True,pt2_quantized_median_latency,0.0009027272462844849,pt2,median_latency,False,1.0
1323,317,377,213,907,"[317, 377, 213]",celu,model_5,Float8WeightOnlyConfig,float8,8.0,False,True,pt2_quantized_median_latency,0.0007300619035959244,pt2,median_latency,False,1.0
1324,317,377,213,907,"[317, 377, 213]",celu,model_5,Int8WeightOnlyConfig,int8,8.0,False,True,pt2_quantized_p95_latency,0.0009267225861549378,pt2,p95_latency,False,1.0
1325,317,377,213,907,"[317, 377, 213]",celu,model_5,Float8WeightOnlyConfig,float8,8.0,False,True,pt2_quantized_p95_latency,0.0007403142750263214,pt2,p95_latency,False,1.0
1326,317,377,213,907,"[317, 377, 213]",celu,model_5,Int8WeightOnlyConfig,int8,8.0,False,True,pt2_quantized_p99_latency,0.00103615153580904,pt2,p99_latency,False,1.0
1327,317,377,213,907,"[317, 377, 213]",celu,model_5,Float8WeightOnlyConfig,float8,8.0,False,True,pt2_quantized_p99_latency,0.0008654583618044853,pt2,p99_latency,False,1.0
1328,317,377,213,907,"[317, 377, 213]",celu,model_5,Int8WeightOnlyConfig,int8,8.0,False,True,pt2_relative_model_size,0.3855543204242075,pt2,model_size,True,1.0
1329,317,377,213,907,"[317, 377, 213]",celu,model_5,Float8WeightOnlyConfig,float8,8.0,False,True,pt2_relative_model_size,0.3641255355908421,pt2,model_size,True,1.0
1330,317,377,213,907,"[317, 377, 213]",celu,model_5,Int8WeightOnlyConfig,int8,8.0,False,True,pt2_relative_median_latency,1.0055813992090596,pt2,median_latency,True,1.0
1331,317,377,213,907,"[317, 377, 213]",celu,model_5,Float8WeightOnlyConfig,float8,8.0,False,True,pt2_relative_median_latency,0.813243062673511,pt2,median_latency,True,1.0
1332,317,377,213,907,"[317, 377, 213]",celu,model_5,Int8WeightOnlyConfig,int8,8.0,False,True,pt2_relative_p95_latency,1.0199245199472746,pt2,p95_latency,True,1.0
1333,317,377,213,907,"[317, 377, 213]",celu,model_5,Float8WeightOnlyConfig,float8,8.0,False,True,pt2_relative_p95_latency,0.8147688346511252,pt2,p95_latency,True,1.0
1334,317,377,213,907,"[317, 377, 213]",celu,model_5,Int8WeightOnlyConfig,int8,8.0,False,True,pt2_relative_p99_latency,0.9789564002283694,pt2,p99_latency,True,1.0
1335,317,377,213,907,"[317, 377, 213]",celu,model_5,Float8WeightOnlyConfig,float8,8.0,False,True,pt2_relative_p99_latency,0.8176854187241255,pt2,p99_latency,True,1.0
1336,317,377,213,907,"[317, 377, 213]",celu,model_5,Int8WeightOnlyConfig,int8,8.0,False,True,pytorch_quantized_MAE,8.966942615814066,pytorch,MAE,False,2.0
1337,317,377,213,907,"[317, 377, 213]",celu,model_5,Float8WeightOnlyConfig,float8,8.0,False,True,pytorch_quantized_MAE,8.988276168521798,pytorch,MAE,False,2.0
1338,317,377,213,907,"[317, 377, 213]",celu,model_5,Int8WeightOnlyConfig,int8,8.0,False,True,pytorch_relative_MAE,1.0003453760275955,pytorch,MAE,True,2.0
1339,317,377,213,907,"[317, 377, 213]",celu,model_5,Float8WeightOnlyConfig,float8,8.0,False,True,pytorch_relative_MAE,1.0027253311270945,pytorch,MAE,True,2.0
1340,317,377,213,907,"[317, 377, 213]",celu,model_5,Int8WeightOnlyConfig,int8,8.0,False,True,pytorch_quantized_model_size,226608.0,pytorch,model_size,False,2.0
1341,317,377,213,907,"[317, 377, 213]",celu,model_5,Float8WeightOnlyConfig,float8,8.0,False,True,pytorch_quantized_model_size,226608.0,pytorch,model_size,False,2.0
1342,317,377,213,907,"[317, 377, 213]",celu,model_5,Int8WeightOnlyConfig,int8,8.0,False,True,pytorch_quantized_median_latency,0.0004184078425168991,pytorch,median_latency,False,2.0
1343,317,377,213,907,"[317, 377, 213]",celu,model_5,Float8WeightOnlyConfig,float8,8.0,False,True,pytorch_quantized_median_latency,0.0005135815590620041,pytorch,median_latency,False,2.0
1344,317,377,213,907,"[317, 377, 213]",celu,model_5,Int8WeightOnlyConfig,int8,8.0,False,True,pytorch_quantized_p95_latency,0.00042944587767124176,pytorch,p95_latency,False,2.0
1345,317,377,213,907,"[317, 377, 213]",celu,model_5,Float8WeightOnlyConfig,float8,8.0,False,True,pytorch_quantized_p95_latency,0.0005219344049692154,pytorch,p95_latency,False,2.0
1346,317,377,213,907,"[317, 377, 213]",celu,model_5,Int8WeightOnlyConfig,int8,8.0,False,True,pytorch_quantized_p99_latency,0.00043941132724285126,pytorch,p99_latency,False,2.0
1347,317,377,213,907,"[317, 377, 213]",celu,model_5,Float8WeightOnlyConfig,float8,8.0,False,True,pytorch_quantized_p99_latency,0.0005243250727653504,pytorch,p99_latency,False,2.0
1348,317,377,213,907,"[317, 377, 213]",celu,model_5,Int8WeightOnlyConfig,int8,8.0,False,True,pytorch_relative_model_size,0.25,pytorch,model_size,True,2.0
1349,317,377,213,907,"[317, 377, 213]",celu,model_5,Float8WeightOnlyConfig,float8,8.0,False,True,pytorch_relative_model_size,0.25,pytorch,model_size,True,2.0
1350,317,377,213,907,"[317, 377, 213]",celu,model_5,Int8WeightOnlyConfig,int8,8.0,False,True,pytorch_relative_median_latency,2.2378509235091353,pytorch,median_latency,True,2.0
1351,317,377,213,907,"[317, 377, 213]",celu,model_5,Float8WeightOnlyConfig,float8,8.0,False,True,pytorch_relative_median_latency,2.7468867680168962,pytorch,median_latency,True,2.0
1352,317,377,213,907,"[317, 377, 213]",celu,model_5,Int8WeightOnlyConfig,int8,8.0,False,True,pytorch_relative_p95_latency,2.1521939016023115,pytorch,p95_latency,True,2.0
1353,317,377,213,907,"[317, 377, 213]",celu,model_5,Float8WeightOnlyConfig,float8,8.0,False,True,pytorch_relative_p95_latency,2.6157057310749443,pytorch,p95_latency,True,2.0
1354,317,377,213,907,"[317, 377, 213]",celu,model_5,Int8WeightOnlyConfig,int8,8.0,False,True,pytorch_relative_p99_latency,1.7313534707336073,pytorch,p99_latency,True,2.0
1355,317,377,213,907,"[317, 377, 213]",celu,model_5,Float8WeightOnlyConfig,float8,8.0,False,True,pytorch_relative_p99_latency,2.065927704278837,pytorch,p99_latency,True,2.0
1356,317,377,213,907,"[317, 377, 213]",celu,model_5,Int8WeightOnlyConfig,int8,8.0,False,True,onnx_quantized_model_size,32824.0,onnx,model_size,False,2.0
1357,317,377,213,907,"[317, 377, 213]",celu,model_5,Float8WeightOnlyConfig,float8,8.0,False,True,onnx_quantized_model_size,,onnx,model_size,False,2.0
1358,317,377,213,907,"[317, 377, 213]",celu,model_5,Int8WeightOnlyConfig,int8,8.0,False,True,onnx_quantized_median_latency,0.0009288303554058075,onnx,median_latency,False,2.0
1359,317,377,213,907,"[317, 377, 213]",celu,model_5,Float8WeightOnlyConfig,float8,8.0,False,True,onnx_quantized_median_latency,,onnx,median_latency,False,2.0
1360,317,377,213,907,"[317, 377, 213]",celu,model_5,Int8WeightOnlyConfig,int8,8.0,False,True,onnx_quantized_p95_latency,0.0009457074105739593,onnx,p95_latency,False,2.0
1361,317,377,213,907,"[317, 377, 213]",celu,model_5,Float8WeightOnlyConfig,float8,8.0,False,True,onnx_quantized_p95_latency,,onnx,p95_latency,False,2.0
1362,317,377,213,907,"[317, 377, 213]",celu,model_5,Int8WeightOnlyConfig,int8,8.0,False,True,onnx_quantized_p99_latency,0.0009947114065289486,onnx,p99_latency,False,2.0
1363,317,377,213,907,"[317, 377, 213]",celu,model_5,Float8WeightOnlyConfig,float8,8.0,False,True,onnx_quantized_p99_latency,,onnx,p99_latency,False,2.0
1364,317,377,213,907,"[317, 377, 213]",celu,model_5,Int8WeightOnlyConfig,int8,8.0,False,True,onnx_relative_model_size,2.419935122382778,onnx,model_size,True,2.0
1365,317,377,213,907,"[317, 377, 213]",celu,model_5,Float8WeightOnlyConfig,float8,8.0,False,True,onnx_relative_model_size,,onnx,model_size,True,2.0
1366,317,377,213,907,"[317, 377, 213]",celu,model_5,Int8WeightOnlyConfig,int8,8.0,False,True,onnx_relative_median_latency,1.09017413071281,onnx,median_latency,True,2.0
1367,317,377,213,907,"[317, 377, 213]",celu,model_5,Float8WeightOnlyConfig,float8,8.0,False,True,onnx_relative_median_latency,,onnx,median_latency,True,2.0
1368,317,377,213,907,"[317, 377, 213]",celu,model_5,Int8WeightOnlyConfig,int8,8.0,False,True,onnx_relative_p95_latency,1.0312386067671973,onnx,p95_latency,True,2.0
1369,317,377,213,907,"[317, 377, 213]",celu,model_5,Float8WeightOnlyConfig,float8,8.0,False,True,onnx_relative_p95_latency,,onnx,p95_latency,True,2.0
1370,317,377,213,907,"[317, 377, 213]",celu,model_5,Int8WeightOnlyConfig,int8,8.0,False,True,onnx_relative_p99_latency,0.9587966629388313,onnx,p99_latency,True,2.0
1371,317,377,213,907,"[317, 377, 213]",celu,model_5,Float8WeightOnlyConfig,float8,8.0,False,True,onnx_relative_p99_latency,,onnx,p99_latency,True,2.0
1372,317,377,213,907,"[317, 377, 213]",celu,model_5,Int8WeightOnlyConfig,int8,8.0,False,True,pt2_quantized_model_size,374241.0,pt2,model_size,False,2.0
1373,317,377,213,907,"[317, 377, 213]",celu,model_5,Float8WeightOnlyConfig,float8,8.0,False,True,pt2_quantized_model_size,353441.0,pt2,model_size,False,2.0
1374,317,377,213,907,"[317, 377, 213]",celu,model_5,Int8WeightOnlyConfig,int8,8.0,False,True,pt2_quantized_median_latency,0.0008785761892795563,pt2,median_latency,False,2.0
1375,317,377,213,907,"[317, 377, 213]",celu,model_5,Float8WeightOnlyConfig,float8,8.0,False,True,pt2_quantized_median_latency,0.0007180143147706985,pt2,median_latency,False,2.0
1376,317,377,213,907,"[317, 377, 213]",celu,model_5,Int8WeightOnlyConfig,int8,8.0,False,True,pt2_quantized_p95_latency,0.0009014353156089782,pt2,p95_latency,False,2.0
1377,317,377,213,907,"[317, 377, 213]",celu,model_5,Float8WeightOnlyConfig,float8,8.0,False,True,pt2_quantized_p95_latency,0.0007280647754669189,pt2,p95_latency,False,2.0
1378,317,377,213,907,"[317, 377, 213]",celu,model_5,Int8WeightOnlyConfig,int8,8.0,False,True,pt2_quantized_p99_latency,0.0010057785362005234,pt2,p99_latency,False,2.0
1379,317,377,213,907,"[317, 377, 213]",celu,model_5,Float8WeightOnlyConfig,float8,8.0,False,True,pt2_quantized_p99_latency,0.0008473226055502891,pt2,p99_latency,False,2.0
1380,317,377,213,907,"[317, 377, 213]",celu,model_5,Int8WeightOnlyConfig,int8,8.0,False,True,pt2_relative_model_size,0.3855543204242075,pt2,model_size,True,2.0
1381,317,377,213,907,"[317, 377, 213]",celu,model_5,Float8WeightOnlyConfig,float8,8.0,False,True,pt2_relative_model_size,0.3641255355908421,pt2,model_size,True,2.0
1382,317,377,213,907,"[317, 377, 213]",celu,model_5,Int8WeightOnlyConfig,int8,8.0,False,True,pt2_relative_median_latency,0.9901090274016885,pt2,median_latency,True,2.0
1383,317,377,213,907,"[317, 377, 213]",celu,model_5,Float8WeightOnlyConfig,float8,8.0,False,True,pt2_relative_median_latency,0.8091642631939109,pt2,median_latency,True,2.0
1384,317,377,213,907,"[317, 377, 213]",celu,model_5,Int8WeightOnlyConfig,int8,8.0,False,True,pt2_relative_p95_latency,0.9876916715664735,pt2,p95_latency,True,2.0
1385,317,377,213,907,"[317, 377, 213]",celu,model_5,Float8WeightOnlyConfig,float8,8.0,False,True,pt2_relative_p95_latency,0.7977316870526524,pt2,p95_latency,True,2.0
1386,317,377,213,907,"[317, 377, 213]",celu,model_5,Int8WeightOnlyConfig,int8,8.0,False,True,pt2_relative_p99_latency,0.9613360669863682,pt2,p99_latency,True,2.0
1387,317,377,213,907,"[317, 377, 213]",celu,model_5,Float8WeightOnlyConfig,float8,8.0,False,True,pt2_relative_p99_latency,0.8098818495028578,pt2,p99_latency,True,2.0
1388,317,377,213,907,"[317, 377, 213]",celu,model_5,Int8WeightOnlyConfig,int8,8.0,False,True,pytorch_quantized_MAE,9.13510899799451,pytorch,MAE,False,3.0
1389,317,377,213,907,"[317, 377, 213]",celu,model_5,Float8WeightOnlyConfig,float8,8.0,False,True,pytorch_quantized_MAE,9.15220645319597,pytorch,MAE,False,3.0
1390,317,377,213,907,"[317, 377, 213]",celu,model_5,Int8WeightOnlyConfig,int8,8.0,False,True,pytorch_relative_MAE,1.0003548264152393,pytorch,MAE,True,3.0
1391,317,377,213,907,"[317, 377, 213]",celu,model_5,Float8WeightOnlyConfig,float8,8.0,False,True,pytorch_relative_MAE,1.0022271107890715,pytorch,MAE,True,3.0
1392,317,377,213,907,"[317, 377, 213]",celu,model_5,Int8WeightOnlyConfig,int8,8.0,False,True,pytorch_quantized_model_size,226608.0,pytorch,model_size,False,3.0
1393,317,377,213,907,"[317, 377, 213]",celu,model_5,Float8WeightOnlyConfig,float8,8.0,False,True,pytorch_quantized_model_size,226608.0,pytorch,model_size,False,3.0
1394,317,377,213,907,"[317, 377, 213]",celu,model_5,Int8WeightOnlyConfig,int8,8.0,False,True,pytorch_quantized_median_latency,0.0004279874265193939,pytorch,median_latency,False,3.0
1395,317,377,213,907,"[317, 377, 213]",celu,model_5,Float8WeightOnlyConfig,float8,8.0,False,True,pytorch_quantized_median_latency,0.0005834754556417465,pytorch,median_latency,False,3.0
1396,317,377,213,907,"[317, 377, 213]",celu,model_5,Int8WeightOnlyConfig,int8,8.0,False,True,pytorch_quantized_p95_latency,0.0004395201802253723,pytorch,p95_latency,False,3.0
1397,317,377,213,907,"[317, 377, 213]",celu,model_5,Float8WeightOnlyConfig,float8,8.0,False,True,pytorch_quantized_p95_latency,0.0005900563672184944,pytorch,p95_latency,False,3.0
1398,317,377,213,907,"[317, 377, 213]",celu,model_5,Int8WeightOnlyConfig,int8,8.0,False,True,pytorch_quantized_p99_latency,0.00044244937598705294,pytorch,p99_latency,False,3.0
1399,317,377,213,907,"[317, 377, 213]",celu,model_5,Float8WeightOnlyConfig,float8,8.0,False,True,pytorch_quantized_p99_latency,0.0005938958004117012,pytorch,p99_latency,False,3.0
1400,317,377,213,907,"[317, 377, 213]",celu,model_5,Int8WeightOnlyConfig,int8,8.0,False,True,pytorch_relative_model_size,0.25,pytorch,model_size,True,3.0
1401,317,377,213,907,"[317, 377, 213]",celu,model_5,Float8WeightOnlyConfig,float8,8.0,False,True,pytorch_relative_model_size,0.25,pytorch,model_size,True,3.0
1402,317,377,213,907,"[317, 377, 213]",celu,model_5,Int8WeightOnlyConfig,int8,8.0,False,True,pytorch_relative_median_latency,2.3089383510023613,pytorch,median_latency,True,3.0
1403,317,377,213,907,"[317, 377, 213]",celu,model_5,Float8WeightOnlyConfig,float8,8.0,False,True,pytorch_relative_median_latency,3.1477767170778272,pytorch,median_latency,True,3.0
1404,317,377,213,907,"[317, 377, 213]",celu,model_5,Int8WeightOnlyConfig,int8,8.0,False,True,pytorch_relative_p95_latency,2.2233072370720808,pytorch,p95_latency,True,3.0
1405,317,377,213,907,"[317, 377, 213]",celu,model_5,Float8WeightOnlyConfig,float8,8.0,False,True,pytorch_relative_p95_latency,2.9847926228202994,pytorch,p95_latency,True,3.0
1406,317,377,213,907,"[317, 377, 213]",celu,model_5,Int8WeightOnlyConfig,int8,8.0,False,True,pytorch_relative_p99_latency,2.1539120267981557,pytorch,p99_latency,True,3.0
1407,317,377,213,907,"[317, 377, 213]",celu,model_5,Float8WeightOnlyConfig,float8,8.0,False,True,pytorch_relative_p99_latency,2.891176655674869,pytorch,p99_latency,True,3.0
1408,317,377,213,907,"[317, 377, 213]",celu,model_5,Int8WeightOnlyConfig,int8,8.0,False,True,onnx_quantized_model_size,32824.0,onnx,model_size,False,3.0
1409,317,377,213,907,"[317, 377, 213]",celu,model_5,Float8WeightOnlyConfig,float8,8.0,False,True,onnx_quantized_model_size,,onnx,model_size,False,3.0
1410,317,377,213,907,"[317, 377, 213]",celu,model_5,Int8WeightOnlyConfig,int8,8.0,False,True,onnx_quantized_median_latency,0.0009370464831590652,onnx,median_latency,False,3.0
1411,317,377,213,907,"[317, 377, 213]",celu,model_5,Float8WeightOnlyConfig,float8,8.0,False,True,onnx_quantized_median_latency,,onnx,median_latency,False,3.0
1412,317,377,213,907,"[317, 377, 213]",celu,model_5,Int8WeightOnlyConfig,int8,8.0,False,True,onnx_quantized_p95_latency,0.0010843165218830091,onnx,p95_latency,False,3.0
1413,317,377,213,907,"[317, 377, 213]",celu,model_5,Float8WeightOnlyConfig,float8,8.0,False,True,onnx_quantized_p95_latency,,onnx,p95_latency,False,3.0
1414,317,377,213,907,"[317, 377, 213]",celu,model_5,Int8WeightOnlyConfig,int8,8.0,False,True,onnx_quantized_p99_latency,0.0011807938665151496,onnx,p99_latency,False,3.0
1415,317,377,213,907,"[317, 377, 213]",celu,model_5,Float8WeightOnlyConfig,float8,8.0,False,True,onnx_quantized_p99_latency,,onnx,p99_latency,False,3.0
1416,317,377,213,907,"[317, 377, 213]",celu,model_5,Int8WeightOnlyConfig,int8,8.0,False,True,onnx_relative_model_size,2.419935122382778,onnx,model_size,True,3.0
1417,317,377,213,907,"[317, 377, 213]",celu,model_5,Float8WeightOnlyConfig,float8,8.0,False,True,onnx_relative_model_size,,onnx,model_size,True,3.0
1418,317,377,213,907,"[317, 377, 213]",celu,model_5,Int8WeightOnlyConfig,int8,8.0,False,True,onnx_relative_median_latency,1.1134047313941213,onnx,median_latency,True,3.0
1419,317,377,213,907,"[317, 377, 213]",celu,model_5,Float8WeightOnlyConfig,float8,8.0,False,True,onnx_relative_median_latency,,onnx,median_latency,True,3.0
1420,317,377,213,907,"[317, 377, 213]",celu,model_5,Int8WeightOnlyConfig,int8,8.0,False,True,onnx_relative_p95_latency,1.2714145436310658,onnx,p95_latency,True,3.0
1421,317,377,213,907,"[317, 377, 213]",celu,model_5,Float8WeightOnlyConfig,float8,8.0,False,True,onnx_relative_p95_latency,,onnx,p95_latency,True,3.0
1422,317,377,213,907,"[317, 377, 213]",celu,model_5,Int8WeightOnlyConfig,int8,8.0,False,True,onnx_relative_p99_latency,1.379215405658886,onnx,p99_latency,True,3.0
1423,317,377,213,907,"[317, 377, 213]",celu,model_5,Float8WeightOnlyConfig,float8,8.0,False,True,onnx_relative_p99_latency,,onnx,p99_latency,True,3.0
1424,317,377,213,907,"[317, 377, 213]",celu,model_5,Int8WeightOnlyConfig,int8,8.0,False,True,pt2_quantized_model_size,374241.0,pt2,model_size,False,3.0
1425,317,377,213,907,"[317, 377, 213]",celu,model_5,Float8WeightOnlyConfig,float8,8.0,False,True,pt2_quantized_model_size,353441.0,pt2,model_size,False,3.0
1426,317,377,213,907,"[317, 377, 213]",celu,model_5,Int8WeightOnlyConfig,int8,8.0,False,True,pt2_quantized_median_latency,0.0008826050907373428,pt2,median_latency,False,3.0
1427,317,377,213,907,"[317, 377, 213]",celu,model_5,Float8WeightOnlyConfig,float8,8.0,False,True,pt2_quantized_median_latency,0.0007200054824352264,pt2,median_latency,False,3.0
1428,317,377,213,907,"[317, 377, 213]",celu,model_5,Int8WeightOnlyConfig,int8,8.0,False,True,pt2_quantized_p95_latency,0.0008910220116376877,pt2,p95_latency,False,3.0
1429,317,377,213,907,"[317, 377, 213]",celu,model_5,Float8WeightOnlyConfig,float8,8.0,False,True,pt2_quantized_p95_latency,0.0007294788956642151,pt2,p95_latency,False,3.0
1430,317,377,213,907,"[317, 377, 213]",celu,model_5,Int8WeightOnlyConfig,int8,8.0,False,True,pt2_quantized_p99_latency,0.001007608138024807,pt2,p99_latency,False,3.0
1431,317,377,213,907,"[317, 377, 213]",celu,model_5,Float8WeightOnlyConfig,float8,8.0,False,True,pt2_quantized_p99_latency,0.0008566130325198173,pt2,p99_latency,False,3.0
1432,317,377,213,907,"[317, 377, 213]",celu,model_5,Int8WeightOnlyConfig,int8,8.0,False,True,pt2_relative_model_size,0.3855543204242075,pt2,model_size,True,3.0
1433,317,377,213,907,"[317, 377, 213]",celu,model_5,Float8WeightOnlyConfig,float8,8.0,False,True,pt2_relative_model_size,0.3641255355908421,pt2,model_size,True,3.0
1434,317,377,213,907,"[317, 377, 213]",celu,model_5,Int8WeightOnlyConfig,int8,8.0,False,True,pt2_relative_median_latency,0.9828851515050944,pt2,median_latency,True,3.0
1435,317,377,213,907,"[317, 377, 213]",celu,model_5,Float8WeightOnlyConfig,float8,8.0,False,True,pt2_relative_median_latency,0.8018112575088779,pt2,median_latency,True,3.0
1436,317,377,213,907,"[317, 377, 213]",celu,model_5,Int8WeightOnlyConfig,int8,8.0,False,True,pt2_relative_p95_latency,0.9710841074444588,pt2,p95_latency,True,3.0
1437,317,377,213,907,"[317, 377, 213]",celu,model_5,Float8WeightOnlyConfig,float8,8.0,False,True,pt2_relative_p95_latency,0.7950256593477979,pt2,p95_latency,True,3.0
1438,317,377,213,907,"[317, 377, 213]",celu,model_5,Int8WeightOnlyConfig,int8,8.0,False,True,pt2_relative_p99_latency,0.9307815295316543,pt2,p99_latency,True,3.0
1439,317,377,213,907,"[317, 377, 213]",celu,model_5,Float8WeightOnlyConfig,float8,8.0,False,True,pt2_relative_p99_latency,0.7912992745260207,pt2,p99_latency,True,3.0
1440,781,155,37,973,"[781, 155, 37]",gelu,model_50,,,,,,,,,,,
1441,651,358,190,1199,"[651, 358, 190]",celu,model_51,,,,,,,,,,,
1442,413,64,78,555,"[413, 64, 78]",gelu,model_52,,,,,,,,,,,
1443,244,423,32,699,"[244, 423, 32]",elu,model_53,,,,,,,,,,,
1444,482,67,121,670,"[482, 67, 121]",gelu,model_54,,,,,,,,,,,
1445,829,312,107,1248,"[829, 312, 107]",celu,model_55,,,,,,,,,,,
1446,128,178,220,526,"[128, 178, 220]",gelu,model_56,,,,,,,,,,,
1447,202,386,87,675,"[202, 386, 87]",leaky_relu,model_57,,,,,,,,,,,
1448,861,64,199,1124,"[861, 64, 199]",leaky_relu,model_58,,,,,,,,,,,
1449,507,280,32,819,"[507, 280, 32]",celu,model_59,,,,,,,,,,,
1450,527,64,100,691,"[527, 64, 100]",elu,model_6,Int8WeightOnlyConfig,int8,8.0,False,True,pytorch_quantized_MAE,9.530779633113829,pytorch,MAE,False,1.0
1451,527,64,100,691,"[527, 64, 100]",elu,model_6,Float8WeightOnlyConfig,float8,8.0,False,True,pytorch_quantized_MAE,9.528354799085816,pytorch,MAE,False,1.0
1452,527,64,100,691,"[527, 64, 100]",elu,model_6,Int8WeightOnlyConfig,int8,8.0,False,True,pytorch_relative_MAE,0.9997471261137408,pytorch,MAE,True,1.0
1453,527,64,100,691,"[527, 64, 100]",elu,model_6,Float8WeightOnlyConfig,float8,8.0,False,True,pytorch_relative_MAE,0.9994927690785215,pytorch,MAE,True,1.0
1454,527,64,100,691,"[527, 64, 100]",elu,model_6,Int8WeightOnlyConfig,int8,8.0,False,True,pytorch_quantized_model_size,83607.0,pytorch,model_size,False,1.0
1455,527,64,100,691,"[527, 64, 100]",elu,model_6,Float8WeightOnlyConfig,float8,8.0,False,True,pytorch_quantized_model_size,83607.0,pytorch,model_size,False,1.0
1456,527,64,100,691,"[527, 64, 100]",elu,model_6,Int8WeightOnlyConfig,int8,8.0,False,True,pytorch_quantized_median_latency,0.0004273168742656708,pytorch,median_latency,False,1.0
1457,527,64,100,691,"[527, 64, 100]",elu,model_6,Float8WeightOnlyConfig,float8,8.0,False,True,pytorch_quantized_median_latency,0.0005804356187582016,pytorch,median_latency,False,1.0
1458,527,64,100,691,"[527, 64, 100]",elu,model_6,Int8WeightOnlyConfig,int8,8.0,False,True,pytorch_quantized_p95_latency,0.0004389587789773941,pytorch,p95_latency,False,1.0
1459,527,64,100,691,"[527, 64, 100]",elu,model_6,Float8WeightOnlyConfig,float8,8.0,False,True,pytorch_quantized_p95_latency,0.0005894364789128303,pytorch,p95_latency,False,1.0
1460,527,64,100,691,"[527, 64, 100]",elu,model_6,Int8WeightOnlyConfig,int8,8.0,False,True,pytorch_quantized_p99_latency,0.00045779947191476817,pytorch,p99_latency,False,1.0
1461,527,64,100,691,"[527, 64, 100]",elu,model_6,Float8WeightOnlyConfig,float8,8.0,False,True,pytorch_quantized_p99_latency,0.0005984841287136077,pytorch,p99_latency,False,1.0
1462,527,64,100,691,"[527, 64, 100]",elu,model_6,Int8WeightOnlyConfig,int8,8.0,False,True,pytorch_relative_model_size,0.25,pytorch,model_size,True,1.0
1463,527,64,100,691,"[527, 64, 100]",elu,model_6,Float8WeightOnlyConfig,float8,8.0,False,True,pytorch_relative_model_size,0.25,pytorch,model_size,True,1.0
1464,527,64,100,691,"[527, 64, 100]",elu,model_6,Int8WeightOnlyConfig,int8,8.0,False,True,pytorch_relative_median_latency,2.7092195231403298,pytorch,median_latency,True,1.0
1465,527,64,100,691,"[527, 64, 100]",elu,model_6,Float8WeightOnlyConfig,float8,8.0,False,True,pytorch_relative_median_latency,3.6800033066049433,pytorch,median_latency,True,1.0
1466,527,64,100,691,"[527, 64, 100]",elu,model_6,Int8WeightOnlyConfig,int8,8.0,False,True,pytorch_relative_p95_latency,2.6016756143901034,pytorch,p95_latency,True,1.0
1467,527,64,100,691,"[527, 64, 100]",elu,model_6,Float8WeightOnlyConfig,float8,8.0,False,True,pytorch_relative_p95_latency,3.493545605790132,pytorch,p95_latency,True,1.0
1468,527,64,100,691,"[527, 64, 100]",elu,model_6,Int8WeightOnlyConfig,int8,8.0,False,True,pytorch_relative_p99_latency,2.6606260945699804,pytorch,p99_latency,True,1.0
1469,527,64,100,691,"[527, 64, 100]",elu,model_6,Float8WeightOnlyConfig,float8,8.0,False,True,pytorch_relative_p99_latency,3.4782532259841963,pytorch,p99_latency,True,1.0
1470,527,64,100,691,"[527, 64, 100]",elu,model_6,Int8WeightOnlyConfig,int8,8.0,False,True,onnx_quantized_model_size,31901.0,onnx,model_size,False,1.0
1471,527,64,100,691,"[527, 64, 100]",elu,model_6,Float8WeightOnlyConfig,float8,8.0,False,True,onnx_quantized_model_size,,onnx,model_size,False,1.0
1472,527,64,100,691,"[527, 64, 100]",elu,model_6,Int8WeightOnlyConfig,int8,8.0,False,True,onnx_quantized_median_latency,0.0003580581396818161,onnx,median_latency,False,1.0
1473,527,64,100,691,"[527, 64, 100]",elu,model_6,Float8WeightOnlyConfig,float8,8.0,False,True,onnx_quantized_median_latency,,onnx,median_latency,False,1.0
1474,527,64,100,691,"[527, 64, 100]",elu,model_6,Int8WeightOnlyConfig,int8,8.0,False,True,onnx_quantized_p95_latency,0.0004286041483283043,onnx,p95_latency,False,1.0
1475,527,64,100,691,"[527, 64, 100]",elu,model_6,Float8WeightOnlyConfig,float8,8.0,False,True,onnx_quantized_p95_latency,,onnx,p95_latency,False,1.0
1476,527,64,100,691,"[527, 64, 100]",elu,model_6,Int8WeightOnlyConfig,int8,8.0,False,True,onnx_quantized_p99_latency,0.00044038768857717513,onnx,p99_latency,False,1.0
1477,527,64,100,691,"[527, 64, 100]",elu,model_6,Float8WeightOnlyConfig,float8,8.0,False,True,onnx_quantized_p99_latency,,onnx,p99_latency,False,1.0
1478,527,64,100,691,"[527, 64, 100]",elu,model_6,Int8WeightOnlyConfig,int8,8.0,False,True,onnx_relative_model_size,2.3258238553514143,onnx,model_size,True,1.0
1479,527,64,100,691,"[527, 64, 100]",elu,model_6,Float8WeightOnlyConfig,float8,8.0,False,True,onnx_relative_model_size,,onnx,model_size,True,1.0
1480,527,64,100,691,"[527, 64, 100]",elu,model_6,Int8WeightOnlyConfig,int8,8.0,False,True,onnx_relative_median_latency,1.3440941413378642,onnx,median_latency,True,1.0
1481,527,64,100,691,"[527, 64, 100]",elu,model_6,Float8WeightOnlyConfig,float8,8.0,False,True,onnx_relative_median_latency,,onnx,median_latency,True,1.0
1482,527,64,100,691,"[527, 64, 100]",elu,model_6,Int8WeightOnlyConfig,int8,8.0,False,True,onnx_relative_p95_latency,1.2842442186571268,onnx,p95_latency,True,1.0
1483,527,64,100,691,"[527, 64, 100]",elu,model_6,Float8WeightOnlyConfig,float8,8.0,False,True,onnx_relative_p95_latency,,onnx,p95_latency,True,1.0
1484,527,64,100,691,"[527, 64, 100]",elu,model_6,Int8WeightOnlyConfig,int8,8.0,False,True,onnx_relative_p99_latency,1.3025967493390087,onnx,p99_latency,True,1.0
1485,527,64,100,691,"[527, 64, 100]",elu,model_6,Float8WeightOnlyConfig,float8,8.0,False,True,onnx_relative_p99_latency,,onnx,p99_latency,True,1.0
1486,527,64,100,691,"[527, 64, 100]",elu,model_6,Int8WeightOnlyConfig,int8,8.0,False,True,pt2_quantized_model_size,229729.0,pt2,model_size,False,1.0
1487,527,64,100,691,"[527, 64, 100]",elu,model_6,Float8WeightOnlyConfig,float8,8.0,False,True,pt2_quantized_model_size,208993.0,pt2,model_size,False,1.0
1488,527,64,100,691,"[527, 64, 100]",elu,model_6,Int8WeightOnlyConfig,int8,8.0,False,True,pt2_quantized_median_latency,0.0008776914328336716,pt2,median_latency,False,1.0
1489,527,64,100,691,"[527, 64, 100]",elu,model_6,Float8WeightOnlyConfig,float8,8.0,False,True,pt2_quantized_median_latency,0.0007211454212665558,pt2,median_latency,False,1.0
1490,527,64,100,691,"[527, 64, 100]",elu,model_6,Int8WeightOnlyConfig,int8,8.0,False,True,pt2_quantized_p95_latency,0.0008920598775148392,pt2,p95_latency,False,1.0
1491,527,64,100,691,"[527, 64, 100]",elu,model_6,Float8WeightOnlyConfig,float8,8.0,False,True,pt2_quantized_p95_latency,0.000756525993347168,pt2,p95_latency,False,1.0
1492,527,64,100,691,"[527, 64, 100]",elu,model_6,Int8WeightOnlyConfig,int8,8.0,False,True,pt2_quantized_p99_latency,0.0010109373182058334,pt2,p99_latency,False,1.0
1493,527,64,100,691,"[527, 64, 100]",elu,model_6,Float8WeightOnlyConfig,float8,8.0,False,True,pt2_quantized_p99_latency,0.0008628248050808904,pt2,p99_latency,False,1.0
1494,527,64,100,691,"[527, 64, 100]",elu,model_6,Int8WeightOnlyConfig,int8,8.0,False,True,pt2_relative_model_size,0.576026097182417,pt2,model_size,True,1.0
1495,527,64,100,691,"[527, 64, 100]",elu,model_6,Float8WeightOnlyConfig,float8,8.0,False,True,pt2_relative_model_size,0.5240323256029707,pt2,model_size,True,1.0
1496,527,64,100,691,"[527, 64, 100]",elu,model_6,Int8WeightOnlyConfig,int8,8.0,False,True,pt2_relative_median_latency,1.528726458708453,pt2,median_latency,True,1.0
1497,527,64,100,691,"[527, 64, 100]",elu,model_6,Float8WeightOnlyConfig,float8,8.0,False,True,pt2_relative_median_latency,1.2560611221957272,pt2,median_latency,True,1.0
1498,527,64,100,691,"[527, 64, 100]",elu,model_6,Int8WeightOnlyConfig,int8,8.0,False,True,pt2_relative_p95_latency,1.4835037527375003,pt2,p95_latency,True,1.0
1499,527,64,100,691,"[527, 64, 100]",elu,model_6,Float8WeightOnlyConfig,float8,8.0,False,True,pt2_relative_p95_latency,1.2581096610920264,pt2,p95_latency,True,1.0
1500,527,64,100,691,"[527, 64, 100]",elu,model_6,Int8WeightOnlyConfig,int8,8.0,False,True,pt2_relative_p99_latency,1.395039326362543,pt2,p99_latency,True,1.0
1501,527,64,100,691,"[527, 64, 100]",elu,model_6,Float8WeightOnlyConfig,float8,8.0,False,True,pt2_relative_p99_latency,1.1906519951060526,pt2,p99_latency,True,1.0
1502,527,64,100,691,"[527, 64, 100]",elu,model_6,Int8WeightOnlyConfig,int8,8.0,False,True,pytorch_quantized_MAE,9.535311392984184,pytorch,MAE,False,2.0
1503,527,64,100,691,"[527, 64, 100]",elu,model_6,Float8WeightOnlyConfig,float8,8.0,False,True,pytorch_quantized_MAE,9.534311425540094,pytorch,MAE,False,2.0
1504,527,64,100,691,"[527, 64, 100]",elu,model_6,Int8WeightOnlyConfig,int8,8.0,False,True,pytorch_relative_MAE,0.9997958341761476,pytorch,MAE,True,2.0
1505,527,64,100,691,"[527, 64, 100]",elu,model_6,Float8WeightOnlyConfig,float8,8.0,False,True,pytorch_relative_MAE,0.9996909856563972,pytorch,MAE,True,2.0
1506,527,64,100,691,"[527, 64, 100]",elu,model_6,Int8WeightOnlyConfig,int8,8.0,False,True,pytorch_quantized_model_size,83607.0,pytorch,model_size,False,2.0
1507,527,64,100,691,"[527, 64, 100]",elu,model_6,Float8WeightOnlyConfig,float8,8.0,False,True,pytorch_quantized_model_size,83607.0,pytorch,model_size,False,2.0
1508,527,64,100,691,"[527, 64, 100]",elu,model_6,Int8WeightOnlyConfig,int8,8.0,False,True,pytorch_quantized_median_latency,0.000423673540353775,pytorch,median_latency,False,2.0
1509,527,64,100,691,"[527, 64, 100]",elu,model_6,Float8WeightOnlyConfig,float8,8.0,False,True,pytorch_quantized_median_latency,0.000517766922712326,pytorch,median_latency,False,2.0
1510,527,64,100,691,"[527, 64, 100]",elu,model_6,Int8WeightOnlyConfig,int8,8.0,False,True,pytorch_quantized_p95_latency,0.00047452207654714585,pytorch,p95_latency,False,2.0
1511,527,64,100,691,"[527, 64, 100]",elu,model_6,Float8WeightOnlyConfig,float8,8.0,False,True,pytorch_quantized_p95_latency,0.0005256613716483116,pytorch,p95_latency,False,2.0
1512,527,64,100,691,"[527, 64, 100]",elu,model_6,Int8WeightOnlyConfig,int8,8.0,False,True,pytorch_quantized_p99_latency,0.0004776697978377342,pytorch,p99_latency,False,2.0
1513,527,64,100,691,"[527, 64, 100]",elu,model_6,Float8WeightOnlyConfig,float8,8.0,False,True,pytorch_quantized_p99_latency,0.0005351326614618301,pytorch,p99_latency,False,2.0
1514,527,64,100,691,"[527, 64, 100]",elu,model_6,Int8WeightOnlyConfig,int8,8.0,False,True,pytorch_relative_model_size,0.25,pytorch,model_size,True,2.0
1515,527,64,100,691,"[527, 64, 100]",elu,model_6,Float8WeightOnlyConfig,float8,8.0,False,True,pytorch_relative_model_size,0.25,pytorch,model_size,True,2.0
1516,527,64,100,691,"[527, 64, 100]",elu,model_6,Int8WeightOnlyConfig,int8,8.0,False,True,pytorch_relative_median_latency,2.6695381726424507,pytorch,median_latency,True,2.0
1517,527,64,100,691,"[527, 64, 100]",elu,model_6,Float8WeightOnlyConfig,float8,8.0,False,True,pytorch_relative_median_latency,3.262414177571739,pytorch,median_latency,True,2.0
1518,527,64,100,691,"[527, 64, 100]",elu,model_6,Int8WeightOnlyConfig,int8,8.0,False,True,pytorch_relative_p95_latency,2.793821193846856,pytorch,p95_latency,True,2.0
1519,527,64,100,691,"[527, 64, 100]",elu,model_6,Float8WeightOnlyConfig,float8,8.0,False,True,pytorch_relative_p95_latency,3.094911603658022,pytorch,p95_latency,True,2.0
1520,527,64,100,691,"[527, 64, 100]",elu,model_6,Int8WeightOnlyConfig,int8,8.0,False,True,pytorch_relative_p99_latency,2.7542613950633013,pytorch,p99_latency,True,2.0
1521,527,64,100,691,"[527, 64, 100]",elu,model_6,Float8WeightOnlyConfig,float8,8.0,False,True,pytorch_relative_p99_latency,3.085594352780252,pytorch,p99_latency,True,2.0
1522,527,64,100,691,"[527, 64, 100]",elu,model_6,Int8WeightOnlyConfig,int8,8.0,False,True,onnx_quantized_model_size,31901.0,onnx,model_size,False,2.0
1523,527,64,100,691,"[527, 64, 100]",elu,model_6,Float8WeightOnlyConfig,float8,8.0,False,True,onnx_quantized_model_size,,onnx,model_size,False,2.0
1524,527,64,100,691,"[527, 64, 100]",elu,model_6,Int8WeightOnlyConfig,int8,8.0,False,True,onnx_quantized_median_latency,0.00036481209099292755,onnx,median_latency,False,2.0
1525,527,64,100,691,"[527, 64, 100]",elu,model_6,Float8WeightOnlyConfig,float8,8.0,False,True,onnx_quantized_median_latency,,onnx,median_latency,False,2.0
1526,527,64,100,691,"[527, 64, 100]",elu,model_6,Int8WeightOnlyConfig,int8,8.0,False,True,onnx_quantized_p95_latency,0.000440213643014431,onnx,p95_latency,False,2.0
1527,527,64,100,691,"[527, 64, 100]",elu,model_6,Float8WeightOnlyConfig,float8,8.0,False,True,onnx_quantized_p95_latency,,onnx,p95_latency,False,2.0
1528,527,64,100,691,"[527, 64, 100]",elu,model_6,Int8WeightOnlyConfig,int8,8.0,False,True,onnx_quantized_p99_latency,0.0007018142193555831,onnx,p99_latency,False,2.0
1529,527,64,100,691,"[527, 64, 100]",elu,model_6,Float8WeightOnlyConfig,float8,8.0,False,True,onnx_quantized_p99_latency,,onnx,p99_latency,False,2.0
1530,527,64,100,691,"[527, 64, 100]",elu,model_6,Int8WeightOnlyConfig,int8,8.0,False,True,onnx_relative_model_size,2.3258238553514143,onnx,model_size,True,2.0
1531,527,64,100,691,"[527, 64, 100]",elu,model_6,Float8WeightOnlyConfig,float8,8.0,False,True,onnx_relative_model_size,,onnx,model_size,True,2.0
1532,527,64,100,691,"[527, 64, 100]",elu,model_6,Int8WeightOnlyConfig,int8,8.0,False,True,onnx_relative_median_latency,1.500015317454239,onnx,median_latency,True,2.0
1533,527,64,100,691,"[527, 64, 100]",elu,model_6,Float8WeightOnlyConfig,float8,8.0,False,True,onnx_relative_median_latency,,onnx,median_latency,True,2.0
1534,527,64,100,691,"[527, 64, 100]",elu,model_6,Int8WeightOnlyConfig,int8,8.0,False,True,onnx_relative_p95_latency,1.7453697515296307,onnx,p95_latency,True,2.0
1535,527,64,100,691,"[527, 64, 100]",elu,model_6,Float8WeightOnlyConfig,float8,8.0,False,True,onnx_relative_p95_latency,,onnx,p95_latency,True,2.0
1536,527,64,100,691,"[527, 64, 100]",elu,model_6,Int8WeightOnlyConfig,int8,8.0,False,True,onnx_relative_p99_latency,2.342215822429455,onnx,p99_latency,True,2.0
1537,527,64,100,691,"[527, 64, 100]",elu,model_6,Float8WeightOnlyConfig,float8,8.0,False,True,onnx_relative_p99_latency,,onnx,p99_latency,True,2.0
1538,527,64,100,691,"[527, 64, 100]",elu,model_6,Int8WeightOnlyConfig,int8,8.0,False,True,pt2_quantized_model_size,229729.0,pt2,model_size,False,2.0
1539,527,64,100,691,"[527, 64, 100]",elu,model_6,Float8WeightOnlyConfig,float8,8.0,False,True,pt2_quantized_model_size,208993.0,pt2,model_size,False,2.0
1540,527,64,100,691,"[527, 64, 100]",elu,model_6,Int8WeightOnlyConfig,int8,8.0,False,True,pt2_quantized_median_latency,0.0008866637945175171,pt2,median_latency,False,2.0
1541,527,64,100,691,"[527, 64, 100]",elu,model_6,Float8WeightOnlyConfig,float8,8.0,False,True,pt2_quantized_median_latency,0.0007236786186695099,pt2,median_latency,False,2.0
1542,527,64,100,691,"[527, 64, 100]",elu,model_6,Int8WeightOnlyConfig,int8,8.0,False,True,pt2_quantized_p95_latency,0.000897715613245964,pt2,p95_latency,False,2.0
1543,527,64,100,691,"[527, 64, 100]",elu,model_6,Float8WeightOnlyConfig,float8,8.0,False,True,pt2_quantized_p95_latency,0.00073385089635849,pt2,p95_latency,False,2.0
1544,527,64,100,691,"[527, 64, 100]",elu,model_6,Int8WeightOnlyConfig,int8,8.0,False,True,pt2_quantized_p99_latency,0.0010159683227539062,pt2,p99_latency,False,2.0
1545,527,64,100,691,"[527, 64, 100]",elu,model_6,Float8WeightOnlyConfig,float8,8.0,False,True,pt2_quantized_p99_latency,0.0008463834598660469,pt2,p99_latency,False,2.0
1546,527,64,100,691,"[527, 64, 100]",elu,model_6,Int8WeightOnlyConfig,int8,8.0,False,True,pt2_relative_model_size,0.576026097182417,pt2,model_size,True,2.0
1547,527,64,100,691,"[527, 64, 100]",elu,model_6,Float8WeightOnlyConfig,float8,8.0,False,True,pt2_relative_model_size,0.5240323256029707,pt2,model_size,True,2.0
1548,527,64,100,691,"[527, 64, 100]",elu,model_6,Int8WeightOnlyConfig,int8,8.0,False,True,pt2_relative_median_latency,1.5319094159407092,pt2,median_latency,True,2.0
1549,527,64,100,691,"[527, 64, 100]",elu,model_6,Float8WeightOnlyConfig,float8,8.0,False,True,pt2_relative_median_latency,1.250316181747383,pt2,median_latency,True,2.0
1550,527,64,100,691,"[527, 64, 100]",elu,model_6,Int8WeightOnlyConfig,int8,8.0,False,True,pt2_relative_p95_latency,1.4969978192218463,pt2,p95_latency,True,2.0
1551,527,64,100,691,"[527, 64, 100]",elu,model_6,Float8WeightOnlyConfig,float8,8.0,False,True,pt2_relative_p95_latency,1.2237429930737542,pt2,p95_latency,True,2.0
1552,527,64,100,691,"[527, 64, 100]",elu,model_6,Int8WeightOnlyConfig,int8,8.0,False,True,pt2_relative_p99_latency,1.373725300998966,pt2,p99_latency,True,2.0
1553,527,64,100,691,"[527, 64, 100]",elu,model_6,Float8WeightOnlyConfig,float8,8.0,False,True,pt2_relative_p99_latency,1.1444238438590248,pt2,p99_latency,True,2.0
1554,527,64,100,691,"[527, 64, 100]",elu,model_6,Int8WeightOnlyConfig,int8,8.0,False,True,pytorch_quantized_MAE,9.504154122784131,pytorch,MAE,False,3.0
1555,527,64,100,691,"[527, 64, 100]",elu,model_6,Float8WeightOnlyConfig,float8,8.0,False,True,pytorch_quantized_MAE,9.49878367498475,pytorch,MAE,False,3.0
1556,527,64,100,691,"[527, 64, 100]",elu,model_6,Int8WeightOnlyConfig,int8,8.0,False,True,pytorch_relative_MAE,0.999772237839547,pytorch,MAE,True,3.0
1557,527,64,100,691,"[527, 64, 100]",elu,model_6,Float8WeightOnlyConfig,float8,8.0,False,True,pytorch_relative_MAE,0.9992073033335171,pytorch,MAE,True,3.0
1558,527,64,100,691,"[527, 64, 100]",elu,model_6,Int8WeightOnlyConfig,int8,8.0,False,True,pytorch_quantized_model_size,83607.0,pytorch,model_size,False,3.0
1559,527,64,100,691,"[527, 64, 100]",elu,model_6,Float8WeightOnlyConfig,float8,8.0,False,True,pytorch_quantized_model_size,83607.0,pytorch,model_size,False,3.0
1560,527,64,100,691,"[527, 64, 100]",elu,model_6,Int8WeightOnlyConfig,int8,8.0,False,True,pytorch_quantized_median_latency,0.0004191827028989792,pytorch,median_latency,False,3.0
1561,527,64,100,691,"[527, 64, 100]",elu,model_6,Float8WeightOnlyConfig,float8,8.0,False,True,pytorch_quantized_median_latency,0.0005263201892375946,pytorch,median_latency,False,3.0
1562,527,64,100,691,"[527, 64, 100]",elu,model_6,Int8WeightOnlyConfig,int8,8.0,False,True,pytorch_quantized_p95_latency,0.0004301333799958229,pytorch,p95_latency,False,3.0
1563,527,64,100,691,"[527, 64, 100]",elu,model_6,Float8WeightOnlyConfig,float8,8.0,False,True,pytorch_quantized_p95_latency,0.0005339911207556724,pytorch,p95_latency,False,3.0
1564,527,64,100,691,"[527, 64, 100]",elu,model_6,Int8WeightOnlyConfig,int8,8.0,False,True,pytorch_quantized_p99_latency,0.0004347986355423927,pytorch,p99_latency,False,3.0
1565,527,64,100,691,"[527, 64, 100]",elu,model_6,Float8WeightOnlyConfig,float8,8.0,False,True,pytorch_quantized_p99_latency,0.0005435166507959364,pytorch,p99_latency,False,3.0
1566,527,64,100,691,"[527, 64, 100]",elu,model_6,Int8WeightOnlyConfig,int8,8.0,False,True,pytorch_relative_model_size,0.25,pytorch,model_size,True,3.0
1567,527,64,100,691,"[527, 64, 100]",elu,model_6,Float8WeightOnlyConfig,float8,8.0,False,True,pytorch_relative_model_size,0.25,pytorch,model_size,True,3.0
1568,527,64,100,691,"[527, 64, 100]",elu,model_6,Int8WeightOnlyConfig,int8,8.0,False,True,pytorch_relative_median_latency,2.6453398845697227,pytorch,median_latency,True,3.0
1569,527,64,100,691,"[527, 64, 100]",elu,model_6,Float8WeightOnlyConfig,float8,8.0,False,True,pytorch_relative_median_latency,3.3214533400726434,pytorch,median_latency,True,3.0
1570,527,64,100,691,"[527, 64, 100]",elu,model_6,Int8WeightOnlyConfig,int8,8.0,False,True,pytorch_relative_p95_latency,2.549328737921312,pytorch,p95_latency,True,3.0
1571,527,64,100,691,"[527, 64, 100]",elu,model_6,Float8WeightOnlyConfig,float8,8.0,False,True,pytorch_relative_p95_latency,3.1648762296719806,pytorch,p95_latency,True,3.0
1572,527,64,100,691,"[527, 64, 100]",elu,model_6,Int8WeightOnlyConfig,int8,8.0,False,True,pytorch_relative_p99_latency,2.5124382682431308,pytorch,p99_latency,True,3.0
1573,527,64,100,691,"[527, 64, 100]",elu,model_6,Float8WeightOnlyConfig,float8,8.0,False,True,pytorch_relative_p99_latency,3.1406539056489473,pytorch,p99_latency,True,3.0
1574,527,64,100,691,"[527, 64, 100]",elu,model_6,Int8WeightOnlyConfig,int8,8.0,False,True,onnx_quantized_model_size,31901.0,onnx,model_size,False,3.0
1575,527,64,100,691,"[527, 64, 100]",elu,model_6,Float8WeightOnlyConfig,float8,8.0,False,True,onnx_quantized_model_size,,onnx,model_size,False,3.0
1576,527,64,100,691,"[527, 64, 100]",elu,model_6,Int8WeightOnlyConfig,int8,8.0,False,True,onnx_quantized_median_latency,0.0003587678074836731,onnx,median_latency,False,3.0
1577,527,64,100,691,"[527, 64, 100]",elu,model_6,Float8WeightOnlyConfig,float8,8.0,False,True,onnx_quantized_median_latency,,onnx,median_latency,False,3.0
1578,527,64,100,691,"[527, 64, 100]",elu,model_6,Int8WeightOnlyConfig,int8,8.0,False,True,onnx_quantized_p95_latency,0.00036731231957674024,onnx,p95_latency,False,3.0
1579,527,64,100,691,"[527, 64, 100]",elu,model_6,Float8WeightOnlyConfig,float8,8.0,False,True,onnx_quantized_p95_latency,,onnx,p95_latency,False,3.0
1580,527,64,100,691,"[527, 64, 100]",elu,model_6,Int8WeightOnlyConfig,int8,8.0,False,True,onnx_quantized_p99_latency,0.00042241904884575887,onnx,p99_latency,False,3.0
1581,527,64,100,691,"[527, 64, 100]",elu,model_6,Float8WeightOnlyConfig,float8,8.0,False,True,onnx_quantized_p99_latency,,onnx,p99_latency,False,3.0
1582,527,64,100,691,"[527, 64, 100]",elu,model_6,Int8WeightOnlyConfig,int8,8.0,False,True,onnx_relative_model_size,2.3258238553514143,onnx,model_size,True,3.0
1583,527,64,100,691,"[527, 64, 100]",elu,model_6,Float8WeightOnlyConfig,float8,8.0,False,True,onnx_relative_model_size,,onnx,model_size,True,3.0
1584,527,64,100,691,"[527, 64, 100]",elu,model_6,Int8WeightOnlyConfig,int8,8.0,False,True,onnx_relative_median_latency,1.4395946067147,onnx,median_latency,True,3.0
1585,527,64,100,691,"[527, 64, 100]",elu,model_6,Float8WeightOnlyConfig,float8,8.0,False,True,onnx_relative_median_latency,,onnx,median_latency,True,3.0
1586,527,64,100,691,"[527, 64, 100]",elu,model_6,Int8WeightOnlyConfig,int8,8.0,False,True,onnx_relative_p95_latency,1.4331063271287552,onnx,p95_latency,True,3.0
1587,527,64,100,691,"[527, 64, 100]",elu,model_6,Float8WeightOnlyConfig,float8,8.0,False,True,onnx_relative_p95_latency,,onnx,p95_latency,True,3.0
1588,527,64,100,691,"[527, 64, 100]",elu,model_6,Int8WeightOnlyConfig,int8,8.0,False,True,onnx_relative_p99_latency,1.598987999860644,onnx,p99_latency,True,3.0
1589,527,64,100,691,"[527, 64, 100]",elu,model_6,Float8WeightOnlyConfig,float8,8.0,False,True,onnx_relative_p99_latency,,onnx,p99_latency,True,3.0
1590,527,64,100,691,"[527, 64, 100]",elu,model_6,Int8WeightOnlyConfig,int8,8.0,False,True,pt2_quantized_model_size,229729.0,pt2,model_size,False,3.0
1591,527,64,100,691,"[527, 64, 100]",elu,model_6,Float8WeightOnlyConfig,float8,8.0,False,True,pt2_quantized_model_size,208993.0,pt2,model_size,False,3.0
1592,527,64,100,691,"[527, 64, 100]",elu,model_6,Int8WeightOnlyConfig,int8,8.0,False,True,pt2_quantized_median_latency,0.0008848216384649277,pt2,median_latency,False,3.0
1593,527,64,100,691,"[527, 64, 100]",elu,model_6,Float8WeightOnlyConfig,float8,8.0,False,True,pt2_quantized_median_latency,0.0007191896438598633,pt2,median_latency,False,3.0
1594,527,64,100,691,"[527, 64, 100]",elu,model_6,Int8WeightOnlyConfig,int8,8.0,False,True,pt2_quantized_p95_latency,0.000901557132601738,pt2,p95_latency,False,3.0
1595,527,64,100,691,"[527, 64, 100]",elu,model_6,Float8WeightOnlyConfig,float8,8.0,False,True,pt2_quantized_p95_latency,0.0007319049909710884,pt2,p95_latency,False,3.0
1596,527,64,100,691,"[527, 64, 100]",elu,model_6,Int8WeightOnlyConfig,int8,8.0,False,True,pt2_quantized_p99_latency,0.0010113264992833138,pt2,p99_latency,False,3.0
1597,527,64,100,691,"[527, 64, 100]",elu,model_6,Float8WeightOnlyConfig,float8,8.0,False,True,pt2_quantized_p99_latency,0.000914023220539093,pt2,p99_latency,False,3.0
1598,527,64,100,691,"[527, 64, 100]",elu,model_6,Int8WeightOnlyConfig,int8,8.0,False,True,pt2_relative_model_size,0.576026097182417,pt2,model_size,True,3.0
1599,527,64,100,691,"[527, 64, 100]",elu,model_6,Float8WeightOnlyConfig,float8,8.0,False,True,pt2_relative_model_size,0.5240323256029707,pt2,model_size,True,3.0
1600,527,64,100,691,"[527, 64, 100]",elu,model_6,Int8WeightOnlyConfig,int8,8.0,False,True,pt2_relative_median_latency,1.5478444188842657,pt2,median_latency,True,3.0
1601,527,64,100,691,"[527, 64, 100]",elu,model_6,Float8WeightOnlyConfig,float8,8.0,False,True,pt2_relative_median_latency,1.2580995174339609,pt2,median_latency,True,3.0
1602,527,64,100,691,"[527, 64, 100]",elu,model_6,Int8WeightOnlyConfig,int8,8.0,False,True,pt2_relative_p95_latency,1.542218250004381,pt2,p95_latency,True,3.0
1603,527,64,100,691,"[527, 64, 100]",elu,model_6,Float8WeightOnlyConfig,float8,8.0,False,True,pt2_relative_p95_latency,1.25200854557881,pt2,p95_latency,True,3.0
1604,527,64,100,691,"[527, 64, 100]",elu,model_6,Int8WeightOnlyConfig,int8,8.0,False,True,pt2_relative_p99_latency,1.3719338156736465,pt2,p99_latency,True,3.0
1605,527,64,100,691,"[527, 64, 100]",elu,model_6,Float8WeightOnlyConfig,float8,8.0,False,True,pt2_relative_p99_latency,1.2399352389729301,pt2,p99_latency,True,3.0
1606,325,126,127,578,"[325, 126, 127]",gelu,model_60,,,,,,,,,,,
1607,390,284,168,842,"[390, 284, 168]",celu,model_61,,,,,,,,,,,
1608,572,206,56,834,"[572, 206, 56]",relu,model_62,,,,,,,,,,,
1609,695,396,157,1248,"[695, 396, 157]",relu,model_63,,,,,,,,,,,
1610,128,95,45,268,"[128, 95, 45]",relu,model_64,,,,,,,,,,,
1611,853,261,113,1227,"[853, 261, 113]",gelu,model_7,Int8WeightOnlyConfig,int8,8.0,False,True,pytorch_quantized_MAE,8.37377464244193,pytorch,MAE,False,1.0
1612,853,261,113,1227,"[853, 261, 113]",gelu,model_7,Float8WeightOnlyConfig,float8,8.0,False,True,pytorch_quantized_MAE,8.368129705104307,pytorch,MAE,False,1.0
1613,853,261,113,1227,"[853, 261, 113]",gelu,model_7,Int8WeightOnlyConfig,int8,8.0,False,True,pytorch_relative_MAE,0.999702186268939,pytorch,MAE,True,1.0
1614,853,261,113,1227,"[853, 261, 113]",gelu,model_7,Float8WeightOnlyConfig,float8,8.0,False,True,pytorch_relative_MAE,0.9990282660312041,pytorch,MAE,True,1.0
1615,853,261,113,1227,"[853, 261, 113]",gelu,model_7,Int8WeightOnlyConfig,int8,8.0,False,True,pytorch_quantized_model_size,322560.0,pytorch,model_size,False,1.0
1616,853,261,113,1227,"[853, 261, 113]",gelu,model_7,Float8WeightOnlyConfig,float8,8.0,False,True,pytorch_quantized_model_size,322560.0,pytorch,model_size,False,1.0
1617,853,261,113,1227,"[853, 261, 113]",gelu,model_7,Int8WeightOnlyConfig,int8,8.0,False,True,pytorch_quantized_median_latency,0.00042393244802951813,pytorch,median_latency,False,1.0
1618,853,261,113,1227,"[853, 261, 113]",gelu,model_7,Float8WeightOnlyConfig,float8,8.0,False,True,pytorch_quantized_median_latency,0.0005170144140720367,pytorch,median_latency,False,1.0
1619,853,261,113,1227,"[853, 261, 113]",gelu,model_7,Int8WeightOnlyConfig,int8,8.0,False,True,pytorch_quantized_p95_latency,0.0004358375445008278,pytorch,p95_latency,False,1.0
1620,853,261,113,1227,"[853, 261, 113]",gelu,model_7,Float8WeightOnlyConfig,float8,8.0,False,True,pytorch_quantized_p95_latency,0.0005372030660510063,pytorch,p95_latency,False,1.0
1621,853,261,113,1227,"[853, 261, 113]",gelu,model_7,Int8WeightOnlyConfig,int8,8.0,False,True,pytorch_quantized_p99_latency,0.0004381749778985977,pytorch,p99_latency,False,1.0
1622,853,261,113,1227,"[853, 261, 113]",gelu,model_7,Float8WeightOnlyConfig,float8,8.0,False,True,pytorch_quantized_p99_latency,0.0005678825825452804,pytorch,p99_latency,False,1.0
1623,853,261,113,1227,"[853, 261, 113]",gelu,model_7,Int8WeightOnlyConfig,int8,8.0,False,True,pytorch_relative_model_size,0.25,pytorch,model_size,True,1.0
1624,853,261,113,1227,"[853, 261, 113]",gelu,model_7,Float8WeightOnlyConfig,float8,8.0,False,True,pytorch_relative_model_size,0.25,pytorch,model_size,True,1.0
1625,853,261,113,1227,"[853, 261, 113]",gelu,model_7,Int8WeightOnlyConfig,int8,8.0,False,True,pytorch_relative_median_latency,2.4383128709476978,pytorch,median_latency,True,1.0
1626,853,261,113,1227,"[853, 261, 113]",gelu,model_7,Float8WeightOnlyConfig,float8,8.0,False,True,pytorch_relative_median_latency,2.9736881575282297,pytorch,median_latency,True,1.0
1627,853,261,113,1227,"[853, 261, 113]",gelu,model_7,Int8WeightOnlyConfig,int8,8.0,False,True,pytorch_relative_p95_latency,2.354975684184253,pytorch,p95_latency,True,1.0
1628,853,261,113,1227,"[853, 261, 113]",gelu,model_7,Float8WeightOnlyConfig,float8,8.0,False,True,pytorch_relative_p95_latency,2.902687420993728,pytorch,p95_latency,True,1.0
1629,853,261,113,1227,"[853, 261, 113]",gelu,model_7,Int8WeightOnlyConfig,int8,8.0,False,True,pytorch_relative_p99_latency,2.3285864801395944,pytorch,p99_latency,True,1.0
1630,853,261,113,1227,"[853, 261, 113]",gelu,model_7,Float8WeightOnlyConfig,float8,8.0,False,True,pytorch_relative_p99_latency,3.017889589139702,pytorch,p99_latency,True,1.0
1631,853,261,113,1227,"[853, 261, 113]",gelu,model_7,Int8WeightOnlyConfig,int8,8.0,False,True,onnx_quantized_model_size,47751.0,onnx,model_size,False,1.0
1632,853,261,113,1227,"[853, 261, 113]",gelu,model_7,Float8WeightOnlyConfig,float8,8.0,False,True,onnx_quantized_model_size,,onnx,model_size,False,1.0
1633,853,261,113,1227,"[853, 261, 113]",gelu,model_7,Int8WeightOnlyConfig,int8,8.0,False,True,onnx_quantized_median_latency,0.0006496571004390717,onnx,median_latency,False,1.0
1634,853,261,113,1227,"[853, 261, 113]",gelu,model_7,Float8WeightOnlyConfig,float8,8.0,False,True,onnx_quantized_median_latency,,onnx,median_latency,False,1.0
1635,853,261,113,1227,"[853, 261, 113]",gelu,model_7,Int8WeightOnlyConfig,int8,8.0,False,True,onnx_quantized_p95_latency,0.0006918815895915031,onnx,p95_latency,False,1.0
1636,853,261,113,1227,"[853, 261, 113]",gelu,model_7,Float8WeightOnlyConfig,float8,8.0,False,True,onnx_quantized_p95_latency,,onnx,p95_latency,False,1.0
1637,853,261,113,1227,"[853, 261, 113]",gelu,model_7,Int8WeightOnlyConfig,int8,8.0,False,True,onnx_quantized_p99_latency,0.0007029377296566963,onnx,p99_latency,False,1.0
1638,853,261,113,1227,"[853, 261, 113]",gelu,model_7,Float8WeightOnlyConfig,float8,8.0,False,True,onnx_quantized_p99_latency,,onnx,p99_latency,False,1.0
1639,853,261,113,1227,"[853, 261, 113]",gelu,model_7,Int8WeightOnlyConfig,int8,8.0,False,True,onnx_relative_model_size,1.6767091541135573,onnx,model_size,True,1.0
1640,853,261,113,1227,"[853, 261, 113]",gelu,model_7,Float8WeightOnlyConfig,float8,8.0,False,True,onnx_relative_model_size,,onnx,model_size,True,1.0
1641,853,261,113,1227,"[853, 261, 113]",gelu,model_7,Int8WeightOnlyConfig,int8,8.0,False,True,onnx_relative_median_latency,1.0266356226801636,onnx,median_latency,True,1.0
1642,853,261,113,1227,"[853, 261, 113]",gelu,model_7,Float8WeightOnlyConfig,float8,8.0,False,True,onnx_relative_median_latency,,onnx,median_latency,True,1.0
1643,853,261,113,1227,"[853, 261, 113]",gelu,model_7,Int8WeightOnlyConfig,int8,8.0,False,True,onnx_relative_p95_latency,1.060294603745859,onnx,p95_latency,True,1.0
1644,853,261,113,1227,"[853, 261, 113]",gelu,model_7,Float8WeightOnlyConfig,float8,8.0,False,True,onnx_relative_p95_latency,,onnx,p95_latency,True,1.0
1645,853,261,113,1227,"[853, 261, 113]",gelu,model_7,Int8WeightOnlyConfig,int8,8.0,False,True,onnx_relative_p99_latency,0.8725668488392767,onnx,p99_latency,True,1.0
1646,853,261,113,1227,"[853, 261, 113]",gelu,model_7,Float8WeightOnlyConfig,float8,8.0,False,True,onnx_relative_p99_latency,,onnx,p99_latency,True,1.0
1647,853,261,113,1227,"[853, 261, 113]",gelu,model_7,Int8WeightOnlyConfig,int8,8.0,False,True,pt2_quantized_model_size,472481.0,pt2,model_size,False,1.0
1648,853,261,113,1227,"[853, 261, 113]",gelu,model_7,Float8WeightOnlyConfig,float8,8.0,False,True,pt2_quantized_model_size,451681.0,pt2,model_size,False,1.0
1649,853,261,113,1227,"[853, 261, 113]",gelu,model_7,Int8WeightOnlyConfig,int8,8.0,False,True,pt2_quantized_median_latency,0.0008849017322063446,pt2,median_latency,False,1.0
1650,853,261,113,1227,"[853, 261, 113]",gelu,model_7,Float8WeightOnlyConfig,float8,8.0,False,True,pt2_quantized_median_latency,0.0007162652909755707,pt2,median_latency,False,1.0
1651,853,261,113,1227,"[853, 261, 113]",gelu,model_7,Int8WeightOnlyConfig,int8,8.0,False,True,pt2_quantized_p95_latency,0.0009253185242414474,pt2,p95_latency,False,1.0
1652,853,261,113,1227,"[853, 261, 113]",gelu,model_7,Float8WeightOnlyConfig,float8,8.0,False,True,pt2_quantized_p95_latency,0.0007279492914676666,pt2,p95_latency,False,1.0
1653,853,261,113,1227,"[853, 261, 113]",gelu,model_7,Int8WeightOnlyConfig,int8,8.0,False,True,pt2_quantized_p99_latency,0.001064299270510672,pt2,p99_latency,False,1.0
1654,853,261,113,1227,"[853, 261, 113]",gelu,model_7,Float8WeightOnlyConfig,float8,8.0,False,True,pt2_quantized_p99_latency,0.0008330143615603446,pt2,p99_latency,False,1.0
1655,853,261,113,1227,"[853, 261, 113]",gelu,model_7,Int8WeightOnlyConfig,int8,8.0,False,True,pt2_relative_model_size,0.34883219573780055,pt2,model_size,True,1.0
1656,853,261,113,1227,"[853, 261, 113]",gelu,model_7,Float8WeightOnlyConfig,float8,8.0,False,True,pt2_relative_model_size,0.3334755789186136,pt2,model_size,True,1.0
1657,853,261,113,1227,"[853, 261, 113]",gelu,model_7,Int8WeightOnlyConfig,int8,8.0,False,True,pt2_relative_median_latency,0.9929667692912217,pt2,median_latency,True,1.0
1658,853,261,113,1227,"[853, 261, 113]",gelu,model_7,Float8WeightOnlyConfig,float8,8.0,False,True,pt2_relative_median_latency,0.8037362862451745,pt2,median_latency,True,1.0
1659,853,261,113,1227,"[853, 261, 113]",gelu,model_7,Int8WeightOnlyConfig,int8,8.0,False,True,pt2_relative_p95_latency,1.026743080783561,pt2,p95_latency,True,1.0
1660,853,261,113,1227,"[853, 261, 113]",gelu,model_7,Float8WeightOnlyConfig,float8,8.0,False,True,pt2_relative_p95_latency,0.8077401225577275,pt2,p95_latency,True,1.0
1661,853,261,113,1227,"[853, 261, 113]",gelu,model_7,Int8WeightOnlyConfig,int8,8.0,False,True,pt2_relative_p99_latency,1.0083212294124801,pt2,p99_latency,True,1.0
1662,853,261,113,1227,"[853, 261, 113]",gelu,model_7,Float8WeightOnlyConfig,float8,8.0,False,True,pt2_relative_p99_latency,0.7892010155787819,pt2,p99_latency,True,1.0
1663,853,261,113,1227,"[853, 261, 113]",gelu,model_7,Int8WeightOnlyConfig,int8,8.0,False,True,pytorch_quantized_MAE,8.62210492109871,pytorch,MAE,False,2.0
1664,853,261,113,1227,"[853, 261, 113]",gelu,model_7,Float8WeightOnlyConfig,float8,8.0,False,True,pytorch_quantized_MAE,8.614018193529331,pytorch,MAE,False,2.0
1665,853,261,113,1227,"[853, 261, 113]",gelu,model_7,Int8WeightOnlyConfig,int8,8.0,False,True,pytorch_relative_MAE,0.999925047689581,pytorch,MAE,True,2.0
1666,853,261,113,1227,"[853, 261, 113]",gelu,model_7,Float8WeightOnlyConfig,float8,8.0,False,True,pytorch_relative_MAE,0.9989872115666782,pytorch,MAE,True,2.0
1667,853,261,113,1227,"[853, 261, 113]",gelu,model_7,Int8WeightOnlyConfig,int8,8.0,False,True,pytorch_quantized_model_size,322560.0,pytorch,model_size,False,2.0
1668,853,261,113,1227,"[853, 261, 113]",gelu,model_7,Float8WeightOnlyConfig,float8,8.0,False,True,pytorch_quantized_model_size,322560.0,pytorch,model_size,False,2.0
1669,853,261,113,1227,"[853, 261, 113]",gelu,model_7,Int8WeightOnlyConfig,int8,8.0,False,True,pytorch_quantized_median_latency,0.0004298929125070572,pytorch,median_latency,False,2.0
1670,853,261,113,1227,"[853, 261, 113]",gelu,model_7,Float8WeightOnlyConfig,float8,8.0,False,True,pytorch_quantized_median_latency,0.0005828887224197388,pytorch,median_latency,False,2.0
1671,853,261,113,1227,"[853, 261, 113]",gelu,model_7,Int8WeightOnlyConfig,int8,8.0,False,True,pytorch_quantized_p95_latency,0.00044103655964136126,pytorch,p95_latency,False,2.0
1672,853,261,113,1227,"[853, 261, 113]",gelu,model_7,Float8WeightOnlyConfig,float8,8.0,False,True,pytorch_quantized_p95_latency,0.0005898848176002502,pytorch,p95_latency,False,2.0
1673,853,261,113,1227,"[853, 261, 113]",gelu,model_7,Int8WeightOnlyConfig,int8,8.0,False,True,pytorch_quantized_p99_latency,0.0004433534666895866,pytorch,p99_latency,False,2.0
1674,853,261,113,1227,"[853, 261, 113]",gelu,model_7,Float8WeightOnlyConfig,float8,8.0,False,True,pytorch_quantized_p99_latency,0.0005922207608819007,pytorch,p99_latency,False,2.0
1675,853,261,113,1227,"[853, 261, 113]",gelu,model_7,Int8WeightOnlyConfig,int8,8.0,False,True,pytorch_relative_model_size,0.25,pytorch,model_size,True,2.0
1676,853,261,113,1227,"[853, 261, 113]",gelu,model_7,Float8WeightOnlyConfig,float8,8.0,False,True,pytorch_relative_model_size,0.25,pytorch,model_size,True,2.0
1677,853,261,113,1227,"[853, 261, 113]",gelu,model_7,Int8WeightOnlyConfig,int8,8.0,False,True,pytorch_relative_median_latency,2.4630169147857637,pytorch,median_latency,True,2.0
1678,853,261,113,1227,"[853, 261, 113]",gelu,model_7,Float8WeightOnlyConfig,float8,8.0,False,True,pytorch_relative_median_latency,3.339587001760845,pytorch,median_latency,True,2.0
1679,853,261,113,1227,"[853, 261, 113]",gelu,model_7,Int8WeightOnlyConfig,int8,8.0,False,True,pytorch_relative_p95_latency,2.3731151510535113,pytorch,p95_latency,True,2.0
1680,853,261,113,1227,"[853, 261, 113]",gelu,model_7,Float8WeightOnlyConfig,float8,8.0,False,True,pytorch_relative_p95_latency,3.1740330079708627,pytorch,p95_latency,True,2.0
1681,853,261,113,1227,"[853, 261, 113]",gelu,model_7,Int8WeightOnlyConfig,int8,8.0,False,True,pytorch_relative_p99_latency,2.3187766255400604,pytorch,p99_latency,True,2.0
1682,853,261,113,1227,"[853, 261, 113]",gelu,model_7,Float8WeightOnlyConfig,float8,8.0,False,True,pytorch_relative_p99_latency,3.097365331878559,pytorch,p99_latency,True,2.0
1683,853,261,113,1227,"[853, 261, 113]",gelu,model_7,Int8WeightOnlyConfig,int8,8.0,False,True,onnx_quantized_model_size,47751.0,onnx,model_size,False,2.0
1684,853,261,113,1227,"[853, 261, 113]",gelu,model_7,Float8WeightOnlyConfig,float8,8.0,False,True,onnx_quantized_model_size,,onnx,model_size,False,2.0
1685,853,261,113,1227,"[853, 261, 113]",gelu,model_7,Int8WeightOnlyConfig,int8,8.0,False,True,onnx_quantized_median_latency,0.0007233750075101852,onnx,median_latency,False,2.0
1686,853,261,113,1227,"[853, 261, 113]",gelu,model_7,Float8WeightOnlyConfig,float8,8.0,False,True,onnx_quantized_median_latency,,onnx,median_latency,False,2.0
1687,853,261,113,1227,"[853, 261, 113]",gelu,model_7,Int8WeightOnlyConfig,int8,8.0,False,True,onnx_quantized_p95_latency,0.0012255243957042692,onnx,p95_latency,False,2.0
1688,853,261,113,1227,"[853, 261, 113]",gelu,model_7,Float8WeightOnlyConfig,float8,8.0,False,True,onnx_quantized_p95_latency,,onnx,p95_latency,False,2.0
1689,853,261,113,1227,"[853, 261, 113]",gelu,model_7,Int8WeightOnlyConfig,int8,8.0,False,True,onnx_quantized_p99_latency,0.013731600195169448,onnx,p99_latency,False,2.0
1690,853,261,113,1227,"[853, 261, 113]",gelu,model_7,Float8WeightOnlyConfig,float8,8.0,False,True,onnx_quantized_p99_latency,,onnx,p99_latency,False,2.0
1691,853,261,113,1227,"[853, 261, 113]",gelu,model_7,Int8WeightOnlyConfig,int8,8.0,False,True,onnx_relative_model_size,1.6767091541135573,onnx,model_size,True,2.0
1692,853,261,113,1227,"[853, 261, 113]",gelu,model_7,Float8WeightOnlyConfig,float8,8.0,False,True,onnx_relative_model_size,,onnx,model_size,True,2.0
1693,853,261,113,1227,"[853, 261, 113]",gelu,model_7,Int8WeightOnlyConfig,int8,8.0,False,True,onnx_relative_median_latency,1.1409035358817377,onnx,median_latency,True,2.0
1694,853,261,113,1227,"[853, 261, 113]",gelu,model_7,Float8WeightOnlyConfig,float8,8.0,False,True,onnx_relative_median_latency,,onnx,median_latency,True,2.0
1695,853,261,113,1227,"[853, 261, 113]",gelu,model_7,Int8WeightOnlyConfig,int8,8.0,False,True,onnx_relative_p95_latency,1.5452038091086808,onnx,p95_latency,True,2.0
1696,853,261,113,1227,"[853, 261, 113]",gelu,model_7,Float8WeightOnlyConfig,float8,8.0,False,True,onnx_relative_p95_latency,,onnx,p95_latency,True,2.0
1697,853,261,113,1227,"[853, 261, 113]",gelu,model_7,Int8WeightOnlyConfig,int8,8.0,False,True,onnx_relative_p99_latency,12.297950953372293,onnx,p99_latency,True,2.0
1698,853,261,113,1227,"[853, 261, 113]",gelu,model_7,Float8WeightOnlyConfig,float8,8.0,False,True,onnx_relative_p99_latency,,onnx,p99_latency,True,2.0
1699,853,261,113,1227,"[853, 261, 113]",gelu,model_7,Int8WeightOnlyConfig,int8,8.0,False,True,pt2_quantized_model_size,472481.0,pt2,model_size,False,2.0
1700,853,261,113,1227,"[853, 261, 113]",gelu,model_7,Float8WeightOnlyConfig,float8,8.0,False,True,pt2_quantized_model_size,451681.0,pt2,model_size,False,2.0
1701,853,261,113,1227,"[853, 261, 113]",gelu,model_7,Int8WeightOnlyConfig,int8,8.0,False,True,pt2_quantized_median_latency,0.000896332785487175,pt2,median_latency,False,2.0
1702,853,261,113,1227,"[853, 261, 113]",gelu,model_7,Float8WeightOnlyConfig,float8,8.0,False,True,pt2_quantized_median_latency,0.0007257182151079178,pt2,median_latency,False,2.0
1703,853,261,113,1227,"[853, 261, 113]",gelu,model_7,Int8WeightOnlyConfig,int8,8.0,False,True,pt2_quantized_p95_latency,0.0009163998067378997,pt2,p95_latency,False,2.0
1704,853,261,113,1227,"[853, 261, 113]",gelu,model_7,Float8WeightOnlyConfig,float8,8.0,False,True,pt2_quantized_p95_latency,0.0007363533601164818,pt2,p95_latency,False,2.0
1705,853,261,113,1227,"[853, 261, 113]",gelu,model_7,Int8WeightOnlyConfig,int8,8.0,False,True,pt2_quantized_p99_latency,0.0010416051372885702,pt2,p99_latency,False,2.0
1706,853,261,113,1227,"[853, 261, 113]",gelu,model_7,Float8WeightOnlyConfig,float8,8.0,False,True,pt2_quantized_p99_latency,0.0008554799109697342,pt2,p99_latency,False,2.0
1707,853,261,113,1227,"[853, 261, 113]",gelu,model_7,Int8WeightOnlyConfig,int8,8.0,False,True,pt2_relative_model_size,0.34883219573780055,pt2,model_size,True,2.0
1708,853,261,113,1227,"[853, 261, 113]",gelu,model_7,Float8WeightOnlyConfig,float8,8.0,False,True,pt2_relative_model_size,0.3334755789186136,pt2,model_size,True,2.0
1709,853,261,113,1227,"[853, 261, 113]",gelu,model_7,Int8WeightOnlyConfig,int8,8.0,False,True,pt2_relative_median_latency,0.9897429463474029,pt2,median_latency,True,2.0
1710,853,261,113,1227,"[853, 261, 113]",gelu,model_7,Float8WeightOnlyConfig,float8,8.0,False,True,pt2_relative_median_latency,0.8013479993911995,pt2,median_latency,True,2.0
1711,853,261,113,1227,"[853, 261, 113]",gelu,model_7,Int8WeightOnlyConfig,int8,8.0,False,True,pt2_relative_p95_latency,0.998870964958496,pt2,p95_latency,True,2.0
1712,853,261,113,1227,"[853, 261, 113]",gelu,model_7,Float8WeightOnlyConfig,float8,8.0,False,True,pt2_relative_p95_latency,0.8026212859954786,pt2,p95_latency,True,2.0
1713,853,261,113,1227,"[853, 261, 113]",gelu,model_7,Int8WeightOnlyConfig,int8,8.0,False,True,pt2_relative_p99_latency,0.9652331547066064,pt2,p99_latency,True,2.0
1714,853,261,113,1227,"[853, 261, 113]",gelu,model_7,Float8WeightOnlyConfig,float8,8.0,False,True,pt2_relative_p99_latency,0.7927548969304651,pt2,p99_latency,True,2.0
1715,853,261,113,1227,"[853, 261, 113]",gelu,model_7,Int8WeightOnlyConfig,int8,8.0,False,True,pytorch_quantized_MAE,8.381219553476443,pytorch,MAE,False,3.0
1716,853,261,113,1227,"[853, 261, 113]",gelu,model_7,Float8WeightOnlyConfig,float8,8.0,False,True,pytorch_quantized_MAE,8.375507473160608,pytorch,MAE,False,3.0
1717,853,261,113,1227,"[853, 261, 113]",gelu,model_7,Int8WeightOnlyConfig,int8,8.0,False,True,pytorch_relative_MAE,0.9997694903809756,pytorch,MAE,True,3.0
1718,853,261,113,1227,"[853, 261, 113]",gelu,model_7,Float8WeightOnlyConfig,float8,8.0,False,True,pytorch_relative_MAE,0.9990881141695616,pytorch,MAE,True,3.0
1719,853,261,113,1227,"[853, 261, 113]",gelu,model_7,Int8WeightOnlyConfig,int8,8.0,False,True,pytorch_quantized_model_size,322560.0,pytorch,model_size,False,3.0
1720,853,261,113,1227,"[853, 261, 113]",gelu,model_7,Float8WeightOnlyConfig,float8,8.0,False,True,pytorch_quantized_model_size,322560.0,pytorch,model_size,False,3.0
1721,853,261,113,1227,"[853, 261, 113]",gelu,model_7,Int8WeightOnlyConfig,int8,8.0,False,True,pytorch_quantized_median_latency,0.00043398700654506683,pytorch,median_latency,False,3.0
1722,853,261,113,1227,"[853, 261, 113]",gelu,model_7,Float8WeightOnlyConfig,float8,8.0,False,True,pytorch_quantized_median_latency,0.0005289986729621887,pytorch,median_latency,False,3.0
1723,853,261,113,1227,"[853, 261, 113]",gelu,model_7,Int8WeightOnlyConfig,int8,8.0,False,True,pytorch_quantized_p95_latency,0.00044433902949094775,pytorch,p95_latency,False,3.0
1724,853,261,113,1227,"[853, 261, 113]",gelu,model_7,Float8WeightOnlyConfig,float8,8.0,False,True,pytorch_quantized_p95_latency,0.0005922378972172737,pytorch,p95_latency,False,3.0
1725,853,261,113,1227,"[853, 261, 113]",gelu,model_7,Int8WeightOnlyConfig,int8,8.0,False,True,pytorch_quantized_p99_latency,0.00044664259999990466,pytorch,p99_latency,False,3.0
1726,853,261,113,1227,"[853, 261, 113]",gelu,model_7,Float8WeightOnlyConfig,float8,8.0,False,True,pytorch_quantized_p99_latency,0.0005980293080210685,pytorch,p99_latency,False,3.0
1727,853,261,113,1227,"[853, 261, 113]",gelu,model_7,Int8WeightOnlyConfig,int8,8.0,False,True,pytorch_relative_model_size,0.25,pytorch,model_size,True,3.0
1728,853,261,113,1227,"[853, 261, 113]",gelu,model_7,Float8WeightOnlyConfig,float8,8.0,False,True,pytorch_relative_model_size,0.25,pytorch,model_size,True,3.0
1729,853,261,113,1227,"[853, 261, 113]",gelu,model_7,Int8WeightOnlyConfig,int8,8.0,False,True,pytorch_relative_median_latency,2.4775368714311536,pytorch,median_latency,True,3.0
1730,853,261,113,1227,"[853, 261, 113]",gelu,model_7,Float8WeightOnlyConfig,float8,8.0,False,True,pytorch_relative_median_latency,3.0199376880788575,pytorch,median_latency,True,3.0
1731,853,261,113,1227,"[853, 261, 113]",gelu,model_7,Int8WeightOnlyConfig,int8,8.0,False,True,pytorch_relative_p95_latency,2.371391137429781,pytorch,p95_latency,True,3.0
1732,853,261,113,1227,"[853, 261, 113]",gelu,model_7,Float8WeightOnlyConfig,float8,8.0,False,True,pytorch_relative_p95_latency,3.1607119957930774,pytorch,p95_latency,True,3.0
1733,853,261,113,1227,"[853, 261, 113]",gelu,model_7,Int8WeightOnlyConfig,int8,8.0,False,True,pytorch_relative_p99_latency,2.2976478253787262,pytorch,p99_latency,True,3.0
1734,853,261,113,1227,"[853, 261, 113]",gelu,model_7,Float8WeightOnlyConfig,float8,8.0,False,True,pytorch_relative_p99_latency,3.0764211454251025,pytorch,p99_latency,True,3.0
1735,853,261,113,1227,"[853, 261, 113]",gelu,model_7,Int8WeightOnlyConfig,int8,8.0,False,True,onnx_quantized_model_size,47751.0,onnx,model_size,False,3.0
1736,853,261,113,1227,"[853, 261, 113]",gelu,model_7,Float8WeightOnlyConfig,float8,8.0,False,True,onnx_quantized_model_size,,onnx,model_size,False,3.0
1737,853,261,113,1227,"[853, 261, 113]",gelu,model_7,Int8WeightOnlyConfig,int8,8.0,False,True,onnx_quantized_median_latency,0.0006809588521718979,onnx,median_latency,False,3.0
1738,853,261,113,1227,"[853, 261, 113]",gelu,model_7,Float8WeightOnlyConfig,float8,8.0,False,True,onnx_quantized_median_latency,,onnx,median_latency,False,3.0
1739,853,261,113,1227,"[853, 261, 113]",gelu,model_7,Int8WeightOnlyConfig,int8,8.0,False,True,onnx_quantized_p95_latency,0.001227828860282898,onnx,p95_latency,False,3.0
1740,853,261,113,1227,"[853, 261, 113]",gelu,model_7,Float8WeightOnlyConfig,float8,8.0,False,True,onnx_quantized_p95_latency,,onnx,p95_latency,False,3.0
1741,853,261,113,1227,"[853, 261, 113]",gelu,model_7,Int8WeightOnlyConfig,int8,8.0,False,True,onnx_quantized_p99_latency,0.0012792738899588569,onnx,p99_latency,False,3.0
1742,853,261,113,1227,"[853, 261, 113]",gelu,model_7,Float8WeightOnlyConfig,float8,8.0,False,True,onnx_quantized_p99_latency,,onnx,p99_latency,False,3.0
1743,853,261,113,1227,"[853, 261, 113]",gelu,model_7,Int8WeightOnlyConfig,int8,8.0,False,True,onnx_relative_model_size,1.6767091541135573,onnx,model_size,True,3.0
1744,853,261,113,1227,"[853, 261, 113]",gelu,model_7,Float8WeightOnlyConfig,float8,8.0,False,True,onnx_relative_model_size,,onnx,model_size,True,3.0
1745,853,261,113,1227,"[853, 261, 113]",gelu,model_7,Int8WeightOnlyConfig,int8,8.0,False,True,onnx_relative_median_latency,1.0683961505977795,onnx,median_latency,True,3.0
1746,853,261,113,1227,"[853, 261, 113]",gelu,model_7,Float8WeightOnlyConfig,float8,8.0,False,True,onnx_relative_median_latency,,onnx,median_latency,True,3.0
1747,853,261,113,1227,"[853, 261, 113]",gelu,model_7,Int8WeightOnlyConfig,int8,8.0,False,True,onnx_relative_p95_latency,1.1055707256187566,onnx,p95_latency,True,3.0
1748,853,261,113,1227,"[853, 261, 113]",gelu,model_7,Float8WeightOnlyConfig,float8,8.0,False,True,onnx_relative_p95_latency,,onnx,p95_latency,True,3.0
1749,853,261,113,1227,"[853, 261, 113]",gelu,model_7,Int8WeightOnlyConfig,int8,8.0,False,True,onnx_relative_p99_latency,1.1286662737945874,onnx,p99_latency,True,3.0
1750,853,261,113,1227,"[853, 261, 113]",gelu,model_7,Float8WeightOnlyConfig,float8,8.0,False,True,onnx_relative_p99_latency,,onnx,p99_latency,True,3.0
1751,853,261,113,1227,"[853, 261, 113]",gelu,model_7,Int8WeightOnlyConfig,int8,8.0,False,True,pt2_quantized_model_size,472481.0,pt2,model_size,False,3.0
1752,853,261,113,1227,"[853, 261, 113]",gelu,model_7,Float8WeightOnlyConfig,float8,8.0,False,True,pt2_quantized_model_size,451681.0,pt2,model_size,False,3.0
1753,853,261,113,1227,"[853, 261, 113]",gelu,model_7,Int8WeightOnlyConfig,int8,8.0,False,True,pt2_quantized_median_latency,0.000901421532034874,pt2,median_latency,False,3.0
1754,853,261,113,1227,"[853, 261, 113]",gelu,model_7,Float8WeightOnlyConfig,float8,8.0,False,True,pt2_quantized_median_latency,0.0007315687835216522,pt2,median_latency,False,3.0
1755,853,261,113,1227,"[853, 261, 113]",gelu,model_7,Int8WeightOnlyConfig,int8,8.0,False,True,pt2_quantized_p95_latency,0.0009122658520936966,pt2,p95_latency,False,3.0
1756,853,261,113,1227,"[853, 261, 113]",gelu,model_7,Float8WeightOnlyConfig,float8,8.0,False,True,pt2_quantized_p95_latency,0.0007406687363982201,pt2,p95_latency,False,3.0
1757,853,261,113,1227,"[853, 261, 113]",gelu,model_7,Int8WeightOnlyConfig,int8,8.0,False,True,pt2_quantized_p99_latency,0.0010266776382923126,pt2,p99_latency,False,3.0
1758,853,261,113,1227,"[853, 261, 113]",gelu,model_7,Float8WeightOnlyConfig,float8,8.0,False,True,pt2_quantized_p99_latency,0.0008613645285367966,pt2,p99_latency,False,3.0
1759,853,261,113,1227,"[853, 261, 113]",gelu,model_7,Int8WeightOnlyConfig,int8,8.0,False,True,pt2_relative_model_size,0.34883219573780055,pt2,model_size,True,3.0
1760,853,261,113,1227,"[853, 261, 113]",gelu,model_7,Float8WeightOnlyConfig,float8,8.0,False,True,pt2_relative_model_size,0.3334755789186136,pt2,model_size,True,3.0
1761,853,261,113,1227,"[853, 261, 113]",gelu,model_7,Int8WeightOnlyConfig,int8,8.0,False,True,pt2_relative_median_latency,0.9618401779201704,pt2,median_latency,True,3.0
1762,853,261,113,1227,"[853, 261, 113]",gelu,model_7,Float8WeightOnlyConfig,float8,8.0,False,True,pt2_relative_median_latency,0.7806028854390467,pt2,median_latency,True,3.0
1763,853,261,113,1227,"[853, 261, 113]",gelu,model_7,Int8WeightOnlyConfig,int8,8.0,False,True,pt2_relative_p95_latency,0.9642422255756928,pt2,p95_latency,True,3.0
1764,853,261,113,1227,"[853, 261, 113]",gelu,model_7,Float8WeightOnlyConfig,float8,8.0,False,True,pt2_relative_p95_latency,0.7828683592177291,pt2,p95_latency,True,3.0
1765,853,261,113,1227,"[853, 261, 113]",gelu,model_7,Int8WeightOnlyConfig,int8,8.0,False,True,pt2_relative_p99_latency,0.9331031154677213,pt2,p99_latency,True,3.0
1766,853,261,113,1227,"[853, 261, 113]",gelu,model_7,Float8WeightOnlyConfig,float8,8.0,False,True,pt2_relative_p99_latency,0.7828571453722759,pt2,p99_latency,True,3.0
1767,222,117,32,371,"[222, 117, 32]",relu,model_8,Int8WeightOnlyConfig,int8,8.0,False,True,pytorch_quantized_MAE,7.977591499335791,pytorch,MAE,False,1.0
1768,222,117,32,371,"[222, 117, 32]",relu,model_8,Float8WeightOnlyConfig,float8,8.0,False,True,pytorch_quantized_MAE,8.040642466504734,pytorch,MAE,False,1.0
1769,222,117,32,371,"[222, 117, 32]",relu,model_8,Int8WeightOnlyConfig,int8,8.0,False,True,pytorch_relative_MAE,1.0009371660568438,pytorch,MAE,True,1.0
1770,222,117,32,371,"[222, 117, 32]",relu,model_8,Float8WeightOnlyConfig,float8,8.0,False,True,pytorch_relative_MAE,1.0088480820771089,pytorch,MAE,True,1.0
1771,222,117,32,371,"[222, 117, 32]",relu,model_8,Int8WeightOnlyConfig,int8,8.0,False,True,pytorch_quantized_model_size,48104.0,pytorch,model_size,False,1.0
1772,222,117,32,371,"[222, 117, 32]",relu,model_8,Float8WeightOnlyConfig,float8,8.0,False,True,pytorch_quantized_model_size,48104.0,pytorch,model_size,False,1.0
1773,222,117,32,371,"[222, 117, 32]",relu,model_8,Int8WeightOnlyConfig,int8,8.0,False,True,pytorch_quantized_median_latency,0.0004661213606595993,pytorch,median_latency,False,1.0
1774,222,117,32,371,"[222, 117, 32]",relu,model_8,Float8WeightOnlyConfig,float8,8.0,False,True,pytorch_quantized_median_latency,0.0005120877176523209,pytorch,median_latency,False,1.0
1775,222,117,32,371,"[222, 117, 32]",relu,model_8,Int8WeightOnlyConfig,int8,8.0,False,True,pytorch_quantized_p95_latency,0.0004760449752211571,pytorch,p95_latency,False,1.0
1776,222,117,32,371,"[222, 117, 32]",relu,model_8,Float8WeightOnlyConfig,float8,8.0,False,True,pytorch_quantized_p95_latency,0.0005200371146202087,pytorch,p95_latency,False,1.0
1777,222,117,32,371,"[222, 117, 32]",relu,model_8,Int8WeightOnlyConfig,int8,8.0,False,True,pytorch_quantized_p99_latency,0.00048104178160429,pytorch,p99_latency,False,1.0
1778,222,117,32,371,"[222, 117, 32]",relu,model_8,Float8WeightOnlyConfig,float8,8.0,False,True,pytorch_quantized_p99_latency,0.0005245904624462127,pytorch,p99_latency,False,1.0
1779,222,117,32,371,"[222, 117, 32]",relu,model_8,Int8WeightOnlyConfig,int8,8.0,False,True,pytorch_relative_model_size,0.25,pytorch,model_size,True,1.0
1780,222,117,32,371,"[222, 117, 32]",relu,model_8,Float8WeightOnlyConfig,float8,8.0,False,True,pytorch_relative_model_size,0.25,pytorch,model_size,True,1.0
1781,222,117,32,371,"[222, 117, 32]",relu,model_8,Int8WeightOnlyConfig,int8,8.0,False,True,pytorch_relative_median_latency,2.683067257073626,pytorch,median_latency,True,1.0
1782,222,117,32,371,"[222, 117, 32]",relu,model_8,Float8WeightOnlyConfig,float8,8.0,False,True,pytorch_relative_median_latency,2.947656777707491,pytorch,median_latency,True,1.0
1783,222,117,32,371,"[222, 117, 32]",relu,model_8,Int8WeightOnlyConfig,int8,8.0,False,True,pytorch_relative_p95_latency,2.5665882688476125,pytorch,p95_latency,True,1.0
1784,222,117,32,371,"[222, 117, 32]",relu,model_8,Float8WeightOnlyConfig,float8,8.0,False,True,pytorch_relative_p95_latency,2.8037711292499514,pytorch,p95_latency,True,1.0
1785,222,117,32,371,"[222, 117, 32]",relu,model_8,Int8WeightOnlyConfig,int8,8.0,False,True,pytorch_relative_p99_latency,2.555649125334773,pytorch,p99_latency,True,1.0
1786,222,117,32,371,"[222, 117, 32]",relu,model_8,Float8WeightOnlyConfig,float8,8.0,False,True,pytorch_relative_p99_latency,2.7870118725206203,pytorch,p99_latency,True,1.0
1787,222,117,32,371,"[222, 117, 32]",relu,model_8,Int8WeightOnlyConfig,int8,8.0,False,True,onnx_quantized_model_size,31658.0,onnx,model_size,False,1.0
1788,222,117,32,371,"[222, 117, 32]",relu,model_8,Float8WeightOnlyConfig,float8,8.0,False,True,onnx_quantized_model_size,,onnx,model_size,False,1.0
1789,222,117,32,371,"[222, 117, 32]",relu,model_8,Int8WeightOnlyConfig,int8,8.0,False,True,onnx_quantized_median_latency,0.00017726793885231018,onnx,median_latency,False,1.0
1790,222,117,32,371,"[222, 117, 32]",relu,model_8,Float8WeightOnlyConfig,float8,8.0,False,True,onnx_quantized_median_latency,,onnx,median_latency,False,1.0
1791,222,117,32,371,"[222, 117, 32]",relu,model_8,Int8WeightOnlyConfig,int8,8.0,False,True,onnx_quantized_p95_latency,0.0001903703436255455,onnx,p95_latency,False,1.0
1792,222,117,32,371,"[222, 117, 32]",relu,model_8,Float8WeightOnlyConfig,float8,8.0,False,True,onnx_quantized_p95_latency,,onnx,p95_latency,False,1.0
1793,222,117,32,371,"[222, 117, 32]",relu,model_8,Int8WeightOnlyConfig,int8,8.0,False,True,onnx_quantized_p99_latency,0.00019801940768957138,onnx,p99_latency,False,1.0
1794,222,117,32,371,"[222, 117, 32]",relu,model_8,Float8WeightOnlyConfig,float8,8.0,False,True,onnx_quantized_p99_latency,,onnx,p99_latency,False,1.0
1795,222,117,32,371,"[222, 117, 32]",relu,model_8,Int8WeightOnlyConfig,int8,8.0,False,True,onnx_relative_model_size,2.3262546844000296,onnx,model_size,True,1.0
1796,222,117,32,371,"[222, 117, 32]",relu,model_8,Float8WeightOnlyConfig,float8,8.0,False,True,onnx_relative_model_size,,onnx,model_size,True,1.0
1797,222,117,32,371,"[222, 117, 32]",relu,model_8,Int8WeightOnlyConfig,int8,8.0,False,True,onnx_relative_median_latency,1.4053455404607207,onnx,median_latency,True,1.0
1798,222,117,32,371,"[222, 117, 32]",relu,model_8,Float8WeightOnlyConfig,float8,8.0,False,True,onnx_relative_median_latency,,onnx,median_latency,True,1.0
1799,222,117,32,371,"[222, 117, 32]",relu,model_8,Int8WeightOnlyConfig,int8,8.0,False,True,onnx_relative_p95_latency,1.3553419044272197,onnx,p95_latency,True,1.0
1800,222,117,32,371,"[222, 117, 32]",relu,model_8,Float8WeightOnlyConfig,float8,8.0,False,True,onnx_relative_p95_latency,,onnx,p95_latency,True,1.0
1801,222,117,32,371,"[222, 117, 32]",relu,model_8,Int8WeightOnlyConfig,int8,8.0,False,True,onnx_relative_p99_latency,1.3573510992399354,onnx,p99_latency,True,1.0
1802,222,117,32,371,"[222, 117, 32]",relu,model_8,Float8WeightOnlyConfig,float8,8.0,False,True,onnx_relative_p99_latency,,onnx,p99_latency,True,1.0
1803,222,117,32,371,"[222, 117, 32]",relu,model_8,Int8WeightOnlyConfig,int8,8.0,False,True,pt2_quantized_model_size,191905.0,pt2,model_size,False,1.0
1804,222,117,32,371,"[222, 117, 32]",relu,model_8,Float8WeightOnlyConfig,float8,8.0,False,True,pt2_quantized_model_size,171169.0,pt2,model_size,False,1.0
1805,222,117,32,371,"[222, 117, 32]",relu,model_8,Int8WeightOnlyConfig,int8,8.0,False,True,pt2_quantized_median_latency,0.0008804630488157272,pt2,median_latency,False,1.0
1806,222,117,32,371,"[222, 117, 32]",relu,model_8,Float8WeightOnlyConfig,float8,8.0,False,True,pt2_quantized_median_latency,0.0007131919264793396,pt2,median_latency,False,1.0
1807,222,117,32,371,"[222, 117, 32]",relu,model_8,Int8WeightOnlyConfig,int8,8.0,False,True,pt2_quantized_p95_latency,0.0008970994502305984,pt2,p95_latency,False,1.0
1808,222,117,32,371,"[222, 117, 32]",relu,model_8,Float8WeightOnlyConfig,float8,8.0,False,True,pt2_quantized_p95_latency,0.0007235340774059296,pt2,p95_latency,False,1.0
1809,222,117,32,371,"[222, 117, 32]",relu,model_8,Int8WeightOnlyConfig,int8,8.0,False,True,pt2_quantized_p99_latency,0.001028471253812313,pt2,p99_latency,False,1.0
1810,222,117,32,371,"[222, 117, 32]",relu,model_8,Float8WeightOnlyConfig,float8,8.0,False,True,pt2_quantized_p99_latency,0.0008426867052912712,pt2,p99_latency,False,1.0
1811,222,117,32,371,"[222, 117, 32]",relu,model_8,Int8WeightOnlyConfig,int8,8.0,False,True,pt2_relative_model_size,0.7476633693454318,pt2,model_size,True,1.0
1812,222,117,32,371,"[222, 117, 32]",relu,model_8,Float8WeightOnlyConfig,float8,8.0,False,True,pt2_relative_model_size,0.6668757524164988,pt2,model_size,True,1.0
1813,222,117,32,371,"[222, 117, 32]",relu,model_8,Int8WeightOnlyConfig,int8,8.0,False,True,pt2_relative_median_latency,2.0913024434917644,pt2,median_latency,True,1.0
1814,222,117,32,371,"[222, 117, 32]",relu,model_8,Float8WeightOnlyConfig,float8,8.0,False,True,pt2_relative_median_latency,1.6939950183383548,pt2,median_latency,True,1.0
1815,222,117,32,371,"[222, 117, 32]",relu,model_8,Int8WeightOnlyConfig,int8,8.0,False,True,pt2_relative_p95_latency,2.0513228299706587,pt2,p95_latency,True,1.0
1816,222,117,32,371,"[222, 117, 32]",relu,model_8,Float8WeightOnlyConfig,float8,8.0,False,True,pt2_relative_p95_latency,1.6544453024277617,pt2,p95_latency,True,1.0
1817,222,117,32,371,"[222, 117, 32]",relu,model_8,Int8WeightOnlyConfig,int8,8.0,False,True,pt2_relative_p99_latency,1.7590384682653202,pt2,p99_latency,True,1.0
1818,222,117,32,371,"[222, 117, 32]",relu,model_8,Float8WeightOnlyConfig,float8,8.0,False,True,pt2_relative_p99_latency,1.4412831917357771,pt2,p99_latency,True,1.0
1819,222,117,32,371,"[222, 117, 32]",relu,model_8,Int8WeightOnlyConfig,int8,8.0,False,True,pytorch_quantized_MAE,8.181181327195405,pytorch,MAE,False,2.0
1820,222,117,32,371,"[222, 117, 32]",relu,model_8,Float8WeightOnlyConfig,float8,8.0,False,True,pytorch_quantized_MAE,8.2376362431868,pytorch,MAE,False,2.0
1821,222,117,32,371,"[222, 117, 32]",relu,model_8,Int8WeightOnlyConfig,int8,8.0,False,True,pytorch_relative_MAE,1.0011542257615702,pytorch,MAE,True,2.0
1822,222,117,32,371,"[222, 117, 32]",relu,model_8,Float8WeightOnlyConfig,float8,8.0,False,True,pytorch_relative_MAE,1.0080627730054652,pytorch,MAE,True,2.0
1823,222,117,32,371,"[222, 117, 32]",relu,model_8,Int8WeightOnlyConfig,int8,8.0,False,True,pytorch_quantized_model_size,48104.0,pytorch,model_size,False,2.0
1824,222,117,32,371,"[222, 117, 32]",relu,model_8,Float8WeightOnlyConfig,float8,8.0,False,True,pytorch_quantized_model_size,48104.0,pytorch,model_size,False,2.0
1825,222,117,32,371,"[222, 117, 32]",relu,model_8,Int8WeightOnlyConfig,int8,8.0,False,True,pytorch_quantized_median_latency,0.0004558563232421875,pytorch,median_latency,False,2.0
1826,222,117,32,371,"[222, 117, 32]",relu,model_8,Float8WeightOnlyConfig,float8,8.0,False,True,pytorch_quantized_median_latency,0.0005034785717725754,pytorch,median_latency,False,2.0
1827,222,117,32,371,"[222, 117, 32]",relu,model_8,Int8WeightOnlyConfig,int8,8.0,False,True,pytorch_quantized_p95_latency,0.0004665842279791832,pytorch,p95_latency,False,2.0
1828,222,117,32,371,"[222, 117, 32]",relu,model_8,Float8WeightOnlyConfig,float8,8.0,False,True,pytorch_quantized_p95_latency,0.0005153516307473182,pytorch,p95_latency,False,2.0
1829,222,117,32,371,"[222, 117, 32]",relu,model_8,Int8WeightOnlyConfig,int8,8.0,False,True,pytorch_quantized_p99_latency,0.00046936456114053725,pytorch,p99_latency,False,2.0
1830,222,117,32,371,"[222, 117, 32]",relu,model_8,Float8WeightOnlyConfig,float8,8.0,False,True,pytorch_quantized_p99_latency,0.000570443756878376,pytorch,p99_latency,False,2.0
1831,222,117,32,371,"[222, 117, 32]",relu,model_8,Int8WeightOnlyConfig,int8,8.0,False,True,pytorch_relative_model_size,0.25,pytorch,model_size,True,2.0
1832,222,117,32,371,"[222, 117, 32]",relu,model_8,Float8WeightOnlyConfig,float8,8.0,False,True,pytorch_relative_model_size,0.25,pytorch,model_size,True,2.0
1833,222,117,32,371,"[222, 117, 32]",relu,model_8,Int8WeightOnlyConfig,int8,8.0,False,True,pytorch_relative_median_latency,2.655238632541689,pytorch,median_latency,True,2.0
1834,222,117,32,371,"[222, 117, 32]",relu,model_8,Float8WeightOnlyConfig,float8,8.0,False,True,pytorch_relative_median_latency,2.932625229193564,pytorch,median_latency,True,2.0
1835,222,117,32,371,"[222, 117, 32]",relu,model_8,Int8WeightOnlyConfig,int8,8.0,False,True,pytorch_relative_p95_latency,2.5371231848608504,pytorch,p95_latency,True,2.0
1836,222,117,32,371,"[222, 117, 32]",relu,model_8,Float8WeightOnlyConfig,float8,8.0,False,True,pytorch_relative_p95_latency,2.802303404870351,pytorch,p95_latency,True,2.0
1837,222,117,32,371,"[222, 117, 32]",relu,model_8,Int8WeightOnlyConfig,int8,8.0,False,True,pytorch_relative_p99_latency,2.4998485139786784,pytorch,p99_latency,True,2.0
1838,222,117,32,371,"[222, 117, 32]",relu,model_8,Float8WeightOnlyConfig,float8,8.0,False,True,pytorch_relative_p99_latency,3.0381990802110055,pytorch,p99_latency,True,2.0
1839,222,117,32,371,"[222, 117, 32]",relu,model_8,Int8WeightOnlyConfig,int8,8.0,False,True,onnx_quantized_model_size,31658.0,onnx,model_size,False,2.0
1840,222,117,32,371,"[222, 117, 32]",relu,model_8,Float8WeightOnlyConfig,float8,8.0,False,True,onnx_quantized_model_size,,onnx,model_size,False,2.0
1841,222,117,32,371,"[222, 117, 32]",relu,model_8,Int8WeightOnlyConfig,int8,8.0,False,True,onnx_quantized_median_latency,0.0001798737794160843,onnx,median_latency,False,2.0
1842,222,117,32,371,"[222, 117, 32]",relu,model_8,Float8WeightOnlyConfig,float8,8.0,False,True,onnx_quantized_median_latency,,onnx,median_latency,False,2.0
1843,222,117,32,371,"[222, 117, 32]",relu,model_8,Int8WeightOnlyConfig,int8,8.0,False,True,onnx_quantized_p95_latency,0.00019706469029188157,onnx,p95_latency,False,2.0
1844,222,117,32,371,"[222, 117, 32]",relu,model_8,Float8WeightOnlyConfig,float8,8.0,False,True,onnx_quantized_p95_latency,,onnx,p95_latency,False,2.0
1845,222,117,32,371,"[222, 117, 32]",relu,model_8,Int8WeightOnlyConfig,int8,8.0,False,True,onnx_quantized_p99_latency,0.00019873123615980146,onnx,p99_latency,False,2.0
1846,222,117,32,371,"[222, 117, 32]",relu,model_8,Float8WeightOnlyConfig,float8,8.0,False,True,onnx_quantized_p99_latency,,onnx,p99_latency,False,2.0
1847,222,117,32,371,"[222, 117, 32]",relu,model_8,Int8WeightOnlyConfig,int8,8.0,False,True,onnx_relative_model_size,2.3262546844000296,onnx,model_size,True,2.0
1848,222,117,32,371,"[222, 117, 32]",relu,model_8,Float8WeightOnlyConfig,float8,8.0,False,True,onnx_relative_model_size,,onnx,model_size,True,2.0
1849,222,117,32,371,"[222, 117, 32]",relu,model_8,Int8WeightOnlyConfig,int8,8.0,False,True,onnx_relative_median_latency,1.3993479205912187,onnx,median_latency,True,2.0
1850,222,117,32,371,"[222, 117, 32]",relu,model_8,Float8WeightOnlyConfig,float8,8.0,False,True,onnx_relative_median_latency,,onnx,median_latency,True,2.0
1851,222,117,32,371,"[222, 117, 32]",relu,model_8,Int8WeightOnlyConfig,int8,8.0,False,True,onnx_relative_p95_latency,1.4047664571433123,onnx,p95_latency,True,2.0
1852,222,117,32,371,"[222, 117, 32]",relu,model_8,Float8WeightOnlyConfig,float8,8.0,False,True,onnx_relative_p95_latency,,onnx,p95_latency,True,2.0
1853,222,117,32,371,"[222, 117, 32]",relu,model_8,Int8WeightOnlyConfig,int8,8.0,False,True,onnx_relative_p99_latency,1.3091476510857687,onnx,p99_latency,True,2.0
1854,222,117,32,371,"[222, 117, 32]",relu,model_8,Float8WeightOnlyConfig,float8,8.0,False,True,onnx_relative_p99_latency,,onnx,p99_latency,True,2.0
1855,222,117,32,371,"[222, 117, 32]",relu,model_8,Int8WeightOnlyConfig,int8,8.0,False,True,pt2_quantized_model_size,191905.0,pt2,model_size,False,2.0
1856,222,117,32,371,"[222, 117, 32]",relu,model_8,Float8WeightOnlyConfig,float8,8.0,False,True,pt2_quantized_model_size,171169.0,pt2,model_size,False,2.0
1857,222,117,32,371,"[222, 117, 32]",relu,model_8,Int8WeightOnlyConfig,int8,8.0,False,True,pt2_quantized_median_latency,0.0008749011904001236,pt2,median_latency,False,2.0
1858,222,117,32,371,"[222, 117, 32]",relu,model_8,Float8WeightOnlyConfig,float8,8.0,False,True,pt2_quantized_median_latency,0.0007137451320886612,pt2,median_latency,False,2.0
1859,222,117,32,371,"[222, 117, 32]",relu,model_8,Int8WeightOnlyConfig,int8,8.0,False,True,pt2_quantized_p95_latency,0.0008857019245624542,pt2,p95_latency,False,2.0
1860,222,117,32,371,"[222, 117, 32]",relu,model_8,Float8WeightOnlyConfig,float8,8.0,False,True,pt2_quantized_p95_latency,0.0007237249985337257,pt2,p95_latency,False,2.0
1861,222,117,32,371,"[222, 117, 32]",relu,model_8,Int8WeightOnlyConfig,int8,8.0,False,True,pt2_quantized_p99_latency,0.0010071014985442162,pt2,p99_latency,False,2.0
1862,222,117,32,371,"[222, 117, 32]",relu,model_8,Float8WeightOnlyConfig,float8,8.0,False,True,pt2_quantized_p99_latency,0.0008467890322208405,pt2,p99_latency,False,2.0
1863,222,117,32,371,"[222, 117, 32]",relu,model_8,Int8WeightOnlyConfig,int8,8.0,False,True,pt2_relative_model_size,0.7476633693454318,pt2,model_size,True,2.0
1864,222,117,32,371,"[222, 117, 32]",relu,model_8,Float8WeightOnlyConfig,float8,8.0,False,True,pt2_relative_model_size,0.6668757524164988,pt2,model_size,True,2.0
1865,222,117,32,371,"[222, 117, 32]",relu,model_8,Int8WeightOnlyConfig,int8,8.0,False,True,pt2_relative_median_latency,2.224506516632568,pt2,median_latency,True,2.0
1866,222,117,32,371,"[222, 117, 32]",relu,model_8,Float8WeightOnlyConfig,float8,8.0,False,True,pt2_relative_median_latency,1.8147543002197468,pt2,median_latency,True,2.0
1867,222,117,32,371,"[222, 117, 32]",relu,model_8,Int8WeightOnlyConfig,int8,8.0,False,True,pt2_relative_p95_latency,2.1816878790937535,pt2,p95_latency,True,2.0
1868,222,117,32,371,"[222, 117, 32]",relu,model_8,Float8WeightOnlyConfig,float8,8.0,False,True,pt2_relative_p95_latency,1.782701395707351,pt2,p95_latency,True,2.0
1869,222,117,32,371,"[222, 117, 32]",relu,model_8,Int8WeightOnlyConfig,int8,8.0,False,True,pt2_relative_p99_latency,1.7982134119751167,pt2,p99_latency,True,2.0
1870,222,117,32,371,"[222, 117, 32]",relu,model_8,Float8WeightOnlyConfig,float8,8.0,False,True,pt2_relative_p99_latency,1.5119701410970456,pt2,p99_latency,True,2.0
1871,222,117,32,371,"[222, 117, 32]",relu,model_8,Int8WeightOnlyConfig,int8,8.0,False,True,pytorch_quantized_MAE,8.007833479040654,pytorch,MAE,False,3.0
1872,222,117,32,371,"[222, 117, 32]",relu,model_8,Float8WeightOnlyConfig,float8,8.0,False,True,pytorch_quantized_MAE,8.081844498498867,pytorch,MAE,False,3.0
1873,222,117,32,371,"[222, 117, 32]",relu,model_8,Int8WeightOnlyConfig,int8,8.0,False,True,pytorch_relative_MAE,1.0005976011933573,pytorch,MAE,True,3.0
1874,222,117,32,371,"[222, 117, 32]",relu,model_8,Float8WeightOnlyConfig,float8,8.0,False,True,pytorch_relative_MAE,1.0098454519042381,pytorch,MAE,True,3.0
1875,222,117,32,371,"[222, 117, 32]",relu,model_8,Int8WeightOnlyConfig,int8,8.0,False,True,pytorch_quantized_model_size,48104.0,pytorch,model_size,False,3.0
1876,222,117,32,371,"[222, 117, 32]",relu,model_8,Float8WeightOnlyConfig,float8,8.0,False,True,pytorch_quantized_model_size,48104.0,pytorch,model_size,False,3.0
1877,222,117,32,371,"[222, 117, 32]",relu,model_8,Int8WeightOnlyConfig,int8,8.0,False,True,pytorch_quantized_median_latency,0.00040866248309612274,pytorch,median_latency,False,3.0
1878,222,117,32,371,"[222, 117, 32]",relu,model_8,Float8WeightOnlyConfig,float8,8.0,False,True,pytorch_quantized_median_latency,0.0004958491772413254,pytorch,median_latency,False,3.0
1879,222,117,32,371,"[222, 117, 32]",relu,model_8,Int8WeightOnlyConfig,int8,8.0,False,True,pytorch_quantized_p95_latency,0.0004204707220196724,pytorch,p95_latency,False,3.0
1880,222,117,32,371,"[222, 117, 32]",relu,model_8,Float8WeightOnlyConfig,float8,8.0,False,True,pytorch_quantized_p95_latency,0.0005046440288424492,pytorch,p95_latency,False,3.0
1881,222,117,32,371,"[222, 117, 32]",relu,model_8,Int8WeightOnlyConfig,int8,8.0,False,True,pytorch_quantized_p99_latency,0.00042258642613887784,pytorch,p99_latency,False,3.0
1882,222,117,32,371,"[222, 117, 32]",relu,model_8,Float8WeightOnlyConfig,float8,8.0,False,True,pytorch_quantized_p99_latency,0.0005134632810950279,pytorch,p99_latency,False,3.0
1883,222,117,32,371,"[222, 117, 32]",relu,model_8,Int8WeightOnlyConfig,int8,8.0,False,True,pytorch_relative_model_size,0.25,pytorch,model_size,True,3.0
1884,222,117,32,371,"[222, 117, 32]",relu,model_8,Float8WeightOnlyConfig,float8,8.0,False,True,pytorch_relative_model_size,0.25,pytorch,model_size,True,3.0
1885,222,117,32,371,"[222, 117, 32]",relu,model_8,Int8WeightOnlyConfig,int8,8.0,False,True,pytorch_relative_median_latency,2.701292785028318,pytorch,median_latency,True,3.0
1886,222,117,32,371,"[222, 117, 32]",relu,model_8,Float8WeightOnlyConfig,float8,8.0,False,True,pytorch_relative_median_latency,3.2776040384141836,pytorch,median_latency,True,3.0
1887,222,117,32,371,"[222, 117, 32]",relu,model_8,Int8WeightOnlyConfig,int8,8.0,False,True,pytorch_relative_p95_latency,2.615238552028231,pytorch,p95_latency,True,3.0
1888,222,117,32,371,"[222, 117, 32]",relu,model_8,Float8WeightOnlyConfig,float8,8.0,False,True,pytorch_relative_p95_latency,3.138778635859151,pytorch,p95_latency,True,3.0
1889,222,117,32,371,"[222, 117, 32]",relu,model_8,Int8WeightOnlyConfig,int8,8.0,False,True,pytorch_relative_p99_latency,2.5982333681101526,pytorch,p99_latency,True,3.0
1890,222,117,32,371,"[222, 117, 32]",relu,model_8,Float8WeightOnlyConfig,float8,8.0,False,True,pytorch_relative_p99_latency,3.156981265181456,pytorch,p99_latency,True,3.0
1891,222,117,32,371,"[222, 117, 32]",relu,model_8,Int8WeightOnlyConfig,int8,8.0,False,True,onnx_quantized_model_size,31658.0,onnx,model_size,False,3.0
1892,222,117,32,371,"[222, 117, 32]",relu,model_8,Float8WeightOnlyConfig,float8,8.0,False,True,onnx_quantized_model_size,,onnx,model_size,False,3.0
1893,222,117,32,371,"[222, 117, 32]",relu,model_8,Int8WeightOnlyConfig,int8,8.0,False,True,onnx_quantized_median_latency,0.0001777689903974533,onnx,median_latency,False,3.0
1894,222,117,32,371,"[222, 117, 32]",relu,model_8,Float8WeightOnlyConfig,float8,8.0,False,True,onnx_quantized_median_latency,,onnx,median_latency,False,3.0
1895,222,117,32,371,"[222, 117, 32]",relu,model_8,Int8WeightOnlyConfig,int8,8.0,False,True,onnx_quantized_p95_latency,0.0001853877678513527,onnx,p95_latency,False,3.0
1896,222,117,32,371,"[222, 117, 32]",relu,model_8,Float8WeightOnlyConfig,float8,8.0,False,True,onnx_quantized_p95_latency,,onnx,p95_latency,False,3.0
1897,222,117,32,371,"[222, 117, 32]",relu,model_8,Int8WeightOnlyConfig,int8,8.0,False,True,onnx_quantized_p99_latency,0.0001878882572054863,onnx,p99_latency,False,3.0
1898,222,117,32,371,"[222, 117, 32]",relu,model_8,Float8WeightOnlyConfig,float8,8.0,False,True,onnx_quantized_p99_latency,,onnx,p99_latency,False,3.0
1899,222,117,32,371,"[222, 117, 32]",relu,model_8,Int8WeightOnlyConfig,int8,8.0,False,True,onnx_relative_model_size,2.3262546844000296,onnx,model_size,True,3.0
1900,222,117,32,371,"[222, 117, 32]",relu,model_8,Float8WeightOnlyConfig,float8,8.0,False,True,onnx_relative_model_size,,onnx,model_size,True,3.0
1901,222,117,32,371,"[222, 117, 32]",relu,model_8,Int8WeightOnlyConfig,int8,8.0,False,True,onnx_relative_median_latency,1.7092735869331614,onnx,median_latency,True,3.0
1902,222,117,32,371,"[222, 117, 32]",relu,model_8,Float8WeightOnlyConfig,float8,8.0,False,True,onnx_relative_median_latency,,onnx,median_latency,True,3.0
1903,222,117,32,371,"[222, 117, 32]",relu,model_8,Int8WeightOnlyConfig,int8,8.0,False,True,onnx_relative_p95_latency,1.2874052515845298,onnx,p95_latency,True,3.0
1904,222,117,32,371,"[222, 117, 32]",relu,model_8,Float8WeightOnlyConfig,float8,8.0,False,True,onnx_relative_p95_latency,,onnx,p95_latency,True,3.0
1905,222,117,32,371,"[222, 117, 32]",relu,model_8,Int8WeightOnlyConfig,int8,8.0,False,True,onnx_relative_p99_latency,1.2874103218738306,onnx,p99_latency,True,3.0
1906,222,117,32,371,"[222, 117, 32]",relu,model_8,Float8WeightOnlyConfig,float8,8.0,False,True,onnx_relative_p99_latency,,onnx,p99_latency,True,3.0
1907,222,117,32,371,"[222, 117, 32]",relu,model_8,Int8WeightOnlyConfig,int8,8.0,False,True,pt2_quantized_model_size,191905.0,pt2,model_size,False,3.0
1908,222,117,32,371,"[222, 117, 32]",relu,model_8,Float8WeightOnlyConfig,float8,8.0,False,True,pt2_quantized_model_size,171169.0,pt2,model_size,False,3.0
1909,222,117,32,371,"[222, 117, 32]",relu,model_8,Int8WeightOnlyConfig,int8,8.0,False,True,pt2_quantized_median_latency,0.0008727479726076126,pt2,median_latency,False,3.0
1910,222,117,32,371,"[222, 117, 32]",relu,model_8,Float8WeightOnlyConfig,float8,8.0,False,True,pt2_quantized_median_latency,0.0007020663470029831,pt2,median_latency,False,3.0
1911,222,117,32,371,"[222, 117, 32]",relu,model_8,Int8WeightOnlyConfig,int8,8.0,False,True,pt2_quantized_p95_latency,0.0008925070986151695,pt2,p95_latency,False,3.0
1912,222,117,32,371,"[222, 117, 32]",relu,model_8,Float8WeightOnlyConfig,float8,8.0,False,True,pt2_quantized_p95_latency,0.000712544284760952,pt2,p95_latency,False,3.0
1913,222,117,32,371,"[222, 117, 32]",relu,model_8,Int8WeightOnlyConfig,int8,8.0,False,True,pt2_quantized_p99_latency,0.0010105537995696065,pt2,p99_latency,False,3.0
1914,222,117,32,371,"[222, 117, 32]",relu,model_8,Float8WeightOnlyConfig,float8,8.0,False,True,pt2_quantized_p99_latency,0.0008361004665493964,pt2,p99_latency,False,3.0
1915,222,117,32,371,"[222, 117, 32]",relu,model_8,Int8WeightOnlyConfig,int8,8.0,False,True,pt2_relative_model_size,0.7476633693454318,pt2,model_size,True,3.0
1916,222,117,32,371,"[222, 117, 32]",relu,model_8,Float8WeightOnlyConfig,float8,8.0,False,True,pt2_relative_model_size,0.6668757524164988,pt2,model_size,True,3.0
1917,222,117,32,371,"[222, 117, 32]",relu,model_8,Int8WeightOnlyConfig,int8,8.0,False,True,pt2_relative_median_latency,2.288012852441085,pt2,median_latency,True,3.0
1918,222,117,32,371,"[222, 117, 32]",relu,model_8,Float8WeightOnlyConfig,float8,8.0,False,True,pt2_relative_median_latency,1.8405506235777835,pt2,median_latency,True,3.0
1919,222,117,32,371,"[222, 117, 32]",relu,model_8,Int8WeightOnlyConfig,int8,8.0,False,True,pt2_relative_p95_latency,2.264798245489651,pt2,p95_latency,True,3.0
1920,222,117,32,371,"[222, 117, 32]",relu,model_8,Float8WeightOnlyConfig,float8,8.0,False,True,pt2_relative_p95_latency,1.8081302081117743,pt2,p95_latency,True,3.0
1921,222,117,32,371,"[222, 117, 32]",relu,model_8,Int8WeightOnlyConfig,int8,8.0,False,True,pt2_relative_p99_latency,1.852818879666292,pt2,p99_latency,True,3.0
1922,222,117,32,371,"[222, 117, 32]",relu,model_8,Float8WeightOnlyConfig,float8,8.0,False,True,pt2_relative_p99_latency,1.5329641335080773,pt2,p99_latency,True,3.0
1923,136,439,134,709,"[136, 439, 134]",relu,model_9,Int8WeightOnlyConfig,int8,8.0,False,True,pytorch_quantized_MAE,8.358513517191358,pytorch,MAE,False,1.0
1924,136,439,134,709,"[136, 439, 134]",relu,model_9,Float8WeightOnlyConfig,float8,8.0,False,True,pytorch_quantized_MAE,8.448573014698047,pytorch,MAE,False,1.0
1925,136,439,134,709,"[136, 439, 134]",relu,model_9,Int8WeightOnlyConfig,int8,8.0,False,True,pytorch_relative_MAE,0.9950879374229317,pytorch,MAE,True,1.0
1926,136,439,134,709,"[136, 439, 134]",relu,model_9,Float8WeightOnlyConfig,float8,8.0,False,True,pytorch_relative_MAE,1.0058095949802182,pytorch,MAE,True,1.0
1927,136,439,134,709,"[136, 439, 134]",relu,model_9,Int8WeightOnlyConfig,int8,8.0,False,True,pytorch_quantized_model_size,130390.0,pytorch,model_size,False,1.0
1928,136,439,134,709,"[136, 439, 134]",relu,model_9,Float8WeightOnlyConfig,float8,8.0,False,True,pytorch_quantized_model_size,130390.0,pytorch,model_size,False,1.0
1929,136,439,134,709,"[136, 439, 134]",relu,model_9,Int8WeightOnlyConfig,int8,8.0,False,True,pytorch_quantized_median_latency,0.0004273373633623123,pytorch,median_latency,False,1.0
1930,136,439,134,709,"[136, 439, 134]",relu,model_9,Float8WeightOnlyConfig,float8,8.0,False,True,pytorch_quantized_median_latency,0.0005166586488485336,pytorch,median_latency,False,1.0
1931,136,439,134,709,"[136, 439, 134]",relu,model_9,Int8WeightOnlyConfig,int8,8.0,False,True,pytorch_quantized_p95_latency,0.0004382355138659477,pytorch,p95_latency,False,1.0
1932,136,439,134,709,"[136, 439, 134]",relu,model_9,Float8WeightOnlyConfig,float8,8.0,False,True,pytorch_quantized_p95_latency,0.0005248308181762696,pytorch,p95_latency,False,1.0
1933,136,439,134,709,"[136, 439, 134]",relu,model_9,Int8WeightOnlyConfig,int8,8.0,False,True,pytorch_quantized_p99_latency,0.00044520899653434755,pytorch,p99_latency,False,1.0
1934,136,439,134,709,"[136, 439, 134]",relu,model_9,Float8WeightOnlyConfig,float8,8.0,False,True,pytorch_quantized_p99_latency,0.000529758408665657,pytorch,p99_latency,False,1.0
1935,136,439,134,709,"[136, 439, 134]",relu,model_9,Int8WeightOnlyConfig,int8,8.0,False,True,pytorch_relative_model_size,0.25,pytorch,model_size,True,1.0
1936,136,439,134,709,"[136, 439, 134]",relu,model_9,Float8WeightOnlyConfig,float8,8.0,False,True,pytorch_relative_model_size,0.25,pytorch,model_size,True,1.0
1937,136,439,134,709,"[136, 439, 134]",relu,model_9,Int8WeightOnlyConfig,int8,8.0,False,True,pytorch_relative_median_latency,2.6997528830313016,pytorch,median_latency,True,1.0
1938,136,439,134,709,"[136, 439, 134]",relu,model_9,Float8WeightOnlyConfig,float8,8.0,False,True,pytorch_relative_median_latency,3.2640503647917156,pytorch,median_latency,True,1.0
1939,136,439,134,709,"[136, 439, 134]",relu,model_9,Int8WeightOnlyConfig,int8,8.0,False,True,pytorch_relative_p95_latency,2.5857875920037894,pytorch,p95_latency,True,1.0
1940,136,439,134,709,"[136, 439, 134]",relu,model_9,Float8WeightOnlyConfig,float8,8.0,False,True,pytorch_relative_p95_latency,3.0967390241141426,pytorch,p95_latency,True,1.0
1941,136,439,134,709,"[136, 439, 134]",relu,model_9,Int8WeightOnlyConfig,int8,8.0,False,True,pytorch_relative_p99_latency,2.5548380035260267,pytorch,p99_latency,True,1.0
1942,136,439,134,709,"[136, 439, 134]",relu,model_9,Float8WeightOnlyConfig,float8,8.0,False,True,pytorch_relative_p99_latency,3.040025978096053,pytorch,p99_latency,True,1.0
1943,136,439,134,709,"[136, 439, 134]",relu,model_9,Int8WeightOnlyConfig,int8,8.0,False,True,onnx_quantized_model_size,32757.0,onnx,model_size,False,1.0
1944,136,439,134,709,"[136, 439, 134]",relu,model_9,Float8WeightOnlyConfig,float8,8.0,False,True,onnx_quantized_model_size,,onnx,model_size,False,1.0
1945,136,439,134,709,"[136, 439, 134]",relu,model_9,Int8WeightOnlyConfig,int8,8.0,False,True,onnx_quantized_median_latency,0.00039288587868213654,onnx,median_latency,False,1.0
1946,136,439,134,709,"[136, 439, 134]",relu,model_9,Float8WeightOnlyConfig,float8,8.0,False,True,onnx_quantized_median_latency,,onnx,median_latency,False,1.0
1947,136,439,134,709,"[136, 439, 134]",relu,model_9,Int8WeightOnlyConfig,int8,8.0,False,True,onnx_quantized_p95_latency,0.00042665880173444745,onnx,p95_latency,False,1.0
1948,136,439,134,709,"[136, 439, 134]",relu,model_9,Float8WeightOnlyConfig,float8,8.0,False,True,onnx_quantized_p95_latency,,onnx,p95_latency,False,1.0
1949,136,439,134,709,"[136, 439, 134]",relu,model_9,Int8WeightOnlyConfig,int8,8.0,False,True,onnx_quantized_p99_latency,0.0004334365576505661,onnx,p99_latency,False,1.0
1950,136,439,134,709,"[136, 439, 134]",relu,model_9,Float8WeightOnlyConfig,float8,8.0,False,True,onnx_quantized_p99_latency,,onnx,p99_latency,False,1.0
1951,136,439,134,709,"[136, 439, 134]",relu,model_9,Int8WeightOnlyConfig,int8,8.0,False,True,onnx_relative_model_size,2.4268039709586606,onnx,model_size,True,1.0
1952,136,439,134,709,"[136, 439, 134]",relu,model_9,Float8WeightOnlyConfig,float8,8.0,False,True,onnx_relative_model_size,,onnx,model_size,True,1.0
1953,136,439,134,709,"[136, 439, 134]",relu,model_9,Int8WeightOnlyConfig,int8,8.0,False,True,onnx_relative_median_latency,1.2905671229021225,onnx,median_latency,True,1.0
1954,136,439,134,709,"[136, 439, 134]",relu,model_9,Float8WeightOnlyConfig,float8,8.0,False,True,onnx_relative_median_latency,,onnx,median_latency,True,1.0
1955,136,439,134,709,"[136, 439, 134]",relu,model_9,Int8WeightOnlyConfig,int8,8.0,False,True,onnx_relative_p95_latency,1.1860729795630092,onnx,p95_latency,True,1.0
1956,136,439,134,709,"[136, 439, 134]",relu,model_9,Float8WeightOnlyConfig,float8,8.0,False,True,onnx_relative_p95_latency,,onnx,p95_latency,True,1.0
1957,136,439,134,709,"[136, 439, 134]",relu,model_9,Int8WeightOnlyConfig,int8,8.0,False,True,onnx_relative_p99_latency,1.1310379675761262,onnx,p99_latency,True,1.0
1958,136,439,134,709,"[136, 439, 134]",relu,model_9,Float8WeightOnlyConfig,float8,8.0,False,True,onnx_relative_p99_latency,,onnx,p99_latency,True,1.0
1959,136,439,134,709,"[136, 439, 134]",relu,model_9,Int8WeightOnlyConfig,int8,8.0,False,True,pt2_quantized_model_size,276577.0,pt2,model_size,False,1.0
1960,136,439,134,709,"[136, 439, 134]",relu,model_9,Float8WeightOnlyConfig,float8,8.0,False,True,pt2_quantized_model_size,255841.0,pt2,model_size,False,1.0
1961,136,439,134,709,"[136, 439, 134]",relu,model_9,Int8WeightOnlyConfig,int8,8.0,False,True,pt2_quantized_median_latency,0.000903937965631485,pt2,median_latency,False,1.0
1962,136,439,134,709,"[136, 439, 134]",relu,model_9,Float8WeightOnlyConfig,float8,8.0,False,True,pt2_quantized_median_latency,0.0007296167314052582,pt2,median_latency,False,1.0
1963,136,439,134,709,"[136, 439, 134]",relu,model_9,Int8WeightOnlyConfig,int8,8.0,False,True,pt2_quantized_p95_latency,0.000919550284743309,pt2,p95_latency,False,1.0
1964,136,439,134,709,"[136, 439, 134]",relu,model_9,Float8WeightOnlyConfig,float8,8.0,False,True,pt2_quantized_p95_latency,0.0007399532943964005,pt2,p95_latency,False,1.0
1965,136,439,134,709,"[136, 439, 134]",relu,model_9,Int8WeightOnlyConfig,int8,8.0,False,True,pt2_quantized_p99_latency,0.001044701337814331,pt2,p99_latency,False,1.0
1966,136,439,134,709,"[136, 439, 134]",relu,model_9,Float8WeightOnlyConfig,float8,8.0,False,True,pt2_quantized_p99_latency,0.0008649333938956261,pt2,p99_latency,False,1.0
1967,136,439,134,709,"[136, 439, 134]",relu,model_9,Int8WeightOnlyConfig,int8,8.0,False,True,pt2_relative_model_size,0.47227017603174687,pt2,model_size,True,1.0
1968,136,439,134,709,"[136, 439, 134]",relu,model_9,Float8WeightOnlyConfig,float8,8.0,False,True,pt2_relative_model_size,0.4368623352850676,pt2,model_size,True,1.0
1969,136,439,134,709,"[136, 439, 134]",relu,model_9,Int8WeightOnlyConfig,int8,8.0,False,True,pt2_relative_median_latency,1.4458367595009116,pt2,median_latency,True,1.0
1970,136,439,134,709,"[136, 439, 134]",relu,model_9,Float8WeightOnlyConfig,float8,8.0,False,True,pt2_relative_median_latency,1.1670122627006543,pt2,median_latency,True,1.0
1971,136,439,134,709,"[136, 439, 134]",relu,model_9,Int8WeightOnlyConfig,int8,8.0,False,True,pt2_relative_p95_latency,1.4241020895377725,pt2,p95_latency,True,1.0
1972,136,439,134,709,"[136, 439, 134]",relu,model_9,Float8WeightOnlyConfig,float8,8.0,False,True,pt2_relative_p95_latency,1.1459612923772085,pt2,p95_latency,True,1.0
1973,136,439,134,709,"[136, 439, 134]",relu,model_9,Int8WeightOnlyConfig,int8,8.0,False,True,pt2_relative_p99_latency,1.3236907251832606,pt2,p99_latency,True,1.0
1974,136,439,134,709,"[136, 439, 134]",relu,model_9,Float8WeightOnlyConfig,float8,8.0,False,True,pt2_relative_p99_latency,1.0959154257390236,pt2,p99_latency,True,1.0
1975,136,439,134,709,"[136, 439, 134]",relu,model_9,Int8WeightOnlyConfig,int8,8.0,False,True,pytorch_quantized_MAE,8.313239656521931,pytorch,MAE,False,2.0
1976,136,439,134,709,"[136, 439, 134]",relu,model_9,Float8WeightOnlyConfig,float8,8.0,False,True,pytorch_quantized_MAE,8.368545503517646,pytorch,MAE,False,2.0
1977,136,439,134,709,"[136, 439, 134]",relu,model_9,Int8WeightOnlyConfig,int8,8.0,False,True,pytorch_relative_MAE,0.9962609048205338,pytorch,MAE,True,2.0
1978,136,439,134,709,"[136, 439, 134]",relu,model_9,Float8WeightOnlyConfig,float8,8.0,False,True,pytorch_relative_MAE,1.002888772588858,pytorch,MAE,True,2.0
1979,136,439,134,709,"[136, 439, 134]",relu,model_9,Int8WeightOnlyConfig,int8,8.0,False,True,pytorch_quantized_model_size,130390.0,pytorch,model_size,False,2.0
1980,136,439,134,709,"[136, 439, 134]",relu,model_9,Float8WeightOnlyConfig,float8,8.0,False,True,pytorch_quantized_model_size,130390.0,pytorch,model_size,False,2.0
1981,136,439,134,709,"[136, 439, 134]",relu,model_9,Int8WeightOnlyConfig,int8,8.0,False,True,pytorch_quantized_median_latency,0.00042510032653808594,pytorch,median_latency,False,2.0
1982,136,439,134,709,"[136, 439, 134]",relu,model_9,Float8WeightOnlyConfig,float8,8.0,False,True,pytorch_quantized_median_latency,0.0005674511194229126,pytorch,median_latency,False,2.0
1983,136,439,134,709,"[136, 439, 134]",relu,model_9,Int8WeightOnlyConfig,int8,8.0,False,True,pytorch_quantized_p95_latency,0.00043553728610277174,pytorch,p95_latency,False,2.0
1984,136,439,134,709,"[136, 439, 134]",relu,model_9,Float8WeightOnlyConfig,float8,8.0,False,True,pytorch_quantized_p95_latency,0.0005744701251387596,pytorch,p95_latency,False,2.0
1985,136,439,134,709,"[136, 439, 134]",relu,model_9,Int8WeightOnlyConfig,int8,8.0,False,True,pytorch_quantized_p99_latency,0.0004388481006026268,pytorch,p99_latency,False,2.0
1986,136,439,134,709,"[136, 439, 134]",relu,model_9,Float8WeightOnlyConfig,float8,8.0,False,True,pytorch_quantized_p99_latency,0.0005790544301271438,pytorch,p99_latency,False,2.0
1987,136,439,134,709,"[136, 439, 134]",relu,model_9,Int8WeightOnlyConfig,int8,8.0,False,True,pytorch_relative_model_size,0.25,pytorch,model_size,True,2.0
1988,136,439,134,709,"[136, 439, 134]",relu,model_9,Float8WeightOnlyConfig,float8,8.0,False,True,pytorch_relative_model_size,0.25,pytorch,model_size,True,2.0
1989,136,439,134,709,"[136, 439, 134]",relu,model_9,Int8WeightOnlyConfig,int8,8.0,False,True,pytorch_relative_median_latency,2.6383667429654807,pytorch,median_latency,True,2.0
1990,136,439,134,709,"[136, 439, 134]",relu,model_9,Float8WeightOnlyConfig,float8,8.0,False,True,pytorch_relative_median_latency,3.5218607662250583,pytorch,median_latency,True,2.0
1991,136,439,134,709,"[136, 439, 134]",relu,model_9,Int8WeightOnlyConfig,int8,8.0,False,True,pytorch_relative_p95_latency,2.524873798044477,pytorch,p95_latency,True,2.0
1992,136,439,134,709,"[136, 439, 134]",relu,model_9,Float8WeightOnlyConfig,float8,8.0,False,True,pytorch_relative_p95_latency,3.3302879294240872,pytorch,p95_latency,True,2.0
1993,136,439,134,709,"[136, 439, 134]",relu,model_9,Int8WeightOnlyConfig,int8,8.0,False,True,pytorch_relative_p99_latency,2.504111931957559,pytorch,p99_latency,True,2.0
1994,136,439,134,709,"[136, 439, 134]",relu,model_9,Float8WeightOnlyConfig,float8,8.0,False,True,pytorch_relative_p99_latency,3.304143519689615,pytorch,p99_latency,True,2.0
1995,136,439,134,709,"[136, 439, 134]",relu,model_9,Int8WeightOnlyConfig,int8,8.0,False,True,onnx_quantized_model_size,32757.0,onnx,model_size,False,2.0
1996,136,439,134,709,"[136, 439, 134]",relu,model_9,Float8WeightOnlyConfig,float8,8.0,False,True,onnx_quantized_model_size,,onnx,model_size,False,2.0
1997,136,439,134,709,"[136, 439, 134]",relu,model_9,Int8WeightOnlyConfig,int8,8.0,False,True,onnx_quantized_median_latency,0.0003453511744737625,onnx,median_latency,False,2.0
1998,136,439,134,709,"[136, 439, 134]",relu,model_9,Float8WeightOnlyConfig,float8,8.0,False,True,onnx_quantized_median_latency,,onnx,median_latency,False,2.0
1999,136,439,134,709,"[136, 439, 134]",relu,model_9,Int8WeightOnlyConfig,int8,8.0,False,True,onnx_quantized_p95_latency,0.00039286632090806956,onnx,p95_latency,False,2.0
2000,136,439,134,709,"[136, 439, 134]",relu,model_9,Float8WeightOnlyConfig,float8,8.0,False,True,onnx_quantized_p95_latency,,onnx,p95_latency,False,2.0
2001,136,439,134,709,"[136, 439, 134]",relu,model_9,Int8WeightOnlyConfig,int8,8.0,False,True,onnx_quantized_p99_latency,0.00041381742805242535,onnx,p99_latency,False,2.0
2002,136,439,134,709,"[136, 439, 134]",relu,model_9,Float8WeightOnlyConfig,float8,8.0,False,True,onnx_quantized_p99_latency,,onnx,p99_latency,False,2.0
2003,136,439,134,709,"[136, 439, 134]",relu,model_9,Int8WeightOnlyConfig,int8,8.0,False,True,onnx_relative_model_size,2.4268039709586606,onnx,model_size,True,2.0
2004,136,439,134,709,"[136, 439, 134]",relu,model_9,Float8WeightOnlyConfig,float8,8.0,False,True,onnx_relative_model_size,,onnx,model_size,True,2.0
2005,136,439,134,709,"[136, 439, 134]",relu,model_9,Int8WeightOnlyConfig,int8,8.0,False,True,onnx_relative_median_latency,1.2512248451228893,onnx,median_latency,True,2.0
2006,136,439,134,709,"[136, 439, 134]",relu,model_9,Float8WeightOnlyConfig,float8,8.0,False,True,onnx_relative_median_latency,,onnx,median_latency,True,2.0
2007,136,439,134,709,"[136, 439, 134]",relu,model_9,Int8WeightOnlyConfig,int8,8.0,False,True,onnx_relative_p95_latency,1.0926868413499844,onnx,p95_latency,True,2.0
2008,136,439,134,709,"[136, 439, 134]",relu,model_9,Float8WeightOnlyConfig,float8,8.0,False,True,onnx_relative_p95_latency,,onnx,p95_latency,True,2.0
2009,136,439,134,709,"[136, 439, 134]",relu,model_9,Int8WeightOnlyConfig,int8,8.0,False,True,onnx_relative_p99_latency,1.083144493930552,onnx,p99_latency,True,2.0
2010,136,439,134,709,"[136, 439, 134]",relu,model_9,Float8WeightOnlyConfig,float8,8.0,False,True,onnx_relative_p99_latency,,onnx,p99_latency,True,2.0
2011,136,439,134,709,"[136, 439, 134]",relu,model_9,Int8WeightOnlyConfig,int8,8.0,False,True,pt2_quantized_model_size,276577.0,pt2,model_size,False,2.0
2012,136,439,134,709,"[136, 439, 134]",relu,model_9,Float8WeightOnlyConfig,float8,8.0,False,True,pt2_quantized_model_size,255841.0,pt2,model_size,False,2.0
2013,136,439,134,709,"[136, 439, 134]",relu,model_9,Int8WeightOnlyConfig,int8,8.0,False,True,pt2_quantized_median_latency,0.0008880626410245895,pt2,median_latency,False,2.0
2014,136,439,134,709,"[136, 439, 134]",relu,model_9,Float8WeightOnlyConfig,float8,8.0,False,True,pt2_quantized_median_latency,0.000721195712685585,pt2,median_latency,False,2.0
2015,136,439,134,709,"[136, 439, 134]",relu,model_9,Int8WeightOnlyConfig,int8,8.0,False,True,pt2_quantized_p95_latency,0.0009067434817552567,pt2,p95_latency,False,2.0
2016,136,439,134,709,"[136, 439, 134]",relu,model_9,Float8WeightOnlyConfig,float8,8.0,False,True,pt2_quantized_p95_latency,0.000736369751393795,pt2,p95_latency,False,2.0
2017,136,439,134,709,"[136, 439, 134]",relu,model_9,Int8WeightOnlyConfig,int8,8.0,False,True,pt2_quantized_p99_latency,0.00103531576693058,pt2,p99_latency,False,2.0
2018,136,439,134,709,"[136, 439, 134]",relu,model_9,Float8WeightOnlyConfig,float8,8.0,False,True,pt2_quantized_p99_latency,0.0008496332541108131,pt2,p99_latency,False,2.0
2019,136,439,134,709,"[136, 439, 134]",relu,model_9,Int8WeightOnlyConfig,int8,8.0,False,True,pt2_relative_model_size,0.47227017603174687,pt2,model_size,True,2.0
2020,136,439,134,709,"[136, 439, 134]",relu,model_9,Float8WeightOnlyConfig,float8,8.0,False,True,pt2_relative_model_size,0.4368623352850676,pt2,model_size,True,2.0
2021,136,439,134,709,"[136, 439, 134]",relu,model_9,Int8WeightOnlyConfig,int8,8.0,False,True,pt2_relative_median_latency,1.4950048916315473,pt2,median_latency,True,2.0
2022,136,439,134,709,"[136, 439, 134]",relu,model_9,Float8WeightOnlyConfig,float8,8.0,False,True,pt2_relative_median_latency,1.2140935430463575,pt2,median_latency,True,2.0
2023,136,439,134,709,"[136, 439, 134]",relu,model_9,Int8WeightOnlyConfig,int8,8.0,False,True,pt2_relative_p95_latency,1.469753767041811,pt2,p95_latency,True,2.0
2024,136,439,134,709,"[136, 439, 134]",relu,model_9,Float8WeightOnlyConfig,float8,8.0,False,True,pt2_relative_p95_latency,1.1935924964705684,pt2,p95_latency,True,2.0
2025,136,439,134,709,"[136, 439, 134]",relu,model_9,Int8WeightOnlyConfig,int8,8.0,False,True,pt2_relative_p99_latency,1.3450391530296446,pt2,p99_latency,True,2.0
2026,136,439,134,709,"[136, 439, 134]",relu,model_9,Float8WeightOnlyConfig,float8,8.0,False,True,pt2_relative_p99_latency,1.1038081607537764,pt2,p99_latency,True,2.0
2027,136,439,134,709,"[136, 439, 134]",relu,model_9,Int8WeightOnlyConfig,int8,8.0,False,True,pytorch_quantized_MAE,8.511096383755989,pytorch,MAE,False,3.0
2028,136,439,134,709,"[136, 439, 134]",relu,model_9,Float8WeightOnlyConfig,float8,8.0,False,True,pytorch_quantized_MAE,8.573722968545592,pytorch,MAE,False,3.0
2029,136,439,134,709,"[136, 439, 134]",relu,model_9,Int8WeightOnlyConfig,int8,8.0,False,True,pytorch_relative_MAE,0.9961535693977167,pytorch,MAE,True,3.0
2030,136,439,134,709,"[136, 439, 134]",relu,model_9,Float8WeightOnlyConfig,float8,8.0,False,True,pytorch_relative_MAE,1.0034834941411868,pytorch,MAE,True,3.0
2031,136,439,134,709,"[136, 439, 134]",relu,model_9,Int8WeightOnlyConfig,int8,8.0,False,True,pytorch_quantized_model_size,130390.0,pytorch,model_size,False,3.0
2032,136,439,134,709,"[136, 439, 134]",relu,model_9,Float8WeightOnlyConfig,float8,8.0,False,True,pytorch_quantized_model_size,130390.0,pytorch,model_size,False,3.0
2033,136,439,134,709,"[136, 439, 134]",relu,model_9,Int8WeightOnlyConfig,int8,8.0,False,True,pytorch_quantized_median_latency,0.0004252474755048752,pytorch,median_latency,False,3.0
2034,136,439,134,709,"[136, 439, 134]",relu,model_9,Float8WeightOnlyConfig,float8,8.0,False,True,pytorch_quantized_median_latency,0.0005701091140508652,pytorch,median_latency,False,3.0
2035,136,439,134,709,"[136, 439, 134]",relu,model_9,Int8WeightOnlyConfig,int8,8.0,False,True,pytorch_quantized_p95_latency,0.00043586455285549164,pytorch,p95_latency,False,3.0
2036,136,439,134,709,"[136, 439, 134]",relu,model_9,Float8WeightOnlyConfig,float8,8.0,False,True,pytorch_quantized_p95_latency,0.000580546259880066,pytorch,p95_latency,False,3.0
2037,136,439,134,709,"[136, 439, 134]",relu,model_9,Int8WeightOnlyConfig,int8,8.0,False,True,pytorch_quantized_p99_latency,0.00044960606843233105,pytorch,p99_latency,False,3.0
2038,136,439,134,709,"[136, 439, 134]",relu,model_9,Float8WeightOnlyConfig,float8,8.0,False,True,pytorch_quantized_p99_latency,0.0005851149186491966,pytorch,p99_latency,False,3.0
2039,136,439,134,709,"[136, 439, 134]",relu,model_9,Int8WeightOnlyConfig,int8,8.0,False,True,pytorch_relative_model_size,0.25,pytorch,model_size,True,3.0
2040,136,439,134,709,"[136, 439, 134]",relu,model_9,Float8WeightOnlyConfig,float8,8.0,False,True,pytorch_relative_model_size,0.25,pytorch,model_size,True,3.0
2041,136,439,134,709,"[136, 439, 134]",relu,model_9,Int8WeightOnlyConfig,int8,8.0,False,True,pytorch_relative_median_latency,2.7065190331108555,pytorch,median_latency,True,3.0
2042,136,439,134,709,"[136, 439, 134]",relu,model_9,Float8WeightOnlyConfig,float8,8.0,False,True,pytorch_relative_median_latency,3.628501653764537,pytorch,median_latency,True,3.0
2043,136,439,134,709,"[136, 439, 134]",relu,model_9,Int8WeightOnlyConfig,int8,8.0,False,True,pytorch_relative_p95_latency,2.515777160906614,pytorch,p95_latency,True,3.0
2044,136,439,134,709,"[136, 439, 134]",relu,model_9,Float8WeightOnlyConfig,float8,8.0,False,True,pytorch_relative_p95_latency,3.3508690070978413,pytorch,p95_latency,True,3.0
2045,136,439,134,709,"[136, 439, 134]",relu,model_9,Int8WeightOnlyConfig,int8,8.0,False,True,pytorch_relative_p99_latency,2.437327825777711,pytorch,p99_latency,True,3.0
2046,136,439,134,709,"[136, 439, 134]",relu,model_9,Float8WeightOnlyConfig,float8,8.0,False,True,pytorch_relative_p99_latency,3.171925320033774,pytorch,p99_latency,True,3.0
2047,136,439,134,709,"[136, 439, 134]",relu,model_9,Int8WeightOnlyConfig,int8,8.0,False,True,onnx_quantized_model_size,32757.0,onnx,model_size,False,3.0
2048,136,439,134,709,"[136, 439, 134]",relu,model_9,Float8WeightOnlyConfig,float8,8.0,False,True,onnx_quantized_model_size,,onnx,model_size,False,3.0
2049,136,439,134,709,"[136, 439, 134]",relu,model_9,Int8WeightOnlyConfig,int8,8.0,False,True,onnx_quantized_median_latency,0.00037986040115356445,onnx,median_latency,False,3.0
2050,136,439,134,709,"[136, 439, 134]",relu,model_9,Float8WeightOnlyConfig,float8,8.0,False,True,onnx_quantized_median_latency,,onnx,median_latency,False,3.0
2051,136,439,134,709,"[136, 439, 134]",relu,model_9,Int8WeightOnlyConfig,int8,8.0,False,True,onnx_quantized_p95_latency,0.00041778329759836194,onnx,p95_latency,False,3.0
2052,136,439,134,709,"[136, 439, 134]",relu,model_9,Float8WeightOnlyConfig,float8,8.0,False,True,onnx_quantized_p95_latency,,onnx,p95_latency,False,3.0
2053,136,439,134,709,"[136, 439, 134]",relu,model_9,Int8WeightOnlyConfig,int8,8.0,False,True,onnx_quantized_p99_latency,0.0004330867901444435,onnx,p99_latency,False,3.0
2054,136,439,134,709,"[136, 439, 134]",relu,model_9,Float8WeightOnlyConfig,float8,8.0,False,True,onnx_quantized_p99_latency,,onnx,p99_latency,False,3.0
2055,136,439,134,709,"[136, 439, 134]",relu,model_9,Int8WeightOnlyConfig,int8,8.0,False,True,onnx_relative_model_size,2.4268039709586606,onnx,model_size,True,3.0
2056,136,439,134,709,"[136, 439, 134]",relu,model_9,Float8WeightOnlyConfig,float8,8.0,False,True,onnx_relative_model_size,,onnx,model_size,True,3.0
2057,136,439,134,709,"[136, 439, 134]",relu,model_9,Int8WeightOnlyConfig,int8,8.0,False,True,onnx_relative_median_latency,1.2694903015363164,onnx,median_latency,True,3.0
2058,136,439,134,709,"[136, 439, 134]",relu,model_9,Float8WeightOnlyConfig,float8,8.0,False,True,onnx_relative_median_latency,,onnx,median_latency,True,3.0
2059,136,439,134,709,"[136, 439, 134]",relu,model_9,Int8WeightOnlyConfig,int8,8.0,False,True,onnx_relative_p95_latency,1.2980871511794125,onnx,p95_latency,True,3.0
2060,136,439,134,709,"[136, 439, 134]",relu,model_9,Float8WeightOnlyConfig,float8,8.0,False,True,onnx_relative_p95_latency,,onnx,p95_latency,True,3.0
2061,136,439,134,709,"[136, 439, 134]",relu,model_9,Int8WeightOnlyConfig,int8,8.0,False,True,onnx_relative_p99_latency,1.2847357097335188,onnx,p99_latency,True,3.0
2062,136,439,134,709,"[136, 439, 134]",relu,model_9,Float8WeightOnlyConfig,float8,8.0,False,True,onnx_relative_p99_latency,,onnx,p99_latency,True,3.0
2063,136,439,134,709,"[136, 439, 134]",relu,model_9,Int8WeightOnlyConfig,int8,8.0,False,True,pt2_quantized_model_size,276577.0,pt2,model_size,False,3.0
2064,136,439,134,709,"[136, 439, 134]",relu,model_9,Float8WeightOnlyConfig,float8,8.0,False,True,pt2_quantized_model_size,255841.0,pt2,model_size,False,3.0
2065,136,439,134,709,"[136, 439, 134]",relu,model_9,Int8WeightOnlyConfig,int8,8.0,False,True,pt2_quantized_median_latency,0.0008737184107303619,pt2,median_latency,False,3.0
2066,136,439,134,709,"[136, 439, 134]",relu,model_9,Float8WeightOnlyConfig,float8,8.0,False,True,pt2_quantized_median_latency,0.0007177442312240601,pt2,median_latency,False,3.0
2067,136,439,134,709,"[136, 439, 134]",relu,model_9,Int8WeightOnlyConfig,int8,8.0,False,True,pt2_quantized_p95_latency,0.0008870130404829979,pt2,p95_latency,False,3.0
2068,136,439,134,709,"[136, 439, 134]",relu,model_9,Float8WeightOnlyConfig,float8,8.0,False,True,pt2_quantized_p95_latency,0.0007315447553992271,pt2,p95_latency,False,3.0
2069,136,439,134,709,"[136, 439, 134]",relu,model_9,Int8WeightOnlyConfig,int8,8.0,False,True,pt2_quantized_p99_latency,0.0010085265338420867,pt2,p99_latency,False,3.0
2070,136,439,134,709,"[136, 439, 134]",relu,model_9,Float8WeightOnlyConfig,float8,8.0,False,True,pt2_quantized_p99_latency,0.000846550464630127,pt2,p99_latency,False,3.0
2071,136,439,134,709,"[136, 439, 134]",relu,model_9,Int8WeightOnlyConfig,int8,8.0,False,True,pt2_relative_model_size,0.47227017603174687,pt2,model_size,True,3.0
2072,136,439,134,709,"[136, 439, 134]",relu,model_9,Float8WeightOnlyConfig,float8,8.0,False,True,pt2_relative_model_size,0.4368623352850676,pt2,model_size,True,3.0
2073,136,439,134,709,"[136, 439, 134]",relu,model_9,Int8WeightOnlyConfig,int8,8.0,False,True,pt2_relative_median_latency,0.8404867962257525,pt2,median_latency,True,3.0
2074,136,439,134,709,"[136, 439, 134]",relu,model_9,Float8WeightOnlyConfig,float8,8.0,False,True,pt2_relative_median_latency,0.6904450472856022,pt2,median_latency,True,3.0
2075,136,439,134,709,"[136, 439, 134]",relu,model_9,Int8WeightOnlyConfig,int8,8.0,False,True,pt2_relative_p95_latency,0.8107817061281836,pt2,p95_latency,True,3.0
2076,136,439,134,709,"[136, 439, 134]",relu,model_9,Float8WeightOnlyConfig,float8,8.0,False,True,pt2_relative_p95_latency,0.6686746167437873,pt2,p95_latency,True,3.0
2077,136,439,134,709,"[136, 439, 134]",relu,model_9,Int8WeightOnlyConfig,int8,8.0,False,True,pt2_relative_p99_latency,0.839003448747995,pt2,p99_latency,True,3.0
2078,136,439,134,709,"[136, 439, 134]",relu,model_9,Float8WeightOnlyConfig,float8,8.0,False,True,pt2_relative_p99_latency,0.704253914528247,pt2,p99_latency,True,3.0
