,hidden_layer_1_neurons,hidden_layer_2_neurons,hidden_layer_3_neurons,total_hidden_neurons,neurons_per_layer,activation,model_ID,config_name,precision,bits_per_weight,dynamic_calibration,weight_only,metric,value,runtime,base_metric,relative,eval_run
0,599,334,32,965,"[599, 334, 32]",gelu,model_1,Int8WeightOnlyConfig,int8,8.0,False,True,pytorch_quantized_MAE,8.316181954413457,pytorch,MAE,False,1.0
1,599,334,32,965,"[599, 334, 32]",gelu,model_1,Float8WeightOnlyConfig,float8,8.0,False,True,pytorch_quantized_MAE,8.33928965355917,pytorch,MAE,False,1.0
2,599,334,32,965,"[599, 334, 32]",gelu,model_1,Int8WeightOnlyConfig,int8,8.0,False,True,pytorch_relative_MAE,1.001922440843445,pytorch,MAE,True,1.0
3,599,334,32,965,"[599, 334, 32]",gelu,model_1,Float8WeightOnlyConfig,float8,8.0,False,True,pytorch_relative_MAE,1.0047064254240208,pytorch,MAE,True,1.0
4,599,334,32,965,"[599, 334, 32]",gelu,model_1,Int8WeightOnlyConfig,int8,8.0,False,True,pytorch_quantized_model_size,260271.0,pytorch,model_size,False,1.0
5,599,334,32,965,"[599, 334, 32]",gelu,model_1,Float8WeightOnlyConfig,float8,8.0,False,True,pytorch_quantized_model_size,260271.0,pytorch,model_size,False,1.0
6,599,334,32,965,"[599, 334, 32]",gelu,model_1,Int8WeightOnlyConfig,int8,8.0,False,True,pytorch_quantized_median_latency,0.0004705991595983505,pytorch,median_latency,False,1.0
7,599,334,32,965,"[599, 334, 32]",gelu,model_1,Float8WeightOnlyConfig,float8,8.0,False,True,pytorch_quantized_median_latency,0.0005221981555223465,pytorch,median_latency,False,1.0
8,599,334,32,965,"[599, 334, 32]",gelu,model_1,Int8WeightOnlyConfig,int8,8.0,False,True,pytorch_quantized_p95_latency,0.0005191626027226448,pytorch,p95_latency,False,1.0
9,599,334,32,965,"[599, 334, 32]",gelu,model_1,Float8WeightOnlyConfig,float8,8.0,False,True,pytorch_quantized_p95_latency,0.000529351644217968,pytorch,p95_latency,False,1.0
10,599,334,32,965,"[599, 334, 32]",gelu,model_1,Int8WeightOnlyConfig,int8,8.0,False,True,pytorch_quantized_p99_latency,0.0006155737116932868,pytorch,p99_latency,False,1.0
11,599,334,32,965,"[599, 334, 32]",gelu,model_1,Float8WeightOnlyConfig,float8,8.0,False,True,pytorch_quantized_p99_latency,0.000532282330095768,pytorch,p99_latency,False,1.0
12,599,334,32,965,"[599, 334, 32]",gelu,model_1,Int8WeightOnlyConfig,int8,8.0,False,True,pytorch_relative_model_size,0.25,pytorch,model_size,True,1.0
13,599,334,32,965,"[599, 334, 32]",gelu,model_1,Float8WeightOnlyConfig,float8,8.0,False,True,pytorch_relative_model_size,0.25,pytorch,model_size,True,1.0
14,599,334,32,965,"[599, 334, 32]",gelu,model_1,Int8WeightOnlyConfig,int8,8.0,False,True,pytorch_relative_median_latency,3.097276026087383,pytorch,median_latency,True,1.0
15,599,334,32,965,"[599, 334, 32]",gelu,model_1,Float8WeightOnlyConfig,float8,8.0,False,True,pytorch_relative_median_latency,3.4368778502427304,pytorch,median_latency,True,1.0
16,599,334,32,965,"[599, 334, 32]",gelu,model_1,Int8WeightOnlyConfig,int8,8.0,False,True,pytorch_relative_p95_latency,3.1639593067342315,pytorch,p95_latency,True,1.0
17,599,334,32,965,"[599, 334, 32]",gelu,model_1,Float8WeightOnlyConfig,float8,8.0,False,True,pytorch_relative_p95_latency,3.2260549054864622,pytorch,p95_latency,True,1.0
18,599,334,32,965,"[599, 334, 32]",gelu,model_1,Int8WeightOnlyConfig,int8,8.0,False,True,pytorch_relative_p99_latency,3.6290680245141687,pytorch,p99_latency,True,1.0
19,599,334,32,965,"[599, 334, 32]",gelu,model_1,Float8WeightOnlyConfig,float8,8.0,False,True,pytorch_relative_p99_latency,3.138030015691968,pytorch,p99_latency,True,1.0
20,599,334,32,965,"[599, 334, 32]",gelu,model_1,Int8WeightOnlyConfig,int8,8.0,False,True,onnx_quantized_model_size,47945.0,onnx,model_size,False,1.0
21,599,334,32,965,"[599, 334, 32]",gelu,model_1,Float8WeightOnlyConfig,float8,8.0,False,True,onnx_quantized_model_size,,onnx,model_size,False,1.0
22,599,334,32,965,"[599, 334, 32]",gelu,model_1,Int8WeightOnlyConfig,int8,8.0,False,True,onnx_quantized_median_latency,0.0007163900882005692,onnx,median_latency,False,1.0
23,599,334,32,965,"[599, 334, 32]",gelu,model_1,Float8WeightOnlyConfig,float8,8.0,False,True,onnx_quantized_median_latency,,onnx,median_latency,False,1.0
24,599,334,32,965,"[599, 334, 32]",gelu,model_1,Int8WeightOnlyConfig,int8,8.0,False,True,onnx_quantized_p95_latency,0.0007281186059117317,onnx,p95_latency,False,1.0
25,599,334,32,965,"[599, 334, 32]",gelu,model_1,Float8WeightOnlyConfig,float8,8.0,False,True,onnx_quantized_p95_latency,,onnx,p95_latency,False,1.0
26,599,334,32,965,"[599, 334, 32]",gelu,model_1,Int8WeightOnlyConfig,int8,8.0,False,True,onnx_quantized_p99_latency,0.0007330241426825524,onnx,p99_latency,False,1.0
27,599,334,32,965,"[599, 334, 32]",gelu,model_1,Float8WeightOnlyConfig,float8,8.0,False,True,onnx_quantized_p99_latency,,onnx,p99_latency,False,1.0
28,599,334,32,965,"[599, 334, 32]",gelu,model_1,Int8WeightOnlyConfig,int8,8.0,False,True,onnx_relative_model_size,1.6758712293334266,onnx,model_size,True,1.0
29,599,334,32,965,"[599, 334, 32]",gelu,model_1,Float8WeightOnlyConfig,float8,8.0,False,True,onnx_relative_model_size,,onnx,model_size,True,1.0
30,599,334,32,965,"[599, 334, 32]",gelu,model_1,Int8WeightOnlyConfig,int8,8.0,False,True,onnx_relative_median_latency,1.2134077472031701,onnx,median_latency,True,1.0
31,599,334,32,965,"[599, 334, 32]",gelu,model_1,Float8WeightOnlyConfig,float8,8.0,False,True,onnx_relative_median_latency,,onnx,median_latency,True,1.0
32,599,334,32,965,"[599, 334, 32]",gelu,model_1,Int8WeightOnlyConfig,int8,8.0,False,True,onnx_relative_p95_latency,1.2090253399850923,onnx,p95_latency,True,1.0
33,599,334,32,965,"[599, 334, 32]",gelu,model_1,Float8WeightOnlyConfig,float8,8.0,False,True,onnx_relative_p95_latency,,onnx,p95_latency,True,1.0
34,599,334,32,965,"[599, 334, 32]",gelu,model_1,Int8WeightOnlyConfig,int8,8.0,False,True,onnx_relative_p99_latency,1.2068730606859999,onnx,p99_latency,True,1.0
35,599,334,32,965,"[599, 334, 32]",gelu,model_1,Float8WeightOnlyConfig,float8,8.0,False,True,onnx_relative_p99_latency,,onnx,p99_latency,True,1.0
36,599,334,32,965,"[599, 334, 32]",gelu,model_1,Int8WeightOnlyConfig,int8,8.0,False,True,pt2_quantized_model_size,408353.0,pt2,model_size,False,1.0
37,599,334,32,965,"[599, 334, 32]",gelu,model_1,Float8WeightOnlyConfig,float8,8.0,False,True,pt2_quantized_model_size,387617.0,pt2,model_size,False,1.0
38,599,334,32,965,"[599, 334, 32]",gelu,model_1,Int8WeightOnlyConfig,int8,8.0,False,True,pt2_quantized_median_latency,0.0008873399347066879,pt2,median_latency,False,1.0
39,599,334,32,965,"[599, 334, 32]",gelu,model_1,Float8WeightOnlyConfig,float8,8.0,False,True,pt2_quantized_median_latency,0.0007146298885345459,pt2,median_latency,False,1.0
40,599,334,32,965,"[599, 334, 32]",gelu,model_1,Int8WeightOnlyConfig,int8,8.0,False,True,pt2_quantized_p95_latency,0.0008986106142401696,pt2,p95_latency,False,1.0
41,599,334,32,965,"[599, 334, 32]",gelu,model_1,Float8WeightOnlyConfig,float8,8.0,False,True,pt2_quantized_p95_latency,0.0007241571322083474,pt2,p95_latency,False,1.0
42,599,334,32,965,"[599, 334, 32]",gelu,model_1,Int8WeightOnlyConfig,int8,8.0,False,True,pt2_quantized_p99_latency,0.001016213484108448,pt2,p99_latency,False,1.0
43,599,334,32,965,"[599, 334, 32]",gelu,model_1,Float8WeightOnlyConfig,float8,8.0,False,True,pt2_quantized_p99_latency,0.0008535108715295791,pt2,p99_latency,False,1.0
44,599,334,32,965,"[599, 334, 32]",gelu,model_1,Int8WeightOnlyConfig,int8,8.0,False,True,pt2_relative_model_size,0.3694241874039355,pt2,model_size,True,1.0
45,599,334,32,965,"[599, 334, 32]",gelu,model_1,Float8WeightOnlyConfig,float8,8.0,False,True,pt2_relative_model_size,0.35066497674549046,pt2,model_size,True,1.0
46,599,334,32,965,"[599, 334, 32]",gelu,model_1,Int8WeightOnlyConfig,int8,8.0,False,True,pt2_relative_median_latency,1.1182425929664284,pt2,median_latency,True,1.0
47,599,334,32,965,"[599, 334, 32]",gelu,model_1,Float8WeightOnlyConfig,float8,8.0,False,True,pt2_relative_median_latency,0.9005901214514077,pt2,median_latency,True,1.0
48,599,334,32,965,"[599, 334, 32]",gelu,model_1,Int8WeightOnlyConfig,int8,8.0,False,True,pt2_relative_p95_latency,1.1150614148564715,pt2,p95_latency,True,1.0
49,599,334,32,965,"[599, 334, 32]",gelu,model_1,Float8WeightOnlyConfig,float8,8.0,False,True,pt2_relative_p95_latency,0.898586844649524,pt2,p95_latency,True,1.0
50,599,334,32,965,"[599, 334, 32]",gelu,model_1,Int8WeightOnlyConfig,int8,8.0,False,True,pt2_relative_p99_latency,1.0553230404791072,pt2,p99_latency,True,1.0
51,599,334,32,965,"[599, 334, 32]",gelu,model_1,Float8WeightOnlyConfig,float8,8.0,False,True,pt2_relative_p99_latency,0.8863587249236345,pt2,p99_latency,True,1.0
52,599,334,32,965,"[599, 334, 32]",gelu,model_1,Int8WeightOnlyConfig,int8,8.0,False,True,pytorch_quantized_MAE,8.303322434088921,pytorch,MAE,False,2.0
53,599,334,32,965,"[599, 334, 32]",gelu,model_1,Float8WeightOnlyConfig,float8,8.0,False,True,pytorch_quantized_MAE,8.332381175804677,pytorch,MAE,False,2.0
54,599,334,32,965,"[599, 334, 32]",gelu,model_1,Int8WeightOnlyConfig,int8,8.0,False,True,pytorch_relative_MAE,1.001495096869295,pytorch,MAE,True,2.0
55,599,334,32,965,"[599, 334, 32]",gelu,model_1,Float8WeightOnlyConfig,float8,8.0,False,True,pytorch_relative_MAE,1.0049999815200517,pytorch,MAE,True,2.0
56,599,334,32,965,"[599, 334, 32]",gelu,model_1,Int8WeightOnlyConfig,int8,8.0,False,True,pytorch_quantized_model_size,260271.0,pytorch,model_size,False,2.0
57,599,334,32,965,"[599, 334, 32]",gelu,model_1,Float8WeightOnlyConfig,float8,8.0,False,True,pytorch_quantized_model_size,260271.0,pytorch,model_size,False,2.0
58,599,334,32,965,"[599, 334, 32]",gelu,model_1,Int8WeightOnlyConfig,int8,8.0,False,True,pytorch_quantized_median_latency,0.00046469271183013916,pytorch,median_latency,False,2.0
59,599,334,32,965,"[599, 334, 32]",gelu,model_1,Float8WeightOnlyConfig,float8,8.0,False,True,pytorch_quantized_median_latency,0.0005222633481025696,pytorch,median_latency,False,2.0
60,599,334,32,965,"[599, 334, 32]",gelu,model_1,Int8WeightOnlyConfig,int8,8.0,False,True,pytorch_quantized_p95_latency,0.000475282222032547,pytorch,p95_latency,False,2.0
61,599,334,32,965,"[599, 334, 32]",gelu,model_1,Float8WeightOnlyConfig,float8,8.0,False,True,pytorch_quantized_p95_latency,0.0005306158214807511,pytorch,p95_latency,False,2.0
62,599,334,32,965,"[599, 334, 32]",gelu,model_1,Int8WeightOnlyConfig,int8,8.0,False,True,pytorch_quantized_p99_latency,0.0004785182327032089,pytorch,p99_latency,False,2.0
63,599,334,32,965,"[599, 334, 32]",gelu,model_1,Float8WeightOnlyConfig,float8,8.0,False,True,pytorch_quantized_p99_latency,0.0005328531935811043,pytorch,p99_latency,False,2.0
64,599,334,32,965,"[599, 334, 32]",gelu,model_1,Int8WeightOnlyConfig,int8,8.0,False,True,pytorch_relative_model_size,0.25,pytorch,model_size,True,2.0
65,599,334,32,965,"[599, 334, 32]",gelu,model_1,Float8WeightOnlyConfig,float8,8.0,False,True,pytorch_relative_model_size,0.25,pytorch,model_size,True,2.0
66,599,334,32,965,"[599, 334, 32]",gelu,model_1,Int8WeightOnlyConfig,int8,8.0,False,True,pytorch_relative_median_latency,3.038326168235681,pytorch,median_latency,True,2.0
67,599,334,32,965,"[599, 334, 32]",gelu,model_1,Float8WeightOnlyConfig,float8,8.0,False,True,pytorch_relative_median_latency,3.414743457027682,pytorch,median_latency,True,2.0
68,599,334,32,965,"[599, 334, 32]",gelu,model_1,Int8WeightOnlyConfig,int8,8.0,False,True,pytorch_relative_p95_latency,2.883072744241542,pytorch,p95_latency,True,2.0
69,599,334,32,965,"[599, 334, 32]",gelu,model_1,Float8WeightOnlyConfig,float8,8.0,False,True,pytorch_relative_p95_latency,3.218727614157908,pytorch,p95_latency,True,2.0
70,599,334,32,965,"[599, 334, 32]",gelu,model_1,Int8WeightOnlyConfig,int8,8.0,False,True,pytorch_relative_p99_latency,2.8344586468786837,pytorch,p99_latency,True,2.0
71,599,334,32,965,"[599, 334, 32]",gelu,model_1,Float8WeightOnlyConfig,float8,8.0,False,True,pytorch_relative_p99_latency,3.1563067796408206,pytorch,p99_latency,True,2.0
72,599,334,32,965,"[599, 334, 32]",gelu,model_1,Int8WeightOnlyConfig,int8,8.0,False,True,onnx_quantized_model_size,47945.0,onnx,model_size,False,2.0
73,599,334,32,965,"[599, 334, 32]",gelu,model_1,Float8WeightOnlyConfig,float8,8.0,False,True,onnx_quantized_model_size,,onnx,model_size,False,2.0
74,599,334,32,965,"[599, 334, 32]",gelu,model_1,Int8WeightOnlyConfig,int8,8.0,False,True,onnx_quantized_median_latency,0.0007044840604066849,onnx,median_latency,False,2.0
75,599,334,32,965,"[599, 334, 32]",gelu,model_1,Float8WeightOnlyConfig,float8,8.0,False,True,onnx_quantized_median_latency,,onnx,median_latency,False,2.0
76,599,334,32,965,"[599, 334, 32]",gelu,model_1,Int8WeightOnlyConfig,int8,8.0,False,True,onnx_quantized_p95_latency,0.000955449789762497,onnx,p95_latency,False,2.0
77,599,334,32,965,"[599, 334, 32]",gelu,model_1,Float8WeightOnlyConfig,float8,8.0,False,True,onnx_quantized_p95_latency,,onnx,p95_latency,False,2.0
78,599,334,32,965,"[599, 334, 32]",gelu,model_1,Int8WeightOnlyConfig,int8,8.0,False,True,onnx_quantized_p99_latency,0.00966363847255703,onnx,p99_latency,False,2.0
79,599,334,32,965,"[599, 334, 32]",gelu,model_1,Float8WeightOnlyConfig,float8,8.0,False,True,onnx_quantized_p99_latency,,onnx,p99_latency,False,2.0
80,599,334,32,965,"[599, 334, 32]",gelu,model_1,Int8WeightOnlyConfig,int8,8.0,False,True,onnx_relative_model_size,1.6758712293334266,onnx,model_size,True,2.0
81,599,334,32,965,"[599, 334, 32]",gelu,model_1,Float8WeightOnlyConfig,float8,8.0,False,True,onnx_relative_model_size,,onnx,model_size,True,2.0
82,599,334,32,965,"[599, 334, 32]",gelu,model_1,Int8WeightOnlyConfig,int8,8.0,False,True,onnx_relative_median_latency,1.125629082900552,onnx,median_latency,True,2.0
83,599,334,32,965,"[599, 334, 32]",gelu,model_1,Float8WeightOnlyConfig,float8,8.0,False,True,onnx_relative_median_latency,,onnx,median_latency,True,2.0
84,599,334,32,965,"[599, 334, 32]",gelu,model_1,Int8WeightOnlyConfig,int8,8.0,False,True,onnx_relative_p95_latency,1.486206140242862,onnx,p95_latency,True,2.0
85,599,334,32,965,"[599, 334, 32]",gelu,model_1,Float8WeightOnlyConfig,float8,8.0,False,True,onnx_relative_p95_latency,,onnx,p95_latency,True,2.0
86,599,334,32,965,"[599, 334, 32]",gelu,model_1,Int8WeightOnlyConfig,int8,8.0,False,True,onnx_relative_p99_latency,14.884939751604238,onnx,p99_latency,True,2.0
87,599,334,32,965,"[599, 334, 32]",gelu,model_1,Float8WeightOnlyConfig,float8,8.0,False,True,onnx_relative_p99_latency,,onnx,p99_latency,True,2.0
88,599,334,32,965,"[599, 334, 32]",gelu,model_1,Int8WeightOnlyConfig,int8,8.0,False,True,pt2_quantized_model_size,408353.0,pt2,model_size,False,2.0
89,599,334,32,965,"[599, 334, 32]",gelu,model_1,Float8WeightOnlyConfig,float8,8.0,False,True,pt2_quantized_model_size,387617.0,pt2,model_size,False,2.0
90,599,334,32,965,"[599, 334, 32]",gelu,model_1,Int8WeightOnlyConfig,int8,8.0,False,True,pt2_quantized_median_latency,0.0008904971182346344,pt2,median_latency,False,2.0
91,599,334,32,965,"[599, 334, 32]",gelu,model_1,Float8WeightOnlyConfig,float8,8.0,False,True,pt2_quantized_median_latency,0.0007256120443344116,pt2,median_latency,False,2.0
92,599,334,32,965,"[599, 334, 32]",gelu,model_1,Int8WeightOnlyConfig,int8,8.0,False,True,pt2_quantized_p95_latency,0.0009012328460812569,pt2,p95_latency,False,2.0
93,599,334,32,965,"[599, 334, 32]",gelu,model_1,Float8WeightOnlyConfig,float8,8.0,False,True,pt2_quantized_p95_latency,0.0007373297587037087,pt2,p95_latency,False,2.0
94,599,334,32,965,"[599, 334, 32]",gelu,model_1,Int8WeightOnlyConfig,int8,8.0,False,True,pt2_quantized_p99_latency,0.001022941954433918,pt2,p99_latency,False,2.0
95,599,334,32,965,"[599, 334, 32]",gelu,model_1,Float8WeightOnlyConfig,float8,8.0,False,True,pt2_quantized_p99_latency,0.0008616410940885543,pt2,p99_latency,False,2.0
96,599,334,32,965,"[599, 334, 32]",gelu,model_1,Int8WeightOnlyConfig,int8,8.0,False,True,pt2_relative_model_size,0.3694241874039355,pt2,model_size,True,2.0
97,599,334,32,965,"[599, 334, 32]",gelu,model_1,Float8WeightOnlyConfig,float8,8.0,False,True,pt2_relative_model_size,0.35066497674549046,pt2,model_size,True,2.0
98,599,334,32,965,"[599, 334, 32]",gelu,model_1,Int8WeightOnlyConfig,int8,8.0,False,True,pt2_relative_median_latency,1.1120151468631665,pt2,median_latency,True,2.0
99,599,334,32,965,"[599, 334, 32]",gelu,model_1,Float8WeightOnlyConfig,float8,8.0,False,True,pt2_relative_median_latency,0.9061136386896289,pt2,median_latency,True,2.0
100,599,334,32,965,"[599, 334, 32]",gelu,model_1,Int8WeightOnlyConfig,int8,8.0,False,True,pt2_relative_p95_latency,1.104230620449159,pt2,p95_latency,True,2.0
101,599,334,32,965,"[599, 334, 32]",gelu,model_1,Float8WeightOnlyConfig,float8,8.0,False,True,pt2_relative_p95_latency,0.9034092581836689,pt2,p95_latency,True,2.0
102,599,334,32,965,"[599, 334, 32]",gelu,model_1,Int8WeightOnlyConfig,int8,8.0,False,True,pt2_relative_p99_latency,1.0557479623630166,pt2,p99_latency,True,2.0
103,599,334,32,965,"[599, 334, 32]",gelu,model_1,Float8WeightOnlyConfig,float8,8.0,False,True,pt2_relative_p99_latency,0.8892741425153821,pt2,p99_latency,True,2.0
104,599,334,32,965,"[599, 334, 32]",gelu,model_1,Int8WeightOnlyConfig,int8,8.0,False,True,pytorch_quantized_MAE,8.299520325683135,pytorch,MAE,False,3.0
105,599,334,32,965,"[599, 334, 32]",gelu,model_1,Float8WeightOnlyConfig,float8,8.0,False,True,pytorch_quantized_MAE,8.323721095288798,pytorch,MAE,False,3.0
106,599,334,32,965,"[599, 334, 32]",gelu,model_1,Int8WeightOnlyConfig,int8,8.0,False,True,pytorch_relative_MAE,1.0015878824986735,pytorch,MAE,True,3.0
107,599,334,32,965,"[599, 334, 32]",gelu,model_1,Float8WeightOnlyConfig,float8,8.0,False,True,pytorch_relative_MAE,1.00450843653469,pytorch,MAE,True,3.0
108,599,334,32,965,"[599, 334, 32]",gelu,model_1,Int8WeightOnlyConfig,int8,8.0,False,True,pytorch_quantized_model_size,260271.0,pytorch,model_size,False,3.0
109,599,334,32,965,"[599, 334, 32]",gelu,model_1,Float8WeightOnlyConfig,float8,8.0,False,True,pytorch_quantized_model_size,260271.0,pytorch,model_size,False,3.0
110,599,334,32,965,"[599, 334, 32]",gelu,model_1,Int8WeightOnlyConfig,int8,8.0,False,True,pytorch_quantized_median_latency,0.00043337978422641754,pytorch,median_latency,False,3.0
111,599,334,32,965,"[599, 334, 32]",gelu,model_1,Float8WeightOnlyConfig,float8,8.0,False,True,pytorch_quantized_median_latency,0.0005272608250379562,pytorch,median_latency,False,3.0
112,599,334,32,965,"[599, 334, 32]",gelu,model_1,Int8WeightOnlyConfig,int8,8.0,False,True,pytorch_quantized_p95_latency,0.00044448841363191604,pytorch,p95_latency,False,3.0
113,599,334,32,965,"[599, 334, 32]",gelu,model_1,Float8WeightOnlyConfig,float8,8.0,False,True,pytorch_quantized_p95_latency,0.000535818375647068,pytorch,p95_latency,False,3.0
114,599,334,32,965,"[599, 334, 32]",gelu,model_1,Int8WeightOnlyConfig,int8,8.0,False,True,pytorch_quantized_p99_latency,0.00044613558799028397,pytorch,p99_latency,False,3.0
115,599,334,32,965,"[599, 334, 32]",gelu,model_1,Float8WeightOnlyConfig,float8,8.0,False,True,pytorch_quantized_p99_latency,0.0005434391275048255,pytorch,p99_latency,False,3.0
116,599,334,32,965,"[599, 334, 32]",gelu,model_1,Int8WeightOnlyConfig,int8,8.0,False,True,pytorch_relative_model_size,0.25,pytorch,model_size,True,3.0
117,599,334,32,965,"[599, 334, 32]",gelu,model_1,Float8WeightOnlyConfig,float8,8.0,False,True,pytorch_relative_model_size,0.25,pytorch,model_size,True,3.0
118,599,334,32,965,"[599, 334, 32]",gelu,model_1,Int8WeightOnlyConfig,int8,8.0,False,True,pytorch_relative_median_latency,2.721211199738018,pytorch,median_latency,True,3.0
119,599,334,32,965,"[599, 334, 32]",gelu,model_1,Float8WeightOnlyConfig,float8,8.0,False,True,pytorch_relative_median_latency,3.310694486678674,pytorch,median_latency,True,3.0
120,599,334,32,965,"[599, 334, 32]",gelu,model_1,Int8WeightOnlyConfig,int8,8.0,False,True,pytorch_relative_p95_latency,2.588473228290086,pytorch,p95_latency,True,3.0
121,599,334,32,965,"[599, 334, 32]",gelu,model_1,Float8WeightOnlyConfig,float8,8.0,False,True,pytorch_relative_p95_latency,3.120332224760442,pytorch,p95_latency,True,3.0
122,599,334,32,965,"[599, 334, 32]",gelu,model_1,Int8WeightOnlyConfig,int8,8.0,False,True,pytorch_relative_p99_latency,2.4899035691734888,pytorch,p99_latency,True,3.0
123,599,334,32,965,"[599, 334, 32]",gelu,model_1,Float8WeightOnlyConfig,float8,8.0,False,True,pytorch_relative_p99_latency,3.032959171220073,pytorch,p99_latency,True,3.0
124,599,334,32,965,"[599, 334, 32]",gelu,model_1,Int8WeightOnlyConfig,int8,8.0,False,True,onnx_quantized_model_size,47945.0,onnx,model_size,False,3.0
125,599,334,32,965,"[599, 334, 32]",gelu,model_1,Float8WeightOnlyConfig,float8,8.0,False,True,onnx_quantized_model_size,,onnx,model_size,False,3.0
126,599,334,32,965,"[599, 334, 32]",gelu,model_1,Int8WeightOnlyConfig,int8,8.0,False,True,onnx_quantized_median_latency,0.0007028002291917801,onnx,median_latency,False,3.0
127,599,334,32,965,"[599, 334, 32]",gelu,model_1,Float8WeightOnlyConfig,float8,8.0,False,True,onnx_quantized_median_latency,,onnx,median_latency,False,3.0
128,599,334,32,965,"[599, 334, 32]",gelu,model_1,Int8WeightOnlyConfig,int8,8.0,False,True,onnx_quantized_p95_latency,0.0009597539901733398,onnx,p95_latency,False,3.0
129,599,334,32,965,"[599, 334, 32]",gelu,model_1,Float8WeightOnlyConfig,float8,8.0,False,True,onnx_quantized_p95_latency,,onnx,p95_latency,False,3.0
130,599,334,32,965,"[599, 334, 32]",gelu,model_1,Int8WeightOnlyConfig,int8,8.0,False,True,onnx_quantized_p99_latency,0.004823601320385895,onnx,p99_latency,False,3.0
131,599,334,32,965,"[599, 334, 32]",gelu,model_1,Float8WeightOnlyConfig,float8,8.0,False,True,onnx_quantized_p99_latency,,onnx,p99_latency,False,3.0
132,599,334,32,965,"[599, 334, 32]",gelu,model_1,Int8WeightOnlyConfig,int8,8.0,False,True,onnx_relative_model_size,1.6758712293334266,onnx,model_size,True,3.0
133,599,334,32,965,"[599, 334, 32]",gelu,model_1,Float8WeightOnlyConfig,float8,8.0,False,True,onnx_relative_model_size,,onnx,model_size,True,3.0
134,599,334,32,965,"[599, 334, 32]",gelu,model_1,Int8WeightOnlyConfig,int8,8.0,False,True,onnx_relative_median_latency,1.1098518385608014,onnx,median_latency,True,3.0
135,599,334,32,965,"[599, 334, 32]",gelu,model_1,Float8WeightOnlyConfig,float8,8.0,False,True,onnx_relative_median_latency,,onnx,median_latency,True,3.0
136,599,334,32,965,"[599, 334, 32]",gelu,model_1,Int8WeightOnlyConfig,int8,8.0,False,True,onnx_relative_p95_latency,1.4664265046436291,onnx,p95_latency,True,3.0
137,599,334,32,965,"[599, 334, 32]",gelu,model_1,Float8WeightOnlyConfig,float8,8.0,False,True,onnx_relative_p95_latency,,onnx,p95_latency,True,3.0
138,599,334,32,965,"[599, 334, 32]",gelu,model_1,Int8WeightOnlyConfig,int8,8.0,False,True,onnx_relative_p99_latency,7.280183051261751,onnx,p99_latency,True,3.0
139,599,334,32,965,"[599, 334, 32]",gelu,model_1,Float8WeightOnlyConfig,float8,8.0,False,True,onnx_relative_p99_latency,,onnx,p99_latency,True,3.0
140,599,334,32,965,"[599, 334, 32]",gelu,model_1,Int8WeightOnlyConfig,int8,8.0,False,True,pt2_quantized_model_size,408353.0,pt2,model_size,False,3.0
141,599,334,32,965,"[599, 334, 32]",gelu,model_1,Float8WeightOnlyConfig,float8,8.0,False,True,pt2_quantized_model_size,387617.0,pt2,model_size,False,3.0
142,599,334,32,965,"[599, 334, 32]",gelu,model_1,Int8WeightOnlyConfig,int8,8.0,False,True,pt2_quantized_median_latency,0.000907599925994873,pt2,median_latency,False,3.0
143,599,334,32,965,"[599, 334, 32]",gelu,model_1,Float8WeightOnlyConfig,float8,8.0,False,True,pt2_quantized_median_latency,0.0007291566580533981,pt2,median_latency,False,3.0
144,599,334,32,965,"[599, 334, 32]",gelu,model_1,Int8WeightOnlyConfig,int8,8.0,False,True,pt2_quantized_p95_latency,0.0009498251602053642,pt2,p95_latency,False,3.0
145,599,334,32,965,"[599, 334, 32]",gelu,model_1,Float8WeightOnlyConfig,float8,8.0,False,True,pt2_quantized_p95_latency,0.0007413424551486969,pt2,p95_latency,False,3.0
146,599,334,32,965,"[599, 334, 32]",gelu,model_1,Int8WeightOnlyConfig,int8,8.0,False,True,pt2_quantized_p99_latency,0.0010606165975332255,pt2,p99_latency,False,3.0
147,599,334,32,965,"[599, 334, 32]",gelu,model_1,Float8WeightOnlyConfig,float8,8.0,False,True,pt2_quantized_p99_latency,0.0008661786094307899,pt2,p99_latency,False,3.0
148,599,334,32,965,"[599, 334, 32]",gelu,model_1,Int8WeightOnlyConfig,int8,8.0,False,True,pt2_relative_model_size,0.3694241874039355,pt2,model_size,True,3.0
149,599,334,32,965,"[599, 334, 32]",gelu,model_1,Float8WeightOnlyConfig,float8,8.0,False,True,pt2_relative_model_size,0.35066497674549046,pt2,model_size,True,3.0
150,599,334,32,965,"[599, 334, 32]",gelu,model_1,Int8WeightOnlyConfig,int8,8.0,False,True,pt2_relative_median_latency,0.7041763793728856,pt2,median_latency,True,3.0
151,599,334,32,965,"[599, 334, 32]",gelu,model_1,Float8WeightOnlyConfig,float8,8.0,False,True,pt2_relative_median_latency,0.5657282253530896,pt2,median_latency,True,3.0
152,599,334,32,965,"[599, 334, 32]",gelu,model_1,Int8WeightOnlyConfig,int8,8.0,False,True,pt2_relative_p95_latency,0.7191073839255157,pt2,p95_latency,True,3.0
153,599,334,32,965,"[599, 334, 32]",gelu,model_1,Float8WeightOnlyConfig,float8,8.0,False,True,pt2_relative_p95_latency,0.5612662791535595,pt2,p95_latency,True,3.0
154,599,334,32,965,"[599, 334, 32]",gelu,model_1,Int8WeightOnlyConfig,int8,8.0,False,True,pt2_relative_p99_latency,0.7171385801110967,pt2,p99_latency,True,3.0
155,599,334,32,965,"[599, 334, 32]",gelu,model_1,Float8WeightOnlyConfig,float8,8.0,False,True,pt2_relative_p99_latency,0.5856688454004151,pt2,p99_latency,True,3.0
156,207,190,81,478,"[207, 190, 81]",leaky_relu,model_10,Int8WeightOnlyConfig,int8,8.0,False,True,pytorch_quantized_MAE,8.567269505584228,pytorch,MAE,False,1.0
157,207,190,81,478,"[207, 190, 81]",leaky_relu,model_10,Float8WeightOnlyConfig,float8,8.0,False,True,pytorch_quantized_MAE,8.514289407380213,pytorch,MAE,False,1.0
158,207,190,81,478,"[207, 190, 81]",leaky_relu,model_10,Int8WeightOnlyConfig,int8,8.0,False,True,pytorch_relative_MAE,1.0001931688159533,pytorch,MAE,True,1.0
159,207,190,81,478,"[207, 190, 81]",leaky_relu,model_10,Float8WeightOnlyConfig,float8,8.0,False,True,pytorch_relative_MAE,0.9940079621672873,pytorch,MAE,True,1.0
160,207,190,81,478,"[207, 190, 81]",leaky_relu,model_10,Int8WeightOnlyConfig,int8,8.0,False,True,pytorch_quantized_model_size,72047.0,pytorch,model_size,False,1.0
161,207,190,81,478,"[207, 190, 81]",leaky_relu,model_10,Float8WeightOnlyConfig,float8,8.0,False,True,pytorch_quantized_model_size,72047.0,pytorch,model_size,False,1.0
162,207,190,81,478,"[207, 190, 81]",leaky_relu,model_10,Int8WeightOnlyConfig,int8,8.0,False,True,pytorch_quantized_median_latency,0.0004209578037261963,pytorch,median_latency,False,1.0
163,207,190,81,478,"[207, 190, 81]",leaky_relu,model_10,Float8WeightOnlyConfig,float8,8.0,False,True,pytorch_quantized_median_latency,0.0005287900567054749,pytorch,median_latency,False,1.0
164,207,190,81,478,"[207, 190, 81]",leaky_relu,model_10,Int8WeightOnlyConfig,int8,8.0,False,True,pytorch_quantized_p95_latency,0.00043166447430849076,pytorch,p95_latency,False,1.0
165,207,190,81,478,"[207, 190, 81]",leaky_relu,model_10,Float8WeightOnlyConfig,float8,8.0,False,True,pytorch_quantized_p95_latency,0.0005366379395127296,pytorch,p95_latency,False,1.0
166,207,190,81,478,"[207, 190, 81]",leaky_relu,model_10,Int8WeightOnlyConfig,int8,8.0,False,True,pytorch_quantized_p99_latency,0.00043735880404710764,pytorch,p99_latency,False,1.0
167,207,190,81,478,"[207, 190, 81]",leaky_relu,model_10,Float8WeightOnlyConfig,float8,8.0,False,True,pytorch_quantized_p99_latency,0.0005485723540186882,pytorch,p99_latency,False,1.0
168,207,190,81,478,"[207, 190, 81]",leaky_relu,model_10,Int8WeightOnlyConfig,int8,8.0,False,True,pytorch_relative_model_size,0.25,pytorch,model_size,True,1.0
169,207,190,81,478,"[207, 190, 81]",leaky_relu,model_10,Float8WeightOnlyConfig,float8,8.0,False,True,pytorch_relative_model_size,0.25,pytorch,model_size,True,1.0
170,207,190,81,478,"[207, 190, 81]",leaky_relu,model_10,Int8WeightOnlyConfig,int8,8.0,False,True,pytorch_relative_median_latency,2.653173829844684,pytorch,median_latency,True,1.0
171,207,190,81,478,"[207, 190, 81]",leaky_relu,model_10,Float8WeightOnlyConfig,float8,8.0,False,True,pytorch_relative_median_latency,3.332808959744544,pytorch,median_latency,True,1.0
172,207,190,81,478,"[207, 190, 81]",leaky_relu,model_10,Int8WeightOnlyConfig,int8,8.0,False,True,pytorch_relative_p95_latency,2.5348882233651344,pytorch,p95_latency,True,1.0
173,207,190,81,478,"[207, 190, 81]",leaky_relu,model_10,Float8WeightOnlyConfig,float8,8.0,False,True,pytorch_relative_p95_latency,3.1513299658511937,pytorch,p95_latency,True,1.0
174,207,190,81,478,"[207, 190, 81]",leaky_relu,model_10,Int8WeightOnlyConfig,int8,8.0,False,True,pytorch_relative_p99_latency,2.5092515372564272,pytorch,p99_latency,True,1.0
175,207,190,81,478,"[207, 190, 81]",leaky_relu,model_10,Float8WeightOnlyConfig,float8,8.0,False,True,pytorch_relative_p99_latency,3.147315224662787,pytorch,p99_latency,True,1.0
176,207,190,81,478,"[207, 190, 81]",leaky_relu,model_10,Int8WeightOnlyConfig,int8,8.0,False,True,onnx_quantized_model_size,32972.0,onnx,model_size,False,1.0
177,207,190,81,478,"[207, 190, 81]",leaky_relu,model_10,Float8WeightOnlyConfig,float8,8.0,False,True,onnx_quantized_model_size,,onnx,model_size,False,1.0
178,207,190,81,478,"[207, 190, 81]",leaky_relu,model_10,Int8WeightOnlyConfig,int8,8.0,False,True,onnx_quantized_median_latency,0.0002468377351760864,onnx,median_latency,False,1.0
179,207,190,81,478,"[207, 190, 81]",leaky_relu,model_10,Float8WeightOnlyConfig,float8,8.0,False,True,onnx_quantized_median_latency,,onnx,median_latency,False,1.0
180,207,190,81,478,"[207, 190, 81]",leaky_relu,model_10,Int8WeightOnlyConfig,int8,8.0,False,True,onnx_quantized_p95_latency,0.000272463820874691,onnx,p95_latency,False,1.0
181,207,190,81,478,"[207, 190, 81]",leaky_relu,model_10,Float8WeightOnlyConfig,float8,8.0,False,True,onnx_quantized_p95_latency,,onnx,p95_latency,False,1.0
182,207,190,81,478,"[207, 190, 81]",leaky_relu,model_10,Int8WeightOnlyConfig,int8,8.0,False,True,onnx_quantized_p99_latency,0.00028611499816179277,onnx,p99_latency,False,1.0
183,207,190,81,478,"[207, 190, 81]",leaky_relu,model_10,Float8WeightOnlyConfig,float8,8.0,False,True,onnx_quantized_p99_latency,,onnx,p99_latency,False,1.0
184,207,190,81,478,"[207, 190, 81]",leaky_relu,model_10,Int8WeightOnlyConfig,int8,8.0,False,True,onnx_relative_model_size,2.3827142650672064,onnx,model_size,True,1.0
185,207,190,81,478,"[207, 190, 81]",leaky_relu,model_10,Float8WeightOnlyConfig,float8,8.0,False,True,onnx_relative_model_size,,onnx,model_size,True,1.0
186,207,190,81,478,"[207, 190, 81]",leaky_relu,model_10,Int8WeightOnlyConfig,int8,8.0,False,True,onnx_relative_median_latency,1.423125248338148,onnx,median_latency,True,1.0
187,207,190,81,478,"[207, 190, 81]",leaky_relu,model_10,Float8WeightOnlyConfig,float8,8.0,False,True,onnx_relative_median_latency,,onnx,median_latency,True,1.0
188,207,190,81,478,"[207, 190, 81]",leaky_relu,model_10,Int8WeightOnlyConfig,int8,8.0,False,True,onnx_relative_p95_latency,1.4970555846665248,onnx,p95_latency,True,1.0
189,207,190,81,478,"[207, 190, 81]",leaky_relu,model_10,Float8WeightOnlyConfig,float8,8.0,False,True,onnx_relative_p95_latency,,onnx,p95_latency,True,1.0
190,207,190,81,478,"[207, 190, 81]",leaky_relu,model_10,Int8WeightOnlyConfig,int8,8.0,False,True,onnx_relative_p99_latency,1.534019363737792,onnx,p99_latency,True,1.0
191,207,190,81,478,"[207, 190, 81]",leaky_relu,model_10,Float8WeightOnlyConfig,float8,8.0,False,True,onnx_relative_p99_latency,,onnx,p99_latency,True,1.0
192,207,190,81,478,"[207, 190, 81]",leaky_relu,model_10,Int8WeightOnlyConfig,int8,8.0,False,True,pt2_quantized_model_size,216801.0,pt2,model_size,False,1.0
193,207,190,81,478,"[207, 190, 81]",leaky_relu,model_10,Float8WeightOnlyConfig,float8,8.0,False,True,pt2_quantized_model_size,196001.0,pt2,model_size,False,1.0
194,207,190,81,478,"[207, 190, 81]",leaky_relu,model_10,Int8WeightOnlyConfig,int8,8.0,False,True,pt2_quantized_median_latency,0.0008831098675727844,pt2,median_latency,False,1.0
195,207,190,81,478,"[207, 190, 81]",leaky_relu,model_10,Float8WeightOnlyConfig,float8,8.0,False,True,pt2_quantized_median_latency,0.000726381316781044,pt2,median_latency,False,1.0
196,207,190,81,478,"[207, 190, 81]",leaky_relu,model_10,Int8WeightOnlyConfig,int8,8.0,False,True,pt2_quantized_p95_latency,0.000895734690129757,pt2,p95_latency,False,1.0
197,207,190,81,478,"[207, 190, 81]",leaky_relu,model_10,Float8WeightOnlyConfig,float8,8.0,False,True,pt2_quantized_p95_latency,0.0007340811192989349,pt2,p95_latency,False,1.0
198,207,190,81,478,"[207, 190, 81]",leaky_relu,model_10,Int8WeightOnlyConfig,int8,8.0,False,True,pt2_quantized_p99_latency,0.0010386139154434204,pt2,p99_latency,False,1.0
199,207,190,81,478,"[207, 190, 81]",leaky_relu,model_10,Float8WeightOnlyConfig,float8,8.0,False,True,pt2_quantized_p99_latency,0.000850311480462551,pt2,p99_latency,False,1.0
200,207,190,81,478,"[207, 190, 81]",leaky_relu,model_10,Int8WeightOnlyConfig,int8,8.0,False,True,pt2_relative_model_size,0.6148481746070009,pt2,model_size,True,1.0
201,207,190,81,478,"[207, 190, 81]",leaky_relu,model_10,Float8WeightOnlyConfig,float8,8.0,False,True,pt2_relative_model_size,0.5558593229327669,pt2,model_size,True,1.0
202,207,190,81,478,"[207, 190, 81]",leaky_relu,model_10,Int8WeightOnlyConfig,int8,8.0,False,True,pt2_relative_median_latency,1.7550621524975754,pt2,median_latency,True,1.0
203,207,190,81,478,"[207, 190, 81]",leaky_relu,model_10,Float8WeightOnlyConfig,float8,8.0,False,True,pt2_relative_median_latency,1.443585225548045,pt2,median_latency,True,1.0
204,207,190,81,478,"[207, 190, 81]",leaky_relu,model_10,Int8WeightOnlyConfig,int8,8.0,False,True,pt2_relative_p95_latency,1.719692933113145,pt2,p95_latency,True,1.0
205,207,190,81,478,"[207, 190, 81]",leaky_relu,model_10,Float8WeightOnlyConfig,float8,8.0,False,True,pt2_relative_p95_latency,1.4093393134157775,pt2,p95_latency,True,1.0
206,207,190,81,478,"[207, 190, 81]",leaky_relu,model_10,Int8WeightOnlyConfig,int8,8.0,False,True,pt2_relative_p99_latency,1.5649574476492925,pt2,p99_latency,True,1.0
207,207,190,81,478,"[207, 190, 81]",leaky_relu,model_10,Float8WeightOnlyConfig,float8,8.0,False,True,pt2_relative_p99_latency,1.2812280524890158,pt2,p99_latency,True,1.0
208,207,190,81,478,"[207, 190, 81]",leaky_relu,model_10,Int8WeightOnlyConfig,int8,8.0,False,True,pytorch_quantized_MAE,8.146573609489376,pytorch,MAE,False,2.0
209,207,190,81,478,"[207, 190, 81]",leaky_relu,model_10,Float8WeightOnlyConfig,float8,8.0,False,True,pytorch_quantized_MAE,8.089570225799072,pytorch,MAE,False,2.0
210,207,190,81,478,"[207, 190, 81]",leaky_relu,model_10,Int8WeightOnlyConfig,int8,8.0,False,True,pytorch_relative_MAE,1.0000308372518725,pytorch,MAE,True,2.0
211,207,190,81,478,"[207, 190, 81]",leaky_relu,model_10,Float8WeightOnlyConfig,float8,8.0,False,True,pytorch_relative_MAE,0.9930333995252186,pytorch,MAE,True,2.0
212,207,190,81,478,"[207, 190, 81]",leaky_relu,model_10,Int8WeightOnlyConfig,int8,8.0,False,True,pytorch_quantized_model_size,72047.0,pytorch,model_size,False,2.0
213,207,190,81,478,"[207, 190, 81]",leaky_relu,model_10,Float8WeightOnlyConfig,float8,8.0,False,True,pytorch_quantized_model_size,72047.0,pytorch,model_size,False,2.0
214,207,190,81,478,"[207, 190, 81]",leaky_relu,model_10,Int8WeightOnlyConfig,int8,8.0,False,True,pytorch_quantized_median_latency,0.0004198402166366577,pytorch,median_latency,False,2.0
215,207,190,81,478,"[207, 190, 81]",leaky_relu,model_10,Float8WeightOnlyConfig,float8,8.0,False,True,pytorch_quantized_median_latency,0.000517016276717186,pytorch,median_latency,False,2.0
216,207,190,81,478,"[207, 190, 81]",leaky_relu,model_10,Int8WeightOnlyConfig,int8,8.0,False,True,pytorch_quantized_p95_latency,0.00043216180056333543,pytorch,p95_latency,False,2.0
217,207,190,81,478,"[207, 190, 81]",leaky_relu,model_10,Float8WeightOnlyConfig,float8,8.0,False,True,pytorch_quantized_p95_latency,0.0005251357331871986,pytorch,p95_latency,False,2.0
218,207,190,81,478,"[207, 190, 81]",leaky_relu,model_10,Int8WeightOnlyConfig,int8,8.0,False,True,pytorch_quantized_p99_latency,0.0004352058470249176,pytorch,p99_latency,False,2.0
219,207,190,81,478,"[207, 190, 81]",leaky_relu,model_10,Float8WeightOnlyConfig,float8,8.0,False,True,pytorch_quantized_p99_latency,0.0005374593287706375,pytorch,p99_latency,False,2.0
220,207,190,81,478,"[207, 190, 81]",leaky_relu,model_10,Int8WeightOnlyConfig,int8,8.0,False,True,pytorch_relative_model_size,0.25,pytorch,model_size,True,2.0
221,207,190,81,478,"[207, 190, 81]",leaky_relu,model_10,Float8WeightOnlyConfig,float8,8.0,False,True,pytorch_relative_model_size,0.25,pytorch,model_size,True,2.0
222,207,190,81,478,"[207, 190, 81]",leaky_relu,model_10,Int8WeightOnlyConfig,int8,8.0,False,True,pytorch_relative_median_latency,2.378916927883144,pytorch,median_latency,True,2.0
223,207,190,81,478,"[207, 190, 81]",leaky_relu,model_10,Float8WeightOnlyConfig,float8,8.0,False,True,pytorch_relative_median_latency,2.929540153458084,pytorch,median_latency,True,2.0
224,207,190,81,478,"[207, 190, 81]",leaky_relu,model_10,Int8WeightOnlyConfig,int8,8.0,False,True,pytorch_relative_p95_latency,2.2801816950671676,pytorch,p95_latency,True,2.0
225,207,190,81,478,"[207, 190, 81]",leaky_relu,model_10,Float8WeightOnlyConfig,float8,8.0,False,True,pytorch_relative_p95_latency,2.770732824322452,pytorch,p95_latency,True,2.0
226,207,190,81,478,"[207, 190, 81]",leaky_relu,model_10,Int8WeightOnlyConfig,int8,8.0,False,True,pytorch_relative_p99_latency,2.2511420012509697,pytorch,p99_latency,True,2.0
227,207,190,81,478,"[207, 190, 81]",leaky_relu,model_10,Float8WeightOnlyConfig,float8,8.0,False,True,pytorch_relative_p99_latency,2.780057476779404,pytorch,p99_latency,True,2.0
228,207,190,81,478,"[207, 190, 81]",leaky_relu,model_10,Int8WeightOnlyConfig,int8,8.0,False,True,onnx_quantized_model_size,32972.0,onnx,model_size,False,2.0
229,207,190,81,478,"[207, 190, 81]",leaky_relu,model_10,Float8WeightOnlyConfig,float8,8.0,False,True,onnx_quantized_model_size,,onnx,model_size,False,2.0
230,207,190,81,478,"[207, 190, 81]",leaky_relu,model_10,Int8WeightOnlyConfig,int8,8.0,False,True,onnx_quantized_median_latency,0.0002148747444152832,onnx,median_latency,False,2.0
231,207,190,81,478,"[207, 190, 81]",leaky_relu,model_10,Float8WeightOnlyConfig,float8,8.0,False,True,onnx_quantized_median_latency,,onnx,median_latency,False,2.0
232,207,190,81,478,"[207, 190, 81]",leaky_relu,model_10,Int8WeightOnlyConfig,int8,8.0,False,True,onnx_quantized_p95_latency,0.0002486390992999077,onnx,p95_latency,False,2.0
233,207,190,81,478,"[207, 190, 81]",leaky_relu,model_10,Float8WeightOnlyConfig,float8,8.0,False,True,onnx_quantized_p95_latency,,onnx,p95_latency,False,2.0
234,207,190,81,478,"[207, 190, 81]",leaky_relu,model_10,Int8WeightOnlyConfig,int8,8.0,False,True,onnx_quantized_p99_latency,0.0002600324898958206,onnx,p99_latency,False,2.0
235,207,190,81,478,"[207, 190, 81]",leaky_relu,model_10,Float8WeightOnlyConfig,float8,8.0,False,True,onnx_quantized_p99_latency,,onnx,p99_latency,False,2.0
236,207,190,81,478,"[207, 190, 81]",leaky_relu,model_10,Int8WeightOnlyConfig,int8,8.0,False,True,onnx_relative_model_size,2.3827142650672064,onnx,model_size,True,2.0
237,207,190,81,478,"[207, 190, 81]",leaky_relu,model_10,Float8WeightOnlyConfig,float8,8.0,False,True,onnx_relative_model_size,,onnx,model_size,True,2.0
238,207,190,81,478,"[207, 190, 81]",leaky_relu,model_10,Int8WeightOnlyConfig,int8,8.0,False,True,onnx_relative_median_latency,1.2491608012994044,onnx,median_latency,True,2.0
239,207,190,81,478,"[207, 190, 81]",leaky_relu,model_10,Float8WeightOnlyConfig,float8,8.0,False,True,onnx_relative_median_latency,,onnx,median_latency,True,2.0
240,207,190,81,478,"[207, 190, 81]",leaky_relu,model_10,Int8WeightOnlyConfig,int8,8.0,False,True,onnx_relative_p95_latency,1.3619770675993628,onnx,p95_latency,True,2.0
241,207,190,81,478,"[207, 190, 81]",leaky_relu,model_10,Float8WeightOnlyConfig,float8,8.0,False,True,onnx_relative_p95_latency,,onnx,p95_latency,True,2.0
242,207,190,81,478,"[207, 190, 81]",leaky_relu,model_10,Int8WeightOnlyConfig,int8,8.0,False,True,onnx_relative_p99_latency,1.373416704100086,onnx,p99_latency,True,2.0
243,207,190,81,478,"[207, 190, 81]",leaky_relu,model_10,Float8WeightOnlyConfig,float8,8.0,False,True,onnx_relative_p99_latency,,onnx,p99_latency,True,2.0
244,207,190,81,478,"[207, 190, 81]",leaky_relu,model_10,Int8WeightOnlyConfig,int8,8.0,False,True,pt2_quantized_model_size,216801.0,pt2,model_size,False,2.0
245,207,190,81,478,"[207, 190, 81]",leaky_relu,model_10,Float8WeightOnlyConfig,float8,8.0,False,True,pt2_quantized_model_size,196001.0,pt2,model_size,False,2.0
246,207,190,81,478,"[207, 190, 81]",leaky_relu,model_10,Int8WeightOnlyConfig,int8,8.0,False,True,pt2_quantized_median_latency,0.0008795019239187241,pt2,median_latency,False,2.0
247,207,190,81,478,"[207, 190, 81]",leaky_relu,model_10,Float8WeightOnlyConfig,float8,8.0,False,True,pt2_quantized_median_latency,0.0007177479565143585,pt2,median_latency,False,2.0
248,207,190,81,478,"[207, 190, 81]",leaky_relu,model_10,Int8WeightOnlyConfig,int8,8.0,False,True,pt2_quantized_p95_latency,0.000904666818678379,pt2,p95_latency,False,2.0
249,207,190,81,478,"[207, 190, 81]",leaky_relu,model_10,Float8WeightOnlyConfig,float8,8.0,False,True,pt2_quantized_p95_latency,0.0007265644147992134,pt2,p95_latency,False,2.0
250,207,190,81,478,"[207, 190, 81]",leaky_relu,model_10,Int8WeightOnlyConfig,int8,8.0,False,True,pt2_quantized_p99_latency,0.0011030601337552065,pt2,p99_latency,False,2.0
251,207,190,81,478,"[207, 190, 81]",leaky_relu,model_10,Float8WeightOnlyConfig,float8,8.0,False,True,pt2_quantized_p99_latency,0.000842207707464695,pt2,p99_latency,False,2.0
252,207,190,81,478,"[207, 190, 81]",leaky_relu,model_10,Int8WeightOnlyConfig,int8,8.0,False,True,pt2_relative_model_size,0.6148481746070009,pt2,model_size,True,2.0
253,207,190,81,478,"[207, 190, 81]",leaky_relu,model_10,Float8WeightOnlyConfig,float8,8.0,False,True,pt2_relative_model_size,0.5558593229327669,pt2,model_size,True,2.0
254,207,190,81,478,"[207, 190, 81]",leaky_relu,model_10,Int8WeightOnlyConfig,int8,8.0,False,True,pt2_relative_median_latency,1.806657611294982,pt2,median_latency,True,2.0
255,207,190,81,478,"[207, 190, 81]",leaky_relu,model_10,Float8WeightOnlyConfig,float8,8.0,False,True,pt2_relative_median_latency,1.4743854144745652,pt2,median_latency,True,2.0
256,207,190,81,478,"[207, 190, 81]",leaky_relu,model_10,Int8WeightOnlyConfig,int8,8.0,False,True,pt2_relative_p95_latency,1.7668612184880983,pt2,p95_latency,True,2.0
257,207,190,81,478,"[207, 190, 81]",leaky_relu,model_10,Float8WeightOnlyConfig,float8,8.0,False,True,pt2_relative_p95_latency,1.4190179862213077,pt2,p95_latency,True,2.0
258,207,190,81,478,"[207, 190, 81]",leaky_relu,model_10,Int8WeightOnlyConfig,int8,8.0,False,True,pt2_relative_p99_latency,1.6871327350944094,pt2,p99_latency,True,2.0
259,207,190,81,478,"[207, 190, 81]",leaky_relu,model_10,Float8WeightOnlyConfig,float8,8.0,False,True,pt2_relative_p99_latency,1.2881584145147211,pt2,p99_latency,True,2.0
260,207,190,81,478,"[207, 190, 81]",leaky_relu,model_10,Int8WeightOnlyConfig,int8,8.0,False,True,pytorch_quantized_MAE,7.997490618213212,pytorch,MAE,False,3.0
261,207,190,81,478,"[207, 190, 81]",leaky_relu,model_10,Float8WeightOnlyConfig,float8,8.0,False,True,pytorch_quantized_MAE,7.945569884406993,pytorch,MAE,False,3.0
262,207,190,81,478,"[207, 190, 81]",leaky_relu,model_10,Int8WeightOnlyConfig,int8,8.0,False,True,pytorch_relative_MAE,1.000086467723386,pytorch,MAE,True,3.0
263,207,190,81,478,"[207, 190, 81]",leaky_relu,model_10,Float8WeightOnlyConfig,float8,8.0,False,True,pytorch_relative_MAE,0.9935937782345586,pytorch,MAE,True,3.0
264,207,190,81,478,"[207, 190, 81]",leaky_relu,model_10,Int8WeightOnlyConfig,int8,8.0,False,True,pytorch_quantized_model_size,72047.0,pytorch,model_size,False,3.0
265,207,190,81,478,"[207, 190, 81]",leaky_relu,model_10,Float8WeightOnlyConfig,float8,8.0,False,True,pytorch_quantized_model_size,72047.0,pytorch,model_size,False,3.0
266,207,190,81,478,"[207, 190, 81]",leaky_relu,model_10,Int8WeightOnlyConfig,int8,8.0,False,True,pytorch_quantized_median_latency,0.0004700738936662674,pytorch,median_latency,False,3.0
267,207,190,81,478,"[207, 190, 81]",leaky_relu,model_10,Float8WeightOnlyConfig,float8,8.0,False,True,pytorch_quantized_median_latency,0.0005188342183828354,pytorch,median_latency,False,3.0
268,207,190,81,478,"[207, 190, 81]",leaky_relu,model_10,Int8WeightOnlyConfig,int8,8.0,False,True,pytorch_quantized_p95_latency,0.00048007983714342116,pytorch,p95_latency,False,3.0
269,207,190,81,478,"[207, 190, 81]",leaky_relu,model_10,Float8WeightOnlyConfig,float8,8.0,False,True,pytorch_quantized_p95_latency,0.0005356518551707268,pytorch,p95_latency,False,3.0
270,207,190,81,478,"[207, 190, 81]",leaky_relu,model_10,Int8WeightOnlyConfig,int8,8.0,False,True,pytorch_quantized_p99_latency,0.0004910990968346596,pytorch,p99_latency,False,3.0
271,207,190,81,478,"[207, 190, 81]",leaky_relu,model_10,Float8WeightOnlyConfig,float8,8.0,False,True,pytorch_quantized_p99_latency,0.0005449661612510681,pytorch,p99_latency,False,3.0
272,207,190,81,478,"[207, 190, 81]",leaky_relu,model_10,Int8WeightOnlyConfig,int8,8.0,False,True,pytorch_relative_model_size,0.25,pytorch,model_size,True,3.0
273,207,190,81,478,"[207, 190, 81]",leaky_relu,model_10,Float8WeightOnlyConfig,float8,8.0,False,True,pytorch_relative_model_size,0.25,pytorch,model_size,True,3.0
274,207,190,81,478,"[207, 190, 81]",leaky_relu,model_10,Int8WeightOnlyConfig,int8,8.0,False,True,pytorch_relative_median_latency,2.99210385914992,pytorch,median_latency,True,3.0
275,207,190,81,478,"[207, 190, 81]",leaky_relu,model_10,Float8WeightOnlyConfig,float8,8.0,False,True,pytorch_relative_median_latency,3.3024719900409036,pytorch,median_latency,True,3.0
276,207,190,81,478,"[207, 190, 81]",leaky_relu,model_10,Int8WeightOnlyConfig,int8,8.0,False,True,pytorch_relative_p95_latency,2.8455352500019324,pytorch,p95_latency,True,3.0
277,207,190,81,478,"[207, 190, 81]",leaky_relu,model_10,Float8WeightOnlyConfig,float8,8.0,False,True,pytorch_relative_p95_latency,3.1749224143356014,pytorch,p95_latency,True,3.0
278,207,190,81,478,"[207, 190, 81]",leaky_relu,model_10,Int8WeightOnlyConfig,int8,8.0,False,True,pytorch_relative_p99_latency,2.761829889925621,pytorch,p99_latency,True,3.0
279,207,190,81,478,"[207, 190, 81]",leaky_relu,model_10,Float8WeightOnlyConfig,float8,8.0,False,True,pytorch_relative_p99_latency,3.0647660377350583,pytorch,p99_latency,True,3.0
280,207,190,81,478,"[207, 190, 81]",leaky_relu,model_10,Int8WeightOnlyConfig,int8,8.0,False,True,onnx_quantized_model_size,32972.0,onnx,model_size,False,3.0
281,207,190,81,478,"[207, 190, 81]",leaky_relu,model_10,Float8WeightOnlyConfig,float8,8.0,False,True,onnx_quantized_model_size,,onnx,model_size,False,3.0
282,207,190,81,478,"[207, 190, 81]",leaky_relu,model_10,Int8WeightOnlyConfig,int8,8.0,False,True,onnx_quantized_median_latency,0.000274069607257843,onnx,median_latency,False,3.0
283,207,190,81,478,"[207, 190, 81]",leaky_relu,model_10,Float8WeightOnlyConfig,float8,8.0,False,True,onnx_quantized_median_latency,,onnx,median_latency,False,3.0
284,207,190,81,478,"[207, 190, 81]",leaky_relu,model_10,Int8WeightOnlyConfig,int8,8.0,False,True,onnx_quantized_p95_latency,0.00028230547904968263,onnx,p95_latency,False,3.0
285,207,190,81,478,"[207, 190, 81]",leaky_relu,model_10,Float8WeightOnlyConfig,float8,8.0,False,True,onnx_quantized_p95_latency,,onnx,p95_latency,False,3.0
286,207,190,81,478,"[207, 190, 81]",leaky_relu,model_10,Int8WeightOnlyConfig,int8,8.0,False,True,onnx_quantized_p99_latency,0.0002947765588760376,onnx,p99_latency,False,3.0
287,207,190,81,478,"[207, 190, 81]",leaky_relu,model_10,Float8WeightOnlyConfig,float8,8.0,False,True,onnx_quantized_p99_latency,,onnx,p99_latency,False,3.0
288,207,190,81,478,"[207, 190, 81]",leaky_relu,model_10,Int8WeightOnlyConfig,int8,8.0,False,True,onnx_relative_model_size,2.3827142650672064,onnx,model_size,True,3.0
289,207,190,81,478,"[207, 190, 81]",leaky_relu,model_10,Float8WeightOnlyConfig,float8,8.0,False,True,onnx_relative_model_size,,onnx,model_size,True,3.0
290,207,190,81,478,"[207, 190, 81]",leaky_relu,model_10,Int8WeightOnlyConfig,int8,8.0,False,True,onnx_relative_median_latency,1.4385295986703819,onnx,median_latency,True,3.0
291,207,190,81,478,"[207, 190, 81]",leaky_relu,model_10,Float8WeightOnlyConfig,float8,8.0,False,True,onnx_relative_median_latency,,onnx,median_latency,True,3.0
292,207,190,81,478,"[207, 190, 81]",leaky_relu,model_10,Int8WeightOnlyConfig,int8,8.0,False,True,onnx_relative_p95_latency,1.3022769844133972,onnx,p95_latency,True,3.0
293,207,190,81,478,"[207, 190, 81]",leaky_relu,model_10,Float8WeightOnlyConfig,float8,8.0,False,True,onnx_relative_p95_latency,,onnx,p95_latency,True,3.0
294,207,190,81,478,"[207, 190, 81]",leaky_relu,model_10,Int8WeightOnlyConfig,int8,8.0,False,True,onnx_relative_p99_latency,1.3197881626754806,onnx,p99_latency,True,3.0
295,207,190,81,478,"[207, 190, 81]",leaky_relu,model_10,Float8WeightOnlyConfig,float8,8.0,False,True,onnx_relative_p99_latency,,onnx,p99_latency,True,3.0
296,207,190,81,478,"[207, 190, 81]",leaky_relu,model_10,Int8WeightOnlyConfig,int8,8.0,False,True,pt2_quantized_model_size,216801.0,pt2,model_size,False,3.0
297,207,190,81,478,"[207, 190, 81]",leaky_relu,model_10,Float8WeightOnlyConfig,float8,8.0,False,True,pt2_quantized_model_size,196001.0,pt2,model_size,False,3.0
298,207,190,81,478,"[207, 190, 81]",leaky_relu,model_10,Int8WeightOnlyConfig,int8,8.0,False,True,pt2_quantized_median_latency,0.0008681025356054306,pt2,median_latency,False,3.0
299,207,190,81,478,"[207, 190, 81]",leaky_relu,model_10,Float8WeightOnlyConfig,float8,8.0,False,True,pt2_quantized_median_latency,0.0007061287760734558,pt2,median_latency,False,3.0
300,207,190,81,478,"[207, 190, 81]",leaky_relu,model_10,Int8WeightOnlyConfig,int8,8.0,False,True,pt2_quantized_p95_latency,0.0008913746103644371,pt2,p95_latency,False,3.0
301,207,190,81,478,"[207, 190, 81]",leaky_relu,model_10,Float8WeightOnlyConfig,float8,8.0,False,True,pt2_quantized_p95_latency,0.0007164042443037033,pt2,p95_latency,False,3.0
302,207,190,81,478,"[207, 190, 81]",leaky_relu,model_10,Int8WeightOnlyConfig,int8,8.0,False,True,pt2_quantized_p99_latency,0.0010498293861746788,pt2,p99_latency,False,3.0
303,207,190,81,478,"[207, 190, 81]",leaky_relu,model_10,Float8WeightOnlyConfig,float8,8.0,False,True,pt2_quantized_p99_latency,0.0008449884504079818,pt2,p99_latency,False,3.0
304,207,190,81,478,"[207, 190, 81]",leaky_relu,model_10,Int8WeightOnlyConfig,int8,8.0,False,True,pt2_relative_model_size,0.6148481746070009,pt2,model_size,True,3.0
305,207,190,81,478,"[207, 190, 81]",leaky_relu,model_10,Float8WeightOnlyConfig,float8,8.0,False,True,pt2_relative_model_size,0.5558593229327669,pt2,model_size,True,3.0
306,207,190,81,478,"[207, 190, 81]",leaky_relu,model_10,Int8WeightOnlyConfig,int8,8.0,False,True,pt2_relative_median_latency,1.1894873856284216,pt2,median_latency,True,3.0
307,207,190,81,478,"[207, 190, 81]",leaky_relu,model_10,Float8WeightOnlyConfig,float8,8.0,False,True,pt2_relative_median_latency,0.9675484603703278,pt2,median_latency,True,3.0
308,207,190,81,478,"[207, 190, 81]",leaky_relu,model_10,Int8WeightOnlyConfig,int8,8.0,False,True,pt2_relative_p95_latency,1.1496923082467156,pt2,p95_latency,True,3.0
309,207,190,81,478,"[207, 190, 81]",leaky_relu,model_10,Float8WeightOnlyConfig,float8,8.0,False,True,pt2_relative_p95_latency,0.9240160530649655,pt2,p95_latency,True,3.0
310,207,190,81,478,"[207, 190, 81]",leaky_relu,model_10,Int8WeightOnlyConfig,int8,8.0,False,True,pt2_relative_p99_latency,1.0758701243022446,pt2,p99_latency,True,3.0
311,207,190,81,478,"[207, 190, 81]",leaky_relu,model_10,Float8WeightOnlyConfig,float8,8.0,False,True,pt2_relative_p99_latency,0.8659481637172745,pt2,p99_latency,True,3.0
312,310,291,211,812,"[310, 291, 211]",leaky_relu,model_11,Int8WeightOnlyConfig,int8,8.0,False,True,pytorch_quantized_MAE,8.645948788633014,pytorch,MAE,False,1.0
313,310,291,211,812,"[310, 291, 211]",leaky_relu,model_11,Float8WeightOnlyConfig,float8,8.0,False,True,pytorch_quantized_MAE,8.765567653939506,pytorch,MAE,False,1.0
314,310,291,211,812,"[310, 291, 211]",leaky_relu,model_11,Int8WeightOnlyConfig,int8,8.0,False,True,pytorch_relative_MAE,1.001753657612864,pytorch,MAE,True,1.0
315,310,291,211,812,"[310, 291, 211]",leaky_relu,model_11,Float8WeightOnlyConfig,float8,8.0,False,True,pytorch_relative_MAE,1.0156131701741482,pytorch,MAE,True,1.0
316,310,291,211,812,"[310, 291, 211]",leaky_relu,model_11,Int8WeightOnlyConfig,int8,8.0,False,True,pytorch_quantized_model_size,177745.0,pytorch,model_size,False,1.0
317,310,291,211,812,"[310, 291, 211]",leaky_relu,model_11,Float8WeightOnlyConfig,float8,8.0,False,True,pytorch_quantized_model_size,177745.0,pytorch,model_size,False,1.0
318,310,291,211,812,"[310, 291, 211]",leaky_relu,model_11,Int8WeightOnlyConfig,int8,8.0,False,True,pytorch_quantized_median_latency,0.00044468045234680176,pytorch,median_latency,False,1.0
319,310,291,211,812,"[310, 291, 211]",leaky_relu,model_11,Float8WeightOnlyConfig,float8,8.0,False,True,pytorch_quantized_median_latency,0.0005749594420194626,pytorch,median_latency,False,1.0
320,310,291,211,812,"[310, 291, 211]",leaky_relu,model_11,Int8WeightOnlyConfig,int8,8.0,False,True,pytorch_quantized_p95_latency,0.0004954053089022637,pytorch,p95_latency,False,1.0
321,310,291,211,812,"[310, 291, 211]",leaky_relu,model_11,Float8WeightOnlyConfig,float8,8.0,False,True,pytorch_quantized_p95_latency,0.000595736876130104,pytorch,p95_latency,False,1.0
322,310,291,211,812,"[310, 291, 211]",leaky_relu,model_11,Int8WeightOnlyConfig,int8,8.0,False,True,pytorch_quantized_p99_latency,0.000506434179842472,pytorch,p99_latency,False,1.0
323,310,291,211,812,"[310, 291, 211]",leaky_relu,model_11,Float8WeightOnlyConfig,float8,8.0,False,True,pytorch_quantized_p99_latency,0.0006103606894612312,pytorch,p99_latency,False,1.0
324,310,291,211,812,"[310, 291, 211]",leaky_relu,model_11,Int8WeightOnlyConfig,int8,8.0,False,True,pytorch_relative_model_size,0.25,pytorch,model_size,True,1.0
325,310,291,211,812,"[310, 291, 211]",leaky_relu,model_11,Float8WeightOnlyConfig,float8,8.0,False,True,pytorch_relative_model_size,0.25,pytorch,model_size,True,1.0
326,310,291,211,812,"[310, 291, 211]",leaky_relu,model_11,Int8WeightOnlyConfig,int8,8.0,False,True,pytorch_relative_median_latency,2.721010280608174,pytorch,median_latency,True,1.0
327,310,291,211,812,"[310, 291, 211]",leaky_relu,model_11,Float8WeightOnlyConfig,float8,8.0,False,True,pytorch_relative_median_latency,3.5181905217807565,pytorch,median_latency,True,1.0
328,310,291,211,812,"[310, 291, 211]",leaky_relu,model_11,Int8WeightOnlyConfig,int8,8.0,False,True,pytorch_relative_p95_latency,2.800823286215696,pytorch,p95_latency,True,1.0
329,310,291,211,812,"[310, 291, 211]",leaky_relu,model_11,Float8WeightOnlyConfig,float8,8.0,False,True,pytorch_relative_p95_latency,3.368057800631629,pytorch,p95_latency,True,1.0
330,310,291,211,812,"[310, 291, 211]",leaky_relu,model_11,Int8WeightOnlyConfig,int8,8.0,False,True,pytorch_relative_p99_latency,2.595291835739247,pytorch,p99_latency,True,1.0
331,310,291,211,812,"[310, 291, 211]",leaky_relu,model_11,Float8WeightOnlyConfig,float8,8.0,False,True,pytorch_relative_p99_latency,3.127877574747501,pytorch,p99_latency,True,1.0
332,310,291,211,812,"[310, 291, 211]",leaky_relu,model_11,Int8WeightOnlyConfig,int8,8.0,False,True,onnx_quantized_model_size,33110.0,onnx,model_size,False,1.0
333,310,291,211,812,"[310, 291, 211]",leaky_relu,model_11,Float8WeightOnlyConfig,float8,8.0,False,True,onnx_quantized_model_size,,onnx,model_size,False,1.0
334,310,291,211,812,"[310, 291, 211]",leaky_relu,model_11,Int8WeightOnlyConfig,int8,8.0,False,True,onnx_quantized_median_latency,0.00042417459189891815,onnx,median_latency,False,1.0
335,310,291,211,812,"[310, 291, 211]",leaky_relu,model_11,Float8WeightOnlyConfig,float8,8.0,False,True,onnx_quantized_median_latency,,onnx,median_latency,False,1.0
336,310,291,211,812,"[310, 291, 211]",leaky_relu,model_11,Int8WeightOnlyConfig,int8,8.0,False,True,onnx_quantized_p95_latency,0.0005102466791868209,onnx,p95_latency,False,1.0
337,310,291,211,812,"[310, 291, 211]",leaky_relu,model_11,Float8WeightOnlyConfig,float8,8.0,False,True,onnx_quantized_p95_latency,,onnx,p95_latency,False,1.0
338,310,291,211,812,"[310, 291, 211]",leaky_relu,model_11,Int8WeightOnlyConfig,int8,8.0,False,True,onnx_quantized_p99_latency,0.0006379224359989154,onnx,p99_latency,False,1.0
339,310,291,211,812,"[310, 291, 211]",leaky_relu,model_11,Float8WeightOnlyConfig,float8,8.0,False,True,onnx_quantized_p99_latency,,onnx,p99_latency,False,1.0
340,310,291,211,812,"[310, 291, 211]",leaky_relu,model_11,Int8WeightOnlyConfig,int8,8.0,False,True,onnx_relative_model_size,2.390268553277505,onnx,model_size,True,1.0
341,310,291,211,812,"[310, 291, 211]",leaky_relu,model_11,Float8WeightOnlyConfig,float8,8.0,False,True,onnx_relative_model_size,,onnx,model_size,True,1.0
342,310,291,211,812,"[310, 291, 211]",leaky_relu,model_11,Int8WeightOnlyConfig,int8,8.0,False,True,onnx_relative_median_latency,1.1719717360314135,onnx,median_latency,True,1.0
343,310,291,211,812,"[310, 291, 211]",leaky_relu,model_11,Float8WeightOnlyConfig,float8,8.0,False,True,onnx_relative_median_latency,,onnx,median_latency,True,1.0
344,310,291,211,812,"[310, 291, 211]",leaky_relu,model_11,Int8WeightOnlyConfig,int8,8.0,False,True,onnx_relative_p95_latency,1.3333070503975295,onnx,p95_latency,True,1.0
345,310,291,211,812,"[310, 291, 211]",leaky_relu,model_11,Float8WeightOnlyConfig,float8,8.0,False,True,onnx_relative_p95_latency,,onnx,p95_latency,True,1.0
346,310,291,211,812,"[310, 291, 211]",leaky_relu,model_11,Int8WeightOnlyConfig,int8,8.0,False,True,onnx_relative_p99_latency,1.638103965998346,onnx,p99_latency,True,1.0
347,310,291,211,812,"[310, 291, 211]",leaky_relu,model_11,Float8WeightOnlyConfig,float8,8.0,False,True,onnx_relative_p99_latency,,onnx,p99_latency,True,1.0
348,310,291,211,812,"[310, 291, 211]",leaky_relu,model_11,Int8WeightOnlyConfig,int8,8.0,False,True,pt2_quantized_model_size,324897.0,pt2,model_size,False,1.0
349,310,291,211,812,"[310, 291, 211]",leaky_relu,model_11,Float8WeightOnlyConfig,float8,8.0,False,True,pt2_quantized_model_size,304161.0,pt2,model_size,False,1.0
350,310,291,211,812,"[310, 291, 211]",leaky_relu,model_11,Int8WeightOnlyConfig,int8,8.0,False,True,pt2_quantized_median_latency,0.0008974745869636536,pt2,median_latency,False,1.0
351,310,291,211,812,"[310, 291, 211]",leaky_relu,model_11,Float8WeightOnlyConfig,float8,8.0,False,True,pt2_quantized_median_latency,0.000726558268070221,pt2,median_latency,False,1.0
352,310,291,211,812,"[310, 291, 211]",leaky_relu,model_11,Int8WeightOnlyConfig,int8,8.0,False,True,pt2_quantized_p95_latency,0.0009089691564440727,pt2,p95_latency,False,1.0
353,310,291,211,812,"[310, 291, 211]",leaky_relu,model_11,Float8WeightOnlyConfig,float8,8.0,False,True,pt2_quantized_p95_latency,0.0007426872849464416,pt2,p95_latency,False,1.0
354,310,291,211,812,"[310, 291, 211]",leaky_relu,model_11,Int8WeightOnlyConfig,int8,8.0,False,True,pt2_quantized_p99_latency,0.0010305360704660415,pt2,p99_latency,False,1.0
355,310,291,211,812,"[310, 291, 211]",leaky_relu,model_11,Float8WeightOnlyConfig,float8,8.0,False,True,pt2_quantized_p99_latency,0.0008851517364382743,pt2,p99_latency,False,1.0
356,310,291,211,812,"[310, 291, 211]",leaky_relu,model_11,Int8WeightOnlyConfig,int8,8.0,False,True,pt2_relative_model_size,0.4190440445281938,pt2,model_size,True,1.0
357,310,291,211,812,"[310, 291, 211]",leaky_relu,model_11,Float8WeightOnlyConfig,float8,8.0,False,True,pt2_relative_model_size,0.392299269084479,pt2,model_size,True,1.0
358,310,291,211,812,"[310, 291, 211]",leaky_relu,model_11,Int8WeightOnlyConfig,int8,8.0,False,True,pt2_relative_median_latency,1.298983357911395,pt2,median_latency,True,1.0
359,310,291,211,812,"[310, 291, 211]",leaky_relu,model_11,Float8WeightOnlyConfig,float8,8.0,False,True,pt2_relative_median_latency,1.051603145632429,pt2,median_latency,True,1.0
360,310,291,211,812,"[310, 291, 211]",leaky_relu,model_11,Int8WeightOnlyConfig,int8,8.0,False,True,pt2_relative_p95_latency,1.2825152377808662,pt2,p95_latency,True,1.0
361,310,291,211,812,"[310, 291, 211]",leaky_relu,model_11,Float8WeightOnlyConfig,float8,8.0,False,True,pt2_relative_p95_latency,1.0478988787432169,pt2,p95_latency,True,1.0
362,310,291,211,812,"[310, 291, 211]",leaky_relu,model_11,Int8WeightOnlyConfig,int8,8.0,False,True,pt2_relative_p99_latency,1.1914546106624586,pt2,p99_latency,True,1.0
363,310,291,211,812,"[310, 291, 211]",leaky_relu,model_11,Float8WeightOnlyConfig,float8,8.0,False,True,pt2_relative_p99_latency,1.023368465926992,pt2,p99_latency,True,1.0
364,310,291,211,812,"[310, 291, 211]",leaky_relu,model_11,Int8WeightOnlyConfig,int8,8.0,False,True,pytorch_quantized_MAE,8.562293651074816,pytorch,MAE,False,2.0
365,310,291,211,812,"[310, 291, 211]",leaky_relu,model_11,Float8WeightOnlyConfig,float8,8.0,False,True,pytorch_quantized_MAE,8.693049691918876,pytorch,MAE,False,2.0
366,310,291,211,812,"[310, 291, 211]",leaky_relu,model_11,Int8WeightOnlyConfig,int8,8.0,False,True,pytorch_relative_MAE,1.00182671869238,pytorch,MAE,True,2.0
367,310,291,211,812,"[310, 291, 211]",leaky_relu,model_11,Float8WeightOnlyConfig,float8,8.0,False,True,pytorch_relative_MAE,1.017125761295476,pytorch,MAE,True,2.0
368,310,291,211,812,"[310, 291, 211]",leaky_relu,model_11,Int8WeightOnlyConfig,int8,8.0,False,True,pytorch_quantized_model_size,177745.0,pytorch,model_size,False,2.0
369,310,291,211,812,"[310, 291, 211]",leaky_relu,model_11,Float8WeightOnlyConfig,float8,8.0,False,True,pytorch_quantized_model_size,177745.0,pytorch,model_size,False,2.0
370,310,291,211,812,"[310, 291, 211]",leaky_relu,model_11,Int8WeightOnlyConfig,int8,8.0,False,True,pytorch_quantized_median_latency,0.0004895254969596863,pytorch,median_latency,False,2.0
371,310,291,211,812,"[310, 291, 211]",leaky_relu,model_11,Float8WeightOnlyConfig,float8,8.0,False,True,pytorch_quantized_median_latency,0.0005319193005561829,pytorch,median_latency,False,2.0
372,310,291,211,812,"[310, 291, 211]",leaky_relu,model_11,Int8WeightOnlyConfig,int8,8.0,False,True,pytorch_quantized_p95_latency,0.0004968618974089623,pytorch,p95_latency,False,2.0
373,310,291,211,812,"[310, 291, 211]",leaky_relu,model_11,Float8WeightOnlyConfig,float8,8.0,False,True,pytorch_quantized_p95_latency,0.0005433496087789535,pytorch,p95_latency,False,2.0
374,310,291,211,812,"[310, 291, 211]",leaky_relu,model_11,Int8WeightOnlyConfig,int8,8.0,False,True,pytorch_quantized_p99_latency,0.0005041150748729705,pytorch,p99_latency,False,2.0
375,310,291,211,812,"[310, 291, 211]",leaky_relu,model_11,Float8WeightOnlyConfig,float8,8.0,False,True,pytorch_quantized_p99_latency,0.000578177236020565,pytorch,p99_latency,False,2.0
376,310,291,211,812,"[310, 291, 211]",leaky_relu,model_11,Int8WeightOnlyConfig,int8,8.0,False,True,pytorch_relative_model_size,0.25,pytorch,model_size,True,2.0
377,310,291,211,812,"[310, 291, 211]",leaky_relu,model_11,Float8WeightOnlyConfig,float8,8.0,False,True,pytorch_relative_model_size,0.25,pytorch,model_size,True,2.0
378,310,291,211,812,"[310, 291, 211]",leaky_relu,model_11,Int8WeightOnlyConfig,int8,8.0,False,True,pytorch_relative_median_latency,2.686332832479838,pytorch,median_latency,True,2.0
379,310,291,211,812,"[310, 291, 211]",leaky_relu,model_11,Float8WeightOnlyConfig,float8,8.0,False,True,pytorch_relative_median_latency,2.9189741702697454,pytorch,median_latency,True,2.0
380,310,291,211,812,"[310, 291, 211]",leaky_relu,model_11,Int8WeightOnlyConfig,int8,8.0,False,True,pytorch_relative_p95_latency,2.54185061485466,pytorch,p95_latency,True,2.0
381,310,291,211,812,"[310, 291, 211]",leaky_relu,model_11,Float8WeightOnlyConfig,float8,8.0,False,True,pytorch_relative_p95_latency,2.779672871592809,pytorch,p95_latency,True,2.0
382,310,291,211,812,"[310, 291, 211]",leaky_relu,model_11,Int8WeightOnlyConfig,int8,8.0,False,True,pytorch_relative_p99_latency,2.470775266166982,pytorch,p99_latency,True,2.0
383,310,291,211,812,"[310, 291, 211]",leaky_relu,model_11,Float8WeightOnlyConfig,float8,8.0,False,True,pytorch_relative_p99_latency,2.8337696796319247,pytorch,p99_latency,True,2.0
384,310,291,211,812,"[310, 291, 211]",leaky_relu,model_11,Int8WeightOnlyConfig,int8,8.0,False,True,onnx_quantized_model_size,33110.0,onnx,model_size,False,2.0
385,310,291,211,812,"[310, 291, 211]",leaky_relu,model_11,Float8WeightOnlyConfig,float8,8.0,False,True,onnx_quantized_model_size,,onnx,model_size,False,2.0
386,310,291,211,812,"[310, 291, 211]",leaky_relu,model_11,Int8WeightOnlyConfig,int8,8.0,False,True,onnx_quantized_median_latency,0.00044615380465984344,onnx,median_latency,False,2.0
387,310,291,211,812,"[310, 291, 211]",leaky_relu,model_11,Float8WeightOnlyConfig,float8,8.0,False,True,onnx_quantized_median_latency,,onnx,median_latency,False,2.0
388,310,291,211,812,"[310, 291, 211]",leaky_relu,model_11,Int8WeightOnlyConfig,int8,8.0,False,True,onnx_quantized_p95_latency,0.0004601936787366867,onnx,p95_latency,False,2.0
389,310,291,211,812,"[310, 291, 211]",leaky_relu,model_11,Float8WeightOnlyConfig,float8,8.0,False,True,onnx_quantized_p95_latency,,onnx,p95_latency,False,2.0
390,310,291,211,812,"[310, 291, 211]",leaky_relu,model_11,Int8WeightOnlyConfig,int8,8.0,False,True,onnx_quantized_p99_latency,0.00046571213752031324,onnx,p99_latency,False,2.0
391,310,291,211,812,"[310, 291, 211]",leaky_relu,model_11,Float8WeightOnlyConfig,float8,8.0,False,True,onnx_quantized_p99_latency,,onnx,p99_latency,False,2.0
392,310,291,211,812,"[310, 291, 211]",leaky_relu,model_11,Int8WeightOnlyConfig,int8,8.0,False,True,onnx_relative_model_size,2.390268553277505,onnx,model_size,True,2.0
393,310,291,211,812,"[310, 291, 211]",leaky_relu,model_11,Float8WeightOnlyConfig,float8,8.0,False,True,onnx_relative_model_size,,onnx,model_size,True,2.0
394,310,291,211,812,"[310, 291, 211]",leaky_relu,model_11,Int8WeightOnlyConfig,int8,8.0,False,True,onnx_relative_median_latency,1.2795929269725947,onnx,median_latency,True,2.0
395,310,291,211,812,"[310, 291, 211]",leaky_relu,model_11,Float8WeightOnlyConfig,float8,8.0,False,True,onnx_relative_median_latency,,onnx,median_latency,True,2.0
396,310,291,211,812,"[310, 291, 211]",leaky_relu,model_11,Int8WeightOnlyConfig,int8,8.0,False,True,onnx_relative_p95_latency,1.0592919777255274,onnx,p95_latency,True,2.0
397,310,291,211,812,"[310, 291, 211]",leaky_relu,model_11,Float8WeightOnlyConfig,float8,8.0,False,True,onnx_relative_p95_latency,,onnx,p95_latency,True,2.0
398,310,291,211,812,"[310, 291, 211]",leaky_relu,model_11,Int8WeightOnlyConfig,int8,8.0,False,True,onnx_relative_p99_latency,0.6814178987083579,onnx,p99_latency,True,2.0
399,310,291,211,812,"[310, 291, 211]",leaky_relu,model_11,Float8WeightOnlyConfig,float8,8.0,False,True,onnx_relative_p99_latency,,onnx,p99_latency,True,2.0
400,310,291,211,812,"[310, 291, 211]",leaky_relu,model_11,Int8WeightOnlyConfig,int8,8.0,False,True,pt2_quantized_model_size,324897.0,pt2,model_size,False,2.0
401,310,291,211,812,"[310, 291, 211]",leaky_relu,model_11,Float8WeightOnlyConfig,float8,8.0,False,True,pt2_quantized_model_size,304161.0,pt2,model_size,False,2.0
402,310,291,211,812,"[310, 291, 211]",leaky_relu,model_11,Int8WeightOnlyConfig,int8,8.0,False,True,pt2_quantized_median_latency,0.0008901841938495636,pt2,median_latency,False,2.0
403,310,291,211,812,"[310, 291, 211]",leaky_relu,model_11,Float8WeightOnlyConfig,float8,8.0,False,True,pt2_quantized_median_latency,0.0007366500794887543,pt2,median_latency,False,2.0
404,310,291,211,812,"[310, 291, 211]",leaky_relu,model_11,Int8WeightOnlyConfig,int8,8.0,False,True,pt2_quantized_p95_latency,0.0009066332131624222,pt2,p95_latency,False,2.0
405,310,291,211,812,"[310, 291, 211]",leaky_relu,model_11,Float8WeightOnlyConfig,float8,8.0,False,True,pt2_quantized_p95_latency,0.0007504517212510109,pt2,p95_latency,False,2.0
406,310,291,211,812,"[310, 291, 211]",leaky_relu,model_11,Int8WeightOnlyConfig,int8,8.0,False,True,pt2_quantized_p99_latency,0.001029335893690586,pt2,p99_latency,False,2.0
407,310,291,211,812,"[310, 291, 211]",leaky_relu,model_11,Float8WeightOnlyConfig,float8,8.0,False,True,pt2_quantized_p99_latency,0.0008805998042225837,pt2,p99_latency,False,2.0
408,310,291,211,812,"[310, 291, 211]",leaky_relu,model_11,Int8WeightOnlyConfig,int8,8.0,False,True,pt2_relative_model_size,0.4190440445281938,pt2,model_size,True,2.0
409,310,291,211,812,"[310, 291, 211]",leaky_relu,model_11,Float8WeightOnlyConfig,float8,8.0,False,True,pt2_relative_model_size,0.392299269084479,pt2,model_size,True,2.0
410,310,291,211,812,"[310, 291, 211]",leaky_relu,model_11,Int8WeightOnlyConfig,int8,8.0,False,True,pt2_relative_median_latency,1.2816762407410387,pt2,median_latency,True,2.0
411,310,291,211,812,"[310, 291, 211]",leaky_relu,model_11,Float8WeightOnlyConfig,float8,8.0,False,True,pt2_relative_median_latency,1.0606197134750404,pt2,median_latency,True,2.0
412,310,291,211,812,"[310, 291, 211]",leaky_relu,model_11,Int8WeightOnlyConfig,int8,8.0,False,True,pt2_relative_p95_latency,1.2682021776043226,pt2,p95_latency,True,2.0
413,310,291,211,812,"[310, 291, 211]",leaky_relu,model_11,Float8WeightOnlyConfig,float8,8.0,False,True,pt2_relative_p95_latency,1.0497348798393777,pt2,p95_latency,True,2.0
414,310,291,211,812,"[310, 291, 211]",leaky_relu,model_11,Int8WeightOnlyConfig,int8,8.0,False,True,pt2_relative_p99_latency,1.2124341989242426,pt2,p99_latency,True,2.0
415,310,291,211,812,"[310, 291, 211]",leaky_relu,model_11,Float8WeightOnlyConfig,float8,8.0,False,True,pt2_relative_p99_latency,1.037240928592732,pt2,p99_latency,True,2.0
416,310,291,211,812,"[310, 291, 211]",leaky_relu,model_11,Int8WeightOnlyConfig,int8,8.0,False,True,pytorch_quantized_MAE,8.72704409924971,pytorch,MAE,False,3.0
417,310,291,211,812,"[310, 291, 211]",leaky_relu,model_11,Float8WeightOnlyConfig,float8,8.0,False,True,pytorch_quantized_MAE,8.856686732955172,pytorch,MAE,False,3.0
418,310,291,211,812,"[310, 291, 211]",leaky_relu,model_11,Int8WeightOnlyConfig,int8,8.0,False,True,pytorch_relative_MAE,1.0019010300210132,pytorch,MAE,True,3.0
419,310,291,211,812,"[310, 291, 211]",leaky_relu,model_11,Float8WeightOnlyConfig,float8,8.0,False,True,pytorch_relative_MAE,1.0167845446185053,pytorch,MAE,True,3.0
420,310,291,211,812,"[310, 291, 211]",leaky_relu,model_11,Int8WeightOnlyConfig,int8,8.0,False,True,pytorch_quantized_model_size,177745.0,pytorch,model_size,False,3.0
421,310,291,211,812,"[310, 291, 211]",leaky_relu,model_11,Float8WeightOnlyConfig,float8,8.0,False,True,pytorch_quantized_model_size,177745.0,pytorch,model_size,False,3.0
422,310,291,211,812,"[310, 291, 211]",leaky_relu,model_11,Int8WeightOnlyConfig,int8,8.0,False,True,pytorch_quantized_median_latency,0.00045020319521427155,pytorch,median_latency,False,3.0
423,310,291,211,812,"[310, 291, 211]",leaky_relu,model_11,Float8WeightOnlyConfig,float8,8.0,False,True,pytorch_quantized_median_latency,0.0006024409085512161,pytorch,median_latency,False,3.0
424,310,291,211,812,"[310, 291, 211]",leaky_relu,model_11,Int8WeightOnlyConfig,int8,8.0,False,True,pytorch_quantized_p95_latency,0.0004899302497506141,pytorch,p95_latency,False,3.0
425,310,291,211,812,"[310, 291, 211]",leaky_relu,model_11,Float8WeightOnlyConfig,float8,8.0,False,True,pytorch_quantized_p95_latency,0.000610550306737423,pytorch,p95_latency,False,3.0
426,310,291,211,812,"[310, 291, 211]",leaky_relu,model_11,Int8WeightOnlyConfig,int8,8.0,False,True,pytorch_quantized_p99_latency,0.0005250563845038414,pytorch,p99_latency,False,3.0
427,310,291,211,812,"[310, 291, 211]",leaky_relu,model_11,Float8WeightOnlyConfig,float8,8.0,False,True,pytorch_quantized_p99_latency,0.0006150241568684578,pytorch,p99_latency,False,3.0
428,310,291,211,812,"[310, 291, 211]",leaky_relu,model_11,Int8WeightOnlyConfig,int8,8.0,False,True,pytorch_relative_model_size,0.25,pytorch,model_size,True,3.0
429,310,291,211,812,"[310, 291, 211]",leaky_relu,model_11,Float8WeightOnlyConfig,float8,8.0,False,True,pytorch_relative_model_size,0.25,pytorch,model_size,True,3.0
430,310,291,211,812,"[310, 291, 211]",leaky_relu,model_11,Int8WeightOnlyConfig,int8,8.0,False,True,pytorch_relative_median_latency,2.4120652662042814,pytorch,median_latency,True,3.0
431,310,291,211,812,"[310, 291, 211]",leaky_relu,model_11,Float8WeightOnlyConfig,float8,8.0,False,True,pytorch_relative_median_latency,3.2277131879646723,pytorch,median_latency,True,3.0
432,310,291,211,812,"[310, 291, 211]",leaky_relu,model_11,Int8WeightOnlyConfig,int8,8.0,False,True,pytorch_relative_p95_latency,2.206571663225749,pytorch,p95_latency,True,3.0
433,310,291,211,812,"[310, 291, 211]",leaky_relu,model_11,Float8WeightOnlyConfig,float8,8.0,False,True,pytorch_relative_p95_latency,2.7498261364885193,pytorch,p95_latency,True,3.0
434,310,291,211,812,"[310, 291, 211]",leaky_relu,model_11,Int8WeightOnlyConfig,int8,8.0,False,True,pytorch_relative_p99_latency,2.1039247587021936,pytorch,p99_latency,True,3.0
435,310,291,211,812,"[310, 291, 211]",leaky_relu,model_11,Float8WeightOnlyConfig,float8,8.0,False,True,pytorch_relative_p99_latency,2.4644297051225044,pytorch,p99_latency,True,3.0
436,310,291,211,812,"[310, 291, 211]",leaky_relu,model_11,Int8WeightOnlyConfig,int8,8.0,False,True,onnx_quantized_model_size,33110.0,onnx,model_size,False,3.0
437,310,291,211,812,"[310, 291, 211]",leaky_relu,model_11,Float8WeightOnlyConfig,float8,8.0,False,True,onnx_quantized_model_size,,onnx,model_size,False,3.0
438,310,291,211,812,"[310, 291, 211]",leaky_relu,model_11,Int8WeightOnlyConfig,int8,8.0,False,True,onnx_quantized_median_latency,0.00043187104165554047,onnx,median_latency,False,3.0
439,310,291,211,812,"[310, 291, 211]",leaky_relu,model_11,Float8WeightOnlyConfig,float8,8.0,False,True,onnx_quantized_median_latency,,onnx,median_latency,False,3.0
440,310,291,211,812,"[310, 291, 211]",leaky_relu,model_11,Int8WeightOnlyConfig,int8,8.0,False,True,onnx_quantized_p95_latency,0.00047292150557041166,onnx,p95_latency,False,3.0
441,310,291,211,812,"[310, 291, 211]",leaky_relu,model_11,Float8WeightOnlyConfig,float8,8.0,False,True,onnx_quantized_p95_latency,,onnx,p95_latency,False,3.0
442,310,291,211,812,"[310, 291, 211]",leaky_relu,model_11,Int8WeightOnlyConfig,int8,8.0,False,True,onnx_quantized_p99_latency,0.010269975662231416,onnx,p99_latency,False,3.0
443,310,291,211,812,"[310, 291, 211]",leaky_relu,model_11,Float8WeightOnlyConfig,float8,8.0,False,True,onnx_quantized_p99_latency,,onnx,p99_latency,False,3.0
444,310,291,211,812,"[310, 291, 211]",leaky_relu,model_11,Int8WeightOnlyConfig,int8,8.0,False,True,onnx_relative_model_size,2.390268553277505,onnx,model_size,True,3.0
445,310,291,211,812,"[310, 291, 211]",leaky_relu,model_11,Float8WeightOnlyConfig,float8,8.0,False,True,onnx_relative_model_size,,onnx,model_size,True,3.0
446,310,291,211,812,"[310, 291, 211]",leaky_relu,model_11,Int8WeightOnlyConfig,int8,8.0,False,True,onnx_relative_median_latency,1.1818867655229717,onnx,median_latency,True,3.0
447,310,291,211,812,"[310, 291, 211]",leaky_relu,model_11,Float8WeightOnlyConfig,float8,8.0,False,True,onnx_relative_median_latency,,onnx,median_latency,True,3.0
448,310,291,211,812,"[310, 291, 211]",leaky_relu,model_11,Int8WeightOnlyConfig,int8,8.0,False,True,onnx_relative_p95_latency,1.069912362504114,onnx,p95_latency,True,3.0
449,310,291,211,812,"[310, 291, 211]",leaky_relu,model_11,Float8WeightOnlyConfig,float8,8.0,False,True,onnx_relative_p95_latency,,onnx,p95_latency,True,3.0
450,310,291,211,812,"[310, 291, 211]",leaky_relu,model_11,Int8WeightOnlyConfig,int8,8.0,False,True,onnx_relative_p99_latency,21.757870955903357,onnx,p99_latency,True,3.0
451,310,291,211,812,"[310, 291, 211]",leaky_relu,model_11,Float8WeightOnlyConfig,float8,8.0,False,True,onnx_relative_p99_latency,,onnx,p99_latency,True,3.0
452,310,291,211,812,"[310, 291, 211]",leaky_relu,model_11,Int8WeightOnlyConfig,int8,8.0,False,True,pt2_quantized_model_size,324897.0,pt2,model_size,False,3.0
453,310,291,211,812,"[310, 291, 211]",leaky_relu,model_11,Float8WeightOnlyConfig,float8,8.0,False,True,pt2_quantized_model_size,304161.0,pt2,model_size,False,3.0
454,310,291,211,812,"[310, 291, 211]",leaky_relu,model_11,Int8WeightOnlyConfig,int8,8.0,False,True,pt2_quantized_median_latency,0.0009129680693149567,pt2,median_latency,False,3.0
455,310,291,211,812,"[310, 291, 211]",leaky_relu,model_11,Float8WeightOnlyConfig,float8,8.0,False,True,pt2_quantized_median_latency,0.0007399506866931915,pt2,median_latency,False,3.0
456,310,291,211,812,"[310, 291, 211]",leaky_relu,model_11,Int8WeightOnlyConfig,int8,8.0,False,True,pt2_quantized_p95_latency,0.0009294968098402023,pt2,p95_latency,False,3.0
457,310,291,211,812,"[310, 291, 211]",leaky_relu,model_11,Float8WeightOnlyConfig,float8,8.0,False,True,pt2_quantized_p95_latency,0.0007495442405343056,pt2,p95_latency,False,3.0
458,310,291,211,812,"[310, 291, 211]",leaky_relu,model_11,Int8WeightOnlyConfig,int8,8.0,False,True,pt2_quantized_p99_latency,0.0010429545491933822,pt2,p99_latency,False,3.0
459,310,291,211,812,"[310, 291, 211]",leaky_relu,model_11,Float8WeightOnlyConfig,float8,8.0,False,True,pt2_quantized_p99_latency,0.0008715679869055748,pt2,p99_latency,False,3.0
460,310,291,211,812,"[310, 291, 211]",leaky_relu,model_11,Int8WeightOnlyConfig,int8,8.0,False,True,pt2_relative_model_size,0.4190440445281938,pt2,model_size,True,3.0
461,310,291,211,812,"[310, 291, 211]",leaky_relu,model_11,Float8WeightOnlyConfig,float8,8.0,False,True,pt2_relative_model_size,0.392299269084479,pt2,model_size,True,3.0
462,310,291,211,812,"[310, 291, 211]",leaky_relu,model_11,Int8WeightOnlyConfig,int8,8.0,False,True,pt2_relative_median_latency,1.3364617217770192,pt2,median_latency,True,3.0
463,310,291,211,812,"[310, 291, 211]",leaky_relu,model_11,Float8WeightOnlyConfig,float8,8.0,False,True,pt2_relative_median_latency,1.083187684219998,pt2,median_latency,True,3.0
464,310,291,211,812,"[310, 291, 211]",leaky_relu,model_11,Int8WeightOnlyConfig,int8,8.0,False,True,pt2_relative_p95_latency,1.2321446119886126,pt2,p95_latency,True,3.0
465,310,291,211,812,"[310, 291, 211]",leaky_relu,model_11,Float8WeightOnlyConfig,float8,8.0,False,True,pt2_relative_p95_latency,0.9935987812375774,pt2,p95_latency,True,3.0
466,310,291,211,812,"[310, 291, 211]",leaky_relu,model_11,Int8WeightOnlyConfig,int8,8.0,False,True,pt2_relative_p99_latency,1.2199703432746998,pt2,p99_latency,True,3.0
467,310,291,211,812,"[310, 291, 211]",leaky_relu,model_11,Float8WeightOnlyConfig,float8,8.0,False,True,pt2_relative_p99_latency,1.0194951419453284,pt2,p99_latency,True,3.0
468,865,95,36,996,"[865, 95, 36]",celu,model_12,,,,,,,,,,,
469,764,235,99,1098,"[764, 235, 99]",celu,model_13,,,,,,,,,,,
470,406,64,148,618,"[406, 64, 148]",leaky_relu,model_14,,,,,,,,,,,
471,128,387,32,547,"[128, 387, 32]",leaky_relu,model_15,,,,,,,,,,,
472,651,139,194,984,"[651, 139, 194]",relu,model_16,,,,,,,,,,,
473,632,374,75,1081,"[632, 374, 75]",elu,model_17,,,,,,,,,,,
474,128,123,123,374,"[128, 123, 123]",gelu,model_18,,,,,,,,,,,
475,424,252,32,708,"[424, 252, 32]",relu,model_19,,,,,,,,,,,
476,128,79,179,386,"[128, 79, 179]",relu,model_2,Int8WeightOnlyConfig,int8,8.0,False,True,pytorch_quantized_MAE,8.400907938141701,pytorch,MAE,False,1.0
477,128,79,179,386,"[128, 79, 179]",relu,model_2,Float8WeightOnlyConfig,float8,8.0,False,True,pytorch_quantized_MAE,8.377164049408734,pytorch,MAE,False,1.0
478,128,79,179,386,"[128, 79, 179]",relu,model_2,Int8WeightOnlyConfig,int8,8.0,False,True,pytorch_relative_MAE,1.0019467585688255,pytorch,MAE,True,1.0
479,128,79,179,386,"[128, 79, 179]",relu,model_2,Float8WeightOnlyConfig,float8,8.0,False,True,pytorch_relative_MAE,0.9991149084251281,pytorch,MAE,True,1.0
480,128,79,179,386,"[128, 79, 179]",relu,model_2,Int8WeightOnlyConfig,int8,8.0,False,True,pytorch_quantized_model_size,35187.0,pytorch,model_size,False,1.0
481,128,79,179,386,"[128, 79, 179]",relu,model_2,Float8WeightOnlyConfig,float8,8.0,False,True,pytorch_quantized_model_size,35187.0,pytorch,model_size,False,1.0
482,128,79,179,386,"[128, 79, 179]",relu,model_2,Int8WeightOnlyConfig,int8,8.0,False,True,pytorch_quantized_median_latency,0.00040355511009693146,pytorch,median_latency,False,1.0
483,128,79,179,386,"[128, 79, 179]",relu,model_2,Float8WeightOnlyConfig,float8,8.0,False,True,pytorch_quantized_median_latency,0.0005366764962673187,pytorch,median_latency,False,1.0
484,128,79,179,386,"[128, 79, 179]",relu,model_2,Int8WeightOnlyConfig,int8,8.0,False,True,pytorch_quantized_p95_latency,0.00041575822979211807,pytorch,p95_latency,False,1.0
485,128,79,179,386,"[128, 79, 179]",relu,model_2,Float8WeightOnlyConfig,float8,8.0,False,True,pytorch_quantized_p95_latency,0.0005557006224989891,pytorch,p95_latency,False,1.0
486,128,79,179,386,"[128, 79, 179]",relu,model_2,Int8WeightOnlyConfig,int8,8.0,False,True,pytorch_quantized_p99_latency,0.00042133145034313203,pytorch,p99_latency,False,1.0
487,128,79,179,386,"[128, 79, 179]",relu,model_2,Float8WeightOnlyConfig,float8,8.0,False,True,pytorch_quantized_p99_latency,0.0005585670098662376,pytorch,p99_latency,False,1.0
488,128,79,179,386,"[128, 79, 179]",relu,model_2,Int8WeightOnlyConfig,int8,8.0,False,True,pytorch_relative_model_size,0.25,pytorch,model_size,True,1.0
489,128,79,179,386,"[128, 79, 179]",relu,model_2,Float8WeightOnlyConfig,float8,8.0,False,True,pytorch_relative_model_size,0.25,pytorch,model_size,True,1.0
490,128,79,179,386,"[128, 79, 179]",relu,model_2,Int8WeightOnlyConfig,int8,8.0,False,True,pytorch_relative_median_latency,2.6775875919174443,pytorch,median_latency,True,1.0
491,128,79,179,386,"[128, 79, 179]",relu,model_2,Float8WeightOnlyConfig,float8,8.0,False,True,pytorch_relative_median_latency,3.5608478032503244,pytorch,median_latency,True,1.0
492,128,79,179,386,"[128, 79, 179]",relu,model_2,Int8WeightOnlyConfig,int8,8.0,False,True,pytorch_relative_p95_latency,2.5647128711051055,pytorch,p95_latency,True,1.0
493,128,79,179,386,"[128, 79, 179]",relu,model_2,Float8WeightOnlyConfig,float8,8.0,False,True,pytorch_relative_p95_latency,3.427983950472592,pytorch,p95_latency,True,1.0
494,128,79,179,386,"[128, 79, 179]",relu,model_2,Int8WeightOnlyConfig,int8,8.0,False,True,pytorch_relative_p99_latency,2.5402462886898025,pytorch,p99_latency,True,1.0
495,128,79,179,386,"[128, 79, 179]",relu,model_2,Float8WeightOnlyConfig,float8,8.0,False,True,pytorch_relative_p99_latency,3.367652171803745,pytorch,p99_latency,True,1.0
496,128,79,179,386,"[128, 79, 179]",relu,model_2,Int8WeightOnlyConfig,int8,8.0,False,True,onnx_quantized_model_size,32738.0,onnx,model_size,False,1.0
497,128,79,179,386,"[128, 79, 179]",relu,model_2,Float8WeightOnlyConfig,float8,8.0,False,True,onnx_quantized_model_size,,onnx,model_size,False,1.0
498,128,79,179,386,"[128, 79, 179]",relu,model_2,Int8WeightOnlyConfig,int8,8.0,False,True,onnx_quantized_median_latency,0.00018470920622348785,onnx,median_latency,False,1.0
499,128,79,179,386,"[128, 79, 179]",relu,model_2,Float8WeightOnlyConfig,float8,8.0,False,True,onnx_quantized_median_latency,,onnx,median_latency,False,1.0
500,128,79,179,386,"[128, 79, 179]",relu,model_2,Int8WeightOnlyConfig,int8,8.0,False,True,onnx_quantized_p95_latency,0.00022898875176906585,onnx,p95_latency,False,1.0
501,128,79,179,386,"[128, 79, 179]",relu,model_2,Float8WeightOnlyConfig,float8,8.0,False,True,onnx_quantized_p95_latency,,onnx,p95_latency,False,1.0
502,128,79,179,386,"[128, 79, 179]",relu,model_2,Int8WeightOnlyConfig,int8,8.0,False,True,onnx_quantized_p99_latency,0.0002539766579866409,onnx,p99_latency,False,1.0
503,128,79,179,386,"[128, 79, 179]",relu,model_2,Float8WeightOnlyConfig,float8,8.0,False,True,onnx_quantized_p99_latency,,onnx,p99_latency,False,1.0
504,128,79,179,386,"[128, 79, 179]",relu,model_2,Int8WeightOnlyConfig,int8,8.0,False,True,onnx_relative_model_size,2.427734519836856,onnx,model_size,True,1.0
505,128,79,179,386,"[128, 79, 179]",relu,model_2,Float8WeightOnlyConfig,float8,8.0,False,True,onnx_relative_model_size,,onnx,model_size,True,1.0
506,128,79,179,386,"[128, 79, 179]",relu,model_2,Int8WeightOnlyConfig,int8,8.0,False,True,onnx_relative_median_latency,1.2105693637384638,onnx,median_latency,True,1.0
507,128,79,179,386,"[128, 79, 179]",relu,model_2,Float8WeightOnlyConfig,float8,8.0,False,True,onnx_relative_median_latency,,onnx,median_latency,True,1.0
508,128,79,179,386,"[128, 79, 179]",relu,model_2,Int8WeightOnlyConfig,int8,8.0,False,True,onnx_relative_p95_latency,1.268685488548153,onnx,p95_latency,True,1.0
509,128,79,179,386,"[128, 79, 179]",relu,model_2,Float8WeightOnlyConfig,float8,8.0,False,True,onnx_relative_p95_latency,,onnx,p95_latency,True,1.0
510,128,79,179,386,"[128, 79, 179]",relu,model_2,Int8WeightOnlyConfig,int8,8.0,False,True,onnx_relative_p99_latency,1.331387115042865,onnx,p99_latency,True,1.0
511,128,79,179,386,"[128, 79, 179]",relu,model_2,Float8WeightOnlyConfig,float8,8.0,False,True,onnx_relative_p99_latency,,onnx,p99_latency,True,1.0
512,128,79,179,386,"[128, 79, 179]",relu,model_2,Int8WeightOnlyConfig,int8,8.0,False,True,pt2_quantized_model_size,179041.0,pt2,model_size,False,1.0
513,128,79,179,386,"[128, 79, 179]",relu,model_2,Float8WeightOnlyConfig,float8,8.0,False,True,pt2_quantized_model_size,158305.0,pt2,model_size,False,1.0
514,128,79,179,386,"[128, 79, 179]",relu,model_2,Int8WeightOnlyConfig,int8,8.0,False,True,pt2_quantized_median_latency,0.0008623749017715454,pt2,median_latency,False,1.0
515,128,79,179,386,"[128, 79, 179]",relu,model_2,Float8WeightOnlyConfig,float8,8.0,False,True,pt2_quantized_median_latency,0.0007020328193902969,pt2,median_latency,False,1.0
516,128,79,179,386,"[128, 79, 179]",relu,model_2,Int8WeightOnlyConfig,int8,8.0,False,True,pt2_quantized_p95_latency,0.0008732201531529427,pt2,p95_latency,False,1.0
517,128,79,179,386,"[128, 79, 179]",relu,model_2,Float8WeightOnlyConfig,float8,8.0,False,True,pt2_quantized_p95_latency,0.0007167136296629906,pt2,p95_latency,False,1.0
518,128,79,179,386,"[128, 79, 179]",relu,model_2,Int8WeightOnlyConfig,int8,8.0,False,True,pt2_quantized_p99_latency,0.0009916526824235916,pt2,p99_latency,False,1.0
519,128,79,179,386,"[128, 79, 179]",relu,model_2,Float8WeightOnlyConfig,float8,8.0,False,True,pt2_quantized_p99_latency,0.0008406575396656989,pt2,p99_latency,False,1.0
520,128,79,179,386,"[128, 79, 179]",relu,model_2,Int8WeightOnlyConfig,int8,8.0,False,True,pt2_relative_model_size,0.8732642360687721,pt2,model_size,True,1.0
521,128,79,179,386,"[128, 79, 179]",relu,model_2,Float8WeightOnlyConfig,float8,8.0,False,True,pt2_relative_model_size,0.772125350567004,pt2,model_size,True,1.0
522,128,79,179,386,"[128, 79, 179]",relu,model_2,Int8WeightOnlyConfig,int8,8.0,False,True,pt2_relative_median_latency,2.0989296448923525,pt2,median_latency,True,1.0
523,128,79,179,386,"[128, 79, 179]",relu,model_2,Float8WeightOnlyConfig,float8,8.0,False,True,pt2_relative_median_latency,1.708673911170953,pt2,median_latency,True,1.0
524,128,79,179,386,"[128, 79, 179]",relu,model_2,Int8WeightOnlyConfig,int8,8.0,False,True,pt2_relative_p95_latency,0.7438704528216862,pt2,p95_latency,True,1.0
525,128,79,179,386,"[128, 79, 179]",relu,model_2,Float8WeightOnlyConfig,float8,8.0,False,True,pt2_relative_p95_latency,0.610547168793417,pt2,p95_latency,True,1.0
526,128,79,179,386,"[128, 79, 179]",relu,model_2,Int8WeightOnlyConfig,int8,8.0,False,True,pt2_relative_p99_latency,0.8274697148492964,pt2,p99_latency,True,1.0
527,128,79,179,386,"[128, 79, 179]",relu,model_2,Float8WeightOnlyConfig,float8,8.0,False,True,pt2_relative_p99_latency,0.7014740815635171,pt2,p99_latency,True,1.0
528,128,79,179,386,"[128, 79, 179]",relu,model_2,Int8WeightOnlyConfig,int8,8.0,False,True,pytorch_quantized_MAE,8.22144167622865,pytorch,MAE,False,2.0
529,128,79,179,386,"[128, 79, 179]",relu,model_2,Float8WeightOnlyConfig,float8,8.0,False,True,pytorch_quantized_MAE,8.207518748932028,pytorch,MAE,False,2.0
530,128,79,179,386,"[128, 79, 179]",relu,model_2,Int8WeightOnlyConfig,int8,8.0,False,True,pytorch_relative_MAE,1.0019299996346138,pytorch,MAE,True,2.0
531,128,79,179,386,"[128, 79, 179]",relu,model_2,Float8WeightOnlyConfig,float8,8.0,False,True,pytorch_relative_MAE,1.0002332414393265,pytorch,MAE,True,2.0
532,128,79,179,386,"[128, 79, 179]",relu,model_2,Int8WeightOnlyConfig,int8,8.0,False,True,pytorch_quantized_model_size,35187.0,pytorch,model_size,False,2.0
533,128,79,179,386,"[128, 79, 179]",relu,model_2,Float8WeightOnlyConfig,float8,8.0,False,True,pytorch_quantized_model_size,35187.0,pytorch,model_size,False,2.0
534,128,79,179,386,"[128, 79, 179]",relu,model_2,Int8WeightOnlyConfig,int8,8.0,False,True,pytorch_quantized_median_latency,0.00042455270886421204,pytorch,median_latency,False,2.0
535,128,79,179,386,"[128, 79, 179]",relu,model_2,Float8WeightOnlyConfig,float8,8.0,False,True,pytorch_quantized_median_latency,0.0005178339779376984,pytorch,median_latency,False,2.0
536,128,79,179,386,"[128, 79, 179]",relu,model_2,Int8WeightOnlyConfig,int8,8.0,False,True,pytorch_quantized_p95_latency,0.0004366591572761536,pytorch,p95_latency,False,2.0
537,128,79,179,386,"[128, 79, 179]",relu,model_2,Float8WeightOnlyConfig,float8,8.0,False,True,pytorch_quantized_p95_latency,0.0005254864692687988,pytorch,p95_latency,False,2.0
538,128,79,179,386,"[128, 79, 179]",relu,model_2,Int8WeightOnlyConfig,int8,8.0,False,True,pytorch_quantized_p99_latency,0.00043929025530815125,pytorch,p99_latency,False,2.0
539,128,79,179,386,"[128, 79, 179]",relu,model_2,Float8WeightOnlyConfig,float8,8.0,False,True,pytorch_quantized_p99_latency,0.000529896467924118,pytorch,p99_latency,False,2.0
540,128,79,179,386,"[128, 79, 179]",relu,model_2,Int8WeightOnlyConfig,int8,8.0,False,True,pytorch_relative_model_size,0.25,pytorch,model_size,True,2.0
541,128,79,179,386,"[128, 79, 179]",relu,model_2,Float8WeightOnlyConfig,float8,8.0,False,True,pytorch_relative_model_size,0.25,pytorch,model_size,True,2.0
542,128,79,179,386,"[128, 79, 179]",relu,model_2,Int8WeightOnlyConfig,int8,8.0,False,True,pytorch_relative_median_latency,2.7251640980882126,pytorch,median_latency,True,2.0
543,128,79,179,386,"[128, 79, 179]",relu,model_2,Float8WeightOnlyConfig,float8,8.0,False,True,pytorch_relative_median_latency,3.323927832709621,pytorch,median_latency,True,2.0
544,128,79,179,386,"[128, 79, 179]",relu,model_2,Int8WeightOnlyConfig,int8,8.0,False,True,pytorch_relative_p95_latency,2.618620014052082,pytorch,p95_latency,True,2.0
545,128,79,179,386,"[128, 79, 179]",relu,model_2,Float8WeightOnlyConfig,float8,8.0,False,True,pytorch_relative_p95_latency,3.151312328188722,pytorch,p95_latency,True,2.0
546,128,79,179,386,"[128, 79, 179]",relu,model_2,Int8WeightOnlyConfig,int8,8.0,False,True,pytorch_relative_p99_latency,2.567762550336243,pytorch,p99_latency,True,2.0
547,128,79,179,386,"[128, 79, 179]",relu,model_2,Float8WeightOnlyConfig,float8,8.0,False,True,pytorch_relative_p99_latency,3.0973787591453386,pytorch,p99_latency,True,2.0
548,128,79,179,386,"[128, 79, 179]",relu,model_2,Int8WeightOnlyConfig,int8,8.0,False,True,onnx_quantized_model_size,32738.0,onnx,model_size,False,2.0
549,128,79,179,386,"[128, 79, 179]",relu,model_2,Float8WeightOnlyConfig,float8,8.0,False,True,onnx_quantized_model_size,,onnx,model_size,False,2.0
550,128,79,179,386,"[128, 79, 179]",relu,model_2,Int8WeightOnlyConfig,int8,8.0,False,True,onnx_quantized_median_latency,0.00016419030725955963,onnx,median_latency,False,2.0
551,128,79,179,386,"[128, 79, 179]",relu,model_2,Float8WeightOnlyConfig,float8,8.0,False,True,onnx_quantized_median_latency,,onnx,median_latency,False,2.0
552,128,79,179,386,"[128, 79, 179]",relu,model_2,Int8WeightOnlyConfig,int8,8.0,False,True,onnx_quantized_p95_latency,0.00017365738749504088,onnx,p95_latency,False,2.0
553,128,79,179,386,"[128, 79, 179]",relu,model_2,Float8WeightOnlyConfig,float8,8.0,False,True,onnx_quantized_p95_latency,,onnx,p95_latency,False,2.0
554,128,79,179,386,"[128, 79, 179]",relu,model_2,Int8WeightOnlyConfig,int8,8.0,False,True,onnx_quantized_p99_latency,0.0001809427887201309,onnx,p99_latency,False,2.0
555,128,79,179,386,"[128, 79, 179]",relu,model_2,Float8WeightOnlyConfig,float8,8.0,False,True,onnx_quantized_p99_latency,,onnx,p99_latency,False,2.0
556,128,79,179,386,"[128, 79, 179]",relu,model_2,Int8WeightOnlyConfig,int8,8.0,False,True,onnx_relative_model_size,2.427734519836856,onnx,model_size,True,2.0
557,128,79,179,386,"[128, 79, 179]",relu,model_2,Float8WeightOnlyConfig,float8,8.0,False,True,onnx_relative_model_size,,onnx,model_size,True,2.0
558,128,79,179,386,"[128, 79, 179]",relu,model_2,Int8WeightOnlyConfig,int8,8.0,False,True,onnx_relative_median_latency,1.7567610658269726,onnx,median_latency,True,2.0
559,128,79,179,386,"[128, 79, 179]",relu,model_2,Float8WeightOnlyConfig,float8,8.0,False,True,onnx_relative_median_latency,,onnx,median_latency,True,2.0
560,128,79,179,386,"[128, 79, 179]",relu,model_2,Int8WeightOnlyConfig,int8,8.0,False,True,onnx_relative_p95_latency,1.7529217995577817,onnx,p95_latency,True,2.0
561,128,79,179,386,"[128, 79, 179]",relu,model_2,Float8WeightOnlyConfig,float8,8.0,False,True,onnx_relative_p95_latency,,onnx,p95_latency,True,2.0
562,128,79,179,386,"[128, 79, 179]",relu,model_2,Int8WeightOnlyConfig,int8,8.0,False,True,onnx_relative_p99_latency,1.7959981911140508,onnx,p99_latency,True,2.0
563,128,79,179,386,"[128, 79, 179]",relu,model_2,Float8WeightOnlyConfig,float8,8.0,False,True,onnx_relative_p99_latency,,onnx,p99_latency,True,2.0
564,128,79,179,386,"[128, 79, 179]",relu,model_2,Int8WeightOnlyConfig,int8,8.0,False,True,pt2_quantized_model_size,179041.0,pt2,model_size,False,2.0
565,128,79,179,386,"[128, 79, 179]",relu,model_2,Float8WeightOnlyConfig,float8,8.0,False,True,pt2_quantized_model_size,158305.0,pt2,model_size,False,2.0
566,128,79,179,386,"[128, 79, 179]",relu,model_2,Int8WeightOnlyConfig,int8,8.0,False,True,pt2_quantized_median_latency,0.0008929073810577393,pt2,median_latency,False,2.0
567,128,79,179,386,"[128, 79, 179]",relu,model_2,Float8WeightOnlyConfig,float8,8.0,False,True,pt2_quantized_median_latency,0.000727066770195961,pt2,median_latency,False,2.0
568,128,79,179,386,"[128, 79, 179]",relu,model_2,Int8WeightOnlyConfig,int8,8.0,False,True,pt2_quantized_p95_latency,0.000903451070189476,pt2,p95_latency,False,2.0
569,128,79,179,386,"[128, 79, 179]",relu,model_2,Float8WeightOnlyConfig,float8,8.0,False,True,pt2_quantized_p95_latency,0.0007464557886123658,pt2,p95_latency,False,2.0
570,128,79,179,386,"[128, 79, 179]",relu,model_2,Int8WeightOnlyConfig,int8,8.0,False,True,pt2_quantized_p99_latency,0.0010239211097359657,pt2,p99_latency,False,2.0
571,128,79,179,386,"[128, 79, 179]",relu,model_2,Float8WeightOnlyConfig,float8,8.0,False,True,pt2_quantized_p99_latency,0.0008694063872098923,pt2,p99_latency,False,2.0
572,128,79,179,386,"[128, 79, 179]",relu,model_2,Int8WeightOnlyConfig,int8,8.0,False,True,pt2_relative_model_size,0.8732642360687721,pt2,model_size,True,2.0
573,128,79,179,386,"[128, 79, 179]",relu,model_2,Float8WeightOnlyConfig,float8,8.0,False,True,pt2_relative_model_size,0.772125350567004,pt2,model_size,True,2.0
574,128,79,179,386,"[128, 79, 179]",relu,model_2,Int8WeightOnlyConfig,int8,8.0,False,True,pt2_relative_median_latency,2.116170043702821,pt2,median_latency,True,2.0
575,128,79,179,386,"[128, 79, 179]",relu,model_2,Float8WeightOnlyConfig,float8,8.0,False,True,pt2_relative_median_latency,1.7231315940493532,pt2,median_latency,True,2.0
576,128,79,179,386,"[128, 79, 179]",relu,model_2,Int8WeightOnlyConfig,int8,8.0,False,True,pt2_relative_p95_latency,2.0544180632831615,pt2,p95_latency,True,2.0
577,128,79,179,386,"[128, 79, 179]",relu,model_2,Float8WeightOnlyConfig,float8,8.0,False,True,pt2_relative_p95_latency,1.6974159488746876,pt2,p95_latency,True,2.0
578,128,79,179,386,"[128, 79, 179]",relu,model_2,Int8WeightOnlyConfig,int8,8.0,False,True,pt2_relative_p99_latency,1.7281795713490247,pt2,p99_latency,True,2.0
579,128,79,179,386,"[128, 79, 179]",relu,model_2,Float8WeightOnlyConfig,float8,8.0,False,True,pt2_relative_p99_latency,1.4673887893218032,pt2,p99_latency,True,2.0
580,128,79,179,386,"[128, 79, 179]",relu,model_2,Int8WeightOnlyConfig,int8,8.0,False,True,pytorch_quantized_MAE,8.284118228887234,pytorch,MAE,False,3.0
581,128,79,179,386,"[128, 79, 179]",relu,model_2,Float8WeightOnlyConfig,float8,8.0,False,True,pytorch_quantized_MAE,8.263842850951574,pytorch,MAE,False,3.0
582,128,79,179,386,"[128, 79, 179]",relu,model_2,Int8WeightOnlyConfig,int8,8.0,False,True,pytorch_relative_MAE,1.0015824505395696,pytorch,MAE,True,3.0
583,128,79,179,386,"[128, 79, 179]",relu,model_2,Float8WeightOnlyConfig,float8,8.0,False,True,pytorch_relative_MAE,0.9991310776647113,pytorch,MAE,True,3.0
584,128,79,179,386,"[128, 79, 179]",relu,model_2,Int8WeightOnlyConfig,int8,8.0,False,True,pytorch_quantized_model_size,35187.0,pytorch,model_size,False,3.0
585,128,79,179,386,"[128, 79, 179]",relu,model_2,Float8WeightOnlyConfig,float8,8.0,False,True,pytorch_quantized_model_size,35187.0,pytorch,model_size,False,3.0
586,128,79,179,386,"[128, 79, 179]",relu,model_2,Int8WeightOnlyConfig,int8,8.0,False,True,pytorch_quantized_median_latency,0.000408075749874115,pytorch,median_latency,False,3.0
587,128,79,179,386,"[128, 79, 179]",relu,model_2,Float8WeightOnlyConfig,float8,8.0,False,True,pytorch_quantized_median_latency,0.0005116835236549377,pytorch,median_latency,False,3.0
588,128,79,179,386,"[128, 79, 179]",relu,model_2,Int8WeightOnlyConfig,int8,8.0,False,True,pytorch_quantized_p95_latency,0.0004199404269456863,pytorch,p95_latency,False,3.0
589,128,79,179,386,"[128, 79, 179]",relu,model_2,Float8WeightOnlyConfig,float8,8.0,False,True,pytorch_quantized_p95_latency,0.0005222834646701813,pytorch,p95_latency,False,3.0
590,128,79,179,386,"[128, 79, 179]",relu,model_2,Int8WeightOnlyConfig,int8,8.0,False,True,pytorch_quantized_p99_latency,0.00042140983045101164,pytorch,p99_latency,False,3.0
591,128,79,179,386,"[128, 79, 179]",relu,model_2,Float8WeightOnlyConfig,float8,8.0,False,True,pytorch_quantized_p99_latency,0.0005267231166362763,pytorch,p99_latency,False,3.0
592,128,79,179,386,"[128, 79, 179]",relu,model_2,Int8WeightOnlyConfig,int8,8.0,False,True,pytorch_relative_model_size,0.25,pytorch,model_size,True,3.0
593,128,79,179,386,"[128, 79, 179]",relu,model_2,Float8WeightOnlyConfig,float8,8.0,False,True,pytorch_relative_model_size,0.25,pytorch,model_size,True,3.0
594,128,79,179,386,"[128, 79, 179]",relu,model_2,Int8WeightOnlyConfig,int8,8.0,False,True,pytorch_relative_median_latency,2.6662934475708306,pytorch,median_latency,True,3.0
595,128,79,179,386,"[128, 79, 179]",relu,model_2,Float8WeightOnlyConfig,float8,8.0,False,True,pytorch_relative_median_latency,3.3432479797488073,pytorch,median_latency,True,3.0
596,128,79,179,386,"[128, 79, 179]",relu,model_2,Int8WeightOnlyConfig,int8,8.0,False,True,pytorch_relative_p95_latency,2.5686037489931404,pytorch,p95_latency,True,3.0
597,128,79,179,386,"[128, 79, 179]",relu,model_2,Float8WeightOnlyConfig,float8,8.0,False,True,pytorch_relative_p95_latency,3.194594231249053,pytorch,p95_latency,True,3.0
598,128,79,179,386,"[128, 79, 179]",relu,model_2,Int8WeightOnlyConfig,int8,8.0,False,True,pytorch_relative_p99_latency,2.545181727917626,pytorch,p99_latency,True,3.0
599,128,79,179,386,"[128, 79, 179]",relu,model_2,Float8WeightOnlyConfig,float8,8.0,False,True,pytorch_relative_p99_latency,3.1812405768980248,pytorch,p99_latency,True,3.0
600,128,79,179,386,"[128, 79, 179]",relu,model_2,Int8WeightOnlyConfig,int8,8.0,False,True,onnx_quantized_model_size,32738.0,onnx,model_size,False,3.0
601,128,79,179,386,"[128, 79, 179]",relu,model_2,Float8WeightOnlyConfig,float8,8.0,False,True,onnx_quantized_model_size,,onnx,model_size,False,3.0
602,128,79,179,386,"[128, 79, 179]",relu,model_2,Int8WeightOnlyConfig,int8,8.0,False,True,onnx_quantized_median_latency,0.00017816945910453796,onnx,median_latency,False,3.0
603,128,79,179,386,"[128, 79, 179]",relu,model_2,Float8WeightOnlyConfig,float8,8.0,False,True,onnx_quantized_median_latency,,onnx,median_latency,False,3.0
604,128,79,179,386,"[128, 79, 179]",relu,model_2,Int8WeightOnlyConfig,int8,8.0,False,True,onnx_quantized_p95_latency,0.00023000817745923993,onnx,p95_latency,False,3.0
605,128,79,179,386,"[128, 79, 179]",relu,model_2,Float8WeightOnlyConfig,float8,8.0,False,True,onnx_quantized_p95_latency,,onnx,p95_latency,False,3.0
606,128,79,179,386,"[128, 79, 179]",relu,model_2,Int8WeightOnlyConfig,int8,8.0,False,True,onnx_quantized_p99_latency,0.00024309754371643064,onnx,p99_latency,False,3.0
607,128,79,179,386,"[128, 79, 179]",relu,model_2,Float8WeightOnlyConfig,float8,8.0,False,True,onnx_quantized_p99_latency,,onnx,p99_latency,False,3.0
608,128,79,179,386,"[128, 79, 179]",relu,model_2,Int8WeightOnlyConfig,int8,8.0,False,True,onnx_relative_model_size,2.427734519836856,onnx,model_size,True,3.0
609,128,79,179,386,"[128, 79, 179]",relu,model_2,Float8WeightOnlyConfig,float8,8.0,False,True,onnx_relative_model_size,,onnx,model_size,True,3.0
610,128,79,179,386,"[128, 79, 179]",relu,model_2,Int8WeightOnlyConfig,int8,8.0,False,True,onnx_relative_median_latency,1.5374254624941737,onnx,median_latency,True,3.0
611,128,79,179,386,"[128, 79, 179]",relu,model_2,Float8WeightOnlyConfig,float8,8.0,False,True,onnx_relative_median_latency,,onnx,median_latency,True,3.0
612,128,79,179,386,"[128, 79, 179]",relu,model_2,Int8WeightOnlyConfig,int8,8.0,False,True,onnx_relative_p95_latency,1.8660183904919492,onnx,p95_latency,True,3.0
613,128,79,179,386,"[128, 79, 179]",relu,model_2,Float8WeightOnlyConfig,float8,8.0,False,True,onnx_relative_p95_latency,,onnx,p95_latency,True,3.0
614,128,79,179,386,"[128, 79, 179]",relu,model_2,Int8WeightOnlyConfig,int8,8.0,False,True,onnx_relative_p99_latency,1.9420064543085662,onnx,p99_latency,True,3.0
615,128,79,179,386,"[128, 79, 179]",relu,model_2,Float8WeightOnlyConfig,float8,8.0,False,True,onnx_relative_p99_latency,,onnx,p99_latency,True,3.0
616,128,79,179,386,"[128, 79, 179]",relu,model_2,Int8WeightOnlyConfig,int8,8.0,False,True,pt2_quantized_model_size,179041.0,pt2,model_size,False,3.0
617,128,79,179,386,"[128, 79, 179]",relu,model_2,Float8WeightOnlyConfig,float8,8.0,False,True,pt2_quantized_model_size,158305.0,pt2,model_size,False,3.0
618,128,79,179,386,"[128, 79, 179]",relu,model_2,Int8WeightOnlyConfig,int8,8.0,False,True,pt2_quantized_median_latency,0.0008727367967367172,pt2,median_latency,False,3.0
619,128,79,179,386,"[128, 79, 179]",relu,model_2,Float8WeightOnlyConfig,float8,8.0,False,True,pt2_quantized_median_latency,0.0007038265466690063,pt2,median_latency,False,3.0
620,128,79,179,386,"[128, 79, 179]",relu,model_2,Int8WeightOnlyConfig,int8,8.0,False,True,pt2_quantized_p95_latency,0.0008826157078146935,pt2,p95_latency,False,3.0
621,128,79,179,386,"[128, 79, 179]",relu,model_2,Float8WeightOnlyConfig,float8,8.0,False,True,pt2_quantized_p95_latency,0.0007188552990555763,pt2,p95_latency,False,3.0
622,128,79,179,386,"[128, 79, 179]",relu,model_2,Int8WeightOnlyConfig,int8,8.0,False,True,pt2_quantized_p99_latency,0.0010042670741677285,pt2,p99_latency,False,3.0
623,128,79,179,386,"[128, 79, 179]",relu,model_2,Float8WeightOnlyConfig,float8,8.0,False,True,pt2_quantized_p99_latency,0.0008344987407326698,pt2,p99_latency,False,3.0
624,128,79,179,386,"[128, 79, 179]",relu,model_2,Int8WeightOnlyConfig,int8,8.0,False,True,pt2_relative_model_size,0.8732642360687721,pt2,model_size,True,3.0
625,128,79,179,386,"[128, 79, 179]",relu,model_2,Float8WeightOnlyConfig,float8,8.0,False,True,pt2_relative_model_size,0.772125350567004,pt2,model_size,True,3.0
626,128,79,179,386,"[128, 79, 179]",relu,model_2,Int8WeightOnlyConfig,int8,8.0,False,True,pt2_relative_median_latency,2.150659591851723,pt2,median_latency,True,3.0
627,128,79,179,386,"[128, 79, 179]",relu,model_2,Float8WeightOnlyConfig,float8,8.0,False,True,pt2_relative_median_latency,1.734419035903462,pt2,median_latency,True,3.0
628,128,79,179,386,"[128, 79, 179]",relu,model_2,Int8WeightOnlyConfig,int8,8.0,False,True,pt2_relative_p95_latency,2.093132670888117,pt2,p95_latency,True,3.0
629,128,79,179,386,"[128, 79, 179]",relu,model_2,Float8WeightOnlyConfig,float8,8.0,False,True,pt2_relative_p95_latency,1.7047730952123277,pt2,p95_latency,True,3.0
630,128,79,179,386,"[128, 79, 179]",relu,model_2,Int8WeightOnlyConfig,int8,8.0,False,True,pt2_relative_p99_latency,1.7431119404842847,pt2,p99_latency,True,3.0
631,128,79,179,386,"[128, 79, 179]",relu,model_2,Float8WeightOnlyConfig,float8,8.0,False,True,pt2_relative_p99_latency,1.4484441008839355,pt2,p99_latency,True,3.0
632,753,64,219,1036,"[753, 64, 219]",relu,model_20,,,,,,,,,,,
633,881,301,142,1324,"[881, 301, 142]",celu,model_21,,,,,,,,,,,
634,301,111,106,518,"[301, 111, 106]",leaky_relu,model_22,,,,,,,,,,,
635,190,432,186,808,"[190, 432, 186]",gelu,model_23,,,,,,,,,,,
636,533,177,32,742,"[533, 177, 32]",gelu,model_24,,,,,,,,,,,
637,486,260,173,919,"[486, 260, 173]",celu,model_25,,,,,,,,,,,
638,128,64,32,224,"[128, 64, 32]",gelu,model_26,,,,,,,,,,,
639,249,361,155,765,"[249, 361, 155]",leaky_relu,model_27,,,,,,,,,,,
640,818,164,92,1074,"[818, 164, 92]",gelu,model_28,,,,,,,,,,,
641,692,417,43,1152,"[692, 417, 43]",leaky_relu,model_29,,,,,,,,,,,
642,360,400,84,844,"[360, 400, 84]",celu,model_3,Int8WeightOnlyConfig,int8,8.0,False,True,pytorch_quantized_MAE,9.098568063127692,pytorch,MAE,False,1.0
643,360,400,84,844,"[360, 400, 84]",celu,model_3,Float8WeightOnlyConfig,float8,8.0,False,True,pytorch_quantized_MAE,9.114976780659056,pytorch,MAE,False,1.0
644,360,400,84,844,"[360, 400, 84]",celu,model_3,Int8WeightOnlyConfig,int8,8.0,False,True,pytorch_relative_MAE,0.9997698138491056,pytorch,MAE,True,1.0
645,360,400,84,844,"[360, 400, 84]",celu,model_3,Float8WeightOnlyConfig,float8,8.0,False,True,pytorch_relative_MAE,1.0015728382764675,pytorch,MAE,True,1.0
646,360,400,84,844,"[360, 400, 84]",celu,model_3,Int8WeightOnlyConfig,int8,8.0,False,True,pytorch_quantized_model_size,207689.0,pytorch,model_size,False,1.0
647,360,400,84,844,"[360, 400, 84]",celu,model_3,Float8WeightOnlyConfig,float8,8.0,False,True,pytorch_quantized_model_size,207689.0,pytorch,model_size,False,1.0
648,360,400,84,844,"[360, 400, 84]",celu,model_3,Int8WeightOnlyConfig,int8,8.0,False,True,pytorch_quantized_median_latency,0.0005007050931453705,pytorch,median_latency,False,1.0
649,360,400,84,844,"[360, 400, 84]",celu,model_3,Float8WeightOnlyConfig,float8,8.0,False,True,pytorch_quantized_median_latency,0.0005960892885923386,pytorch,median_latency,False,1.0
650,360,400,84,844,"[360, 400, 84]",celu,model_3,Int8WeightOnlyConfig,int8,8.0,False,True,pytorch_quantized_p95_latency,0.0005112573504447937,pytorch,p95_latency,False,1.0
651,360,400,84,844,"[360, 400, 84]",celu,model_3,Float8WeightOnlyConfig,float8,8.0,False,True,pytorch_quantized_p95_latency,0.0006055880337953567,pytorch,p95_latency,False,1.0
652,360,400,84,844,"[360, 400, 84]",celu,model_3,Int8WeightOnlyConfig,int8,8.0,False,True,pytorch_quantized_p99_latency,0.0005207883566617966,pytorch,p99_latency,False,1.0
653,360,400,84,844,"[360, 400, 84]",celu,model_3,Float8WeightOnlyConfig,float8,8.0,False,True,pytorch_quantized_p99_latency,0.0006179763749241829,pytorch,p99_latency,False,1.0
654,360,400,84,844,"[360, 400, 84]",celu,model_3,Int8WeightOnlyConfig,int8,8.0,False,True,pytorch_relative_model_size,0.25,pytorch,model_size,True,1.0
655,360,400,84,844,"[360, 400, 84]",celu,model_3,Float8WeightOnlyConfig,float8,8.0,False,True,pytorch_relative_model_size,0.25,pytorch,model_size,True,1.0
656,360,400,84,844,"[360, 400, 84]",celu,model_3,Int8WeightOnlyConfig,int8,8.0,False,True,pytorch_relative_median_latency,2.640064426788187,pytorch,median_latency,True,1.0
657,360,400,84,844,"[360, 400, 84]",celu,model_3,Float8WeightOnlyConfig,float8,8.0,False,True,pytorch_relative_median_latency,3.1429960420738356,pytorch,median_latency,True,1.0
658,360,400,84,844,"[360, 400, 84]",celu,model_3,Int8WeightOnlyConfig,int8,8.0,False,True,pytorch_relative_p95_latency,2.5337134037595956,pytorch,p95_latency,True,1.0
659,360,400,84,844,"[360, 400, 84]",celu,model_3,Float8WeightOnlyConfig,float8,8.0,False,True,pytorch_relative_p95_latency,3.001201874259213,pytorch,p95_latency,True,1.0
660,360,400,84,844,"[360, 400, 84]",celu,model_3,Int8WeightOnlyConfig,int8,8.0,False,True,pytorch_relative_p99_latency,2.505960881730449,pytorch,p99_latency,True,1.0
661,360,400,84,844,"[360, 400, 84]",celu,model_3,Float8WeightOnlyConfig,float8,8.0,False,True,pytorch_relative_p99_latency,2.973616060313113,pytorch,p99_latency,True,1.0
662,360,400,84,844,"[360, 400, 84]",celu,model_3,Int8WeightOnlyConfig,int8,8.0,False,True,onnx_quantized_model_size,32807.0,onnx,model_size,False,1.0
663,360,400,84,844,"[360, 400, 84]",celu,model_3,Float8WeightOnlyConfig,float8,8.0,False,True,onnx_quantized_model_size,,onnx,model_size,False,1.0
664,360,400,84,844,"[360, 400, 84]",celu,model_3,Int8WeightOnlyConfig,int8,8.0,False,True,onnx_quantized_median_latency,0.0008488912135362625,onnx,median_latency,False,1.0
665,360,400,84,844,"[360, 400, 84]",celu,model_3,Float8WeightOnlyConfig,float8,8.0,False,True,onnx_quantized_median_latency,,onnx,median_latency,False,1.0
666,360,400,84,844,"[360, 400, 84]",celu,model_3,Int8WeightOnlyConfig,int8,8.0,False,True,onnx_quantized_p95_latency,0.0008559824898838996,onnx,p95_latency,False,1.0
667,360,400,84,844,"[360, 400, 84]",celu,model_3,Float8WeightOnlyConfig,float8,8.0,False,True,onnx_quantized_p95_latency,,onnx,p95_latency,False,1.0
668,360,400,84,844,"[360, 400, 84]",celu,model_3,Int8WeightOnlyConfig,int8,8.0,False,True,onnx_quantized_p99_latency,0.0008606169372797013,onnx,p99_latency,False,1.0
669,360,400,84,844,"[360, 400, 84]",celu,model_3,Float8WeightOnlyConfig,float8,8.0,False,True,onnx_quantized_p99_latency,,onnx,p99_latency,False,1.0
670,360,400,84,844,"[360, 400, 84]",celu,model_3,Int8WeightOnlyConfig,int8,8.0,False,True,onnx_relative_model_size,2.420287716709701,onnx,model_size,True,1.0
671,360,400,84,844,"[360, 400, 84]",celu,model_3,Float8WeightOnlyConfig,float8,8.0,False,True,onnx_relative_model_size,,onnx,model_size,True,1.0
672,360,400,84,844,"[360, 400, 84]",celu,model_3,Int8WeightOnlyConfig,int8,8.0,False,True,onnx_relative_median_latency,1.0966269478425748,onnx,median_latency,True,1.0
673,360,400,84,844,"[360, 400, 84]",celu,model_3,Float8WeightOnlyConfig,float8,8.0,False,True,onnx_relative_median_latency,,onnx,median_latency,True,1.0
674,360,400,84,844,"[360, 400, 84]",celu,model_3,Int8WeightOnlyConfig,int8,8.0,False,True,onnx_relative_p95_latency,1.092105766591531,onnx,p95_latency,True,1.0
675,360,400,84,844,"[360, 400, 84]",celu,model_3,Float8WeightOnlyConfig,float8,8.0,False,True,onnx_relative_p95_latency,,onnx,p95_latency,True,1.0
676,360,400,84,844,"[360, 400, 84]",celu,model_3,Int8WeightOnlyConfig,int8,8.0,False,True,onnx_relative_p99_latency,1.0920551720669218,onnx,p99_latency,True,1.0
677,360,400,84,844,"[360, 400, 84]",celu,model_3,Float8WeightOnlyConfig,float8,8.0,False,True,onnx_relative_p99_latency,,onnx,p99_latency,True,1.0
678,360,400,84,844,"[360, 400, 84]",celu,model_3,Int8WeightOnlyConfig,int8,8.0,False,True,pt2_quantized_model_size,354785.0,pt2,model_size,False,1.0
679,360,400,84,844,"[360, 400, 84]",celu,model_3,Float8WeightOnlyConfig,float8,8.0,False,True,pt2_quantized_model_size,334049.0,pt2,model_size,False,1.0
680,360,400,84,844,"[360, 400, 84]",celu,model_3,Int8WeightOnlyConfig,int8,8.0,False,True,pt2_quantized_median_latency,0.0009018890559673309,pt2,median_latency,False,1.0
681,360,400,84,844,"[360, 400, 84]",celu,model_3,Float8WeightOnlyConfig,float8,8.0,False,True,pt2_quantized_median_latency,0.0007386505603790283,pt2,median_latency,False,1.0
682,360,400,84,844,"[360, 400, 84]",celu,model_3,Int8WeightOnlyConfig,int8,8.0,False,True,pt2_quantized_p95_latency,0.0009208902716636655,pt2,p95_latency,False,1.0
683,360,400,84,844,"[360, 400, 84]",celu,model_3,Float8WeightOnlyConfig,float8,8.0,False,True,pt2_quantized_p95_latency,0.0007618520408868789,pt2,p95_latency,False,1.0
684,360,400,84,844,"[360, 400, 84]",celu,model_3,Int8WeightOnlyConfig,int8,8.0,False,True,pt2_quantized_p99_latency,0.001040373183786869,pt2,p99_latency,False,1.0
685,360,400,84,844,"[360, 400, 84]",celu,model_3,Float8WeightOnlyConfig,float8,8.0,False,True,pt2_quantized_p99_latency,0.0008862718939781189,pt2,p99_latency,False,1.0
686,360,400,84,844,"[360, 400, 84]",celu,model_3,Int8WeightOnlyConfig,int8,8.0,False,True,pt2_relative_model_size,0.39643218298331184,pt2,model_size,True,1.0
687,360,400,84,844,"[360, 400, 84]",celu,model_3,Float8WeightOnlyConfig,float8,8.0,False,True,pt2_relative_model_size,0.3732620440362257,pt2,model_size,True,1.0
688,360,400,84,844,"[360, 400, 84]",celu,model_3,Int8WeightOnlyConfig,int8,8.0,False,True,pt2_relative_median_latency,1.2544737121641962,pt2,median_latency,True,1.0
689,360,400,84,844,"[360, 400, 84]",celu,model_3,Float8WeightOnlyConfig,float8,8.0,False,True,pt2_relative_median_latency,1.0274187322042505,pt2,median_latency,True,1.0
690,360,400,84,844,"[360, 400, 84]",celu,model_3,Int8WeightOnlyConfig,int8,8.0,False,True,pt2_relative_p95_latency,0.7284650844528736,pt2,p95_latency,True,1.0
691,360,400,84,844,"[360, 400, 84]",celu,model_3,Float8WeightOnlyConfig,float8,8.0,False,True,pt2_relative_p95_latency,0.6026587839858832,pt2,p95_latency,True,1.0
692,360,400,84,844,"[360, 400, 84]",celu,model_3,Int8WeightOnlyConfig,int8,8.0,False,True,pt2_relative_p99_latency,0.8111773835050085,pt2,p99_latency,True,1.0
693,360,400,84,844,"[360, 400, 84]",celu,model_3,Float8WeightOnlyConfig,float8,8.0,False,True,pt2_relative_p99_latency,0.6910248430417806,pt2,p99_latency,True,1.0
694,360,400,84,844,"[360, 400, 84]",celu,model_3,Int8WeightOnlyConfig,int8,8.0,False,True,pytorch_quantized_MAE,8.981627169130887,pytorch,MAE,False,2.0
695,360,400,84,844,"[360, 400, 84]",celu,model_3,Float8WeightOnlyConfig,float8,8.0,False,True,pytorch_quantized_MAE,8.98203680948166,pytorch,MAE,False,2.0
696,360,400,84,844,"[360, 400, 84]",celu,model_3,Int8WeightOnlyConfig,int8,8.0,False,True,pytorch_relative_MAE,0.9998954337591321,pytorch,MAE,True,2.0
697,360,400,84,844,"[360, 400, 84]",celu,model_3,Float8WeightOnlyConfig,float8,8.0,False,True,pytorch_relative_MAE,0.9999410376913048,pytorch,MAE,True,2.0
698,360,400,84,844,"[360, 400, 84]",celu,model_3,Int8WeightOnlyConfig,int8,8.0,False,True,pytorch_quantized_model_size,207689.0,pytorch,model_size,False,2.0
699,360,400,84,844,"[360, 400, 84]",celu,model_3,Float8WeightOnlyConfig,float8,8.0,False,True,pytorch_quantized_model_size,207689.0,pytorch,model_size,False,2.0
700,360,400,84,844,"[360, 400, 84]",celu,model_3,Int8WeightOnlyConfig,int8,8.0,False,True,pytorch_quantized_median_latency,0.0004491489380598068,pytorch,median_latency,False,2.0
701,360,400,84,844,"[360, 400, 84]",celu,model_3,Float8WeightOnlyConfig,float8,8.0,False,True,pytorch_quantized_median_latency,0.0005411412566900253,pytorch,median_latency,False,2.0
702,360,400,84,844,"[360, 400, 84]",celu,model_3,Int8WeightOnlyConfig,int8,8.0,False,True,pytorch_quantized_p95_latency,0.0005034167319536209,pytorch,p95_latency,False,2.0
703,360,400,84,844,"[360, 400, 84]",celu,model_3,Float8WeightOnlyConfig,float8,8.0,False,True,pytorch_quantized_p95_latency,0.0006073031574487686,pytorch,p95_latency,False,2.0
704,360,400,84,844,"[360, 400, 84]",celu,model_3,Int8WeightOnlyConfig,int8,8.0,False,True,pytorch_quantized_p99_latency,0.0005112720653414726,pytorch,p99_latency,False,2.0
705,360,400,84,844,"[360, 400, 84]",celu,model_3,Float8WeightOnlyConfig,float8,8.0,False,True,pytorch_quantized_p99_latency,0.0006144018843770026,pytorch,p99_latency,False,2.0
706,360,400,84,844,"[360, 400, 84]",celu,model_3,Int8WeightOnlyConfig,int8,8.0,False,True,pytorch_relative_model_size,0.25,pytorch,model_size,True,2.0
707,360,400,84,844,"[360, 400, 84]",celu,model_3,Float8WeightOnlyConfig,float8,8.0,False,True,pytorch_relative_model_size,0.25,pytorch,model_size,True,2.0
708,360,400,84,844,"[360, 400, 84]",celu,model_3,Int8WeightOnlyConfig,int8,8.0,False,True,pytorch_relative_median_latency,2.3907892127701764,pytorch,median_latency,True,2.0
709,360,400,84,844,"[360, 400, 84]",celu,model_3,Float8WeightOnlyConfig,float8,8.0,False,True,pytorch_relative_median_latency,2.880458060678168,pytorch,median_latency,True,2.0
710,360,400,84,844,"[360, 400, 84]",celu,model_3,Int8WeightOnlyConfig,int8,8.0,False,True,pytorch_relative_p95_latency,2.5029570236024754,pytorch,p95_latency,True,2.0
711,360,400,84,844,"[360, 400, 84]",celu,model_3,Float8WeightOnlyConfig,float8,8.0,False,True,pytorch_relative_p95_latency,3.019473940592812,pytorch,p95_latency,True,2.0
712,360,400,84,844,"[360, 400, 84]",celu,model_3,Int8WeightOnlyConfig,int8,8.0,False,True,pytorch_relative_p99_latency,2.477416542338737,pytorch,p99_latency,True,2.0
713,360,400,84,844,"[360, 400, 84]",celu,model_3,Float8WeightOnlyConfig,float8,8.0,False,True,pytorch_relative_p99_latency,2.9771417121783603,pytorch,p99_latency,True,2.0
714,360,400,84,844,"[360, 400, 84]",celu,model_3,Int8WeightOnlyConfig,int8,8.0,False,True,onnx_quantized_model_size,32807.0,onnx,model_size,False,2.0
715,360,400,84,844,"[360, 400, 84]",celu,model_3,Float8WeightOnlyConfig,float8,8.0,False,True,onnx_quantized_model_size,,onnx,model_size,False,2.0
716,360,400,84,844,"[360, 400, 84]",celu,model_3,Int8WeightOnlyConfig,int8,8.0,False,True,onnx_quantized_median_latency,0.000823700800538063,onnx,median_latency,False,2.0
717,360,400,84,844,"[360, 400, 84]",celu,model_3,Float8WeightOnlyConfig,float8,8.0,False,True,onnx_quantized_median_latency,,onnx,median_latency,False,2.0
718,360,400,84,844,"[360, 400, 84]",celu,model_3,Int8WeightOnlyConfig,int8,8.0,False,True,onnx_quantized_p95_latency,0.0008490364998579025,onnx,p95_latency,False,2.0
719,360,400,84,844,"[360, 400, 84]",celu,model_3,Float8WeightOnlyConfig,float8,8.0,False,True,onnx_quantized_p95_latency,,onnx,p95_latency,False,2.0
720,360,400,84,844,"[360, 400, 84]",celu,model_3,Int8WeightOnlyConfig,int8,8.0,False,True,onnx_quantized_p99_latency,0.0008585644140839576,onnx,p99_latency,False,2.0
721,360,400,84,844,"[360, 400, 84]",celu,model_3,Float8WeightOnlyConfig,float8,8.0,False,True,onnx_quantized_p99_latency,,onnx,p99_latency,False,2.0
722,360,400,84,844,"[360, 400, 84]",celu,model_3,Int8WeightOnlyConfig,int8,8.0,False,True,onnx_relative_model_size,2.420287716709701,onnx,model_size,True,2.0
723,360,400,84,844,"[360, 400, 84]",celu,model_3,Float8WeightOnlyConfig,float8,8.0,False,True,onnx_relative_model_size,,onnx,model_size,True,2.0
724,360,400,84,844,"[360, 400, 84]",celu,model_3,Int8WeightOnlyConfig,int8,8.0,False,True,onnx_relative_median_latency,1.0881770332220273,onnx,median_latency,True,2.0
725,360,400,84,844,"[360, 400, 84]",celu,model_3,Float8WeightOnlyConfig,float8,8.0,False,True,onnx_relative_median_latency,,onnx,median_latency,True,2.0
726,360,400,84,844,"[360, 400, 84]",celu,model_3,Int8WeightOnlyConfig,int8,8.0,False,True,onnx_relative_p95_latency,1.1110777983341986,onnx,p95_latency,True,2.0
727,360,400,84,844,"[360, 400, 84]",celu,model_3,Float8WeightOnlyConfig,float8,8.0,False,True,onnx_relative_p95_latency,,onnx,p95_latency,True,2.0
728,360,400,84,844,"[360, 400, 84]",celu,model_3,Int8WeightOnlyConfig,int8,8.0,False,True,onnx_relative_p99_latency,1.1072225658835224,onnx,p99_latency,True,2.0
729,360,400,84,844,"[360, 400, 84]",celu,model_3,Float8WeightOnlyConfig,float8,8.0,False,True,onnx_relative_p99_latency,,onnx,p99_latency,True,2.0
730,360,400,84,844,"[360, 400, 84]",celu,model_3,Int8WeightOnlyConfig,int8,8.0,False,True,pt2_quantized_model_size,354785.0,pt2,model_size,False,2.0
731,360,400,84,844,"[360, 400, 84]",celu,model_3,Float8WeightOnlyConfig,float8,8.0,False,True,pt2_quantized_model_size,334049.0,pt2,model_size,False,2.0
732,360,400,84,844,"[360, 400, 84]",celu,model_3,Int8WeightOnlyConfig,int8,8.0,False,True,pt2_quantized_median_latency,0.0009209048002958298,pt2,median_latency,False,2.0
733,360,400,84,844,"[360, 400, 84]",celu,model_3,Float8WeightOnlyConfig,float8,8.0,False,True,pt2_quantized_median_latency,0.0007454324513673782,pt2,median_latency,False,2.0
734,360,400,84,844,"[360, 400, 84]",celu,model_3,Int8WeightOnlyConfig,int8,8.0,False,True,pt2_quantized_p95_latency,0.0009960057213902471,pt2,p95_latency,False,2.0
735,360,400,84,844,"[360, 400, 84]",celu,model_3,Float8WeightOnlyConfig,float8,8.0,False,True,pt2_quantized_p95_latency,0.0007581785321235657,pt2,p95_latency,False,2.0
736,360,400,84,844,"[360, 400, 84]",celu,model_3,Int8WeightOnlyConfig,int8,8.0,False,True,pt2_quantized_p99_latency,0.001124640591442585,pt2,p99_latency,False,2.0
737,360,400,84,844,"[360, 400, 84]",celu,model_3,Float8WeightOnlyConfig,float8,8.0,False,True,pt2_quantized_p99_latency,0.000874100811779499,pt2,p99_latency,False,2.0
738,360,400,84,844,"[360, 400, 84]",celu,model_3,Int8WeightOnlyConfig,int8,8.0,False,True,pt2_relative_model_size,0.39643218298331184,pt2,model_size,True,2.0
739,360,400,84,844,"[360, 400, 84]",celu,model_3,Float8WeightOnlyConfig,float8,8.0,False,True,pt2_relative_model_size,0.3732620440362257,pt2,model_size,True,2.0
740,360,400,84,844,"[360, 400, 84]",celu,model_3,Int8WeightOnlyConfig,int8,8.0,False,True,pt2_relative_median_latency,0.8301032409498369,pt2,median_latency,True,2.0
741,360,400,84,844,"[360, 400, 84]",celu,model_3,Float8WeightOnlyConfig,float8,8.0,False,True,pt2_relative_median_latency,0.6719325315607702,pt2,median_latency,True,2.0
742,360,400,84,844,"[360, 400, 84]",celu,model_3,Int8WeightOnlyConfig,int8,8.0,False,True,pt2_relative_p95_latency,0.8824290465337372,pt2,p95_latency,True,2.0
743,360,400,84,844,"[360, 400, 84]",celu,model_3,Float8WeightOnlyConfig,float8,8.0,False,True,pt2_relative_p95_latency,0.6717218032345107,pt2,p95_latency,True,2.0
744,360,400,84,844,"[360, 400, 84]",celu,model_3,Int8WeightOnlyConfig,int8,8.0,False,True,pt2_relative_p99_latency,0.878164610444482,pt2,p99_latency,True,2.0
745,360,400,84,844,"[360, 400, 84]",celu,model_3,Float8WeightOnlyConfig,float8,8.0,False,True,pt2_relative_p99_latency,0.6825330729712835,pt2,p99_latency,True,2.0
746,360,400,84,844,"[360, 400, 84]",celu,model_3,Int8WeightOnlyConfig,int8,8.0,False,True,pytorch_quantized_MAE,9.045439453699178,pytorch,MAE,False,3.0
747,360,400,84,844,"[360, 400, 84]",celu,model_3,Float8WeightOnlyConfig,float8,8.0,False,True,pytorch_quantized_MAE,9.051876638704949,pytorch,MAE,False,3.0
748,360,400,84,844,"[360, 400, 84]",celu,model_3,Int8WeightOnlyConfig,int8,8.0,False,True,pytorch_relative_MAE,0.999845653849957,pytorch,MAE,True,3.0
749,360,400,84,844,"[360, 400, 84]",celu,model_3,Float8WeightOnlyConfig,float8,8.0,False,True,pytorch_relative_MAE,1.0005571937904976,pytorch,MAE,True,3.0
750,360,400,84,844,"[360, 400, 84]",celu,model_3,Int8WeightOnlyConfig,int8,8.0,False,True,pytorch_quantized_model_size,207689.0,pytorch,model_size,False,3.0
751,360,400,84,844,"[360, 400, 84]",celu,model_3,Float8WeightOnlyConfig,float8,8.0,False,True,pytorch_quantized_model_size,207689.0,pytorch,model_size,False,3.0
752,360,400,84,844,"[360, 400, 84]",celu,model_3,Int8WeightOnlyConfig,int8,8.0,False,True,pytorch_quantized_median_latency,0.0004706569015979767,pytorch,median_latency,False,3.0
753,360,400,84,844,"[360, 400, 84]",celu,model_3,Float8WeightOnlyConfig,float8,8.0,False,True,pytorch_quantized_median_latency,0.0005704630166292191,pytorch,median_latency,False,3.0
754,360,400,84,844,"[360, 400, 84]",celu,model_3,Int8WeightOnlyConfig,int8,8.0,False,True,pytorch_quantized_p95_latency,0.00048079434782266617,pytorch,p95_latency,False,3.0
755,360,400,84,844,"[360, 400, 84]",celu,model_3,Float8WeightOnlyConfig,float8,8.0,False,True,pytorch_quantized_p95_latency,0.0005871890112757683,pytorch,p95_latency,False,3.0
756,360,400,84,844,"[360, 400, 84]",celu,model_3,Int8WeightOnlyConfig,int8,8.0,False,True,pytorch_quantized_p99_latency,0.0004833201318979263,pytorch,p99_latency,False,3.0
757,360,400,84,844,"[360, 400, 84]",celu,model_3,Float8WeightOnlyConfig,float8,8.0,False,True,pytorch_quantized_p99_latency,0.0005957520008087158,pytorch,p99_latency,False,3.0
758,360,400,84,844,"[360, 400, 84]",celu,model_3,Int8WeightOnlyConfig,int8,8.0,False,True,pytorch_relative_model_size,0.25,pytorch,model_size,True,3.0
759,360,400,84,844,"[360, 400, 84]",celu,model_3,Float8WeightOnlyConfig,float8,8.0,False,True,pytorch_relative_model_size,0.25,pytorch,model_size,True,3.0
760,360,400,84,844,"[360, 400, 84]",celu,model_3,Int8WeightOnlyConfig,int8,8.0,False,True,pytorch_relative_median_latency,2.6182221347231867,pytorch,median_latency,True,3.0
761,360,400,84,844,"[360, 400, 84]",celu,model_3,Float8WeightOnlyConfig,float8,8.0,False,True,pytorch_relative_median_latency,3.173434601954222,pytorch,median_latency,True,3.0
762,360,400,84,844,"[360, 400, 84]",celu,model_3,Int8WeightOnlyConfig,int8,8.0,False,True,pytorch_relative_p95_latency,2.4915877079182693,pytorch,p95_latency,True,3.0
763,360,400,84,844,"[360, 400, 84]",celu,model_3,Float8WeightOnlyConfig,float8,8.0,False,True,pytorch_relative_p95_latency,3.0429495050116606,pytorch,p95_latency,True,3.0
764,360,400,84,844,"[360, 400, 84]",celu,model_3,Int8WeightOnlyConfig,int8,8.0,False,True,pytorch_relative_p99_latency,2.4482343084233134,pytorch,p99_latency,True,3.0
765,360,400,84,844,"[360, 400, 84]",celu,model_3,Float8WeightOnlyConfig,float8,8.0,False,True,pytorch_relative_p99_latency,3.0177523993553916,pytorch,p99_latency,True,3.0
766,360,400,84,844,"[360, 400, 84]",celu,model_3,Int8WeightOnlyConfig,int8,8.0,False,True,onnx_quantized_model_size,32807.0,onnx,model_size,False,3.0
767,360,400,84,844,"[360, 400, 84]",celu,model_3,Float8WeightOnlyConfig,float8,8.0,False,True,onnx_quantized_model_size,,onnx,model_size,False,3.0
768,360,400,84,844,"[360, 400, 84]",celu,model_3,Int8WeightOnlyConfig,int8,8.0,False,True,onnx_quantized_median_latency,0.0008397437632083893,onnx,median_latency,False,3.0
769,360,400,84,844,"[360, 400, 84]",celu,model_3,Float8WeightOnlyConfig,float8,8.0,False,True,onnx_quantized_median_latency,,onnx,median_latency,False,3.0
770,360,400,84,844,"[360, 400, 84]",celu,model_3,Int8WeightOnlyConfig,int8,8.0,False,True,onnx_quantized_p95_latency,0.0010213132947683335,onnx,p95_latency,False,3.0
771,360,400,84,844,"[360, 400, 84]",celu,model_3,Float8WeightOnlyConfig,float8,8.0,False,True,onnx_quantized_p95_latency,,onnx,p95_latency,False,3.0
772,360,400,84,844,"[360, 400, 84]",celu,model_3,Int8WeightOnlyConfig,int8,8.0,False,True,onnx_quantized_p99_latency,0.009884425774216615,onnx,p99_latency,False,3.0
773,360,400,84,844,"[360, 400, 84]",celu,model_3,Float8WeightOnlyConfig,float8,8.0,False,True,onnx_quantized_p99_latency,,onnx,p99_latency,False,3.0
774,360,400,84,844,"[360, 400, 84]",celu,model_3,Int8WeightOnlyConfig,int8,8.0,False,True,onnx_relative_model_size,2.420287716709701,onnx,model_size,True,3.0
775,360,400,84,844,"[360, 400, 84]",celu,model_3,Float8WeightOnlyConfig,float8,8.0,False,True,onnx_relative_model_size,,onnx,model_size,True,3.0
776,360,400,84,844,"[360, 400, 84]",celu,model_3,Int8WeightOnlyConfig,int8,8.0,False,True,onnx_relative_median_latency,1.0863155764170676,onnx,median_latency,True,3.0
777,360,400,84,844,"[360, 400, 84]",celu,model_3,Float8WeightOnlyConfig,float8,8.0,False,True,onnx_relative_median_latency,,onnx,median_latency,True,3.0
778,360,400,84,844,"[360, 400, 84]",celu,model_3,Int8WeightOnlyConfig,int8,8.0,False,True,onnx_relative_p95_latency,1.3058799601029245,onnx,p95_latency,True,3.0
779,360,400,84,844,"[360, 400, 84]",celu,model_3,Float8WeightOnlyConfig,float8,8.0,False,True,onnx_relative_p95_latency,,onnx,p95_latency,True,3.0
780,360,400,84,844,"[360, 400, 84]",celu,model_3,Int8WeightOnlyConfig,int8,8.0,False,True,onnx_relative_p99_latency,12.552742702468155,onnx,p99_latency,True,3.0
781,360,400,84,844,"[360, 400, 84]",celu,model_3,Float8WeightOnlyConfig,float8,8.0,False,True,onnx_relative_p99_latency,,onnx,p99_latency,True,3.0
782,360,400,84,844,"[360, 400, 84]",celu,model_3,Int8WeightOnlyConfig,int8,8.0,False,True,pt2_quantized_model_size,354785.0,pt2,model_size,False,3.0
783,360,400,84,844,"[360, 400, 84]",celu,model_3,Float8WeightOnlyConfig,float8,8.0,False,True,pt2_quantized_model_size,334049.0,pt2,model_size,False,3.0
784,360,400,84,844,"[360, 400, 84]",celu,model_3,Int8WeightOnlyConfig,int8,8.0,False,True,pt2_quantized_median_latency,0.0008861906826496124,pt2,median_latency,False,3.0
785,360,400,84,844,"[360, 400, 84]",celu,model_3,Float8WeightOnlyConfig,float8,8.0,False,True,pt2_quantized_median_latency,0.0007147695869207382,pt2,median_latency,False,3.0
786,360,400,84,844,"[360, 400, 84]",celu,model_3,Int8WeightOnlyConfig,int8,8.0,False,True,pt2_quantized_p95_latency,0.0008982433006167412,pt2,p95_latency,False,3.0
787,360,400,84,844,"[360, 400, 84]",celu,model_3,Float8WeightOnlyConfig,float8,8.0,False,True,pt2_quantized_p95_latency,0.0007264550775289535,pt2,p95_latency,False,3.0
788,360,400,84,844,"[360, 400, 84]",celu,model_3,Int8WeightOnlyConfig,int8,8.0,False,True,pt2_quantized_p99_latency,0.0010257496312260628,pt2,p99_latency,False,3.0
789,360,400,84,844,"[360, 400, 84]",celu,model_3,Float8WeightOnlyConfig,float8,8.0,False,True,pt2_quantized_p99_latency,0.0008487824723124504,pt2,p99_latency,False,3.0
790,360,400,84,844,"[360, 400, 84]",celu,model_3,Int8WeightOnlyConfig,int8,8.0,False,True,pt2_relative_model_size,0.39643218298331184,pt2,model_size,True,3.0
791,360,400,84,844,"[360, 400, 84]",celu,model_3,Float8WeightOnlyConfig,float8,8.0,False,True,pt2_relative_model_size,0.3732620440362257,pt2,model_size,True,3.0
792,360,400,84,844,"[360, 400, 84]",celu,model_3,Int8WeightOnlyConfig,int8,8.0,False,True,pt2_relative_median_latency,1.1821341873992153,pt2,median_latency,True,3.0
793,360,400,84,844,"[360, 400, 84]",celu,model_3,Float8WeightOnlyConfig,float8,8.0,False,True,pt2_relative_median_latency,0.9534669923248366,pt2,median_latency,True,3.0
794,360,400,84,844,"[360, 400, 84]",celu,model_3,Int8WeightOnlyConfig,int8,8.0,False,True,pt2_relative_p95_latency,0.6569614324528451,pt2,p95_latency,True,3.0
795,360,400,84,844,"[360, 400, 84]",celu,model_3,Float8WeightOnlyConfig,float8,8.0,False,True,pt2_relative_p95_latency,0.5313181495685836,pt2,p95_latency,True,3.0
796,360,400,84,844,"[360, 400, 84]",celu,model_3,Int8WeightOnlyConfig,int8,8.0,False,True,pt2_relative_p99_latency,0.7251577169405422,pt2,p99_latency,True,3.0
797,360,400,84,844,"[360, 400, 84]",celu,model_3,Float8WeightOnlyConfig,float8,8.0,False,True,pt2_relative_p99_latency,0.6000500912347845,pt2,p99_latency,True,3.0
798,376,221,204,801,"[376, 221, 204]",elu,model_30,,,,,,,,,,,
799,128,321,59,508,"[128, 321, 59]",leaky_relu,model_31,,,,,,,,,,,
800,582,64,138,784,"[582, 64, 138]",relu,model_32,,,,,,,,,,,
801,571,396,216,1183,"[571, 396, 216]",gelu,model_33,,,,,,,,,,,
802,128,200,41,369,"[128, 200, 41]",gelu,model_34,,,,,,,,,,,
803,389,328,115,832,"[389, 328, 115]",leaky_relu,model_35,,,,,,,,,,,
804,677,71,79,827,"[677, 71, 79]",celu,model_36,,,,,,,,,,,
805,833,267,32,1132,"[833, 267, 32]",leaky_relu,model_37,,,,,,,,,,,
806,236,64,193,493,"[236, 64, 193]",leaky_relu,model_38,,,,,,,,,,,
807,128,340,104,572,"[128, 340, 104]",gelu,model_39,,,,,,,,,,,
808,702,210,162,1074,"[702, 210, 162]",elu,model_4,Int8WeightOnlyConfig,int8,8.0,False,True,pytorch_quantized_MAE,9.066179277307002,pytorch,MAE,False,1.0
809,702,210,162,1074,"[702, 210, 162]",elu,model_4,Float8WeightOnlyConfig,float8,8.0,False,True,pytorch_quantized_MAE,9.099291725194577,pytorch,MAE,False,1.0
810,702,210,162,1074,"[702, 210, 162]",elu,model_4,Int8WeightOnlyConfig,int8,8.0,False,True,pytorch_relative_MAE,0.999066946797623,pytorch,MAE,True,1.0
811,702,210,162,1074,"[702, 210, 162]",elu,model_4,Float8WeightOnlyConfig,float8,8.0,False,True,pytorch_relative_MAE,1.0027158435599934,pytorch,MAE,True,1.0
812,702,210,162,1074,"[702, 210, 162]",elu,model_4,Int8WeightOnlyConfig,int8,8.0,False,True,pytorch_quantized_model_size,239539.0,pytorch,model_size,False,1.0
813,702,210,162,1074,"[702, 210, 162]",elu,model_4,Float8WeightOnlyConfig,float8,8.0,False,True,pytorch_quantized_model_size,239539.0,pytorch,model_size,False,1.0
814,702,210,162,1074,"[702, 210, 162]",elu,model_4,Int8WeightOnlyConfig,int8,8.0,False,True,pytorch_quantized_median_latency,0.0004863422363996506,pytorch,median_latency,False,1.0
815,702,210,162,1074,"[702, 210, 162]",elu,model_4,Float8WeightOnlyConfig,float8,8.0,False,True,pytorch_quantized_median_latency,0.0005233436822891235,pytorch,median_latency,False,1.0
816,702,210,162,1074,"[702, 210, 162]",elu,model_4,Int8WeightOnlyConfig,int8,8.0,False,True,pytorch_quantized_p95_latency,0.0004949582740664482,pytorch,p95_latency,False,1.0
817,702,210,162,1074,"[702, 210, 162]",elu,model_4,Float8WeightOnlyConfig,float8,8.0,False,True,pytorch_quantized_p95_latency,0.0005313904955983161,pytorch,p95_latency,False,1.0
818,702,210,162,1074,"[702, 210, 162]",elu,model_4,Int8WeightOnlyConfig,int8,8.0,False,True,pytorch_quantized_p99_latency,0.0004982136934995651,pytorch,p99_latency,False,1.0
819,702,210,162,1074,"[702, 210, 162]",elu,model_4,Float8WeightOnlyConfig,float8,8.0,False,True,pytorch_quantized_p99_latency,0.0005377969145774842,pytorch,p99_latency,False,1.0
820,702,210,162,1074,"[702, 210, 162]",elu,model_4,Int8WeightOnlyConfig,int8,8.0,False,True,pytorch_relative_model_size,0.25,pytorch,model_size,True,1.0
821,702,210,162,1074,"[702, 210, 162]",elu,model_4,Float8WeightOnlyConfig,float8,8.0,False,True,pytorch_relative_model_size,0.25,pytorch,model_size,True,1.0
822,702,210,162,1074,"[702, 210, 162]",elu,model_4,Int8WeightOnlyConfig,int8,8.0,False,True,pytorch_relative_median_latency,2.589408439529925,pytorch,median_latency,True,1.0
823,702,210,162,1074,"[702, 210, 162]",elu,model_4,Float8WeightOnlyConfig,float8,8.0,False,True,pytorch_relative_median_latency,2.7864134477116083,pytorch,median_latency,True,1.0
824,702,210,162,1074,"[702, 210, 162]",elu,model_4,Int8WeightOnlyConfig,int8,8.0,False,True,pytorch_relative_p95_latency,2.4756002239631223,pytorch,p95_latency,True,1.0
825,702,210,162,1074,"[702, 210, 162]",elu,model_4,Float8WeightOnlyConfig,float8,8.0,False,True,pytorch_relative_p95_latency,2.6578208686303495,pytorch,p95_latency,True,1.0
826,702,210,162,1074,"[702, 210, 162]",elu,model_4,Int8WeightOnlyConfig,int8,8.0,False,True,pytorch_relative_p99_latency,2.432502699179042,pytorch,p99_latency,True,1.0
827,702,210,162,1074,"[702, 210, 162]",elu,model_4,Float8WeightOnlyConfig,float8,8.0,False,True,pytorch_relative_p99_latency,2.6257657374506365,pytorch,p99_latency,True,1.0
828,702,210,162,1074,"[702, 210, 162]",elu,model_4,Int8WeightOnlyConfig,int8,8.0,False,True,onnx_quantized_model_size,32809.0,onnx,model_size,False,1.0
829,702,210,162,1074,"[702, 210, 162]",elu,model_4,Float8WeightOnlyConfig,float8,8.0,False,True,onnx_quantized_model_size,,onnx,model_size,False,1.0
830,702,210,162,1074,"[702, 210, 162]",elu,model_4,Int8WeightOnlyConfig,int8,8.0,False,True,onnx_quantized_median_latency,0.000576971098780632,onnx,median_latency,False,1.0
831,702,210,162,1074,"[702, 210, 162]",elu,model_4,Float8WeightOnlyConfig,float8,8.0,False,True,onnx_quantized_median_latency,,onnx,median_latency,False,1.0
832,702,210,162,1074,"[702, 210, 162]",elu,model_4,Int8WeightOnlyConfig,int8,8.0,False,True,onnx_quantized_p95_latency,0.000601009652018547,onnx,p95_latency,False,1.0
833,702,210,162,1074,"[702, 210, 162]",elu,model_4,Float8WeightOnlyConfig,float8,8.0,False,True,onnx_quantized_p95_latency,,onnx,p95_latency,False,1.0
834,702,210,162,1074,"[702, 210, 162]",elu,model_4,Int8WeightOnlyConfig,int8,8.0,False,True,onnx_quantized_p99_latency,0.0006049719080328941,onnx,p99_latency,False,1.0
835,702,210,162,1074,"[702, 210, 162]",elu,model_4,Float8WeightOnlyConfig,float8,8.0,False,True,onnx_quantized_p99_latency,,onnx,p99_latency,False,1.0
836,702,210,162,1074,"[702, 210, 162]",elu,model_4,Int8WeightOnlyConfig,int8,8.0,False,True,onnx_relative_model_size,2.422758824398169,onnx,model_size,True,1.0
837,702,210,162,1074,"[702, 210, 162]",elu,model_4,Float8WeightOnlyConfig,float8,8.0,False,True,onnx_relative_model_size,,onnx,model_size,True,1.0
838,702,210,162,1074,"[702, 210, 162]",elu,model_4,Int8WeightOnlyConfig,int8,8.0,False,True,onnx_relative_median_latency,1.0822787463750394,onnx,median_latency,True,1.0
839,702,210,162,1074,"[702, 210, 162]",elu,model_4,Float8WeightOnlyConfig,float8,8.0,False,True,onnx_relative_median_latency,,onnx,median_latency,True,1.0
840,702,210,162,1074,"[702, 210, 162]",elu,model_4,Int8WeightOnlyConfig,int8,8.0,False,True,onnx_relative_p95_latency,1.0723840613017652,onnx,p95_latency,True,1.0
841,702,210,162,1074,"[702, 210, 162]",elu,model_4,Float8WeightOnlyConfig,float8,8.0,False,True,onnx_relative_p95_latency,,onnx,p95_latency,True,1.0
842,702,210,162,1074,"[702, 210, 162]",elu,model_4,Int8WeightOnlyConfig,int8,8.0,False,True,onnx_relative_p99_latency,1.0505550971480657,onnx,p99_latency,True,1.0
843,702,210,162,1074,"[702, 210, 162]",elu,model_4,Float8WeightOnlyConfig,float8,8.0,False,True,onnx_relative_p99_latency,,onnx,p99_latency,True,1.0
844,702,210,162,1074,"[702, 210, 162]",elu,model_4,Int8WeightOnlyConfig,int8,8.0,False,True,pt2_quantized_model_size,388513.0,pt2,model_size,False,1.0
845,702,210,162,1074,"[702, 210, 162]",elu,model_4,Float8WeightOnlyConfig,float8,8.0,False,True,pt2_quantized_model_size,367713.0,pt2,model_size,False,1.0
846,702,210,162,1074,"[702, 210, 162]",elu,model_4,Int8WeightOnlyConfig,int8,8.0,False,True,pt2_quantized_median_latency,0.0008895397186279297,pt2,median_latency,False,1.0
847,702,210,162,1074,"[702, 210, 162]",elu,model_4,Float8WeightOnlyConfig,float8,8.0,False,True,pt2_quantized_median_latency,0.000729978084564209,pt2,median_latency,False,1.0
848,702,210,162,1074,"[702, 210, 162]",elu,model_4,Int8WeightOnlyConfig,int8,8.0,False,True,pt2_quantized_p95_latency,0.0009029485285282135,pt2,p95_latency,False,1.0
849,702,210,162,1074,"[702, 210, 162]",elu,model_4,Float8WeightOnlyConfig,float8,8.0,False,True,pt2_quantized_p95_latency,0.000869949534535408,pt2,p95_latency,False,1.0
850,702,210,162,1074,"[702, 210, 162]",elu,model_4,Int8WeightOnlyConfig,int8,8.0,False,True,pt2_quantized_p99_latency,0.0010247772186994552,pt2,p99_latency,False,1.0
851,702,210,162,1074,"[702, 210, 162]",elu,model_4,Float8WeightOnlyConfig,float8,8.0,False,True,pt2_quantized_p99_latency,0.002052085809409618,pt2,p99_latency,False,1.0
852,702,210,162,1074,"[702, 210, 162]",elu,model_4,Int8WeightOnlyConfig,int8,8.0,False,True,pt2_relative_model_size,0.3799411477652678,pt2,model_size,True,1.0
853,702,210,162,1074,"[702, 210, 162]",elu,model_4,Float8WeightOnlyConfig,float8,8.0,False,True,pt2_relative_model_size,0.3596000629791279,pt2,model_size,True,1.0
854,702,210,162,1074,"[702, 210, 162]",elu,model_4,Int8WeightOnlyConfig,int8,8.0,False,True,pt2_relative_median_latency,0.6510163269367875,pt2,median_latency,True,1.0
855,702,210,162,1074,"[702, 210, 162]",elu,model_4,Float8WeightOnlyConfig,float8,8.0,False,True,pt2_relative_median_latency,0.5342399461266977,pt2,median_latency,True,1.0
856,702,210,162,1074,"[702, 210, 162]",elu,model_4,Int8WeightOnlyConfig,int8,8.0,False,True,pt2_relative_p95_latency,0.6539343970387477,pt2,p95_latency,True,1.0
857,702,210,162,1074,"[702, 210, 162]",elu,model_4,Float8WeightOnlyConfig,float8,8.0,False,True,pt2_relative_p95_latency,0.6300358285624869,pt2,p95_latency,True,1.0
858,702,210,162,1074,"[702, 210, 162]",elu,model_4,Int8WeightOnlyConfig,int8,8.0,False,True,pt2_relative_p99_latency,0.6722183065266549,pt2,p99_latency,True,1.0
859,702,210,162,1074,"[702, 210, 162]",elu,model_4,Float8WeightOnlyConfig,float8,8.0,False,True,pt2_relative_p99_latency,1.3460971052804755,pt2,p99_latency,True,1.0
860,702,210,162,1074,"[702, 210, 162]",elu,model_4,Int8WeightOnlyConfig,int8,8.0,False,True,pytorch_quantized_MAE,8.95144780716129,pytorch,MAE,False,2.0
861,702,210,162,1074,"[702, 210, 162]",elu,model_4,Float8WeightOnlyConfig,float8,8.0,False,True,pytorch_quantized_MAE,8.984371045346768,pytorch,MAE,False,2.0
862,702,210,162,1074,"[702, 210, 162]",elu,model_4,Int8WeightOnlyConfig,int8,8.0,False,True,pytorch_relative_MAE,0.9991153855022947,pytorch,MAE,True,2.0
863,702,210,162,1074,"[702, 210, 162]",elu,model_4,Float8WeightOnlyConfig,float8,8.0,False,True,pytorch_relative_MAE,1.0027901110350015,pytorch,MAE,True,2.0
864,702,210,162,1074,"[702, 210, 162]",elu,model_4,Int8WeightOnlyConfig,int8,8.0,False,True,pytorch_quantized_model_size,239539.0,pytorch,model_size,False,2.0
865,702,210,162,1074,"[702, 210, 162]",elu,model_4,Float8WeightOnlyConfig,float8,8.0,False,True,pytorch_quantized_model_size,239539.0,pytorch,model_size,False,2.0
866,702,210,162,1074,"[702, 210, 162]",elu,model_4,Int8WeightOnlyConfig,int8,8.0,False,True,pytorch_quantized_median_latency,0.0004618745297193527,pytorch,median_latency,False,2.0
867,702,210,162,1074,"[702, 210, 162]",elu,model_4,Float8WeightOnlyConfig,float8,8.0,False,True,pytorch_quantized_median_latency,0.0005248934030532837,pytorch,median_latency,False,2.0
868,702,210,162,1074,"[702, 210, 162]",elu,model_4,Int8WeightOnlyConfig,int8,8.0,False,True,pytorch_quantized_p95_latency,0.00047291405498981474,pytorch,p95_latency,False,2.0
869,702,210,162,1074,"[702, 210, 162]",elu,model_4,Float8WeightOnlyConfig,float8,8.0,False,True,pytorch_quantized_p95_latency,0.000559256412088871,pytorch,p95_latency,False,2.0
870,702,210,162,1074,"[702, 210, 162]",elu,model_4,Int8WeightOnlyConfig,int8,8.0,False,True,pytorch_quantized_p99_latency,0.0004749799147248268,pytorch,p99_latency,False,2.0
871,702,210,162,1074,"[702, 210, 162]",elu,model_4,Float8WeightOnlyConfig,float8,8.0,False,True,pytorch_quantized_p99_latency,0.0005792886391282081,pytorch,p99_latency,False,2.0
872,702,210,162,1074,"[702, 210, 162]",elu,model_4,Int8WeightOnlyConfig,int8,8.0,False,True,pytorch_relative_model_size,0.25,pytorch,model_size,True,2.0
873,702,210,162,1074,"[702, 210, 162]",elu,model_4,Float8WeightOnlyConfig,float8,8.0,False,True,pytorch_relative_model_size,0.25,pytorch,model_size,True,2.0
874,702,210,162,1074,"[702, 210, 162]",elu,model_4,Int8WeightOnlyConfig,int8,8.0,False,True,pytorch_relative_median_latency,2.5538070177245435,pytorch,median_latency,True,2.0
875,702,210,162,1074,"[702, 210, 162]",elu,model_4,Float8WeightOnlyConfig,float8,8.0,False,True,pytorch_relative_median_latency,2.902252386788469,pytorch,median_latency,True,2.0
876,702,210,162,1074,"[702, 210, 162]",elu,model_4,Int8WeightOnlyConfig,int8,8.0,False,True,pytorch_relative_p95_latency,2.4541021430180106,pytorch,p95_latency,True,2.0
877,702,210,162,1074,"[702, 210, 162]",elu,model_4,Float8WeightOnlyConfig,float8,8.0,False,True,pytorch_relative_p95_latency,2.9021602232427224,pytorch,p95_latency,True,2.0
878,702,210,162,1074,"[702, 210, 162]",elu,model_4,Int8WeightOnlyConfig,int8,8.0,False,True,pytorch_relative_p99_latency,2.4193474629208387,pytorch,p99_latency,True,2.0
879,702,210,162,1074,"[702, 210, 162]",elu,model_4,Float8WeightOnlyConfig,float8,8.0,False,True,pytorch_relative_p99_latency,2.9506521348079233,pytorch,p99_latency,True,2.0
880,702,210,162,1074,"[702, 210, 162]",elu,model_4,Int8WeightOnlyConfig,int8,8.0,False,True,onnx_quantized_model_size,32809.0,onnx,model_size,False,2.0
881,702,210,162,1074,"[702, 210, 162]",elu,model_4,Float8WeightOnlyConfig,float8,8.0,False,True,onnx_quantized_model_size,,onnx,model_size,False,2.0
882,702,210,162,1074,"[702, 210, 162]",elu,model_4,Int8WeightOnlyConfig,int8,8.0,False,True,onnx_quantized_median_latency,0.0005733706057071686,onnx,median_latency,False,2.0
883,702,210,162,1074,"[702, 210, 162]",elu,model_4,Float8WeightOnlyConfig,float8,8.0,False,True,onnx_quantized_median_latency,,onnx,median_latency,False,2.0
884,702,210,162,1074,"[702, 210, 162]",elu,model_4,Int8WeightOnlyConfig,int8,8.0,False,True,onnx_quantized_p95_latency,0.000621369481086731,onnx,p95_latency,False,2.0
885,702,210,162,1074,"[702, 210, 162]",elu,model_4,Float8WeightOnlyConfig,float8,8.0,False,True,onnx_quantized_p95_latency,,onnx,p95_latency,False,2.0
886,702,210,162,1074,"[702, 210, 162]",elu,model_4,Int8WeightOnlyConfig,int8,8.0,False,True,onnx_quantized_p99_latency,0.0006336591020226479,onnx,p99_latency,False,2.0
887,702,210,162,1074,"[702, 210, 162]",elu,model_4,Float8WeightOnlyConfig,float8,8.0,False,True,onnx_quantized_p99_latency,,onnx,p99_latency,False,2.0
888,702,210,162,1074,"[702, 210, 162]",elu,model_4,Int8WeightOnlyConfig,int8,8.0,False,True,onnx_relative_model_size,2.422758824398169,onnx,model_size,True,2.0
889,702,210,162,1074,"[702, 210, 162]",elu,model_4,Float8WeightOnlyConfig,float8,8.0,False,True,onnx_relative_model_size,,onnx,model_size,True,2.0
890,702,210,162,1074,"[702, 210, 162]",elu,model_4,Int8WeightOnlyConfig,int8,8.0,False,True,onnx_relative_median_latency,0.8174100539848693,onnx,median_latency,True,2.0
891,702,210,162,1074,"[702, 210, 162]",elu,model_4,Float8WeightOnlyConfig,float8,8.0,False,True,onnx_relative_median_latency,,onnx,median_latency,True,2.0
892,702,210,162,1074,"[702, 210, 162]",elu,model_4,Int8WeightOnlyConfig,int8,8.0,False,True,onnx_relative_p95_latency,0.8441740147049335,onnx,p95_latency,True,2.0
893,702,210,162,1074,"[702, 210, 162]",elu,model_4,Float8WeightOnlyConfig,float8,8.0,False,True,onnx_relative_p95_latency,,onnx,p95_latency,True,2.0
894,702,210,162,1074,"[702, 210, 162]",elu,model_4,Int8WeightOnlyConfig,int8,8.0,False,True,onnx_relative_p99_latency,0.04598285925027179,onnx,p99_latency,True,2.0
895,702,210,162,1074,"[702, 210, 162]",elu,model_4,Float8WeightOnlyConfig,float8,8.0,False,True,onnx_relative_p99_latency,,onnx,p99_latency,True,2.0
896,702,210,162,1074,"[702, 210, 162]",elu,model_4,Int8WeightOnlyConfig,int8,8.0,False,True,pt2_quantized_model_size,388513.0,pt2,model_size,False,2.0
897,702,210,162,1074,"[702, 210, 162]",elu,model_4,Float8WeightOnlyConfig,float8,8.0,False,True,pt2_quantized_model_size,367713.0,pt2,model_size,False,2.0
898,702,210,162,1074,"[702, 210, 162]",elu,model_4,Int8WeightOnlyConfig,int8,8.0,False,True,pt2_quantized_median_latency,0.0008668918162584305,pt2,median_latency,False,2.0
899,702,210,162,1074,"[702, 210, 162]",elu,model_4,Float8WeightOnlyConfig,float8,8.0,False,True,pt2_quantized_median_latency,0.0007166974246501923,pt2,median_latency,False,2.0
900,702,210,162,1074,"[702, 210, 162]",elu,model_4,Int8WeightOnlyConfig,int8,8.0,False,True,pt2_quantized_p95_latency,0.0008764063939452171,pt2,p95_latency,False,2.0
901,702,210,162,1074,"[702, 210, 162]",elu,model_4,Float8WeightOnlyConfig,float8,8.0,False,True,pt2_quantized_p95_latency,0.000760073959827423,pt2,p95_latency,False,2.0
902,702,210,162,1074,"[702, 210, 162]",elu,model_4,Int8WeightOnlyConfig,int8,8.0,False,True,pt2_quantized_p99_latency,0.000992252230644226,pt2,p99_latency,False,2.0
903,702,210,162,1074,"[702, 210, 162]",elu,model_4,Float8WeightOnlyConfig,float8,8.0,False,True,pt2_quantized_p99_latency,0.0008464163914322852,pt2,p99_latency,False,2.0
904,702,210,162,1074,"[702, 210, 162]",elu,model_4,Int8WeightOnlyConfig,int8,8.0,False,True,pt2_relative_model_size,0.3799411477652678,pt2,model_size,True,2.0
905,702,210,162,1074,"[702, 210, 162]",elu,model_4,Float8WeightOnlyConfig,float8,8.0,False,True,pt2_relative_model_size,0.3596000629791279,pt2,model_size,True,2.0
906,702,210,162,1074,"[702, 210, 162]",elu,model_4,Int8WeightOnlyConfig,int8,8.0,False,True,pt2_relative_median_latency,0.9156349414016773,pt2,median_latency,True,2.0
907,702,210,162,1074,"[702, 210, 162]",elu,model_4,Float8WeightOnlyConfig,float8,8.0,False,True,pt2_relative_median_latency,0.7569955006089032,pt2,median_latency,True,2.0
908,702,210,162,1074,"[702, 210, 162]",elu,model_4,Int8WeightOnlyConfig,int8,8.0,False,True,pt2_relative_p95_latency,0.9169076100565812,pt2,p95_latency,True,2.0
909,702,210,162,1074,"[702, 210, 162]",elu,model_4,Float8WeightOnlyConfig,float8,8.0,False,True,pt2_relative_p95_latency,0.7951991254130075,pt2,p95_latency,True,2.0
910,702,210,162,1074,"[702, 210, 162]",elu,model_4,Int8WeightOnlyConfig,int8,8.0,False,True,pt2_relative_p99_latency,0.8857458744027494,pt2,p99_latency,True,2.0
911,702,210,162,1074,"[702, 210, 162]",elu,model_4,Float8WeightOnlyConfig,float8,8.0,False,True,pt2_relative_p99_latency,0.7555637604878505,pt2,p99_latency,True,2.0
912,702,210,162,1074,"[702, 210, 162]",elu,model_4,Int8WeightOnlyConfig,int8,8.0,False,True,pytorch_quantized_MAE,9.030561933400826,pytorch,MAE,False,3.0
913,702,210,162,1074,"[702, 210, 162]",elu,model_4,Float8WeightOnlyConfig,float8,8.0,False,True,pytorch_quantized_MAE,9.062738628513053,pytorch,MAE,False,3.0
914,702,210,162,1074,"[702, 210, 162]",elu,model_4,Int8WeightOnlyConfig,int8,8.0,False,True,pytorch_relative_MAE,0.9990659673682393,pytorch,MAE,True,3.0
915,702,210,162,1074,"[702, 210, 162]",elu,model_4,Float8WeightOnlyConfig,float8,8.0,False,True,pytorch_relative_MAE,1.0026257282409388,pytorch,MAE,True,3.0
916,702,210,162,1074,"[702, 210, 162]",elu,model_4,Int8WeightOnlyConfig,int8,8.0,False,True,pytorch_quantized_model_size,239539.0,pytorch,model_size,False,3.0
917,702,210,162,1074,"[702, 210, 162]",elu,model_4,Float8WeightOnlyConfig,float8,8.0,False,True,pytorch_quantized_model_size,239539.0,pytorch,model_size,False,3.0
918,702,210,162,1074,"[702, 210, 162]",elu,model_4,Int8WeightOnlyConfig,int8,8.0,False,True,pytorch_quantized_median_latency,0.0004723556339740753,pytorch,median_latency,False,3.0
919,702,210,162,1074,"[702, 210, 162]",elu,model_4,Float8WeightOnlyConfig,float8,8.0,False,True,pytorch_quantized_median_latency,0.0005761329084634781,pytorch,median_latency,False,3.0
920,702,210,162,1074,"[702, 210, 162]",elu,model_4,Int8WeightOnlyConfig,int8,8.0,False,True,pytorch_quantized_p95_latency,0.00048431847244501114,pytorch,p95_latency,False,3.0
921,702,210,162,1074,"[702, 210, 162]",elu,model_4,Float8WeightOnlyConfig,float8,8.0,False,True,pytorch_quantized_p95_latency,0.0005833307281136513,pytorch,p95_latency,False,3.0
922,702,210,162,1074,"[702, 210, 162]",elu,model_4,Int8WeightOnlyConfig,int8,8.0,False,True,pytorch_quantized_p99_latency,0.000489811971783638,pytorch,p99_latency,False,3.0
923,702,210,162,1074,"[702, 210, 162]",elu,model_4,Float8WeightOnlyConfig,float8,8.0,False,True,pytorch_quantized_p99_latency,0.0005861825123429298,pytorch,p99_latency,False,3.0
924,702,210,162,1074,"[702, 210, 162]",elu,model_4,Int8WeightOnlyConfig,int8,8.0,False,True,pytorch_relative_model_size,0.25,pytorch,model_size,True,3.0
925,702,210,162,1074,"[702, 210, 162]",elu,model_4,Float8WeightOnlyConfig,float8,8.0,False,True,pytorch_relative_model_size,0.25,pytorch,model_size,True,3.0
926,702,210,162,1074,"[702, 210, 162]",elu,model_4,Int8WeightOnlyConfig,int8,8.0,False,True,pytorch_relative_median_latency,2.851485371174129,pytorch,median_latency,True,3.0
927,702,210,162,1074,"[702, 210, 162]",elu,model_4,Float8WeightOnlyConfig,float8,8.0,False,True,pytorch_relative_median_latency,3.4779611846987653,pytorch,median_latency,True,3.0
928,702,210,162,1074,"[702, 210, 162]",elu,model_4,Int8WeightOnlyConfig,int8,8.0,False,True,pytorch_relative_p95_latency,2.5106017916834835,pytorch,p95_latency,True,3.0
929,702,210,162,1074,"[702, 210, 162]",elu,model_4,Float8WeightOnlyConfig,float8,8.0,False,True,pytorch_relative_p95_latency,3.0238598246166264,pytorch,p95_latency,True,3.0
930,702,210,162,1074,"[702, 210, 162]",elu,model_4,Int8WeightOnlyConfig,int8,8.0,False,True,pytorch_relative_p99_latency,2.4516880062741544,pytorch,p99_latency,True,3.0
931,702,210,162,1074,"[702, 210, 162]",elu,model_4,Float8WeightOnlyConfig,float8,8.0,False,True,pytorch_relative_p99_latency,2.934057797251291,pytorch,p99_latency,True,3.0
932,702,210,162,1074,"[702, 210, 162]",elu,model_4,Int8WeightOnlyConfig,int8,8.0,False,True,onnx_quantized_model_size,32809.0,onnx,model_size,False,3.0
933,702,210,162,1074,"[702, 210, 162]",elu,model_4,Float8WeightOnlyConfig,float8,8.0,False,True,onnx_quantized_model_size,,onnx,model_size,False,3.0
934,702,210,162,1074,"[702, 210, 162]",elu,model_4,Int8WeightOnlyConfig,int8,8.0,False,True,onnx_quantized_median_latency,0.000581664964556694,onnx,median_latency,False,3.0
935,702,210,162,1074,"[702, 210, 162]",elu,model_4,Float8WeightOnlyConfig,float8,8.0,False,True,onnx_quantized_median_latency,,onnx,median_latency,False,3.0
936,702,210,162,1074,"[702, 210, 162]",elu,model_4,Int8WeightOnlyConfig,int8,8.0,False,True,onnx_quantized_p95_latency,0.0006185282021760889,onnx,p95_latency,False,3.0
937,702,210,162,1074,"[702, 210, 162]",elu,model_4,Float8WeightOnlyConfig,float8,8.0,False,True,onnx_quantized_p95_latency,,onnx,p95_latency,False,3.0
938,702,210,162,1074,"[702, 210, 162]",elu,model_4,Int8WeightOnlyConfig,int8,8.0,False,True,onnx_quantized_p99_latency,0.000787581354379654,onnx,p99_latency,False,3.0
939,702,210,162,1074,"[702, 210, 162]",elu,model_4,Float8WeightOnlyConfig,float8,8.0,False,True,onnx_quantized_p99_latency,,onnx,p99_latency,False,3.0
940,702,210,162,1074,"[702, 210, 162]",elu,model_4,Int8WeightOnlyConfig,int8,8.0,False,True,onnx_relative_model_size,2.422758824398169,onnx,model_size,True,3.0
941,702,210,162,1074,"[702, 210, 162]",elu,model_4,Float8WeightOnlyConfig,float8,8.0,False,True,onnx_relative_model_size,,onnx,model_size,True,3.0
942,702,210,162,1074,"[702, 210, 162]",elu,model_4,Int8WeightOnlyConfig,int8,8.0,False,True,onnx_relative_median_latency,1.1049000286592765,onnx,median_latency,True,3.0
943,702,210,162,1074,"[702, 210, 162]",elu,model_4,Float8WeightOnlyConfig,float8,8.0,False,True,onnx_relative_median_latency,,onnx,median_latency,True,3.0
944,702,210,162,1074,"[702, 210, 162]",elu,model_4,Int8WeightOnlyConfig,int8,8.0,False,True,onnx_relative_p95_latency,1.1404122479257008,onnx,p95_latency,True,3.0
945,702,210,162,1074,"[702, 210, 162]",elu,model_4,Float8WeightOnlyConfig,float8,8.0,False,True,onnx_relative_p95_latency,,onnx,p95_latency,True,3.0
946,702,210,162,1074,"[702, 210, 162]",elu,model_4,Int8WeightOnlyConfig,int8,8.0,False,True,onnx_relative_p99_latency,1.436553284727678,onnx,p99_latency,True,3.0
947,702,210,162,1074,"[702, 210, 162]",elu,model_4,Float8WeightOnlyConfig,float8,8.0,False,True,onnx_relative_p99_latency,,onnx,p99_latency,True,3.0
948,702,210,162,1074,"[702, 210, 162]",elu,model_4,Int8WeightOnlyConfig,int8,8.0,False,True,pt2_quantized_model_size,388513.0,pt2,model_size,False,3.0
949,702,210,162,1074,"[702, 210, 162]",elu,model_4,Float8WeightOnlyConfig,float8,8.0,False,True,pt2_quantized_model_size,367713.0,pt2,model_size,False,3.0
950,702,210,162,1074,"[702, 210, 162]",elu,model_4,Int8WeightOnlyConfig,int8,8.0,False,True,pt2_quantized_median_latency,0.0008924007415771484,pt2,median_latency,False,3.0
951,702,210,162,1074,"[702, 210, 162]",elu,model_4,Float8WeightOnlyConfig,float8,8.0,False,True,pt2_quantized_median_latency,0.0007316283881664276,pt2,median_latency,False,3.0
952,702,210,162,1074,"[702, 210, 162]",elu,model_4,Int8WeightOnlyConfig,int8,8.0,False,True,pt2_quantized_p95_latency,0.0009063636884093284,pt2,p95_latency,False,3.0
953,702,210,162,1074,"[702, 210, 162]",elu,model_4,Float8WeightOnlyConfig,float8,8.0,False,True,pt2_quantized_p95_latency,0.0007407840341329574,pt2,p95_latency,False,3.0
954,702,210,162,1074,"[702, 210, 162]",elu,model_4,Int8WeightOnlyConfig,int8,8.0,False,True,pt2_quantized_p99_latency,0.0010236487910151482,pt2,p99_latency,False,3.0
955,702,210,162,1074,"[702, 210, 162]",elu,model_4,Float8WeightOnlyConfig,float8,8.0,False,True,pt2_quantized_p99_latency,0.0008756690099835395,pt2,p99_latency,False,3.0
956,702,210,162,1074,"[702, 210, 162]",elu,model_4,Int8WeightOnlyConfig,int8,8.0,False,True,pt2_relative_model_size,0.3799411477652678,pt2,model_size,True,3.0
957,702,210,162,1074,"[702, 210, 162]",elu,model_4,Float8WeightOnlyConfig,float8,8.0,False,True,pt2_relative_model_size,0.3596000629791279,pt2,model_size,True,3.0
958,702,210,162,1074,"[702, 210, 162]",elu,model_4,Int8WeightOnlyConfig,int8,8.0,False,True,pt2_relative_median_latency,0.9250558485014065,pt2,median_latency,True,3.0
959,702,210,162,1074,"[702, 210, 162]",elu,model_4,Float8WeightOnlyConfig,float8,8.0,False,True,pt2_relative_median_latency,0.7584004448572074,pt2,median_latency,True,3.0
960,702,210,162,1074,"[702, 210, 162]",elu,model_4,Int8WeightOnlyConfig,int8,8.0,False,True,pt2_relative_p95_latency,0.9236209944654902,pt2,p95_latency,True,3.0
961,702,210,162,1074,"[702, 210, 162]",elu,model_4,Float8WeightOnlyConfig,float8,8.0,False,True,pt2_relative_p95_latency,0.7548886777346737,pt2,p95_latency,True,3.0
962,702,210,162,1074,"[702, 210, 162]",elu,model_4,Int8WeightOnlyConfig,int8,8.0,False,True,pt2_relative_p99_latency,0.8968256193303936,pt2,p99_latency,True,3.0
963,702,210,162,1074,"[702, 210, 162]",elu,model_4,Float8WeightOnlyConfig,float8,8.0,False,True,pt2_relative_p99_latency,0.7671795337423488,pt2,p99_latency,True,3.0
964,498,143,153,794,"[498, 143, 153]",elu,model_40,,,,,,,,,,,
965,548,280,90,918,"[548, 280, 90]",gelu,model_41,,,,,,,,,,,
966,177,91,168,436,"[177, 91, 168]",elu,model_42,,,,,,,,,,,
967,284,439,32,755,"[284, 439, 32]",celu,model_43,,,,,,,,,,,
968,893,184,177,1254,"[893, 184, 177]",relu,model_44,,,,,,,,,,,
969,741,381,128,1250,"[741, 381, 128]",gelu,model_45,,,,,,,,,,,
970,441,131,66,638,"[441, 131, 66]",leaky_relu,model_46,,,,,,,,,,,
971,128,231,203,562,"[128, 231, 203]",relu,model_47,,,,,,,,,,,
972,617,64,54,735,"[617, 64, 54]",leaky_relu,model_48,,,,,,,,,,,
973,663,242,160,1065,"[663, 242, 160]",elu,model_49,,,,,,,,,,,
974,799,350,198,1347,"[799, 350, 198]",leaky_relu,model_5,Int8WeightOnlyConfig,int8,8.0,False,True,pytorch_quantized_MAE,7.731608361202036,pytorch,MAE,False,1.0
975,799,350,198,1347,"[799, 350, 198]",leaky_relu,model_5,Float8WeightOnlyConfig,float8,8.0,False,True,pytorch_quantized_MAE,7.794506155536181,pytorch,MAE,False,1.0
976,799,350,198,1347,"[799, 350, 198]",leaky_relu,model_5,Int8WeightOnlyConfig,int8,8.0,False,True,pytorch_relative_MAE,0.9980884339211323,pytorch,MAE,True,1.0
977,799,350,198,1347,"[799, 350, 198]",leaky_relu,model_5,Float8WeightOnlyConfig,float8,8.0,False,True,pytorch_relative_MAE,1.0062080331185108,pytorch,MAE,True,1.0
978,799,350,198,1347,"[799, 350, 198]",leaky_relu,model_5,Int8WeightOnlyConfig,int8,8.0,False,True,pytorch_quantized_model_size,415215.0,pytorch,model_size,False,1.0
979,799,350,198,1347,"[799, 350, 198]",leaky_relu,model_5,Float8WeightOnlyConfig,float8,8.0,False,True,pytorch_quantized_model_size,415215.0,pytorch,model_size,False,1.0
980,799,350,198,1347,"[799, 350, 198]",leaky_relu,model_5,Int8WeightOnlyConfig,int8,8.0,False,True,pytorch_quantized_median_latency,0.0004226323217153549,pytorch,median_latency,False,1.0
981,799,350,198,1347,"[799, 350, 198]",leaky_relu,model_5,Float8WeightOnlyConfig,float8,8.0,False,True,pytorch_quantized_median_latency,0.0005191266536712646,pytorch,median_latency,False,1.0
982,799,350,198,1347,"[799, 350, 198]",leaky_relu,model_5,Int8WeightOnlyConfig,int8,8.0,False,True,pytorch_quantized_p95_latency,0.0004616366699337959,pytorch,p95_latency,False,1.0
983,799,350,198,1347,"[799, 350, 198]",leaky_relu,model_5,Float8WeightOnlyConfig,float8,8.0,False,True,pytorch_quantized_p95_latency,0.0005302179604768753,pytorch,p95_latency,False,1.0
984,799,350,198,1347,"[799, 350, 198]",leaky_relu,model_5,Int8WeightOnlyConfig,int8,8.0,False,True,pytorch_quantized_p99_latency,0.0004684709757566452,pytorch,p99_latency,False,1.0
985,799,350,198,1347,"[799, 350, 198]",leaky_relu,model_5,Float8WeightOnlyConfig,float8,8.0,False,True,pytorch_quantized_p99_latency,0.0005599986016750335,pytorch,p99_latency,False,1.0
986,799,350,198,1347,"[799, 350, 198]",leaky_relu,model_5,Int8WeightOnlyConfig,int8,8.0,False,True,pytorch_relative_model_size,0.25,pytorch,model_size,True,1.0
987,799,350,198,1347,"[799, 350, 198]",leaky_relu,model_5,Float8WeightOnlyConfig,float8,8.0,False,True,pytorch_relative_model_size,0.25,pytorch,model_size,True,1.0
988,799,350,198,1347,"[799, 350, 198]",leaky_relu,model_5,Int8WeightOnlyConfig,int8,8.0,False,True,pytorch_relative_median_latency,2.3533090637543173,pytorch,median_latency,True,1.0
989,799,350,198,1347,"[799, 350, 198]",leaky_relu,model_5,Float8WeightOnlyConfig,float8,8.0,False,True,pytorch_relative_median_latency,2.8906105769729407,pytorch,median_latency,True,1.0
990,799,350,198,1347,"[799, 350, 198]",leaky_relu,model_5,Int8WeightOnlyConfig,int8,8.0,False,True,pytorch_relative_p95_latency,2.3144446820571196,pytorch,p95_latency,True,1.0
991,799,350,198,1347,"[799, 350, 198]",leaky_relu,model_5,Float8WeightOnlyConfig,float8,8.0,False,True,pytorch_relative_p95_latency,2.6582813257293125,pytorch,p95_latency,True,1.0
992,799,350,198,1347,"[799, 350, 198]",leaky_relu,model_5,Int8WeightOnlyConfig,int8,8.0,False,True,pytorch_relative_p99_latency,2.245133980457724,pytorch,p99_latency,True,1.0
993,799,350,198,1347,"[799, 350, 198]",leaky_relu,model_5,Float8WeightOnlyConfig,float8,8.0,False,True,pytorch_relative_p99_latency,2.683777554412544,pytorch,p99_latency,True,1.0
994,799,350,198,1347,"[799, 350, 198]",leaky_relu,model_5,Int8WeightOnlyConfig,int8,8.0,False,True,onnx_quantized_model_size,33113.0,onnx,model_size,False,1.0
995,799,350,198,1347,"[799, 350, 198]",leaky_relu,model_5,Float8WeightOnlyConfig,float8,8.0,False,True,onnx_quantized_model_size,,onnx,model_size,False,1.0
996,799,350,198,1347,"[799, 350, 198]",leaky_relu,model_5,Int8WeightOnlyConfig,int8,8.0,False,True,onnx_quantized_median_latency,0.0006038043648004532,onnx,median_latency,False,1.0
997,799,350,198,1347,"[799, 350, 198]",leaky_relu,model_5,Float8WeightOnlyConfig,float8,8.0,False,True,onnx_quantized_median_latency,,onnx,median_latency,False,1.0
998,799,350,198,1347,"[799, 350, 198]",leaky_relu,model_5,Int8WeightOnlyConfig,int8,8.0,False,True,onnx_quantized_p95_latency,0.0006233887746930122,onnx,p95_latency,False,1.0
999,799,350,198,1347,"[799, 350, 198]",leaky_relu,model_5,Float8WeightOnlyConfig,float8,8.0,False,True,onnx_quantized_p95_latency,,onnx,p95_latency,False,1.0
1000,799,350,198,1347,"[799, 350, 198]",leaky_relu,model_5,Int8WeightOnlyConfig,int8,8.0,False,True,onnx_quantized_p99_latency,0.0006404895335435868,onnx,p99_latency,False,1.0
1001,799,350,198,1347,"[799, 350, 198]",leaky_relu,model_5,Float8WeightOnlyConfig,float8,8.0,False,True,onnx_quantized_p99_latency,,onnx,p99_latency,False,1.0
1002,799,350,198,1347,"[799, 350, 198]",leaky_relu,model_5,Int8WeightOnlyConfig,int8,8.0,False,True,onnx_relative_model_size,2.3903125676748718,onnx,model_size,True,1.0
1003,799,350,198,1347,"[799, 350, 198]",leaky_relu,model_5,Float8WeightOnlyConfig,float8,8.0,False,True,onnx_relative_model_size,,onnx,model_size,True,1.0
1004,799,350,198,1347,"[799, 350, 198]",leaky_relu,model_5,Int8WeightOnlyConfig,int8,8.0,False,True,onnx_relative_median_latency,1.0567932869102574,onnx,median_latency,True,1.0
1005,799,350,198,1347,"[799, 350, 198]",leaky_relu,model_5,Float8WeightOnlyConfig,float8,8.0,False,True,onnx_relative_median_latency,,onnx,median_latency,True,1.0
1006,799,350,198,1347,"[799, 350, 198]",leaky_relu,model_5,Int8WeightOnlyConfig,int8,8.0,False,True,onnx_relative_p95_latency,1.0544467829034838,onnx,p95_latency,True,1.0
1007,799,350,198,1347,"[799, 350, 198]",leaky_relu,model_5,Float8WeightOnlyConfig,float8,8.0,False,True,onnx_relative_p95_latency,,onnx,p95_latency,True,1.0
1008,799,350,198,1347,"[799, 350, 198]",leaky_relu,model_5,Int8WeightOnlyConfig,int8,8.0,False,True,onnx_relative_p99_latency,0.863373019109192,onnx,p99_latency,True,1.0
1009,799,350,198,1347,"[799, 350, 198]",leaky_relu,model_5,Float8WeightOnlyConfig,float8,8.0,False,True,onnx_relative_p99_latency,,onnx,p99_latency,True,1.0
1010,799,350,198,1347,"[799, 350, 198]",leaky_relu,model_5,Int8WeightOnlyConfig,int8,8.0,False,True,pt2_quantized_model_size,566049.0,pt2,model_size,False,1.0
1011,799,350,198,1347,"[799, 350, 198]",leaky_relu,model_5,Float8WeightOnlyConfig,float8,8.0,False,True,pt2_quantized_model_size,545313.0,pt2,model_size,False,1.0
1012,799,350,198,1347,"[799, 350, 198]",leaky_relu,model_5,Int8WeightOnlyConfig,int8,8.0,False,True,pt2_quantized_median_latency,0.0008995123207569122,pt2,median_latency,False,1.0
1013,799,350,198,1347,"[799, 350, 198]",leaky_relu,model_5,Float8WeightOnlyConfig,float8,8.0,False,True,pt2_quantized_median_latency,0.0007155817002058029,pt2,median_latency,False,1.0
1014,799,350,198,1347,"[799, 350, 198]",leaky_relu,model_5,Int8WeightOnlyConfig,int8,8.0,False,True,pt2_quantized_p95_latency,0.0009469795972108841,pt2,p95_latency,False,1.0
1015,799,350,198,1347,"[799, 350, 198]",leaky_relu,model_5,Float8WeightOnlyConfig,float8,8.0,False,True,pt2_quantized_p95_latency,0.0007260594516992569,pt2,p95_latency,False,1.0
1016,799,350,198,1347,"[799, 350, 198]",leaky_relu,model_5,Int8WeightOnlyConfig,int8,8.0,False,True,pt2_quantized_p99_latency,0.001074363589286804,pt2,p99_latency,False,1.0
1017,799,350,198,1347,"[799, 350, 198]",leaky_relu,model_5,Float8WeightOnlyConfig,float8,8.0,False,True,pt2_quantized_p99_latency,0.0008342065289616583,pt2,p99_latency,False,1.0
1018,799,350,198,1347,"[799, 350, 198]",leaky_relu,model_5,Int8WeightOnlyConfig,int8,8.0,False,True,pt2_relative_model_size,0.3280909022935974,pt2,model_size,True,1.0
1019,799,350,198,1347,"[799, 350, 198]",leaky_relu,model_5,Float8WeightOnlyConfig,float8,8.0,False,True,pt2_relative_model_size,0.3160719905916775,pt2,model_size,True,1.0
1020,799,350,198,1347,"[799, 350, 198]",leaky_relu,model_5,Int8WeightOnlyConfig,int8,8.0,False,True,pt2_relative_median_latency,1.0125042456568503,pt2,median_latency,True,1.0
1021,799,350,198,1347,"[799, 350, 198]",leaky_relu,model_5,Float8WeightOnlyConfig,float8,8.0,False,True,pt2_relative_median_latency,0.8054692446714385,pt2,median_latency,True,1.0
1022,799,350,198,1347,"[799, 350, 198]",leaky_relu,model_5,Int8WeightOnlyConfig,int8,8.0,False,True,pt2_relative_p95_latency,1.0167632020715816,pt2,p95_latency,True,1.0
1023,799,350,198,1347,"[799, 350, 198]",leaky_relu,model_5,Float8WeightOnlyConfig,float8,8.0,False,True,pt2_relative_p95_latency,0.7795632927872634,pt2,p95_latency,True,1.0
1024,799,350,198,1347,"[799, 350, 198]",leaky_relu,model_5,Int8WeightOnlyConfig,int8,8.0,False,True,pt2_relative_p99_latency,0.9808186586933474,pt2,p99_latency,True,1.0
1025,799,350,198,1347,"[799, 350, 198]",leaky_relu,model_5,Float8WeightOnlyConfig,float8,8.0,False,True,pt2_relative_p99_latency,0.761572094371289,pt2,p99_latency,True,1.0
1026,799,350,198,1347,"[799, 350, 198]",leaky_relu,model_5,Int8WeightOnlyConfig,int8,8.0,False,True,pytorch_quantized_MAE,7.942769309875546,pytorch,MAE,False,2.0
1027,799,350,198,1347,"[799, 350, 198]",leaky_relu,model_5,Float8WeightOnlyConfig,float8,8.0,False,True,pytorch_quantized_MAE,8.005484594450957,pytorch,MAE,False,2.0
1028,799,350,198,1347,"[799, 350, 198]",leaky_relu,model_5,Int8WeightOnlyConfig,int8,8.0,False,True,pytorch_relative_MAE,0.9985563287155635,pytorch,MAE,True,2.0
1029,799,350,198,1347,"[799, 350, 198]",leaky_relu,model_5,Float8WeightOnlyConfig,float8,8.0,False,True,pytorch_relative_MAE,1.0064408261593092,pytorch,MAE,True,2.0
1030,799,350,198,1347,"[799, 350, 198]",leaky_relu,model_5,Int8WeightOnlyConfig,int8,8.0,False,True,pytorch_quantized_model_size,415215.0,pytorch,model_size,False,2.0
1031,799,350,198,1347,"[799, 350, 198]",leaky_relu,model_5,Float8WeightOnlyConfig,float8,8.0,False,True,pytorch_quantized_model_size,415215.0,pytorch,model_size,False,2.0
1032,799,350,198,1347,"[799, 350, 198]",leaky_relu,model_5,Int8WeightOnlyConfig,int8,8.0,False,True,pytorch_quantized_median_latency,0.0004182998090982437,pytorch,median_latency,False,2.0
1033,799,350,198,1347,"[799, 350, 198]",leaky_relu,model_5,Float8WeightOnlyConfig,float8,8.0,False,True,pytorch_quantized_median_latency,0.0005159545689821243,pytorch,median_latency,False,2.0
1034,799,350,198,1347,"[799, 350, 198]",leaky_relu,model_5,Int8WeightOnlyConfig,int8,8.0,False,True,pytorch_quantized_p95_latency,0.0004285026341676712,pytorch,p95_latency,False,2.0
1035,799,350,198,1347,"[799, 350, 198]",leaky_relu,model_5,Float8WeightOnlyConfig,float8,8.0,False,True,pytorch_quantized_p95_latency,0.0005237570032477379,pytorch,p95_latency,False,2.0
1036,799,350,198,1347,"[799, 350, 198]",leaky_relu,model_5,Int8WeightOnlyConfig,int8,8.0,False,True,pytorch_quantized_p99_latency,0.00043163839727640153,pytorch,p99_latency,False,2.0
1037,799,350,198,1347,"[799, 350, 198]",leaky_relu,model_5,Float8WeightOnlyConfig,float8,8.0,False,True,pytorch_quantized_p99_latency,0.0005261966586112976,pytorch,p99_latency,False,2.0
1038,799,350,198,1347,"[799, 350, 198]",leaky_relu,model_5,Int8WeightOnlyConfig,int8,8.0,False,True,pytorch_relative_model_size,0.25,pytorch,model_size,True,2.0
1039,799,350,198,1347,"[799, 350, 198]",leaky_relu,model_5,Float8WeightOnlyConfig,float8,8.0,False,True,pytorch_relative_model_size,0.25,pytorch,model_size,True,2.0
1040,799,350,198,1347,"[799, 350, 198]",leaky_relu,model_5,Int8WeightOnlyConfig,int8,8.0,False,True,pytorch_relative_median_latency,2.5910375780231445,pytorch,median_latency,True,2.0
1041,799,350,198,1347,"[799, 350, 198]",leaky_relu,model_5,Float8WeightOnlyConfig,float8,8.0,False,True,pytorch_relative_median_latency,3.1959318357504642,pytorch,median_latency,True,2.0
1042,799,350,198,1347,"[799, 350, 198]",leaky_relu,model_5,Int8WeightOnlyConfig,int8,8.0,False,True,pytorch_relative_p95_latency,2.459545105619573,pytorch,p95_latency,True,2.0
1043,799,350,198,1347,"[799, 350, 198]",leaky_relu,model_5,Float8WeightOnlyConfig,float8,8.0,False,True,pytorch_relative_p95_latency,3.006291843162579,pytorch,p95_latency,True,2.0
1044,799,350,198,1347,"[799, 350, 198]",leaky_relu,model_5,Int8WeightOnlyConfig,int8,8.0,False,True,pytorch_relative_p99_latency,2.325651483009386,pytorch,p99_latency,True,2.0
1045,799,350,198,1347,"[799, 350, 198]",leaky_relu,model_5,Float8WeightOnlyConfig,float8,8.0,False,True,pytorch_relative_p99_latency,2.8351278458443403,pytorch,p99_latency,True,2.0
1046,799,350,198,1347,"[799, 350, 198]",leaky_relu,model_5,Int8WeightOnlyConfig,int8,8.0,False,True,onnx_quantized_model_size,33113.0,onnx,model_size,False,2.0
1047,799,350,198,1347,"[799, 350, 198]",leaky_relu,model_5,Float8WeightOnlyConfig,float8,8.0,False,True,onnx_quantized_model_size,,onnx,model_size,False,2.0
1048,799,350,198,1347,"[799, 350, 198]",leaky_relu,model_5,Int8WeightOnlyConfig,int8,8.0,False,True,onnx_quantized_median_latency,0.0006074681878089905,onnx,median_latency,False,2.0
1049,799,350,198,1347,"[799, 350, 198]",leaky_relu,model_5,Float8WeightOnlyConfig,float8,8.0,False,True,onnx_quantized_median_latency,,onnx,median_latency,False,2.0
1050,799,350,198,1347,"[799, 350, 198]",leaky_relu,model_5,Int8WeightOnlyConfig,int8,8.0,False,True,onnx_quantized_p95_latency,0.0010924823582172394,onnx,p95_latency,False,2.0
1051,799,350,198,1347,"[799, 350, 198]",leaky_relu,model_5,Float8WeightOnlyConfig,float8,8.0,False,True,onnx_quantized_p95_latency,,onnx,p95_latency,False,2.0
1052,799,350,198,1347,"[799, 350, 198]",leaky_relu,model_5,Int8WeightOnlyConfig,int8,8.0,False,True,onnx_quantized_p99_latency,0.013731802478432654,onnx,p99_latency,False,2.0
1053,799,350,198,1347,"[799, 350, 198]",leaky_relu,model_5,Float8WeightOnlyConfig,float8,8.0,False,True,onnx_quantized_p99_latency,,onnx,p99_latency,False,2.0
1054,799,350,198,1347,"[799, 350, 198]",leaky_relu,model_5,Int8WeightOnlyConfig,int8,8.0,False,True,onnx_relative_model_size,2.3903125676748718,onnx,model_size,True,2.0
1055,799,350,198,1347,"[799, 350, 198]",leaky_relu,model_5,Float8WeightOnlyConfig,float8,8.0,False,True,onnx_relative_model_size,,onnx,model_size,True,2.0
1056,799,350,198,1347,"[799, 350, 198]",leaky_relu,model_5,Int8WeightOnlyConfig,int8,8.0,False,True,onnx_relative_median_latency,1.056705256438919,onnx,median_latency,True,2.0
1057,799,350,198,1347,"[799, 350, 198]",leaky_relu,model_5,Float8WeightOnlyConfig,float8,8.0,False,True,onnx_relative_median_latency,,onnx,median_latency,True,2.0
1058,799,350,198,1347,"[799, 350, 198]",leaky_relu,model_5,Int8WeightOnlyConfig,int8,8.0,False,True,onnx_relative_p95_latency,1.1188679655603802,onnx,p95_latency,True,2.0
1059,799,350,198,1347,"[799, 350, 198]",leaky_relu,model_5,Float8WeightOnlyConfig,float8,8.0,False,True,onnx_relative_p95_latency,,onnx,p95_latency,True,2.0
1060,799,350,198,1347,"[799, 350, 198]",leaky_relu,model_5,Int8WeightOnlyConfig,int8,8.0,False,True,onnx_relative_p99_latency,0.9945596163159538,onnx,p99_latency,True,2.0
1061,799,350,198,1347,"[799, 350, 198]",leaky_relu,model_5,Float8WeightOnlyConfig,float8,8.0,False,True,onnx_relative_p99_latency,,onnx,p99_latency,True,2.0
1062,799,350,198,1347,"[799, 350, 198]",leaky_relu,model_5,Int8WeightOnlyConfig,int8,8.0,False,True,pt2_quantized_model_size,566049.0,pt2,model_size,False,2.0
1063,799,350,198,1347,"[799, 350, 198]",leaky_relu,model_5,Float8WeightOnlyConfig,float8,8.0,False,True,pt2_quantized_model_size,545313.0,pt2,model_size,False,2.0
1064,799,350,198,1347,"[799, 350, 198]",leaky_relu,model_5,Int8WeightOnlyConfig,int8,8.0,False,True,pt2_quantized_median_latency,0.0008712559938430786,pt2,median_latency,False,2.0
1065,799,350,198,1347,"[799, 350, 198]",leaky_relu,model_5,Float8WeightOnlyConfig,float8,8.0,False,True,pt2_quantized_median_latency,0.0007146876305341721,pt2,median_latency,False,2.0
1066,799,350,198,1347,"[799, 350, 198]",leaky_relu,model_5,Int8WeightOnlyConfig,int8,8.0,False,True,pt2_quantized_p95_latency,0.0008822744712233543,pt2,p95_latency,False,2.0
1067,799,350,198,1347,"[799, 350, 198]",leaky_relu,model_5,Float8WeightOnlyConfig,float8,8.0,False,True,pt2_quantized_p95_latency,0.0007235025987029076,pt2,p95_latency,False,2.0
1068,799,350,198,1347,"[799, 350, 198]",leaky_relu,model_5,Int8WeightOnlyConfig,int8,8.0,False,True,pt2_quantized_p99_latency,0.0009950240328907966,pt2,p99_latency,False,2.0
1069,799,350,198,1347,"[799, 350, 198]",leaky_relu,model_5,Float8WeightOnlyConfig,float8,8.0,False,True,pt2_quantized_p99_latency,0.0008358586207032204,pt2,p99_latency,False,2.0
1070,799,350,198,1347,"[799, 350, 198]",leaky_relu,model_5,Int8WeightOnlyConfig,int8,8.0,False,True,pt2_relative_model_size,0.3280909022935974,pt2,model_size,True,2.0
1071,799,350,198,1347,"[799, 350, 198]",leaky_relu,model_5,Float8WeightOnlyConfig,float8,8.0,False,True,pt2_relative_model_size,0.3160719905916775,pt2,model_size,True,2.0
1072,799,350,198,1347,"[799, 350, 198]",leaky_relu,model_5,Int8WeightOnlyConfig,int8,8.0,False,True,pt2_relative_median_latency,0.9766910620882621,pt2,median_latency,True,2.0
1073,799,350,198,1347,"[799, 350, 198]",leaky_relu,model_5,Float8WeightOnlyConfig,float8,8.0,False,True,pt2_relative_median_latency,0.8011755739536244,pt2,median_latency,True,2.0
1074,799,350,198,1347,"[799, 350, 198]",leaky_relu,model_5,Int8WeightOnlyConfig,int8,8.0,False,True,pt2_relative_p95_latency,0.9596025591157357,pt2,p95_latency,True,2.0
1075,799,350,198,1347,"[799, 350, 198]",leaky_relu,model_5,Float8WeightOnlyConfig,float8,8.0,False,True,pt2_relative_p95_latency,0.7869149203416477,pt2,p95_latency,True,2.0
1076,799,350,198,1347,"[799, 350, 198]",leaky_relu,model_5,Int8WeightOnlyConfig,int8,8.0,False,True,pt2_relative_p99_latency,0.9305161854762061,pt2,p99_latency,True,2.0
1077,799,350,198,1347,"[799, 350, 198]",leaky_relu,model_5,Float8WeightOnlyConfig,float8,8.0,False,True,pt2_relative_p99_latency,0.7816695372417448,pt2,p99_latency,True,2.0
1078,799,350,198,1347,"[799, 350, 198]",leaky_relu,model_5,Int8WeightOnlyConfig,int8,8.0,False,True,pytorch_quantized_MAE,7.897162106389272,pytorch,MAE,False,3.0
1079,799,350,198,1347,"[799, 350, 198]",leaky_relu,model_5,Float8WeightOnlyConfig,float8,8.0,False,True,pytorch_quantized_MAE,7.96396578827335,pytorch,MAE,False,3.0
1080,799,350,198,1347,"[799, 350, 198]",leaky_relu,model_5,Int8WeightOnlyConfig,int8,8.0,False,True,pytorch_relative_MAE,0.9983275353404968,pytorch,MAE,True,3.0
1081,799,350,198,1347,"[799, 350, 198]",leaky_relu,model_5,Float8WeightOnlyConfig,float8,8.0,False,True,pytorch_relative_MAE,1.006772588663265,pytorch,MAE,True,3.0
1082,799,350,198,1347,"[799, 350, 198]",leaky_relu,model_5,Int8WeightOnlyConfig,int8,8.0,False,True,pytorch_quantized_model_size,415215.0,pytorch,model_size,False,3.0
1083,799,350,198,1347,"[799, 350, 198]",leaky_relu,model_5,Float8WeightOnlyConfig,float8,8.0,False,True,pytorch_quantized_model_size,415215.0,pytorch,model_size,False,3.0
1084,799,350,198,1347,"[799, 350, 198]",leaky_relu,model_5,Int8WeightOnlyConfig,int8,8.0,False,True,pytorch_quantized_median_latency,0.0004932563751935959,pytorch,median_latency,False,3.0
1085,799,350,198,1347,"[799, 350, 198]",leaky_relu,model_5,Float8WeightOnlyConfig,float8,8.0,False,True,pytorch_quantized_median_latency,0.0005445629358291626,pytorch,median_latency,False,3.0
1086,799,350,198,1347,"[799, 350, 198]",leaky_relu,model_5,Int8WeightOnlyConfig,int8,8.0,False,True,pytorch_quantized_p95_latency,0.0005035296082496644,pytorch,p95_latency,False,3.0
1087,799,350,198,1347,"[799, 350, 198]",leaky_relu,model_5,Float8WeightOnlyConfig,float8,8.0,False,True,pytorch_quantized_p95_latency,0.0005516791716217995,pytorch,p95_latency,False,3.0
1088,799,350,198,1347,"[799, 350, 198]",leaky_relu,model_5,Int8WeightOnlyConfig,int8,8.0,False,True,pytorch_quantized_p99_latency,0.0005079538747668266,pytorch,p99_latency,False,3.0
1089,799,350,198,1347,"[799, 350, 198]",leaky_relu,model_5,Float8WeightOnlyConfig,float8,8.0,False,True,pytorch_quantized_p99_latency,0.0005564664676785469,pytorch,p99_latency,False,3.0
1090,799,350,198,1347,"[799, 350, 198]",leaky_relu,model_5,Int8WeightOnlyConfig,int8,8.0,False,True,pytorch_relative_model_size,0.25,pytorch,model_size,True,3.0
1091,799,350,198,1347,"[799, 350, 198]",leaky_relu,model_5,Float8WeightOnlyConfig,float8,8.0,False,True,pytorch_relative_model_size,0.25,pytorch,model_size,True,3.0
1092,799,350,198,1347,"[799, 350, 198]",leaky_relu,model_5,Int8WeightOnlyConfig,int8,8.0,False,True,pytorch_relative_median_latency,2.777702022321054,pytorch,median_latency,True,3.0
1093,799,350,198,1347,"[799, 350, 198]",leaky_relu,model_5,Float8WeightOnlyConfig,float8,8.0,False,True,pytorch_relative_median_latency,3.066627506922883,pytorch,median_latency,True,3.0
1094,799,350,198,1347,"[799, 350, 198]",leaky_relu,model_5,Int8WeightOnlyConfig,int8,8.0,False,True,pytorch_relative_p95_latency,1.7999419395905412,pytorch,p95_latency,True,3.0
1095,799,350,198,1347,"[799, 350, 198]",leaky_relu,model_5,Float8WeightOnlyConfig,float8,8.0,False,True,pytorch_relative_p95_latency,1.9720597596085983,pytorch,p95_latency,True,3.0
1096,799,350,198,1347,"[799, 350, 198]",leaky_relu,model_5,Int8WeightOnlyConfig,int8,8.0,False,True,pytorch_relative_p99_latency,1.7146425041434763,pytorch,p99_latency,True,3.0
1097,799,350,198,1347,"[799, 350, 198]",leaky_relu,model_5,Float8WeightOnlyConfig,float8,8.0,False,True,pytorch_relative_p99_latency,1.8784009828652484,pytorch,p99_latency,True,3.0
1098,799,350,198,1347,"[799, 350, 198]",leaky_relu,model_5,Int8WeightOnlyConfig,int8,8.0,False,True,onnx_quantized_model_size,33113.0,onnx,model_size,False,3.0
1099,799,350,198,1347,"[799, 350, 198]",leaky_relu,model_5,Float8WeightOnlyConfig,float8,8.0,False,True,onnx_quantized_model_size,,onnx,model_size,False,3.0
1100,799,350,198,1347,"[799, 350, 198]",leaky_relu,model_5,Int8WeightOnlyConfig,int8,8.0,False,True,onnx_quantized_median_latency,0.0006411131471395493,onnx,median_latency,False,3.0
1101,799,350,198,1347,"[799, 350, 198]",leaky_relu,model_5,Float8WeightOnlyConfig,float8,8.0,False,True,onnx_quantized_median_latency,,onnx,median_latency,False,3.0
1102,799,350,198,1347,"[799, 350, 198]",leaky_relu,model_5,Int8WeightOnlyConfig,int8,8.0,False,True,onnx_quantized_p95_latency,0.0006644170731306076,onnx,p95_latency,False,3.0
1103,799,350,198,1347,"[799, 350, 198]",leaky_relu,model_5,Float8WeightOnlyConfig,float8,8.0,False,True,onnx_quantized_p95_latency,,onnx,p95_latency,False,3.0
1104,799,350,198,1347,"[799, 350, 198]",leaky_relu,model_5,Int8WeightOnlyConfig,int8,8.0,False,True,onnx_quantized_p99_latency,0.0006751161813735962,onnx,p99_latency,False,3.0
1105,799,350,198,1347,"[799, 350, 198]",leaky_relu,model_5,Float8WeightOnlyConfig,float8,8.0,False,True,onnx_quantized_p99_latency,,onnx,p99_latency,False,3.0
1106,799,350,198,1347,"[799, 350, 198]",leaky_relu,model_5,Int8WeightOnlyConfig,int8,8.0,False,True,onnx_relative_model_size,2.3903125676748718,onnx,model_size,True,3.0
1107,799,350,198,1347,"[799, 350, 198]",leaky_relu,model_5,Float8WeightOnlyConfig,float8,8.0,False,True,onnx_relative_model_size,,onnx,model_size,True,3.0
1108,799,350,198,1347,"[799, 350, 198]",leaky_relu,model_5,Int8WeightOnlyConfig,int8,8.0,False,True,onnx_relative_median_latency,1.1257694395928592,onnx,median_latency,True,3.0
1109,799,350,198,1347,"[799, 350, 198]",leaky_relu,model_5,Float8WeightOnlyConfig,float8,8.0,False,True,onnx_relative_median_latency,,onnx,median_latency,True,3.0
1110,799,350,198,1347,"[799, 350, 198]",leaky_relu,model_5,Int8WeightOnlyConfig,int8,8.0,False,True,onnx_relative_p95_latency,1.1390792554823823,onnx,p95_latency,True,3.0
1111,799,350,198,1347,"[799, 350, 198]",leaky_relu,model_5,Float8WeightOnlyConfig,float8,8.0,False,True,onnx_relative_p95_latency,,onnx,p95_latency,True,3.0
1112,799,350,198,1347,"[799, 350, 198]",leaky_relu,model_5,Int8WeightOnlyConfig,int8,8.0,False,True,onnx_relative_p99_latency,1.1438666067797902,onnx,p99_latency,True,3.0
1113,799,350,198,1347,"[799, 350, 198]",leaky_relu,model_5,Float8WeightOnlyConfig,float8,8.0,False,True,onnx_relative_p99_latency,,onnx,p99_latency,True,3.0
1114,799,350,198,1347,"[799, 350, 198]",leaky_relu,model_5,Int8WeightOnlyConfig,int8,8.0,False,True,pt2_quantized_model_size,566049.0,pt2,model_size,False,3.0
1115,799,350,198,1347,"[799, 350, 198]",leaky_relu,model_5,Float8WeightOnlyConfig,float8,8.0,False,True,pt2_quantized_model_size,545313.0,pt2,model_size,False,3.0
1116,799,350,198,1347,"[799, 350, 198]",leaky_relu,model_5,Int8WeightOnlyConfig,int8,8.0,False,True,pt2_quantized_median_latency,0.0009068679064512253,pt2,median_latency,False,3.0
1117,799,350,198,1347,"[799, 350, 198]",leaky_relu,model_5,Float8WeightOnlyConfig,float8,8.0,False,True,pt2_quantized_median_latency,0.0007432717829942703,pt2,median_latency,False,3.0
1118,799,350,198,1347,"[799, 350, 198]",leaky_relu,model_5,Int8WeightOnlyConfig,int8,8.0,False,True,pt2_quantized_p95_latency,0.0009223107248544693,pt2,p95_latency,False,3.0
1119,799,350,198,1347,"[799, 350, 198]",leaky_relu,model_5,Float8WeightOnlyConfig,float8,8.0,False,True,pt2_quantized_p95_latency,0.000771855004131794,pt2,p95_latency,False,3.0
1120,799,350,198,1347,"[799, 350, 198]",leaky_relu,model_5,Int8WeightOnlyConfig,int8,8.0,False,True,pt2_quantized_p99_latency,0.0010474274307489394,pt2,p99_latency,False,3.0
1121,799,350,198,1347,"[799, 350, 198]",leaky_relu,model_5,Float8WeightOnlyConfig,float8,8.0,False,True,pt2_quantized_p99_latency,0.0008810086548328397,pt2,p99_latency,False,3.0
1122,799,350,198,1347,"[799, 350, 198]",leaky_relu,model_5,Int8WeightOnlyConfig,int8,8.0,False,True,pt2_relative_model_size,0.3280909022935974,pt2,model_size,True,3.0
1123,799,350,198,1347,"[799, 350, 198]",leaky_relu,model_5,Float8WeightOnlyConfig,float8,8.0,False,True,pt2_relative_model_size,0.3160719905916775,pt2,model_size,True,3.0
1124,799,350,198,1347,"[799, 350, 198]",leaky_relu,model_5,Int8WeightOnlyConfig,int8,8.0,False,True,pt2_relative_median_latency,0.9923323543259422,pt2,median_latency,True,3.0
1125,799,350,198,1347,"[799, 350, 198]",leaky_relu,model_5,Float8WeightOnlyConfig,float8,8.0,False,True,pt2_relative_median_latency,0.8133187127649384,pt2,median_latency,True,3.0
1126,799,350,198,1347,"[799, 350, 198]",leaky_relu,model_5,Int8WeightOnlyConfig,int8,8.0,False,True,pt2_relative_p95_latency,0.9984026744415813,pt2,p95_latency,True,3.0
1127,799,350,198,1347,"[799, 350, 198]",leaky_relu,model_5,Float8WeightOnlyConfig,float8,8.0,False,True,pt2_relative_p95_latency,0.8355341422793243,pt2,p95_latency,True,3.0
1128,799,350,198,1347,"[799, 350, 198]",leaky_relu,model_5,Int8WeightOnlyConfig,int8,8.0,False,True,pt2_relative_p99_latency,0.9693256516773062,pt2,p99_latency,True,3.0
1129,799,350,198,1347,"[799, 350, 198]",leaky_relu,model_5,Float8WeightOnlyConfig,float8,8.0,False,True,pt2_relative_p99_latency,0.8153159478252036,pt2,p99_latency,True,3.0
1130,128,64,98,290,"[128, 64, 98]",gelu,model_50,,,,,,,,,,,
1131,394,365,171,930,"[394, 365, 171]",gelu,model_51,,,,,,,,,,,
1132,781,118,32,931,"[781, 118, 32]",gelu,model_52,,,,,,,,,,,
1133,849,426,58,1333,"[849, 426, 58]",leaky_relu,model_53,,,,,,,,,,,
1134,322,169,136,627,"[322, 169, 136]",relu,model_54,,,,,,,,,,,
1135,222,297,48,567,"[222, 297, 48]",relu,model_55,,,,,,,,,,,
1136,510,101,209,820,"[510, 101, 209]",relu,model_56,,,,,,,,,,,
1137,459,357,33,849,"[459, 357, 33]",celu,model_57,,,,,,,,,,,
1138,158,154,224,536,"[158, 154, 224]",relu,model_58,,,,,,,,,,,
1139,276,255,73,604,"[276, 255, 73]",celu,model_59,,,,,,,,,,,
1140,260,147,49,456,"[260, 147, 49]",leaky_relu,model_6,Int8WeightOnlyConfig,int8,8.0,False,True,pytorch_quantized_MAE,8.234337097053134,pytorch,MAE,False,1.0
1141,260,147,49,456,"[260, 147, 49]",leaky_relu,model_6,Float8WeightOnlyConfig,float8,8.0,False,True,pytorch_quantized_MAE,8.178871036360876,pytorch,MAE,False,1.0
1142,260,147,49,456,"[260, 147, 49]",leaky_relu,model_6,Int8WeightOnlyConfig,int8,8.0,False,True,pytorch_relative_MAE,0.9989801643570465,pytorch,MAE,True,1.0
1143,260,147,49,456,"[260, 147, 49]",leaky_relu,model_6,Float8WeightOnlyConfig,float8,8.0,False,True,pytorch_relative_MAE,0.9922510866215214,pytorch,MAE,True,1.0
1144,260,147,49,456,"[260, 147, 49]",leaky_relu,model_6,Int8WeightOnlyConfig,int8,8.0,False,True,pytorch_quantized_model_size,66989.0,pytorch,model_size,False,1.0
1145,260,147,49,456,"[260, 147, 49]",leaky_relu,model_6,Float8WeightOnlyConfig,float8,8.0,False,True,pytorch_quantized_model_size,66989.0,pytorch,model_size,False,1.0
1146,260,147,49,456,"[260, 147, 49]",leaky_relu,model_6,Int8WeightOnlyConfig,int8,8.0,False,True,pytorch_quantized_median_latency,0.000437367707490921,pytorch,median_latency,False,1.0
1147,260,147,49,456,"[260, 147, 49]",leaky_relu,model_6,Float8WeightOnlyConfig,float8,8.0,False,True,pytorch_quantized_median_latency,0.0005329158157110214,pytorch,median_latency,False,1.0
1148,260,147,49,456,"[260, 147, 49]",leaky_relu,model_6,Int8WeightOnlyConfig,int8,8.0,False,True,pytorch_quantized_p95_latency,0.000447646901011467,pytorch,p95_latency,False,1.0
1149,260,147,49,456,"[260, 147, 49]",leaky_relu,model_6,Float8WeightOnlyConfig,float8,8.0,False,True,pytorch_quantized_p95_latency,0.0005944829434156417,pytorch,p95_latency,False,1.0
1150,260,147,49,456,"[260, 147, 49]",leaky_relu,model_6,Int8WeightOnlyConfig,int8,8.0,False,True,pytorch_quantized_p99_latency,0.00045000743120908736,pytorch,p99_latency,False,1.0
1151,260,147,49,456,"[260, 147, 49]",leaky_relu,model_6,Float8WeightOnlyConfig,float8,8.0,False,True,pytorch_quantized_p99_latency,0.0005987428128719329,pytorch,p99_latency,False,1.0
1152,260,147,49,456,"[260, 147, 49]",leaky_relu,model_6,Int8WeightOnlyConfig,int8,8.0,False,True,pytorch_relative_model_size,0.25,pytorch,model_size,True,1.0
1153,260,147,49,456,"[260, 147, 49]",leaky_relu,model_6,Float8WeightOnlyConfig,float8,8.0,False,True,pytorch_relative_model_size,0.25,pytorch,model_size,True,1.0
1154,260,147,49,456,"[260, 147, 49]",leaky_relu,model_6,Int8WeightOnlyConfig,int8,8.0,False,True,pytorch_relative_median_latency,2.728920913475507,pytorch,median_latency,True,1.0
1155,260,147,49,456,"[260, 147, 49]",leaky_relu,model_6,Float8WeightOnlyConfig,float8,8.0,False,True,pytorch_relative_median_latency,3.3250857109651926,pytorch,median_latency,True,1.0
1156,260,147,49,456,"[260, 147, 49]",leaky_relu,model_6,Int8WeightOnlyConfig,int8,8.0,False,True,pytorch_relative_p95_latency,2.627903416633316,pytorch,p95_latency,True,1.0
1157,260,147,49,456,"[260, 147, 49]",leaky_relu,model_6,Float8WeightOnlyConfig,float8,8.0,False,True,pytorch_relative_p95_latency,3.48990187266409,pytorch,p95_latency,True,1.0
1158,260,147,49,456,"[260, 147, 49]",leaky_relu,model_6,Int8WeightOnlyConfig,int8,8.0,False,True,pytorch_relative_p99_latency,2.6014944633314427,pytorch,p99_latency,True,1.0
1159,260,147,49,456,"[260, 147, 49]",leaky_relu,model_6,Float8WeightOnlyConfig,float8,8.0,False,True,pytorch_relative_p99_latency,3.461334201661453,pytorch,p99_latency,True,1.0
1160,260,147,49,456,"[260, 147, 49]",leaky_relu,model_6,Int8WeightOnlyConfig,int8,8.0,False,True,onnx_quantized_model_size,32230.0,onnx,model_size,False,1.0
1161,260,147,49,456,"[260, 147, 49]",leaky_relu,model_6,Float8WeightOnlyConfig,float8,8.0,False,True,onnx_quantized_model_size,,onnx,model_size,False,1.0
1162,260,147,49,456,"[260, 147, 49]",leaky_relu,model_6,Int8WeightOnlyConfig,int8,8.0,False,True,onnx_quantized_median_latency,0.0002568252384662628,onnx,median_latency,False,1.0
1163,260,147,49,456,"[260, 147, 49]",leaky_relu,model_6,Float8WeightOnlyConfig,float8,8.0,False,True,onnx_quantized_median_latency,,onnx,median_latency,False,1.0
1164,260,147,49,456,"[260, 147, 49]",leaky_relu,model_6,Int8WeightOnlyConfig,int8,8.0,False,True,onnx_quantized_p95_latency,0.00026898439973592757,onnx,p95_latency,False,1.0
1165,260,147,49,456,"[260, 147, 49]",leaky_relu,model_6,Float8WeightOnlyConfig,float8,8.0,False,True,onnx_quantized_p95_latency,,onnx,p95_latency,False,1.0
1166,260,147,49,456,"[260, 147, 49]",leaky_relu,model_6,Int8WeightOnlyConfig,int8,8.0,False,True,onnx_quantized_p99_latency,0.00027569301426410675,onnx,p99_latency,False,1.0
1167,260,147,49,456,"[260, 147, 49]",leaky_relu,model_6,Float8WeightOnlyConfig,float8,8.0,False,True,onnx_quantized_p99_latency,,onnx,p99_latency,False,1.0
1168,260,147,49,456,"[260, 147, 49]",leaky_relu,model_6,Int8WeightOnlyConfig,int8,8.0,False,True,onnx_relative_model_size,2.2848433290798242,onnx,model_size,True,1.0
1169,260,147,49,456,"[260, 147, 49]",leaky_relu,model_6,Float8WeightOnlyConfig,float8,8.0,False,True,onnx_relative_model_size,,onnx,model_size,True,1.0
1170,260,147,49,456,"[260, 147, 49]",leaky_relu,model_6,Int8WeightOnlyConfig,int8,8.0,False,True,onnx_relative_median_latency,1.2738426289483653,onnx,median_latency,True,1.0
1171,260,147,49,456,"[260, 147, 49]",leaky_relu,model_6,Float8WeightOnlyConfig,float8,8.0,False,True,onnx_relative_median_latency,,onnx,median_latency,True,1.0
1172,260,147,49,456,"[260, 147, 49]",leaky_relu,model_6,Int8WeightOnlyConfig,int8,8.0,False,True,onnx_relative_p95_latency,1.19869795795382,onnx,p95_latency,True,1.0
1173,260,147,49,456,"[260, 147, 49]",leaky_relu,model_6,Float8WeightOnlyConfig,float8,8.0,False,True,onnx_relative_p95_latency,,onnx,p95_latency,True,1.0
1174,260,147,49,456,"[260, 147, 49]",leaky_relu,model_6,Int8WeightOnlyConfig,int8,8.0,False,True,onnx_relative_p99_latency,1.1591737678788594,onnx,p99_latency,True,1.0
1175,260,147,49,456,"[260, 147, 49]",leaky_relu,model_6,Float8WeightOnlyConfig,float8,8.0,False,True,onnx_relative_p99_latency,,onnx,p99_latency,True,1.0
1176,260,147,49,456,"[260, 147, 49]",leaky_relu,model_6,Int8WeightOnlyConfig,int8,8.0,False,True,pt2_quantized_model_size,211681.0,pt2,model_size,False,1.0
1177,260,147,49,456,"[260, 147, 49]",leaky_relu,model_6,Float8WeightOnlyConfig,float8,8.0,False,True,pt2_quantized_model_size,190881.0,pt2,model_size,False,1.0
1178,260,147,49,456,"[260, 147, 49]",leaky_relu,model_6,Int8WeightOnlyConfig,int8,8.0,False,True,pt2_quantized_median_latency,0.0009021423757076263,pt2,median_latency,False,1.0
1179,260,147,49,456,"[260, 147, 49]",leaky_relu,model_6,Float8WeightOnlyConfig,float8,8.0,False,True,pt2_quantized_median_latency,0.0007393341511487961,pt2,median_latency,False,1.0
1180,260,147,49,456,"[260, 147, 49]",leaky_relu,model_6,Int8WeightOnlyConfig,int8,8.0,False,True,pt2_quantized_p95_latency,0.0009162940084934234,pt2,p95_latency,False,1.0
1181,260,147,49,456,"[260, 147, 49]",leaky_relu,model_6,Float8WeightOnlyConfig,float8,8.0,False,True,pt2_quantized_p95_latency,0.000752902403473854,pt2,p95_latency,False,1.0
1182,260,147,49,456,"[260, 147, 49]",leaky_relu,model_6,Int8WeightOnlyConfig,int8,8.0,False,True,pt2_quantized_p99_latency,0.0011004537343978881,pt2,p99_latency,False,1.0
1183,260,147,49,456,"[260, 147, 49]",leaky_relu,model_6,Float8WeightOnlyConfig,float8,8.0,False,True,pt2_quantized_p99_latency,0.0008934896066784857,pt2,p99_latency,False,1.0
1184,260,147,49,456,"[260, 147, 49]",leaky_relu,model_6,Int8WeightOnlyConfig,int8,8.0,False,True,pt2_relative_model_size,0.6369775006695334,pt2,model_size,True,1.0
1185,260,147,49,456,"[260, 147, 49]",leaky_relu,model_6,Float8WeightOnlyConfig,float8,8.0,False,True,pt2_relative_model_size,0.5743874145780736,pt2,model_size,True,1.0
1186,260,147,49,456,"[260, 147, 49]",leaky_relu,model_6,Int8WeightOnlyConfig,int8,8.0,False,True,pt2_relative_median_latency,1.8815590631325,pt2,median_latency,True,1.0
1187,260,147,49,456,"[260, 147, 49]",leaky_relu,model_6,Float8WeightOnlyConfig,float8,8.0,False,True,pt2_relative_median_latency,1.5419970397535459,pt2,median_latency,True,1.0
1188,260,147,49,456,"[260, 147, 49]",leaky_relu,model_6,Int8WeightOnlyConfig,int8,8.0,False,True,pt2_relative_p95_latency,1.8618645078146732,pt2,p95_latency,True,1.0
1189,260,147,49,456,"[260, 147, 49]",leaky_relu,model_6,Float8WeightOnlyConfig,float8,8.0,False,True,pt2_relative_p95_latency,1.5298607759982892,pt2,p95_latency,True,1.0
1190,260,147,49,456,"[260, 147, 49]",leaky_relu,model_6,Int8WeightOnlyConfig,int8,8.0,False,True,pt2_relative_p99_latency,1.7225800003288871,pt2,p99_latency,True,1.0
1191,260,147,49,456,"[260, 147, 49]",leaky_relu,model_6,Float8WeightOnlyConfig,float8,8.0,False,True,pt2_relative_p99_latency,1.3986115716243208,pt2,p99_latency,True,1.0
1192,260,147,49,456,"[260, 147, 49]",leaky_relu,model_6,Int8WeightOnlyConfig,int8,8.0,False,True,pytorch_quantized_MAE,8.022084843518032,pytorch,MAE,False,2.0
1193,260,147,49,456,"[260, 147, 49]",leaky_relu,model_6,Float8WeightOnlyConfig,float8,8.0,False,True,pytorch_quantized_MAE,7.958053520683511,pytorch,MAE,False,2.0
1194,260,147,49,456,"[260, 147, 49]",leaky_relu,model_6,Int8WeightOnlyConfig,int8,8.0,False,True,pytorch_relative_MAE,0.9984336467699363,pytorch,MAE,True,2.0
1195,260,147,49,456,"[260, 147, 49]",leaky_relu,model_6,Float8WeightOnlyConfig,float8,8.0,False,True,pytorch_relative_MAE,0.9904642686827884,pytorch,MAE,True,2.0
1196,260,147,49,456,"[260, 147, 49]",leaky_relu,model_6,Int8WeightOnlyConfig,int8,8.0,False,True,pytorch_quantized_model_size,66989.0,pytorch,model_size,False,2.0
1197,260,147,49,456,"[260, 147, 49]",leaky_relu,model_6,Float8WeightOnlyConfig,float8,8.0,False,True,pytorch_quantized_model_size,66989.0,pytorch,model_size,False,2.0
1198,260,147,49,456,"[260, 147, 49]",leaky_relu,model_6,Int8WeightOnlyConfig,int8,8.0,False,True,pytorch_quantized_median_latency,0.00042883679270744324,pytorch,median_latency,False,2.0
1199,260,147,49,456,"[260, 147, 49]",leaky_relu,model_6,Float8WeightOnlyConfig,float8,8.0,False,True,pytorch_quantized_median_latency,0.0005364213138818741,pytorch,median_latency,False,2.0
1200,260,147,49,456,"[260, 147, 49]",leaky_relu,model_6,Int8WeightOnlyConfig,int8,8.0,False,True,pytorch_quantized_p95_latency,0.0004410538822412491,pytorch,p95_latency,False,2.0
1201,260,147,49,456,"[260, 147, 49]",leaky_relu,model_6,Float8WeightOnlyConfig,float8,8.0,False,True,pytorch_quantized_p95_latency,0.0005455935373902321,pytorch,p95_latency,False,2.0
1202,260,147,49,456,"[260, 147, 49]",leaky_relu,model_6,Int8WeightOnlyConfig,int8,8.0,False,True,pytorch_quantized_p99_latency,0.0004425478726625442,pytorch,p99_latency,False,2.0
1203,260,147,49,456,"[260, 147, 49]",leaky_relu,model_6,Float8WeightOnlyConfig,float8,8.0,False,True,pytorch_quantized_p99_latency,0.0005637702718377112,pytorch,p99_latency,False,2.0
1204,260,147,49,456,"[260, 147, 49]",leaky_relu,model_6,Int8WeightOnlyConfig,int8,8.0,False,True,pytorch_relative_model_size,0.25,pytorch,model_size,True,2.0
1205,260,147,49,456,"[260, 147, 49]",leaky_relu,model_6,Float8WeightOnlyConfig,float8,8.0,False,True,pytorch_relative_model_size,0.25,pytorch,model_size,True,2.0
1206,260,147,49,456,"[260, 147, 49]",leaky_relu,model_6,Int8WeightOnlyConfig,int8,8.0,False,True,pytorch_relative_median_latency,2.653183520599251,pytorch,median_latency,True,2.0
1207,260,147,49,456,"[260, 147, 49]",leaky_relu,model_6,Float8WeightOnlyConfig,float8,8.0,False,True,pytorch_relative_median_latency,3.318801498127341,pytorch,median_latency,True,2.0
1208,260,147,49,456,"[260, 147, 49]",leaky_relu,model_6,Int8WeightOnlyConfig,int8,8.0,False,True,pytorch_relative_p95_latency,2.565402937566156,pytorch,p95_latency,True,2.0
1209,260,147,49,456,"[260, 147, 49]",leaky_relu,model_6,Float8WeightOnlyConfig,float8,8.0,False,True,pytorch_relative_p95_latency,3.173460930500136,pytorch,p95_latency,True,2.0
1210,260,147,49,456,"[260, 147, 49]",leaky_relu,model_6,Int8WeightOnlyConfig,int8,8.0,False,True,pytorch_relative_p99_latency,2.5117587707650753,pytorch,p99_latency,True,2.0
1211,260,147,49,456,"[260, 147, 49]",leaky_relu,model_6,Float8WeightOnlyConfig,float8,8.0,False,True,pytorch_relative_p99_latency,3.199777950497042,pytorch,p99_latency,True,2.0
1212,260,147,49,456,"[260, 147, 49]",leaky_relu,model_6,Int8WeightOnlyConfig,int8,8.0,False,True,onnx_quantized_model_size,32230.0,onnx,model_size,False,2.0
1213,260,147,49,456,"[260, 147, 49]",leaky_relu,model_6,Float8WeightOnlyConfig,float8,8.0,False,True,onnx_quantized_model_size,,onnx,model_size,False,2.0
1214,260,147,49,456,"[260, 147, 49]",leaky_relu,model_6,Int8WeightOnlyConfig,int8,8.0,False,True,onnx_quantized_median_latency,0.00023104436695575714,onnx,median_latency,False,2.0
1215,260,147,49,456,"[260, 147, 49]",leaky_relu,model_6,Float8WeightOnlyConfig,float8,8.0,False,True,onnx_quantized_median_latency,,onnx,median_latency,False,2.0
1216,260,147,49,456,"[260, 147, 49]",leaky_relu,model_6,Int8WeightOnlyConfig,int8,8.0,False,True,onnx_quantized_p95_latency,0.00024458207190036774,onnx,p95_latency,False,2.0
1217,260,147,49,456,"[260, 147, 49]",leaky_relu,model_6,Float8WeightOnlyConfig,float8,8.0,False,True,onnx_quantized_p95_latency,,onnx,p95_latency,False,2.0
1218,260,147,49,456,"[260, 147, 49]",leaky_relu,model_6,Int8WeightOnlyConfig,int8,8.0,False,True,onnx_quantized_p99_latency,0.0002503564208745956,onnx,p99_latency,False,2.0
1219,260,147,49,456,"[260, 147, 49]",leaky_relu,model_6,Float8WeightOnlyConfig,float8,8.0,False,True,onnx_quantized_p99_latency,,onnx,p99_latency,False,2.0
1220,260,147,49,456,"[260, 147, 49]",leaky_relu,model_6,Int8WeightOnlyConfig,int8,8.0,False,True,onnx_relative_model_size,2.2848433290798242,onnx,model_size,True,2.0
1221,260,147,49,456,"[260, 147, 49]",leaky_relu,model_6,Float8WeightOnlyConfig,float8,8.0,False,True,onnx_relative_model_size,,onnx,model_size,True,2.0
1222,260,147,49,456,"[260, 147, 49]",leaky_relu,model_6,Int8WeightOnlyConfig,int8,8.0,False,True,onnx_relative_median_latency,1.23518516674467,onnx,median_latency,True,2.0
1223,260,147,49,456,"[260, 147, 49]",leaky_relu,model_6,Float8WeightOnlyConfig,float8,8.0,False,True,onnx_relative_median_latency,,onnx,median_latency,True,2.0
1224,260,147,49,456,"[260, 147, 49]",leaky_relu,model_6,Int8WeightOnlyConfig,int8,8.0,False,True,onnx_relative_p95_latency,1.1647425634111401,onnx,p95_latency,True,2.0
1225,260,147,49,456,"[260, 147, 49]",leaky_relu,model_6,Float8WeightOnlyConfig,float8,8.0,False,True,onnx_relative_p95_latency,,onnx,p95_latency,True,2.0
1226,260,147,49,456,"[260, 147, 49]",leaky_relu,model_6,Int8WeightOnlyConfig,int8,8.0,False,True,onnx_relative_p99_latency,1.1620846390051567,onnx,p99_latency,True,2.0
1227,260,147,49,456,"[260, 147, 49]",leaky_relu,model_6,Float8WeightOnlyConfig,float8,8.0,False,True,onnx_relative_p99_latency,,onnx,p99_latency,True,2.0
1228,260,147,49,456,"[260, 147, 49]",leaky_relu,model_6,Int8WeightOnlyConfig,int8,8.0,False,True,pt2_quantized_model_size,211681.0,pt2,model_size,False,2.0
1229,260,147,49,456,"[260, 147, 49]",leaky_relu,model_6,Float8WeightOnlyConfig,float8,8.0,False,True,pt2_quantized_model_size,190881.0,pt2,model_size,False,2.0
1230,260,147,49,456,"[260, 147, 49]",leaky_relu,model_6,Int8WeightOnlyConfig,int8,8.0,False,True,pt2_quantized_median_latency,0.000887630507349968,pt2,median_latency,False,2.0
1231,260,147,49,456,"[260, 147, 49]",leaky_relu,model_6,Float8WeightOnlyConfig,float8,8.0,False,True,pt2_quantized_median_latency,0.0007343441247940063,pt2,median_latency,False,2.0
1232,260,147,49,456,"[260, 147, 49]",leaky_relu,model_6,Int8WeightOnlyConfig,int8,8.0,False,True,pt2_quantized_p95_latency,0.0009047731757164002,pt2,p95_latency,False,2.0
1233,260,147,49,456,"[260, 147, 49]",leaky_relu,model_6,Float8WeightOnlyConfig,float8,8.0,False,True,pt2_quantized_p95_latency,0.000751376710832119,pt2,p95_latency,False,2.0
1234,260,147,49,456,"[260, 147, 49]",leaky_relu,model_6,Int8WeightOnlyConfig,int8,8.0,False,True,pt2_quantized_p99_latency,0.001024261713027954,pt2,p99_latency,False,2.0
1235,260,147,49,456,"[260, 147, 49]",leaky_relu,model_6,Float8WeightOnlyConfig,float8,8.0,False,True,pt2_quantized_p99_latency,0.0009356360509991645,pt2,p99_latency,False,2.0
1236,260,147,49,456,"[260, 147, 49]",leaky_relu,model_6,Int8WeightOnlyConfig,int8,8.0,False,True,pt2_relative_model_size,0.6369775006695334,pt2,model_size,True,2.0
1237,260,147,49,456,"[260, 147, 49]",leaky_relu,model_6,Float8WeightOnlyConfig,float8,8.0,False,True,pt2_relative_model_size,0.5743874145780736,pt2,model_size,True,2.0
1238,260,147,49,456,"[260, 147, 49]",leaky_relu,model_6,Int8WeightOnlyConfig,int8,8.0,False,True,pt2_relative_median_latency,1.82958554892212,pt2,median_latency,True,2.0
1239,260,147,49,456,"[260, 147, 49]",leaky_relu,model_6,Float8WeightOnlyConfig,float8,8.0,False,True,pt2_relative_median_latency,1.5136313900140135,pt2,median_latency,True,2.0
1240,260,147,49,456,"[260, 147, 49]",leaky_relu,model_6,Int8WeightOnlyConfig,int8,8.0,False,True,pt2_relative_p95_latency,1.7982608476747939,pt2,p95_latency,True,2.0
1241,260,147,49,456,"[260, 147, 49]",leaky_relu,model_6,Float8WeightOnlyConfig,float8,8.0,False,True,pt2_relative_p95_latency,1.4933812774391837,pt2,p95_latency,True,2.0
1242,260,147,49,456,"[260, 147, 49]",leaky_relu,model_6,Int8WeightOnlyConfig,int8,8.0,False,True,pt2_relative_p99_latency,1.614063859004488,pt2,p99_latency,True,2.0
1243,260,147,49,456,"[260, 147, 49]",leaky_relu,model_6,Float8WeightOnlyConfig,float8,8.0,False,True,pt2_relative_p99_latency,1.4744047501639026,pt2,p99_latency,True,2.0
1244,260,147,49,456,"[260, 147, 49]",leaky_relu,model_6,Int8WeightOnlyConfig,int8,8.0,False,True,pytorch_quantized_MAE,8.036207344435569,pytorch,MAE,False,3.0
1245,260,147,49,456,"[260, 147, 49]",leaky_relu,model_6,Float8WeightOnlyConfig,float8,8.0,False,True,pytorch_quantized_MAE,7.985043628868469,pytorch,MAE,False,3.0
1246,260,147,49,456,"[260, 147, 49]",leaky_relu,model_6,Int8WeightOnlyConfig,int8,8.0,False,True,pytorch_relative_MAE,0.9990809419518888,pytorch,MAE,True,3.0
1247,260,147,49,456,"[260, 147, 49]",leaky_relu,model_6,Float8WeightOnlyConfig,float8,8.0,False,True,pytorch_relative_MAE,0.992720143760447,pytorch,MAE,True,3.0
1248,260,147,49,456,"[260, 147, 49]",leaky_relu,model_6,Int8WeightOnlyConfig,int8,8.0,False,True,pytorch_quantized_model_size,66989.0,pytorch,model_size,False,3.0
1249,260,147,49,456,"[260, 147, 49]",leaky_relu,model_6,Float8WeightOnlyConfig,float8,8.0,False,True,pytorch_quantized_model_size,66989.0,pytorch,model_size,False,3.0
1250,260,147,49,456,"[260, 147, 49]",leaky_relu,model_6,Int8WeightOnlyConfig,int8,8.0,False,True,pytorch_quantized_median_latency,0.0004433542490005493,pytorch,median_latency,False,3.0
1251,260,147,49,456,"[260, 147, 49]",leaky_relu,model_6,Float8WeightOnlyConfig,float8,8.0,False,True,pytorch_quantized_median_latency,0.0005403533577919006,pytorch,median_latency,False,3.0
1252,260,147,49,456,"[260, 147, 49]",leaky_relu,model_6,Int8WeightOnlyConfig,int8,8.0,False,True,pytorch_quantized_p95_latency,0.0004537342116236687,pytorch,p95_latency,False,3.0
1253,260,147,49,456,"[260, 147, 49]",leaky_relu,model_6,Float8WeightOnlyConfig,float8,8.0,False,True,pytorch_quantized_p95_latency,0.0005535827949643135,pytorch,p95_latency,False,3.0
1254,260,147,49,456,"[260, 147, 49]",leaky_relu,model_6,Int8WeightOnlyConfig,int8,8.0,False,True,pytorch_quantized_p99_latency,0.0004627185314893722,pytorch,p99_latency,False,3.0
1255,260,147,49,456,"[260, 147, 49]",leaky_relu,model_6,Float8WeightOnlyConfig,float8,8.0,False,True,pytorch_quantized_p99_latency,0.0005664870142936706,pytorch,p99_latency,False,3.0
1256,260,147,49,456,"[260, 147, 49]",leaky_relu,model_6,Int8WeightOnlyConfig,int8,8.0,False,True,pytorch_relative_model_size,0.25,pytorch,model_size,True,3.0
1257,260,147,49,456,"[260, 147, 49]",leaky_relu,model_6,Float8WeightOnlyConfig,float8,8.0,False,True,pytorch_relative_model_size,0.25,pytorch,model_size,True,3.0
1258,260,147,49,456,"[260, 147, 49]",leaky_relu,model_6,Int8WeightOnlyConfig,int8,8.0,False,True,pytorch_relative_median_latency,2.715556975311459,pytorch,median_latency,True,3.0
1259,260,147,49,456,"[260, 147, 49]",leaky_relu,model_6,Float8WeightOnlyConfig,float8,8.0,False,True,pytorch_relative_median_latency,3.3096791858714005,pytorch,median_latency,True,3.0
1260,260,147,49,456,"[260, 147, 49]",leaky_relu,model_6,Int8WeightOnlyConfig,int8,8.0,False,True,pytorch_relative_p95_latency,2.5895176267110873,pytorch,p95_latency,True,3.0
1261,260,147,49,456,"[260, 147, 49]",leaky_relu,model_6,Float8WeightOnlyConfig,float8,8.0,False,True,pytorch_relative_p95_latency,3.1593659210186424,pytorch,p95_latency,True,3.0
1262,260,147,49,456,"[260, 147, 49]",leaky_relu,model_6,Int8WeightOnlyConfig,int8,8.0,False,True,pytorch_relative_p99_latency,2.5707703490417724,pytorch,p99_latency,True,3.0
1263,260,147,49,456,"[260, 147, 49]",leaky_relu,model_6,Float8WeightOnlyConfig,float8,8.0,False,True,pytorch_relative_p99_latency,3.1472870013999423,pytorch,p99_latency,True,3.0
1264,260,147,49,456,"[260, 147, 49]",leaky_relu,model_6,Int8WeightOnlyConfig,int8,8.0,False,True,onnx_quantized_model_size,32230.0,onnx,model_size,False,3.0
1265,260,147,49,456,"[260, 147, 49]",leaky_relu,model_6,Float8WeightOnlyConfig,float8,8.0,False,True,onnx_quantized_model_size,,onnx,model_size,False,3.0
1266,260,147,49,456,"[260, 147, 49]",leaky_relu,model_6,Int8WeightOnlyConfig,int8,8.0,False,True,onnx_quantized_median_latency,0.000257616862654686,onnx,median_latency,False,3.0
1267,260,147,49,456,"[260, 147, 49]",leaky_relu,model_6,Float8WeightOnlyConfig,float8,8.0,False,True,onnx_quantized_median_latency,,onnx,median_latency,False,3.0
1268,260,147,49,456,"[260, 147, 49]",leaky_relu,model_6,Int8WeightOnlyConfig,int8,8.0,False,True,onnx_quantized_p95_latency,0.0002697020769119263,onnx,p95_latency,False,3.0
1269,260,147,49,456,"[260, 147, 49]",leaky_relu,model_6,Float8WeightOnlyConfig,float8,8.0,False,True,onnx_quantized_p95_latency,,onnx,p95_latency,False,3.0
1270,260,147,49,456,"[260, 147, 49]",leaky_relu,model_6,Int8WeightOnlyConfig,int8,8.0,False,True,onnx_quantized_p99_latency,0.00027632031589746475,onnx,p99_latency,False,3.0
1271,260,147,49,456,"[260, 147, 49]",leaky_relu,model_6,Float8WeightOnlyConfig,float8,8.0,False,True,onnx_quantized_p99_latency,,onnx,p99_latency,False,3.0
1272,260,147,49,456,"[260, 147, 49]",leaky_relu,model_6,Int8WeightOnlyConfig,int8,8.0,False,True,onnx_relative_model_size,2.2848433290798242,onnx,model_size,True,3.0
1273,260,147,49,456,"[260, 147, 49]",leaky_relu,model_6,Float8WeightOnlyConfig,float8,8.0,False,True,onnx_relative_model_size,,onnx,model_size,True,3.0
1274,260,147,49,456,"[260, 147, 49]",leaky_relu,model_6,Int8WeightOnlyConfig,int8,8.0,False,True,onnx_relative_median_latency,1.5418840579710145,onnx,median_latency,True,3.0
1275,260,147,49,456,"[260, 147, 49]",leaky_relu,model_6,Float8WeightOnlyConfig,float8,8.0,False,True,onnx_relative_median_latency,,onnx,median_latency,True,3.0
1276,260,147,49,456,"[260, 147, 49]",leaky_relu,model_6,Int8WeightOnlyConfig,int8,8.0,False,True,onnx_relative_p95_latency,1.5190320675362226,onnx,p95_latency,True,3.0
1277,260,147,49,456,"[260, 147, 49]",leaky_relu,model_6,Float8WeightOnlyConfig,float8,8.0,False,True,onnx_relative_p95_latency,,onnx,p95_latency,True,3.0
1278,260,147,49,456,"[260, 147, 49]",leaky_relu,model_6,Int8WeightOnlyConfig,int8,8.0,False,True,onnx_relative_p99_latency,1.4657672574659126,onnx,p99_latency,True,3.0
1279,260,147,49,456,"[260, 147, 49]",leaky_relu,model_6,Float8WeightOnlyConfig,float8,8.0,False,True,onnx_relative_p99_latency,,onnx,p99_latency,True,3.0
1280,260,147,49,456,"[260, 147, 49]",leaky_relu,model_6,Int8WeightOnlyConfig,int8,8.0,False,True,pt2_quantized_model_size,211681.0,pt2,model_size,False,3.0
1281,260,147,49,456,"[260, 147, 49]",leaky_relu,model_6,Float8WeightOnlyConfig,float8,8.0,False,True,pt2_quantized_model_size,190881.0,pt2,model_size,False,3.0
1282,260,147,49,456,"[260, 147, 49]",leaky_relu,model_6,Int8WeightOnlyConfig,int8,8.0,False,True,pt2_quantized_median_latency,0.000904543325304985,pt2,median_latency,False,3.0
1283,260,147,49,456,"[260, 147, 49]",leaky_relu,model_6,Float8WeightOnlyConfig,float8,8.0,False,True,pt2_quantized_median_latency,0.000745655968785286,pt2,median_latency,False,3.0
1284,260,147,49,456,"[260, 147, 49]",leaky_relu,model_6,Int8WeightOnlyConfig,int8,8.0,False,True,pt2_quantized_p95_latency,0.0009397018700838087,pt2,p95_latency,False,3.0
1285,260,147,49,456,"[260, 147, 49]",leaky_relu,model_6,Float8WeightOnlyConfig,float8,8.0,False,True,pt2_quantized_p95_latency,0.000755254365503788,pt2,p95_latency,False,3.0
1286,260,147,49,456,"[260, 147, 49]",leaky_relu,model_6,Int8WeightOnlyConfig,int8,8.0,False,True,pt2_quantized_p99_latency,0.001059260256588459,pt2,p99_latency,False,3.0
1287,260,147,49,456,"[260, 147, 49]",leaky_relu,model_6,Float8WeightOnlyConfig,float8,8.0,False,True,pt2_quantized_p99_latency,0.0008654912188649178,pt2,p99_latency,False,3.0
1288,260,147,49,456,"[260, 147, 49]",leaky_relu,model_6,Int8WeightOnlyConfig,int8,8.0,False,True,pt2_relative_model_size,0.6369775006695334,pt2,model_size,True,3.0
1289,260,147,49,456,"[260, 147, 49]",leaky_relu,model_6,Float8WeightOnlyConfig,float8,8.0,False,True,pt2_relative_model_size,0.5743874145780736,pt2,model_size,True,3.0
1290,260,147,49,456,"[260, 147, 49]",leaky_relu,model_6,Int8WeightOnlyConfig,int8,8.0,False,True,pt2_relative_median_latency,1.8290885122410545,pt2,median_latency,True,3.0
1291,260,147,49,456,"[260, 147, 49]",leaky_relu,model_6,Float8WeightOnlyConfig,float8,8.0,False,True,pt2_relative_median_latency,1.5078003766478343,pt2,median_latency,True,3.0
1292,260,147,49,456,"[260, 147, 49]",leaky_relu,model_6,Int8WeightOnlyConfig,int8,8.0,False,True,pt2_relative_p95_latency,1.2989434629748589,pt2,p95_latency,True,3.0
1293,260,147,49,456,"[260, 147, 49]",leaky_relu,model_6,Float8WeightOnlyConfig,float8,8.0,False,True,pt2_relative_p95_latency,1.0439829398944107,pt2,p95_latency,True,3.0
1294,260,147,49,456,"[260, 147, 49]",leaky_relu,model_6,Int8WeightOnlyConfig,int8,8.0,False,True,pt2_relative_p99_latency,1.4525491830378545,pt2,p99_latency,True,3.0
1295,260,147,49,456,"[260, 147, 49]",leaky_relu,model_6,Float8WeightOnlyConfig,float8,8.0,False,True,pt2_relative_p99_latency,1.1868363370278934,pt2,p99_latency,True,3.0
1296,786,64,121,971,"[786, 64, 121]",leaky_relu,model_60,,,,,,,,,,,
1297,715,313,185,1213,"[715, 313, 185]",celu,model_61,,,,,,,,,,,
1298,344,64,32,440,"[344, 64, 32]",gelu,model_62,,,,,,,,,,,
1299,128,407,146,681,"[128, 407, 146]",relu,model_63,,,,,,,,,,,
1300,615,217,110,942,"[615, 217, 110]",gelu,model_64,,,,,,,,,,,
1301,146,275,130,551,"[146, 275, 130]",gelu,model_7,Int8WeightOnlyConfig,int8,8.0,False,True,pytorch_quantized_MAE,8.859705181247428,pytorch,MAE,False,1.0
1302,146,275,130,551,"[146, 275, 130]",gelu,model_7,Float8WeightOnlyConfig,float8,8.0,False,True,pytorch_quantized_MAE,8.866240995735463,pytorch,MAE,False,1.0
1303,146,275,130,551,"[146, 275, 130]",gelu,model_7,Int8WeightOnlyConfig,int8,8.0,False,True,pytorch_relative_MAE,1.0002454988743932,pytorch,MAE,True,1.0
1304,146,275,130,551,"[146, 275, 130]",gelu,model_7,Float8WeightOnlyConfig,float8,8.0,False,True,pytorch_relative_MAE,1.0009833811051667,pytorch,MAE,True,1.0
1305,146,275,130,551,"[146, 275, 130]",gelu,model_7,Int8WeightOnlyConfig,int8,8.0,False,True,pytorch_quantized_model_size,88408.0,pytorch,model_size,False,1.0
1306,146,275,130,551,"[146, 275, 130]",gelu,model_7,Float8WeightOnlyConfig,float8,8.0,False,True,pytorch_quantized_model_size,88408.0,pytorch,model_size,False,1.0
1307,146,275,130,551,"[146, 275, 130]",gelu,model_7,Int8WeightOnlyConfig,int8,8.0,False,True,pytorch_quantized_median_latency,0.00042556971311569214,pytorch,median_latency,False,1.0
1308,146,275,130,551,"[146, 275, 130]",gelu,model_7,Float8WeightOnlyConfig,float8,8.0,False,True,pytorch_quantized_median_latency,0.000574994832277298,pytorch,median_latency,False,1.0
1309,146,275,130,551,"[146, 275, 130]",gelu,model_7,Int8WeightOnlyConfig,int8,8.0,False,True,pytorch_quantized_p95_latency,0.0004381140694022179,pytorch,p95_latency,False,1.0
1310,146,275,130,551,"[146, 275, 130]",gelu,model_7,Float8WeightOnlyConfig,float8,8.0,False,True,pytorch_quantized_p95_latency,0.0005978578701615334,pytorch,p95_latency,False,1.0
1311,146,275,130,551,"[146, 275, 130]",gelu,model_7,Int8WeightOnlyConfig,int8,8.0,False,True,pytorch_quantized_p99_latency,0.0004401715099811554,pytorch,p99_latency,False,1.0
1312,146,275,130,551,"[146, 275, 130]",gelu,model_7,Float8WeightOnlyConfig,float8,8.0,False,True,pytorch_quantized_p99_latency,0.0006212170422077179,pytorch,p99_latency,False,1.0
1313,146,275,130,551,"[146, 275, 130]",gelu,model_7,Int8WeightOnlyConfig,int8,8.0,False,True,pytorch_relative_model_size,0.25,pytorch,model_size,True,1.0
1314,146,275,130,551,"[146, 275, 130]",gelu,model_7,Float8WeightOnlyConfig,float8,8.0,False,True,pytorch_relative_model_size,0.25,pytorch,model_size,True,1.0
1315,146,275,130,551,"[146, 275, 130]",gelu,model_7,Int8WeightOnlyConfig,int8,8.0,False,True,pytorch_relative_median_latency,2.430595744680851,pytorch,median_latency,True,1.0
1316,146,275,130,551,"[146, 275, 130]",gelu,model_7,Float8WeightOnlyConfig,float8,8.0,False,True,pytorch_relative_median_latency,3.2840212765957446,pytorch,median_latency,True,1.0
1317,146,275,130,551,"[146, 275, 130]",gelu,model_7,Int8WeightOnlyConfig,int8,8.0,False,True,pytorch_relative_p95_latency,2.339883448863139,pytorch,p95_latency,True,1.0
1318,146,275,130,551,"[146, 275, 130]",gelu,model_7,Float8WeightOnlyConfig,float8,8.0,False,True,pytorch_relative_p95_latency,3.1930445353473456,pytorch,p95_latency,True,1.0
1319,146,275,130,551,"[146, 275, 130]",gelu,model_7,Int8WeightOnlyConfig,int8,8.0,False,True,pytorch_relative_p99_latency,2.31518222431225,pytorch,p99_latency,True,1.0
1320,146,275,130,551,"[146, 275, 130]",gelu,model_7,Float8WeightOnlyConfig,float8,8.0,False,True,pytorch_relative_p99_latency,3.267432400658359,pytorch,p99_latency,True,1.0
1321,146,275,130,551,"[146, 275, 130]",gelu,model_7,Int8WeightOnlyConfig,int8,8.0,False,True,onnx_quantized_model_size,47765.0,onnx,model_size,False,1.0
1322,146,275,130,551,"[146, 275, 130]",gelu,model_7,Float8WeightOnlyConfig,float8,8.0,False,True,onnx_quantized_model_size,,onnx,model_size,False,1.0
1323,146,275,130,551,"[146, 275, 130]",gelu,model_7,Int8WeightOnlyConfig,int8,8.0,False,True,onnx_quantized_median_latency,0.00041409023106098175,onnx,median_latency,False,1.0
1324,146,275,130,551,"[146, 275, 130]",gelu,model_7,Float8WeightOnlyConfig,float8,8.0,False,True,onnx_quantized_median_latency,,onnx,median_latency,False,1.0
1325,146,275,130,551,"[146, 275, 130]",gelu,model_7,Int8WeightOnlyConfig,int8,8.0,False,True,onnx_quantized_p95_latency,0.0004328686743974685,onnx,p95_latency,False,1.0
1326,146,275,130,551,"[146, 275, 130]",gelu,model_7,Float8WeightOnlyConfig,float8,8.0,False,True,onnx_quantized_p95_latency,,onnx,p95_latency,False,1.0
1327,146,275,130,551,"[146, 275, 130]",gelu,model_7,Int8WeightOnlyConfig,int8,8.0,False,True,onnx_quantized_p99_latency,0.00044886421412229535,onnx,p99_latency,False,1.0
1328,146,275,130,551,"[146, 275, 130]",gelu,model_7,Float8WeightOnlyConfig,float8,8.0,False,True,onnx_quantized_p99_latency,,onnx,p99_latency,False,1.0
1329,146,275,130,551,"[146, 275, 130]",gelu,model_7,Int8WeightOnlyConfig,int8,8.0,False,True,onnx_relative_model_size,1.6766120256941275,onnx,model_size,True,1.0
1330,146,275,130,551,"[146, 275, 130]",gelu,model_7,Float8WeightOnlyConfig,float8,8.0,False,True,onnx_relative_model_size,,onnx,model_size,True,1.0
1331,146,275,130,551,"[146, 275, 130]",gelu,model_7,Int8WeightOnlyConfig,int8,8.0,False,True,onnx_relative_median_latency,1.174649554314458,onnx,median_latency,True,1.0
1332,146,275,130,551,"[146, 275, 130]",gelu,model_7,Float8WeightOnlyConfig,float8,8.0,False,True,onnx_relative_median_latency,,onnx,median_latency,True,1.0
1333,146,275,130,551,"[146, 275, 130]",gelu,model_7,Int8WeightOnlyConfig,int8,8.0,False,True,onnx_relative_p95_latency,1.1086179877925155,onnx,p95_latency,True,1.0
1334,146,275,130,551,"[146, 275, 130]",gelu,model_7,Float8WeightOnlyConfig,float8,8.0,False,True,onnx_relative_p95_latency,,onnx,p95_latency,True,1.0
1335,146,275,130,551,"[146, 275, 130]",gelu,model_7,Int8WeightOnlyConfig,int8,8.0,False,True,onnx_relative_p99_latency,1.116959209612605,onnx,p99_latency,True,1.0
1336,146,275,130,551,"[146, 275, 130]",gelu,model_7,Float8WeightOnlyConfig,float8,8.0,False,True,onnx_relative_p99_latency,,onnx,p99_latency,True,1.0
1337,146,275,130,551,"[146, 275, 130]",gelu,model_7,Int8WeightOnlyConfig,int8,8.0,False,True,pt2_quantized_model_size,233697.0,pt2,model_size,False,1.0
1338,146,275,130,551,"[146, 275, 130]",gelu,model_7,Float8WeightOnlyConfig,float8,8.0,False,True,pt2_quantized_model_size,212897.0,pt2,model_size,False,1.0
1339,146,275,130,551,"[146, 275, 130]",gelu,model_7,Int8WeightOnlyConfig,int8,8.0,False,True,pt2_quantized_median_latency,0.0009084288030862808,pt2,median_latency,False,1.0
1340,146,275,130,551,"[146, 275, 130]",gelu,model_7,Float8WeightOnlyConfig,float8,8.0,False,True,pt2_quantized_median_latency,0.0007390826940536499,pt2,median_latency,False,1.0
1341,146,275,130,551,"[146, 275, 130]",gelu,model_7,Int8WeightOnlyConfig,int8,8.0,False,True,pt2_quantized_p95_latency,0.0009216682985424996,pt2,p95_latency,False,1.0
1342,146,275,130,551,"[146, 275, 130]",gelu,model_7,Float8WeightOnlyConfig,float8,8.0,False,True,pt2_quantized_p95_latency,0.0007527157664299011,pt2,p95_latency,False,1.0
1343,146,275,130,551,"[146, 275, 130]",gelu,model_7,Int8WeightOnlyConfig,int8,8.0,False,True,pt2_quantized_p99_latency,0.0010393266752362251,pt2,p99_latency,False,1.0
1344,146,275,130,551,"[146, 275, 130]",gelu,model_7,Float8WeightOnlyConfig,float8,8.0,False,True,pt2_quantized_p99_latency,0.0009091275185346602,pt2,p99_latency,False,1.0
1345,146,275,130,551,"[146, 275, 130]",gelu,model_7,Int8WeightOnlyConfig,int8,8.0,False,True,pt2_relative_model_size,0.5592322363115564,pt2,model_size,True,1.0
1346,146,275,130,551,"[146, 275, 130]",gelu,model_7,Float8WeightOnlyConfig,float8,8.0,False,True,pt2_relative_model_size,0.5094582532682124,pt2,model_size,True,1.0
1347,146,275,130,551,"[146, 275, 130]",gelu,model_7,Int8WeightOnlyConfig,int8,8.0,False,True,pt2_relative_median_latency,1.2792367213114755,pt2,median_latency,True,1.0
1348,146,275,130,551,"[146, 275, 130]",gelu,model_7,Float8WeightOnlyConfig,float8,8.0,False,True,pt2_relative_median_latency,1.0407659016393442,pt2,median_latency,True,1.0
1349,146,275,130,551,"[146, 275, 130]",gelu,model_7,Int8WeightOnlyConfig,int8,8.0,False,True,pt2_relative_p95_latency,1.2623775359579072,pt2,p95_latency,True,1.0
1350,146,275,130,551,"[146, 275, 130]",gelu,model_7,Float8WeightOnlyConfig,float8,8.0,False,True,pt2_relative_p95_latency,1.030969033007953,pt2,p95_latency,True,1.0
1351,146,275,130,551,"[146, 275, 130]",gelu,model_7,Int8WeightOnlyConfig,int8,8.0,False,True,pt2_relative_p99_latency,1.2030470375769624,pt2,p99_latency,True,1.0
1352,146,275,130,551,"[146, 275, 130]",gelu,model_7,Float8WeightOnlyConfig,float8,8.0,False,True,pt2_relative_p99_latency,1.052338205121339,pt2,p99_latency,True,1.0
1353,146,275,130,551,"[146, 275, 130]",gelu,model_7,Int8WeightOnlyConfig,int8,8.0,False,True,pytorch_quantized_MAE,9.1206352650166,pytorch,MAE,False,2.0
1354,146,275,130,551,"[146, 275, 130]",gelu,model_7,Float8WeightOnlyConfig,float8,8.0,False,True,pytorch_quantized_MAE,9.128825491818189,pytorch,MAE,False,2.0
1355,146,275,130,551,"[146, 275, 130]",gelu,model_7,Int8WeightOnlyConfig,int8,8.0,False,True,pytorch_relative_MAE,1.0001795145837002,pytorch,MAE,True,2.0
1356,146,275,130,551,"[146, 275, 130]",gelu,model_7,Float8WeightOnlyConfig,float8,8.0,False,True,pytorch_relative_MAE,1.0010776644196182,pytorch,MAE,True,2.0
1357,146,275,130,551,"[146, 275, 130]",gelu,model_7,Int8WeightOnlyConfig,int8,8.0,False,True,pytorch_quantized_model_size,88408.0,pytorch,model_size,False,2.0
1358,146,275,130,551,"[146, 275, 130]",gelu,model_7,Float8WeightOnlyConfig,float8,8.0,False,True,pytorch_quantized_model_size,88408.0,pytorch,model_size,False,2.0
1359,146,275,130,551,"[146, 275, 130]",gelu,model_7,Int8WeightOnlyConfig,int8,8.0,False,True,pytorch_quantized_median_latency,0.00043259188532829285,pytorch,median_latency,False,2.0
1360,146,275,130,551,"[146, 275, 130]",gelu,model_7,Float8WeightOnlyConfig,float8,8.0,False,True,pytorch_quantized_median_latency,0.0005273707211017609,pytorch,median_latency,False,2.0
1361,146,275,130,551,"[146, 275, 130]",gelu,model_7,Int8WeightOnlyConfig,int8,8.0,False,True,pytorch_quantized_p95_latency,0.00044375769793987275,pytorch,p95_latency,False,2.0
1362,146,275,130,551,"[146, 275, 130]",gelu,model_7,Float8WeightOnlyConfig,float8,8.0,False,True,pytorch_quantized_p95_latency,0.0005354413762688636,pytorch,p95_latency,False,2.0
1363,146,275,130,551,"[146, 275, 130]",gelu,model_7,Int8WeightOnlyConfig,int8,8.0,False,True,pytorch_quantized_p99_latency,0.00044588256627321244,pytorch,p99_latency,False,2.0
1364,146,275,130,551,"[146, 275, 130]",gelu,model_7,Float8WeightOnlyConfig,float8,8.0,False,True,pytorch_quantized_p99_latency,0.0005948930978775024,pytorch,p99_latency,False,2.0
1365,146,275,130,551,"[146, 275, 130]",gelu,model_7,Int8WeightOnlyConfig,int8,8.0,False,True,pytorch_relative_model_size,0.25,pytorch,model_size,True,2.0
1366,146,275,130,551,"[146, 275, 130]",gelu,model_7,Float8WeightOnlyConfig,float8,8.0,False,True,pytorch_relative_model_size,0.25,pytorch,model_size,True,2.0
1367,146,275,130,551,"[146, 275, 130]",gelu,model_7,Int8WeightOnlyConfig,int8,8.0,False,True,pytorch_relative_median_latency,2.418120861271917,pytorch,median_latency,True,2.0
1368,146,275,130,551,"[146, 275, 130]",gelu,model_7,Float8WeightOnlyConfig,float8,8.0,False,True,pytorch_relative_median_latency,2.9479197034692435,pytorch,median_latency,True,2.0
1369,146,275,130,551,"[146, 275, 130]",gelu,model_7,Int8WeightOnlyConfig,int8,8.0,False,True,pytorch_relative_p95_latency,2.3211056010755935,pytorch,p95_latency,True,2.0
1370,146,275,130,551,"[146, 275, 130]",gelu,model_7,Float8WeightOnlyConfig,float8,8.0,False,True,pytorch_relative_p95_latency,2.8006634775577006,pytorch,p95_latency,True,2.0
1371,146,275,130,551,"[146, 275, 130]",gelu,model_7,Int8WeightOnlyConfig,int8,8.0,False,True,pytorch_relative_p99_latency,2.299214460398473,pytorch,p99_latency,True,2.0
1372,146,275,130,551,"[146, 275, 130]",gelu,model_7,Float8WeightOnlyConfig,float8,8.0,False,True,pytorch_relative_p99_latency,3.0675942871314077,pytorch,p99_latency,True,2.0
1373,146,275,130,551,"[146, 275, 130]",gelu,model_7,Int8WeightOnlyConfig,int8,8.0,False,True,onnx_quantized_model_size,47765.0,onnx,model_size,False,2.0
1374,146,275,130,551,"[146, 275, 130]",gelu,model_7,Float8WeightOnlyConfig,float8,8.0,False,True,onnx_quantized_model_size,,onnx,model_size,False,2.0
1375,146,275,130,551,"[146, 275, 130]",gelu,model_7,Int8WeightOnlyConfig,int8,8.0,False,True,onnx_quantized_median_latency,0.00041102059185504913,onnx,median_latency,False,2.0
1376,146,275,130,551,"[146, 275, 130]",gelu,model_7,Float8WeightOnlyConfig,float8,8.0,False,True,onnx_quantized_median_latency,,onnx,median_latency,False,2.0
1377,146,275,130,551,"[146, 275, 130]",gelu,model_7,Int8WeightOnlyConfig,int8,8.0,False,True,onnx_quantized_p95_latency,0.00043495129793882367,onnx,p95_latency,False,2.0
1378,146,275,130,551,"[146, 275, 130]",gelu,model_7,Float8WeightOnlyConfig,float8,8.0,False,True,onnx_quantized_p95_latency,,onnx,p95_latency,False,2.0
1379,146,275,130,551,"[146, 275, 130]",gelu,model_7,Int8WeightOnlyConfig,int8,8.0,False,True,onnx_quantized_p99_latency,0.0004449183121323585,onnx,p99_latency,False,2.0
1380,146,275,130,551,"[146, 275, 130]",gelu,model_7,Float8WeightOnlyConfig,float8,8.0,False,True,onnx_quantized_p99_latency,,onnx,p99_latency,False,2.0
1381,146,275,130,551,"[146, 275, 130]",gelu,model_7,Int8WeightOnlyConfig,int8,8.0,False,True,onnx_relative_model_size,1.6766120256941275,onnx,model_size,True,2.0
1382,146,275,130,551,"[146, 275, 130]",gelu,model_7,Float8WeightOnlyConfig,float8,8.0,False,True,onnx_relative_model_size,,onnx,model_size,True,2.0
1383,146,275,130,551,"[146, 275, 130]",gelu,model_7,Int8WeightOnlyConfig,int8,8.0,False,True,onnx_relative_median_latency,1.129929182604421,onnx,median_latency,True,2.0
1384,146,275,130,551,"[146, 275, 130]",gelu,model_7,Float8WeightOnlyConfig,float8,8.0,False,True,onnx_relative_median_latency,,onnx,median_latency,True,2.0
1385,146,275,130,551,"[146, 275, 130]",gelu,model_7,Int8WeightOnlyConfig,int8,8.0,False,True,onnx_relative_p95_latency,1.1167705421996743,onnx,p95_latency,True,2.0
1386,146,275,130,551,"[146, 275, 130]",gelu,model_7,Float8WeightOnlyConfig,float8,8.0,False,True,onnx_relative_p95_latency,,onnx,p95_latency,True,2.0
1387,146,275,130,551,"[146, 275, 130]",gelu,model_7,Int8WeightOnlyConfig,int8,8.0,False,True,onnx_relative_p99_latency,1.1213321140299073,onnx,p99_latency,True,2.0
1388,146,275,130,551,"[146, 275, 130]",gelu,model_7,Float8WeightOnlyConfig,float8,8.0,False,True,onnx_relative_p99_latency,,onnx,p99_latency,True,2.0
1389,146,275,130,551,"[146, 275, 130]",gelu,model_7,Int8WeightOnlyConfig,int8,8.0,False,True,pt2_quantized_model_size,233697.0,pt2,model_size,False,2.0
1390,146,275,130,551,"[146, 275, 130]",gelu,model_7,Float8WeightOnlyConfig,float8,8.0,False,True,pt2_quantized_model_size,212897.0,pt2,model_size,False,2.0
1391,146,275,130,551,"[146, 275, 130]",gelu,model_7,Int8WeightOnlyConfig,int8,8.0,False,True,pt2_quantized_median_latency,0.0009127110242843628,pt2,median_latency,False,2.0
1392,146,275,130,551,"[146, 275, 130]",gelu,model_7,Float8WeightOnlyConfig,float8,8.0,False,True,pt2_quantized_median_latency,0.0007362570613622665,pt2,median_latency,False,2.0
1393,146,275,130,551,"[146, 275, 130]",gelu,model_7,Int8WeightOnlyConfig,int8,8.0,False,True,pt2_quantized_p95_latency,0.0009311705827713013,pt2,p95_latency,False,2.0
1394,146,275,130,551,"[146, 275, 130]",gelu,model_7,Float8WeightOnlyConfig,float8,8.0,False,True,pt2_quantized_p95_latency,0.0007480653002858162,pt2,p95_latency,False,2.0
1395,146,275,130,551,"[146, 275, 130]",gelu,model_7,Int8WeightOnlyConfig,int8,8.0,False,True,pt2_quantized_p99_latency,0.0010725355148315427,pt2,p99_latency,False,2.0
1396,146,275,130,551,"[146, 275, 130]",gelu,model_7,Float8WeightOnlyConfig,float8,8.0,False,True,pt2_quantized_p99_latency,0.0009211677685379982,pt2,p99_latency,False,2.0
1397,146,275,130,551,"[146, 275, 130]",gelu,model_7,Int8WeightOnlyConfig,int8,8.0,False,True,pt2_relative_model_size,0.5592322363115564,pt2,model_size,True,2.0
1398,146,275,130,551,"[146, 275, 130]",gelu,model_7,Float8WeightOnlyConfig,float8,8.0,False,True,pt2_relative_model_size,0.5094582532682124,pt2,model_size,True,2.0
1399,146,275,130,551,"[146, 275, 130]",gelu,model_7,Int8WeightOnlyConfig,int8,8.0,False,True,pt2_relative_median_latency,1.3326516070428127,pt2,median_latency,True,2.0
1400,146,275,130,551,"[146, 275, 130]",gelu,model_7,Float8WeightOnlyConfig,float8,8.0,False,True,pt2_relative_median_latency,1.0750107426283813,pt2,median_latency,True,2.0
1401,146,275,130,551,"[146, 275, 130]",gelu,model_7,Int8WeightOnlyConfig,int8,8.0,False,True,pt2_relative_p95_latency,1.3030102886847406,pt2,p95_latency,True,2.0
1402,146,275,130,551,"[146, 275, 130]",gelu,model_7,Float8WeightOnlyConfig,float8,8.0,False,True,pt2_relative_p95_latency,1.0467864867245888,pt2,p95_latency,True,2.0
1403,146,275,130,551,"[146, 275, 130]",gelu,model_7,Int8WeightOnlyConfig,int8,8.0,False,True,pt2_relative_p99_latency,1.26460276543304,pt2,p99_latency,True,2.0
1404,146,275,130,551,"[146, 275, 130]",gelu,model_7,Float8WeightOnlyConfig,float8,8.0,False,True,pt2_relative_p99_latency,1.0861284231729158,pt2,p99_latency,True,2.0
1405,146,275,130,551,"[146, 275, 130]",gelu,model_7,Int8WeightOnlyConfig,int8,8.0,False,True,pytorch_quantized_MAE,8.739514570693755,pytorch,MAE,False,3.0
1406,146,275,130,551,"[146, 275, 130]",gelu,model_7,Float8WeightOnlyConfig,float8,8.0,False,True,pytorch_quantized_MAE,8.750819890766019,pytorch,MAE,False,3.0
1407,146,275,130,551,"[146, 275, 130]",gelu,model_7,Int8WeightOnlyConfig,int8,8.0,False,True,pytorch_relative_MAE,1.0002570448383061,pytorch,MAE,True,3.0
1408,146,275,130,551,"[146, 275, 130]",gelu,model_7,Float8WeightOnlyConfig,float8,8.0,False,True,pytorch_relative_MAE,1.0015509640777513,pytorch,MAE,True,3.0
1409,146,275,130,551,"[146, 275, 130]",gelu,model_7,Int8WeightOnlyConfig,int8,8.0,False,True,pytorch_quantized_model_size,88408.0,pytorch,model_size,False,3.0
1410,146,275,130,551,"[146, 275, 130]",gelu,model_7,Float8WeightOnlyConfig,float8,8.0,False,True,pytorch_quantized_model_size,88408.0,pytorch,model_size,False,3.0
1411,146,275,130,551,"[146, 275, 130]",gelu,model_7,Int8WeightOnlyConfig,int8,8.0,False,True,pytorch_quantized_median_latency,0.0004034005105495453,pytorch,median_latency,False,3.0
1412,146,275,130,551,"[146, 275, 130]",gelu,model_7,Float8WeightOnlyConfig,float8,8.0,False,True,pytorch_quantized_median_latency,0.0005133338272571564,pytorch,median_latency,False,3.0
1413,146,275,130,551,"[146, 275, 130]",gelu,model_7,Int8WeightOnlyConfig,int8,8.0,False,True,pytorch_quantized_p95_latency,0.00041667260229587554,pytorch,p95_latency,False,3.0
1414,146,275,130,551,"[146, 275, 130]",gelu,model_7,Float8WeightOnlyConfig,float8,8.0,False,True,pytorch_quantized_p95_latency,0.0006157210096716881,pytorch,p95_latency,False,3.0
1415,146,275,130,551,"[146, 275, 130]",gelu,model_7,Int8WeightOnlyConfig,int8,8.0,False,True,pytorch_quantized_p99_latency,0.00041875161230564117,pytorch,p99_latency,False,3.0
1416,146,275,130,551,"[146, 275, 130]",gelu,model_7,Float8WeightOnlyConfig,float8,8.0,False,True,pytorch_quantized_p99_latency,0.0006362108886241913,pytorch,p99_latency,False,3.0
1417,146,275,130,551,"[146, 275, 130]",gelu,model_7,Int8WeightOnlyConfig,int8,8.0,False,True,pytorch_relative_model_size,0.25,pytorch,model_size,True,3.0
1418,146,275,130,551,"[146, 275, 130]",gelu,model_7,Float8WeightOnlyConfig,float8,8.0,False,True,pytorch_relative_model_size,0.25,pytorch,model_size,True,3.0
1419,146,275,130,551,"[146, 275, 130]",gelu,model_7,Int8WeightOnlyConfig,int8,8.0,False,True,pytorch_relative_median_latency,2.370945317204007,pytorch,median_latency,True,3.0
1420,146,275,130,551,"[146, 275, 130]",gelu,model_7,Float8WeightOnlyConfig,float8,8.0,False,True,pytorch_relative_median_latency,3.017067162953637,pytorch,median_latency,True,3.0
1421,146,275,130,551,"[146, 275, 130]",gelu,model_7,Int8WeightOnlyConfig,int8,8.0,False,True,pytorch_relative_p95_latency,2.294489313210427,pytorch,p95_latency,True,3.0
1422,146,275,130,551,"[146, 275, 130]",gelu,model_7,Float8WeightOnlyConfig,float8,8.0,False,True,pytorch_relative_p95_latency,3.390588363205196,pytorch,p95_latency,True,3.0
1423,146,275,130,551,"[146, 275, 130]",gelu,model_7,Int8WeightOnlyConfig,int8,8.0,False,True,pytorch_relative_p99_latency,2.2724664460397332,pytorch,p99_latency,True,3.0
1424,146,275,130,551,"[146, 275, 130]",gelu,model_7,Float8WeightOnlyConfig,float8,8.0,False,True,pytorch_relative_p99_latency,3.452566759189813,pytorch,p99_latency,True,3.0
1425,146,275,130,551,"[146, 275, 130]",gelu,model_7,Int8WeightOnlyConfig,int8,8.0,False,True,onnx_quantized_model_size,47765.0,onnx,model_size,False,3.0
1426,146,275,130,551,"[146, 275, 130]",gelu,model_7,Float8WeightOnlyConfig,float8,8.0,False,True,onnx_quantized_model_size,,onnx,model_size,False,3.0
1427,146,275,130,551,"[146, 275, 130]",gelu,model_7,Int8WeightOnlyConfig,int8,8.0,False,True,onnx_quantized_median_latency,0.0004157405346632004,onnx,median_latency,False,3.0
1428,146,275,130,551,"[146, 275, 130]",gelu,model_7,Float8WeightOnlyConfig,float8,8.0,False,True,onnx_quantized_median_latency,,onnx,median_latency,False,3.0
1429,146,275,130,551,"[146, 275, 130]",gelu,model_7,Int8WeightOnlyConfig,int8,8.0,False,True,onnx_quantized_p95_latency,0.0004466766491532326,onnx,p95_latency,False,3.0
1430,146,275,130,551,"[146, 275, 130]",gelu,model_7,Float8WeightOnlyConfig,float8,8.0,False,True,onnx_quantized_p95_latency,,onnx,p95_latency,False,3.0
1431,146,275,130,551,"[146, 275, 130]",gelu,model_7,Int8WeightOnlyConfig,int8,8.0,False,True,onnx_quantized_p99_latency,0.00045377567410469054,onnx,p99_latency,False,3.0
1432,146,275,130,551,"[146, 275, 130]",gelu,model_7,Float8WeightOnlyConfig,float8,8.0,False,True,onnx_quantized_p99_latency,,onnx,p99_latency,False,3.0
1433,146,275,130,551,"[146, 275, 130]",gelu,model_7,Int8WeightOnlyConfig,int8,8.0,False,True,onnx_relative_model_size,1.6766120256941275,onnx,model_size,True,3.0
1434,146,275,130,551,"[146, 275, 130]",gelu,model_7,Float8WeightOnlyConfig,float8,8.0,False,True,onnx_relative_model_size,,onnx,model_size,True,3.0
1435,146,275,130,551,"[146, 275, 130]",gelu,model_7,Int8WeightOnlyConfig,int8,8.0,False,True,onnx_relative_median_latency,1.196001521800869,onnx,median_latency,True,3.0
1436,146,275,130,551,"[146, 275, 130]",gelu,model_7,Float8WeightOnlyConfig,float8,8.0,False,True,onnx_relative_median_latency,,onnx,median_latency,True,3.0
1437,146,275,130,551,"[146, 275, 130]",gelu,model_7,Int8WeightOnlyConfig,int8,8.0,False,True,onnx_relative_p95_latency,1.1534484500132272,onnx,p95_latency,True,3.0
1438,146,275,130,551,"[146, 275, 130]",gelu,model_7,Float8WeightOnlyConfig,float8,8.0,False,True,onnx_relative_p95_latency,,onnx,p95_latency,True,3.0
1439,146,275,130,551,"[146, 275, 130]",gelu,model_7,Int8WeightOnlyConfig,int8,8.0,False,True,onnx_relative_p99_latency,1.1481745304374062,onnx,p99_latency,True,3.0
1440,146,275,130,551,"[146, 275, 130]",gelu,model_7,Float8WeightOnlyConfig,float8,8.0,False,True,onnx_relative_p99_latency,,onnx,p99_latency,True,3.0
1441,146,275,130,551,"[146, 275, 130]",gelu,model_7,Int8WeightOnlyConfig,int8,8.0,False,True,pt2_quantized_model_size,233697.0,pt2,model_size,False,3.0
1442,146,275,130,551,"[146, 275, 130]",gelu,model_7,Float8WeightOnlyConfig,float8,8.0,False,True,pt2_quantized_model_size,212897.0,pt2,model_size,False,3.0
1443,146,275,130,551,"[146, 275, 130]",gelu,model_7,Int8WeightOnlyConfig,int8,8.0,False,True,pt2_quantized_median_latency,0.0008798316121101379,pt2,median_latency,False,3.0
1444,146,275,130,551,"[146, 275, 130]",gelu,model_7,Float8WeightOnlyConfig,float8,8.0,False,True,pt2_quantized_median_latency,0.0007162764668464661,pt2,median_latency,False,3.0
1445,146,275,130,551,"[146, 275, 130]",gelu,model_7,Int8WeightOnlyConfig,int8,8.0,False,True,pt2_quantized_p95_latency,0.0008936712518334388,pt2,p95_latency,False,3.0
1446,146,275,130,551,"[146, 275, 130]",gelu,model_7,Float8WeightOnlyConfig,float8,8.0,False,True,pt2_quantized_p95_latency,0.0007264086976647377,pt2,p95_latency,False,3.0
1447,146,275,130,551,"[146, 275, 130]",gelu,model_7,Int8WeightOnlyConfig,int8,8.0,False,True,pt2_quantized_p99_latency,0.0011735252663493123,pt2,p99_latency,False,3.0
1448,146,275,130,551,"[146, 275, 130]",gelu,model_7,Float8WeightOnlyConfig,float8,8.0,False,True,pt2_quantized_p99_latency,0.0008526121079921723,pt2,p99_latency,False,3.0
1449,146,275,130,551,"[146, 275, 130]",gelu,model_7,Int8WeightOnlyConfig,int8,8.0,False,True,pt2_relative_model_size,0.5592322363115564,pt2,model_size,True,3.0
1450,146,275,130,551,"[146, 275, 130]",gelu,model_7,Float8WeightOnlyConfig,float8,8.0,False,True,pt2_relative_model_size,0.5094582532682124,pt2,model_size,True,3.0
1451,146,275,130,551,"[146, 275, 130]",gelu,model_7,Int8WeightOnlyConfig,int8,8.0,False,True,pt2_relative_median_latency,1.2925749374722935,pt2,median_latency,True,3.0
1452,146,275,130,551,"[146, 275, 130]",gelu,model_7,Float8WeightOnlyConfig,float8,8.0,False,True,pt2_relative_median_latency,1.052293412288815,pt2,median_latency,True,3.0
1453,146,275,130,551,"[146, 275, 130]",gelu,model_7,Int8WeightOnlyConfig,int8,8.0,False,True,pt2_relative_p95_latency,1.2813502586143122,pt2,p95_latency,True,3.0
1454,146,275,130,551,"[146, 275, 130]",gelu,model_7,Float8WeightOnlyConfig,float8,8.0,False,True,pt2_relative_p95_latency,1.0415283816088061,pt2,p95_latency,True,3.0
1455,146,275,130,551,"[146, 275, 130]",gelu,model_7,Int8WeightOnlyConfig,int8,8.0,False,True,pt2_relative_p99_latency,1.3728971266529086,pt2,p99_latency,True,3.0
1456,146,275,130,551,"[146, 275, 130]",gelu,model_7,Float8WeightOnlyConfig,float8,8.0,False,True,pt2_relative_p99_latency,0.9974635798455033,pt2,p99_latency,True,3.0
1457,475,64,67,606,"[475, 64, 67]",celu,model_8,Int8WeightOnlyConfig,int8,8.0,False,True,pytorch_quantized_MAE,9.82360609454696,pytorch,MAE,False,1.0
1458,475,64,67,606,"[475, 64, 67]",celu,model_8,Float8WeightOnlyConfig,float8,8.0,False,True,pytorch_quantized_MAE,9.888199842996679,pytorch,MAE,False,1.0
1459,475,64,67,606,"[475, 64, 67]",celu,model_8,Int8WeightOnlyConfig,int8,8.0,False,True,pytorch_relative_MAE,0.9995854704836579,pytorch,MAE,True,1.0
1460,475,64,67,606,"[475, 64, 67]",celu,model_8,Float8WeightOnlyConfig,float8,8.0,False,True,pytorch_relative_MAE,1.0061581049941413,pytorch,MAE,True,1.0
1461,475,64,67,606,"[475, 64, 67]",celu,model_8,Int8WeightOnlyConfig,int8,8.0,False,True,pytorch_quantized_model_size,73837.0,pytorch,model_size,False,1.0
1462,475,64,67,606,"[475, 64, 67]",celu,model_8,Float8WeightOnlyConfig,float8,8.0,False,True,pytorch_quantized_model_size,73837.0,pytorch,model_size,False,1.0
1463,475,64,67,606,"[475, 64, 67]",celu,model_8,Int8WeightOnlyConfig,int8,8.0,False,True,pytorch_quantized_median_latency,0.00048699788749217987,pytorch,median_latency,False,1.0
1464,475,64,67,606,"[475, 64, 67]",celu,model_8,Float8WeightOnlyConfig,float8,8.0,False,True,pytorch_quantized_median_latency,0.0005326755344867706,pytorch,median_latency,False,1.0
1465,475,64,67,606,"[475, 64, 67]",celu,model_8,Int8WeightOnlyConfig,int8,8.0,False,True,pytorch_quantized_p95_latency,0.0004967726767063141,pytorch,p95_latency,False,1.0
1466,475,64,67,606,"[475, 64, 67]",celu,model_8,Float8WeightOnlyConfig,float8,8.0,False,True,pytorch_quantized_p95_latency,0.0005413804203271866,pytorch,p95_latency,False,1.0
1467,475,64,67,606,"[475, 64, 67]",celu,model_8,Int8WeightOnlyConfig,int8,8.0,False,True,pytorch_quantized_p99_latency,0.0004984563589096069,pytorch,p99_latency,False,1.0
1468,475,64,67,606,"[475, 64, 67]",celu,model_8,Float8WeightOnlyConfig,float8,8.0,False,True,pytorch_quantized_p99_latency,0.0005529962480068206,pytorch,p99_latency,False,1.0
1469,475,64,67,606,"[475, 64, 67]",celu,model_8,Int8WeightOnlyConfig,int8,8.0,False,True,pytorch_relative_model_size,0.25,pytorch,model_size,True,1.0
1470,475,64,67,606,"[475, 64, 67]",celu,model_8,Float8WeightOnlyConfig,float8,8.0,False,True,pytorch_relative_model_size,0.25,pytorch,model_size,True,1.0
1471,475,64,67,606,"[475, 64, 67]",celu,model_8,Int8WeightOnlyConfig,int8,8.0,False,True,pytorch_relative_median_latency,2.6430687113959626,pytorch,median_latency,True,1.0
1472,475,64,67,606,"[475, 64, 67]",celu,model_8,Float8WeightOnlyConfig,float8,8.0,False,True,pytorch_relative_median_latency,2.8909736052001094,pytorch,median_latency,True,1.0
1473,475,64,67,606,"[475, 64, 67]",celu,model_8,Int8WeightOnlyConfig,int8,8.0,False,True,pytorch_relative_p95_latency,2.5154946049950953,pytorch,p95_latency,True,1.0
1474,475,64,67,606,"[475, 64, 67]",celu,model_8,Float8WeightOnlyConfig,float8,8.0,False,True,pytorch_relative_p95_latency,2.7413736512487743,pytorch,p95_latency,True,1.0
1475,475,64,67,606,"[475, 64, 67]",celu,model_8,Int8WeightOnlyConfig,int8,8.0,False,True,pytorch_relative_p99_latency,2.4040222702455636,pytorch,p99_latency,True,1.0
1476,475,64,67,606,"[475, 64, 67]",celu,model_8,Float8WeightOnlyConfig,float8,8.0,False,True,pytorch_relative_p99_latency,2.667064572069628,pytorch,p99_latency,True,1.0
1477,475,64,67,606,"[475, 64, 67]",celu,model_8,Int8WeightOnlyConfig,int8,8.0,False,True,onnx_quantized_model_size,31912.0,onnx,model_size,False,1.0
1478,475,64,67,606,"[475, 64, 67]",celu,model_8,Float8WeightOnlyConfig,float8,8.0,False,True,onnx_quantized_model_size,,onnx,model_size,False,1.0
1479,475,64,67,606,"[475, 64, 67]",celu,model_8,Int8WeightOnlyConfig,int8,8.0,False,True,onnx_quantized_median_latency,0.0005742143839597702,onnx,median_latency,False,1.0
1480,475,64,67,606,"[475, 64, 67]",celu,model_8,Float8WeightOnlyConfig,float8,8.0,False,True,onnx_quantized_median_latency,,onnx,median_latency,False,1.0
1481,475,64,67,606,"[475, 64, 67]",celu,model_8,Int8WeightOnlyConfig,int8,8.0,False,True,onnx_quantized_p95_latency,0.0005918599665164947,onnx,p95_latency,False,1.0
1482,475,64,67,606,"[475, 64, 67]",celu,model_8,Float8WeightOnlyConfig,float8,8.0,False,True,onnx_quantized_p95_latency,,onnx,p95_latency,False,1.0
1483,475,64,67,606,"[475, 64, 67]",celu,model_8,Int8WeightOnlyConfig,int8,8.0,False,True,onnx_quantized_p99_latency,0.0006159336492419243,onnx,p99_latency,False,1.0
1484,475,64,67,606,"[475, 64, 67]",celu,model_8,Float8WeightOnlyConfig,float8,8.0,False,True,onnx_quantized_p99_latency,,onnx,p99_latency,False,1.0
1485,475,64,67,606,"[475, 64, 67]",celu,model_8,Int8WeightOnlyConfig,int8,8.0,False,True,onnx_relative_model_size,2.3230690834971246,onnx,model_size,True,1.0
1486,475,64,67,606,"[475, 64, 67]",celu,model_8,Float8WeightOnlyConfig,float8,8.0,False,True,onnx_relative_model_size,,onnx,model_size,True,1.0
1487,475,64,67,606,"[475, 64, 67]",celu,model_8,Int8WeightOnlyConfig,int8,8.0,False,True,onnx_relative_median_latency,1.188811377580336,onnx,median_latency,True,1.0
1488,475,64,67,606,"[475, 64, 67]",celu,model_8,Float8WeightOnlyConfig,float8,8.0,False,True,onnx_relative_median_latency,,onnx,median_latency,True,1.0
1489,475,64,67,606,"[475, 64, 67]",celu,model_8,Int8WeightOnlyConfig,int8,8.0,False,True,onnx_relative_p95_latency,1.2051368213452676,onnx,p95_latency,True,1.0
1490,475,64,67,606,"[475, 64, 67]",celu,model_8,Float8WeightOnlyConfig,float8,8.0,False,True,onnx_relative_p95_latency,,onnx,p95_latency,True,1.0
1491,475,64,67,606,"[475, 64, 67]",celu,model_8,Int8WeightOnlyConfig,int8,8.0,False,True,onnx_relative_p99_latency,1.247192808907941,onnx,p99_latency,True,1.0
1492,475,64,67,606,"[475, 64, 67]",celu,model_8,Float8WeightOnlyConfig,float8,8.0,False,True,onnx_relative_p99_latency,,onnx,p99_latency,True,1.0
1493,475,64,67,606,"[475, 64, 67]",celu,model_8,Int8WeightOnlyConfig,int8,8.0,False,True,pt2_quantized_model_size,219297.0,pt2,model_size,False,1.0
1494,475,64,67,606,"[475, 64, 67]",celu,model_8,Float8WeightOnlyConfig,float8,8.0,False,True,pt2_quantized_model_size,198497.0,pt2,model_size,False,1.0
1495,475,64,67,606,"[475, 64, 67]",celu,model_8,Int8WeightOnlyConfig,int8,8.0,False,True,pt2_quantized_median_latency,0.0008950494229793549,pt2,median_latency,False,1.0
1496,475,64,67,606,"[475, 64, 67]",celu,model_8,Float8WeightOnlyConfig,float8,8.0,False,True,pt2_quantized_median_latency,0.0007356405258178711,pt2,median_latency,False,1.0
1497,475,64,67,606,"[475, 64, 67]",celu,model_8,Int8WeightOnlyConfig,int8,8.0,False,True,pt2_quantized_p95_latency,0.0009391117841005325,pt2,p95_latency,False,1.0
1498,475,64,67,606,"[475, 64, 67]",celu,model_8,Float8WeightOnlyConfig,float8,8.0,False,True,pt2_quantized_p95_latency,0.0007479941472411155,pt2,p95_latency,False,1.0
1499,475,64,67,606,"[475, 64, 67]",celu,model_8,Int8WeightOnlyConfig,int8,8.0,False,True,pt2_quantized_p99_latency,0.0010349217429757116,pt2,p99_latency,False,1.0
1500,475,64,67,606,"[475, 64, 67]",celu,model_8,Float8WeightOnlyConfig,float8,8.0,False,True,pt2_quantized_p99_latency,0.0008569781482219694,pt2,p99_latency,False,1.0
1501,475,64,67,606,"[475, 64, 67]",celu,model_8,Int8WeightOnlyConfig,int8,8.0,False,True,pt2_relative_model_size,0.6099699322153643,pt2,model_size,True,1.0
1502,475,64,67,606,"[475, 64, 67]",celu,model_8,Float8WeightOnlyConfig,float8,8.0,False,True,pt2_relative_model_size,0.5521151754695831,pt2,model_size,True,1.0
1503,475,64,67,606,"[475, 64, 67]",celu,model_8,Int8WeightOnlyConfig,int8,8.0,False,True,pt2_relative_median_latency,1.6401884151960953,pt2,median_latency,True,1.0
1504,475,64,67,606,"[475, 64, 67]",celu,model_8,Float8WeightOnlyConfig,float8,8.0,False,True,pt2_relative_median_latency,1.3480697682356555,pt2,median_latency,True,1.0
1505,475,64,67,606,"[475, 64, 67]",celu,model_8,Int8WeightOnlyConfig,int8,8.0,False,True,pt2_relative_p95_latency,1.6286756760685541,pt2,p95_latency,True,1.0
1506,475,64,67,606,"[475, 64, 67]",celu,model_8,Float8WeightOnlyConfig,float8,8.0,False,True,pt2_relative_p95_latency,1.2972256275327838,pt2,p95_latency,True,1.0
1507,475,64,67,606,"[475, 64, 67]",celu,model_8,Int8WeightOnlyConfig,int8,8.0,False,True,pt2_relative_p99_latency,1.4720430465904448,pt2,p99_latency,True,1.0
1508,475,64,67,606,"[475, 64, 67]",celu,model_8,Float8WeightOnlyConfig,float8,8.0,False,True,pt2_relative_p99_latency,1.2189411737962796,pt2,p99_latency,True,1.0
1509,475,64,67,606,"[475, 64, 67]",celu,model_8,Int8WeightOnlyConfig,int8,8.0,False,True,pytorch_quantized_MAE,9.626208473126617,pytorch,MAE,False,2.0
1510,475,64,67,606,"[475, 64, 67]",celu,model_8,Float8WeightOnlyConfig,float8,8.0,False,True,pytorch_quantized_MAE,9.68655414168608,pytorch,MAE,False,2.0
1511,475,64,67,606,"[475, 64, 67]",celu,model_8,Int8WeightOnlyConfig,int8,8.0,False,True,pytorch_relative_MAE,0.9995236267751106,pytorch,MAE,True,2.0
1512,475,64,67,606,"[475, 64, 67]",celu,model_8,Float8WeightOnlyConfig,float8,8.0,False,True,pytorch_relative_MAE,1.0057895331978843,pytorch,MAE,True,2.0
1513,475,64,67,606,"[475, 64, 67]",celu,model_8,Int8WeightOnlyConfig,int8,8.0,False,True,pytorch_quantized_model_size,73837.0,pytorch,model_size,False,2.0
1514,475,64,67,606,"[475, 64, 67]",celu,model_8,Float8WeightOnlyConfig,float8,8.0,False,True,pytorch_quantized_model_size,73837.0,pytorch,model_size,False,2.0
1515,475,64,67,606,"[475, 64, 67]",celu,model_8,Int8WeightOnlyConfig,int8,8.0,False,True,pytorch_quantized_median_latency,0.0004256982356309891,pytorch,median_latency,False,2.0
1516,475,64,67,606,"[475, 64, 67]",celu,model_8,Float8WeightOnlyConfig,float8,8.0,False,True,pytorch_quantized_median_latency,0.0005211755633354187,pytorch,median_latency,False,2.0
1517,475,64,67,606,"[475, 64, 67]",celu,model_8,Int8WeightOnlyConfig,int8,8.0,False,True,pytorch_quantized_p95_latency,0.00045635364949703217,pytorch,p95_latency,False,2.0
1518,475,64,67,606,"[475, 64, 67]",celu,model_8,Float8WeightOnlyConfig,float8,8.0,False,True,pytorch_quantized_p95_latency,0.0005775807425379753,pytorch,p95_latency,False,2.0
1519,475,64,67,606,"[475, 64, 67]",celu,model_8,Int8WeightOnlyConfig,int8,8.0,False,True,pytorch_quantized_p99_latency,0.00048168834298849104,pytorch,p99_latency,False,2.0
1520,475,64,67,606,"[475, 64, 67]",celu,model_8,Float8WeightOnlyConfig,float8,8.0,False,True,pytorch_quantized_p99_latency,0.0005907617136836051,pytorch,p99_latency,False,2.0
1521,475,64,67,606,"[475, 64, 67]",celu,model_8,Int8WeightOnlyConfig,int8,8.0,False,True,pytorch_relative_model_size,0.25,pytorch,model_size,True,2.0
1522,475,64,67,606,"[475, 64, 67]",celu,model_8,Float8WeightOnlyConfig,float8,8.0,False,True,pytorch_relative_model_size,0.25,pytorch,model_size,True,2.0
1523,475,64,67,606,"[475, 64, 67]",celu,model_8,Int8WeightOnlyConfig,int8,8.0,False,True,pytorch_relative_median_latency,2.367458771857131,pytorch,median_latency,True,2.0
1524,475,64,67,606,"[475, 64, 67]",celu,model_8,Float8WeightOnlyConfig,float8,8.0,False,True,pytorch_relative_median_latency,2.8984420319880666,pytorch,median_latency,True,2.0
1525,475,64,67,606,"[475, 64, 67]",celu,model_8,Int8WeightOnlyConfig,int8,8.0,False,True,pytorch_relative_p95_latency,2.375973288568605,pytorch,p95_latency,True,2.0
1526,475,64,67,606,"[475, 64, 67]",celu,model_8,Float8WeightOnlyConfig,float8,8.0,False,True,pytorch_relative_p95_latency,3.007133651224969,pytorch,p95_latency,True,2.0
1527,475,64,67,606,"[475, 64, 67]",celu,model_8,Int8WeightOnlyConfig,int8,8.0,False,True,pytorch_relative_p99_latency,2.3512689814416623,pytorch,p99_latency,True,2.0
1528,475,64,67,606,"[475, 64, 67]",celu,model_8,Float8WeightOnlyConfig,float8,8.0,False,True,pytorch_relative_p99_latency,2.883689657486209,pytorch,p99_latency,True,2.0
1529,475,64,67,606,"[475, 64, 67]",celu,model_8,Int8WeightOnlyConfig,int8,8.0,False,True,onnx_quantized_model_size,31912.0,onnx,model_size,False,2.0
1530,475,64,67,606,"[475, 64, 67]",celu,model_8,Float8WeightOnlyConfig,float8,8.0,False,True,onnx_quantized_model_size,,onnx,model_size,False,2.0
1531,475,64,67,606,"[475, 64, 67]",celu,model_8,Int8WeightOnlyConfig,int8,8.0,False,True,onnx_quantized_median_latency,0.0005689878016710281,onnx,median_latency,False,2.0
1532,475,64,67,606,"[475, 64, 67]",celu,model_8,Float8WeightOnlyConfig,float8,8.0,False,True,onnx_quantized_median_latency,,onnx,median_latency,False,2.0
1533,475,64,67,606,"[475, 64, 67]",celu,model_8,Int8WeightOnlyConfig,int8,8.0,False,True,onnx_quantized_p95_latency,0.0006076818332076073,onnx,p95_latency,False,2.0
1534,475,64,67,606,"[475, 64, 67]",celu,model_8,Float8WeightOnlyConfig,float8,8.0,False,True,onnx_quantized_p95_latency,,onnx,p95_latency,False,2.0
1535,475,64,67,606,"[475, 64, 67]",celu,model_8,Int8WeightOnlyConfig,int8,8.0,False,True,onnx_quantized_p99_latency,0.0006141631305217743,onnx,p99_latency,False,2.0
1536,475,64,67,606,"[475, 64, 67]",celu,model_8,Float8WeightOnlyConfig,float8,8.0,False,True,onnx_quantized_p99_latency,,onnx,p99_latency,False,2.0
1537,475,64,67,606,"[475, 64, 67]",celu,model_8,Int8WeightOnlyConfig,int8,8.0,False,True,onnx_relative_model_size,2.3230690834971246,onnx,model_size,True,2.0
1538,475,64,67,606,"[475, 64, 67]",celu,model_8,Float8WeightOnlyConfig,float8,8.0,False,True,onnx_relative_model_size,,onnx,model_size,True,2.0
1539,475,64,67,606,"[475, 64, 67]",celu,model_8,Int8WeightOnlyConfig,int8,8.0,False,True,onnx_relative_median_latency,1.1384482938536993,onnx,median_latency,True,2.0
1540,475,64,67,606,"[475, 64, 67]",celu,model_8,Float8WeightOnlyConfig,float8,8.0,False,True,onnx_relative_median_latency,,onnx,median_latency,True,2.0
1541,475,64,67,606,"[475, 64, 67]",celu,model_8,Int8WeightOnlyConfig,int8,8.0,False,True,onnx_relative_p95_latency,1.1564820187825213,onnx,p95_latency,True,2.0
1542,475,64,67,606,"[475, 64, 67]",celu,model_8,Float8WeightOnlyConfig,float8,8.0,False,True,onnx_relative_p95_latency,,onnx,p95_latency,True,2.0
1543,475,64,67,606,"[475, 64, 67]",celu,model_8,Int8WeightOnlyConfig,int8,8.0,False,True,onnx_relative_p99_latency,1.0827171937264817,onnx,p99_latency,True,2.0
1544,475,64,67,606,"[475, 64, 67]",celu,model_8,Float8WeightOnlyConfig,float8,8.0,False,True,onnx_relative_p99_latency,,onnx,p99_latency,True,2.0
1545,475,64,67,606,"[475, 64, 67]",celu,model_8,Int8WeightOnlyConfig,int8,8.0,False,True,pt2_quantized_model_size,219297.0,pt2,model_size,False,2.0
1546,475,64,67,606,"[475, 64, 67]",celu,model_8,Float8WeightOnlyConfig,float8,8.0,False,True,pt2_quantized_model_size,198497.0,pt2,model_size,False,2.0
1547,475,64,67,606,"[475, 64, 67]",celu,model_8,Int8WeightOnlyConfig,int8,8.0,False,True,pt2_quantized_median_latency,0.000876961275935173,pt2,median_latency,False,2.0
1548,475,64,67,606,"[475, 64, 67]",celu,model_8,Float8WeightOnlyConfig,float8,8.0,False,True,pt2_quantized_median_latency,0.0007211100310087204,pt2,median_latency,False,2.0
1549,475,64,67,606,"[475, 64, 67]",celu,model_8,Int8WeightOnlyConfig,int8,8.0,False,True,pt2_quantized_p95_latency,0.0008957689628005028,pt2,p95_latency,False,2.0
1550,475,64,67,606,"[475, 64, 67]",celu,model_8,Float8WeightOnlyConfig,float8,8.0,False,True,pt2_quantized_p95_latency,0.0007805628702044487,pt2,p95_latency,False,2.0
1551,475,64,67,606,"[475, 64, 67]",celu,model_8,Int8WeightOnlyConfig,int8,8.0,False,True,pt2_quantized_p99_latency,0.0010208415985107422,pt2,p99_latency,False,2.0
1552,475,64,67,606,"[475, 64, 67]",celu,model_8,Float8WeightOnlyConfig,float8,8.0,False,True,pt2_quantized_p99_latency,0.0008869940415024754,pt2,p99_latency,False,2.0
1553,475,64,67,606,"[475, 64, 67]",celu,model_8,Int8WeightOnlyConfig,int8,8.0,False,True,pt2_relative_model_size,0.6099699322153643,pt2,model_size,True,2.0
1554,475,64,67,606,"[475, 64, 67]",celu,model_8,Float8WeightOnlyConfig,float8,8.0,False,True,pt2_relative_model_size,0.5521151754695831,pt2,model_size,True,2.0
1555,475,64,67,606,"[475, 64, 67]",celu,model_8,Int8WeightOnlyConfig,int8,8.0,False,True,pt2_relative_median_latency,1.5460990811708997,pt2,median_latency,True,2.0
1556,475,64,67,606,"[475, 64, 67]",celu,model_8,Float8WeightOnlyConfig,float8,8.0,False,True,pt2_relative_median_latency,1.2713304303850677,pt2,median_latency,True,2.0
1557,475,64,67,606,"[475, 64, 67]",celu,model_8,Int8WeightOnlyConfig,int8,8.0,False,True,pt2_relative_p95_latency,1.5187249352845191,pt2,p95_latency,True,2.0
1558,475,64,67,606,"[475, 64, 67]",celu,model_8,Float8WeightOnlyConfig,float8,8.0,False,True,pt2_relative_p95_latency,1.3233996083438364,pt2,p95_latency,True,2.0
1559,475,64,67,606,"[475, 64, 67]",celu,model_8,Int8WeightOnlyConfig,int8,8.0,False,True,pt2_relative_p99_latency,1.3756667549038268,pt2,p99_latency,True,2.0
1560,475,64,67,606,"[475, 64, 67]",celu,model_8,Float8WeightOnlyConfig,float8,8.0,False,True,pt2_relative_p99_latency,1.1952963285125184,pt2,p99_latency,True,2.0
1561,475,64,67,606,"[475, 64, 67]",celu,model_8,Int8WeightOnlyConfig,int8,8.0,False,True,pytorch_quantized_MAE,9.88245672475361,pytorch,MAE,False,3.0
1562,475,64,67,606,"[475, 64, 67]",celu,model_8,Float8WeightOnlyConfig,float8,8.0,False,True,pytorch_quantized_MAE,9.94293649983877,pytorch,MAE,False,3.0
1563,475,64,67,606,"[475, 64, 67]",celu,model_8,Int8WeightOnlyConfig,int8,8.0,False,True,pytorch_relative_MAE,0.9996797404099134,pytorch,MAE,True,3.0
1564,475,64,67,606,"[475, 64, 67]",celu,model_8,Float8WeightOnlyConfig,float8,8.0,False,True,pytorch_relative_MAE,1.005797693419082,pytorch,MAE,True,3.0
1565,475,64,67,606,"[475, 64, 67]",celu,model_8,Int8WeightOnlyConfig,int8,8.0,False,True,pytorch_quantized_model_size,73837.0,pytorch,model_size,False,3.0
1566,475,64,67,606,"[475, 64, 67]",celu,model_8,Float8WeightOnlyConfig,float8,8.0,False,True,pytorch_quantized_model_size,73837.0,pytorch,model_size,False,3.0
1567,475,64,67,606,"[475, 64, 67]",celu,model_8,Int8WeightOnlyConfig,int8,8.0,False,True,pytorch_quantized_median_latency,0.000421132892370224,pytorch,median_latency,False,3.0
1568,475,64,67,606,"[475, 64, 67]",celu,model_8,Float8WeightOnlyConfig,float8,8.0,False,True,pytorch_quantized_median_latency,0.0005256440490484238,pytorch,median_latency,False,3.0
1569,475,64,67,606,"[475, 64, 67]",celu,model_8,Int8WeightOnlyConfig,int8,8.0,False,True,pytorch_quantized_p95_latency,0.0004336664453148842,pytorch,p95_latency,False,3.0
1570,475,64,67,606,"[475, 64, 67]",celu,model_8,Float8WeightOnlyConfig,float8,8.0,False,True,pytorch_quantized_p95_latency,0.0005326718091964722,pytorch,p95_latency,False,3.0
1571,475,64,67,606,"[475, 64, 67]",celu,model_8,Int8WeightOnlyConfig,int8,8.0,False,True,pytorch_quantized_p99_latency,0.0004379924759268761,pytorch,p99_latency,False,3.0
1572,475,64,67,606,"[475, 64, 67]",celu,model_8,Float8WeightOnlyConfig,float8,8.0,False,True,pytorch_quantized_p99_latency,0.0005438318103551864,pytorch,p99_latency,False,3.0
1573,475,64,67,606,"[475, 64, 67]",celu,model_8,Int8WeightOnlyConfig,int8,8.0,False,True,pytorch_relative_model_size,0.25,pytorch,model_size,True,3.0
1574,475,64,67,606,"[475, 64, 67]",celu,model_8,Float8WeightOnlyConfig,float8,8.0,False,True,pytorch_relative_model_size,0.25,pytorch,model_size,True,3.0
1575,475,64,67,606,"[475, 64, 67]",celu,model_8,Int8WeightOnlyConfig,int8,8.0,False,True,pytorch_relative_median_latency,2.394201241078425,pytorch,median_latency,True,3.0
1576,475,64,67,606,"[475, 64, 67]",celu,model_8,Float8WeightOnlyConfig,float8,8.0,False,True,pytorch_relative_median_latency,2.9883622424126903,pytorch,median_latency,True,3.0
1577,475,64,67,606,"[475, 64, 67]",celu,model_8,Int8WeightOnlyConfig,int8,8.0,False,True,pytorch_relative_p95_latency,2.304499567948831,pytorch,p95_latency,True,3.0
1578,475,64,67,606,"[475, 64, 67]",celu,model_8,Float8WeightOnlyConfig,float8,8.0,False,True,pytorch_relative_p95_latency,2.8306131761254365,pytorch,p95_latency,True,3.0
1579,475,64,67,606,"[475, 64, 67]",celu,model_8,Int8WeightOnlyConfig,int8,8.0,False,True,pytorch_relative_p99_latency,2.2731623954097757,pytorch,p99_latency,True,3.0
1580,475,64,67,606,"[475, 64, 67]",celu,model_8,Float8WeightOnlyConfig,float8,8.0,False,True,pytorch_relative_p99_latency,2.8224640574269135,pytorch,p99_latency,True,3.0
1581,475,64,67,606,"[475, 64, 67]",celu,model_8,Int8WeightOnlyConfig,int8,8.0,False,True,onnx_quantized_model_size,31912.0,onnx,model_size,False,3.0
1582,475,64,67,606,"[475, 64, 67]",celu,model_8,Float8WeightOnlyConfig,float8,8.0,False,True,onnx_quantized_model_size,,onnx,model_size,False,3.0
1583,475,64,67,606,"[475, 64, 67]",celu,model_8,Int8WeightOnlyConfig,int8,8.0,False,True,onnx_quantized_median_latency,0.0005576740950345993,onnx,median_latency,False,3.0
1584,475,64,67,606,"[475, 64, 67]",celu,model_8,Float8WeightOnlyConfig,float8,8.0,False,True,onnx_quantized_median_latency,,onnx,median_latency,False,3.0
1585,475,64,67,606,"[475, 64, 67]",celu,model_8,Int8WeightOnlyConfig,int8,8.0,False,True,onnx_quantized_p95_latency,0.0005643567070364952,onnx,p95_latency,False,3.0
1586,475,64,67,606,"[475, 64, 67]",celu,model_8,Float8WeightOnlyConfig,float8,8.0,False,True,onnx_quantized_p95_latency,,onnx,p95_latency,False,3.0
1587,475,64,67,606,"[475, 64, 67]",celu,model_8,Int8WeightOnlyConfig,int8,8.0,False,True,onnx_quantized_p99_latency,0.000566774420440197,onnx,p99_latency,False,3.0
1588,475,64,67,606,"[475, 64, 67]",celu,model_8,Float8WeightOnlyConfig,float8,8.0,False,True,onnx_quantized_p99_latency,,onnx,p99_latency,False,3.0
1589,475,64,67,606,"[475, 64, 67]",celu,model_8,Int8WeightOnlyConfig,int8,8.0,False,True,onnx_relative_model_size,2.3230690834971246,onnx,model_size,True,3.0
1590,475,64,67,606,"[475, 64, 67]",celu,model_8,Float8WeightOnlyConfig,float8,8.0,False,True,onnx_relative_model_size,,onnx,model_size,True,3.0
1591,475,64,67,606,"[475, 64, 67]",celu,model_8,Int8WeightOnlyConfig,int8,8.0,False,True,onnx_relative_median_latency,1.1099334556710967,onnx,median_latency,True,3.0
1592,475,64,67,606,"[475, 64, 67]",celu,model_8,Float8WeightOnlyConfig,float8,8.0,False,True,onnx_relative_median_latency,,onnx,median_latency,True,3.0
1593,475,64,67,606,"[475, 64, 67]",celu,model_8,Int8WeightOnlyConfig,int8,8.0,False,True,onnx_relative_p95_latency,1.100441685108046,onnx,p95_latency,True,3.0
1594,475,64,67,606,"[475, 64, 67]",celu,model_8,Float8WeightOnlyConfig,float8,8.0,False,True,onnx_relative_p95_latency,,onnx,p95_latency,True,3.0
1595,475,64,67,606,"[475, 64, 67]",celu,model_8,Int8WeightOnlyConfig,int8,8.0,False,True,onnx_relative_p99_latency,1.0495437135379044,onnx,p99_latency,True,3.0
1596,475,64,67,606,"[475, 64, 67]",celu,model_8,Float8WeightOnlyConfig,float8,8.0,False,True,onnx_relative_p99_latency,,onnx,p99_latency,True,3.0
1597,475,64,67,606,"[475, 64, 67]",celu,model_8,Int8WeightOnlyConfig,int8,8.0,False,True,pt2_quantized_model_size,219297.0,pt2,model_size,False,3.0
1598,475,64,67,606,"[475, 64, 67]",celu,model_8,Float8WeightOnlyConfig,float8,8.0,False,True,pt2_quantized_model_size,198497.0,pt2,model_size,False,3.0
1599,475,64,67,606,"[475, 64, 67]",celu,model_8,Int8WeightOnlyConfig,int8,8.0,False,True,pt2_quantized_median_latency,0.000875815749168396,pt2,median_latency,False,3.0
1600,475,64,67,606,"[475, 64, 67]",celu,model_8,Float8WeightOnlyConfig,float8,8.0,False,True,pt2_quantized_median_latency,0.0007152501493692398,pt2,median_latency,False,3.0
1601,475,64,67,606,"[475, 64, 67]",celu,model_8,Int8WeightOnlyConfig,int8,8.0,False,True,pt2_quantized_p95_latency,0.0009070234373211861,pt2,p95_latency,False,3.0
1602,475,64,67,606,"[475, 64, 67]",celu,model_8,Float8WeightOnlyConfig,float8,8.0,False,True,pt2_quantized_p95_latency,0.0007263684645295143,pt2,p95_latency,False,3.0
1603,475,64,67,606,"[475, 64, 67]",celu,model_8,Int8WeightOnlyConfig,int8,8.0,False,True,pt2_quantized_p99_latency,0.0010211486369371414,pt2,p99_latency,False,3.0
1604,475,64,67,606,"[475, 64, 67]",celu,model_8,Float8WeightOnlyConfig,float8,8.0,False,True,pt2_quantized_p99_latency,0.0008491018414497375,pt2,p99_latency,False,3.0
1605,475,64,67,606,"[475, 64, 67]",celu,model_8,Int8WeightOnlyConfig,int8,8.0,False,True,pt2_relative_model_size,0.6099699322153643,pt2,model_size,True,3.0
1606,475,64,67,606,"[475, 64, 67]",celu,model_8,Float8WeightOnlyConfig,float8,8.0,False,True,pt2_relative_model_size,0.5521151754695831,pt2,model_size,True,3.0
1607,475,64,67,606,"[475, 64, 67]",celu,model_8,Int8WeightOnlyConfig,int8,8.0,False,True,pt2_relative_median_latency,1.5508682817421706,pt2,median_latency,True,3.0
1608,475,64,67,606,"[475, 64, 67]",celu,model_8,Float8WeightOnlyConfig,float8,8.0,False,True,pt2_relative_median_latency,1.266543529528176,pt2,median_latency,True,3.0
1609,475,64,67,606,"[475, 64, 67]",celu,model_8,Int8WeightOnlyConfig,int8,8.0,False,True,pt2_relative_p95_latency,1.5323505653391452,pt2,p95_latency,True,3.0
1610,475,64,67,606,"[475, 64, 67]",celu,model_8,Float8WeightOnlyConfig,float8,8.0,False,True,pt2_relative_p95_latency,1.2271470410440843,pt2,p95_latency,True,3.0
1611,475,64,67,606,"[475, 64, 67]",celu,model_8,Int8WeightOnlyConfig,int8,8.0,False,True,pt2_relative_p99_latency,1.3942992597427497,pt2,p99_latency,True,3.0
1612,475,64,67,606,"[475, 64, 67]",celu,model_8,Float8WeightOnlyConfig,float8,8.0,False,True,pt2_relative_p99_latency,1.159382705078665,pt2,p99_latency,True,3.0
1613,523,447,117,1087,"[523, 447, 117]",celu,model_9,Int8WeightOnlyConfig,int8,8.0,False,True,pytorch_quantized_MAE,8.942652963403251,pytorch,MAE,False,1.0
1614,523,447,117,1087,"[523, 447, 117]",celu,model_9,Float8WeightOnlyConfig,float8,8.0,False,True,pytorch_quantized_MAE,8.941305097721706,pytorch,MAE,False,1.0
1615,523,447,117,1087,"[523, 447, 117]",celu,model_9,Int8WeightOnlyConfig,int8,8.0,False,True,pytorch_relative_MAE,1.0005839059057589,pytorch,MAE,True,1.0
1616,523,447,117,1087,"[523, 447, 117]",celu,model_9,Float8WeightOnlyConfig,float8,8.0,False,True,pytorch_relative_MAE,1.0004330946516717,pytorch,MAE,True,1.0
1617,523,447,117,1087,"[523, 447, 117]",celu,model_9,Int8WeightOnlyConfig,int8,8.0,False,True,pytorch_quantized_model_size,329648.0,pytorch,model_size,False,1.0
1618,523,447,117,1087,"[523, 447, 117]",celu,model_9,Float8WeightOnlyConfig,float8,8.0,False,True,pytorch_quantized_model_size,329648.0,pytorch,model_size,False,1.0
1619,523,447,117,1087,"[523, 447, 117]",celu,model_9,Int8WeightOnlyConfig,int8,8.0,False,True,pytorch_quantized_median_latency,0.00048376619815826416,pytorch,median_latency,False,1.0
1620,523,447,117,1087,"[523, 447, 117]",celu,model_9,Float8WeightOnlyConfig,float8,8.0,False,True,pytorch_quantized_median_latency,0.000534718856215477,pytorch,median_latency,False,1.0
1621,523,447,117,1087,"[523, 447, 117]",celu,model_9,Int8WeightOnlyConfig,int8,8.0,False,True,pytorch_quantized_p95_latency,0.000493534468114376,pytorch,p95_latency,False,1.0
1622,523,447,117,1087,"[523, 447, 117]",celu,model_9,Float8WeightOnlyConfig,float8,8.0,False,True,pytorch_quantized_p95_latency,0.0005437491461634635,pytorch,p95_latency,False,1.0
1623,523,447,117,1087,"[523, 447, 117]",celu,model_9,Int8WeightOnlyConfig,int8,8.0,False,True,pytorch_quantized_p99_latency,0.0004972171038389206,pytorch,p99_latency,False,1.0
1624,523,447,117,1087,"[523, 447, 117]",celu,model_9,Float8WeightOnlyConfig,float8,8.0,False,True,pytorch_quantized_p99_latency,0.0005573673173785208,pytorch,p99_latency,False,1.0
1625,523,447,117,1087,"[523, 447, 117]",celu,model_9,Int8WeightOnlyConfig,int8,8.0,False,True,pytorch_relative_model_size,0.25,pytorch,model_size,True,1.0
1626,523,447,117,1087,"[523, 447, 117]",celu,model_9,Float8WeightOnlyConfig,float8,8.0,False,True,pytorch_relative_model_size,0.25,pytorch,model_size,True,1.0
1627,523,447,117,1087,"[523, 447, 117]",celu,model_9,Int8WeightOnlyConfig,int8,8.0,False,True,pytorch_relative_median_latency,2.608154247840932,pytorch,median_latency,True,1.0
1628,523,447,117,1087,"[523, 447, 117]",celu,model_9,Float8WeightOnlyConfig,float8,8.0,False,True,pytorch_relative_median_latency,2.882858003615184,pytorch,median_latency,True,1.0
1629,523,447,117,1087,"[523, 447, 117]",celu,model_9,Int8WeightOnlyConfig,int8,8.0,False,True,pytorch_relative_p95_latency,1.3866740981478864,pytorch,p95_latency,True,1.0
1630,523,447,117,1087,"[523, 447, 117]",celu,model_9,Float8WeightOnlyConfig,float8,8.0,False,True,pytorch_relative_p95_latency,1.5277612924497197,pytorch,p95_latency,True,1.0
1631,523,447,117,1087,"[523, 447, 117]",celu,model_9,Int8WeightOnlyConfig,int8,8.0,False,True,pytorch_relative_p99_latency,1.3413710655909625,pytorch,p99_latency,True,1.0
1632,523,447,117,1087,"[523, 447, 117]",celu,model_9,Float8WeightOnlyConfig,float8,8.0,False,True,pytorch_relative_p99_latency,1.5036417425411182,pytorch,p99_latency,True,1.0
1633,523,447,117,1087,"[523, 447, 117]",celu,model_9,Int8WeightOnlyConfig,int8,8.0,False,True,onnx_quantized_model_size,32809.0,onnx,model_size,False,1.0
1634,523,447,117,1087,"[523, 447, 117]",celu,model_9,Float8WeightOnlyConfig,float8,8.0,False,True,onnx_quantized_model_size,,onnx,model_size,False,1.0
1635,523,447,117,1087,"[523, 447, 117]",celu,model_9,Int8WeightOnlyConfig,int8,8.0,False,True,onnx_quantized_median_latency,0.0011301487684249878,onnx,median_latency,False,1.0
1636,523,447,117,1087,"[523, 447, 117]",celu,model_9,Float8WeightOnlyConfig,float8,8.0,False,True,onnx_quantized_median_latency,,onnx,median_latency,False,1.0
1637,523,447,117,1087,"[523, 447, 117]",celu,model_9,Int8WeightOnlyConfig,int8,8.0,False,True,onnx_quantized_p95_latency,0.0014559613540768622,onnx,p95_latency,False,1.0
1638,523,447,117,1087,"[523, 447, 117]",celu,model_9,Float8WeightOnlyConfig,float8,8.0,False,True,onnx_quantized_p95_latency,,onnx,p95_latency,False,1.0
1639,523,447,117,1087,"[523, 447, 117]",celu,model_9,Int8WeightOnlyConfig,int8,8.0,False,True,onnx_quantized_p99_latency,0.014170718118548394,onnx,p99_latency,False,1.0
1640,523,447,117,1087,"[523, 447, 117]",celu,model_9,Float8WeightOnlyConfig,float8,8.0,False,True,onnx_quantized_p99_latency,,onnx,p99_latency,False,1.0
1641,523,447,117,1087,"[523, 447, 117]",celu,model_9,Int8WeightOnlyConfig,int8,8.0,False,True,onnx_relative_model_size,2.420435263740317,onnx,model_size,True,1.0
1642,523,447,117,1087,"[523, 447, 117]",celu,model_9,Float8WeightOnlyConfig,float8,8.0,False,True,onnx_relative_model_size,,onnx,model_size,True,1.0
1643,523,447,117,1087,"[523, 447, 117]",celu,model_9,Int8WeightOnlyConfig,int8,8.0,False,True,onnx_relative_median_latency,1.1010608760665923,onnx,median_latency,True,1.0
1644,523,447,117,1087,"[523, 447, 117]",celu,model_9,Float8WeightOnlyConfig,float8,8.0,False,True,onnx_relative_median_latency,,onnx,median_latency,True,1.0
1645,523,447,117,1087,"[523, 447, 117]",celu,model_9,Int8WeightOnlyConfig,int8,8.0,False,True,onnx_relative_p95_latency,1.4056583958449396,onnx,p95_latency,True,1.0
1646,523,447,117,1087,"[523, 447, 117]",celu,model_9,Float8WeightOnlyConfig,float8,8.0,False,True,onnx_relative_p95_latency,,onnx,p95_latency,True,1.0
1647,523,447,117,1087,"[523, 447, 117]",celu,model_9,Int8WeightOnlyConfig,int8,8.0,False,True,onnx_relative_p99_latency,13.613277622744482,onnx,p99_latency,True,1.0
1648,523,447,117,1087,"[523, 447, 117]",celu,model_9,Float8WeightOnlyConfig,float8,8.0,False,True,onnx_relative_p99_latency,,onnx,p99_latency,True,1.0
1649,523,447,117,1087,"[523, 447, 117]",celu,model_9,Int8WeightOnlyConfig,int8,8.0,False,True,pt2_quantized_model_size,478433.0,pt2,model_size,False,1.0
1650,523,447,117,1087,"[523, 447, 117]",celu,model_9,Float8WeightOnlyConfig,float8,8.0,False,True,pt2_quantized_model_size,457633.0,pt2,model_size,False,1.0
1651,523,447,117,1087,"[523, 447, 117]",celu,model_9,Int8WeightOnlyConfig,int8,8.0,False,True,pt2_quantized_median_latency,0.0008842125535011292,pt2,median_latency,False,1.0
1652,523,447,117,1087,"[523, 447, 117]",celu,model_9,Float8WeightOnlyConfig,float8,8.0,False,True,pt2_quantized_median_latency,0.0007259063422679901,pt2,median_latency,False,1.0
1653,523,447,117,1087,"[523, 447, 117]",celu,model_9,Int8WeightOnlyConfig,int8,8.0,False,True,pt2_quantized_p95_latency,0.0008983321487903594,pt2,p95_latency,False,1.0
1654,523,447,117,1087,"[523, 447, 117]",celu,model_9,Float8WeightOnlyConfig,float8,8.0,False,True,pt2_quantized_p95_latency,0.0007351767271757126,pt2,p95_latency,False,1.0
1655,523,447,117,1087,"[523, 447, 117]",celu,model_9,Int8WeightOnlyConfig,int8,8.0,False,True,pt2_quantized_p99_latency,0.0010238182544708252,pt2,p99_latency,False,1.0
1656,523,447,117,1087,"[523, 447, 117]",celu,model_9,Float8WeightOnlyConfig,float8,8.0,False,True,pt2_quantized_p99_latency,0.0008517955243587494,pt2,p99_latency,False,1.0
1657,523,447,117,1087,"[523, 447, 117]",celu,model_9,Int8WeightOnlyConfig,int8,8.0,False,True,pt2_relative_model_size,0.34601634930197606,pt2,model_size,True,1.0
1658,523,447,117,1087,"[523, 447, 117]",celu,model_9,Float8WeightOnlyConfig,float8,8.0,False,True,pt2_relative_model_size,0.3309731978774692,pt2,model_size,True,1.0
1659,523,447,117,1087,"[523, 447, 117]",celu,model_9,Int8WeightOnlyConfig,int8,8.0,False,True,pt2_relative_median_latency,0.9794761221900115,pt2,median_latency,True,1.0
1660,523,447,117,1087,"[523, 447, 117]",celu,model_9,Float8WeightOnlyConfig,float8,8.0,False,True,pt2_relative_median_latency,0.8041142668496146,pt2,median_latency,True,1.0
1661,523,447,117,1087,"[523, 447, 117]",celu,model_9,Int8WeightOnlyConfig,int8,8.0,False,True,pt2_relative_p95_latency,0.9686334368334585,pt2,p95_latency,True,1.0
1662,523,447,117,1087,"[523, 447, 117]",celu,model_9,Float8WeightOnlyConfig,float8,8.0,False,True,pt2_relative_p95_latency,0.7927098689310834,pt2,p95_latency,True,1.0
1663,523,447,117,1087,"[523, 447, 117]",celu,model_9,Int8WeightOnlyConfig,int8,8.0,False,True,pt2_relative_p99_latency,0.9766679280031773,pt2,p99_latency,True,1.0
1664,523,447,117,1087,"[523, 447, 117]",celu,model_9,Float8WeightOnlyConfig,float8,8.0,False,True,pt2_relative_p99_latency,0.8125674319880435,pt2,p99_latency,True,1.0
1665,523,447,117,1087,"[523, 447, 117]",celu,model_9,Int8WeightOnlyConfig,int8,8.0,False,True,pytorch_quantized_MAE,9.02492438502056,pytorch,MAE,False,2.0
1666,523,447,117,1087,"[523, 447, 117]",celu,model_9,Float8WeightOnlyConfig,float8,8.0,False,True,pytorch_quantized_MAE,9.021544950813588,pytorch,MAE,False,2.0
1667,523,447,117,1087,"[523, 447, 117]",celu,model_9,Int8WeightOnlyConfig,int8,8.0,False,True,pytorch_relative_MAE,1.00066808822437,pytorch,MAE,True,2.0
1668,523,447,117,1087,"[523, 447, 117]",celu,model_9,Float8WeightOnlyConfig,float8,8.0,False,True,pytorch_relative_MAE,1.000293382373894,pytorch,MAE,True,2.0
1669,523,447,117,1087,"[523, 447, 117]",celu,model_9,Int8WeightOnlyConfig,int8,8.0,False,True,pytorch_quantized_model_size,329648.0,pytorch,model_size,False,2.0
1670,523,447,117,1087,"[523, 447, 117]",celu,model_9,Float8WeightOnlyConfig,float8,8.0,False,True,pytorch_quantized_model_size,329648.0,pytorch,model_size,False,2.0
1671,523,447,117,1087,"[523, 447, 117]",celu,model_9,Int8WeightOnlyConfig,int8,8.0,False,True,pytorch_quantized_median_latency,0.0004461929202079773,pytorch,median_latency,False,2.0
1672,523,447,117,1087,"[523, 447, 117]",celu,model_9,Float8WeightOnlyConfig,float8,8.0,False,True,pytorch_quantized_median_latency,0.0005473550409078598,pytorch,median_latency,False,2.0
1673,523,447,117,1087,"[523, 447, 117]",celu,model_9,Int8WeightOnlyConfig,int8,8.0,False,True,pytorch_quantized_p95_latency,0.00045756343752145767,pytorch,p95_latency,False,2.0
1674,523,447,117,1087,"[523, 447, 117]",celu,model_9,Float8WeightOnlyConfig,float8,8.0,False,True,pytorch_quantized_p95_latency,0.0005558362230658531,pytorch,p95_latency,False,2.0
1675,523,447,117,1087,"[523, 447, 117]",celu,model_9,Int8WeightOnlyConfig,int8,8.0,False,True,pytorch_quantized_p99_latency,0.00046292390674352647,pytorch,p99_latency,False,2.0
1676,523,447,117,1087,"[523, 447, 117]",celu,model_9,Float8WeightOnlyConfig,float8,8.0,False,True,pytorch_quantized_p99_latency,0.0005617032572627067,pytorch,p99_latency,False,2.0
1677,523,447,117,1087,"[523, 447, 117]",celu,model_9,Int8WeightOnlyConfig,int8,8.0,False,True,pytorch_relative_model_size,0.25,pytorch,model_size,True,2.0
1678,523,447,117,1087,"[523, 447, 117]",celu,model_9,Float8WeightOnlyConfig,float8,8.0,False,True,pytorch_relative_model_size,0.25,pytorch,model_size,True,2.0
1679,523,447,117,1087,"[523, 447, 117]",celu,model_9,Int8WeightOnlyConfig,int8,8.0,False,True,pytorch_relative_median_latency,2.371034632934446,pytorch,median_latency,True,2.0
1680,523,447,117,1087,"[523, 447, 117]",celu,model_9,Float8WeightOnlyConfig,float8,8.0,False,True,pytorch_relative_median_latency,2.9086023101820233,pytorch,median_latency,True,2.0
1681,523,447,117,1087,"[523, 447, 117]",celu,model_9,Int8WeightOnlyConfig,int8,8.0,False,True,pytorch_relative_p95_latency,2.278482128033346,pytorch,p95_latency,True,2.0
1682,523,447,117,1087,"[523, 447, 117]",celu,model_9,Float8WeightOnlyConfig,float8,8.0,False,True,pytorch_relative_p95_latency,2.767841126531687,pytorch,p95_latency,True,2.0
1683,523,447,117,1087,"[523, 447, 117]",celu,model_9,Int8WeightOnlyConfig,int8,8.0,False,True,pytorch_relative_p99_latency,2.259422138648469,pytorch,p99_latency,True,2.0
1684,523,447,117,1087,"[523, 447, 117]",celu,model_9,Float8WeightOnlyConfig,float8,8.0,False,True,pytorch_relative_p99_latency,2.7415407939029786,pytorch,p99_latency,True,2.0
1685,523,447,117,1087,"[523, 447, 117]",celu,model_9,Int8WeightOnlyConfig,int8,8.0,False,True,onnx_quantized_model_size,32809.0,onnx,model_size,False,2.0
1686,523,447,117,1087,"[523, 447, 117]",celu,model_9,Float8WeightOnlyConfig,float8,8.0,False,True,onnx_quantized_model_size,,onnx,model_size,False,2.0
1687,523,447,117,1087,"[523, 447, 117]",celu,model_9,Int8WeightOnlyConfig,int8,8.0,False,True,onnx_quantized_median_latency,0.001138279214501381,onnx,median_latency,False,2.0
1688,523,447,117,1087,"[523, 447, 117]",celu,model_9,Float8WeightOnlyConfig,float8,8.0,False,True,onnx_quantized_median_latency,,onnx,median_latency,False,2.0
1689,523,447,117,1087,"[523, 447, 117]",celu,model_9,Int8WeightOnlyConfig,int8,8.0,False,True,onnx_quantized_p95_latency,0.001160656288266182,onnx,p95_latency,False,2.0
1690,523,447,117,1087,"[523, 447, 117]",celu,model_9,Float8WeightOnlyConfig,float8,8.0,False,True,onnx_quantized_p95_latency,,onnx,p95_latency,False,2.0
1691,523,447,117,1087,"[523, 447, 117]",celu,model_9,Int8WeightOnlyConfig,int8,8.0,False,True,onnx_quantized_p99_latency,0.0011734521389007567,onnx,p99_latency,False,2.0
1692,523,447,117,1087,"[523, 447, 117]",celu,model_9,Float8WeightOnlyConfig,float8,8.0,False,True,onnx_quantized_p99_latency,,onnx,p99_latency,False,2.0
1693,523,447,117,1087,"[523, 447, 117]",celu,model_9,Int8WeightOnlyConfig,int8,8.0,False,True,onnx_relative_model_size,2.420435263740317,onnx,model_size,True,2.0
1694,523,447,117,1087,"[523, 447, 117]",celu,model_9,Float8WeightOnlyConfig,float8,8.0,False,True,onnx_relative_model_size,,onnx,model_size,True,2.0
1695,523,447,117,1087,"[523, 447, 117]",celu,model_9,Int8WeightOnlyConfig,int8,8.0,False,True,onnx_relative_median_latency,1.0675586441104332,onnx,median_latency,True,2.0
1696,523,447,117,1087,"[523, 447, 117]",celu,model_9,Float8WeightOnlyConfig,float8,8.0,False,True,onnx_relative_median_latency,,onnx,median_latency,True,2.0
1697,523,447,117,1087,"[523, 447, 117]",celu,model_9,Int8WeightOnlyConfig,int8,8.0,False,True,onnx_relative_p95_latency,1.0692278930865795,onnx,p95_latency,True,2.0
1698,523,447,117,1087,"[523, 447, 117]",celu,model_9,Float8WeightOnlyConfig,float8,8.0,False,True,onnx_relative_p95_latency,,onnx,p95_latency,True,2.0
1699,523,447,117,1087,"[523, 447, 117]",celu,model_9,Int8WeightOnlyConfig,int8,8.0,False,True,onnx_relative_p99_latency,0.8572443514460568,onnx,p99_latency,True,2.0
1700,523,447,117,1087,"[523, 447, 117]",celu,model_9,Float8WeightOnlyConfig,float8,8.0,False,True,onnx_relative_p99_latency,,onnx,p99_latency,True,2.0
1701,523,447,117,1087,"[523, 447, 117]",celu,model_9,Int8WeightOnlyConfig,int8,8.0,False,True,pt2_quantized_model_size,478433.0,pt2,model_size,False,2.0
1702,523,447,117,1087,"[523, 447, 117]",celu,model_9,Float8WeightOnlyConfig,float8,8.0,False,True,pt2_quantized_model_size,457633.0,pt2,model_size,False,2.0
1703,523,447,117,1087,"[523, 447, 117]",celu,model_9,Int8WeightOnlyConfig,int8,8.0,False,True,pt2_quantized_median_latency,0.0009229090064764023,pt2,median_latency,False,2.0
1704,523,447,117,1087,"[523, 447, 117]",celu,model_9,Float8WeightOnlyConfig,float8,8.0,False,True,pt2_quantized_median_latency,0.0007501710206270218,pt2,median_latency,False,2.0
1705,523,447,117,1087,"[523, 447, 117]",celu,model_9,Int8WeightOnlyConfig,int8,8.0,False,True,pt2_quantized_p95_latency,0.0009472832083702087,pt2,p95_latency,False,2.0
1706,523,447,117,1087,"[523, 447, 117]",celu,model_9,Float8WeightOnlyConfig,float8,8.0,False,True,pt2_quantized_p95_latency,0.000763699971139431,pt2,p95_latency,False,2.0
1707,523,447,117,1087,"[523, 447, 117]",celu,model_9,Int8WeightOnlyConfig,int8,8.0,False,True,pt2_quantized_p99_latency,0.0010599294304847718,pt2,p99_latency,False,2.0
1708,523,447,117,1087,"[523, 447, 117]",celu,model_9,Float8WeightOnlyConfig,float8,8.0,False,True,pt2_quantized_p99_latency,0.0008981800824403762,pt2,p99_latency,False,2.0
1709,523,447,117,1087,"[523, 447, 117]",celu,model_9,Int8WeightOnlyConfig,int8,8.0,False,True,pt2_relative_model_size,0.34601634930197606,pt2,model_size,True,2.0
1710,523,447,117,1087,"[523, 447, 117]",celu,model_9,Float8WeightOnlyConfig,float8,8.0,False,True,pt2_relative_model_size,0.3309731978774692,pt2,model_size,True,2.0
1711,523,447,117,1087,"[523, 447, 117]",celu,model_9,Int8WeightOnlyConfig,int8,8.0,False,True,pt2_relative_median_latency,1.0186278581149701,pt2,median_latency,True,2.0
1712,523,447,117,1087,"[523, 447, 117]",celu,model_9,Float8WeightOnlyConfig,float8,8.0,False,True,pt2_relative_median_latency,0.8279744748387203,pt2,median_latency,True,2.0
1713,523,447,117,1087,"[523, 447, 117]",celu,model_9,Int8WeightOnlyConfig,int8,8.0,False,True,pt2_relative_p95_latency,1.0339643355975139,pt2,p95_latency,True,2.0
1714,523,447,117,1087,"[523, 447, 117]",celu,model_9,Float8WeightOnlyConfig,float8,8.0,False,True,pt2_relative_p95_latency,0.8335823186537714,pt2,p95_latency,True,2.0
1715,523,447,117,1087,"[523, 447, 117]",celu,model_9,Int8WeightOnlyConfig,int8,8.0,False,True,pt2_relative_p99_latency,0.978190326182122,pt2,p99_latency,True,2.0
1716,523,447,117,1087,"[523, 447, 117]",celu,model_9,Float8WeightOnlyConfig,float8,8.0,False,True,pt2_relative_p99_latency,0.8289146829433751,pt2,p99_latency,True,2.0
1717,523,447,117,1087,"[523, 447, 117]",celu,model_9,Int8WeightOnlyConfig,int8,8.0,False,True,pytorch_quantized_MAE,8.890108454821812,pytorch,MAE,False,3.0
1718,523,447,117,1087,"[523, 447, 117]",celu,model_9,Float8WeightOnlyConfig,float8,8.0,False,True,pytorch_quantized_MAE,8.885653677910762,pytorch,MAE,False,3.0
1719,523,447,117,1087,"[523, 447, 117]",celu,model_9,Int8WeightOnlyConfig,int8,8.0,False,True,pytorch_relative_MAE,1.0006297945675018,pytorch,MAE,True,3.0
1720,523,447,117,1087,"[523, 447, 117]",celu,model_9,Float8WeightOnlyConfig,float8,8.0,False,True,pytorch_relative_MAE,1.000128385329583,pytorch,MAE,True,3.0
1721,523,447,117,1087,"[523, 447, 117]",celu,model_9,Int8WeightOnlyConfig,int8,8.0,False,True,pytorch_quantized_model_size,329648.0,pytorch,model_size,False,3.0
1722,523,447,117,1087,"[523, 447, 117]",celu,model_9,Float8WeightOnlyConfig,float8,8.0,False,True,pytorch_quantized_model_size,329648.0,pytorch,model_size,False,3.0
1723,523,447,117,1087,"[523, 447, 117]",celu,model_9,Int8WeightOnlyConfig,int8,8.0,False,True,pytorch_quantized_median_latency,0.00043667666614055634,pytorch,median_latency,False,3.0
1724,523,447,117,1087,"[523, 447, 117]",celu,model_9,Float8WeightOnlyConfig,float8,8.0,False,True,pytorch_quantized_median_latency,0.0005380678921937943,pytorch,median_latency,False,3.0
1725,523,447,117,1087,"[523, 447, 117]",celu,model_9,Int8WeightOnlyConfig,int8,8.0,False,True,pytorch_quantized_p95_latency,0.00044784191995859144,pytorch,p95_latency,False,3.0
1726,523,447,117,1087,"[523, 447, 117]",celu,model_9,Float8WeightOnlyConfig,float8,8.0,False,True,pytorch_quantized_p95_latency,0.000546276941895485,pytorch,p95_latency,False,3.0
1727,523,447,117,1087,"[523, 447, 117]",celu,model_9,Int8WeightOnlyConfig,int8,8.0,False,True,pytorch_quantized_p99_latency,0.00046585887670516965,pytorch,p99_latency,False,3.0
1728,523,447,117,1087,"[523, 447, 117]",celu,model_9,Float8WeightOnlyConfig,float8,8.0,False,True,pytorch_quantized_p99_latency,0.0005597615614533424,pytorch,p99_latency,False,3.0
1729,523,447,117,1087,"[523, 447, 117]",celu,model_9,Int8WeightOnlyConfig,int8,8.0,False,True,pytorch_relative_model_size,0.25,pytorch,model_size,True,3.0
1730,523,447,117,1087,"[523, 447, 117]",celu,model_9,Float8WeightOnlyConfig,float8,8.0,False,True,pytorch_relative_model_size,0.25,pytorch,model_size,True,3.0
1731,523,447,117,1087,"[523, 447, 117]",celu,model_9,Int8WeightOnlyConfig,int8,8.0,False,True,pytorch_relative_median_latency,2.609981742073388,pytorch,median_latency,True,3.0
1732,523,447,117,1087,"[523, 447, 117]",celu,model_9,Float8WeightOnlyConfig,float8,8.0,False,True,pytorch_relative_median_latency,3.215989045244033,pytorch,median_latency,True,3.0
1733,523,447,117,1087,"[523, 447, 117]",celu,model_9,Int8WeightOnlyConfig,int8,8.0,False,True,pytorch_relative_p95_latency,2.4875592705135725,pytorch,p95_latency,True,3.0
1734,523,447,117,1087,"[523, 447, 117]",celu,model_9,Float8WeightOnlyConfig,float8,8.0,False,True,pytorch_relative_p95_latency,3.0343212873095147,pytorch,p95_latency,True,3.0
1735,523,447,117,1087,"[523, 447, 117]",celu,model_9,Int8WeightOnlyConfig,int8,8.0,False,True,pytorch_relative_p99_latency,2.5599855227688852,pytorch,p99_latency,True,3.0
1736,523,447,117,1087,"[523, 447, 117]",celu,model_9,Float8WeightOnlyConfig,float8,8.0,False,True,pytorch_relative_p99_latency,3.075999117281949,pytorch,p99_latency,True,3.0
1737,523,447,117,1087,"[523, 447, 117]",celu,model_9,Int8WeightOnlyConfig,int8,8.0,False,True,onnx_quantized_model_size,32809.0,onnx,model_size,False,3.0
1738,523,447,117,1087,"[523, 447, 117]",celu,model_9,Float8WeightOnlyConfig,float8,8.0,False,True,onnx_quantized_model_size,,onnx,model_size,False,3.0
1739,523,447,117,1087,"[523, 447, 117]",celu,model_9,Int8WeightOnlyConfig,int8,8.0,False,True,onnx_quantized_median_latency,0.001138642430305481,onnx,median_latency,False,3.0
1740,523,447,117,1087,"[523, 447, 117]",celu,model_9,Float8WeightOnlyConfig,float8,8.0,False,True,onnx_quantized_median_latency,,onnx,median_latency,False,3.0
1741,523,447,117,1087,"[523, 447, 117]",celu,model_9,Int8WeightOnlyConfig,int8,8.0,False,True,onnx_quantized_p95_latency,0.0014559807255864143,onnx,p95_latency,False,3.0
1742,523,447,117,1087,"[523, 447, 117]",celu,model_9,Float8WeightOnlyConfig,float8,8.0,False,True,onnx_quantized_p95_latency,,onnx,p95_latency,False,3.0
1743,523,447,117,1087,"[523, 447, 117]",celu,model_9,Int8WeightOnlyConfig,int8,8.0,False,True,onnx_quantized_p99_latency,0.0014708087220788,onnx,p99_latency,False,3.0
1744,523,447,117,1087,"[523, 447, 117]",celu,model_9,Float8WeightOnlyConfig,float8,8.0,False,True,onnx_quantized_p99_latency,,onnx,p99_latency,False,3.0
1745,523,447,117,1087,"[523, 447, 117]",celu,model_9,Int8WeightOnlyConfig,int8,8.0,False,True,onnx_relative_model_size,2.420435263740317,onnx,model_size,True,3.0
1746,523,447,117,1087,"[523, 447, 117]",celu,model_9,Float8WeightOnlyConfig,float8,8.0,False,True,onnx_relative_model_size,,onnx,model_size,True,3.0
1747,523,447,117,1087,"[523, 447, 117]",celu,model_9,Int8WeightOnlyConfig,int8,8.0,False,True,onnx_relative_median_latency,1.0671331088405804,onnx,median_latency,True,3.0
1748,523,447,117,1087,"[523, 447, 117]",celu,model_9,Float8WeightOnlyConfig,float8,8.0,False,True,onnx_relative_median_latency,,onnx,median_latency,True,3.0
1749,523,447,117,1087,"[523, 447, 117]",celu,model_9,Int8WeightOnlyConfig,int8,8.0,False,True,onnx_relative_p95_latency,1.34931803375808,onnx,p95_latency,True,3.0
1750,523,447,117,1087,"[523, 447, 117]",celu,model_9,Float8WeightOnlyConfig,float8,8.0,False,True,onnx_relative_p95_latency,,onnx,p95_latency,True,3.0
1751,523,447,117,1087,"[523, 447, 117]",celu,model_9,Int8WeightOnlyConfig,int8,8.0,False,True,onnx_relative_p99_latency,1.3527297344958764,onnx,p99_latency,True,3.0
1752,523,447,117,1087,"[523, 447, 117]",celu,model_9,Float8WeightOnlyConfig,float8,8.0,False,True,onnx_relative_p99_latency,,onnx,p99_latency,True,3.0
1753,523,447,117,1087,"[523, 447, 117]",celu,model_9,Int8WeightOnlyConfig,int8,8.0,False,True,pt2_quantized_model_size,478433.0,pt2,model_size,False,3.0
1754,523,447,117,1087,"[523, 447, 117]",celu,model_9,Float8WeightOnlyConfig,float8,8.0,False,True,pt2_quantized_model_size,457633.0,pt2,model_size,False,3.0
1755,523,447,117,1087,"[523, 447, 117]",celu,model_9,Int8WeightOnlyConfig,int8,8.0,False,True,pt2_quantized_median_latency,0.0009034983813762665,pt2,median_latency,False,3.0
1756,523,447,117,1087,"[523, 447, 117]",celu,model_9,Float8WeightOnlyConfig,float8,8.0,False,True,pt2_quantized_median_latency,0.0007382631301879883,pt2,median_latency,False,3.0
1757,523,447,117,1087,"[523, 447, 117]",celu,model_9,Int8WeightOnlyConfig,int8,8.0,False,True,pt2_quantized_p95_latency,0.0009163638576865196,pt2,p95_latency,False,3.0
1758,523,447,117,1087,"[523, 447, 117]",celu,model_9,Float8WeightOnlyConfig,float8,8.0,False,True,pt2_quantized_p95_latency,0.0007480779662728309,pt2,p95_latency,False,3.0
1759,523,447,117,1087,"[523, 447, 117]",celu,model_9,Int8WeightOnlyConfig,int8,8.0,False,True,pt2_quantized_p99_latency,0.0010372941568493842,pt2,p99_latency,False,3.0
1760,523,447,117,1087,"[523, 447, 117]",celu,model_9,Float8WeightOnlyConfig,float8,8.0,False,True,pt2_quantized_p99_latency,0.0008743463084101677,pt2,p99_latency,False,3.0
1761,523,447,117,1087,"[523, 447, 117]",celu,model_9,Int8WeightOnlyConfig,int8,8.0,False,True,pt2_relative_model_size,0.34601634930197606,pt2,model_size,True,3.0
1762,523,447,117,1087,"[523, 447, 117]",celu,model_9,Float8WeightOnlyConfig,float8,8.0,False,True,pt2_relative_model_size,0.3309731978774692,pt2,model_size,True,3.0
1763,523,447,117,1087,"[523, 447, 117]",celu,model_9,Int8WeightOnlyConfig,int8,8.0,False,True,pt2_relative_median_latency,0.9660011072741539,pt2,median_latency,True,3.0
1764,523,447,117,1087,"[523, 447, 117]",celu,model_9,Float8WeightOnlyConfig,float8,8.0,False,True,pt2_relative_median_latency,0.7893351177175814,pt2,median_latency,True,3.0
1765,523,447,117,1087,"[523, 447, 117]",celu,model_9,Int8WeightOnlyConfig,int8,8.0,False,True,pt2_relative_p95_latency,0.9357797903379234,pt2,p95_latency,True,3.0
1766,523,447,117,1087,"[523, 447, 117]",celu,model_9,Float8WeightOnlyConfig,float8,8.0,False,True,pt2_relative_p95_latency,0.7639282546591731,pt2,p95_latency,True,3.0
1767,523,447,117,1087,"[523, 447, 117]",celu,model_9,Int8WeightOnlyConfig,int8,8.0,False,True,pt2_relative_p99_latency,0.9395315112572091,pt2,p99_latency,True,3.0
1768,523,447,117,1087,"[523, 447, 117]",celu,model_9,Float8WeightOnlyConfig,float8,8.0,False,True,pt2_relative_p99_latency,0.7919411317208891,pt2,p99_latency,True,3.0
