,config_name,precision,bits_per_weight,dynamic_calibration,weight_only,metric,value,runtime,base_metric,relative,train_run,eval_run,split
0,Int8WeightOnlyConfig,int8,8,False,True,pytorch_quantized_MAE,7.583008856602667,pytorch,MAE,False,1,1,train
1,Float8WeightOnlyConfig,float8,8,False,True,pytorch_quantized_MAE,7.6260046097527425,pytorch,MAE,False,1,1,train
2,Int8WeightOnlyConfig,int8,8,False,True,pytorch_relative_MAE,1.0000569263636123,pytorch,MAE,True,1,1,train
3,Float8WeightOnlyConfig,float8,8,False,True,pytorch_relative_MAE,1.0057272613922352,pytorch,MAE,True,1,1,train
4,Int8WeightOnlyConfig,int8,8,False,True,pytorch_quantized_model_size,206337.0,pytorch,model_size,False,1,1,train
5,Float8WeightOnlyConfig,float8,8,False,True,pytorch_quantized_model_size,206337.0,pytorch,model_size,False,1,1,train
6,Int8WeightOnlyConfig,int8,8,False,True,pytorch_quantized_median_latency,0.00019193626940250397,pytorch,median_latency,False,1,1,train
7,Float8WeightOnlyConfig,float8,8,False,True,pytorch_quantized_median_latency,0.0002432204782962799,pytorch,median_latency,False,1,1,train
8,Int8WeightOnlyConfig,int8,8,False,True,pytorch_quantized_p95_latency,0.00019786842167377472,pytorch,p95_latency,False,1,1,train
9,Float8WeightOnlyConfig,float8,8,False,True,pytorch_quantized_p95_latency,0.00024872180074453354,pytorch,p95_latency,False,1,1,train
10,Int8WeightOnlyConfig,int8,8,False,True,pytorch_quantized_p99_latency,0.0002049669250845909,pytorch,p99_latency,False,1,1,train
11,Float8WeightOnlyConfig,float8,8,False,True,pytorch_quantized_p99_latency,0.0002533704787492752,pytorch,p99_latency,False,1,1,train
12,Int8WeightOnlyConfig,int8,8,False,True,pytorch_relative_model_size,0.25,pytorch,model_size,True,1,1,train
13,Float8WeightOnlyConfig,float8,8,False,True,pytorch_relative_model_size,0.25,pytorch,model_size,True,1,1,train
14,Int8WeightOnlyConfig,int8,8,False,True,pytorch_relative_median_latency,1.7742518681772788,pytorch,median_latency,True,1,1,train
15,Float8WeightOnlyConfig,float8,8,False,True,pytorch_relative_median_latency,2.2483212231826166,pytorch,median_latency,True,1,1,train
16,Int8WeightOnlyConfig,int8,8,False,True,pytorch_relative_p95_latency,1.7623165805386665,pytorch,p95_latency,True,1,1,train
17,Float8WeightOnlyConfig,float8,8,False,True,pytorch_relative_p95_latency,2.2152425823469395,pytorch,p95_latency,True,1,1,train
18,Int8WeightOnlyConfig,int8,8,False,True,pytorch_relative_p99_latency,1.7704314937644379,pytorch,p99_latency,True,1,1,train
19,Float8WeightOnlyConfig,float8,8,False,True,pytorch_relative_p99_latency,2.1885241971735723,pytorch,p99_latency,True,1,1,train
20,Int8WeightOnlyConfig,int8,8,False,True,onnx_quantized_model_size,47768.0,onnx,model_size,False,1,1,train
21,Float8WeightOnlyConfig,float8,8,False,True,onnx_quantized_model_size,,onnx,model_size,False,1,1,train
22,Int8WeightOnlyConfig,int8,8,False,True,onnx_quantized_median_latency,0.00036748312413692474,onnx,median_latency,False,1,1,train
23,Float8WeightOnlyConfig,float8,8,False,True,onnx_quantized_median_latency,,onnx,median_latency,False,1,1,train
24,Int8WeightOnlyConfig,int8,8,False,True,onnx_quantized_p95_latency,0.0003787865862250328,onnx,p95_latency,False,1,1,train
25,Float8WeightOnlyConfig,float8,8,False,True,onnx_quantized_p95_latency,,onnx,p95_latency,False,1,1,train
26,Int8WeightOnlyConfig,int8,8,False,True,onnx_quantized_p99_latency,0.000386388786137104,onnx,p99_latency,False,1,1,train
27,Float8WeightOnlyConfig,float8,8,False,True,onnx_quantized_p99_latency,,onnx,p99_latency,False,1,1,train
28,Int8WeightOnlyConfig,int8,8,False,True,onnx_relative_model_size,1.6765407833777903,onnx,model_size,True,1,1,train
29,Float8WeightOnlyConfig,float8,8,False,True,onnx_relative_model_size,,onnx,model_size,True,1,1,train
30,Int8WeightOnlyConfig,int8,8,False,True,onnx_relative_median_latency,1.1410237873538955,onnx,median_latency,True,1,1,train
31,Float8WeightOnlyConfig,float8,8,False,True,onnx_relative_median_latency,,onnx,median_latency,True,1,1,train
32,Int8WeightOnlyConfig,int8,8,False,True,onnx_relative_p95_latency,1.1233326870398266,onnx,p95_latency,True,1,1,train
33,Float8WeightOnlyConfig,float8,8,False,True,onnx_relative_p95_latency,,onnx,p95_latency,True,1,1,train
34,Int8WeightOnlyConfig,int8,8,False,True,onnx_relative_p99_latency,1.1182415652208975,onnx,p99_latency,True,1,1,train
35,Float8WeightOnlyConfig,float8,8,False,True,onnx_relative_p99_latency,,onnx,p99_latency,True,1,1,train
36,Int8WeightOnlyConfig,int8,8,False,True,pt2_quantized_model_size,354081.0,pt2,model_size,False,1,1,train
37,Float8WeightOnlyConfig,float8,8,False,True,pt2_quantized_model_size,333281.0,pt2,model_size,False,1,1,train
38,Int8WeightOnlyConfig,int8,8,False,True,pt2_quantized_median_latency,0.00044508278369903564,pt2,median_latency,False,1,1,train
39,Float8WeightOnlyConfig,float8,8,False,True,pt2_quantized_median_latency,0.00036265328526496887,pt2,median_latency,False,1,1,train
40,Int8WeightOnlyConfig,int8,8,False,True,pt2_quantized_p95_latency,0.00046672914177179334,pt2,p95_latency,False,1,1,train
41,Float8WeightOnlyConfig,float8,8,False,True,pt2_quantized_p95_latency,0.00037973318248987195,pt2,p95_latency,False,1,1,train
42,Int8WeightOnlyConfig,int8,8,False,True,pt2_quantized_p99_latency,0.0005820634216070175,pt2,p99_latency,False,1,1,train
43,Float8WeightOnlyConfig,float8,8,False,True,pt2_quantized_p99_latency,0.0004934078454971313,pt2,p99_latency,False,1,1,train
44,Int8WeightOnlyConfig,int8,8,False,True,pt2_relative_model_size,0.3979220633270587,pt2,model_size,True,1,1,train
45,Float8WeightOnlyConfig,float8,8,False,True,pt2_relative_model_size,0.3745466805270699,pt2,model_size,True,1,1,train
46,Int8WeightOnlyConfig,int8,8,False,True,pt2_relative_median_latency,0.9913498757452175,pt2,median_latency,True,1,1,train
47,Float8WeightOnlyConfig,float8,8,False,True,pt2_relative_median_latency,0.8077515070300411,pt2,median_latency,True,1,1,train
48,Int8WeightOnlyConfig,int8,8,False,True,pt2_relative_p95_latency,0.9972622115949459,pt2,p95_latency,True,1,1,train
49,Float8WeightOnlyConfig,float8,8,False,True,pt2_relative_p95_latency,0.811377562472837,pt2,p95_latency,True,1,1,train
50,Int8WeightOnlyConfig,int8,8,False,True,pt2_relative_p99_latency,1.0273702906580235,pt2,p99_latency,True,1,1,train
51,Float8WeightOnlyConfig,float8,8,False,True,pt2_relative_p99_latency,0.8708888805309278,pt2,p99_latency,True,1,1,train
0,Int8WeightOnlyConfig,int8,8,False,True,pytorch_quantized_MAE,7.985945094226109,pytorch,MAE,False,1,1,test
1,Float8WeightOnlyConfig,float8,8,False,True,pytorch_quantized_MAE,8.02979721040627,pytorch,MAE,False,1,1,test
2,Int8WeightOnlyConfig,int8,8,False,True,pytorch_relative_MAE,1.0001497202556004,pytorch,MAE,True,1,1,test
3,Float8WeightOnlyConfig,float8,8,False,True,pytorch_relative_MAE,1.0056417041363706,pytorch,MAE,True,1,1,test
4,Int8WeightOnlyConfig,int8,8,False,True,pytorch_quantized_model_size,206337.0,pytorch,model_size,False,1,1,test
5,Float8WeightOnlyConfig,float8,8,False,True,pytorch_quantized_model_size,206337.0,pytorch,model_size,False,1,1,test
6,Int8WeightOnlyConfig,int8,8,False,True,pytorch_quantized_median_latency,0.00019358471035957336,pytorch,median_latency,False,1,1,test
7,Float8WeightOnlyConfig,float8,8,False,True,pytorch_quantized_median_latency,0.0002441704273223877,pytorch,median_latency,False,1,1,test
8,Int8WeightOnlyConfig,int8,8,False,True,pytorch_quantized_p95_latency,0.00019911769777536392,pytorch,p95_latency,False,1,1,test
9,Float8WeightOnlyConfig,float8,8,False,True,pytorch_quantized_p95_latency,0.00025035664439201357,pytorch,p95_latency,False,1,1,test
10,Int8WeightOnlyConfig,int8,8,False,True,pytorch_quantized_p99_latency,0.0002025408297777176,pytorch,p99_latency,False,1,1,test
11,Float8WeightOnlyConfig,float8,8,False,True,pytorch_quantized_p99_latency,0.00025528684258460996,pytorch,p99_latency,False,1,1,test
12,Int8WeightOnlyConfig,int8,8,False,True,pytorch_relative_model_size,0.25,pytorch,model_size,True,1,1,test
13,Float8WeightOnlyConfig,float8,8,False,True,pytorch_relative_model_size,0.25,pytorch,model_size,True,1,1,test
14,Int8WeightOnlyConfig,int8,8,False,True,pytorch_relative_median_latency,1.7800500119891756,pytorch,median_latency,True,1,1,test
15,Float8WeightOnlyConfig,float8,8,False,True,pytorch_relative_median_latency,2.2451957661083135,pytorch,median_latency,True,1,1,test
16,Int8WeightOnlyConfig,int8,8,False,True,pytorch_relative_p95_latency,1.7650424169575367,pytorch,p95_latency,True,1,1,test
17,Float8WeightOnlyConfig,float8,8,False,True,pytorch_relative_p95_latency,2.219240688577967,pytorch,p95_latency,True,1,1,test
18,Int8WeightOnlyConfig,int8,8,False,True,pytorch_relative_p99_latency,1.7748986770478825,pytorch,p99_latency,True,1,1,test
19,Float8WeightOnlyConfig,float8,8,False,True,pytorch_relative_p99_latency,2.2371206816345515,pytorch,p99_latency,True,1,1,test
20,Int8WeightOnlyConfig,int8,8,False,True,onnx_quantized_model_size,47768.0,onnx,model_size,False,1,1,test
21,Float8WeightOnlyConfig,float8,8,False,True,onnx_quantized_model_size,,onnx,model_size,False,1,1,test
22,Int8WeightOnlyConfig,int8,8,False,True,onnx_quantized_median_latency,0.00036901794373989105,onnx,median_latency,False,1,1,test
23,Float8WeightOnlyConfig,float8,8,False,True,onnx_quantized_median_latency,,onnx,median_latency,False,1,1,test
24,Int8WeightOnlyConfig,int8,8,False,True,onnx_quantized_p95_latency,0.0003794834017753601,onnx,p95_latency,False,1,1,test
25,Float8WeightOnlyConfig,float8,8,False,True,onnx_quantized_p95_latency,,onnx,p95_latency,False,1,1,test
26,Int8WeightOnlyConfig,int8,8,False,True,onnx_quantized_p99_latency,0.0003836241737008095,onnx,p99_latency,False,1,1,test
27,Float8WeightOnlyConfig,float8,8,False,True,onnx_quantized_p99_latency,,onnx,p99_latency,False,1,1,test
28,Int8WeightOnlyConfig,int8,8,False,True,onnx_relative_model_size,1.6765407833777903,onnx,model_size,True,1,1,test
29,Float8WeightOnlyConfig,float8,8,False,True,onnx_relative_model_size,,onnx,model_size,True,1,1,test
30,Int8WeightOnlyConfig,int8,8,False,True,onnx_relative_median_latency,1.1424197166367773,onnx,median_latency,True,1,1,test
31,Float8WeightOnlyConfig,float8,8,False,True,onnx_relative_median_latency,,onnx,median_latency,True,1,1,test
32,Int8WeightOnlyConfig,int8,8,False,True,onnx_relative_p95_latency,1.1124448783556222,onnx,p95_latency,True,1,1,test
33,Float8WeightOnlyConfig,float8,8,False,True,onnx_relative_p95_latency,,onnx,p95_latency,True,1,1,test
34,Int8WeightOnlyConfig,int8,8,False,True,onnx_relative_p99_latency,1.0876247044576437,onnx,p99_latency,True,1,1,test
35,Float8WeightOnlyConfig,float8,8,False,True,onnx_relative_p99_latency,,onnx,p99_latency,True,1,1,test
36,Int8WeightOnlyConfig,int8,8,False,True,pt2_quantized_model_size,354081.0,pt2,model_size,False,1,1,test
37,Float8WeightOnlyConfig,float8,8,False,True,pt2_quantized_model_size,333281.0,pt2,model_size,False,1,1,test
38,Int8WeightOnlyConfig,int8,8,False,True,pt2_quantized_median_latency,0.00043995119631290436,pt2,median_latency,False,1,1,test
39,Float8WeightOnlyConfig,float8,8,False,True,pt2_quantized_median_latency,0.00035691075026988983,pt2,median_latency,False,1,1,test
40,Int8WeightOnlyConfig,int8,8,False,True,pt2_quantized_p95_latency,0.00045686736702919004,pt2,p95_latency,False,1,1,test
41,Float8WeightOnlyConfig,float8,8,False,True,pt2_quantized_p95_latency,0.0003739656880497932,pt2,p95_latency,False,1,1,test
42,Int8WeightOnlyConfig,int8,8,False,True,pt2_quantized_p99_latency,0.000579458512365818,pt2,p99_latency,False,1,1,test
43,Float8WeightOnlyConfig,float8,8,False,True,pt2_quantized_p99_latency,0.0004927926883101463,pt2,p99_latency,False,1,1,test
44,Int8WeightOnlyConfig,int8,8,False,True,pt2_relative_model_size,0.3979220633270587,pt2,model_size,True,1,1,test
45,Float8WeightOnlyConfig,float8,8,False,True,pt2_relative_model_size,0.3745466805270699,pt2,model_size,True,1,1,test
46,Int8WeightOnlyConfig,int8,8,False,True,pt2_relative_median_latency,0.9791726259322364,pt2,median_latency,True,1,1,test
47,Float8WeightOnlyConfig,float8,8,False,True,pt2_relative_median_latency,0.7943545545371257,pt2,median_latency,True,1,1,test
48,Int8WeightOnlyConfig,int8,8,False,True,pt2_relative_p95_latency,0.9807229108356657,pt2,p95_latency,True,1,1,test
49,Float8WeightOnlyConfig,float8,8,False,True,pt2_relative_p95_latency,0.802764094362255,pt2,p95_latency,True,1,1,test
50,Int8WeightOnlyConfig,int8,8,False,True,pt2_relative_p99_latency,1.0215814680024502,pt2,p99_latency,True,1,1,test
51,Float8WeightOnlyConfig,float8,8,False,True,pt2_relative_p99_latency,0.8687902018892667,pt2,p99_latency,True,1,1,test
0,Int8WeightOnlyConfig,int8,8,False,True,pytorch_quantized_MAE,7.653156359677424,pytorch,MAE,False,1,2,train
1,Float8WeightOnlyConfig,float8,8,False,True,pytorch_quantized_MAE,7.691888388625375,pytorch,MAE,False,1,2,train
2,Int8WeightOnlyConfig,int8,8,False,True,pytorch_relative_MAE,1.000119112303168,pytorch,MAE,True,1,2,train
3,Float8WeightOnlyConfig,float8,8,False,True,pytorch_relative_MAE,1.0051806373248207,pytorch,MAE,True,1,2,train
4,Int8WeightOnlyConfig,int8,8,False,True,pytorch_quantized_model_size,206337.0,pytorch,model_size,False,1,2,train
5,Float8WeightOnlyConfig,float8,8,False,True,pytorch_quantized_model_size,206337.0,pytorch,model_size,False,1,2,train
6,Int8WeightOnlyConfig,int8,8,False,True,pytorch_quantized_median_latency,0.00019294023513793945,pytorch,median_latency,False,1,2,train
7,Float8WeightOnlyConfig,float8,8,False,True,pytorch_quantized_median_latency,0.0002457518130540848,pytorch,median_latency,False,1,2,train
8,Int8WeightOnlyConfig,int8,8,False,True,pytorch_quantized_p95_latency,0.00019801072776317596,pytorch,p95_latency,False,1,2,train
9,Float8WeightOnlyConfig,float8,8,False,True,pytorch_quantized_p95_latency,0.0002521645277738571,pytorch,p95_latency,False,1,2,train
10,Int8WeightOnlyConfig,int8,8,False,True,pytorch_quantized_p99_latency,0.00020295966416597366,pytorch,p99_latency,False,1,2,train
11,Float8WeightOnlyConfig,float8,8,False,True,pytorch_quantized_p99_latency,0.00025810156017541886,pytorch,p99_latency,False,1,2,train
12,Int8WeightOnlyConfig,int8,8,False,True,pytorch_relative_model_size,0.25,pytorch,model_size,True,1,2,train
13,Float8WeightOnlyConfig,float8,8,False,True,pytorch_relative_model_size,0.25,pytorch,model_size,True,1,2,train
14,Int8WeightOnlyConfig,int8,8,False,True,pytorch_relative_median_latency,1.7640326975476839,pytorch,median_latency,True,1,2,train
15,Float8WeightOnlyConfig,float8,8,False,True,pytorch_relative_median_latency,2.246883514986376,pytorch,median_latency,True,1,2,train
16,Int8WeightOnlyConfig,int8,8,False,True,pytorch_relative_p95_latency,1.733206162876009,pytorch,p95_latency,True,1,2,train
17,Float8WeightOnlyConfig,float8,8,False,True,pytorch_relative_p95_latency,2.207219369038885,pytorch,p95_latency,True,1,2,train
18,Int8WeightOnlyConfig,int8,8,False,True,pytorch_relative_p99_latency,1.161353082303838,pytorch,p99_latency,True,1,2,train
19,Float8WeightOnlyConfig,float8,8,False,True,pytorch_relative_p99_latency,1.4768798701402515,pytorch,p99_latency,True,1,2,train
20,Int8WeightOnlyConfig,int8,8,False,True,onnx_quantized_model_size,47768.0,onnx,model_size,False,1,2,train
21,Float8WeightOnlyConfig,float8,8,False,True,onnx_quantized_model_size,,onnx,model_size,False,1,2,train
22,Int8WeightOnlyConfig,int8,8,False,True,onnx_quantized_median_latency,0.0003661736845970154,onnx,median_latency,False,1,2,train
23,Float8WeightOnlyConfig,float8,8,False,True,onnx_quantized_median_latency,,onnx,median_latency,False,1,2,train
24,Int8WeightOnlyConfig,int8,8,False,True,onnx_quantized_p95_latency,0.000375588983297348,onnx,p95_latency,False,1,2,train
25,Float8WeightOnlyConfig,float8,8,False,True,onnx_quantized_p95_latency,,onnx,p95_latency,False,1,2,train
26,Int8WeightOnlyConfig,int8,8,False,True,onnx_quantized_p99_latency,0.00037936680018901825,onnx,p99_latency,False,1,2,train
27,Float8WeightOnlyConfig,float8,8,False,True,onnx_quantized_p99_latency,,onnx,p99_latency,False,1,2,train
28,Int8WeightOnlyConfig,int8,8,False,True,onnx_relative_model_size,1.6765407833777903,onnx,model_size,True,1,2,train
29,Float8WeightOnlyConfig,float8,8,False,True,onnx_relative_model_size,,onnx,model_size,True,1,2,train
30,Int8WeightOnlyConfig,int8,8,False,True,onnx_relative_median_latency,1.1363271157147563,onnx,median_latency,True,1,2,train
31,Float8WeightOnlyConfig,float8,8,False,True,onnx_relative_median_latency,,onnx,median_latency,True,1,2,train
32,Int8WeightOnlyConfig,int8,8,False,True,onnx_relative_p95_latency,1.1119647599636482,onnx,p95_latency,True,1,2,train
33,Float8WeightOnlyConfig,float8,8,False,True,onnx_relative_p95_latency,,onnx,p95_latency,True,1,2,train
34,Int8WeightOnlyConfig,int8,8,False,True,onnx_relative_p99_latency,1.0984025109055027,onnx,p99_latency,True,1,2,train
35,Float8WeightOnlyConfig,float8,8,False,True,onnx_relative_p99_latency,,onnx,p99_latency,True,1,2,train
36,Int8WeightOnlyConfig,int8,8,False,True,pt2_quantized_model_size,354081.0,pt2,model_size,False,1,2,train
37,Float8WeightOnlyConfig,float8,8,False,True,pt2_quantized_model_size,333281.0,pt2,model_size,False,1,2,train
38,Int8WeightOnlyConfig,int8,8,False,True,pt2_quantized_median_latency,0.0004343222826719284,pt2,median_latency,False,1,2,train
39,Float8WeightOnlyConfig,float8,8,False,True,pt2_quantized_median_latency,0.00036220625042915344,pt2,median_latency,False,1,2,train
40,Int8WeightOnlyConfig,int8,8,False,True,pt2_quantized_p95_latency,0.00045184828341007235,pt2,p95_latency,False,1,2,train
41,Float8WeightOnlyConfig,float8,8,False,True,pt2_quantized_p95_latency,0.0003802325576543807,pt2,p95_latency,False,1,2,train
42,Int8WeightOnlyConfig,int8,8,False,True,pt2_quantized_p99_latency,0.0005493004620075226,pt2,p99_latency,False,1,2,train
43,Float8WeightOnlyConfig,float8,8,False,True,pt2_quantized_p99_latency,0.0004886084422469138,pt2,p99_latency,False,1,2,train
44,Int8WeightOnlyConfig,int8,8,False,True,pt2_relative_model_size,0.3979220633270587,pt2,model_size,True,1,2,train
45,Float8WeightOnlyConfig,float8,8,False,True,pt2_relative_model_size,0.3745466805270699,pt2,model_size,True,1,2,train
46,Int8WeightOnlyConfig,int8,8,False,True,pt2_relative_median_latency,0.9958742808820327,pt2,median_latency,True,1,2,train
47,Float8WeightOnlyConfig,float8,8,False,True,pt2_relative_median_latency,0.830516654494514,pt2,median_latency,True,1,2,train
48,Int8WeightOnlyConfig,int8,8,False,True,pt2_relative_p95_latency,0.9918163687344074,pt2,p95_latency,True,1,2,train
49,Float8WeightOnlyConfig,float8,8,False,True,pt2_relative_p95_latency,0.8346183629630174,pt2,p95_latency,True,1,2,train
50,Int8WeightOnlyConfig,int8,8,False,True,pt2_relative_p99_latency,0.9767432494216121,pt2,p99_latency,True,1,2,train
51,Float8WeightOnlyConfig,float8,8,False,True,pt2_relative_p99_latency,0.8688232225964281,pt2,p99_latency,True,1,2,train
0,Int8WeightOnlyConfig,int8,8,False,True,pytorch_quantized_MAE,7.616814958746436,pytorch,MAE,False,1,2,test
1,Float8WeightOnlyConfig,float8,8,False,True,pytorch_quantized_MAE,7.656880182246498,pytorch,MAE,False,1,2,test
2,Int8WeightOnlyConfig,int8,8,False,True,pytorch_relative_MAE,1.0001294366340865,pytorch,MAE,True,1,2,test
3,Float8WeightOnlyConfig,float8,8,False,True,pytorch_relative_MAE,1.0053902194711073,pytorch,MAE,True,1,2,test
4,Int8WeightOnlyConfig,int8,8,False,True,pytorch_quantized_model_size,206337.0,pytorch,model_size,False,1,2,test
5,Float8WeightOnlyConfig,float8,8,False,True,pytorch_quantized_model_size,206337.0,pytorch,model_size,False,1,2,test
6,Int8WeightOnlyConfig,int8,8,False,True,pytorch_quantized_median_latency,0.00019094720482826233,pytorch,median_latency,False,1,2,test
7,Float8WeightOnlyConfig,float8,8,False,True,pytorch_quantized_median_latency,0.00024244189262390137,pytorch,median_latency,False,1,2,test
8,Int8WeightOnlyConfig,int8,8,False,True,pytorch_quantized_p95_latency,0.00019662454724311829,pytorch,p95_latency,False,1,2,test
9,Float8WeightOnlyConfig,float8,8,False,True,pytorch_quantized_p95_latency,0.00025415252894163133,pytorch,p95_latency,False,1,2,test
10,Int8WeightOnlyConfig,int8,8,False,True,pytorch_quantized_p99_latency,0.00019929490983486175,pytorch,p99_latency,False,1,2,test
11,Float8WeightOnlyConfig,float8,8,False,True,pytorch_quantized_p99_latency,0.00026575267314910884,pytorch,p99_latency,False,1,2,test
12,Int8WeightOnlyConfig,int8,8,False,True,pytorch_relative_model_size,0.25,pytorch,model_size,True,1,2,test
13,Float8WeightOnlyConfig,float8,8,False,True,pytorch_relative_model_size,0.25,pytorch,model_size,True,1,2,test
14,Int8WeightOnlyConfig,int8,8,False,True,pytorch_relative_median_latency,1.756098396601343,pytorch,median_latency,True,1,2,test
15,Float8WeightOnlyConfig,float8,8,False,True,pytorch_relative_median_latency,2.2296834315472114,pytorch,median_latency,True,1,2,test
16,Int8WeightOnlyConfig,int8,8,False,True,pytorch_relative_p95_latency,1.7325411544584681,pytorch,p95_latency,True,1,2,test
17,Float8WeightOnlyConfig,float8,8,False,True,pytorch_relative_p95_latency,2.239444271200906,pytorch,p95_latency,True,1,2,test
18,Int8WeightOnlyConfig,int8,8,False,True,pytorch_relative_p99_latency,1.7328469503404131,pytorch,p99_latency,True,1,2,test
19,Float8WeightOnlyConfig,float8,8,False,True,pytorch_relative_p99_latency,2.3106897692110104,pytorch,p99_latency,True,1,2,test
20,Int8WeightOnlyConfig,int8,8,False,True,onnx_quantized_model_size,47768.0,onnx,model_size,False,1,2,test
21,Float8WeightOnlyConfig,float8,8,False,True,onnx_quantized_model_size,,onnx,model_size,False,1,2,test
22,Int8WeightOnlyConfig,int8,8,False,True,onnx_quantized_median_latency,0.0003659389913082123,onnx,median_latency,False,1,2,test
23,Float8WeightOnlyConfig,float8,8,False,True,onnx_quantized_median_latency,,onnx,median_latency,False,1,2,test
24,Int8WeightOnlyConfig,int8,8,False,True,onnx_quantized_p95_latency,0.0003781212493777275,onnx,p95_latency,False,1,2,test
25,Float8WeightOnlyConfig,float8,8,False,True,onnx_quantized_p95_latency,,onnx,p95_latency,False,1,2,test
26,Int8WeightOnlyConfig,int8,8,False,True,onnx_quantized_p99_latency,0.0003839020058512688,onnx,p99_latency,False,1,2,test
27,Float8WeightOnlyConfig,float8,8,False,True,onnx_quantized_p99_latency,,onnx,p99_latency,False,1,2,test
28,Int8WeightOnlyConfig,int8,8,False,True,onnx_relative_model_size,1.6765407833777903,onnx,model_size,True,1,2,test
29,Float8WeightOnlyConfig,float8,8,False,True,onnx_relative_model_size,,onnx,model_size,True,1,2,test
30,Int8WeightOnlyConfig,int8,8,False,True,onnx_relative_median_latency,1.1351132732829896,onnx,median_latency,True,1,2,test
31,Float8WeightOnlyConfig,float8,8,False,True,onnx_relative_median_latency,,onnx,median_latency,True,1,2,test
32,Int8WeightOnlyConfig,int8,8,False,True,onnx_relative_p95_latency,1.1175636068158497,onnx,p95_latency,True,1,2,test
33,Float8WeightOnlyConfig,float8,8,False,True,onnx_relative_p95_latency,,onnx,p95_latency,True,1,2,test
34,Int8WeightOnlyConfig,int8,8,False,True,onnx_relative_p99_latency,1.1099638876095554,onnx,p99_latency,True,1,2,test
35,Float8WeightOnlyConfig,float8,8,False,True,onnx_relative_p99_latency,,onnx,p99_latency,True,1,2,test
36,Int8WeightOnlyConfig,int8,8,False,True,pt2_quantized_model_size,354081.0,pt2,model_size,False,1,2,test
37,Float8WeightOnlyConfig,float8,8,False,True,pt2_quantized_model_size,333281.0,pt2,model_size,False,1,2,test
38,Int8WeightOnlyConfig,int8,8,False,True,pt2_quantized_median_latency,0.0004369691014289856,pt2,median_latency,False,1,2,test
39,Float8WeightOnlyConfig,float8,8,False,True,pt2_quantized_median_latency,0.0003580227494239807,pt2,median_latency,False,1,2,test
40,Int8WeightOnlyConfig,int8,8,False,True,pt2_quantized_p95_latency,0.00045387856662273404,pt2,p95_latency,False,1,2,test
41,Float8WeightOnlyConfig,float8,8,False,True,pt2_quantized_p95_latency,0.0003741450607776642,pt2,p95_latency,False,1,2,test
42,Int8WeightOnlyConfig,int8,8,False,True,pt2_quantized_p99_latency,0.0005656885728240013,pt2,p99_latency,False,1,2,test
43,Float8WeightOnlyConfig,float8,8,False,True,pt2_quantized_p99_latency,0.0005019277334213256,pt2,p99_latency,False,1,2,test
44,Int8WeightOnlyConfig,int8,8,False,True,pt2_relative_model_size,0.3979220633270587,pt2,model_size,True,1,2,test
45,Float8WeightOnlyConfig,float8,8,False,True,pt2_relative_model_size,0.3745466805270699,pt2,model_size,True,1,2,test
46,Int8WeightOnlyConfig,int8,8,False,True,pt2_relative_median_latency,0.9818073766546833,pt2,median_latency,True,1,2,test
47,Float8WeightOnlyConfig,float8,8,False,True,pt2_relative_median_latency,0.8044261602139422,pt2,median_latency,True,1,2,test
48,Int8WeightOnlyConfig,int8,8,False,True,pt2_relative_p95_latency,0.983549135640418,pt2,p95_latency,True,1,2,test
49,Float8WeightOnlyConfig,float8,8,False,True,pt2_relative_p95_latency,0.81076763300409,pt2,p95_latency,True,1,2,test
50,Int8WeightOnlyConfig,int8,8,False,True,pt2_relative_p99_latency,1.026056621108482,pt2,p99_latency,True,1,2,test
51,Float8WeightOnlyConfig,float8,8,False,True,pt2_relative_p99_latency,0.9104060059476481,pt2,p99_latency,True,1,2,test
0,Int8WeightOnlyConfig,int8,8,False,True,pytorch_quantized_MAE,7.585517681028314,pytorch,MAE,False,1,3,train
1,Float8WeightOnlyConfig,float8,8,False,True,pytorch_quantized_MAE,7.628582596113131,pytorch,MAE,False,1,3,train
2,Int8WeightOnlyConfig,int8,8,False,True,pytorch_relative_MAE,1.0001204749634522,pytorch,MAE,True,1,3,train
3,Float8WeightOnlyConfig,float8,8,False,True,pytorch_relative_MAE,1.0057984135221625,pytorch,MAE,True,1,3,train
4,Int8WeightOnlyConfig,int8,8,False,True,pytorch_quantized_model_size,206337.0,pytorch,model_size,False,1,3,train
5,Float8WeightOnlyConfig,float8,8,False,True,pytorch_quantized_model_size,206337.0,pytorch,model_size,False,1,3,train
6,Int8WeightOnlyConfig,int8,8,False,True,pytorch_quantized_median_latency,0.00018852762877941132,pytorch,median_latency,False,1,3,train
7,Float8WeightOnlyConfig,float8,8,False,True,pytorch_quantized_median_latency,0.00023723021149635315,pytorch,median_latency,False,1,3,train
8,Int8WeightOnlyConfig,int8,8,False,True,pytorch_quantized_p95_latency,0.00019394047558307648,pytorch,p95_latency,False,1,3,train
9,Float8WeightOnlyConfig,float8,8,False,True,pytorch_quantized_p95_latency,0.00027700960636138915,pytorch,p95_latency,False,1,3,train
10,Int8WeightOnlyConfig,int8,8,False,True,pytorch_quantized_p99_latency,0.00019646983593702317,pytorch,p99_latency,False,1,3,train
11,Float8WeightOnlyConfig,float8,8,False,True,pytorch_quantized_p99_latency,0.0002911256998777389,pytorch,p99_latency,False,1,3,train
12,Int8WeightOnlyConfig,int8,8,False,True,pytorch_relative_model_size,0.25,pytorch,model_size,True,1,3,train
13,Float8WeightOnlyConfig,float8,8,False,True,pytorch_relative_model_size,0.25,pytorch,model_size,True,1,3,train
14,Int8WeightOnlyConfig,int8,8,False,True,pytorch_relative_median_latency,1.721167908036595,pytorch,median_latency,True,1,3,train
15,Float8WeightOnlyConfig,float8,8,False,True,pytorch_relative_median_latency,2.1657994082236507,pytorch,median_latency,True,1,3,train
16,Int8WeightOnlyConfig,int8,8,False,True,pytorch_relative_p95_latency,1.7007232741385394,pytorch,p95_latency,True,1,3,train
17,Float8WeightOnlyConfig,float8,8,False,True,pytorch_relative_p95_latency,2.4291818573836683,pytorch,p95_latency,True,1,3,train
18,Int8WeightOnlyConfig,int8,8,False,True,pytorch_relative_p99_latency,1.699724831314957,pytorch,p99_latency,True,1,3,train
19,Float8WeightOnlyConfig,float8,8,False,True,pytorch_relative_p99_latency,2.5186236795899477,pytorch,p99_latency,True,1,3,train
20,Int8WeightOnlyConfig,int8,8,False,True,onnx_quantized_model_size,47768.0,onnx,model_size,False,1,3,train
21,Float8WeightOnlyConfig,float8,8,False,True,onnx_quantized_model_size,,onnx,model_size,False,1,3,train
22,Int8WeightOnlyConfig,int8,8,False,True,onnx_quantized_median_latency,0.00036606937646865845,onnx,median_latency,False,1,3,train
23,Float8WeightOnlyConfig,float8,8,False,True,onnx_quantized_median_latency,,onnx,median_latency,False,1,3,train
24,Int8WeightOnlyConfig,int8,8,False,True,onnx_quantized_p95_latency,0.0003785541281104088,onnx,p95_latency,False,1,3,train
25,Float8WeightOnlyConfig,float8,8,False,True,onnx_quantized_p95_latency,,onnx,p95_latency,False,1,3,train
26,Int8WeightOnlyConfig,int8,8,False,True,onnx_quantized_p99_latency,0.0003850574046373367,onnx,p99_latency,False,1,3,train
27,Float8WeightOnlyConfig,float8,8,False,True,onnx_quantized_p99_latency,,onnx,p99_latency,False,1,3,train
28,Int8WeightOnlyConfig,int8,8,False,True,onnx_relative_model_size,1.6765407833777903,onnx,model_size,True,1,3,train
29,Float8WeightOnlyConfig,float8,8,False,True,onnx_relative_model_size,,onnx,model_size,True,1,3,train
30,Int8WeightOnlyConfig,int8,8,False,True,onnx_relative_median_latency,1.129513727248171,onnx,median_latency,True,1,3,train
31,Float8WeightOnlyConfig,float8,8,False,True,onnx_relative_median_latency,,onnx,median_latency,True,1,3,train
32,Int8WeightOnlyConfig,int8,8,False,True,onnx_relative_p95_latency,1.1249095023125342,onnx,p95_latency,True,1,3,train
33,Float8WeightOnlyConfig,float8,8,False,True,onnx_relative_p95_latency,,onnx,p95_latency,True,1,3,train
34,Int8WeightOnlyConfig,int8,8,False,True,onnx_relative_p99_latency,1.1184407302933406,onnx,p99_latency,True,1,3,train
35,Float8WeightOnlyConfig,float8,8,False,True,onnx_relative_p99_latency,,onnx,p99_latency,True,1,3,train
36,Int8WeightOnlyConfig,int8,8,False,True,pt2_quantized_model_size,354081.0,pt2,model_size,False,1,3,train
37,Float8WeightOnlyConfig,float8,8,False,True,pt2_quantized_model_size,333281.0,pt2,model_size,False,1,3,train
38,Int8WeightOnlyConfig,int8,8,False,True,pt2_quantized_median_latency,0.0004288330674171448,pt2,median_latency,False,1,3,train
39,Float8WeightOnlyConfig,float8,8,False,True,pt2_quantized_median_latency,0.00035617873072624207,pt2,median_latency,False,1,3,train
40,Int8WeightOnlyConfig,int8,8,False,True,pt2_quantized_p95_latency,0.00044997334480285646,pt2,p95_latency,False,1,3,train
41,Float8WeightOnlyConfig,float8,8,False,True,pt2_quantized_p95_latency,0.0003717094659805298,pt2,p95_latency,False,1,3,train
42,Int8WeightOnlyConfig,int8,8,False,True,pt2_quantized_p99_latency,0.0005763913318514824,pt2,p99_latency,False,1,3,train
43,Float8WeightOnlyConfig,float8,8,False,True,pt2_quantized_p99_latency,0.0004789690300822258,pt2,p99_latency,False,1,3,train
44,Int8WeightOnlyConfig,int8,8,False,True,pt2_relative_model_size,0.3979220633270587,pt2,model_size,True,1,3,train
45,Float8WeightOnlyConfig,float8,8,False,True,pt2_relative_model_size,0.3745466805270699,pt2,model_size,True,1,3,train
46,Int8WeightOnlyConfig,int8,8,False,True,pt2_relative_median_latency,0.9922038295616648,pt2,median_latency,True,1,3,train
47,Float8WeightOnlyConfig,float8,8,False,True,pt2_relative_median_latency,0.8241013286674108,pt2,median_latency,True,1,3,train
48,Int8WeightOnlyConfig,int8,8,False,True,pt2_relative_p95_latency,0.9948023347079021,pt2,p95_latency,True,1,3,train
49,Float8WeightOnlyConfig,float8,8,False,True,pt2_relative_p95_latency,0.8217763315568536,pt2,p95_latency,True,1,3,train
50,Int8WeightOnlyConfig,int8,8,False,True,pt2_relative_p99_latency,1.0651394404894727,pt2,p99_latency,True,1,3,train
51,Float8WeightOnlyConfig,float8,8,False,True,pt2_relative_p99_latency,0.8851083916803621,pt2,p99_latency,True,1,3,train
0,Int8WeightOnlyConfig,int8,8,False,True,pytorch_quantized_MAE,7.685918285839982,pytorch,MAE,False,1,3,test
1,Float8WeightOnlyConfig,float8,8,False,True,pytorch_quantized_MAE,7.734035861570658,pytorch,MAE,False,1,3,test
2,Int8WeightOnlyConfig,int8,8,False,True,pytorch_relative_MAE,1.0001832070583958,pytorch,MAE,True,1,3,test
3,Float8WeightOnlyConfig,float8,8,False,True,pytorch_relative_MAE,1.0064448389702063,pytorch,MAE,True,1,3,test
4,Int8WeightOnlyConfig,int8,8,False,True,pytorch_quantized_model_size,206337.0,pytorch,model_size,False,1,3,test
5,Float8WeightOnlyConfig,float8,8,False,True,pytorch_quantized_model_size,206337.0,pytorch,model_size,False,1,3,test
6,Int8WeightOnlyConfig,int8,8,False,True,pytorch_quantized_median_latency,0.00019292347133159637,pytorch,median_latency,False,1,3,test
7,Float8WeightOnlyConfig,float8,8,False,True,pytorch_quantized_median_latency,0.00024085119366645813,pytorch,median_latency,False,1,3,test
8,Int8WeightOnlyConfig,int8,8,False,True,pytorch_quantized_p95_latency,0.00019829552620649336,pytorch,p95_latency,False,1,3,test
9,Float8WeightOnlyConfig,float8,8,False,True,pytorch_quantized_p95_latency,0.00024646539241075517,pytorch,p95_latency,False,1,3,test
10,Int8WeightOnlyConfig,int8,8,False,True,pytorch_quantized_p99_latency,0.00020090803503990172,pytorch,p99_latency,False,1,3,test
11,Float8WeightOnlyConfig,float8,8,False,True,pytorch_quantized_p99_latency,0.000249735563993454,pytorch,p99_latency,False,1,3,test
12,Int8WeightOnlyConfig,int8,8,False,True,pytorch_relative_model_size,0.25,pytorch,model_size,True,1,3,test
13,Float8WeightOnlyConfig,float8,8,False,True,pytorch_relative_model_size,0.25,pytorch,model_size,True,1,3,test
14,Int8WeightOnlyConfig,int8,8,False,True,pytorch_relative_median_latency,1.7892618377183134,pytorch,median_latency,True,1,3,test
15,Float8WeightOnlyConfig,float8,8,False,True,pytorch_relative_median_latency,2.233765785064004,pytorch,median_latency,True,1,3,test
16,Int8WeightOnlyConfig,int8,8,False,True,pytorch_relative_p95_latency,1.7609381383785534,pytorch,p95_latency,True,1,3,test
17,Float8WeightOnlyConfig,float8,8,False,True,pytorch_relative_p95_latency,2.188704493688788,pytorch,p95_latency,True,1,3,test
18,Int8WeightOnlyConfig,int8,8,False,True,pytorch_relative_p99_latency,1.766004886318276,pytorch,p99_latency,True,1,3,test
19,Float8WeightOnlyConfig,float8,8,False,True,pytorch_relative_p99_latency,2.1952045183872206,pytorch,p99_latency,True,1,3,test
20,Int8WeightOnlyConfig,int8,8,False,True,onnx_quantized_model_size,47768.0,onnx,model_size,False,1,3,test
21,Float8WeightOnlyConfig,float8,8,False,True,onnx_quantized_model_size,,onnx,model_size,False,1,3,test
22,Int8WeightOnlyConfig,int8,8,False,True,onnx_quantized_median_latency,0.0003693290054798126,onnx,median_latency,False,1,3,test
23,Float8WeightOnlyConfig,float8,8,False,True,onnx_quantized_median_latency,,onnx,median_latency,False,1,3,test
24,Int8WeightOnlyConfig,int8,8,False,True,onnx_quantized_p95_latency,0.0003820855170488357,onnx,p95_latency,False,1,3,test
25,Float8WeightOnlyConfig,float8,8,False,True,onnx_quantized_p95_latency,,onnx,p95_latency,False,1,3,test
26,Int8WeightOnlyConfig,int8,8,False,True,onnx_quantized_p99_latency,0.00042055111378431315,onnx,p99_latency,False,1,3,test
27,Float8WeightOnlyConfig,float8,8,False,True,onnx_quantized_p99_latency,,onnx,p99_latency,False,1,3,test
28,Int8WeightOnlyConfig,int8,8,False,True,onnx_relative_model_size,1.6765407833777903,onnx,model_size,True,1,3,test
29,Float8WeightOnlyConfig,float8,8,False,True,onnx_relative_model_size,,onnx,model_size,True,1,3,test
30,Int8WeightOnlyConfig,int8,8,False,True,onnx_relative_median_latency,1.1423156026938743,onnx,median_latency,True,1,3,test
31,Float8WeightOnlyConfig,float8,8,False,True,onnx_relative_median_latency,,onnx,median_latency,True,1,3,test
32,Int8WeightOnlyConfig,int8,8,False,True,onnx_relative_p95_latency,1.027858784952508,onnx,p95_latency,True,1,3,test
33,Float8WeightOnlyConfig,float8,8,False,True,onnx_relative_p95_latency,,onnx,p95_latency,True,1,3,test
34,Int8WeightOnlyConfig,int8,8,False,True,onnx_relative_p99_latency,0.9661145245936769,onnx,p99_latency,True,1,3,test
35,Float8WeightOnlyConfig,float8,8,False,True,onnx_relative_p99_latency,,onnx,p99_latency,True,1,3,test
36,Int8WeightOnlyConfig,int8,8,False,True,pt2_quantized_model_size,354081.0,pt2,model_size,False,1,3,test
37,Float8WeightOnlyConfig,float8,8,False,True,pt2_quantized_model_size,333281.0,pt2,model_size,False,1,3,test
38,Int8WeightOnlyConfig,int8,8,False,True,pt2_quantized_median_latency,0.0004387330263853073,pt2,median_latency,False,1,3,test
39,Float8WeightOnlyConfig,float8,8,False,True,pt2_quantized_median_latency,0.0003615003079175949,pt2,median_latency,False,1,3,test
40,Int8WeightOnlyConfig,int8,8,False,True,pt2_quantized_p95_latency,0.0004582075402140617,pt2,p95_latency,False,1,3,test
41,Float8WeightOnlyConfig,float8,8,False,True,pt2_quantized_p95_latency,0.0003768881782889366,pt2,p95_latency,False,1,3,test
42,Int8WeightOnlyConfig,int8,8,False,True,pt2_quantized_p99_latency,0.0005549040809273718,pt2,p99_latency,False,1,3,test
43,Float8WeightOnlyConfig,float8,8,False,True,pt2_quantized_p99_latency,0.0004870485514402388,pt2,p99_latency,False,1,3,test
44,Int8WeightOnlyConfig,int8,8,False,True,pt2_relative_model_size,0.3979220633270587,pt2,model_size,True,1,3,test
45,Float8WeightOnlyConfig,float8,8,False,True,pt2_relative_model_size,0.3745466805270699,pt2,model_size,True,1,3,test
46,Int8WeightOnlyConfig,int8,8,False,True,pt2_relative_median_latency,0.9886670332391718,pt2,median_latency,True,1,3,test
47,Float8WeightOnlyConfig,float8,8,False,True,pt2_relative_median_latency,0.814626242953623,pt2,median_latency,True,1,3,test
48,Int8WeightOnlyConfig,int8,8,False,True,pt2_relative_p95_latency,0.9899981326735445,pt2,p95_latency,True,1,3,test
49,Float8WeightOnlyConfig,float8,8,False,True,pt2_relative_p95_latency,0.8143004206313816,pt2,p95_latency,True,1,3,test
50,Int8WeightOnlyConfig,int8,8,False,True,pt2_relative_p99_latency,1.0074285002790184,pt2,p99_latency,True,1,3,test
51,Float8WeightOnlyConfig,float8,8,False,True,pt2_relative_p99_latency,0.8842367692097197,pt2,p99_latency,True,1,3,test
0,Int8WeightOnlyConfig,int8,8,False,True,pytorch_quantized_MAE,7.551355194312458,pytorch,MAE,False,1,4,train
1,Float8WeightOnlyConfig,float8,8,False,True,pytorch_quantized_MAE,7.592268149216867,pytorch,MAE,False,1,4,train
2,Int8WeightOnlyConfig,int8,8,False,True,pytorch_relative_MAE,1.0001342595282292,pytorch,MAE,True,1,4,train
3,Float8WeightOnlyConfig,float8,8,False,True,pytorch_relative_MAE,1.0055529488635226,pytorch,MAE,True,1,4,train
4,Int8WeightOnlyConfig,int8,8,False,True,pytorch_quantized_model_size,206337.0,pytorch,model_size,False,1,4,train
5,Float8WeightOnlyConfig,float8,8,False,True,pytorch_quantized_model_size,206337.0,pytorch,model_size,False,1,4,train
6,Int8WeightOnlyConfig,int8,8,False,True,pytorch_quantized_median_latency,0.00018947571516036987,pytorch,median_latency,False,1,4,train
7,Float8WeightOnlyConfig,float8,8,False,True,pytorch_quantized_median_latency,0.00023608841001987457,pytorch,median_latency,False,1,4,train
8,Int8WeightOnlyConfig,int8,8,False,True,pytorch_quantized_p95_latency,0.00019500087946653364,pytorch,p95_latency,False,1,4,train
9,Float8WeightOnlyConfig,float8,8,False,True,pytorch_quantized_p95_latency,0.00024292003363370895,pytorch,p95_latency,False,1,4,train
10,Int8WeightOnlyConfig,int8,8,False,True,pytorch_quantized_p99_latency,0.00019750170409679413,pytorch,p99_latency,False,1,4,train
11,Float8WeightOnlyConfig,float8,8,False,True,pytorch_quantized_p99_latency,0.00024754874408245087,pytorch,p99_latency,False,1,4,train
12,Int8WeightOnlyConfig,int8,8,False,True,pytorch_relative_model_size,0.25,pytorch,model_size,True,1,4,train
13,Float8WeightOnlyConfig,float8,8,False,True,pytorch_relative_model_size,0.25,pytorch,model_size,True,1,4,train
14,Int8WeightOnlyConfig,int8,8,False,True,pytorch_relative_median_latency,1.7236097461791318,pytorch,median_latency,True,1,4,train
15,Float8WeightOnlyConfig,float8,8,False,True,pytorch_relative_median_latency,2.147632925548138,pytorch,median_latency,True,1,4,train
16,Int8WeightOnlyConfig,int8,8,False,True,pytorch_relative_p95_latency,1.7064266690138319,pytorch,p95_latency,True,1,4,train
17,Float8WeightOnlyConfig,float8,8,False,True,pytorch_relative_p95_latency,2.125760791255505,pytorch,p95_latency,True,1,4,train
18,Int8WeightOnlyConfig,int8,8,False,True,pytorch_relative_p99_latency,1.70855054192577,pytorch,p99_latency,True,1,4,train
19,Float8WeightOnlyConfig,float8,8,False,True,pytorch_relative_p99_latency,2.1414981849869545,pytorch,p99_latency,True,1,4,train
20,Int8WeightOnlyConfig,int8,8,False,True,onnx_quantized_model_size,47768.0,onnx,model_size,False,1,4,train
21,Float8WeightOnlyConfig,float8,8,False,True,onnx_quantized_model_size,,onnx,model_size,False,1,4,train
22,Int8WeightOnlyConfig,int8,8,False,True,onnx_quantized_median_latency,0.00036651454865932465,onnx,median_latency,False,1,4,train
23,Float8WeightOnlyConfig,float8,8,False,True,onnx_quantized_median_latency,,onnx,median_latency,False,1,4,train
24,Int8WeightOnlyConfig,int8,8,False,True,onnx_quantized_p95_latency,0.00037887487560510634,onnx,p95_latency,False,1,4,train
25,Float8WeightOnlyConfig,float8,8,False,True,onnx_quantized_p95_latency,,onnx,p95_latency,False,1,4,train
26,Int8WeightOnlyConfig,int8,8,False,True,onnx_quantized_p99_latency,0.0003856965899467468,onnx,p99_latency,False,1,4,train
27,Float8WeightOnlyConfig,float8,8,False,True,onnx_quantized_p99_latency,,onnx,p99_latency,False,1,4,train
28,Int8WeightOnlyConfig,int8,8,False,True,onnx_relative_model_size,1.6765407833777903,onnx,model_size,True,1,4,train
29,Float8WeightOnlyConfig,float8,8,False,True,onnx_relative_model_size,,onnx,model_size,True,1,4,train
30,Int8WeightOnlyConfig,int8,8,False,True,onnx_relative_median_latency,1.1324428227765053,onnx,median_latency,True,1,4,train
31,Float8WeightOnlyConfig,float8,8,False,True,onnx_relative_median_latency,,onnx,median_latency,True,1,4,train
32,Int8WeightOnlyConfig,int8,8,False,True,onnx_relative_p95_latency,1.1281361704015729,onnx,p95_latency,True,1,4,train
33,Float8WeightOnlyConfig,float8,8,False,True,onnx_relative_p95_latency,,onnx,p95_latency,True,1,4,train
34,Int8WeightOnlyConfig,int8,8,False,True,onnx_relative_p99_latency,1.1205502387813358,onnx,p99_latency,True,1,4,train
35,Float8WeightOnlyConfig,float8,8,False,True,onnx_relative_p99_latency,,onnx,p99_latency,True,1,4,train
36,Int8WeightOnlyConfig,int8,8,False,True,pt2_quantized_model_size,354081.0,pt2,model_size,False,1,4,train
37,Float8WeightOnlyConfig,float8,8,False,True,pt2_quantized_model_size,333281.0,pt2,model_size,False,1,4,train
38,Int8WeightOnlyConfig,int8,8,False,True,pt2_quantized_median_latency,0.00043252483010292053,pt2,median_latency,False,1,4,train
39,Float8WeightOnlyConfig,float8,8,False,True,pt2_quantized_median_latency,0.0003556273877620697,pt2,median_latency,False,1,4,train
40,Int8WeightOnlyConfig,int8,8,False,True,pt2_quantized_p95_latency,0.0004519060254096985,pt2,p95_latency,False,1,4,train
41,Float8WeightOnlyConfig,float8,8,False,True,pt2_quantized_p95_latency,0.0003707326948642731,pt2,p95_latency,False,1,4,train
42,Int8WeightOnlyConfig,int8,8,False,True,pt2_quantized_p99_latency,0.0005588956549763679,pt2,p99_latency,False,1,4,train
43,Float8WeightOnlyConfig,float8,8,False,True,pt2_quantized_p99_latency,0.000495174415409565,pt2,p99_latency,False,1,4,train
44,Int8WeightOnlyConfig,int8,8,False,True,pt2_relative_model_size,0.3979220633270587,pt2,model_size,True,1,4,train
45,Float8WeightOnlyConfig,float8,8,False,True,pt2_relative_model_size,0.3745466805270699,pt2,model_size,True,1,4,train
46,Int8WeightOnlyConfig,int8,8,False,True,pt2_relative_median_latency,0.9929317591923477,pt2,median_latency,True,1,4,train
47,Float8WeightOnlyConfig,float8,8,False,True,pt2_relative_median_latency,0.8164010553187122,pt2,median_latency,True,1,4,train
48,Int8WeightOnlyConfig,int8,8,False,True,pt2_relative_p95_latency,0.9917967279299197,pt2,p95_latency,True,1,4,train
49,Float8WeightOnlyConfig,float8,8,False,True,pt2_relative_p95_latency,0.8136458755328121,pt2,p95_latency,True,1,4,train
50,Int8WeightOnlyConfig,int8,8,False,True,pt2_relative_p99_latency,1.0284034964814461,pt2,p99_latency,True,1,4,train
51,Float8WeightOnlyConfig,float8,8,False,True,pt2_relative_p99_latency,0.9111523692144022,pt2,p99_latency,True,1,4,train
0,Int8WeightOnlyConfig,int8,8,False,True,pytorch_quantized_MAE,7.578746849483515,pytorch,MAE,False,1,4,test
1,Float8WeightOnlyConfig,float8,8,False,True,pytorch_quantized_MAE,7.616697876608159,pytorch,MAE,False,1,4,test
2,Int8WeightOnlyConfig,int8,8,False,True,pytorch_relative_MAE,1.0000828451188248,pytorch,MAE,True,1,4,test
3,Float8WeightOnlyConfig,float8,8,False,True,pytorch_relative_MAE,1.0050908196475667,pytorch,MAE,True,1,4,test
4,Int8WeightOnlyConfig,int8,8,False,True,pytorch_quantized_model_size,206337.0,pytorch,model_size,False,1,4,test
5,Float8WeightOnlyConfig,float8,8,False,True,pytorch_quantized_model_size,206337.0,pytorch,model_size,False,1,4,test
6,Int8WeightOnlyConfig,int8,8,False,True,pytorch_quantized_median_latency,0.00018887221813201904,pytorch,median_latency,False,1,4,test
7,Float8WeightOnlyConfig,float8,8,False,True,pytorch_quantized_median_latency,0.00023205392062664032,pytorch,median_latency,False,1,4,test
8,Int8WeightOnlyConfig,int8,8,False,True,pytorch_quantized_p95_latency,0.00019417926669120788,pytorch,p95_latency,False,1,4,test
9,Float8WeightOnlyConfig,float8,8,False,True,pytorch_quantized_p95_latency,0.00023861676454544066,pytorch,p95_latency,False,1,4,test
10,Int8WeightOnlyConfig,int8,8,False,True,pytorch_quantized_p99_latency,0.00019847214221954345,pytorch,p99_latency,False,1,4,test
11,Float8WeightOnlyConfig,float8,8,False,True,pytorch_quantized_p99_latency,0.00024236682802438733,pytorch,p99_latency,False,1,4,test
12,Int8WeightOnlyConfig,int8,8,False,True,pytorch_relative_model_size,0.25,pytorch,model_size,True,1,4,test
13,Float8WeightOnlyConfig,float8,8,False,True,pytorch_relative_model_size,0.25,pytorch,model_size,True,1,4,test
14,Int8WeightOnlyConfig,int8,8,False,True,pytorch_relative_median_latency,1.7476129743890247,pytorch,median_latency,True,1,4,test
15,Float8WeightOnlyConfig,float8,8,False,True,pytorch_relative_median_latency,2.1471683154665473,pytorch,median_latency,True,1,4,test
16,Int8WeightOnlyConfig,int8,8,False,True,pytorch_relative_p95_latency,1.7230646158321516,pytorch,p95_latency,True,1,4,test
17,Float8WeightOnlyConfig,float8,8,False,True,pytorch_relative_p95_latency,2.117384161237112,pytorch,p95_latency,True,1,4,test
18,Int8WeightOnlyConfig,int8,8,False,True,pytorch_relative_p99_latency,1.7472960133599684,pytorch,p99_latency,True,1,4,test
19,Float8WeightOnlyConfig,float8,8,False,True,pytorch_relative_p99_latency,2.1337331659838985,pytorch,p99_latency,True,1,4,test
20,Int8WeightOnlyConfig,int8,8,False,True,onnx_quantized_model_size,47768.0,onnx,model_size,False,1,4,test
21,Float8WeightOnlyConfig,float8,8,False,True,onnx_quantized_model_size,,onnx,model_size,False,1,4,test
22,Int8WeightOnlyConfig,int8,8,False,True,onnx_quantized_median_latency,0.00036462023854255676,onnx,median_latency,False,1,4,test
23,Float8WeightOnlyConfig,float8,8,False,True,onnx_quantized_median_latency,,onnx,median_latency,False,1,4,test
24,Int8WeightOnlyConfig,int8,8,False,True,onnx_quantized_p95_latency,0.000375518761575222,onnx,p95_latency,False,1,4,test
25,Float8WeightOnlyConfig,float8,8,False,True,onnx_quantized_p95_latency,,onnx,p95_latency,False,1,4,test
26,Int8WeightOnlyConfig,int8,8,False,True,onnx_quantized_p99_latency,0.00037920925766229626,onnx,p99_latency,False,1,4,test
27,Float8WeightOnlyConfig,float8,8,False,True,onnx_quantized_p99_latency,,onnx,p99_latency,False,1,4,test
28,Int8WeightOnlyConfig,int8,8,False,True,onnx_relative_model_size,1.6765407833777903,onnx,model_size,True,1,4,test
29,Float8WeightOnlyConfig,float8,8,False,True,onnx_relative_model_size,,onnx,model_size,True,1,4,test
30,Int8WeightOnlyConfig,int8,8,False,True,onnx_relative_median_latency,1.1305718873089763,onnx,median_latency,True,1,4,test
31,Float8WeightOnlyConfig,float8,8,False,True,onnx_relative_median_latency,,onnx,median_latency,True,1,4,test
32,Int8WeightOnlyConfig,int8,8,False,True,onnx_relative_p95_latency,1.1115686781544236,onnx,p95_latency,True,1,4,test
33,Float8WeightOnlyConfig,float8,8,False,True,onnx_relative_p95_latency,,onnx,p95_latency,True,1,4,test
34,Int8WeightOnlyConfig,int8,8,False,True,onnx_relative_p99_latency,1.1043579373861054,onnx,p99_latency,True,1,4,test
35,Float8WeightOnlyConfig,float8,8,False,True,onnx_relative_p99_latency,,onnx,p99_latency,True,1,4,test
36,Int8WeightOnlyConfig,int8,8,False,True,pt2_quantized_model_size,354081.0,pt2,model_size,False,1,4,test
37,Float8WeightOnlyConfig,float8,8,False,True,pt2_quantized_model_size,333281.0,pt2,model_size,False,1,4,test
38,Int8WeightOnlyConfig,int8,8,False,True,pt2_quantized_median_latency,0.00042586587369441986,pt2,median_latency,False,1,4,test
39,Float8WeightOnlyConfig,float8,8,False,True,pt2_quantized_median_latency,0.00035351701080799103,pt2,median_latency,False,1,4,test
40,Int8WeightOnlyConfig,int8,8,False,True,pt2_quantized_p95_latency,0.00044359769672155377,pt2,p95_latency,False,1,4,test
41,Float8WeightOnlyConfig,float8,8,False,True,pt2_quantized_p95_latency,0.0003687378019094467,pt2,p95_latency,False,1,4,test
42,Int8WeightOnlyConfig,int8,8,False,True,pt2_quantized_p99_latency,0.000545974113047123,pt2,p99_latency,False,1,4,test
43,Float8WeightOnlyConfig,float8,8,False,True,pt2_quantized_p99_latency,0.0004857737571001052,pt2,p99_latency,False,1,4,test
44,Int8WeightOnlyConfig,int8,8,False,True,pt2_relative_model_size,0.3979220633270587,pt2,model_size,True,1,4,test
45,Float8WeightOnlyConfig,float8,8,False,True,pt2_relative_model_size,0.3745466805270699,pt2,model_size,True,1,4,test
46,Int8WeightOnlyConfig,int8,8,False,True,pt2_relative_median_latency,0.9920681410898929,pt2,median_latency,True,1,4,test
47,Float8WeightOnlyConfig,float8,8,False,True,pt2_relative_median_latency,0.8235291565240407,pt2,median_latency,True,1,4,test
48,Int8WeightOnlyConfig,int8,8,False,True,pt2_relative_p95_latency,0.9869463740019875,pt2,p95_latency,True,1,4,test
49,Float8WeightOnlyConfig,float8,8,False,True,pt2_relative_p95_latency,0.8203929804902185,pt2,p95_latency,True,1,4,test
50,Int8WeightOnlyConfig,int8,8,False,True,pt2_relative_p99_latency,0.9970512731113375,pt2,p99_latency,True,1,4,test
51,Float8WeightOnlyConfig,float8,8,False,True,pt2_relative_p99_latency,0.8871141165605668,pt2,p99_latency,True,1,4,test
0,Int8WeightOnlyConfig,int8,8,False,True,pytorch_quantized_MAE,7.588431983262898,pytorch,MAE,False,1,5,train
1,Float8WeightOnlyConfig,float8,8,False,True,pytorch_quantized_MAE,7.624874273534175,pytorch,MAE,False,1,5,train
2,Int8WeightOnlyConfig,int8,8,False,True,pytorch_relative_MAE,1.0000481417986342,pytorch,MAE,True,1,5,train
3,Float8WeightOnlyConfig,float8,8,False,True,pytorch_relative_MAE,1.0048507208754527,pytorch,MAE,True,1,5,train
4,Int8WeightOnlyConfig,int8,8,False,True,pytorch_quantized_model_size,206337.0,pytorch,model_size,False,1,5,train
5,Float8WeightOnlyConfig,float8,8,False,True,pytorch_quantized_model_size,206337.0,pytorch,model_size,False,1,5,train
6,Int8WeightOnlyConfig,int8,8,False,True,pytorch_quantized_median_latency,0.00019501708447933197,pytorch,median_latency,False,1,5,train
7,Float8WeightOnlyConfig,float8,8,False,True,pytorch_quantized_median_latency,0.000238712877035141,pytorch,median_latency,False,1,5,train
8,Int8WeightOnlyConfig,int8,8,False,True,pytorch_quantized_p95_latency,0.00022025592625141144,pytorch,p95_latency,False,1,5,train
9,Float8WeightOnlyConfig,float8,8,False,True,pytorch_quantized_p95_latency,0.0002447433769702911,pytorch,p95_latency,False,1,5,train
10,Int8WeightOnlyConfig,int8,8,False,True,pytorch_quantized_p99_latency,0.00024460397660732266,pytorch,p99_latency,False,1,5,train
11,Float8WeightOnlyConfig,float8,8,False,True,pytorch_quantized_p99_latency,0.0002483941242098808,pytorch,p99_latency,False,1,5,train
12,Int8WeightOnlyConfig,int8,8,False,True,pytorch_relative_model_size,0.25,pytorch,model_size,True,1,5,train
13,Float8WeightOnlyConfig,float8,8,False,True,pytorch_relative_model_size,0.25,pytorch,model_size,True,1,5,train
14,Int8WeightOnlyConfig,int8,8,False,True,pytorch_relative_median_latency,2.2773028820010874,pytorch,median_latency,True,1,5,train
15,Float8WeightOnlyConfig,float8,8,False,True,pytorch_relative_median_latency,2.787558455682436,pytorch,median_latency,True,1,5,train
16,Int8WeightOnlyConfig,int8,8,False,True,pytorch_relative_p95_latency,2.4533242046079318,pytorch,p95_latency,True,1,5,train
17,Float8WeightOnlyConfig,float8,8,False,True,pytorch_relative_p95_latency,2.7260780713492876,pytorch,p95_latency,True,1,5,train
18,Int8WeightOnlyConfig,int8,8,False,True,pytorch_relative_p99_latency,2.6237305988512554,pytorch,p99_latency,True,1,5,train
19,Float8WeightOnlyConfig,float8,8,False,True,pytorch_relative_p99_latency,2.6643854008578423,pytorch,p99_latency,True,1,5,train
20,Int8WeightOnlyConfig,int8,8,False,True,onnx_quantized_model_size,47768.0,onnx,model_size,False,1,5,train
21,Float8WeightOnlyConfig,float8,8,False,True,onnx_quantized_model_size,,onnx,model_size,False,1,5,train
22,Int8WeightOnlyConfig,int8,8,False,True,onnx_quantized_median_latency,0.0003661680966615677,onnx,median_latency,False,1,5,train
23,Float8WeightOnlyConfig,float8,8,False,True,onnx_quantized_median_latency,,onnx,median_latency,False,1,5,train
24,Int8WeightOnlyConfig,int8,8,False,True,onnx_quantized_p95_latency,0.0003804413601756096,onnx,p95_latency,False,1,5,train
25,Float8WeightOnlyConfig,float8,8,False,True,onnx_quantized_p95_latency,,onnx,p95_latency,False,1,5,train
26,Int8WeightOnlyConfig,int8,8,False,True,onnx_quantized_p99_latency,0.00043930333107709883,onnx,p99_latency,False,1,5,train
27,Float8WeightOnlyConfig,float8,8,False,True,onnx_quantized_p99_latency,,onnx,p99_latency,False,1,5,train
28,Int8WeightOnlyConfig,int8,8,False,True,onnx_relative_model_size,1.6765407833777903,onnx,model_size,True,1,5,train
29,Float8WeightOnlyConfig,float8,8,False,True,onnx_relative_model_size,,onnx,model_size,True,1,5,train
30,Int8WeightOnlyConfig,int8,8,False,True,onnx_relative_median_latency,1.1349583451206346,onnx,median_latency,True,1,5,train
31,Float8WeightOnlyConfig,float8,8,False,True,onnx_relative_median_latency,,onnx,median_latency,True,1,5,train
32,Int8WeightOnlyConfig,int8,8,False,True,onnx_relative_p95_latency,1.128838088963857,onnx,p95_latency,True,1,5,train
33,Float8WeightOnlyConfig,float8,8,False,True,onnx_relative_p95_latency,,onnx,p95_latency,True,1,5,train
34,Int8WeightOnlyConfig,int8,8,False,True,onnx_relative_p99_latency,1.2702782298706923,onnx,p99_latency,True,1,5,train
35,Float8WeightOnlyConfig,float8,8,False,True,onnx_relative_p99_latency,,onnx,p99_latency,True,1,5,train
36,Int8WeightOnlyConfig,int8,8,False,True,pt2_quantized_model_size,354081.0,pt2,model_size,False,1,5,train
37,Float8WeightOnlyConfig,float8,8,False,True,pt2_quantized_model_size,333281.0,pt2,model_size,False,1,5,train
38,Int8WeightOnlyConfig,int8,8,False,True,pt2_quantized_median_latency,0.000431181862950325,pt2,median_latency,False,1,5,train
39,Float8WeightOnlyConfig,float8,8,False,True,pt2_quantized_median_latency,0.00035715848207473755,pt2,median_latency,False,1,5,train
40,Int8WeightOnlyConfig,int8,8,False,True,pt2_quantized_p95_latency,0.0004512237384915352,pt2,p95_latency,False,1,5,train
41,Float8WeightOnlyConfig,float8,8,False,True,pt2_quantized_p95_latency,0.00037106405943632126,pt2,p95_latency,False,1,5,train
42,Int8WeightOnlyConfig,int8,8,False,True,pt2_quantized_p99_latency,0.0005619572848081589,pt2,p99_latency,False,1,5,train
43,Float8WeightOnlyConfig,float8,8,False,True,pt2_quantized_p99_latency,0.00048309974372386935,pt2,p99_latency,False,1,5,train
44,Int8WeightOnlyConfig,int8,8,False,True,pt2_relative_model_size,0.3979220633270587,pt2,model_size,True,1,5,train
45,Float8WeightOnlyConfig,float8,8,False,True,pt2_relative_model_size,0.3745466805270699,pt2,model_size,True,1,5,train
46,Int8WeightOnlyConfig,int8,8,False,True,pt2_relative_median_latency,0.8939697619185542,pt2,median_latency,True,1,5,train
47,Float8WeightOnlyConfig,float8,8,False,True,pt2_relative_median_latency,0.7404970167410068,pt2,median_latency,True,1,5,train
48,Int8WeightOnlyConfig,int8,8,False,True,pt2_relative_p95_latency,0.8956259242827566,pt2,p95_latency,True,1,5,train
49,Float8WeightOnlyConfig,float8,8,False,True,pt2_relative_p95_latency,0.7365184117125111,pt2,p95_latency,True,1,5,train
50,Int8WeightOnlyConfig,int8,8,False,True,pt2_relative_p99_latency,0.9289353289724991,pt2,p99_latency,True,1,5,train
51,Float8WeightOnlyConfig,float8,8,False,True,pt2_relative_p99_latency,0.7985810158433363,pt2,p99_latency,True,1,5,train
0,Int8WeightOnlyConfig,int8,8,False,True,pytorch_quantized_MAE,7.753453417084516,pytorch,MAE,False,1,5,test
1,Float8WeightOnlyConfig,float8,8,False,True,pytorch_quantized_MAE,7.804236985329514,pytorch,MAE,False,1,5,test
2,Int8WeightOnlyConfig,int8,8,False,True,pytorch_relative_MAE,1.0000796593946917,pytorch,MAE,True,1,5,test
3,Float8WeightOnlyConfig,float8,8,False,True,pytorch_relative_MAE,1.0066299810257466,pytorch,MAE,True,1,5,test
4,Int8WeightOnlyConfig,int8,8,False,True,pytorch_quantized_model_size,206337.0,pytorch,model_size,False,1,5,test
5,Float8WeightOnlyConfig,float8,8,False,True,pytorch_quantized_model_size,206337.0,pytorch,model_size,False,1,5,test
6,Int8WeightOnlyConfig,int8,8,False,True,pytorch_quantized_median_latency,0.00018853135406970978,pytorch,median_latency,False,1,5,test
7,Float8WeightOnlyConfig,float8,8,False,True,pytorch_quantized_median_latency,0.00023144856095314026,pytorch,median_latency,False,1,5,test
8,Int8WeightOnlyConfig,int8,8,False,True,pytorch_quantized_p95_latency,0.0001939544454216957,pytorch,p95_latency,False,1,5,test
9,Float8WeightOnlyConfig,float8,8,False,True,pytorch_quantized_p95_latency,0.00023781582713127135,pytorch,p95_latency,False,1,5,test
10,Int8WeightOnlyConfig,int8,8,False,True,pytorch_quantized_p99_latency,0.00019620131701231003,pytorch,p99_latency,False,1,5,test
11,Float8WeightOnlyConfig,float8,8,False,True,pytorch_quantized_p99_latency,0.00024101801216602325,pytorch,p99_latency,False,1,5,test
12,Int8WeightOnlyConfig,int8,8,False,True,pytorch_relative_model_size,0.25,pytorch,model_size,True,1,5,test
13,Float8WeightOnlyConfig,float8,8,False,True,pytorch_relative_model_size,0.25,pytorch,model_size,True,1,5,test
14,Int8WeightOnlyConfig,int8,8,False,True,pytorch_relative_median_latency,1.7299389837460903,pytorch,median_latency,True,1,5,test
15,Float8WeightOnlyConfig,float8,8,False,True,pytorch_relative_median_latency,2.123741646584286,pytorch,median_latency,True,1,5,test
16,Int8WeightOnlyConfig,int8,8,False,True,pytorch_relative_p95_latency,1.7093644579054936,pytorch,p95_latency,True,1,5,test
17,Float8WeightOnlyConfig,float8,8,False,True,pytorch_relative_p95_latency,2.0959247494521187,pytorch,p95_latency,True,1,5,test
18,Int8WeightOnlyConfig,int8,8,False,True,pytorch_relative_p99_latency,1.7014491948325328,pytorch,p99_latency,True,1,5,test
19,Float8WeightOnlyConfig,float8,8,False,True,pytorch_relative_p99_latency,2.0900976047693334,pytorch,p99_latency,True,1,5,test
20,Int8WeightOnlyConfig,int8,8,False,True,onnx_quantized_model_size,47768.0,onnx,model_size,False,1,5,test
21,Float8WeightOnlyConfig,float8,8,False,True,onnx_quantized_model_size,,onnx,model_size,False,1,5,test
22,Int8WeightOnlyConfig,int8,8,False,True,onnx_quantized_median_latency,0.00036662444472312927,onnx,median_latency,False,1,5,test
23,Float8WeightOnlyConfig,float8,8,False,True,onnx_quantized_median_latency,,onnx,median_latency,False,1,5,test
24,Int8WeightOnlyConfig,int8,8,False,True,onnx_quantized_p95_latency,0.00037817824631929396,onnx,p95_latency,False,1,5,test
25,Float8WeightOnlyConfig,float8,8,False,True,onnx_quantized_p95_latency,,onnx,p95_latency,False,1,5,test
26,Int8WeightOnlyConfig,int8,8,False,True,onnx_quantized_p99_latency,0.0003834738954901695,onnx,p99_latency,False,1,5,test
27,Float8WeightOnlyConfig,float8,8,False,True,onnx_quantized_p99_latency,,onnx,p99_latency,False,1,5,test
28,Int8WeightOnlyConfig,int8,8,False,True,onnx_relative_model_size,1.6765407833777903,onnx,model_size,True,1,5,test
29,Float8WeightOnlyConfig,float8,8,False,True,onnx_relative_model_size,,onnx,model_size,True,1,5,test
30,Int8WeightOnlyConfig,int8,8,False,True,onnx_relative_median_latency,1.1290526122570728,onnx,median_latency,True,1,5,test
31,Float8WeightOnlyConfig,float8,8,False,True,onnx_relative_median_latency,,onnx,median_latency,True,1,5,test
32,Int8WeightOnlyConfig,int8,8,False,True,onnx_relative_p95_latency,1.0292957006745613,onnx,p95_latency,True,1,5,test
33,Float8WeightOnlyConfig,float8,8,False,True,onnx_relative_p95_latency,,onnx,p95_latency,True,1,5,test
34,Int8WeightOnlyConfig,int8,8,False,True,onnx_relative_p99_latency,0.9632809123853917,onnx,p99_latency,True,1,5,test
35,Float8WeightOnlyConfig,float8,8,False,True,onnx_relative_p99_latency,,onnx,p99_latency,True,1,5,test
36,Int8WeightOnlyConfig,int8,8,False,True,pt2_quantized_model_size,354081.0,pt2,model_size,False,1,5,test
37,Float8WeightOnlyConfig,float8,8,False,True,pt2_quantized_model_size,333281.0,pt2,model_size,False,1,5,test
38,Int8WeightOnlyConfig,int8,8,False,True,pt2_quantized_median_latency,0.0004311744123697281,pt2,median_latency,False,1,5,test
39,Float8WeightOnlyConfig,float8,8,False,True,pt2_quantized_median_latency,0.0003546718508005142,pt2,median_latency,False,1,5,test
40,Int8WeightOnlyConfig,int8,8,False,True,pt2_quantized_p95_latency,0.0004478342831134796,pt2,p95_latency,False,1,5,test
41,Float8WeightOnlyConfig,float8,8,False,True,pt2_quantized_p95_latency,0.00036865044385194775,pt2,p95_latency,False,1,5,test
42,Int8WeightOnlyConfig,int8,8,False,True,pt2_quantized_p99_latency,0.0005517682060599327,pt2,p99_latency,False,1,5,test
43,Float8WeightOnlyConfig,float8,8,False,True,pt2_quantized_p99_latency,0.00047115333378314965,pt2,p99_latency,False,1,5,test
44,Int8WeightOnlyConfig,int8,8,False,True,pt2_relative_model_size,0.3979220633270587,pt2,model_size,True,1,5,test
45,Float8WeightOnlyConfig,float8,8,False,True,pt2_relative_model_size,0.3745466805270699,pt2,model_size,True,1,5,test
46,Int8WeightOnlyConfig,int8,8,False,True,pt2_relative_median_latency,0.9840543114149195,pt2,median_latency,True,1,5,test
47,Float8WeightOnlyConfig,float8,8,False,True,pt2_relative_median_latency,0.8094551854308014,pt2,median_latency,True,1,5,test
48,Int8WeightOnlyConfig,int8,8,False,True,pt2_relative_p95_latency,0.9835343456834262,pt2,p95_latency,True,1,5,test
49,Float8WeightOnlyConfig,float8,8,False,True,pt2_relative_p95_latency,0.809630675345044,pt2,p95_latency,True,1,5,test
50,Int8WeightOnlyConfig,int8,8,False,True,pt2_relative_p99_latency,1.0128385017467232,pt2,p99_latency,True,1,5,test
51,Float8WeightOnlyConfig,float8,8,False,True,pt2_relative_p99_latency,0.8648599746069198,pt2,p99_latency,True,1,5,test
0,Int8WeightOnlyConfig,int8,8,False,True,pytorch_quantized_MAE,7.564080907781178,pytorch,MAE,False,1,6,train
1,Float8WeightOnlyConfig,float8,8,False,True,pytorch_quantized_MAE,7.603329476922791,pytorch,MAE,False,1,6,train
2,Int8WeightOnlyConfig,int8,8,False,True,pytorch_relative_MAE,1.000086991474538,pytorch,MAE,True,1,6,train
3,Float8WeightOnlyConfig,float8,8,False,True,pytorch_relative_MAE,1.0052762515989422,pytorch,MAE,True,1,6,train
4,Int8WeightOnlyConfig,int8,8,False,True,pytorch_quantized_model_size,206337.0,pytorch,model_size,False,1,6,train
5,Float8WeightOnlyConfig,float8,8,False,True,pytorch_quantized_model_size,206337.0,pytorch,model_size,False,1,6,train
6,Int8WeightOnlyConfig,int8,8,False,True,pytorch_quantized_median_latency,0.00020362623035907745,pytorch,median_latency,False,1,6,train
7,Float8WeightOnlyConfig,float8,8,False,True,pytorch_quantized_median_latency,0.00024487823247909546,pytorch,median_latency,False,1,6,train
8,Int8WeightOnlyConfig,int8,8,False,True,pytorch_quantized_p95_latency,0.00022306442260742185,pytorch,p95_latency,False,1,6,train
9,Float8WeightOnlyConfig,float8,8,False,True,pytorch_quantized_p95_latency,0.0002516698092222214,pytorch,p95_latency,False,1,6,train
10,Int8WeightOnlyConfig,int8,8,False,True,pytorch_quantized_p99_latency,0.0002545708045363425,pytorch,p99_latency,False,1,6,train
11,Float8WeightOnlyConfig,float8,8,False,True,pytorch_quantized_p99_latency,0.0002556126564741134,pytorch,p99_latency,False,1,6,train
12,Int8WeightOnlyConfig,int8,8,False,True,pytorch_relative_model_size,0.25,pytorch,model_size,True,1,6,train
13,Float8WeightOnlyConfig,float8,8,False,True,pytorch_relative_model_size,0.25,pytorch,model_size,True,1,6,train
14,Int8WeightOnlyConfig,int8,8,False,True,pytorch_relative_median_latency,2.3844224393648576,pytorch,median_latency,True,1,6,train
15,Float8WeightOnlyConfig,float8,8,False,True,pytorch_relative_median_latency,2.8674751352294536,pytorch,median_latency,True,1,6,train
16,Int8WeightOnlyConfig,int8,8,False,True,pytorch_relative_p95_latency,2.4723678261533792,pytorch,p95_latency,True,1,6,train
17,Float8WeightOnlyConfig,float8,8,False,True,pytorch_relative_p95_latency,2.7894198987986734,pytorch,p95_latency,True,1,6,train
18,Int8WeightOnlyConfig,int8,8,False,True,pytorch_relative_p99_latency,2.7123312627756047,pytorch,p99_latency,True,1,6,train
19,Float8WeightOnlyConfig,float8,8,False,True,pytorch_relative_p99_latency,2.7234317013633924,pytorch,p99_latency,True,1,6,train
20,Int8WeightOnlyConfig,int8,8,False,True,onnx_quantized_model_size,47768.0,onnx,model_size,False,1,6,train
21,Float8WeightOnlyConfig,float8,8,False,True,onnx_quantized_model_size,,onnx,model_size,False,1,6,train
22,Int8WeightOnlyConfig,int8,8,False,True,onnx_quantized_median_latency,0.00037098489701747894,onnx,median_latency,False,1,6,train
23,Float8WeightOnlyConfig,float8,8,False,True,onnx_quantized_median_latency,,onnx,median_latency,False,1,6,train
24,Int8WeightOnlyConfig,int8,8,False,True,onnx_quantized_p95_latency,0.0003830196335911751,onnx,p95_latency,False,1,6,train
25,Float8WeightOnlyConfig,float8,8,False,True,onnx_quantized_p95_latency,,onnx,p95_latency,False,1,6,train
26,Int8WeightOnlyConfig,int8,8,False,True,onnx_quantized_p99_latency,0.00039041589945554734,onnx,p99_latency,False,1,6,train
27,Float8WeightOnlyConfig,float8,8,False,True,onnx_quantized_p99_latency,,onnx,p99_latency,False,1,6,train
28,Int8WeightOnlyConfig,int8,8,False,True,onnx_relative_model_size,1.6765407833777903,onnx,model_size,True,1,6,train
29,Float8WeightOnlyConfig,float8,8,False,True,onnx_relative_model_size,,onnx,model_size,True,1,6,train
30,Int8WeightOnlyConfig,int8,8,False,True,onnx_relative_median_latency,1.134677065589554,onnx,median_latency,True,1,6,train
31,Float8WeightOnlyConfig,float8,8,False,True,onnx_relative_median_latency,,onnx,median_latency,True,1,6,train
32,Int8WeightOnlyConfig,int8,8,False,True,onnx_relative_p95_latency,1.131715277147158,onnx,p95_latency,True,1,6,train
33,Float8WeightOnlyConfig,float8,8,False,True,onnx_relative_p95_latency,,onnx,p95_latency,True,1,6,train
34,Int8WeightOnlyConfig,int8,8,False,True,onnx_relative_p99_latency,1.122731949899861,onnx,p99_latency,True,1,6,train
35,Float8WeightOnlyConfig,float8,8,False,True,onnx_relative_p99_latency,,onnx,p99_latency,True,1,6,train
36,Int8WeightOnlyConfig,int8,8,False,True,pt2_quantized_model_size,354081.0,pt2,model_size,False,1,6,train
37,Float8WeightOnlyConfig,float8,8,False,True,pt2_quantized_model_size,333281.0,pt2,model_size,False,1,6,train
38,Int8WeightOnlyConfig,int8,8,False,True,pt2_quantized_median_latency,0.0004400685429573059,pt2,median_latency,False,1,6,train
39,Float8WeightOnlyConfig,float8,8,False,True,pt2_quantized_median_latency,0.00035959482192993164,pt2,median_latency,False,1,6,train
40,Int8WeightOnlyConfig,int8,8,False,True,pt2_quantized_p95_latency,0.00046277977526187897,pt2,p95_latency,False,1,6,train
41,Float8WeightOnlyConfig,float8,8,False,True,pt2_quantized_p95_latency,0.0003769213333725929,pt2,p95_latency,False,1,6,train
42,Int8WeightOnlyConfig,int8,8,False,True,pt2_quantized_p99_latency,0.0005733853578567505,pt2,p99_latency,False,1,6,train
43,Float8WeightOnlyConfig,float8,8,False,True,pt2_quantized_p99_latency,0.0004909031465649604,pt2,p99_latency,False,1,6,train
44,Int8WeightOnlyConfig,int8,8,False,True,pt2_relative_model_size,0.3979220633270587,pt2,model_size,True,1,6,train
45,Float8WeightOnlyConfig,float8,8,False,True,pt2_relative_model_size,0.3745466805270699,pt2,model_size,True,1,6,train
46,Int8WeightOnlyConfig,int8,8,False,True,pt2_relative_median_latency,0.9880849319766299,pt2,median_latency,True,1,6,train
47,Float8WeightOnlyConfig,float8,8,False,True,pt2_relative_median_latency,0.8073974630816908,pt2,median_latency,True,1,6,train
48,Int8WeightOnlyConfig,int8,8,False,True,pt2_relative_p95_latency,1.0008818288865229,pt2,p95_latency,True,1,6,train
49,Float8WeightOnlyConfig,float8,8,False,True,pt2_relative_p95_latency,0.8151905801821748,pt2,p95_latency,True,1,6,train
50,Int8WeightOnlyConfig,int8,8,False,True,pt2_relative_p99_latency,1.021470686689799,pt2,p99_latency,True,1,6,train
51,Float8WeightOnlyConfig,float8,8,False,True,pt2_relative_p99_latency,0.8745308322734834,pt2,p99_latency,True,1,6,train
0,Int8WeightOnlyConfig,int8,8,False,True,pytorch_quantized_MAE,7.608791476919869,pytorch,MAE,False,1,6,test
1,Float8WeightOnlyConfig,float8,8,False,True,pytorch_quantized_MAE,7.641619871611429,pytorch,MAE,False,1,6,test
2,Int8WeightOnlyConfig,int8,8,False,True,pytorch_relative_MAE,1.0003659222200036,pytorch,MAE,True,1,6,test
3,Float8WeightOnlyConfig,float8,8,False,True,pytorch_relative_MAE,1.0046820356829946,pytorch,MAE,True,1,6,test
4,Int8WeightOnlyConfig,int8,8,False,True,pytorch_quantized_model_size,206337.0,pytorch,model_size,False,1,6,test
5,Float8WeightOnlyConfig,float8,8,False,True,pytorch_quantized_model_size,206337.0,pytorch,model_size,False,1,6,test
6,Int8WeightOnlyConfig,int8,8,False,True,pytorch_quantized_median_latency,0.00018971040844917297,pytorch,median_latency,False,1,6,test
7,Float8WeightOnlyConfig,float8,8,False,True,pytorch_quantized_median_latency,0.0002346038818359375,pytorch,median_latency,False,1,6,test
8,Int8WeightOnlyConfig,int8,8,False,True,pytorch_quantized_p95_latency,0.00019663013517856598,pytorch,p95_latency,False,1,6,test
9,Float8WeightOnlyConfig,float8,8,False,True,pytorch_quantized_p95_latency,0.00024115554988384246,pytorch,p95_latency,False,1,6,test
10,Int8WeightOnlyConfig,int8,8,False,True,pytorch_quantized_p99_latency,0.00020201221108436584,pytorch,p99_latency,False,1,6,test
11,Float8WeightOnlyConfig,float8,8,False,True,pytorch_quantized_p99_latency,0.0002489422261714935,pytorch,p99_latency,False,1,6,test
12,Int8WeightOnlyConfig,int8,8,False,True,pytorch_relative_model_size,0.25,pytorch,model_size,True,1,6,test
13,Float8WeightOnlyConfig,float8,8,False,True,pytorch_relative_model_size,0.25,pytorch,model_size,True,1,6,test
14,Int8WeightOnlyConfig,int8,8,False,True,pytorch_relative_median_latency,1.7415615061044425,pytorch,median_latency,True,1,6,test
15,Float8WeightOnlyConfig,float8,8,False,True,pytorch_relative_median_latency,2.1536883143531345,pytorch,median_latency,True,1,6,test
16,Int8WeightOnlyConfig,int8,8,False,True,pytorch_relative_p95_latency,1.728570329143108,pytorch,p95_latency,True,1,6,test
17,Float8WeightOnlyConfig,float8,8,False,True,pytorch_relative_p95_latency,2.1199920747592547,pytorch,p95_latency,True,1,6,test
18,Int8WeightOnlyConfig,int8,8,False,True,pytorch_relative_p99_latency,1.750209225682618,pytorch,p99_latency,True,1,6,test
19,Float8WeightOnlyConfig,float8,8,False,True,pytorch_relative_p99_latency,2.1568051682051843,pytorch,p99_latency,True,1,6,test
20,Int8WeightOnlyConfig,int8,8,False,True,onnx_quantized_model_size,47768.0,onnx,model_size,False,1,6,test
21,Float8WeightOnlyConfig,float8,8,False,True,onnx_quantized_model_size,,onnx,model_size,False,1,6,test
22,Int8WeightOnlyConfig,int8,8,False,True,onnx_quantized_median_latency,0.0004154182970523834,onnx,median_latency,False,1,6,test
23,Float8WeightOnlyConfig,float8,8,False,True,onnx_quantized_median_latency,,onnx,median_latency,False,1,6,test
24,Int8WeightOnlyConfig,int8,8,False,True,onnx_quantized_p95_latency,0.00042714998126029967,onnx,p95_latency,False,1,6,test
25,Float8WeightOnlyConfig,float8,8,False,True,onnx_quantized_p95_latency,,onnx,p95_latency,False,1,6,test
26,Int8WeightOnlyConfig,int8,8,False,True,onnx_quantized_p99_latency,0.0004351116344332695,onnx,p99_latency,False,1,6,test
27,Float8WeightOnlyConfig,float8,8,False,True,onnx_quantized_p99_latency,,onnx,p99_latency,False,1,6,test
28,Int8WeightOnlyConfig,int8,8,False,True,onnx_relative_model_size,1.6765407833777903,onnx,model_size,True,1,6,test
29,Float8WeightOnlyConfig,float8,8,False,True,onnx_relative_model_size,,onnx,model_size,True,1,6,test
30,Int8WeightOnlyConfig,int8,8,False,True,onnx_relative_median_latency,1.2872479192879982,onnx,median_latency,True,1,6,test
31,Float8WeightOnlyConfig,float8,8,False,True,onnx_relative_median_latency,,onnx,median_latency,True,1,6,test
32,Int8WeightOnlyConfig,int8,8,False,True,onnx_relative_p95_latency,1.2714469389554177,onnx,p95_latency,True,1,6,test
33,Float8WeightOnlyConfig,float8,8,False,True,onnx_relative_p95_latency,,onnx,p95_latency,True,1,6,test
34,Int8WeightOnlyConfig,int8,8,False,True,onnx_relative_p99_latency,1.2598029196300864,onnx,p99_latency,True,1,6,test
35,Float8WeightOnlyConfig,float8,8,False,True,onnx_relative_p99_latency,,onnx,p99_latency,True,1,6,test
36,Int8WeightOnlyConfig,int8,8,False,True,pt2_quantized_model_size,354081.0,pt2,model_size,False,1,6,test
37,Float8WeightOnlyConfig,float8,8,False,True,pt2_quantized_model_size,333281.0,pt2,model_size,False,1,6,test
38,Int8WeightOnlyConfig,int8,8,False,True,pt2_quantized_median_latency,0.00042492710053920746,pt2,median_latency,False,1,6,test
39,Float8WeightOnlyConfig,float8,8,False,True,pt2_quantized_median_latency,0.00035221315920352936,pt2,median_latency,False,1,6,test
40,Int8WeightOnlyConfig,int8,8,False,True,pt2_quantized_p95_latency,0.0004420924931764602,pt2,p95_latency,False,1,6,test
41,Float8WeightOnlyConfig,float8,8,False,True,pt2_quantized_p95_latency,0.00037086736410856246,pt2,p95_latency,False,1,6,test
42,Int8WeightOnlyConfig,int8,8,False,True,pt2_quantized_p99_latency,0.0005401072651147842,pt2,p99_latency,False,1,6,test
43,Float8WeightOnlyConfig,float8,8,False,True,pt2_quantized_p99_latency,0.0004951027035713196,pt2,p99_latency,False,1,6,test
44,Int8WeightOnlyConfig,int8,8,False,True,pt2_relative_model_size,0.3979220633270587,pt2,model_size,True,1,6,test
45,Float8WeightOnlyConfig,float8,8,False,True,pt2_relative_model_size,0.3745466805270699,pt2,model_size,True,1,6,test
46,Int8WeightOnlyConfig,int8,8,False,True,pt2_relative_median_latency,0.9913480675467795,pt2,median_latency,True,1,6,test
47,Float8WeightOnlyConfig,float8,8,False,True,pt2_relative_median_latency,0.8217076159602298,pt2,median_latency,True,1,6,test
48,Int8WeightOnlyConfig,int8,8,False,True,pt2_relative_p95_latency,0.9896707499422492,pt2,p95_latency,True,1,6,test
49,Float8WeightOnlyConfig,float8,8,False,True,pt2_relative_p95_latency,0.8302257740891438,pt2,p95_latency,True,1,6,test
50,Int8WeightOnlyConfig,int8,8,False,True,pt2_relative_p99_latency,0.983145260545401,pt2,p99_latency,True,1,6,test
51,Float8WeightOnlyConfig,float8,8,False,True,pt2_relative_p99_latency,0.9012244565825476,pt2,p99_latency,True,1,6,test
0,Int8WeightOnlyConfig,int8,8,False,True,pytorch_quantized_MAE,7.528278968187175,pytorch,MAE,False,1,7,train
1,Float8WeightOnlyConfig,float8,8,False,True,pytorch_quantized_MAE,7.568731423583683,pytorch,MAE,False,1,7,train
2,Int8WeightOnlyConfig,int8,8,False,True,pytorch_relative_MAE,1.0000819562693528,pytorch,MAE,True,1,7,train
3,Float8WeightOnlyConfig,float8,8,False,True,pytorch_relative_MAE,1.0054557968111015,pytorch,MAE,True,1,7,train
4,Int8WeightOnlyConfig,int8,8,False,True,pytorch_quantized_model_size,206337.0,pytorch,model_size,False,1,7,train
5,Float8WeightOnlyConfig,float8,8,False,True,pytorch_quantized_model_size,206337.0,pytorch,model_size,False,1,7,train
6,Int8WeightOnlyConfig,int8,8,False,True,pytorch_quantized_median_latency,0.00019085593521595,pytorch,median_latency,False,1,7,train
7,Float8WeightOnlyConfig,float8,8,False,True,pytorch_quantized_median_latency,0.00023600831627845764,pytorch,median_latency,False,1,7,train
8,Int8WeightOnlyConfig,int8,8,False,True,pytorch_quantized_p95_latency,0.00019646994769573212,pytorch,p95_latency,False,1,7,train
9,Float8WeightOnlyConfig,float8,8,False,True,pytorch_quantized_p95_latency,0.0002426469698548317,pytorch,p95_latency,False,1,7,train
10,Int8WeightOnlyConfig,int8,8,False,True,pytorch_quantized_p99_latency,0.00020005770027637482,pytorch,p99_latency,False,1,7,train
11,Float8WeightOnlyConfig,float8,8,False,True,pytorch_quantized_p99_latency,0.00024874061346054073,pytorch,p99_latency,False,1,7,train
12,Int8WeightOnlyConfig,int8,8,False,True,pytorch_relative_model_size,0.25,pytorch,model_size,True,1,7,train
13,Float8WeightOnlyConfig,float8,8,False,True,pytorch_relative_model_size,0.25,pytorch,model_size,True,1,7,train
14,Int8WeightOnlyConfig,int8,8,False,True,pytorch_relative_median_latency,1.755770318202848,pytorch,median_latency,True,1,7,train
15,Float8WeightOnlyConfig,float8,8,False,True,pytorch_relative_median_latency,2.1711475522198804,pytorch,median_latency,True,1,7,train
16,Int8WeightOnlyConfig,int8,8,False,True,pytorch_relative_p95_latency,1.7423774394010976,pytorch,p95_latency,True,1,7,train
17,Float8WeightOnlyConfig,float8,8,False,True,pytorch_relative_p95_latency,2.1518945313145266,pytorch,p95_latency,True,1,7,train
18,Int8WeightOnlyConfig,int8,8,False,True,pytorch_relative_p99_latency,1.7497114092319723,pytorch,p99_latency,True,1,7,train
19,Float8WeightOnlyConfig,float8,8,False,True,pytorch_relative_p99_latency,2.175493813584862,pytorch,p99_latency,True,1,7,train
20,Int8WeightOnlyConfig,int8,8,False,True,onnx_quantized_model_size,47768.0,onnx,model_size,False,1,7,train
21,Float8WeightOnlyConfig,float8,8,False,True,onnx_quantized_model_size,,onnx,model_size,False,1,7,train
22,Int8WeightOnlyConfig,int8,8,False,True,onnx_quantized_median_latency,0.00036843493580818176,onnx,median_latency,False,1,7,train
23,Float8WeightOnlyConfig,float8,8,False,True,onnx_quantized_median_latency,,onnx,median_latency,False,1,7,train
24,Int8WeightOnlyConfig,int8,8,False,True,onnx_quantized_p95_latency,0.00039416905492544173,onnx,p95_latency,False,1,7,train
25,Float8WeightOnlyConfig,float8,8,False,True,onnx_quantized_p95_latency,,onnx,p95_latency,False,1,7,train
26,Int8WeightOnlyConfig,int8,8,False,True,onnx_quantized_p99_latency,0.00041682187467813493,onnx,p99_latency,False,1,7,train
27,Float8WeightOnlyConfig,float8,8,False,True,onnx_quantized_p99_latency,,onnx,p99_latency,False,1,7,train
28,Int8WeightOnlyConfig,int8,8,False,True,onnx_relative_model_size,1.6765407833777903,onnx,model_size,True,1,7,train
29,Float8WeightOnlyConfig,float8,8,False,True,onnx_relative_model_size,,onnx,model_size,True,1,7,train
30,Int8WeightOnlyConfig,int8,8,False,True,onnx_relative_median_latency,1.1395174670476542,onnx,median_latency,True,1,7,train
31,Float8WeightOnlyConfig,float8,8,False,True,onnx_relative_median_latency,,onnx,median_latency,True,1,7,train
32,Int8WeightOnlyConfig,int8,8,False,True,onnx_relative_p95_latency,1.1696087724291926,onnx,p95_latency,True,1,7,train
33,Float8WeightOnlyConfig,float8,8,False,True,onnx_relative_p95_latency,,onnx,p95_latency,True,1,7,train
34,Int8WeightOnlyConfig,int8,8,False,True,onnx_relative_p99_latency,1.2138758368128322,onnx,p99_latency,True,1,7,train
35,Float8WeightOnlyConfig,float8,8,False,True,onnx_relative_p99_latency,,onnx,p99_latency,True,1,7,train
36,Int8WeightOnlyConfig,int8,8,False,True,pt2_quantized_model_size,354081.0,pt2,model_size,False,1,7,train
37,Float8WeightOnlyConfig,float8,8,False,True,pt2_quantized_model_size,333281.0,pt2,model_size,False,1,7,train
38,Int8WeightOnlyConfig,int8,8,False,True,pt2_quantized_median_latency,0.0004326924681663513,pt2,median_latency,False,1,7,train
39,Float8WeightOnlyConfig,float8,8,False,True,pt2_quantized_median_latency,0.00035283714532852173,pt2,median_latency,False,1,7,train
40,Int8WeightOnlyConfig,int8,8,False,True,pt2_quantized_p95_latency,0.0005000311881303787,pt2,p95_latency,False,1,7,train
41,Float8WeightOnlyConfig,float8,8,False,True,pt2_quantized_p95_latency,0.0003693707287311554,pt2,p95_latency,False,1,7,train
42,Int8WeightOnlyConfig,int8,8,False,True,pt2_quantized_p99_latency,0.0005819353833794594,pt2,p99_latency,False,1,7,train
43,Float8WeightOnlyConfig,float8,8,False,True,pt2_quantized_p99_latency,0.0004752082377672195,pt2,p99_latency,False,1,7,train
44,Int8WeightOnlyConfig,int8,8,False,True,pt2_relative_model_size,0.3979220633270587,pt2,model_size,True,1,7,train
45,Float8WeightOnlyConfig,float8,8,False,True,pt2_relative_model_size,0.3745466805270699,pt2,model_size,True,1,7,train
46,Int8WeightOnlyConfig,int8,8,False,True,pt2_relative_median_latency,1.0016816868612823,pt2,median_latency,True,1,7,train
47,Float8WeightOnlyConfig,float8,8,False,True,pt2_relative_median_latency,0.816816868612824,pt2,median_latency,True,1,7,train
48,Int8WeightOnlyConfig,int8,8,False,True,pt2_relative_p95_latency,1.1103715588380427,pt2,p95_latency,True,1,7,train
49,Float8WeightOnlyConfig,float8,8,False,True,pt2_relative_p95_latency,0.8202263410485842,pt2,p95_latency,True,1,7,train
50,Int8WeightOnlyConfig,int8,8,False,True,pt2_relative_p99_latency,1.062987910775264,pt2,p99_latency,True,1,7,train
51,Float8WeightOnlyConfig,float8,8,False,True,pt2_relative_p99_latency,0.8680355693683388,pt2,p99_latency,True,1,7,train
0,Int8WeightOnlyConfig,int8,8,False,True,pytorch_quantized_MAE,7.431503568633143,pytorch,MAE,False,1,7,test
1,Float8WeightOnlyConfig,float8,8,False,True,pytorch_quantized_MAE,7.470821520571202,pytorch,MAE,False,1,7,test
2,Int8WeightOnlyConfig,int8,8,False,True,pytorch_relative_MAE,1.000093599048462,pytorch,MAE,True,1,7,test
3,Float8WeightOnlyConfig,float8,8,False,True,pytorch_relative_MAE,1.005384807173143,pytorch,MAE,True,1,7,test
4,Int8WeightOnlyConfig,int8,8,False,True,pytorch_quantized_model_size,206337.0,pytorch,model_size,False,1,7,test
5,Float8WeightOnlyConfig,float8,8,False,True,pytorch_quantized_model_size,206337.0,pytorch,model_size,False,1,7,test
6,Int8WeightOnlyConfig,int8,8,False,True,pytorch_quantized_median_latency,0.00020134076476097107,pytorch,median_latency,False,1,7,test
7,Float8WeightOnlyConfig,float8,8,False,True,pytorch_quantized_median_latency,0.0002541840076446533,pytorch,median_latency,False,1,7,test
8,Int8WeightOnlyConfig,int8,8,False,True,pytorch_quantized_p95_latency,0.00020698867738246917,pytorch,p95_latency,False,1,7,test
9,Float8WeightOnlyConfig,float8,8,False,True,pytorch_quantized_p95_latency,0.00026064440608024596,pytorch,p95_latency,False,1,7,test
10,Int8WeightOnlyConfig,int8,8,False,True,pytorch_quantized_p99_latency,0.00021118119359016417,pytorch,p99_latency,False,1,7,test
11,Float8WeightOnlyConfig,float8,8,False,True,pytorch_quantized_p99_latency,0.00026397179812192917,pytorch,p99_latency,False,1,7,test
12,Int8WeightOnlyConfig,int8,8,False,True,pytorch_relative_model_size,0.25,pytorch,model_size,True,1,7,test
13,Float8WeightOnlyConfig,float8,8,False,True,pytorch_relative_model_size,0.25,pytorch,model_size,True,1,7,test
14,Int8WeightOnlyConfig,int8,8,False,True,pytorch_relative_median_latency,1.8416219439475254,pytorch,median_latency,True,1,7,test
15,Float8WeightOnlyConfig,float8,8,False,True,pytorch_relative_median_latency,2.3249680552006136,pytorch,median_latency,True,1,7,test
16,Int8WeightOnlyConfig,int8,8,False,True,pytorch_relative_p95_latency,1.8193668589840144,pytorch,p95_latency,True,1,7,test
17,Float8WeightOnlyConfig,float8,8,False,True,pytorch_relative_p95_latency,2.290984223865251,pytorch,p95_latency,True,1,7,test
18,Int8WeightOnlyConfig,int8,8,False,True,pytorch_relative_p99_latency,1.827183684941344,pytorch,p99_latency,True,1,7,test
19,Float8WeightOnlyConfig,float8,8,False,True,pytorch_relative_p99_latency,2.2839389938720545,pytorch,p99_latency,True,1,7,test
20,Int8WeightOnlyConfig,int8,8,False,True,onnx_quantized_model_size,47768.0,onnx,model_size,False,1,7,test
21,Float8WeightOnlyConfig,float8,8,False,True,onnx_quantized_model_size,,onnx,model_size,False,1,7,test
22,Int8WeightOnlyConfig,int8,8,False,True,onnx_quantized_median_latency,0.0003639739006757736,onnx,median_latency,False,1,7,test
23,Float8WeightOnlyConfig,float8,8,False,True,onnx_quantized_median_latency,,onnx,median_latency,False,1,7,test
24,Int8WeightOnlyConfig,int8,8,False,True,onnx_quantized_p95_latency,0.00037422142922878266,onnx,p95_latency,False,1,7,test
25,Float8WeightOnlyConfig,float8,8,False,True,onnx_quantized_p95_latency,,onnx,p95_latency,False,1,7,test
26,Int8WeightOnlyConfig,int8,8,False,True,onnx_quantized_p99_latency,0.00038149803876876833,onnx,p99_latency,False,1,7,test
27,Float8WeightOnlyConfig,float8,8,False,True,onnx_quantized_p99_latency,,onnx,p99_latency,False,1,7,test
28,Int8WeightOnlyConfig,int8,8,False,True,onnx_relative_model_size,1.6765407833777903,onnx,model_size,True,1,7,test
29,Float8WeightOnlyConfig,float8,8,False,True,onnx_relative_model_size,,onnx,model_size,True,1,7,test
30,Int8WeightOnlyConfig,int8,8,False,True,onnx_relative_median_latency,1.130493893584648,onnx,median_latency,True,1,7,test
31,Float8WeightOnlyConfig,float8,8,False,True,onnx_relative_median_latency,,onnx,median_latency,True,1,7,test
32,Int8WeightOnlyConfig,int8,8,False,True,onnx_relative_p95_latency,1.1186877446850687,onnx,p95_latency,True,1,7,test
33,Float8WeightOnlyConfig,float8,8,False,True,onnx_relative_p95_latency,,onnx,p95_latency,True,1,7,test
34,Int8WeightOnlyConfig,int8,8,False,True,onnx_relative_p99_latency,1.1121436531012225,onnx,p99_latency,True,1,7,test
35,Float8WeightOnlyConfig,float8,8,False,True,onnx_relative_p99_latency,,onnx,p99_latency,True,1,7,test
36,Int8WeightOnlyConfig,int8,8,False,True,pt2_quantized_model_size,354081.0,pt2,model_size,False,1,7,test
37,Float8WeightOnlyConfig,float8,8,False,True,pt2_quantized_model_size,333281.0,pt2,model_size,False,1,7,test
38,Int8WeightOnlyConfig,int8,8,False,True,pt2_quantized_median_latency,0.00044251419603824615,pt2,median_latency,False,1,7,test
39,Float8WeightOnlyConfig,float8,8,False,True,pt2_quantized_median_latency,0.0003643576055765152,pt2,median_latency,False,1,7,test
40,Int8WeightOnlyConfig,int8,8,False,True,pt2_quantized_p95_latency,0.00046057775616645805,pt2,p95_latency,False,1,7,test
41,Float8WeightOnlyConfig,float8,8,False,True,pt2_quantized_p95_latency,0.00038198474794626236,pt2,p95_latency,False,1,7,test
42,Int8WeightOnlyConfig,int8,8,False,True,pt2_quantized_p99_latency,0.000549272634088993,pt2,p99_latency,False,1,7,test
43,Float8WeightOnlyConfig,float8,8,False,True,pt2_quantized_p99_latency,0.0004919633641839028,pt2,p99_latency,False,1,7,test
44,Int8WeightOnlyConfig,int8,8,False,True,pt2_relative_model_size,0.3979220633270587,pt2,model_size,True,1,7,test
45,Float8WeightOnlyConfig,float8,8,False,True,pt2_relative_model_size,0.3745466805270699,pt2,model_size,True,1,7,test
46,Int8WeightOnlyConfig,int8,8,False,True,pt2_relative_median_latency,0.9845585767035918,pt2,median_latency,True,1,7,test
47,Float8WeightOnlyConfig,float8,8,False,True,pt2_relative_median_latency,0.8106664345894513,pt2,median_latency,True,1,7,test
48,Int8WeightOnlyConfig,int8,8,False,True,pt2_relative_p95_latency,0.9839834107786164,pt2,p95_latency,True,1,7,test
49,Float8WeightOnlyConfig,float8,8,False,True,pt2_relative_p95_latency,0.8160764390317861,pt2,p95_latency,True,1,7,test
50,Int8WeightOnlyConfig,int8,8,False,True,pt2_relative_p99_latency,0.9836490406162491,pt2,p99_latency,True,1,7,test
51,Float8WeightOnlyConfig,float8,8,False,True,pt2_relative_p99_latency,0.8810183889835551,pt2,p99_latency,True,1,7,test
0,Int8WeightOnlyConfig,int8,8,False,True,pytorch_quantized_MAE,7.600782605539476,pytorch,MAE,False,1,8,train
1,Float8WeightOnlyConfig,float8,8,False,True,pytorch_quantized_MAE,7.644153815855825,pytorch,MAE,False,1,8,train
2,Int8WeightOnlyConfig,int8,8,False,True,pytorch_relative_MAE,1.0001450828425773,pytorch,MAE,True,1,8,train
3,Float8WeightOnlyConfig,float8,8,False,True,pytorch_relative_MAE,1.0058520613191377,pytorch,MAE,True,1,8,train
4,Int8WeightOnlyConfig,int8,8,False,True,pytorch_quantized_model_size,206337.0,pytorch,model_size,False,1,8,train
5,Float8WeightOnlyConfig,float8,8,False,True,pytorch_quantized_model_size,206337.0,pytorch,model_size,False,1,8,train
6,Int8WeightOnlyConfig,int8,8,False,True,pytorch_quantized_median_latency,0.00019670091569423676,pytorch,median_latency,False,1,8,train
7,Float8WeightOnlyConfig,float8,8,False,True,pytorch_quantized_median_latency,0.000247882679104805,pytorch,median_latency,False,1,8,train
8,Int8WeightOnlyConfig,int8,8,False,True,pytorch_quantized_p95_latency,0.000202283076941967,pytorch,p95_latency,False,1,8,train
9,Float8WeightOnlyConfig,float8,8,False,True,pytorch_quantized_p95_latency,0.00025409813970327376,pytorch,p95_latency,False,1,8,train
10,Int8WeightOnlyConfig,int8,8,False,True,pytorch_quantized_p99_latency,0.00020671110600233077,pytorch,p99_latency,False,1,8,train
11,Float8WeightOnlyConfig,float8,8,False,True,pytorch_quantized_p99_latency,0.0002585414052009582,pytorch,p99_latency,False,1,8,train
12,Int8WeightOnlyConfig,int8,8,False,True,pytorch_relative_model_size,0.25,pytorch,model_size,True,1,8,train
13,Float8WeightOnlyConfig,float8,8,False,True,pytorch_relative_model_size,0.25,pytorch,model_size,True,1,8,train
14,Int8WeightOnlyConfig,int8,8,False,True,pytorch_relative_median_latency,1.7987225344915687,pytorch,median_latency,True,1,8,train
15,Float8WeightOnlyConfig,float8,8,False,True,pytorch_relative_median_latency,2.266751831033895,pytorch,median_latency,True,1,8,train
16,Int8WeightOnlyConfig,int8,8,False,True,pytorch_relative_p95_latency,1.7748416777662468,pytorch,p95_latency,True,1,8,train
17,Float8WeightOnlyConfig,float8,8,False,True,pytorch_relative_p95_latency,2.229469589873914,pytorch,p95_latency,True,1,8,train
18,Int8WeightOnlyConfig,int8,8,False,True,pytorch_relative_p99_latency,1.7888142912775598,pytorch,p99_latency,True,1,8,train
19,Float8WeightOnlyConfig,float8,8,False,True,pytorch_relative_p99_latency,2.2373377485834833,pytorch,p99_latency,True,1,8,train
20,Int8WeightOnlyConfig,int8,8,False,True,onnx_quantized_model_size,47768.0,onnx,model_size,False,1,8,train
21,Float8WeightOnlyConfig,float8,8,False,True,onnx_quantized_model_size,,onnx,model_size,False,1,8,train
22,Int8WeightOnlyConfig,int8,8,False,True,onnx_quantized_median_latency,0.00036777742207050323,onnx,median_latency,False,1,8,train
23,Float8WeightOnlyConfig,float8,8,False,True,onnx_quantized_median_latency,,onnx,median_latency,False,1,8,train
24,Int8WeightOnlyConfig,int8,8,False,True,onnx_quantized_p95_latency,0.0003796776756644249,onnx,p95_latency,False,1,8,train
25,Float8WeightOnlyConfig,float8,8,False,True,onnx_quantized_p95_latency,,onnx,p95_latency,False,1,8,train
26,Int8WeightOnlyConfig,int8,8,False,True,onnx_quantized_p99_latency,0.0003855437785387039,onnx,p99_latency,False,1,8,train
27,Float8WeightOnlyConfig,float8,8,False,True,onnx_quantized_p99_latency,,onnx,p99_latency,False,1,8,train
28,Int8WeightOnlyConfig,int8,8,False,True,onnx_relative_model_size,1.6765407833777903,onnx,model_size,True,1,8,train
29,Float8WeightOnlyConfig,float8,8,False,True,onnx_relative_model_size,,onnx,model_size,True,1,8,train
30,Int8WeightOnlyConfig,int8,8,False,True,onnx_relative_median_latency,1.1347969769246242,onnx,median_latency,True,1,8,train
31,Float8WeightOnlyConfig,float8,8,False,True,onnx_relative_median_latency,,onnx,median_latency,True,1,8,train
32,Int8WeightOnlyConfig,int8,8,False,True,onnx_relative_p95_latency,1.1131785003172898,onnx,p95_latency,True,1,8,train
33,Float8WeightOnlyConfig,float8,8,False,True,onnx_relative_p95_latency,,onnx,p95_latency,True,1,8,train
34,Int8WeightOnlyConfig,int8,8,False,True,onnx_relative_p99_latency,1.100488561975787,onnx,p99_latency,True,1,8,train
35,Float8WeightOnlyConfig,float8,8,False,True,onnx_relative_p99_latency,,onnx,p99_latency,True,1,8,train
36,Int8WeightOnlyConfig,int8,8,False,True,pt2_quantized_model_size,354081.0,pt2,model_size,False,1,8,train
37,Float8WeightOnlyConfig,float8,8,False,True,pt2_quantized_model_size,333281.0,pt2,model_size,False,1,8,train
38,Int8WeightOnlyConfig,int8,8,False,True,pt2_quantized_median_latency,0.000443020835518837,pt2,median_latency,False,1,8,train
39,Float8WeightOnlyConfig,float8,8,False,True,pt2_quantized_median_latency,0.0003641713410615921,pt2,median_latency,False,1,8,train
40,Int8WeightOnlyConfig,int8,8,False,True,pt2_quantized_p95_latency,0.00046434998512268066,pt2,p95_latency,False,1,8,train
41,Float8WeightOnlyConfig,float8,8,False,True,pt2_quantized_p95_latency,0.0003824992105364799,pt2,p95_latency,False,1,8,train
42,Int8WeightOnlyConfig,int8,8,False,True,pt2_quantized_p99_latency,0.0005901655927300453,pt2,p99_latency,False,1,8,train
43,Float8WeightOnlyConfig,float8,8,False,True,pt2_quantized_p99_latency,0.0005028532072901726,pt2,p99_latency,False,1,8,train
44,Int8WeightOnlyConfig,int8,8,False,True,pt2_relative_model_size,0.3979220633270587,pt2,model_size,True,1,8,train
45,Float8WeightOnlyConfig,float8,8,False,True,pt2_relative_model_size,0.3745466805270699,pt2,model_size,True,1,8,train
46,Int8WeightOnlyConfig,int8,8,False,True,pt2_relative_median_latency,0.9933552180958586,pt2,median_latency,True,1,8,train
47,Float8WeightOnlyConfig,float8,8,False,True,pt2_relative_median_latency,0.8165564075577607,pt2,median_latency,True,1,8,train
48,Int8WeightOnlyConfig,int8,8,False,True,pt2_relative_p95_latency,0.9978533600339108,pt2,p95_latency,True,1,8,train
49,Float8WeightOnlyConfig,float8,8,False,True,pt2_relative_p95_latency,0.8219621722251286,pt2,p95_latency,True,1,8,train
50,Int8WeightOnlyConfig,int8,8,False,True,pt2_relative_p99_latency,1.0554485444303219,pt2,p99_latency,True,1,8,train
51,Float8WeightOnlyConfig,float8,8,False,True,pt2_relative_p99_latency,0.8992996071516182,pt2,p99_latency,True,1,8,train
0,Int8WeightOnlyConfig,int8,8,False,True,pytorch_quantized_MAE,7.657013459802235,pytorch,MAE,False,1,8,test
1,Float8WeightOnlyConfig,float8,8,False,True,pytorch_quantized_MAE,7.685940036432763,pytorch,MAE,False,1,8,test
2,Int8WeightOnlyConfig,int8,8,False,True,pytorch_relative_MAE,1.0003521937886957,pytorch,MAE,True,1,8,test
3,Float8WeightOnlyConfig,float8,8,False,True,pytorch_relative_MAE,1.0041313127027551,pytorch,MAE,True,1,8,test
4,Int8WeightOnlyConfig,int8,8,False,True,pytorch_quantized_model_size,206337.0,pytorch,model_size,False,1,8,test
5,Float8WeightOnlyConfig,float8,8,False,True,pytorch_quantized_model_size,206337.0,pytorch,model_size,False,1,8,test
6,Int8WeightOnlyConfig,int8,8,False,True,pytorch_quantized_median_latency,0.0001920945942401886,pytorch,median_latency,False,1,8,test
7,Float8WeightOnlyConfig,float8,8,False,True,pytorch_quantized_median_latency,0.00024179741740226746,pytorch,median_latency,False,1,8,test
8,Int8WeightOnlyConfig,int8,8,False,True,pytorch_quantized_p95_latency,0.00019769072532653808,pytorch,p95_latency,False,1,8,test
9,Float8WeightOnlyConfig,float8,8,False,True,pytorch_quantized_p95_latency,0.00024764202535152433,pytorch,p95_latency,False,1,8,test
10,Int8WeightOnlyConfig,int8,8,False,True,pytorch_quantized_p99_latency,0.00020074818283319473,pytorch,p99_latency,False,1,8,test
11,Float8WeightOnlyConfig,float8,8,False,True,pytorch_quantized_p99_latency,0.00024976585060358046,pytorch,p99_latency,False,1,8,test
12,Int8WeightOnlyConfig,int8,8,False,True,pytorch_relative_model_size,0.25,pytorch,model_size,True,1,8,test
13,Float8WeightOnlyConfig,float8,8,False,True,pytorch_relative_model_size,0.25,pytorch,model_size,True,1,8,test
14,Int8WeightOnlyConfig,int8,8,False,True,pytorch_relative_median_latency,1.7605886269354867,pytorch,median_latency,True,1,8,test
15,Float8WeightOnlyConfig,float8,8,False,True,pytorch_relative_median_latency,2.216125783157212,pytorch,median_latency,True,1,8,test
16,Int8WeightOnlyConfig,int8,8,False,True,pytorch_relative_p95_latency,1.7431315613133795,pytorch,p95_latency,True,1,8,test
17,Float8WeightOnlyConfig,float8,8,False,True,pytorch_relative_p95_latency,2.1835755298322144,pytorch,p95_latency,True,1,8,test
18,Int8WeightOnlyConfig,int8,8,False,True,pytorch_relative_p99_latency,1.7448714706603277,pytorch,p99_latency,True,1,8,test
19,Float8WeightOnlyConfig,float8,8,False,True,pytorch_relative_p99_latency,2.1709252901458087,pytorch,p99_latency,True,1,8,test
20,Int8WeightOnlyConfig,int8,8,False,True,onnx_quantized_model_size,47768.0,onnx,model_size,False,1,8,test
21,Float8WeightOnlyConfig,float8,8,False,True,onnx_quantized_model_size,,onnx,model_size,False,1,8,test
22,Int8WeightOnlyConfig,int8,8,False,True,onnx_quantized_median_latency,0.00036572664976119995,onnx,median_latency,False,1,8,test
23,Float8WeightOnlyConfig,float8,8,False,True,onnx_quantized_median_latency,,onnx,median_latency,False,1,8,test
24,Int8WeightOnlyConfig,int8,8,False,True,onnx_quantized_p95_latency,0.0003790959715843201,onnx,p95_latency,False,1,8,test
25,Float8WeightOnlyConfig,float8,8,False,True,onnx_quantized_p95_latency,,onnx,p95_latency,False,1,8,test
26,Int8WeightOnlyConfig,int8,8,False,True,onnx_quantized_p99_latency,0.00038494173437356947,onnx,p99_latency,False,1,8,test
27,Float8WeightOnlyConfig,float8,8,False,True,onnx_quantized_p99_latency,,onnx,p99_latency,False,1,8,test
28,Int8WeightOnlyConfig,int8,8,False,True,onnx_relative_model_size,1.6765407833777903,onnx,model_size,True,1,8,test
29,Float8WeightOnlyConfig,float8,8,False,True,onnx_relative_model_size,,onnx,model_size,True,1,8,test
30,Int8WeightOnlyConfig,int8,8,False,True,onnx_relative_median_latency,1.124752248381738,onnx,median_latency,True,1,8,test
31,Float8WeightOnlyConfig,float8,8,False,True,onnx_relative_median_latency,,onnx,median_latency,True,1,8,test
32,Int8WeightOnlyConfig,int8,8,False,True,onnx_relative_p95_latency,1.1236524767485643,onnx,p95_latency,True,1,8,test
33,Float8WeightOnlyConfig,float8,8,False,True,onnx_relative_p95_latency,,onnx,p95_latency,True,1,8,test
34,Int8WeightOnlyConfig,int8,8,False,True,onnx_relative_p99_latency,1.1140547569956705,onnx,p99_latency,True,1,8,test
35,Float8WeightOnlyConfig,float8,8,False,True,onnx_relative_p99_latency,,onnx,p99_latency,True,1,8,test
36,Int8WeightOnlyConfig,int8,8,False,True,pt2_quantized_model_size,354081.0,pt2,model_size,False,1,8,test
37,Float8WeightOnlyConfig,float8,8,False,True,pt2_quantized_model_size,333281.0,pt2,model_size,False,1,8,test
38,Int8WeightOnlyConfig,int8,8,False,True,pt2_quantized_median_latency,0.0004351343959569931,pt2,median_latency,False,1,8,test
39,Float8WeightOnlyConfig,float8,8,False,True,pt2_quantized_median_latency,0.00035668350756168365,pt2,median_latency,False,1,8,test
40,Int8WeightOnlyConfig,int8,8,False,True,pt2_quantized_p95_latency,0.0004539025947451591,pt2,p95_latency,False,1,8,test
41,Float8WeightOnlyConfig,float8,8,False,True,pt2_quantized_p95_latency,0.0003719881176948547,pt2,p95_latency,False,1,8,test
42,Int8WeightOnlyConfig,int8,8,False,True,pt2_quantized_p99_latency,0.0005608776211738587,pt2,p99_latency,False,1,8,test
43,Float8WeightOnlyConfig,float8,8,False,True,pt2_quantized_p99_latency,0.0004986533150076865,pt2,p99_latency,False,1,8,test
44,Int8WeightOnlyConfig,int8,8,False,True,pt2_relative_model_size,0.3979220633270587,pt2,model_size,True,1,8,test
45,Float8WeightOnlyConfig,float8,8,False,True,pt2_relative_model_size,0.3745466805270699,pt2,model_size,True,1,8,test
46,Int8WeightOnlyConfig,int8,8,False,True,pt2_relative_median_latency,0.984143233280674,pt2,median_latency,True,1,8,test
47,Float8WeightOnlyConfig,float8,8,False,True,pt2_relative_median_latency,0.8067109004739337,pt2,median_latency,True,1,8,test
48,Int8WeightOnlyConfig,int8,8,False,True,pt2_relative_p95_latency,0.9898314516604011,pt2,p95_latency,True,1,8,test
49,Float8WeightOnlyConfig,float8,8,False,True,pt2_relative_p95_latency,0.8111994573308068,pt2,p95_latency,True,1,8,test
50,Int8WeightOnlyConfig,int8,8,False,True,pt2_relative_p99_latency,1.0090882623081614,pt2,p99_latency,True,1,8,test
51,Float8WeightOnlyConfig,float8,8,False,True,pt2_relative_p99_latency,0.8971390337917142,pt2,p99_latency,True,1,8,test
0,Int8WeightOnlyConfig,int8,8,False,True,pytorch_quantized_MAE,7.540902732744621,pytorch,MAE,False,1,9,train
1,Float8WeightOnlyConfig,float8,8,False,True,pytorch_quantized_MAE,7.580234887507302,pytorch,MAE,False,1,9,train
2,Int8WeightOnlyConfig,int8,8,False,True,pytorch_relative_MAE,1.0001703844631915,pytorch,MAE,True,1,9,train
3,Float8WeightOnlyConfig,float8,8,False,True,pytorch_relative_MAE,1.005387114839508,pytorch,MAE,True,1,9,train
4,Int8WeightOnlyConfig,int8,8,False,True,pytorch_quantized_model_size,206337.0,pytorch,model_size,False,1,9,train
5,Float8WeightOnlyConfig,float8,8,False,True,pytorch_quantized_model_size,206337.0,pytorch,model_size,False,1,9,train
6,Int8WeightOnlyConfig,int8,8,False,True,pytorch_quantized_median_latency,0.0001886226236820221,pytorch,median_latency,False,1,9,train
7,Float8WeightOnlyConfig,float8,8,False,True,pytorch_quantized_median_latency,0.00023339688777923584,pytorch,median_latency,False,1,9,train
8,Int8WeightOnlyConfig,int8,8,False,True,pytorch_quantized_p95_latency,0.0001941205933690071,pytorch,p95_latency,False,1,9,train
9,Float8WeightOnlyConfig,float8,8,False,True,pytorch_quantized_p95_latency,0.00023970436304807664,pytorch,p95_latency,False,1,9,train
10,Int8WeightOnlyConfig,int8,8,False,True,pytorch_quantized_p99_latency,0.00019797265529632567,pytorch,p99_latency,False,1,9,train
11,Float8WeightOnlyConfig,float8,8,False,True,pytorch_quantized_p99_latency,0.00024376031011343,pytorch,p99_latency,False,1,9,train
12,Int8WeightOnlyConfig,int8,8,False,True,pytorch_relative_model_size,0.25,pytorch,model_size,True,1,9,train
13,Float8WeightOnlyConfig,float8,8,False,True,pytorch_relative_model_size,0.25,pytorch,model_size,True,1,9,train
14,Int8WeightOnlyConfig,int8,8,False,True,pytorch_relative_median_latency,1.7539490092836358,pytorch,median_latency,True,1,9,train
15,Float8WeightOnlyConfig,float8,8,False,True,pytorch_relative_median_latency,2.1702923652487183,pytorch,median_latency,True,1,9,train
16,Int8WeightOnlyConfig,int8,8,False,True,pytorch_relative_p95_latency,1.7430390628658587,pytorch,p95_latency,True,1,9,train
17,Float8WeightOnlyConfig,float8,8,False,True,pytorch_relative_p95_latency,2.152342835352596,pytorch,p95_latency,True,1,9,train
18,Int8WeightOnlyConfig,int8,8,False,True,pytorch_relative_p99_latency,1.7576348293145958,pytorch,p99_latency,True,1,9,train
19,Float8WeightOnlyConfig,float8,8,False,True,pytorch_relative_p99_latency,2.16414539886127,pytorch,p99_latency,True,1,9,train
20,Int8WeightOnlyConfig,int8,8,False,True,onnx_quantized_model_size,47768.0,onnx,model_size,False,1,9,train
21,Float8WeightOnlyConfig,float8,8,False,True,onnx_quantized_model_size,,onnx,model_size,False,1,9,train
22,Int8WeightOnlyConfig,int8,8,False,True,onnx_quantized_median_latency,0.000365549698472023,onnx,median_latency,False,1,9,train
23,Float8WeightOnlyConfig,float8,8,False,True,onnx_quantized_median_latency,,onnx,median_latency,False,1,9,train
24,Int8WeightOnlyConfig,int8,8,False,True,onnx_quantized_p95_latency,0.0003770140931010246,onnx,p95_latency,False,1,9,train
25,Float8WeightOnlyConfig,float8,8,False,True,onnx_quantized_p95_latency,,onnx,p95_latency,False,1,9,train
26,Int8WeightOnlyConfig,int8,8,False,True,onnx_quantized_p99_latency,0.0003862740471959114,onnx,p99_latency,False,1,9,train
27,Float8WeightOnlyConfig,float8,8,False,True,onnx_quantized_p99_latency,,onnx,p99_latency,False,1,9,train
28,Int8WeightOnlyConfig,int8,8,False,True,onnx_relative_model_size,1.6765407833777903,onnx,model_size,True,1,9,train
29,Float8WeightOnlyConfig,float8,8,False,True,onnx_relative_model_size,,onnx,model_size,True,1,9,train
30,Int8WeightOnlyConfig,int8,8,False,True,onnx_relative_median_latency,1.131715221553295,onnx,median_latency,True,1,9,train
31,Float8WeightOnlyConfig,float8,8,False,True,onnx_relative_median_latency,,onnx,median_latency,True,1,9,train
32,Int8WeightOnlyConfig,int8,8,False,True,onnx_relative_p95_latency,1.1232546253365054,onnx,p95_latency,True,1,9,train
33,Float8WeightOnlyConfig,float8,8,False,True,onnx_relative_p95_latency,,onnx,p95_latency,True,1,9,train
34,Int8WeightOnlyConfig,int8,8,False,True,onnx_relative_p99_latency,1.125419890270919,onnx,p99_latency,True,1,9,train
35,Float8WeightOnlyConfig,float8,8,False,True,onnx_relative_p99_latency,,onnx,p99_latency,True,1,9,train
36,Int8WeightOnlyConfig,int8,8,False,True,pt2_quantized_model_size,354081.0,pt2,model_size,False,1,9,train
37,Float8WeightOnlyConfig,float8,8,False,True,pt2_quantized_model_size,333281.0,pt2,model_size,False,1,9,train
38,Int8WeightOnlyConfig,int8,8,False,True,pt2_quantized_median_latency,0.0004254654049873352,pt2,median_latency,False,1,9,train
39,Float8WeightOnlyConfig,float8,8,False,True,pt2_quantized_median_latency,0.00035239197313785553,pt2,median_latency,False,1,9,train
40,Int8WeightOnlyConfig,int8,8,False,True,pt2_quantized_p95_latency,0.0004480026662349701,pt2,p95_latency,False,1,9,train
41,Float8WeightOnlyConfig,float8,8,False,True,pt2_quantized_p95_latency,0.0003661731258034706,pt2,p95_latency,False,1,9,train
42,Int8WeightOnlyConfig,int8,8,False,True,pt2_quantized_p99_latency,0.0005665210261940956,pt2,p99_latency,False,1,9,train
43,Float8WeightOnlyConfig,float8,8,False,True,pt2_quantized_p99_latency,0.000484510138630867,pt2,p99_latency,False,1,9,train
44,Int8WeightOnlyConfig,int8,8,False,True,pt2_relative_model_size,0.3979220633270587,pt2,model_size,True,1,9,train
45,Float8WeightOnlyConfig,float8,8,False,True,pt2_relative_model_size,0.3745466805270699,pt2,model_size,True,1,9,train
46,Int8WeightOnlyConfig,int8,8,False,True,pt2_relative_median_latency,0.8976868117616543,pt2,median_latency,True,1,9,train
47,Float8WeightOnlyConfig,float8,8,False,True,pt2_relative_median_latency,0.7435096323893513,pt2,median_latency,True,1,9,train
48,Int8WeightOnlyConfig,int8,8,False,True,pt2_relative_p95_latency,0.903547666426116,pt2,p95_latency,True,1,9,train
49,Float8WeightOnlyConfig,float8,8,False,True,pt2_relative_p95_latency,0.738510947062432,pt2,p95_latency,True,1,9,train
50,Int8WeightOnlyConfig,int8,8,False,True,pt2_relative_p99_latency,0.981806019712776,pt2,p99_latency,True,1,9,train
51,Float8WeightOnlyConfig,float8,8,False,True,pt2_relative_p99_latency,0.8396775207363252,pt2,p99_latency,True,1,9,train
0,Int8WeightOnlyConfig,int8,8,False,True,pytorch_quantized_MAE,7.729490831003701,pytorch,MAE,False,1,9,test
1,Float8WeightOnlyConfig,float8,8,False,True,pytorch_quantized_MAE,7.7785889633623695,pytorch,MAE,False,1,9,test
2,Int8WeightOnlyConfig,int8,8,False,True,pytorch_relative_MAE,1.0003352855216923,pytorch,MAE,True,1,9,test
3,Float8WeightOnlyConfig,float8,8,False,True,pytorch_relative_MAE,1.0066894678767044,pytorch,MAE,True,1,9,test
4,Int8WeightOnlyConfig,int8,8,False,True,pytorch_quantized_model_size,206337.0,pytorch,model_size,False,1,9,test
5,Float8WeightOnlyConfig,float8,8,False,True,pytorch_quantized_model_size,206337.0,pytorch,model_size,False,1,9,test
6,Int8WeightOnlyConfig,int8,8,False,True,pytorch_quantized_median_latency,0.00019145198166370392,pytorch,median_latency,False,1,9,test
7,Float8WeightOnlyConfig,float8,8,False,True,pytorch_quantized_median_latency,0.00023641437292099,pytorch,median_latency,False,1,9,test
8,Int8WeightOnlyConfig,int8,8,False,True,pytorch_quantized_p95_latency,0.00019641220569610596,pytorch,p95_latency,False,1,9,test
9,Float8WeightOnlyConfig,float8,8,False,True,pytorch_quantized_p95_latency,0.00024269483983516694,pytorch,p95_latency,False,1,9,test
10,Int8WeightOnlyConfig,int8,8,False,True,pytorch_quantized_p99_latency,0.00019887864589691163,pytorch,p99_latency,False,1,9,test
11,Float8WeightOnlyConfig,float8,8,False,True,pytorch_quantized_p99_latency,0.00024842634797096253,pytorch,p99_latency,False,1,9,test
12,Int8WeightOnlyConfig,int8,8,False,True,pytorch_relative_model_size,0.25,pytorch,model_size,True,1,9,test
13,Float8WeightOnlyConfig,float8,8,False,True,pytorch_relative_model_size,0.25,pytorch,model_size,True,1,9,test
14,Int8WeightOnlyConfig,int8,8,False,True,pytorch_relative_median_latency,2.2865500978821856,pytorch,median_latency,True,1,9,test
15,Float8WeightOnlyConfig,float8,8,False,True,pytorch_relative_median_latency,2.823545114789108,pytorch,median_latency,True,1,9,test
16,Int8WeightOnlyConfig,int8,8,False,True,pytorch_relative_p95_latency,1.7945785511034869,pytorch,p95_latency,True,1,9,test
17,Float8WeightOnlyConfig,float8,8,False,True,pytorch_relative_p95_latency,2.217453607264905,pytorch,p95_latency,True,1,9,test
18,Int8WeightOnlyConfig,int8,8,False,True,pytorch_relative_p99_latency,1.7543782163771517,pytorch,p99_latency,True,1,9,test
19,Float8WeightOnlyConfig,float8,8,False,True,pytorch_relative_p99_latency,2.1914558563532283,pytorch,p99_latency,True,1,9,test
20,Int8WeightOnlyConfig,int8,8,False,True,onnx_quantized_model_size,47768.0,onnx,model_size,False,1,9,test
21,Float8WeightOnlyConfig,float8,8,False,True,onnx_quantized_model_size,,onnx,model_size,False,1,9,test
22,Int8WeightOnlyConfig,int8,8,False,True,onnx_quantized_median_latency,0.0003653634339570999,onnx,median_latency,False,1,9,test
23,Float8WeightOnlyConfig,float8,8,False,True,onnx_quantized_median_latency,,onnx,median_latency,False,1,9,test
24,Int8WeightOnlyConfig,int8,8,False,True,onnx_quantized_p95_latency,0.00037425383925437927,onnx,p95_latency,False,1,9,test
25,Float8WeightOnlyConfig,float8,8,False,True,onnx_quantized_p95_latency,,onnx,p95_latency,False,1,9,test
26,Int8WeightOnlyConfig,int8,8,False,True,onnx_quantized_p99_latency,0.00038262903690338134,onnx,p99_latency,False,1,9,test
27,Float8WeightOnlyConfig,float8,8,False,True,onnx_quantized_p99_latency,,onnx,p99_latency,False,1,9,test
28,Int8WeightOnlyConfig,int8,8,False,True,onnx_relative_model_size,1.6765407833777903,onnx,model_size,True,1,9,test
29,Float8WeightOnlyConfig,float8,8,False,True,onnx_relative_model_size,,onnx,model_size,True,1,9,test
30,Int8WeightOnlyConfig,int8,8,False,True,onnx_relative_median_latency,1.1343634881071485,onnx,median_latency,True,1,9,test
31,Float8WeightOnlyConfig,float8,8,False,True,onnx_relative_median_latency,,onnx,median_latency,True,1,9,test
32,Int8WeightOnlyConfig,int8,8,False,True,onnx_relative_p95_latency,1.1133299717963352,onnx,p95_latency,True,1,9,test
33,Float8WeightOnlyConfig,float8,8,False,True,onnx_relative_p95_latency,,onnx,p95_latency,True,1,9,test
34,Int8WeightOnlyConfig,int8,8,False,True,onnx_relative_p99_latency,1.109958047728611,onnx,p99_latency,True,1,9,test
35,Float8WeightOnlyConfig,float8,8,False,True,onnx_relative_p99_latency,,onnx,p99_latency,True,1,9,test
36,Int8WeightOnlyConfig,int8,8,False,True,pt2_quantized_model_size,354081.0,pt2,model_size,False,1,9,test
37,Float8WeightOnlyConfig,float8,8,False,True,pt2_quantized_model_size,333281.0,pt2,model_size,False,1,9,test
38,Int8WeightOnlyConfig,int8,8,False,True,pt2_quantized_median_latency,0.0004252903163433075,pt2,median_latency,False,1,9,test
39,Float8WeightOnlyConfig,float8,8,False,True,pt2_quantized_median_latency,0.0003546644002199173,pt2,median_latency,False,1,9,test
40,Int8WeightOnlyConfig,int8,8,False,True,pt2_quantized_p95_latency,0.0004423301666975021,pt2,p95_latency,False,1,9,test
41,Float8WeightOnlyConfig,float8,8,False,True,pt2_quantized_p95_latency,0.0003704458475112915,pt2,p95_latency,False,1,9,test
42,Int8WeightOnlyConfig,int8,8,False,True,pt2_quantized_p99_latency,0.0005417686328291893,pt2,p99_latency,False,1,9,test
43,Float8WeightOnlyConfig,float8,8,False,True,pt2_quantized_p99_latency,0.00046964529901742934,pt2,p99_latency,False,1,9,test
44,Int8WeightOnlyConfig,int8,8,False,True,pt2_relative_model_size,0.3979220633270587,pt2,model_size,True,1,9,test
45,Float8WeightOnlyConfig,float8,8,False,True,pt2_relative_model_size,0.3745466805270699,pt2,model_size,True,1,9,test
46,Int8WeightOnlyConfig,int8,8,False,True,pt2_relative_median_latency,0.9769838043687555,pt2,median_latency,True,1,9,test
47,Float8WeightOnlyConfig,float8,8,False,True,pt2_relative_median_latency,0.8147408057166086,pt2,median_latency,True,1,9,test
48,Int8WeightOnlyConfig,int8,8,False,True,pt2_relative_p95_latency,0.9743134856764459,pt2,p95_latency,True,1,9,test
49,Float8WeightOnlyConfig,float8,8,False,True,pt2_relative_p95_latency,0.8159750614294465,pt2,p95_latency,True,1,9,test
50,Int8WeightOnlyConfig,int8,8,False,True,pt2_relative_p99_latency,0.9750181202768027,pt2,p99_latency,True,1,9,test
51,Float8WeightOnlyConfig,float8,8,False,True,pt2_relative_p99_latency,0.8452181409128999,pt2,p99_latency,True,1,9,test
0,Int8WeightOnlyConfig,int8,8,False,True,pytorch_quantized_MAE,7.582967232427271,pytorch,MAE,False,1,10,train
1,Float8WeightOnlyConfig,float8,8,False,True,pytorch_quantized_MAE,7.621483523213151,pytorch,MAE,False,1,10,train
2,Int8WeightOnlyConfig,int8,8,False,True,pytorch_relative_MAE,1.0001204714739897,pytorch,MAE,True,1,10,train
3,Float8WeightOnlyConfig,float8,8,False,True,pytorch_relative_MAE,1.0052003999135424,pytorch,MAE,True,1,10,train
4,Int8WeightOnlyConfig,int8,8,False,True,pytorch_quantized_model_size,206337.0,pytorch,model_size,False,1,10,train
5,Float8WeightOnlyConfig,float8,8,False,True,pytorch_quantized_model_size,206337.0,pytorch,model_size,False,1,10,train
6,Int8WeightOnlyConfig,int8,8,False,True,pytorch_quantized_median_latency,0.00018955953419208527,pytorch,median_latency,False,1,10,train
7,Float8WeightOnlyConfig,float8,8,False,True,pytorch_quantized_median_latency,0.000234922394156456,pytorch,median_latency,False,1,10,train
8,Int8WeightOnlyConfig,int8,8,False,True,pytorch_quantized_p95_latency,0.00019495636224746703,pytorch,p95_latency,False,1,10,train
9,Float8WeightOnlyConfig,float8,8,False,True,pytorch_quantized_p95_latency,0.00024121273308992384,pytorch,p95_latency,False,1,10,train
10,Int8WeightOnlyConfig,int8,8,False,True,pytorch_quantized_p99_latency,0.00020103059709072112,pytorch,p99_latency,False,1,10,train
11,Float8WeightOnlyConfig,float8,8,False,True,pytorch_quantized_p99_latency,0.0002454695478081703,pytorch,p99_latency,False,1,10,train
12,Int8WeightOnlyConfig,int8,8,False,True,pytorch_relative_model_size,0.25,pytorch,model_size,True,1,10,train
13,Float8WeightOnlyConfig,float8,8,False,True,pytorch_relative_model_size,0.25,pytorch,model_size,True,1,10,train
14,Int8WeightOnlyConfig,int8,8,False,True,pytorch_relative_median_latency,1.7273282753704364,pytorch,median_latency,True,1,10,train
15,Float8WeightOnlyConfig,float8,8,False,True,pytorch_relative_median_latency,2.140689444472733,pytorch,median_latency,True,1,10,train
16,Int8WeightOnlyConfig,int8,8,False,True,pytorch_relative_p95_latency,1.708599282386473,pytorch,p95_latency,True,1,10,train
17,Float8WeightOnlyConfig,float8,8,False,True,pytorch_relative_p95_latency,2.113990525411942,pytorch,p95_latency,True,1,10,train
18,Int8WeightOnlyConfig,int8,8,False,True,pytorch_relative_p99_latency,1.7335441968522098,pytorch,p99_latency,True,1,10,train
19,Float8WeightOnlyConfig,float8,8,False,True,pytorch_relative_p99_latency,2.116753948229858,pytorch,p99_latency,True,1,10,train
20,Int8WeightOnlyConfig,int8,8,False,True,onnx_quantized_model_size,47768.0,onnx,model_size,False,1,10,train
21,Float8WeightOnlyConfig,float8,8,False,True,onnx_quantized_model_size,,onnx,model_size,False,1,10,train
22,Int8WeightOnlyConfig,int8,8,False,True,onnx_quantized_median_latency,0.00036472640931606293,onnx,median_latency,False,1,10,train
23,Float8WeightOnlyConfig,float8,8,False,True,onnx_quantized_median_latency,,onnx,median_latency,False,1,10,train
24,Int8WeightOnlyConfig,int8,8,False,True,onnx_quantized_p95_latency,0.0003766229376196861,onnx,p95_latency,False,1,10,train
25,Float8WeightOnlyConfig,float8,8,False,True,onnx_quantized_p95_latency,,onnx,p95_latency,False,1,10,train
26,Int8WeightOnlyConfig,int8,8,False,True,onnx_quantized_p99_latency,0.0003814065083861351,onnx,p99_latency,False,1,10,train
27,Float8WeightOnlyConfig,float8,8,False,True,onnx_quantized_p99_latency,,onnx,p99_latency,False,1,10,train
28,Int8WeightOnlyConfig,int8,8,False,True,onnx_relative_model_size,1.6765407833777903,onnx,model_size,True,1,10,train
29,Float8WeightOnlyConfig,float8,8,False,True,onnx_relative_model_size,,onnx,model_size,True,1,10,train
30,Int8WeightOnlyConfig,int8,8,False,True,onnx_relative_median_latency,1.13060724864456,onnx,median_latency,True,1,10,train
31,Float8WeightOnlyConfig,float8,8,False,True,onnx_relative_median_latency,,onnx,median_latency,True,1,10,train
32,Int8WeightOnlyConfig,int8,8,False,True,onnx_relative_p95_latency,1.1107656946724993,onnx,p95_latency,True,1,10,train
33,Float8WeightOnlyConfig,float8,8,False,True,onnx_relative_p95_latency,,onnx,p95_latency,True,1,10,train
34,Int8WeightOnlyConfig,int8,8,False,True,onnx_relative_p99_latency,1.1017310590294291,onnx,p99_latency,True,1,10,train
35,Float8WeightOnlyConfig,float8,8,False,True,onnx_relative_p99_latency,,onnx,p99_latency,True,1,10,train
36,Int8WeightOnlyConfig,int8,8,False,True,pt2_quantized_model_size,354081.0,pt2,model_size,False,1,10,train
37,Float8WeightOnlyConfig,float8,8,False,True,pt2_quantized_model_size,333281.0,pt2,model_size,False,1,10,train
38,Int8WeightOnlyConfig,int8,8,False,True,pt2_quantized_median_latency,0.00042781606316566467,pt2,median_latency,False,1,10,train
39,Float8WeightOnlyConfig,float8,8,False,True,pt2_quantized_median_latency,0.0003528129309415817,pt2,median_latency,False,1,10,train
40,Int8WeightOnlyConfig,int8,8,False,True,pt2_quantized_p95_latency,0.00044780820608139035,pt2,p95_latency,False,1,10,train
41,Float8WeightOnlyConfig,float8,8,False,True,pt2_quantized_p95_latency,0.0003689531236886978,pt2,p95_latency,False,1,10,train
42,Int8WeightOnlyConfig,int8,8,False,True,pt2_quantized_p99_latency,0.0005569207668304442,pt2,p99_latency,False,1,10,train
43,Float8WeightOnlyConfig,float8,8,False,True,pt2_quantized_p99_latency,0.00048055961728095994,pt2,p99_latency,False,1,10,train
44,Int8WeightOnlyConfig,int8,8,False,True,pt2_relative_model_size,0.3979220633270587,pt2,model_size,True,1,10,train
45,Float8WeightOnlyConfig,float8,8,False,True,pt2_relative_model_size,0.3745466805270699,pt2,model_size,True,1,10,train
46,Int8WeightOnlyConfig,int8,8,False,True,pt2_relative_median_latency,0.9940275770139616,pt2,median_latency,True,1,10,train
47,Float8WeightOnlyConfig,float8,8,False,True,pt2_relative_median_latency,0.8197583332612026,pt2,median_latency,True,1,10,train
48,Int8WeightOnlyConfig,int8,8,False,True,pt2_relative_p95_latency,0.9957785634524325,pt2,p95_latency,True,1,10,train
49,Float8WeightOnlyConfig,float8,8,False,True,pt2_relative_p95_latency,0.8204307256960897,pt2,p95_latency,True,1,10,train
50,Int8WeightOnlyConfig,int8,8,False,True,pt2_relative_p99_latency,1.0217027974458193,pt2,p99_latency,True,1,10,train
51,Float8WeightOnlyConfig,float8,8,False,True,pt2_relative_p99_latency,0.8816139288713789,pt2,p99_latency,True,1,10,train
0,Int8WeightOnlyConfig,int8,8,False,True,pytorch_quantized_MAE,7.650616234019469,pytorch,MAE,False,1,10,test
1,Float8WeightOnlyConfig,float8,8,False,True,pytorch_quantized_MAE,7.685453829401973,pytorch,MAE,False,1,10,test
2,Int8WeightOnlyConfig,int8,8,False,True,pytorch_relative_MAE,1.000213324307603,pytorch,MAE,True,1,10,test
3,Float8WeightOnlyConfig,float8,8,False,True,pytorch_relative_MAE,1.0047678629254826,pytorch,MAE,True,1,10,test
4,Int8WeightOnlyConfig,int8,8,False,True,pytorch_quantized_model_size,206337.0,pytorch,model_size,False,1,10,test
5,Float8WeightOnlyConfig,float8,8,False,True,pytorch_quantized_model_size,206337.0,pytorch,model_size,False,1,10,test
6,Int8WeightOnlyConfig,int8,8,False,True,pytorch_quantized_median_latency,0.00019435584545135498,pytorch,median_latency,False,1,10,test
7,Float8WeightOnlyConfig,float8,8,False,True,pytorch_quantized_median_latency,0.00023958459496498108,pytorch,median_latency,False,1,10,test
8,Int8WeightOnlyConfig,int8,8,False,True,pytorch_quantized_p95_latency,0.00019999388605356215,pytorch,p95_latency,False,1,10,test
9,Float8WeightOnlyConfig,float8,8,False,True,pytorch_quantized_p95_latency,0.0002461349591612816,pytorch,p95_latency,False,1,10,test
10,Int8WeightOnlyConfig,int8,8,False,True,pytorch_quantized_p99_latency,0.0002051035314798355,pytorch,p99_latency,False,1,10,test
11,Float8WeightOnlyConfig,float8,8,False,True,pytorch_quantized_p99_latency,0.0002498006448149681,pytorch,p99_latency,False,1,10,test
12,Int8WeightOnlyConfig,int8,8,False,True,pytorch_relative_model_size,0.25,pytorch,model_size,True,1,10,test
13,Float8WeightOnlyConfig,float8,8,False,True,pytorch_relative_model_size,0.25,pytorch,model_size,True,1,10,test
14,Int8WeightOnlyConfig,int8,8,False,True,pytorch_relative_median_latency,1.7733514615907546,pytorch,median_latency,True,1,10,test
15,Float8WeightOnlyConfig,float8,8,False,True,pytorch_relative_median_latency,2.186029911624745,pytorch,median_latency,True,1,10,test
16,Int8WeightOnlyConfig,int8,8,False,True,pytorch_relative_p95_latency,1.7577811902454357,pytorch,p95_latency,True,1,10,test
17,Float8WeightOnlyConfig,float8,8,False,True,pytorch_relative_p95_latency,2.1633231395866623,pytorch,p95_latency,True,1,10,test
18,Int8WeightOnlyConfig,int8,8,False,True,pytorch_relative_p99_latency,1.7808580209037188,pytorch,p99_latency,True,1,10,test
19,Float8WeightOnlyConfig,float8,8,False,True,pytorch_relative_p99_latency,2.1689508646485334,pytorch,p99_latency,True,1,10,test
20,Int8WeightOnlyConfig,int8,8,False,True,onnx_quantized_model_size,47768.0,onnx,model_size,False,1,10,test
21,Float8WeightOnlyConfig,float8,8,False,True,onnx_quantized_model_size,,onnx,model_size,False,1,10,test
22,Int8WeightOnlyConfig,int8,8,False,True,onnx_quantized_median_latency,0.0003657825291156769,onnx,median_latency,False,1,10,test
23,Float8WeightOnlyConfig,float8,8,False,True,onnx_quantized_median_latency,,onnx,median_latency,False,1,10,test
24,Int8WeightOnlyConfig,int8,8,False,True,onnx_quantized_p95_latency,0.00037564709782600403,onnx,p95_latency,False,1,10,test
25,Float8WeightOnlyConfig,float8,8,False,True,onnx_quantized_p95_latency,,onnx,p95_latency,False,1,10,test
26,Int8WeightOnlyConfig,int8,8,False,True,onnx_quantized_p99_latency,0.00038009315729141234,onnx,p99_latency,False,1,10,test
27,Float8WeightOnlyConfig,float8,8,False,True,onnx_quantized_p99_latency,,onnx,p99_latency,False,1,10,test
28,Int8WeightOnlyConfig,int8,8,False,True,onnx_relative_model_size,1.6765407833777903,onnx,model_size,True,1,10,test
29,Float8WeightOnlyConfig,float8,8,False,True,onnx_relative_model_size,,onnx,model_size,True,1,10,test
30,Int8WeightOnlyConfig,int8,8,False,True,onnx_relative_median_latency,1.1365125296602812,onnx,median_latency,True,1,10,test
31,Float8WeightOnlyConfig,float8,8,False,True,onnx_relative_median_latency,,onnx,median_latency,True,1,10,test
32,Int8WeightOnlyConfig,int8,8,False,True,onnx_relative_p95_latency,1.1244065022156509,onnx,p95_latency,True,1,10,test
33,Float8WeightOnlyConfig,float8,8,False,True,onnx_relative_p95_latency,,onnx,p95_latency,True,1,10,test
34,Int8WeightOnlyConfig,int8,8,False,True,onnx_relative_p99_latency,1.1095064562684915,onnx,p99_latency,True,1,10,test
35,Float8WeightOnlyConfig,float8,8,False,True,onnx_relative_p99_latency,,onnx,p99_latency,True,1,10,test
36,Int8WeightOnlyConfig,int8,8,False,True,pt2_quantized_model_size,354081.0,pt2,model_size,False,1,10,test
37,Float8WeightOnlyConfig,float8,8,False,True,pt2_quantized_model_size,333281.0,pt2,model_size,False,1,10,test
38,Int8WeightOnlyConfig,int8,8,False,True,pt2_quantized_median_latency,0.00043318793177604675,pt2,median_latency,False,1,10,test
39,Float8WeightOnlyConfig,float8,8,False,True,pt2_quantized_median_latency,0.00035773590207099915,pt2,median_latency,False,1,10,test
40,Int8WeightOnlyConfig,int8,8,False,True,pt2_quantized_p95_latency,0.0004530033096671104,pt2,p95_latency,False,1,10,test
41,Float8WeightOnlyConfig,float8,8,False,True,pt2_quantized_p95_latency,0.00037501957267522813,pt2,p95_latency,False,1,10,test
42,Int8WeightOnlyConfig,int8,8,False,True,pt2_quantized_p99_latency,0.0005566035956144332,pt2,p99_latency,False,1,10,test
43,Float8WeightOnlyConfig,float8,8,False,True,pt2_quantized_p99_latency,0.0004965342208743095,pt2,p99_latency,False,1,10,test
44,Int8WeightOnlyConfig,int8,8,False,True,pt2_relative_model_size,0.3979220633270587,pt2,model_size,True,1,10,test
45,Float8WeightOnlyConfig,float8,8,False,True,pt2_relative_model_size,0.3745466805270699,pt2,model_size,True,1,10,test
46,Int8WeightOnlyConfig,int8,8,False,True,pt2_relative_median_latency,0.9939142698405915,pt2,median_latency,True,1,10,test
47,Float8WeightOnlyConfig,float8,8,False,True,pt2_relative_median_latency,0.8207957605025856,pt2,median_latency,True,1,10,test
48,Int8WeightOnlyConfig,int8,8,False,True,pt2_relative_p95_latency,1.0014259361437547,pt2,p95_latency,True,1,10,test
49,Float8WeightOnlyConfig,float8,8,False,True,pt2_relative_p95_latency,0.8290321916510883,pt2,p95_latency,True,1,10,test
50,Int8WeightOnlyConfig,int8,8,False,True,pt2_relative_p99_latency,1.0150776376184654,pt2,p99_latency,True,1,10,test
51,Float8WeightOnlyConfig,float8,8,False,True,pt2_relative_p99_latency,0.9055291555661479,pt2,p99_latency,True,1,10,test
0,Int8WeightOnlyConfig,int8,8,False,True,pytorch_quantized_MAE,7.583190465883059,pytorch,MAE,False,2,1,train
1,Float8WeightOnlyConfig,float8,8,False,True,pytorch_quantized_MAE,7.6258834005558445,pytorch,MAE,False,2,1,train
2,Int8WeightOnlyConfig,int8,8,False,True,pytorch_relative_MAE,1.0001649367830596,pytorch,MAE,True,2,1,train
3,Float8WeightOnlyConfig,float8,8,False,True,pytorch_relative_MAE,1.0057958089733596,pytorch,MAE,True,2,1,train
4,Int8WeightOnlyConfig,int8,8,False,True,pytorch_quantized_model_size,206337.0,pytorch,model_size,False,2,1,train
5,Float8WeightOnlyConfig,float8,8,False,True,pytorch_quantized_model_size,206337.0,pytorch,model_size,False,2,1,train
6,Int8WeightOnlyConfig,int8,8,False,True,pytorch_quantized_median_latency,0.00019416958093643188,pytorch,median_latency,False,2,1,train
7,Float8WeightOnlyConfig,float8,8,False,True,pytorch_quantized_median_latency,0.0002457033842802048,pytorch,median_latency,False,2,1,train
8,Int8WeightOnlyConfig,int8,8,False,True,pytorch_quantized_p95_latency,0.00019917506724596024,pytorch,p95_latency,False,2,1,train
9,Float8WeightOnlyConfig,float8,8,False,True,pytorch_quantized_p95_latency,0.0002525821328163147,pytorch,p95_latency,False,2,1,train
10,Int8WeightOnlyConfig,int8,8,False,True,pytorch_quantized_p99_latency,0.0002016446366906166,pytorch,p99_latency,False,2,1,train
11,Float8WeightOnlyConfig,float8,8,False,True,pytorch_quantized_p99_latency,0.0002572671696543693,pytorch,p99_latency,False,2,1,train
12,Int8WeightOnlyConfig,int8,8,False,True,pytorch_relative_model_size,0.25,pytorch,model_size,True,2,1,train
13,Float8WeightOnlyConfig,float8,8,False,True,pytorch_relative_model_size,0.25,pytorch,model_size,True,2,1,train
14,Int8WeightOnlyConfig,int8,8,False,True,pytorch_relative_median_latency,1.776936844796727,pytorch,median_latency,True,2,1,train
15,Float8WeightOnlyConfig,float8,8,False,True,pytorch_relative_median_latency,2.248546833716867,pytorch,median_latency,True,2,1,train
16,Int8WeightOnlyConfig,int8,8,False,True,pytorch_relative_p95_latency,1.7521621152188662,pytorch,p95_latency,True,2,1,train
17,Float8WeightOnlyConfig,float8,8,False,True,pytorch_relative_p95_latency,2.221989178773092,pytorch,p95_latency,True,2,1,train
18,Int8WeightOnlyConfig,int8,8,False,True,pytorch_relative_p99_latency,1.7426661532646637,pytorch,p99_latency,True,2,1,train
19,Float8WeightOnlyConfig,float8,8,False,True,pytorch_relative_p99_latency,2.2233707588798475,pytorch,p99_latency,True,2,1,train
20,Int8WeightOnlyConfig,int8,8,False,True,onnx_quantized_model_size,47768.0,onnx,model_size,False,2,1,train
21,Float8WeightOnlyConfig,float8,8,False,True,onnx_quantized_model_size,,onnx,model_size,False,2,1,train
22,Int8WeightOnlyConfig,int8,8,False,True,onnx_quantized_median_latency,0.0003635697066783905,onnx,median_latency,False,2,1,train
23,Float8WeightOnlyConfig,float8,8,False,True,onnx_quantized_median_latency,,onnx,median_latency,False,2,1,train
24,Int8WeightOnlyConfig,int8,8,False,True,onnx_quantized_p95_latency,0.0003718921914696693,onnx,p95_latency,False,2,1,train
25,Float8WeightOnlyConfig,float8,8,False,True,onnx_quantized_p95_latency,,onnx,p95_latency,False,2,1,train
26,Int8WeightOnlyConfig,int8,8,False,True,onnx_quantized_p99_latency,0.0003775153309106827,onnx,p99_latency,False,2,1,train
27,Float8WeightOnlyConfig,float8,8,False,True,onnx_quantized_p99_latency,,onnx,p99_latency,False,2,1,train
28,Int8WeightOnlyConfig,int8,8,False,True,onnx_relative_model_size,1.6765407833777903,onnx,model_size,True,2,1,train
29,Float8WeightOnlyConfig,float8,8,False,True,onnx_relative_model_size,,onnx,model_size,True,2,1,train
30,Int8WeightOnlyConfig,int8,8,False,True,onnx_relative_median_latency,1.1251505945964642,onnx,median_latency,True,2,1,train
31,Float8WeightOnlyConfig,float8,8,False,True,onnx_relative_median_latency,,onnx,median_latency,True,2,1,train
32,Int8WeightOnlyConfig,int8,8,False,True,onnx_relative_p95_latency,1.1055547372745926,onnx,p95_latency,True,2,1,train
33,Float8WeightOnlyConfig,float8,8,False,True,onnx_relative_p95_latency,,onnx,p95_latency,True,2,1,train
34,Int8WeightOnlyConfig,int8,8,False,True,onnx_relative_p99_latency,1.095957625805285,onnx,p99_latency,True,2,1,train
35,Float8WeightOnlyConfig,float8,8,False,True,onnx_relative_p99_latency,,onnx,p99_latency,True,2,1,train
36,Int8WeightOnlyConfig,int8,8,False,True,pt2_quantized_model_size,354081.0,pt2,model_size,False,2,1,train
37,Float8WeightOnlyConfig,float8,8,False,True,pt2_quantized_model_size,333281.0,pt2,model_size,False,2,1,train
38,Int8WeightOnlyConfig,int8,8,False,True,pt2_quantized_median_latency,0.0004430394619703293,pt2,median_latency,False,2,1,train
39,Float8WeightOnlyConfig,float8,8,False,True,pt2_quantized_median_latency,0.0003666374832391739,pt2,median_latency,False,2,1,train
40,Int8WeightOnlyConfig,int8,8,False,True,pt2_quantized_p95_latency,0.0004639480262994766,pt2,p95_latency,False,2,1,train
41,Float8WeightOnlyConfig,float8,8,False,True,pt2_quantized_p95_latency,0.0003835940733551979,pt2,p95_latency,False,2,1,train
42,Int8WeightOnlyConfig,int8,8,False,True,pt2_quantized_p99_latency,0.0005786308646202088,pt2,p99_latency,False,2,1,train
43,Float8WeightOnlyConfig,float8,8,False,True,pt2_quantized_p99_latency,0.0005090466886758804,pt2,p99_latency,False,2,1,train
44,Int8WeightOnlyConfig,int8,8,False,True,pt2_relative_model_size,0.3979220633270587,pt2,model_size,True,2,1,train
45,Float8WeightOnlyConfig,float8,8,False,True,pt2_relative_model_size,0.3745466805270699,pt2,model_size,True,2,1,train
46,Int8WeightOnlyConfig,int8,8,False,True,pt2_relative_median_latency,0.9880448463650601,pt2,median_latency,True,2,1,train
47,Float8WeightOnlyConfig,float8,8,False,True,pt2_relative_median_latency,0.8176569061989839,pt2,median_latency,True,2,1,train
48,Int8WeightOnlyConfig,int8,8,False,True,pt2_relative_p95_latency,0.9908162214003879,pt2,p95_latency,True,2,1,train
49,Float8WeightOnlyConfig,float8,8,False,True,pt2_relative_p95_latency,0.81921079252107,pt2,p95_latency,True,2,1,train
50,Int8WeightOnlyConfig,int8,8,False,True,pt2_relative_p99_latency,1.030584994593453,pt2,p99_latency,True,2,1,train
51,Float8WeightOnlyConfig,float8,8,False,True,pt2_relative_p99_latency,0.9066503551295786,pt2,p99_latency,True,2,1,train
0,Int8WeightOnlyConfig,int8,8,False,True,pytorch_quantized_MAE,7.6857121055796815,pytorch,MAE,False,2,1,test
1,Float8WeightOnlyConfig,float8,8,False,True,pytorch_quantized_MAE,7.723993780471644,pytorch,MAE,False,2,1,test
2,Int8WeightOnlyConfig,int8,8,False,True,pytorch_relative_MAE,1.0001026867714191,pytorch,MAE,True,2,1,test
3,Float8WeightOnlyConfig,float8,8,False,True,pytorch_relative_MAE,1.0050840867233855,pytorch,MAE,True,2,1,test
4,Int8WeightOnlyConfig,int8,8,False,True,pytorch_quantized_model_size,206337.0,pytorch,model_size,False,2,1,test
5,Float8WeightOnlyConfig,float8,8,False,True,pytorch_quantized_model_size,206337.0,pytorch,model_size,False,2,1,test
6,Int8WeightOnlyConfig,int8,8,False,True,pytorch_quantized_median_latency,0.00019661709666252136,pytorch,median_latency,False,2,1,test
7,Float8WeightOnlyConfig,float8,8,False,True,pytorch_quantized_median_latency,0.0002493038773536682,pytorch,median_latency,False,2,1,test
8,Int8WeightOnlyConfig,int8,8,False,True,pytorch_quantized_p95_latency,0.00020229239016771315,pytorch,p95_latency,False,2,1,test
9,Float8WeightOnlyConfig,float8,8,False,True,pytorch_quantized_p95_latency,0.00025520585477352143,pytorch,p95_latency,False,2,1,test
10,Int8WeightOnlyConfig,int8,8,False,True,pytorch_quantized_p99_latency,0.00020716220140457153,pytorch,p99_latency,False,2,1,test
11,Float8WeightOnlyConfig,float8,8,False,True,pytorch_quantized_p99_latency,0.00026144281029701234,pytorch,p99_latency,False,2,1,test
12,Int8WeightOnlyConfig,int8,8,False,True,pytorch_relative_model_size,0.25,pytorch,model_size,True,2,1,test
13,Float8WeightOnlyConfig,float8,8,False,True,pytorch_relative_model_size,0.25,pytorch,model_size,True,2,1,test
14,Int8WeightOnlyConfig,int8,8,False,True,pytorch_relative_median_latency,2.3463068750138922,pytorch,median_latency,True,2,1,test
15,Float8WeightOnlyConfig,float8,8,False,True,pytorch_relative_median_latency,2.9750383427059948,pytorch,median_latency,True,2,1,test
16,Int8WeightOnlyConfig,int8,8,False,True,pytorch_relative_p95_latency,2.245652088506957,pytorch,p95_latency,True,2,1,test
17,Float8WeightOnlyConfig,float8,8,False,True,pytorch_relative_p95_latency,2.8330455747555434,pytorch,p95_latency,True,2,1,test
18,Int8WeightOnlyConfig,int8,8,False,True,pytorch_relative_p99_latency,1.9200845242575644,pytorch,p99_latency,True,2,1,test
19,Float8WeightOnlyConfig,float8,8,False,True,pytorch_relative_p99_latency,2.423184782871408,pytorch,p99_latency,True,2,1,test
20,Int8WeightOnlyConfig,int8,8,False,True,onnx_quantized_model_size,47768.0,onnx,model_size,False,2,1,test
21,Float8WeightOnlyConfig,float8,8,False,True,onnx_quantized_model_size,,onnx,model_size,False,2,1,test
22,Int8WeightOnlyConfig,int8,8,False,True,onnx_quantized_median_latency,0.00036748312413692474,onnx,median_latency,False,2,1,test
23,Float8WeightOnlyConfig,float8,8,False,True,onnx_quantized_median_latency,,onnx,median_latency,False,2,1,test
24,Int8WeightOnlyConfig,int8,8,False,True,onnx_quantized_p95_latency,0.00038135573267936704,onnx,p95_latency,False,2,1,test
25,Float8WeightOnlyConfig,float8,8,False,True,onnx_quantized_p95_latency,,onnx,p95_latency,False,2,1,test
26,Int8WeightOnlyConfig,int8,8,False,True,onnx_quantized_p99_latency,0.0003868740424513817,onnx,p99_latency,False,2,1,test
27,Float8WeightOnlyConfig,float8,8,False,True,onnx_quantized_p99_latency,,onnx,p99_latency,False,2,1,test
28,Int8WeightOnlyConfig,int8,8,False,True,onnx_relative_model_size,1.6765407833777903,onnx,model_size,True,2,1,test
29,Float8WeightOnlyConfig,float8,8,False,True,onnx_relative_model_size,,onnx,model_size,True,2,1,test
30,Int8WeightOnlyConfig,int8,8,False,True,onnx_relative_median_latency,1.1330553689058884,onnx,median_latency,True,2,1,test
31,Float8WeightOnlyConfig,float8,8,False,True,onnx_relative_median_latency,,onnx,median_latency,True,2,1,test
32,Int8WeightOnlyConfig,int8,8,False,True,onnx_relative_p95_latency,1.1292830990436835,onnx,p95_latency,True,2,1,test
33,Float8WeightOnlyConfig,float8,8,False,True,onnx_relative_p95_latency,,onnx,p95_latency,True,2,1,test
34,Int8WeightOnlyConfig,int8,8,False,True,onnx_relative_p99_latency,1.1132925253932946,onnx,p99_latency,True,2,1,test
35,Float8WeightOnlyConfig,float8,8,False,True,onnx_relative_p99_latency,,onnx,p99_latency,True,2,1,test
36,Int8WeightOnlyConfig,int8,8,False,True,pt2_quantized_model_size,354081.0,pt2,model_size,False,2,1,test
37,Float8WeightOnlyConfig,float8,8,False,True,pt2_quantized_model_size,333281.0,pt2,model_size,False,2,1,test
38,Int8WeightOnlyConfig,int8,8,False,True,pt2_quantized_median_latency,0.0004418138414621353,pt2,median_latency,False,2,1,test
39,Float8WeightOnlyConfig,float8,8,False,True,pt2_quantized_median_latency,0.0003639906644821167,pt2,median_latency,False,2,1,test
40,Int8WeightOnlyConfig,int8,8,False,True,pt2_quantized_p95_latency,0.0004621455445885658,pt2,p95_latency,False,2,1,test
41,Float8WeightOnlyConfig,float8,8,False,True,pt2_quantized_p95_latency,0.0003785189241170883,pt2,p95_latency,False,2,1,test
42,Int8WeightOnlyConfig,int8,8,False,True,pt2_quantized_p99_latency,0.0005574934929609296,pt2,p99_latency,False,2,1,test
43,Float8WeightOnlyConfig,float8,8,False,True,pt2_quantized_p99_latency,0.0004922202974557876,pt2,p99_latency,False,2,1,test
44,Int8WeightOnlyConfig,int8,8,False,True,pt2_relative_model_size,0.3979220633270587,pt2,model_size,True,2,1,test
45,Float8WeightOnlyConfig,float8,8,False,True,pt2_relative_model_size,0.3745466805270699,pt2,model_size,True,2,1,test
46,Int8WeightOnlyConfig,int8,8,False,True,pt2_relative_median_latency,0.8985721916422638,pt2,median_latency,True,2,1,test
47,Float8WeightOnlyConfig,float8,8,False,True,pt2_relative_median_latency,0.7402934413249941,pt2,median_latency,True,2,1,test
48,Int8WeightOnlyConfig,int8,8,False,True,pt2_relative_p95_latency,0.9051712186836023,pt2,p95_latency,True,2,1,test
49,Float8WeightOnlyConfig,float8,8,False,True,pt2_relative_p95_latency,0.7413777755726261,pt2,p95_latency,True,2,1,test
50,Int8WeightOnlyConfig,int8,8,False,True,pt2_relative_p99_latency,0.9304474591745251,pt2,p99_latency,True,2,1,test
51,Float8WeightOnlyConfig,float8,8,False,True,pt2_relative_p99_latency,0.8215075707690155,pt2,p99_latency,True,2,1,test
0,Int8WeightOnlyConfig,int8,8,False,True,pytorch_quantized_MAE,7.554194235043456,pytorch,MAE,False,2,2,train
1,Float8WeightOnlyConfig,float8,8,False,True,pytorch_quantized_MAE,7.59194702844506,pytorch,MAE,False,2,2,train
2,Int8WeightOnlyConfig,int8,8,False,True,pytorch_relative_MAE,1.0001216292342547,pytorch,MAE,True,2,2,train
3,Float8WeightOnlyConfig,float8,8,False,True,pytorch_relative_MAE,1.0051198307723888,pytorch,MAE,True,2,2,train
4,Int8WeightOnlyConfig,int8,8,False,True,pytorch_quantized_model_size,206337.0,pytorch,model_size,False,2,2,train
5,Float8WeightOnlyConfig,float8,8,False,True,pytorch_quantized_model_size,206337.0,pytorch,model_size,False,2,2,train
6,Int8WeightOnlyConfig,int8,8,False,True,pytorch_quantized_median_latency,0.00018990971148014069,pytorch,median_latency,False,2,2,train
7,Float8WeightOnlyConfig,float8,8,False,True,pytorch_quantized_median_latency,0.00023857317864894867,pytorch,median_latency,False,2,2,train
8,Int8WeightOnlyConfig,int8,8,False,True,pytorch_quantized_p95_latency,0.00019609220325946807,pytorch,p95_latency,False,2,2,train
9,Float8WeightOnlyConfig,float8,8,False,True,pytorch_quantized_p95_latency,0.0002445098012685776,pytorch,p95_latency,False,2,2,train
10,Int8WeightOnlyConfig,int8,8,False,True,pytorch_quantized_p99_latency,0.00020574618130922317,pytorch,p99_latency,False,2,2,train
11,Float8WeightOnlyConfig,float8,8,False,True,pytorch_quantized_p99_latency,0.00025177132338285443,pytorch,p99_latency,False,2,2,train
12,Int8WeightOnlyConfig,int8,8,False,True,pytorch_relative_model_size,0.25,pytorch,model_size,True,2,2,train
13,Float8WeightOnlyConfig,float8,8,False,True,pytorch_relative_model_size,0.25,pytorch,model_size,True,2,2,train
14,Int8WeightOnlyConfig,int8,8,False,True,pytorch_relative_median_latency,1.7509058748776425,pytorch,median_latency,True,2,2,train
15,Float8WeightOnlyConfig,float8,8,False,True,pytorch_relative_median_latency,2.199567240816747,pytorch,median_latency,True,2,2,train
16,Int8WeightOnlyConfig,int8,8,False,True,pytorch_relative_p95_latency,1.7375980405102067,pytorch,p95_latency,True,2,2,train
17,Float8WeightOnlyConfig,float8,8,False,True,pytorch_relative_p95_latency,2.1666325560514434,pytorch,p95_latency,True,2,2,train
18,Int8WeightOnlyConfig,int8,8,False,True,pytorch_relative_p99_latency,1.8004010267222927,pytorch,p99_latency,True,2,2,train
19,Float8WeightOnlyConfig,float8,8,False,True,pytorch_relative_p99_latency,2.203148297739033,pytorch,p99_latency,True,2,2,train
20,Int8WeightOnlyConfig,int8,8,False,True,onnx_quantized_model_size,47768.0,onnx,model_size,False,2,2,train
21,Float8WeightOnlyConfig,float8,8,False,True,onnx_quantized_model_size,,onnx,model_size,False,2,2,train
22,Int8WeightOnlyConfig,int8,8,False,True,onnx_quantized_median_latency,0.00036362744867801666,onnx,median_latency,False,2,2,train
23,Float8WeightOnlyConfig,float8,8,False,True,onnx_quantized_median_latency,,onnx,median_latency,False,2,2,train
24,Int8WeightOnlyConfig,int8,8,False,True,onnx_quantized_p95_latency,0.00037664007395505906,onnx,p95_latency,False,2,2,train
25,Float8WeightOnlyConfig,float8,8,False,True,onnx_quantized_p95_latency,,onnx,p95_latency,False,2,2,train
26,Int8WeightOnlyConfig,int8,8,False,True,onnx_quantized_p99_latency,0.0003829695284366608,onnx,p99_latency,False,2,2,train
27,Float8WeightOnlyConfig,float8,8,False,True,onnx_quantized_p99_latency,,onnx,p99_latency,False,2,2,train
28,Int8WeightOnlyConfig,int8,8,False,True,onnx_relative_model_size,1.6765407833777903,onnx,model_size,True,2,2,train
29,Float8WeightOnlyConfig,float8,8,False,True,onnx_relative_model_size,,onnx,model_size,True,2,2,train
30,Int8WeightOnlyConfig,int8,8,False,True,onnx_relative_median_latency,1.1300650643697323,onnx,median_latency,True,2,2,train
31,Float8WeightOnlyConfig,float8,8,False,True,onnx_relative_median_latency,,onnx,median_latency,True,2,2,train
32,Int8WeightOnlyConfig,int8,8,False,True,onnx_relative_p95_latency,1.121840219389179,onnx,p95_latency,True,2,2,train
33,Float8WeightOnlyConfig,float8,8,False,True,onnx_relative_p95_latency,,onnx,p95_latency,True,2,2,train
34,Int8WeightOnlyConfig,int8,8,False,True,onnx_relative_p99_latency,1.0981658530332326,onnx,p99_latency,True,2,2,train
35,Float8WeightOnlyConfig,float8,8,False,True,onnx_relative_p99_latency,,onnx,p99_latency,True,2,2,train
36,Int8WeightOnlyConfig,int8,8,False,True,pt2_quantized_model_size,354081.0,pt2,model_size,False,2,2,train
37,Float8WeightOnlyConfig,float8,8,False,True,pt2_quantized_model_size,333281.0,pt2,model_size,False,2,2,train
38,Int8WeightOnlyConfig,int8,8,False,True,pt2_quantized_median_latency,0.0004307478666305542,pt2,median_latency,False,2,2,train
39,Float8WeightOnlyConfig,float8,8,False,True,pt2_quantized_median_latency,0.0003572925925254822,pt2,median_latency,False,2,2,train
40,Int8WeightOnlyConfig,int8,8,False,True,pt2_quantized_p95_latency,0.00045057572424411774,pt2,p95_latency,False,2,2,train
41,Float8WeightOnlyConfig,float8,8,False,True,pt2_quantized_p95_latency,0.0003740930929780006,pt2,p95_latency,False,2,2,train
42,Int8WeightOnlyConfig,int8,8,False,True,pt2_quantized_p99_latency,0.000557556077837944,pt2,p99_latency,False,2,2,train
43,Float8WeightOnlyConfig,float8,8,False,True,pt2_quantized_p99_latency,0.0005061618983745575,pt2,p99_latency,False,2,2,train
44,Int8WeightOnlyConfig,int8,8,False,True,pt2_relative_model_size,0.3979220633270587,pt2,model_size,True,2,2,train
45,Float8WeightOnlyConfig,float8,8,False,True,pt2_relative_model_size,0.3745466805270699,pt2,model_size,True,2,2,train
46,Int8WeightOnlyConfig,int8,8,False,True,pt2_relative_median_latency,0.9685628366322949,pt2,median_latency,True,2,2,train
47,Float8WeightOnlyConfig,float8,8,False,True,pt2_relative_median_latency,0.8033941749524631,pt2,median_latency,True,2,2,train
48,Int8WeightOnlyConfig,int8,8,False,True,pt2_relative_p95_latency,0.972090000936321,pt2,p95_latency,True,2,2,train
49,Float8WeightOnlyConfig,float8,8,False,True,pt2_relative_p95_latency,0.807083328142713,pt2,p95_latency,True,2,2,train
50,Int8WeightOnlyConfig,int8,8,False,True,pt2_relative_p99_latency,1.0139582357208456,pt2,p99_latency,True,2,2,train
51,Float8WeightOnlyConfig,float8,8,False,True,pt2_relative_p99_latency,0.920494002065478,pt2,p99_latency,True,2,2,train
0,Int8WeightOnlyConfig,int8,8,False,True,pytorch_quantized_MAE,7.467156411114439,pytorch,MAE,False,2,2,test
1,Float8WeightOnlyConfig,float8,8,False,True,pytorch_quantized_MAE,7.5003621665689035,pytorch,MAE,False,2,2,test
2,Int8WeightOnlyConfig,int8,8,False,True,pytorch_relative_MAE,1.0002728024325749,pytorch,MAE,True,2,2,test
3,Float8WeightOnlyConfig,float8,8,False,True,pytorch_relative_MAE,1.00472092327492,pytorch,MAE,True,2,2,test
4,Int8WeightOnlyConfig,int8,8,False,True,pytorch_quantized_model_size,206337.0,pytorch,model_size,False,2,2,test
5,Float8WeightOnlyConfig,float8,8,False,True,pytorch_quantized_model_size,206337.0,pytorch,model_size,False,2,2,test
6,Int8WeightOnlyConfig,int8,8,False,True,pytorch_quantized_median_latency,0.0002007521688938141,pytorch,median_latency,False,2,2,test
7,Float8WeightOnlyConfig,float8,8,False,True,pytorch_quantized_median_latency,0.0002537742257118225,pytorch,median_latency,False,2,2,test
8,Int8WeightOnlyConfig,int8,8,False,True,pytorch_quantized_p95_latency,0.00020665321499109267,pytorch,p95_latency,False,2,2,test
9,Float8WeightOnlyConfig,float8,8,False,True,pytorch_quantized_p95_latency,0.0002604696899652481,pytorch,p95_latency,False,2,2,test
10,Int8WeightOnlyConfig,int8,8,False,True,pytorch_quantized_p99_latency,0.0002101009711623192,pytorch,p99_latency,False,2,2,test
11,Float8WeightOnlyConfig,float8,8,False,True,pytorch_quantized_p99_latency,0.0002633530274033546,pytorch,p99_latency,False,2,2,test
12,Int8WeightOnlyConfig,int8,8,False,True,pytorch_relative_model_size,0.25,pytorch,model_size,True,2,2,test
13,Float8WeightOnlyConfig,float8,8,False,True,pytorch_relative_model_size,0.25,pytorch,model_size,True,2,2,test
14,Int8WeightOnlyConfig,int8,8,False,True,pytorch_relative_median_latency,2.376477332862939,pytorch,median_latency,True,2,2,test
15,Float8WeightOnlyConfig,float8,8,False,True,pytorch_relative_median_latency,3.004145351913918,pytorch,median_latency,True,2,2,test
16,Int8WeightOnlyConfig,int8,8,False,True,pytorch_relative_p95_latency,2.3263090797389077,pytorch,p95_latency,True,2,2,test
17,Float8WeightOnlyConfig,float8,8,False,True,pytorch_relative_p95_latency,2.932124742356669,pytorch,p95_latency,True,2,2,test
18,Int8WeightOnlyConfig,int8,8,False,True,pytorch_relative_p99_latency,2.291844197726221,pytorch,p99_latency,True,2,2,test
19,Float8WeightOnlyConfig,float8,8,False,True,pytorch_relative_p99_latency,2.872733545537555,pytorch,p99_latency,True,2,2,test
20,Int8WeightOnlyConfig,int8,8,False,True,onnx_quantized_model_size,47768.0,onnx,model_size,False,2,2,test
21,Float8WeightOnlyConfig,float8,8,False,True,onnx_quantized_model_size,,onnx,model_size,False,2,2,test
22,Int8WeightOnlyConfig,int8,8,False,True,onnx_quantized_median_latency,0.00036571361124515533,onnx,median_latency,False,2,2,test
23,Float8WeightOnlyConfig,float8,8,False,True,onnx_quantized_median_latency,,onnx,median_latency,False,2,2,test
24,Int8WeightOnlyConfig,int8,8,False,True,onnx_quantized_p95_latency,0.0003753235563635826,onnx,p95_latency,False,2,2,test
25,Float8WeightOnlyConfig,float8,8,False,True,onnx_quantized_p95_latency,,onnx,p95_latency,False,2,2,test
26,Int8WeightOnlyConfig,int8,8,False,True,onnx_quantized_p99_latency,0.00037943683564662934,onnx,p99_latency,False,2,2,test
27,Float8WeightOnlyConfig,float8,8,False,True,onnx_quantized_p99_latency,,onnx,p99_latency,False,2,2,test
28,Int8WeightOnlyConfig,int8,8,False,True,onnx_relative_model_size,1.6765407833777903,onnx,model_size,True,2,2,test
29,Float8WeightOnlyConfig,float8,8,False,True,onnx_relative_model_size,,onnx,model_size,True,2,2,test
30,Int8WeightOnlyConfig,int8,8,False,True,onnx_relative_median_latency,1.1228853786587667,onnx,median_latency,True,2,2,test
31,Float8WeightOnlyConfig,float8,8,False,True,onnx_relative_median_latency,,onnx,median_latency,True,2,2,test
32,Int8WeightOnlyConfig,int8,8,False,True,onnx_relative_p95_latency,1.1051958387656051,onnx,p95_latency,True,2,2,test
33,Float8WeightOnlyConfig,float8,8,False,True,onnx_relative_p95_latency,,onnx,p95_latency,True,2,2,test
34,Int8WeightOnlyConfig,int8,8,False,True,onnx_relative_p99_latency,1.0940380825184606,onnx,p99_latency,True,2,2,test
35,Float8WeightOnlyConfig,float8,8,False,True,onnx_relative_p99_latency,,onnx,p99_latency,True,2,2,test
36,Int8WeightOnlyConfig,int8,8,False,True,pt2_quantized_model_size,354081.0,pt2,model_size,False,2,2,test
37,Float8WeightOnlyConfig,float8,8,False,True,pt2_quantized_model_size,333281.0,pt2,model_size,False,2,2,test
38,Int8WeightOnlyConfig,int8,8,False,True,pt2_quantized_median_latency,0.000447811558842659,pt2,median_latency,False,2,2,test
39,Float8WeightOnlyConfig,float8,8,False,True,pt2_quantized_median_latency,0.0003672651946544647,pt2,median_latency,False,2,2,test
40,Int8WeightOnlyConfig,int8,8,False,True,pt2_quantized_p95_latency,0.0004639878869056702,pt2,p95_latency,False,2,2,test
41,Float8WeightOnlyConfig,float8,8,False,True,pt2_quantized_p95_latency,0.0003820480778813362,pt2,p95_latency,False,2,2,test
42,Int8WeightOnlyConfig,int8,8,False,True,pt2_quantized_p99_latency,0.000560566559433937,pt2,p99_latency,False,2,2,test
43,Float8WeightOnlyConfig,float8,8,False,True,pt2_quantized_p99_latency,0.0004983051866292953,pt2,p99_latency,False,2,2,test
44,Int8WeightOnlyConfig,int8,8,False,True,pt2_relative_model_size,0.3979220633270587,pt2,model_size,True,2,2,test
45,Float8WeightOnlyConfig,float8,8,False,True,pt2_relative_model_size,0.3745466805270699,pt2,model_size,True,2,2,test
46,Int8WeightOnlyConfig,int8,8,False,True,pt2_relative_median_latency,1.0213777428468254,pt2,median_latency,True,2,2,test
47,Float8WeightOnlyConfig,float8,8,False,True,pt2_relative_median_latency,0.837665951526223,pt2,median_latency,True,2,2,test
48,Int8WeightOnlyConfig,int8,8,False,True,pt2_relative_p95_latency,1.0139658550921438,pt2,p95_latency,True,2,2,test
49,Float8WeightOnlyConfig,float8,8,False,True,pt2_relative_p95_latency,0.8349004724212015,pt2,p95_latency,True,2,2,test
50,Int8WeightOnlyConfig,int8,8,False,True,pt2_relative_p99_latency,1.0261792565578052,pt2,p99_latency,True,2,2,test
51,Float8WeightOnlyConfig,float8,8,False,True,pt2_relative_p99_latency,0.9122029085547183,pt2,p99_latency,True,2,2,test
0,Int8WeightOnlyConfig,int8,8,False,True,pytorch_quantized_MAE,7.564389879647039,pytorch,MAE,False,2,3,train
1,Float8WeightOnlyConfig,float8,8,False,True,pytorch_quantized_MAE,7.606081713613158,pytorch,MAE,False,2,3,train
2,Int8WeightOnlyConfig,int8,8,False,True,pytorch_relative_MAE,1.000135557308691,pytorch,MAE,True,2,3,train
3,Float8WeightOnlyConfig,float8,8,False,True,pytorch_relative_MAE,1.0056478968710816,pytorch,MAE,True,2,3,train
4,Int8WeightOnlyConfig,int8,8,False,True,pytorch_quantized_model_size,206337.0,pytorch,model_size,False,2,3,train
5,Float8WeightOnlyConfig,float8,8,False,True,pytorch_quantized_model_size,206337.0,pytorch,model_size,False,2,3,train
6,Int8WeightOnlyConfig,int8,8,False,True,pytorch_quantized_median_latency,0.00019109807908535004,pytorch,median_latency,False,2,3,train
7,Float8WeightOnlyConfig,float8,8,False,True,pytorch_quantized_median_latency,0.00023907050490379333,pytorch,median_latency,False,2,3,train
8,Int8WeightOnlyConfig,int8,8,False,True,pytorch_quantized_p95_latency,0.00019644517451524734,pytorch,p95_latency,False,2,3,train
9,Float8WeightOnlyConfig,float8,8,False,True,pytorch_quantized_p95_latency,0.00024514142423868177,pytorch,p95_latency,False,2,3,train
10,Int8WeightOnlyConfig,int8,8,False,True,pytorch_quantized_p99_latency,0.00020073719322681425,pytorch,p99_latency,False,2,3,train
11,Float8WeightOnlyConfig,float8,8,False,True,pytorch_quantized_p99_latency,0.0002495907992124557,pytorch,p99_latency,False,2,3,train
12,Int8WeightOnlyConfig,int8,8,False,True,pytorch_relative_model_size,0.25,pytorch,model_size,True,2,3,train
13,Float8WeightOnlyConfig,float8,8,False,True,pytorch_relative_model_size,0.25,pytorch,model_size,True,2,3,train
14,Int8WeightOnlyConfig,int8,8,False,True,pytorch_relative_median_latency,1.7637704579837712,pytorch,median_latency,True,2,3,train
15,Float8WeightOnlyConfig,float8,8,False,True,pytorch_relative_median_latency,2.2065396781735664,pytorch,median_latency,True,2,3,train
16,Int8WeightOnlyConfig,int8,8,False,True,pytorch_relative_p95_latency,1.7398958362547243,pytorch,p95_latency,True,2,3,train
17,Float8WeightOnlyConfig,float8,8,False,True,pytorch_relative_p95_latency,2.1711937917483968,pytorch,p95_latency,True,2,3,train
18,Int8WeightOnlyConfig,int8,8,False,True,pytorch_relative_p99_latency,1.7392226896587786,pytorch,p99_latency,True,2,3,train
19,Float8WeightOnlyConfig,float8,8,False,True,pytorch_relative_p99_latency,2.1624990074952666,pytorch,p99_latency,True,2,3,train
20,Int8WeightOnlyConfig,int8,8,False,True,onnx_quantized_model_size,47768.0,onnx,model_size,False,2,3,train
21,Float8WeightOnlyConfig,float8,8,False,True,onnx_quantized_model_size,,onnx,model_size,False,2,3,train
22,Int8WeightOnlyConfig,int8,8,False,True,onnx_quantized_median_latency,0.00036388449370861053,onnx,median_latency,False,2,3,train
23,Float8WeightOnlyConfig,float8,8,False,True,onnx_quantized_median_latency,,onnx,median_latency,False,2,3,train
24,Int8WeightOnlyConfig,int8,8,False,True,onnx_quantized_p95_latency,0.00037449616938829423,onnx,p95_latency,False,2,3,train
25,Float8WeightOnlyConfig,float8,8,False,True,onnx_quantized_p95_latency,,onnx,p95_latency,False,2,3,train
26,Int8WeightOnlyConfig,int8,8,False,True,onnx_quantized_p99_latency,0.0003783583268523216,onnx,p99_latency,False,2,3,train
27,Float8WeightOnlyConfig,float8,8,False,True,onnx_quantized_p99_latency,,onnx,p99_latency,False,2,3,train
28,Int8WeightOnlyConfig,int8,8,False,True,onnx_relative_model_size,1.6765407833777903,onnx,model_size,True,2,3,train
29,Float8WeightOnlyConfig,float8,8,False,True,onnx_relative_model_size,,onnx,model_size,True,2,3,train
30,Int8WeightOnlyConfig,int8,8,False,True,onnx_relative_median_latency,1.132358396512949,onnx,median_latency,True,2,3,train
31,Float8WeightOnlyConfig,float8,8,False,True,onnx_relative_median_latency,,onnx,median_latency,True,2,3,train
32,Int8WeightOnlyConfig,int8,8,False,True,onnx_relative_p95_latency,1.1213672401147825,onnx,p95_latency,True,2,3,train
33,Float8WeightOnlyConfig,float8,8,False,True,onnx_relative_p95_latency,,onnx,p95_latency,True,2,3,train
34,Int8WeightOnlyConfig,int8,8,False,True,onnx_relative_p99_latency,1.0953539597291986,onnx,p99_latency,True,2,3,train
35,Float8WeightOnlyConfig,float8,8,False,True,onnx_relative_p99_latency,,onnx,p99_latency,True,2,3,train
36,Int8WeightOnlyConfig,int8,8,False,True,pt2_quantized_model_size,354081.0,pt2,model_size,False,2,3,train
37,Float8WeightOnlyConfig,float8,8,False,True,pt2_quantized_model_size,333281.0,pt2,model_size,False,2,3,train
38,Int8WeightOnlyConfig,int8,8,False,True,pt2_quantized_median_latency,0.0004363618791103363,pt2,median_latency,False,2,3,train
39,Float8WeightOnlyConfig,float8,8,False,True,pt2_quantized_median_latency,0.00035753846168518066,pt2,median_latency,False,2,3,train
40,Int8WeightOnlyConfig,int8,8,False,True,pt2_quantized_p95_latency,0.000456719845533371,pt2,p95_latency,False,2,3,train
41,Float8WeightOnlyConfig,float8,8,False,True,pt2_quantized_p95_latency,0.0003749405965209007,pt2,p95_latency,False,2,3,train
42,Int8WeightOnlyConfig,int8,8,False,True,pt2_quantized_p99_latency,0.0005570913106203079,pt2,p99_latency,False,2,3,train
43,Float8WeightOnlyConfig,float8,8,False,True,pt2_quantized_p99_latency,0.0004941599816083908,pt2,p99_latency,False,2,3,train
44,Int8WeightOnlyConfig,int8,8,False,True,pt2_relative_model_size,0.3979220633270587,pt2,model_size,True,2,3,train
45,Float8WeightOnlyConfig,float8,8,False,True,pt2_relative_model_size,0.3745466805270699,pt2,model_size,True,2,3,train
46,Int8WeightOnlyConfig,int8,8,False,True,pt2_relative_median_latency,0.9983167494087316,pt2,median_latency,True,2,3,train
47,Float8WeightOnlyConfig,float8,8,False,True,pt2_relative_median_latency,0.8179830822662093,pt2,median_latency,True,2,3,train
48,Int8WeightOnlyConfig,int8,8,False,True,pt2_relative_p95_latency,1.0112687360316217,pt2,p95_latency,True,2,3,train
49,Float8WeightOnlyConfig,float8,8,False,True,pt2_relative_p95_latency,0.8301931848129623,pt2,p95_latency,True,2,3,train
50,Int8WeightOnlyConfig,int8,8,False,True,pt2_relative_p99_latency,1.005279592959503,pt2,p99_latency,True,2,3,train
51,Float8WeightOnlyConfig,float8,8,False,True,pt2_relative_p99_latency,0.8917190695633328,pt2,p99_latency,True,2,3,train
0,Int8WeightOnlyConfig,int8,8,False,True,pytorch_quantized_MAE,7.582868714211465,pytorch,MAE,False,2,3,test
1,Float8WeightOnlyConfig,float8,8,False,True,pytorch_quantized_MAE,7.6379077477154595,pytorch,MAE,False,2,3,test
2,Int8WeightOnlyConfig,int8,8,False,True,pytorch_relative_MAE,1.000423740344959,pytorch,MAE,True,2,3,test
3,Float8WeightOnlyConfig,float8,8,False,True,pytorch_relative_MAE,1.007685155231365,pytorch,MAE,True,2,3,test
4,Int8WeightOnlyConfig,int8,8,False,True,pytorch_quantized_model_size,206337.0,pytorch,model_size,False,2,3,test
5,Float8WeightOnlyConfig,float8,8,False,True,pytorch_quantized_model_size,206337.0,pytorch,model_size,False,2,3,test
6,Int8WeightOnlyConfig,int8,8,False,True,pytorch_quantized_median_latency,0.0001996271312236786,pytorch,median_latency,False,2,3,test
7,Float8WeightOnlyConfig,float8,8,False,True,pytorch_quantized_median_latency,0.000251254066824913,pytorch,median_latency,False,2,3,test
8,Int8WeightOnlyConfig,int8,8,False,True,pytorch_quantized_p95_latency,0.00020547509193420409,pytorch,p95_latency,False,2,3,test
9,Float8WeightOnlyConfig,float8,8,False,True,pytorch_quantized_p95_latency,0.0002571314573287964,pytorch,p95_latency,False,2,3,test
10,Int8WeightOnlyConfig,int8,8,False,True,pytorch_quantized_p99_latency,0.00022881116718053812,pytorch,p99_latency,False,2,3,test
11,Float8WeightOnlyConfig,float8,8,False,True,pytorch_quantized_p99_latency,0.0002601354196667671,pytorch,p99_latency,False,2,3,test
12,Int8WeightOnlyConfig,int8,8,False,True,pytorch_relative_model_size,0.25,pytorch,model_size,True,2,3,test
13,Float8WeightOnlyConfig,float8,8,False,True,pytorch_relative_model_size,0.25,pytorch,model_size,True,2,3,test
14,Int8WeightOnlyConfig,int8,8,False,True,pytorch_relative_median_latency,1.8136189799302807,pytorch,median_latency,True,2,3,test
15,Float8WeightOnlyConfig,float8,8,False,True,pytorch_relative_median_latency,2.2826513690053134,pytorch,median_latency,True,2,3,test
16,Int8WeightOnlyConfig,int8,8,False,True,pytorch_relative_p95_latency,1.7966296581612793,pytorch,p95_latency,True,2,3,test
17,Float8WeightOnlyConfig,float8,8,False,True,pytorch_relative_p95_latency,2.248301718395513,pytorch,p95_latency,True,2,3,test
18,Int8WeightOnlyConfig,int8,8,False,True,pytorch_relative_p99_latency,1.976354610376363,pytorch,p99_latency,True,2,3,test
19,Float8WeightOnlyConfig,float8,8,False,True,pytorch_relative_p99_latency,2.246917588488812,pytorch,p99_latency,True,2,3,test
20,Int8WeightOnlyConfig,int8,8,False,True,onnx_quantized_model_size,47768.0,onnx,model_size,False,2,3,test
21,Float8WeightOnlyConfig,float8,8,False,True,onnx_quantized_model_size,,onnx,model_size,False,2,3,test
22,Int8WeightOnlyConfig,int8,8,False,True,onnx_quantized_median_latency,0.00036595389246940613,onnx,median_latency,False,2,3,test
23,Float8WeightOnlyConfig,float8,8,False,True,onnx_quantized_median_latency,,onnx,median_latency,False,2,3,test
24,Int8WeightOnlyConfig,int8,8,False,True,onnx_quantized_p95_latency,0.00037581175565719603,onnx,p95_latency,False,2,3,test
25,Float8WeightOnlyConfig,float8,8,False,True,onnx_quantized_p95_latency,,onnx,p95_latency,False,2,3,test
26,Int8WeightOnlyConfig,int8,8,False,True,onnx_quantized_p99_latency,0.00038119912147521973,onnx,p99_latency,False,2,3,test
27,Float8WeightOnlyConfig,float8,8,False,True,onnx_quantized_p99_latency,,onnx,p99_latency,False,2,3,test
28,Int8WeightOnlyConfig,int8,8,False,True,onnx_relative_model_size,1.6765407833777903,onnx,model_size,True,2,3,test
29,Float8WeightOnlyConfig,float8,8,False,True,onnx_relative_model_size,,onnx,model_size,True,2,3,test
30,Int8WeightOnlyConfig,int8,8,False,True,onnx_relative_median_latency,1.1287681621537773,onnx,median_latency,True,2,3,test
31,Float8WeightOnlyConfig,float8,8,False,True,onnx_relative_median_latency,,onnx,median_latency,True,2,3,test
32,Int8WeightOnlyConfig,int8,8,False,True,onnx_relative_p95_latency,1.101127201163985,onnx,p95_latency,True,2,3,test
33,Float8WeightOnlyConfig,float8,8,False,True,onnx_relative_p95_latency,,onnx,p95_latency,True,2,3,test
34,Int8WeightOnlyConfig,int8,8,False,True,onnx_relative_p99_latency,1.1030933225072956,onnx,p99_latency,True,2,3,test
35,Float8WeightOnlyConfig,float8,8,False,True,onnx_relative_p99_latency,,onnx,p99_latency,True,2,3,test
36,Int8WeightOnlyConfig,int8,8,False,True,pt2_quantized_model_size,354081.0,pt2,model_size,False,2,3,test
37,Float8WeightOnlyConfig,float8,8,False,True,pt2_quantized_model_size,333281.0,pt2,model_size,False,2,3,test
38,Int8WeightOnlyConfig,int8,8,False,True,pt2_quantized_median_latency,0.00043919868767261505,pt2,median_latency,False,2,3,test
39,Float8WeightOnlyConfig,float8,8,False,True,pt2_quantized_median_latency,0.000361662358045578,pt2,median_latency,False,2,3,test
40,Int8WeightOnlyConfig,int8,8,False,True,pt2_quantized_p95_latency,0.00045853927731513976,pt2,p95_latency,False,2,3,test
41,Float8WeightOnlyConfig,float8,8,False,True,pt2_quantized_p95_latency,0.00037649981677532194,pt2,p95_latency,False,2,3,test
42,Int8WeightOnlyConfig,int8,8,False,True,pt2_quantized_p99_latency,0.0005606390163302421,pt2,p99_latency,False,2,3,test
43,Float8WeightOnlyConfig,float8,8,False,True,pt2_quantized_p99_latency,0.0004775090143084526,pt2,p99_latency,False,2,3,test
44,Int8WeightOnlyConfig,int8,8,False,True,pt2_relative_model_size,0.3979220633270587,pt2,model_size,True,2,3,test
45,Float8WeightOnlyConfig,float8,8,False,True,pt2_relative_model_size,0.3745466805270699,pt2,model_size,True,2,3,test
46,Int8WeightOnlyConfig,int8,8,False,True,pt2_relative_median_latency,0.9861524692184154,pt2,median_latency,True,2,3,test
47,Float8WeightOnlyConfig,float8,8,False,True,pt2_relative_median_latency,0.8120566782655246,pt2,median_latency,True,2,3,test
48,Int8WeightOnlyConfig,int8,8,False,True,pt2_relative_p95_latency,0.9888993242542976,pt2,p95_latency,True,2,3,test
49,Float8WeightOnlyConfig,float8,8,False,True,pt2_relative_p95_latency,0.8119706049414356,pt2,p95_latency,True,2,3,test
50,Int8WeightOnlyConfig,int8,8,False,True,pt2_relative_p99_latency,0.9556224547041717,pt2,p99_latency,True,2,3,test
51,Float8WeightOnlyConfig,float8,8,False,True,pt2_relative_p99_latency,0.8139254013816628,pt2,p99_latency,True,2,3,test
0,Int8WeightOnlyConfig,int8,8,False,True,pytorch_quantized_MAE,7.57919111134661,pytorch,MAE,False,2,4,train
1,Float8WeightOnlyConfig,float8,8,False,True,pytorch_quantized_MAE,7.618710544400728,pytorch,MAE,False,2,4,train
2,Int8WeightOnlyConfig,int8,8,False,True,pytorch_relative_MAE,1.0001309261714812,pytorch,MAE,True,2,4,train
3,Float8WeightOnlyConfig,float8,8,False,True,pytorch_relative_MAE,1.0053458107945932,pytorch,MAE,True,2,4,train
4,Int8WeightOnlyConfig,int8,8,False,True,pytorch_quantized_model_size,206337.0,pytorch,model_size,False,2,4,train
5,Float8WeightOnlyConfig,float8,8,False,True,pytorch_quantized_model_size,206337.0,pytorch,model_size,False,2,4,train
6,Int8WeightOnlyConfig,int8,8,False,True,pytorch_quantized_median_latency,0.000187629833817482,pytorch,median_latency,False,2,4,train
7,Float8WeightOnlyConfig,float8,8,False,True,pytorch_quantized_median_latency,0.00023343786597251892,pytorch,median_latency,False,2,4,train
8,Int8WeightOnlyConfig,int8,8,False,True,pytorch_quantized_p95_latency,0.00019275080412626267,pytorch,p95_latency,False,2,4,train
9,Float8WeightOnlyConfig,float8,8,False,True,pytorch_quantized_p95_latency,0.00023899339139461516,pytorch,p95_latency,False,2,4,train
10,Int8WeightOnlyConfig,int8,8,False,True,pytorch_quantized_p99_latency,0.00019441477954387665,pytorch,p99_latency,False,2,4,train
11,Float8WeightOnlyConfig,float8,8,False,True,pytorch_quantized_p99_latency,0.0002443337813019752,pytorch,p99_latency,False,2,4,train
12,Int8WeightOnlyConfig,int8,8,False,True,pytorch_relative_model_size,0.25,pytorch,model_size,True,2,4,train
13,Float8WeightOnlyConfig,float8,8,False,True,pytorch_relative_model_size,0.25,pytorch,model_size,True,2,4,train
14,Int8WeightOnlyConfig,int8,8,False,True,pytorch_relative_median_latency,1.7428457732101457,pytorch,median_latency,True,2,4,train
15,Float8WeightOnlyConfig,float8,8,False,True,pytorch_relative_median_latency,2.168344925429946,pytorch,median_latency,True,2,4,train
16,Int8WeightOnlyConfig,int8,8,False,True,pytorch_relative_p95_latency,1.715481428187777,pytorch,p95_latency,True,2,4,train
17,Float8WeightOnlyConfig,float8,8,False,True,pytorch_relative_p95_latency,2.1270402800940276,pytorch,p95_latency,True,2,4,train
18,Int8WeightOnlyConfig,int8,8,False,True,pytorch_relative_p99_latency,1.7100074510813896,pytorch,p99_latency,True,2,4,train
19,Float8WeightOnlyConfig,float8,8,False,True,pytorch_relative_p99_latency,2.1490783136833174,pytorch,p99_latency,True,2,4,train
20,Int8WeightOnlyConfig,int8,8,False,True,onnx_quantized_model_size,47768.0,onnx,model_size,False,2,4,train
21,Float8WeightOnlyConfig,float8,8,False,True,onnx_quantized_model_size,,onnx,model_size,False,2,4,train
22,Int8WeightOnlyConfig,int8,8,False,True,onnx_quantized_median_latency,0.0003655795007944107,onnx,median_latency,False,2,4,train
23,Float8WeightOnlyConfig,float8,8,False,True,onnx_quantized_median_latency,,onnx,median_latency,False,2,4,train
24,Int8WeightOnlyConfig,int8,8,False,True,onnx_quantized_p95_latency,0.0003771165385842323,onnx,p95_latency,False,2,4,train
25,Float8WeightOnlyConfig,float8,8,False,True,onnx_quantized_p95_latency,,onnx,p95_latency,False,2,4,train
26,Int8WeightOnlyConfig,int8,8,False,True,onnx_quantized_p99_latency,0.0003826109692454338,onnx,p99_latency,False,2,4,train
27,Float8WeightOnlyConfig,float8,8,False,True,onnx_quantized_p99_latency,,onnx,p99_latency,False,2,4,train
28,Int8WeightOnlyConfig,int8,8,False,True,onnx_relative_model_size,1.6765407833777903,onnx,model_size,True,2,4,train
29,Float8WeightOnlyConfig,float8,8,False,True,onnx_relative_model_size,,onnx,model_size,True,2,4,train
30,Int8WeightOnlyConfig,int8,8,False,True,onnx_relative_median_latency,1.1348636849865563,onnx,median_latency,True,2,4,train
31,Float8WeightOnlyConfig,float8,8,False,True,onnx_relative_median_latency,,onnx,median_latency,True,2,4,train
32,Int8WeightOnlyConfig,int8,8,False,True,onnx_relative_p95_latency,1.1292323995705342,onnx,p95_latency,True,2,4,train
33,Float8WeightOnlyConfig,float8,8,False,True,onnx_relative_p95_latency,,onnx,p95_latency,True,2,4,train
34,Int8WeightOnlyConfig,int8,8,False,True,onnx_relative_p99_latency,1.115659953531888,onnx,p99_latency,True,2,4,train
35,Float8WeightOnlyConfig,float8,8,False,True,onnx_relative_p99_latency,,onnx,p99_latency,True,2,4,train
36,Int8WeightOnlyConfig,int8,8,False,True,pt2_quantized_model_size,354081.0,pt2,model_size,False,2,4,train
37,Float8WeightOnlyConfig,float8,8,False,True,pt2_quantized_model_size,333281.0,pt2,model_size,False,2,4,train
38,Int8WeightOnlyConfig,int8,8,False,True,pt2_quantized_median_latency,0.00042317435145378113,pt2,median_latency,False,2,4,train
39,Float8WeightOnlyConfig,float8,8,False,True,pt2_quantized_median_latency,0.00034932978451251984,pt2,median_latency,False,2,4,train
40,Int8WeightOnlyConfig,int8,8,False,True,pt2_quantized_p95_latency,0.0004407942295074463,pt2,p95_latency,False,2,4,train
41,Float8WeightOnlyConfig,float8,8,False,True,pt2_quantized_p95_latency,0.000368555448949337,pt2,p95_latency,False,2,4,train
42,Int8WeightOnlyConfig,int8,8,False,True,pt2_quantized_p99_latency,0.0005442868545651434,pt2,p99_latency,False,2,4,train
43,Float8WeightOnlyConfig,float8,8,False,True,pt2_quantized_p99_latency,0.0004936189949512482,pt2,p99_latency,False,2,4,train
44,Int8WeightOnlyConfig,int8,8,False,True,pt2_relative_model_size,0.3979220633270587,pt2,model_size,True,2,4,train
45,Float8WeightOnlyConfig,float8,8,False,True,pt2_relative_model_size,0.3745466805270699,pt2,model_size,True,2,4,train
46,Int8WeightOnlyConfig,int8,8,False,True,pt2_relative_median_latency,0.9789718619382083,pt2,median_latency,True,2,4,train
47,Float8WeightOnlyConfig,float8,8,False,True,pt2_relative_median_latency,0.8081397854095747,pt2,median_latency,True,2,4,train
48,Int8WeightOnlyConfig,int8,8,False,True,pt2_relative_p95_latency,0.9773077552072235,pt2,p95_latency,True,2,4,train
49,Float8WeightOnlyConfig,float8,8,False,True,pt2_relative_p95_latency,0.817143406991861,pt2,p95_latency,True,2,4,train
50,Int8WeightOnlyConfig,int8,8,False,True,pt2_relative_p99_latency,0.9853629260308899,pt2,p99_latency,True,2,4,train
51,Float8WeightOnlyConfig,float8,8,False,True,pt2_relative_p99_latency,0.8936351358296023,pt2,p99_latency,True,2,4,train
0,Int8WeightOnlyConfig,int8,8,False,True,pytorch_quantized_MAE,7.47260989586587,pytorch,MAE,False,2,4,test
1,Float8WeightOnlyConfig,float8,8,False,True,pytorch_quantized_MAE,7.517372755766588,pytorch,MAE,False,2,4,test
2,Int8WeightOnlyConfig,int8,8,False,True,pytorch_relative_MAE,0.9998899420761544,pytorch,MAE,True,2,4,test
3,Float8WeightOnlyConfig,float8,8,False,True,pytorch_relative_MAE,1.005879540625659,pytorch,MAE,True,2,4,test
4,Int8WeightOnlyConfig,int8,8,False,True,pytorch_quantized_model_size,206337.0,pytorch,model_size,False,2,4,test
5,Float8WeightOnlyConfig,float8,8,False,True,pytorch_quantized_model_size,206337.0,pytorch,model_size,False,2,4,test
6,Int8WeightOnlyConfig,int8,8,False,True,pytorch_quantized_median_latency,0.0001975279301404953,pytorch,median_latency,False,2,4,test
7,Float8WeightOnlyConfig,float8,8,False,True,pytorch_quantized_median_latency,0.0002498440444469452,pytorch,median_latency,False,2,4,test
8,Int8WeightOnlyConfig,int8,8,False,True,pytorch_quantized_p95_latency,0.00020294003188610078,pytorch,p95_latency,False,2,4,test
9,Float8WeightOnlyConfig,float8,8,False,True,pytorch_quantized_p95_latency,0.0002558508887887001,pytorch,p95_latency,False,2,4,test
10,Int8WeightOnlyConfig,int8,8,False,True,pytorch_quantized_p99_latency,0.00020694591104984282,pytorch,p99_latency,False,2,4,test
11,Float8WeightOnlyConfig,float8,8,False,True,pytorch_quantized_p99_latency,0.00025996875017881394,pytorch,p99_latency,False,2,4,test
12,Int8WeightOnlyConfig,int8,8,False,True,pytorch_relative_model_size,0.25,pytorch,model_size,True,2,4,test
13,Float8WeightOnlyConfig,float8,8,False,True,pytorch_relative_model_size,0.25,pytorch,model_size,True,2,4,test
14,Int8WeightOnlyConfig,int8,8,False,True,pytorch_relative_median_latency,2.3476788204821677,pytorch,median_latency,True,2,4,test
15,Float8WeightOnlyConfig,float8,8,False,True,pytorch_relative_median_latency,2.969471563613823,pytorch,median_latency,True,2,4,test
16,Int8WeightOnlyConfig,int8,8,False,True,pytorch_relative_p95_latency,2.2964995816023053,pytorch,p95_latency,True,2,4,test
17,Float8WeightOnlyConfig,float8,8,False,True,pytorch_relative_p95_latency,2.8952467070942123,pytorch,p95_latency,True,2,4,test
18,Int8WeightOnlyConfig,int8,8,False,True,pytorch_relative_p99_latency,2.2918242636672077,pytorch,p99_latency,True,2,4,test
19,Float8WeightOnlyConfig,float8,8,False,True,pytorch_relative_p99_latency,2.8790261495504774,pytorch,p99_latency,True,2,4,test
20,Int8WeightOnlyConfig,int8,8,False,True,onnx_quantized_model_size,47768.0,onnx,model_size,False,2,4,test
21,Float8WeightOnlyConfig,float8,8,False,True,onnx_quantized_model_size,,onnx,model_size,False,2,4,test
22,Int8WeightOnlyConfig,int8,8,False,True,onnx_quantized_median_latency,0.0003652293235063553,onnx,median_latency,False,2,4,test
23,Float8WeightOnlyConfig,float8,8,False,True,onnx_quantized_median_latency,,onnx,median_latency,False,2,4,test
24,Int8WeightOnlyConfig,int8,8,False,True,onnx_quantized_p95_latency,0.00037484280765056607,onnx,p95_latency,False,2,4,test
25,Float8WeightOnlyConfig,float8,8,False,True,onnx_quantized_p95_latency,,onnx,p95_latency,False,2,4,test
26,Int8WeightOnlyConfig,int8,8,False,True,onnx_quantized_p99_latency,0.0003817388787865639,onnx,p99_latency,False,2,4,test
27,Float8WeightOnlyConfig,float8,8,False,True,onnx_quantized_p99_latency,,onnx,p99_latency,False,2,4,test
28,Int8WeightOnlyConfig,int8,8,False,True,onnx_relative_model_size,1.6765407833777903,onnx,model_size,True,2,4,test
29,Float8WeightOnlyConfig,float8,8,False,True,onnx_relative_model_size,,onnx,model_size,True,2,4,test
30,Int8WeightOnlyConfig,int8,8,False,True,onnx_relative_median_latency,1.132925032500361,onnx,median_latency,True,2,4,test
31,Float8WeightOnlyConfig,float8,8,False,True,onnx_relative_median_latency,,onnx,median_latency,True,2,4,test
32,Int8WeightOnlyConfig,int8,8,False,True,onnx_relative_p95_latency,1.121296374715277,onnx,p95_latency,True,2,4,test
33,Float8WeightOnlyConfig,float8,8,False,True,onnx_relative_p95_latency,,onnx,p95_latency,True,2,4,test
34,Int8WeightOnlyConfig,int8,8,False,True,onnx_relative_p99_latency,1.1182750416029124,onnx,p99_latency,True,2,4,test
35,Float8WeightOnlyConfig,float8,8,False,True,onnx_relative_p99_latency,,onnx,p99_latency,True,2,4,test
36,Int8WeightOnlyConfig,int8,8,False,True,pt2_quantized_model_size,354081.0,pt2,model_size,False,2,4,test
37,Float8WeightOnlyConfig,float8,8,False,True,pt2_quantized_model_size,333281.0,pt2,model_size,False,2,4,test
38,Int8WeightOnlyConfig,int8,8,False,True,pt2_quantized_median_latency,0.0004401449114084244,pt2,median_latency,False,2,4,test
39,Float8WeightOnlyConfig,float8,8,False,True,pt2_quantized_median_latency,0.0003641285002231598,pt2,median_latency,False,2,4,test
40,Int8WeightOnlyConfig,int8,8,False,True,pt2_quantized_p95_latency,0.00045681167393922805,pt2,p95_latency,False,2,4,test
41,Float8WeightOnlyConfig,float8,8,False,True,pt2_quantized_p95_latency,0.0003803443163633346,pt2,p95_latency,False,2,4,test
42,Int8WeightOnlyConfig,int8,8,False,True,pt2_quantized_p99_latency,0.0005514685437083243,pt2,p99_latency,False,2,4,test
43,Float8WeightOnlyConfig,float8,8,False,True,pt2_quantized_p99_latency,0.000500238724052906,pt2,p99_latency,False,2,4,test
44,Int8WeightOnlyConfig,int8,8,False,True,pt2_relative_model_size,0.3979220633270587,pt2,model_size,True,2,4,test
45,Float8WeightOnlyConfig,float8,8,False,True,pt2_relative_model_size,0.3745466805270699,pt2,model_size,True,2,4,test
46,Int8WeightOnlyConfig,int8,8,False,True,pt2_relative_median_latency,0.9960881679727184,pt2,median_latency,True,2,4,test
47,Float8WeightOnlyConfig,float8,8,False,True,pt2_relative_median_latency,0.8240560808332876,pt2,median_latency,True,2,4,test
48,Int8WeightOnlyConfig,int8,8,False,True,pt2_relative_p95_latency,0.9910103542357649,pt2,p95_latency,True,2,4,test
49,Float8WeightOnlyConfig,float8,8,False,True,pt2_relative_p95_latency,0.8251215483186891,pt2,p95_latency,True,2,4,test
50,Int8WeightOnlyConfig,int8,8,False,True,pt2_relative_p99_latency,0.9647607530849837,pt2,p99_latency,True,2,4,test
51,Float8WeightOnlyConfig,float8,8,False,True,pt2_relative_p99_latency,0.8751372923181803,pt2,p99_latency,True,2,4,test
0,Int8WeightOnlyConfig,int8,8,False,True,pytorch_quantized_MAE,7.588353575099384,pytorch,MAE,False,2,5,train
1,Float8WeightOnlyConfig,float8,8,False,True,pytorch_quantized_MAE,7.6269348693492445,pytorch,MAE,False,2,5,train
2,Int8WeightOnlyConfig,int8,8,False,True,pytorch_relative_MAE,1.0000769169702146,pytorch,MAE,True,2,5,train
3,Float8WeightOnlyConfig,float8,8,False,True,pytorch_relative_MAE,1.005161585393248,pytorch,MAE,True,2,5,train
4,Int8WeightOnlyConfig,int8,8,False,True,pytorch_quantized_model_size,206337.0,pytorch,model_size,False,2,5,train
5,Float8WeightOnlyConfig,float8,8,False,True,pytorch_quantized_model_size,206337.0,pytorch,model_size,False,2,5,train
6,Int8WeightOnlyConfig,int8,8,False,True,pytorch_quantized_median_latency,0.00019215978682041168,pytorch,median_latency,False,2,5,train
7,Float8WeightOnlyConfig,float8,8,False,True,pytorch_quantized_median_latency,0.00024249590933322906,pytorch,median_latency,False,2,5,train
8,Int8WeightOnlyConfig,int8,8,False,True,pytorch_quantized_p95_latency,0.00019853524863719938,pytorch,p95_latency,False,2,5,train
9,Float8WeightOnlyConfig,float8,8,False,True,pytorch_quantized_p95_latency,0.0002485925331711769,pytorch,p95_latency,False,2,5,train
10,Int8WeightOnlyConfig,int8,8,False,True,pytorch_quantized_p99_latency,0.00021674077957868575,pytorch,p99_latency,False,2,5,train
11,Float8WeightOnlyConfig,float8,8,False,True,pytorch_quantized_p99_latency,0.0002515275776386261,pytorch,p99_latency,False,2,5,train
12,Int8WeightOnlyConfig,int8,8,False,True,pytorch_relative_model_size,0.25,pytorch,model_size,True,2,5,train
13,Float8WeightOnlyConfig,float8,8,False,True,pytorch_relative_model_size,0.25,pytorch,model_size,True,2,5,train
14,Int8WeightOnlyConfig,int8,8,False,True,pytorch_relative_median_latency,1.76694755592094,pytorch,median_latency,True,2,5,train
15,Float8WeightOnlyConfig,float8,8,False,True,pytorch_relative_median_latency,2.2297982393039426,pytorch,median_latency,True,2,5,train
16,Int8WeightOnlyConfig,int8,8,False,True,pytorch_relative_p95_latency,1.7507535179226392,pytorch,p95_latency,True,2,5,train
17,Float8WeightOnlyConfig,float8,8,False,True,pytorch_relative_p95_latency,2.192176225462418,pytorch,p95_latency,True,2,5,train
18,Int8WeightOnlyConfig,int8,8,False,True,pytorch_relative_p99_latency,1.8865686712577423,pytorch,p99_latency,True,2,5,train
19,Float8WeightOnlyConfig,float8,8,False,True,pytorch_relative_p99_latency,2.1893620981376505,pytorch,p99_latency,True,2,5,train
20,Int8WeightOnlyConfig,int8,8,False,True,onnx_quantized_model_size,47768.0,onnx,model_size,False,2,5,train
21,Float8WeightOnlyConfig,float8,8,False,True,onnx_quantized_model_size,,onnx,model_size,False,2,5,train
22,Int8WeightOnlyConfig,int8,8,False,True,onnx_quantized_median_latency,0.00036599114537239075,onnx,median_latency,False,2,5,train
23,Float8WeightOnlyConfig,float8,8,False,True,onnx_quantized_median_latency,,onnx,median_latency,False,2,5,train
24,Int8WeightOnlyConfig,int8,8,False,True,onnx_quantized_p95_latency,0.00037826634943485257,onnx,p95_latency,False,2,5,train
25,Float8WeightOnlyConfig,float8,8,False,True,onnx_quantized_p95_latency,,onnx,p95_latency,False,2,5,train
26,Int8WeightOnlyConfig,int8,8,False,True,onnx_quantized_p99_latency,0.00038645174354314806,onnx,p99_latency,False,2,5,train
27,Float8WeightOnlyConfig,float8,8,False,True,onnx_quantized_p99_latency,,onnx,p99_latency,False,2,5,train
28,Int8WeightOnlyConfig,int8,8,False,True,onnx_relative_model_size,1.6765407833777903,onnx,model_size,True,2,5,train
29,Float8WeightOnlyConfig,float8,8,False,True,onnx_relative_model_size,,onnx,model_size,True,2,5,train
30,Int8WeightOnlyConfig,int8,8,False,True,onnx_relative_median_latency,1.136220385929811,onnx,median_latency,True,2,5,train
31,Float8WeightOnlyConfig,float8,8,False,True,onnx_relative_median_latency,,onnx,median_latency,True,2,5,train
32,Int8WeightOnlyConfig,int8,8,False,True,onnx_relative_p95_latency,1.1285010699855573,onnx,p95_latency,True,2,5,train
33,Float8WeightOnlyConfig,float8,8,False,True,onnx_relative_p95_latency,,onnx,p95_latency,True,2,5,train
34,Int8WeightOnlyConfig,int8,8,False,True,onnx_relative_p99_latency,1.1236870485206034,onnx,p99_latency,True,2,5,train
35,Float8WeightOnlyConfig,float8,8,False,True,onnx_relative_p99_latency,,onnx,p99_latency,True,2,5,train
36,Int8WeightOnlyConfig,int8,8,False,True,pt2_quantized_model_size,354081.0,pt2,model_size,False,2,5,train
37,Float8WeightOnlyConfig,float8,8,False,True,pt2_quantized_model_size,333281.0,pt2,model_size,False,2,5,train
38,Int8WeightOnlyConfig,int8,8,False,True,pt2_quantized_median_latency,0.00043346919119358063,pt2,median_latency,False,2,5,train
39,Float8WeightOnlyConfig,float8,8,False,True,pt2_quantized_median_latency,0.0003574192523956299,pt2,median_latency,False,2,5,train
40,Int8WeightOnlyConfig,int8,8,False,True,pt2_quantized_p95_latency,0.00045309159904718396,pt2,p95_latency,False,2,5,train
41,Float8WeightOnlyConfig,float8,8,False,True,pt2_quantized_p95_latency,0.0003718754276633262,pt2,p95_latency,False,2,5,train
42,Int8WeightOnlyConfig,int8,8,False,True,pt2_quantized_p99_latency,0.000555640049278736,pt2,p99_latency,False,2,5,train
43,Float8WeightOnlyConfig,float8,8,False,True,pt2_quantized_p99_latency,0.0004732751473784447,pt2,p99_latency,False,2,5,train
44,Int8WeightOnlyConfig,int8,8,False,True,pt2_relative_model_size,0.3979220633270587,pt2,model_size,True,2,5,train
45,Float8WeightOnlyConfig,float8,8,False,True,pt2_relative_model_size,0.3745466805270699,pt2,model_size,True,2,5,train
46,Int8WeightOnlyConfig,int8,8,False,True,pt2_relative_median_latency,0.9770225450270792,pt2,median_latency,True,2,5,train
47,Float8WeightOnlyConfig,float8,8,False,True,pt2_relative_median_latency,0.8056089676308829,pt2,median_latency,True,2,5,train
48,Int8WeightOnlyConfig,int8,8,False,True,pt2_relative_p95_latency,0.978922625208661,pt2,p95_latency,True,2,5,train
49,Float8WeightOnlyConfig,float8,8,False,True,pt2_relative_p95_latency,0.8034518200388588,pt2,p95_latency,True,2,5,train
50,Int8WeightOnlyConfig,int8,8,False,True,pt2_relative_p99_latency,0.9836806483448037,pt2,p99_latency,True,2,5,train
51,Float8WeightOnlyConfig,float8,8,False,True,pt2_relative_p99_latency,0.8378654570041041,pt2,p99_latency,True,2,5,train
0,Int8WeightOnlyConfig,int8,8,False,True,pytorch_quantized_MAE,7.612363429531553,pytorch,MAE,False,2,5,test
1,Float8WeightOnlyConfig,float8,8,False,True,pytorch_quantized_MAE,7.646879391746485,pytorch,MAE,False,2,5,test
2,Int8WeightOnlyConfig,int8,8,False,True,pytorch_relative_MAE,1.000228859933655,pytorch,MAE,True,2,5,test
3,Float8WeightOnlyConfig,float8,8,False,True,pytorch_relative_MAE,1.0047640955218329,pytorch,MAE,True,2,5,test
4,Int8WeightOnlyConfig,int8,8,False,True,pytorch_quantized_model_size,206337.0,pytorch,model_size,False,2,5,test
5,Float8WeightOnlyConfig,float8,8,False,True,pytorch_quantized_model_size,206337.0,pytorch,model_size,False,2,5,test
6,Int8WeightOnlyConfig,int8,8,False,True,pytorch_quantized_median_latency,0.0001912880688905716,pytorch,median_latency,False,2,5,test
7,Float8WeightOnlyConfig,float8,8,False,True,pytorch_quantized_median_latency,0.0002423170953989029,pytorch,median_latency,False,2,5,test
8,Int8WeightOnlyConfig,int8,8,False,True,pytorch_quantized_p95_latency,0.00019681695848703385,pytorch,p95_latency,False,2,5,test
9,Float8WeightOnlyConfig,float8,8,False,True,pytorch_quantized_p95_latency,0.000249130092561245,pytorch,p95_latency,False,2,5,test
10,Int8WeightOnlyConfig,int8,8,False,True,pytorch_quantized_p99_latency,0.00019939962774515152,pytorch,p99_latency,False,2,5,test
11,Float8WeightOnlyConfig,float8,8,False,True,pytorch_quantized_p99_latency,0.00025222189724445344,pytorch,p99_latency,False,2,5,test
12,Int8WeightOnlyConfig,int8,8,False,True,pytorch_relative_model_size,0.25,pytorch,model_size,True,2,5,test
13,Float8WeightOnlyConfig,float8,8,False,True,pytorch_relative_model_size,0.25,pytorch,model_size,True,2,5,test
14,Int8WeightOnlyConfig,int8,8,False,True,pytorch_relative_median_latency,2.290298840321142,pytorch,median_latency,True,2,5,test
15,Float8WeightOnlyConfig,float8,8,False,True,pytorch_relative_median_latency,2.901271186440678,pytorch,median_latency,True,2,5,test
16,Int8WeightOnlyConfig,int8,8,False,True,pytorch_relative_p95_latency,2.232947317258722,pytorch,p95_latency,True,2,5,test
17,Float8WeightOnlyConfig,float8,8,False,True,pytorch_relative_p95_latency,2.826455484879863,pytorch,p95_latency,True,2,5,test
18,Int8WeightOnlyConfig,int8,8,False,True,pytorch_relative_p99_latency,1.8248753549112076,pytorch,p99_latency,True,2,5,test
19,Float8WeightOnlyConfig,float8,8,False,True,pytorch_relative_p99_latency,2.308296808049291,pytorch,p99_latency,True,2,5,test
20,Int8WeightOnlyConfig,int8,8,False,True,onnx_quantized_model_size,47768.0,onnx,model_size,False,2,5,test
21,Float8WeightOnlyConfig,float8,8,False,True,onnx_quantized_model_size,,onnx,model_size,False,2,5,test
22,Int8WeightOnlyConfig,int8,8,False,True,onnx_quantized_median_latency,0.00036514177918434143,onnx,median_latency,False,2,5,test
23,Float8WeightOnlyConfig,float8,8,False,True,onnx_quantized_median_latency,,onnx,median_latency,False,2,5,test
24,Int8WeightOnlyConfig,int8,8,False,True,onnx_quantized_p95_latency,0.00037748441100120543,onnx,p95_latency,False,2,5,test
25,Float8WeightOnlyConfig,float8,8,False,True,onnx_quantized_p95_latency,,onnx,p95_latency,False,2,5,test
26,Int8WeightOnlyConfig,int8,8,False,True,onnx_quantized_p99_latency,0.0003848612681031227,onnx,p99_latency,False,2,5,test
27,Float8WeightOnlyConfig,float8,8,False,True,onnx_quantized_p99_latency,,onnx,p99_latency,False,2,5,test
28,Int8WeightOnlyConfig,int8,8,False,True,onnx_relative_model_size,1.6765407833777903,onnx,model_size,True,2,5,test
29,Float8WeightOnlyConfig,float8,8,False,True,onnx_relative_model_size,,onnx,model_size,True,2,5,test
30,Int8WeightOnlyConfig,int8,8,False,True,onnx_relative_median_latency,1.1311568111526566,onnx,median_latency,True,2,5,test
31,Float8WeightOnlyConfig,float8,8,False,True,onnx_relative_median_latency,,onnx,median_latency,True,2,5,test
32,Int8WeightOnlyConfig,int8,8,False,True,onnx_relative_p95_latency,1.1173452819463578,onnx,p95_latency,True,2,5,test
33,Float8WeightOnlyConfig,float8,8,False,True,onnx_relative_p95_latency,,onnx,p95_latency,True,2,5,test
34,Int8WeightOnlyConfig,int8,8,False,True,onnx_relative_p99_latency,1.1115814143808649,onnx,p99_latency,True,2,5,test
35,Float8WeightOnlyConfig,float8,8,False,True,onnx_relative_p99_latency,,onnx,p99_latency,True,2,5,test
36,Int8WeightOnlyConfig,int8,8,False,True,pt2_quantized_model_size,354081.0,pt2,model_size,False,2,5,test
37,Float8WeightOnlyConfig,float8,8,False,True,pt2_quantized_model_size,333281.0,pt2,model_size,False,2,5,test
38,Int8WeightOnlyConfig,int8,8,False,True,pt2_quantized_median_latency,0.0004328731447458267,pt2,median_latency,False,2,5,test
39,Float8WeightOnlyConfig,float8,8,False,True,pt2_quantized_median_latency,0.0003606155514717102,pt2,median_latency,False,2,5,test
40,Int8WeightOnlyConfig,int8,8,False,True,pt2_quantized_p95_latency,0.0004558935761451721,pt2,p95_latency,False,2,5,test
41,Float8WeightOnlyConfig,float8,8,False,True,pt2_quantized_p95_latency,0.00037599988281726836,pt2,p95_latency,False,2,5,test
42,Int8WeightOnlyConfig,int8,8,False,True,pt2_quantized_p99_latency,0.0005444069951772688,pt2,p99_latency,False,2,5,test
43,Float8WeightOnlyConfig,float8,8,False,True,pt2_quantized_p99_latency,0.0004899369925260544,pt2,p99_latency,False,2,5,test
44,Int8WeightOnlyConfig,int8,8,False,True,pt2_relative_model_size,0.3979220633270587,pt2,model_size,True,2,5,test
45,Float8WeightOnlyConfig,float8,8,False,True,pt2_relative_model_size,0.3745466805270699,pt2,model_size,True,2,5,test
46,Int8WeightOnlyConfig,int8,8,False,True,pt2_relative_median_latency,1.0328571936498907,pt2,median_latency,True,2,5,test
47,Float8WeightOnlyConfig,float8,8,False,True,pt2_relative_median_latency,0.8604469253879931,pt2,median_latency,True,2,5,test
48,Int8WeightOnlyConfig,int8,8,False,True,pt2_relative_p95_latency,1.0446992257677339,pt2,p95_latency,True,2,5,test
49,Float8WeightOnlyConfig,float8,8,False,True,pt2_relative_p95_latency,0.8616194809967573,pt2,p95_latency,True,2,5,test
50,Int8WeightOnlyConfig,int8,8,False,True,pt2_relative_p99_latency,1.0611970824333483,pt2,p99_latency,True,2,5,test
51,Float8WeightOnlyConfig,float8,8,False,True,pt2_relative_p99_latency,0.9550202544247669,pt2,p99_latency,True,2,5,test
0,Int8WeightOnlyConfig,int8,8,False,True,pytorch_quantized_MAE,7.569088004378371,pytorch,MAE,False,2,6,train
1,Float8WeightOnlyConfig,float8,8,False,True,pytorch_quantized_MAE,7.6085836024702305,pytorch,MAE,False,2,6,train
2,Int8WeightOnlyConfig,int8,8,False,True,pytorch_relative_MAE,1.0001598355839767,pytorch,MAE,True,2,6,train
3,Float8WeightOnlyConfig,float8,8,False,True,pytorch_relative_MAE,1.0053786824081905,pytorch,MAE,True,2,6,train
4,Int8WeightOnlyConfig,int8,8,False,True,pytorch_quantized_model_size,206337.0,pytorch,model_size,False,2,6,train
5,Float8WeightOnlyConfig,float8,8,False,True,pytorch_quantized_model_size,206337.0,pytorch,model_size,False,2,6,train
6,Int8WeightOnlyConfig,int8,8,False,True,pytorch_quantized_median_latency,0.00019582174718379974,pytorch,median_latency,False,2,6,train
7,Float8WeightOnlyConfig,float8,8,False,True,pytorch_quantized_median_latency,0.0002463143318891525,pytorch,median_latency,False,2,6,train
8,Int8WeightOnlyConfig,int8,8,False,True,pytorch_quantized_p95_latency,0.00020188353955745696,pytorch,p95_latency,False,2,6,train
9,Float8WeightOnlyConfig,float8,8,False,True,pytorch_quantized_p95_latency,0.0002539016306400299,pytorch,p95_latency,False,2,6,train
10,Int8WeightOnlyConfig,int8,8,False,True,pytorch_quantized_p99_latency,0.00020596072077751158,pytorch,p99_latency,False,2,6,train
11,Float8WeightOnlyConfig,float8,8,False,True,pytorch_quantized_p99_latency,0.00026289686560630797,pytorch,p99_latency,False,2,6,train
12,Int8WeightOnlyConfig,int8,8,False,True,pytorch_relative_model_size,0.25,pytorch,model_size,True,2,6,train
13,Float8WeightOnlyConfig,float8,8,False,True,pytorch_relative_model_size,0.25,pytorch,model_size,True,2,6,train
14,Int8WeightOnlyConfig,int8,8,False,True,pytorch_relative_median_latency,1.8084253620944715,pytorch,median_latency,True,2,6,train
15,Float8WeightOnlyConfig,float8,8,False,True,pytorch_relative_median_latency,2.274727354044105,pytorch,median_latency,True,2,6,train
16,Int8WeightOnlyConfig,int8,8,False,True,pytorch_relative_p95_latency,1.7886914388693418,pytorch,p95_latency,True,2,6,train
17,Float8WeightOnlyConfig,float8,8,False,True,pytorch_relative_p95_latency,2.2495725705836143,pytorch,p95_latency,True,2,6,train
18,Int8WeightOnlyConfig,int8,8,False,True,pytorch_relative_p99_latency,1.7903739706601924,pytorch,p99_latency,True,2,6,train
19,Float8WeightOnlyConfig,float8,8,False,True,pytorch_relative_p99_latency,2.285308108132614,pytorch,p99_latency,True,2,6,train
20,Int8WeightOnlyConfig,int8,8,False,True,onnx_quantized_model_size,47768.0,onnx,model_size,False,2,6,train
21,Float8WeightOnlyConfig,float8,8,False,True,onnx_quantized_model_size,,onnx,model_size,False,2,6,train
22,Int8WeightOnlyConfig,int8,8,False,True,onnx_quantized_median_latency,0.0003635380417108536,onnx,median_latency,False,2,6,train
23,Float8WeightOnlyConfig,float8,8,False,True,onnx_quantized_median_latency,,onnx,median_latency,False,2,6,train
24,Int8WeightOnlyConfig,int8,8,False,True,onnx_quantized_p95_latency,0.00037453118711709975,onnx,p95_latency,False,2,6,train
25,Float8WeightOnlyConfig,float8,8,False,True,onnx_quantized_p95_latency,,onnx,p95_latency,False,2,6,train
26,Int8WeightOnlyConfig,int8,8,False,True,onnx_quantized_p99_latency,0.0003806261718273163,onnx,p99_latency,False,2,6,train
27,Float8WeightOnlyConfig,float8,8,False,True,onnx_quantized_p99_latency,,onnx,p99_latency,False,2,6,train
28,Int8WeightOnlyConfig,int8,8,False,True,onnx_relative_model_size,1.6765407833777903,onnx,model_size,True,2,6,train
29,Float8WeightOnlyConfig,float8,8,False,True,onnx_relative_model_size,,onnx,model_size,True,2,6,train
30,Int8WeightOnlyConfig,int8,8,False,True,onnx_relative_median_latency,1.1232138027082865,onnx,median_latency,True,2,6,train
31,Float8WeightOnlyConfig,float8,8,False,True,onnx_relative_median_latency,,onnx,median_latency,True,2,6,train
32,Int8WeightOnlyConfig,int8,8,False,True,onnx_relative_p95_latency,1.1040985784946804,onnx,p95_latency,True,2,6,train
33,Float8WeightOnlyConfig,float8,8,False,True,onnx_relative_p95_latency,,onnx,p95_latency,True,2,6,train
34,Int8WeightOnlyConfig,int8,8,False,True,onnx_relative_p99_latency,0.966187180163186,onnx,p99_latency,True,2,6,train
35,Float8WeightOnlyConfig,float8,8,False,True,onnx_relative_p99_latency,,onnx,p99_latency,True,2,6,train
36,Int8WeightOnlyConfig,int8,8,False,True,pt2_quantized_model_size,354081.0,pt2,model_size,False,2,6,train
37,Float8WeightOnlyConfig,float8,8,False,True,pt2_quantized_model_size,333281.0,pt2,model_size,False,2,6,train
38,Int8WeightOnlyConfig,int8,8,False,True,pt2_quantized_median_latency,0.0004400070756673813,pt2,median_latency,False,2,6,train
39,Float8WeightOnlyConfig,float8,8,False,True,pt2_quantized_median_latency,0.0003614705055952072,pt2,median_latency,False,2,6,train
40,Int8WeightOnlyConfig,int8,8,False,True,pt2_quantized_p95_latency,0.0004581276327371597,pt2,p95_latency,False,2,6,train
41,Float8WeightOnlyConfig,float8,8,False,True,pt2_quantized_p95_latency,0.000377948023378849,pt2,p95_latency,False,2,6,train
42,Int8WeightOnlyConfig,int8,8,False,True,pt2_quantized_p99_latency,0.0005722476914525031,pt2,p99_latency,False,2,6,train
43,Float8WeightOnlyConfig,float8,8,False,True,pt2_quantized_p99_latency,0.0004932105913758277,pt2,p99_latency,False,2,6,train
44,Int8WeightOnlyConfig,int8,8,False,True,pt2_relative_model_size,0.3979220633270587,pt2,model_size,True,2,6,train
45,Float8WeightOnlyConfig,float8,8,False,True,pt2_relative_model_size,0.3745466805270699,pt2,model_size,True,2,6,train
46,Int8WeightOnlyConfig,int8,8,False,True,pt2_relative_median_latency,0.9851165157050159,pt2,median_latency,True,2,6,train
47,Float8WeightOnlyConfig,float8,8,False,True,pt2_relative_median_latency,0.8092837244991576,pt2,median_latency,True,2,6,train
48,Int8WeightOnlyConfig,int8,8,False,True,pt2_relative_p95_latency,0.973285203698838,pt2,p95_latency,True,2,6,train
49,Float8WeightOnlyConfig,float8,8,False,True,pt2_relative_p95_latency,0.8029448403364537,pt2,p95_latency,True,2,6,train
50,Int8WeightOnlyConfig,int8,8,False,True,pt2_relative_p99_latency,0.978454787200839,pt2,p99_latency,True,2,6,train
51,Float8WeightOnlyConfig,float8,8,False,True,pt2_relative_p99_latency,0.843313606045172,pt2,p99_latency,True,2,6,train
0,Int8WeightOnlyConfig,int8,8,False,True,pytorch_quantized_MAE,7.5608288575654194,pytorch,MAE,False,2,6,test
1,Float8WeightOnlyConfig,float8,8,False,True,pytorch_quantized_MAE,7.603773639208846,pytorch,MAE,False,2,6,test
2,Int8WeightOnlyConfig,int8,8,False,True,pytorch_relative_MAE,1.000098046363793,pytorch,MAE,True,2,6,test
3,Float8WeightOnlyConfig,float8,8,False,True,pytorch_relative_MAE,1.0057785072011172,pytorch,MAE,True,2,6,test
4,Int8WeightOnlyConfig,int8,8,False,True,pytorch_quantized_model_size,206337.0,pytorch,model_size,False,2,6,test
5,Float8WeightOnlyConfig,float8,8,False,True,pytorch_quantized_model_size,206337.0,pytorch,model_size,False,2,6,test
6,Int8WeightOnlyConfig,int8,8,False,True,pytorch_quantized_median_latency,0.0001921970397233963,pytorch,median_latency,False,2,6,test
7,Float8WeightOnlyConfig,float8,8,False,True,pytorch_quantized_median_latency,0.00024116598069667816,pytorch,median_latency,False,2,6,test
8,Int8WeightOnlyConfig,int8,8,False,True,pytorch_quantized_p95_latency,0.0001975901424884796,pytorch,p95_latency,False,2,6,test
9,Float8WeightOnlyConfig,float8,8,False,True,pytorch_quantized_p95_latency,0.00024710278958082197,pytorch,p95_latency,False,2,6,test
10,Int8WeightOnlyConfig,int8,8,False,True,pytorch_quantized_p99_latency,0.00020193632692098616,pytorch,p99_latency,False,2,6,test
11,Float8WeightOnlyConfig,float8,8,False,True,pytorch_quantized_p99_latency,0.00024886738508939744,pytorch,p99_latency,False,2,6,test
12,Int8WeightOnlyConfig,int8,8,False,True,pytorch_relative_model_size,0.25,pytorch,model_size,True,2,6,test
13,Float8WeightOnlyConfig,float8,8,False,True,pytorch_relative_model_size,0.25,pytorch,model_size,True,2,6,test
14,Int8WeightOnlyConfig,int8,8,False,True,pytorch_relative_median_latency,1.776478892638248,pytorch,median_latency,True,2,6,test
15,Float8WeightOnlyConfig,float8,8,False,True,pytorch_relative_median_latency,2.2290992355898354,pytorch,median_latency,True,2,6,test
16,Int8WeightOnlyConfig,int8,8,False,True,pytorch_relative_p95_latency,1.7552692627168844,pytorch,p95_latency,True,2,6,test
17,Float8WeightOnlyConfig,float8,8,False,True,pytorch_relative_p95_latency,2.1951091578776674,pytorch,p95_latency,True,2,6,test
18,Int8WeightOnlyConfig,int8,8,False,True,pytorch_relative_p99_latency,1.7752116884511897,pytorch,p99_latency,True,2,6,test
19,Float8WeightOnlyConfig,float8,8,False,True,pytorch_relative_p99_latency,2.1877801662592713,pytorch,p99_latency,True,2,6,test
20,Int8WeightOnlyConfig,int8,8,False,True,onnx_quantized_model_size,47768.0,onnx,model_size,False,2,6,test
21,Float8WeightOnlyConfig,float8,8,False,True,onnx_quantized_model_size,,onnx,model_size,False,2,6,test
22,Int8WeightOnlyConfig,int8,8,False,True,onnx_quantized_median_latency,0.000364694744348526,onnx,median_latency,False,2,6,test
23,Float8WeightOnlyConfig,float8,8,False,True,onnx_quantized_median_latency,,onnx,median_latency,False,2,6,test
24,Int8WeightOnlyConfig,int8,8,False,True,onnx_quantized_p95_latency,0.00037515610456466674,onnx,p95_latency,False,2,6,test
25,Float8WeightOnlyConfig,float8,8,False,True,onnx_quantized_p95_latency,,onnx,p95_latency,False,2,6,test
26,Int8WeightOnlyConfig,int8,8,False,True,onnx_quantized_p99_latency,0.00038090664893388745,onnx,p99_latency,False,2,6,test
27,Float8WeightOnlyConfig,float8,8,False,True,onnx_quantized_p99_latency,,onnx,p99_latency,False,2,6,test
28,Int8WeightOnlyConfig,int8,8,False,True,onnx_relative_model_size,1.6765407833777903,onnx,model_size,True,2,6,test
29,Float8WeightOnlyConfig,float8,8,False,True,onnx_relative_model_size,,onnx,model_size,True,2,6,test
30,Int8WeightOnlyConfig,int8,8,False,True,onnx_relative_median_latency,1.1310250011553213,onnx,median_latency,True,2,6,test
31,Float8WeightOnlyConfig,float8,8,False,True,onnx_relative_median_latency,,onnx,median_latency,True,2,6,test
32,Int8WeightOnlyConfig,int8,8,False,True,onnx_relative_p95_latency,1.1167856863635532,onnx,p95_latency,True,2,6,test
33,Float8WeightOnlyConfig,float8,8,False,True,onnx_relative_p95_latency,,onnx,p95_latency,True,2,6,test
34,Int8WeightOnlyConfig,int8,8,False,True,onnx_relative_p99_latency,1.107211193300133,onnx,p99_latency,True,2,6,test
35,Float8WeightOnlyConfig,float8,8,False,True,onnx_relative_p99_latency,,onnx,p99_latency,True,2,6,test
36,Int8WeightOnlyConfig,int8,8,False,True,pt2_quantized_model_size,354081.0,pt2,model_size,False,2,6,test
37,Float8WeightOnlyConfig,float8,8,False,True,pt2_quantized_model_size,333281.0,pt2,model_size,False,2,6,test
38,Int8WeightOnlyConfig,int8,8,False,True,pt2_quantized_median_latency,0.00043177418410778046,pt2,median_latency,False,2,6,test
39,Float8WeightOnlyConfig,float8,8,False,True,pt2_quantized_median_latency,0.0003564581274986267,pt2,median_latency,False,2,6,test
40,Int8WeightOnlyConfig,int8,8,False,True,pt2_quantized_p95_latency,0.0004521006718277931,pt2,p95_latency,False,2,6,test
41,Float8WeightOnlyConfig,float8,8,False,True,pt2_quantized_p95_latency,0.0003719143569469452,pt2,p95_latency,False,2,6,test
42,Int8WeightOnlyConfig,int8,8,False,True,pt2_quantized_p99_latency,0.0005616303905844688,pt2,p99_latency,False,2,6,test
43,Float8WeightOnlyConfig,float8,8,False,True,pt2_quantized_p99_latency,0.0004832131415605544,pt2,p99_latency,False,2,6,test
44,Int8WeightOnlyConfig,int8,8,False,True,pt2_relative_model_size,0.3979220633270587,pt2,model_size,True,2,6,test
45,Float8WeightOnlyConfig,float8,8,False,True,pt2_relative_model_size,0.3745466805270699,pt2,model_size,True,2,6,test
46,Int8WeightOnlyConfig,int8,8,False,True,pt2_relative_median_latency,0.9971608873517531,pt2,median_latency,True,2,6,test
47,Float8WeightOnlyConfig,float8,8,False,True,pt2_relative_median_latency,0.823222220788327,pt2,median_latency,True,2,6,test
48,Int8WeightOnlyConfig,int8,8,False,True,pt2_relative_p95_latency,1.0080889770866308,pt2,p95_latency,True,2,6,test
49,Float8WeightOnlyConfig,float8,8,False,True,pt2_relative_p95_latency,0.8292904368903208,pt2,p95_latency,True,2,6,test
50,Int8WeightOnlyConfig,int8,8,False,True,pt2_relative_p99_latency,1.0235012570962427,pt2,p99_latency,True,2,6,test
51,Float8WeightOnlyConfig,float8,8,False,True,pt2_relative_p99_latency,0.8805956125664274,pt2,p99_latency,True,2,6,test
0,Int8WeightOnlyConfig,int8,8,False,True,pytorch_quantized_MAE,7.573494724002116,pytorch,MAE,False,2,7,train
1,Float8WeightOnlyConfig,float8,8,False,True,pytorch_quantized_MAE,7.616113975883252,pytorch,MAE,False,2,7,train
2,Int8WeightOnlyConfig,int8,8,False,True,pytorch_relative_MAE,1.0000808078287309,pytorch,MAE,True,2,7,train
3,Float8WeightOnlyConfig,float8,8,False,True,pytorch_relative_MAE,1.005708684707718,pytorch,MAE,True,2,7,train
4,Int8WeightOnlyConfig,int8,8,False,True,pytorch_quantized_model_size,206337.0,pytorch,model_size,False,2,7,train
5,Float8WeightOnlyConfig,float8,8,False,True,pytorch_quantized_model_size,206337.0,pytorch,model_size,False,2,7,train
6,Int8WeightOnlyConfig,int8,8,False,True,pytorch_quantized_median_latency,0.000189146026968956,pytorch,median_latency,False,2,7,train
7,Float8WeightOnlyConfig,float8,8,False,True,pytorch_quantized_median_latency,0.00023372285068035126,pytorch,median_latency,False,2,7,train
8,Int8WeightOnlyConfig,int8,8,False,True,pytorch_quantized_p95_latency,0.00019465181976556777,pytorch,p95_latency,False,2,7,train
9,Float8WeightOnlyConfig,float8,8,False,True,pytorch_quantized_p95_latency,0.00023974496871232988,pytorch,p95_latency,False,2,7,train
10,Int8WeightOnlyConfig,int8,8,False,True,pytorch_quantized_p99_latency,0.00019650608301162719,pytorch,p99_latency,False,2,7,train
11,Float8WeightOnlyConfig,float8,8,False,True,pytorch_quantized_p99_latency,0.00024342045187950134,pytorch,p99_latency,False,2,7,train
12,Int8WeightOnlyConfig,int8,8,False,True,pytorch_relative_model_size,0.25,pytorch,model_size,True,2,7,train
13,Float8WeightOnlyConfig,float8,8,False,True,pytorch_relative_model_size,0.25,pytorch,model_size,True,2,7,train
14,Int8WeightOnlyConfig,int8,8,False,True,pytorch_relative_median_latency,1.7437451704301536,pytorch,median_latency,True,2,7,train
15,Float8WeightOnlyConfig,float8,8,False,True,pytorch_relative_median_latency,2.1547007813170773,pytorch,median_latency,True,2,7,train
16,Int8WeightOnlyConfig,int8,8,False,True,pytorch_relative_p95_latency,1.717249912907445,pytorch,p95_latency,True,2,7,train
17,Float8WeightOnlyConfig,float8,8,False,True,pytorch_relative_p95_latency,2.1150689838763745,pytorch,p95_latency,True,2,7,train
18,Int8WeightOnlyConfig,int8,8,False,True,pytorch_relative_p99_latency,1.6381927369972888,pytorch,p99_latency,True,2,7,train
19,Float8WeightOnlyConfig,float8,8,False,True,pytorch_relative_p99_latency,2.0292990944305886,pytorch,p99_latency,True,2,7,train
20,Int8WeightOnlyConfig,int8,8,False,True,onnx_quantized_model_size,47768.0,onnx,model_size,False,2,7,train
21,Float8WeightOnlyConfig,float8,8,False,True,onnx_quantized_model_size,,onnx,model_size,False,2,7,train
22,Int8WeightOnlyConfig,int8,8,False,True,onnx_quantized_median_latency,0.0003653932362794876,onnx,median_latency,False,2,7,train
23,Float8WeightOnlyConfig,float8,8,False,True,onnx_quantized_median_latency,,onnx,median_latency,False,2,7,train
24,Int8WeightOnlyConfig,int8,8,False,True,onnx_quantized_p95_latency,0.0003751387819647789,onnx,p95_latency,False,2,7,train
25,Float8WeightOnlyConfig,float8,8,False,True,onnx_quantized_p95_latency,,onnx,p95_latency,False,2,7,train
26,Int8WeightOnlyConfig,int8,8,False,True,onnx_quantized_p99_latency,0.00037998370826244356,onnx,p99_latency,False,2,7,train
27,Float8WeightOnlyConfig,float8,8,False,True,onnx_quantized_p99_latency,,onnx,p99_latency,False,2,7,train
28,Int8WeightOnlyConfig,int8,8,False,True,onnx_relative_model_size,1.6765407833777903,onnx,model_size,True,2,7,train
29,Float8WeightOnlyConfig,float8,8,False,True,onnx_relative_model_size,,onnx,model_size,True,2,7,train
30,Int8WeightOnlyConfig,int8,8,False,True,onnx_relative_median_latency,1.1325043153962948,onnx,median_latency,True,2,7,train
31,Float8WeightOnlyConfig,float8,8,False,True,onnx_relative_median_latency,,onnx,median_latency,True,2,7,train
32,Int8WeightOnlyConfig,int8,8,False,True,onnx_relative_p95_latency,1.1036571732940534,onnx,p95_latency,True,2,7,train
33,Float8WeightOnlyConfig,float8,8,False,True,onnx_relative_p95_latency,,onnx,p95_latency,True,2,7,train
34,Int8WeightOnlyConfig,int8,8,False,True,onnx_relative_p99_latency,1.0936671884403628,onnx,p99_latency,True,2,7,train
35,Float8WeightOnlyConfig,float8,8,False,True,onnx_relative_p99_latency,,onnx,p99_latency,True,2,7,train
36,Int8WeightOnlyConfig,int8,8,False,True,pt2_quantized_model_size,354081.0,pt2,model_size,False,2,7,train
37,Float8WeightOnlyConfig,float8,8,False,True,pt2_quantized_model_size,333281.0,pt2,model_size,False,2,7,train
38,Int8WeightOnlyConfig,int8,8,False,True,pt2_quantized_median_latency,0.0004316996783018112,pt2,median_latency,False,2,7,train
39,Float8WeightOnlyConfig,float8,8,False,True,pt2_quantized_median_latency,0.0003558751195669174,pt2,median_latency,False,2,7,train
40,Int8WeightOnlyConfig,int8,8,False,True,pt2_quantized_p95_latency,0.0004542175680398941,pt2,p95_latency,False,2,7,train
41,Float8WeightOnlyConfig,float8,8,False,True,pt2_quantized_p95_latency,0.00037302635610103607,pt2,p95_latency,False,2,7,train
42,Int8WeightOnlyConfig,int8,8,False,True,pt2_quantized_p99_latency,0.0005710037052631378,pt2,p99_latency,False,2,7,train
43,Float8WeightOnlyConfig,float8,8,False,True,pt2_quantized_p99_latency,0.0004810133948922156,pt2,p99_latency,False,2,7,train
44,Int8WeightOnlyConfig,int8,8,False,True,pt2_relative_model_size,0.3979220633270587,pt2,model_size,True,2,7,train
45,Float8WeightOnlyConfig,float8,8,False,True,pt2_relative_model_size,0.3745466805270699,pt2,model_size,True,2,7,train
46,Int8WeightOnlyConfig,int8,8,False,True,pt2_relative_median_latency,0.9768152468938078,pt2,median_latency,True,2,7,train
47,Float8WeightOnlyConfig,float8,8,False,True,pt2_relative_median_latency,0.8052455451219718,pt2,median_latency,True,2,7,train
48,Int8WeightOnlyConfig,int8,8,False,True,pt2_relative_p95_latency,0.9846788114701971,pt2,p95_latency,True,2,7,train
49,Float8WeightOnlyConfig,float8,8,False,True,pt2_relative_p95_latency,0.8086678605534817,pt2,p95_latency,True,2,7,train
50,Int8WeightOnlyConfig,int8,8,False,True,pt2_relative_p99_latency,0.9981299752202343,pt2,p99_latency,True,2,7,train
51,Float8WeightOnlyConfig,float8,8,False,True,pt2_relative_p99_latency,0.8408244701373965,pt2,p99_latency,True,2,7,train
0,Int8WeightOnlyConfig,int8,8,False,True,pytorch_quantized_MAE,7.530654555542337,pytorch,MAE,False,2,7,test
1,Float8WeightOnlyConfig,float8,8,False,True,pytorch_quantized_MAE,7.574763724182645,pytorch,MAE,False,2,7,test
2,Int8WeightOnlyConfig,int8,8,False,True,pytorch_relative_MAE,0.9999189014073719,pytorch,MAE,True,2,7,test
3,Float8WeightOnlyConfig,float8,8,False,True,pytorch_relative_MAE,1.0057757085578671,pytorch,MAE,True,2,7,test
4,Int8WeightOnlyConfig,int8,8,False,True,pytorch_quantized_model_size,206337.0,pytorch,model_size,False,2,7,test
5,Float8WeightOnlyConfig,float8,8,False,True,pytorch_quantized_model_size,206337.0,pytorch,model_size,False,2,7,test
6,Int8WeightOnlyConfig,int8,8,False,True,pytorch_quantized_median_latency,0.00019847974181175232,pytorch,median_latency,False,2,7,test
7,Float8WeightOnlyConfig,float8,8,False,True,pytorch_quantized_median_latency,0.00025187432765960693,pytorch,median_latency,False,2,7,test
8,Int8WeightOnlyConfig,int8,8,False,True,pytorch_quantized_p95_latency,0.0002039942890405655,pytorch,p95_latency,False,2,7,test
9,Float8WeightOnlyConfig,float8,8,False,True,pytorch_quantized_p95_latency,0.00025732982903718947,pytorch,p95_latency,False,2,7,test
10,Int8WeightOnlyConfig,int8,8,False,True,pytorch_quantized_p99_latency,0.00020687766373157502,pytorch,p99_latency,False,2,7,test
11,Float8WeightOnlyConfig,float8,8,False,True,pytorch_quantized_p99_latency,0.0002589869499206543,pytorch,p99_latency,False,2,7,test
12,Int8WeightOnlyConfig,int8,8,False,True,pytorch_relative_model_size,0.25,pytorch,model_size,True,2,7,test
13,Float8WeightOnlyConfig,float8,8,False,True,pytorch_relative_model_size,0.25,pytorch,model_size,True,2,7,test
14,Int8WeightOnlyConfig,int8,8,False,True,pytorch_relative_median_latency,2.3652224096599483,pytorch,median_latency,True,2,7,test
15,Float8WeightOnlyConfig,float8,8,False,True,pytorch_relative_median_latency,3.0015093669537425,pytorch,median_latency,True,2,7,test
16,Int8WeightOnlyConfig,int8,8,False,True,pytorch_relative_p95_latency,2.308916385040763,pytorch,p95_latency,True,2,7,test
17,Float8WeightOnlyConfig,float8,8,False,True,pytorch_relative_p95_latency,2.9125965310997217,pytorch,p95_latency,True,2,7,test
18,Int8WeightOnlyConfig,int8,8,False,True,pytorch_relative_p99_latency,2.300037441208192,pytorch,p99_latency,True,2,7,test
19,Float8WeightOnlyConfig,float8,8,False,True,pytorch_relative_p99_latency,2.879381325451904,pytorch,p99_latency,True,2,7,test
20,Int8WeightOnlyConfig,int8,8,False,True,onnx_quantized_model_size,47768.0,onnx,model_size,False,2,7,test
21,Float8WeightOnlyConfig,float8,8,False,True,onnx_quantized_model_size,,onnx,model_size,False,2,7,test
22,Int8WeightOnlyConfig,int8,8,False,True,onnx_quantized_median_latency,0.00036663562059402466,onnx,median_latency,False,2,7,test
23,Float8WeightOnlyConfig,float8,8,False,True,onnx_quantized_median_latency,,onnx,median_latency,False,2,7,test
24,Int8WeightOnlyConfig,int8,8,False,True,onnx_quantized_p95_latency,0.00037808995693922043,onnx,p95_latency,False,2,7,test
25,Float8WeightOnlyConfig,float8,8,False,True,onnx_quantized_p95_latency,,onnx,p95_latency,False,2,7,test
26,Int8WeightOnlyConfig,int8,8,False,True,onnx_quantized_p99_latency,0.0003841691091656685,onnx,p99_latency,False,2,7,test
27,Float8WeightOnlyConfig,float8,8,False,True,onnx_quantized_p99_latency,,onnx,p99_latency,False,2,7,test
28,Int8WeightOnlyConfig,int8,8,False,True,onnx_relative_model_size,1.6765407833777903,onnx,model_size,True,2,7,test
29,Float8WeightOnlyConfig,float8,8,False,True,onnx_relative_model_size,,onnx,model_size,True,2,7,test
30,Int8WeightOnlyConfig,int8,8,False,True,onnx_relative_median_latency,1.1417467618721686,onnx,median_latency,True,2,7,test
31,Float8WeightOnlyConfig,float8,8,False,True,onnx_relative_median_latency,,onnx,median_latency,True,2,7,test
32,Int8WeightOnlyConfig,int8,8,False,True,onnx_relative_p95_latency,1.136735532747042,onnx,p95_latency,True,2,7,test
33,Float8WeightOnlyConfig,float8,8,False,True,onnx_relative_p95_latency,,onnx,p95_latency,True,2,7,test
34,Int8WeightOnlyConfig,int8,8,False,True,onnx_relative_p99_latency,1.1296822012569454,onnx,p99_latency,True,2,7,test
35,Float8WeightOnlyConfig,float8,8,False,True,onnx_relative_p99_latency,,onnx,p99_latency,True,2,7,test
36,Int8WeightOnlyConfig,int8,8,False,True,pt2_quantized_model_size,354081.0,pt2,model_size,False,2,7,test
37,Float8WeightOnlyConfig,float8,8,False,True,pt2_quantized_model_size,333281.0,pt2,model_size,False,2,7,test
38,Int8WeightOnlyConfig,int8,8,False,True,pt2_quantized_median_latency,0.0004419703036546707,pt2,median_latency,False,2,7,test
39,Float8WeightOnlyConfig,float8,8,False,True,pt2_quantized_median_latency,0.0003631971776485443,pt2,median_latency,False,2,7,test
40,Int8WeightOnlyConfig,int8,8,False,True,pt2_quantized_p95_latency,0.00045939423143863677,pt2,p95_latency,False,2,7,test
41,Float8WeightOnlyConfig,float8,8,False,True,pt2_quantized_p95_latency,0.00037833452224731443,pt2,p95_latency,False,2,7,test
42,Int8WeightOnlyConfig,int8,8,False,True,pt2_quantized_p99_latency,0.000556991770863533,pt2,p99_latency,False,2,7,test
43,Float8WeightOnlyConfig,float8,8,False,True,pt2_quantized_p99_latency,0.00048291113227605804,pt2,p99_latency,False,2,7,test
44,Int8WeightOnlyConfig,int8,8,False,True,pt2_relative_model_size,0.3979220633270587,pt2,model_size,True,2,7,test
45,Float8WeightOnlyConfig,float8,8,False,True,pt2_relative_model_size,0.3745466805270699,pt2,model_size,True,2,7,test
46,Int8WeightOnlyConfig,int8,8,False,True,pt2_relative_median_latency,0.9825788444974491,pt2,median_latency,True,2,7,test
47,Float8WeightOnlyConfig,float8,8,False,True,pt2_relative_median_latency,0.8074521301265487,pt2,median_latency,True,2,7,test
48,Int8WeightOnlyConfig,int8,8,False,True,pt2_relative_p95_latency,0.9824995966593434,pt2,p95_latency,True,2,7,test
49,Float8WeightOnlyConfig,float8,8,False,True,pt2_relative_p95_latency,0.8091384046034613,pt2,p95_latency,True,2,7,test
50,Int8WeightOnlyConfig,int8,8,False,True,pt2_relative_p99_latency,0.9860905853743728,pt2,p99_latency,True,2,7,test
51,Float8WeightOnlyConfig,float8,8,False,True,pt2_relative_p99_latency,0.8549392397155724,pt2,p99_latency,True,2,7,test
0,Int8WeightOnlyConfig,int8,8,False,True,pytorch_quantized_MAE,7.620126476784553,pytorch,MAE,False,2,8,train
1,Float8WeightOnlyConfig,float8,8,False,True,pytorch_quantized_MAE,7.663490758708289,pytorch,MAE,False,2,8,train
2,Int8WeightOnlyConfig,int8,8,False,True,pytorch_relative_MAE,1.000071016707949,pytorch,MAE,True,2,8,train
3,Float8WeightOnlyConfig,float8,8,False,True,pytorch_relative_MAE,1.0057621770376894,pytorch,MAE,True,2,8,train
4,Int8WeightOnlyConfig,int8,8,False,True,pytorch_quantized_model_size,206337.0,pytorch,model_size,False,2,8,train
5,Float8WeightOnlyConfig,float8,8,False,True,pytorch_quantized_model_size,206337.0,pytorch,model_size,False,2,8,train
6,Int8WeightOnlyConfig,int8,8,False,True,pytorch_quantized_median_latency,0.00019178353250026703,pytorch,median_latency,False,2,8,train
7,Float8WeightOnlyConfig,float8,8,False,True,pytorch_quantized_median_latency,0.00023753754794597626,pytorch,median_latency,False,2,8,train
8,Int8WeightOnlyConfig,int8,8,False,True,pytorch_quantized_p95_latency,0.00019748657941818235,pytorch,p95_latency,False,2,8,train
9,Float8WeightOnlyConfig,float8,8,False,True,pytorch_quantized_p95_latency,0.0002442833036184311,pytorch,p95_latency,False,2,8,train
10,Int8WeightOnlyConfig,int8,8,False,True,pytorch_quantized_p99_latency,0.00020525407046079633,pytorch,p99_latency,False,2,8,train
11,Float8WeightOnlyConfig,float8,8,False,True,pytorch_quantized_p99_latency,0.00024862144142389297,pytorch,p99_latency,False,2,8,train
12,Int8WeightOnlyConfig,int8,8,False,True,pytorch_relative_model_size,0.25,pytorch,model_size,True,2,8,train
13,Float8WeightOnlyConfig,float8,8,False,True,pytorch_relative_model_size,0.25,pytorch,model_size,True,2,8,train
14,Int8WeightOnlyConfig,int8,8,False,True,pytorch_relative_median_latency,1.7462603032461586,pytorch,median_latency,True,2,8,train
15,Float8WeightOnlyConfig,float8,8,False,True,pytorch_relative_median_latency,2.162867609646891,pytorch,median_latency,True,2,8,train
16,Int8WeightOnlyConfig,int8,8,False,True,pytorch_relative_p95_latency,1.7265745608035485,pytorch,p95_latency,True,2,8,train
17,Float8WeightOnlyConfig,float8,8,False,True,pytorch_relative_p95_latency,2.1357063295097025,pytorch,p95_latency,True,2,8,train
18,Int8WeightOnlyConfig,int8,8,False,True,pytorch_relative_p99_latency,1.7759942881916742,pytorch,p99_latency,True,2,8,train
19,Float8WeightOnlyConfig,float8,8,False,True,pytorch_relative_p99_latency,2.1512375316091537,pytorch,p99_latency,True,2,8,train
20,Int8WeightOnlyConfig,int8,8,False,True,onnx_quantized_model_size,47768.0,onnx,model_size,False,2,8,train
21,Float8WeightOnlyConfig,float8,8,False,True,onnx_quantized_model_size,,onnx,model_size,False,2,8,train
22,Int8WeightOnlyConfig,int8,8,False,True,onnx_quantized_median_latency,0.0003661736845970154,onnx,median_latency,False,2,8,train
23,Float8WeightOnlyConfig,float8,8,False,True,onnx_quantized_median_latency,,onnx,median_latency,False,2,8,train
24,Int8WeightOnlyConfig,int8,8,False,True,onnx_quantized_p95_latency,0.000376589223742485,onnx,p95_latency,False,2,8,train
25,Float8WeightOnlyConfig,float8,8,False,True,onnx_quantized_p95_latency,,onnx,p95_latency,False,2,8,train
26,Int8WeightOnlyConfig,int8,8,False,True,onnx_quantized_p99_latency,0.0003817661479115486,onnx,p99_latency,False,2,8,train
27,Float8WeightOnlyConfig,float8,8,False,True,onnx_quantized_p99_latency,,onnx,p99_latency,False,2,8,train
28,Int8WeightOnlyConfig,int8,8,False,True,onnx_relative_model_size,1.6765407833777903,onnx,model_size,True,2,8,train
29,Float8WeightOnlyConfig,float8,8,False,True,onnx_relative_model_size,,onnx,model_size,True,2,8,train
30,Int8WeightOnlyConfig,int8,8,False,True,onnx_relative_median_latency,1.138617474153659,onnx,median_latency,True,2,8,train
31,Float8WeightOnlyConfig,float8,8,False,True,onnx_relative_median_latency,,onnx,median_latency,True,2,8,train
32,Int8WeightOnlyConfig,int8,8,False,True,onnx_relative_p95_latency,1.1175100141001626,onnx,p95_latency,True,2,8,train
33,Float8WeightOnlyConfig,float8,8,False,True,onnx_relative_p95_latency,,onnx,p95_latency,True,2,8,train
34,Int8WeightOnlyConfig,int8,8,False,True,onnx_relative_p99_latency,1.1054100491989356,onnx,p99_latency,True,2,8,train
35,Float8WeightOnlyConfig,float8,8,False,True,onnx_relative_p99_latency,,onnx,p99_latency,True,2,8,train
36,Int8WeightOnlyConfig,int8,8,False,True,pt2_quantized_model_size,354081.0,pt2,model_size,False,2,8,train
37,Float8WeightOnlyConfig,float8,8,False,True,pt2_quantized_model_size,333281.0,pt2,model_size,False,2,8,train
38,Int8WeightOnlyConfig,int8,8,False,True,pt2_quantized_median_latency,0.000428617000579834,pt2,median_latency,False,2,8,train
39,Float8WeightOnlyConfig,float8,8,False,True,pt2_quantized_median_latency,0.0003562476485967636,pt2,median_latency,False,2,8,train
40,Int8WeightOnlyConfig,int8,8,False,True,pt2_quantized_p95_latency,0.00045012999325990674,pt2,p95_latency,False,2,8,train
41,Float8WeightOnlyConfig,float8,8,False,True,pt2_quantized_p95_latency,0.0003732653334736824,pt2,p95_latency,False,2,8,train
42,Int8WeightOnlyConfig,int8,8,False,True,pt2_quantized_p99_latency,0.0005620484054088591,pt2,p99_latency,False,2,8,train
43,Float8WeightOnlyConfig,float8,8,False,True,pt2_quantized_p99_latency,0.0005035589262843131,pt2,p99_latency,False,2,8,train
44,Int8WeightOnlyConfig,int8,8,False,True,pt2_relative_model_size,0.3979220633270587,pt2,model_size,True,2,8,train
45,Float8WeightOnlyConfig,float8,8,False,True,pt2_relative_model_size,0.3745466805270699,pt2,model_size,True,2,8,train
46,Int8WeightOnlyConfig,int8,8,False,True,pt2_relative_median_latency,0.9822847922411658,pt2,median_latency,True,2,8,train
47,Float8WeightOnlyConfig,float8,8,False,True,pt2_relative_median_latency,0.816432029095628,pt2,median_latency,True,2,8,train
48,Int8WeightOnlyConfig,int8,8,False,True,pt2_relative_p95_latency,0.9896251031961316,pt2,p95_latency,True,2,8,train
49,Float8WeightOnlyConfig,float8,8,False,True,pt2_relative_p95_latency,0.8206357045511132,pt2,p95_latency,True,2,8,train
50,Int8WeightOnlyConfig,int8,8,False,True,pt2_relative_p99_latency,1.0228134588004192,pt2,p99_latency,True,2,8,train
51,Float8WeightOnlyConfig,float8,8,False,True,pt2_relative_p99_latency,0.916374536687842,pt2,p99_latency,True,2,8,train
0,Int8WeightOnlyConfig,int8,8,False,True,pytorch_quantized_MAE,7.5430038861250495,pytorch,MAE,False,2,8,test
1,Float8WeightOnlyConfig,float8,8,False,True,pytorch_quantized_MAE,7.591179403626235,pytorch,MAE,False,2,8,test
2,Int8WeightOnlyConfig,int8,8,False,True,pytorch_relative_MAE,0.9999323347519518,pytorch,MAE,True,2,8,test
3,Float8WeightOnlyConfig,float8,8,False,True,pytorch_relative_MAE,1.0063186840658442,pytorch,MAE,True,2,8,test
4,Int8WeightOnlyConfig,int8,8,False,True,pytorch_quantized_model_size,206337.0,pytorch,model_size,False,2,8,test
5,Float8WeightOnlyConfig,float8,8,False,True,pytorch_quantized_model_size,206337.0,pytorch,model_size,False,2,8,test
6,Int8WeightOnlyConfig,int8,8,False,True,pytorch_quantized_median_latency,0.00019811652600765228,pytorch,median_latency,False,2,8,test
7,Float8WeightOnlyConfig,float8,8,False,True,pytorch_quantized_median_latency,0.00024719536304473877,pytorch,median_latency,False,2,8,test
8,Int8WeightOnlyConfig,int8,8,False,True,pytorch_quantized_p95_latency,0.0002043187618255615,pytorch,p95_latency,False,2,8,test
9,Float8WeightOnlyConfig,float8,8,False,True,pytorch_quantized_p95_latency,0.0002538925036787987,pytorch,p95_latency,False,2,8,test
10,Int8WeightOnlyConfig,int8,8,False,True,pytorch_quantized_p99_latency,0.00021151084452867506,pytorch,p99_latency,False,2,8,test
11,Float8WeightOnlyConfig,float8,8,False,True,pytorch_quantized_p99_latency,0.00025706049054861067,pytorch,p99_latency,False,2,8,test
12,Int8WeightOnlyConfig,int8,8,False,True,pytorch_relative_model_size,0.25,pytorch,model_size,True,2,8,test
13,Float8WeightOnlyConfig,float8,8,False,True,pytorch_relative_model_size,0.25,pytorch,model_size,True,2,8,test
14,Int8WeightOnlyConfig,int8,8,False,True,pytorch_relative_median_latency,1.8165872487233352,pytorch,median_latency,True,2,8,test
15,Float8WeightOnlyConfig,float8,8,False,True,pytorch_relative_median_latency,2.2666051818073134,pytorch,median_latency,True,2,8,test
16,Int8WeightOnlyConfig,int8,8,False,True,pytorch_relative_p95_latency,1.7952436830933243,pytorch,p95_latency,True,2,8,test
17,Float8WeightOnlyConfig,float8,8,False,True,pytorch_relative_p95_latency,2.2308226094442234,pytorch,p95_latency,True,2,8,test
18,Int8WeightOnlyConfig,int8,8,False,True,pytorch_relative_p99_latency,1.812881781302834,pytorch,p99_latency,True,2,8,test
19,Float8WeightOnlyConfig,float8,8,False,True,pytorch_relative_p99_latency,2.2032926068013787,pytorch,p99_latency,True,2,8,test
20,Int8WeightOnlyConfig,int8,8,False,True,onnx_quantized_model_size,47768.0,onnx,model_size,False,2,8,test
21,Float8WeightOnlyConfig,float8,8,False,True,onnx_quantized_model_size,,onnx,model_size,False,2,8,test
22,Int8WeightOnlyConfig,int8,8,False,True,onnx_quantized_median_latency,0.00036333128809928894,onnx,median_latency,False,2,8,test
23,Float8WeightOnlyConfig,float8,8,False,True,onnx_quantized_median_latency,,onnx,median_latency,False,2,8,test
24,Int8WeightOnlyConfig,int8,8,False,True,onnx_quantized_p95_latency,0.0003747716546058655,onnx,p95_latency,False,2,8,test
25,Float8WeightOnlyConfig,float8,8,False,True,onnx_quantized_p95_latency,,onnx,p95_latency,False,2,8,test
26,Int8WeightOnlyConfig,int8,8,False,True,onnx_quantized_p99_latency,0.0003807757794857025,onnx,p99_latency,False,2,8,test
27,Float8WeightOnlyConfig,float8,8,False,True,onnx_quantized_p99_latency,,onnx,p99_latency,False,2,8,test
28,Int8WeightOnlyConfig,int8,8,False,True,onnx_relative_model_size,1.6765407833777903,onnx,model_size,True,2,8,test
29,Float8WeightOnlyConfig,float8,8,False,True,onnx_relative_model_size,,onnx,model_size,True,2,8,test
30,Int8WeightOnlyConfig,int8,8,False,True,onnx_relative_median_latency,1.1277606900857982,onnx,median_latency,True,2,8,test
31,Float8WeightOnlyConfig,float8,8,False,True,onnx_relative_median_latency,,onnx,median_latency,True,2,8,test
32,Int8WeightOnlyConfig,int8,8,False,True,onnx_relative_p95_latency,1.115610304884912,onnx,p95_latency,True,2,8,test
33,Float8WeightOnlyConfig,float8,8,False,True,onnx_relative_p95_latency,,onnx,p95_latency,True,2,8,test
34,Int8WeightOnlyConfig,int8,8,False,True,onnx_relative_p99_latency,1.105472826864013,onnx,p99_latency,True,2,8,test
35,Float8WeightOnlyConfig,float8,8,False,True,onnx_relative_p99_latency,,onnx,p99_latency,True,2,8,test
36,Int8WeightOnlyConfig,int8,8,False,True,pt2_quantized_model_size,354081.0,pt2,model_size,False,2,8,test
37,Float8WeightOnlyConfig,float8,8,False,True,pt2_quantized_model_size,333281.0,pt2,model_size,False,2,8,test
38,Int8WeightOnlyConfig,int8,8,False,True,pt2_quantized_median_latency,0.0004424676299095154,pt2,median_latency,False,2,8,test
39,Float8WeightOnlyConfig,float8,8,False,True,pt2_quantized_median_latency,0.0003648754209280014,pt2,median_latency,False,2,8,test
40,Int8WeightOnlyConfig,int8,8,False,True,pt2_quantized_p95_latency,0.00046312808990478516,pt2,p95_latency,False,2,8,test
41,Float8WeightOnlyConfig,float8,8,False,True,pt2_quantized_p95_latency,0.00038040746003389355,pt2,p95_latency,False,2,8,test
42,Int8WeightOnlyConfig,int8,8,False,True,pt2_quantized_p99_latency,0.0005618323385715484,pt2,p99_latency,False,2,8,test
43,Float8WeightOnlyConfig,float8,8,False,True,pt2_quantized_p99_latency,0.0004959586262702941,pt2,p99_latency,False,2,8,test
44,Int8WeightOnlyConfig,int8,8,False,True,pt2_relative_model_size,0.3979220633270587,pt2,model_size,True,2,8,test
45,Float8WeightOnlyConfig,float8,8,False,True,pt2_relative_model_size,0.3745466805270699,pt2,model_size,True,2,8,test
46,Int8WeightOnlyConfig,int8,8,False,True,pt2_relative_median_latency,0.997086995575927,pt2,median_latency,True,2,8,test
47,Float8WeightOnlyConfig,float8,8,False,True,pt2_relative_median_latency,0.8222353741153953,pt2,median_latency,True,2,8,test
48,Int8WeightOnlyConfig,int8,8,False,True,pt2_relative_p95_latency,1.0071444716015558,pt2,p95_latency,True,2,8,test
49,Float8WeightOnlyConfig,float8,8,False,True,pt2_relative_p95_latency,0.8272555232136592,pt2,p95_latency,True,2,8,test
50,Int8WeightOnlyConfig,int8,8,False,True,pt2_relative_p99_latency,0.998535986319629,pt2,p99_latency,True,2,8,test
51,Float8WeightOnlyConfig,float8,8,False,True,pt2_relative_p99_latency,0.881459649182279,pt2,p99_latency,True,2,8,test
0,Int8WeightOnlyConfig,int8,8,False,True,pytorch_quantized_MAE,7.5789528837154085,pytorch,MAE,False,2,9,train
1,Float8WeightOnlyConfig,float8,8,False,True,pytorch_quantized_MAE,7.619166889025851,pytorch,MAE,False,2,9,train
2,Int8WeightOnlyConfig,int8,8,False,True,pytorch_relative_MAE,1.0001674338136712,pytorch,MAE,True,2,9,train
3,Float8WeightOnlyConfig,float8,8,False,True,pytorch_relative_MAE,1.005474332947605,pytorch,MAE,True,2,9,train
4,Int8WeightOnlyConfig,int8,8,False,True,pytorch_quantized_model_size,206337.0,pytorch,model_size,False,2,9,train
5,Float8WeightOnlyConfig,float8,8,False,True,pytorch_quantized_model_size,206337.0,pytorch,model_size,False,2,9,train
6,Int8WeightOnlyConfig,int8,8,False,True,pytorch_quantized_median_latency,0.0001882016658782959,pytorch,median_latency,False,2,9,train
7,Float8WeightOnlyConfig,float8,8,False,True,pytorch_quantized_median_latency,0.0002328827977180481,pytorch,median_latency,False,2,9,train
8,Int8WeightOnlyConfig,int8,8,False,True,pytorch_quantized_p95_latency,0.00019317064434289932,pytorch,p95_latency,False,2,9,train
9,Float8WeightOnlyConfig,float8,8,False,True,pytorch_quantized_p95_latency,0.00023942254483699799,pytorch,p95_latency,False,2,9,train
10,Int8WeightOnlyConfig,int8,8,False,True,pytorch_quantized_p99_latency,0.00020122867077589034,pytorch,p99_latency,False,2,9,train
11,Float8WeightOnlyConfig,float8,8,False,True,pytorch_quantized_p99_latency,0.0002454409375786781,pytorch,p99_latency,False,2,9,train
12,Int8WeightOnlyConfig,int8,8,False,True,pytorch_relative_model_size,0.25,pytorch,model_size,True,2,9,train
13,Float8WeightOnlyConfig,float8,8,False,True,pytorch_relative_model_size,0.25,pytorch,model_size,True,2,9,train
14,Int8WeightOnlyConfig,int8,8,False,True,pytorch_relative_median_latency,1.7457410415010886,pytorch,median_latency,True,2,9,train
15,Float8WeightOnlyConfig,float8,8,False,True,pytorch_relative_median_latency,2.160199039358651,pytorch,median_latency,True,2,9,train
16,Int8WeightOnlyConfig,int8,8,False,True,pytorch_relative_p95_latency,1.722696376127892,pytorch,p95_latency,True,2,9,train
17,Float8WeightOnlyConfig,float8,8,False,True,pytorch_relative_p95_latency,2.13517096118324,pytorch,p95_latency,True,2,9,train
18,Int8WeightOnlyConfig,int8,8,False,True,pytorch_relative_p99_latency,1.7583475015030792,pytorch,p99_latency,True,2,9,train
19,Float8WeightOnlyConfig,float8,8,False,True,pytorch_relative_p99_latency,2.144676788322498,pytorch,p99_latency,True,2,9,train
20,Int8WeightOnlyConfig,int8,8,False,True,onnx_quantized_model_size,47768.0,onnx,model_size,False,2,9,train
21,Float8WeightOnlyConfig,float8,8,False,True,onnx_quantized_model_size,,onnx,model_size,False,2,9,train
22,Int8WeightOnlyConfig,int8,8,False,True,onnx_quantized_median_latency,0.0003647599369287491,onnx,median_latency,False,2,9,train
23,Float8WeightOnlyConfig,float8,8,False,True,onnx_quantized_median_latency,,onnx,median_latency,False,2,9,train
24,Int8WeightOnlyConfig,int8,8,False,True,onnx_quantized_p95_latency,0.00037424713373184203,onnx,p95_latency,False,2,9,train
25,Float8WeightOnlyConfig,float8,8,False,True,onnx_quantized_p95_latency,,onnx,p95_latency,False,2,9,train
26,Int8WeightOnlyConfig,int8,8,False,True,onnx_quantized_p99_latency,0.0003802293911576271,onnx,p99_latency,False,2,9,train
27,Float8WeightOnlyConfig,float8,8,False,True,onnx_quantized_p99_latency,,onnx,p99_latency,False,2,9,train
28,Int8WeightOnlyConfig,int8,8,False,True,onnx_relative_model_size,1.6765407833777903,onnx,model_size,True,2,9,train
29,Float8WeightOnlyConfig,float8,8,False,True,onnx_relative_model_size,,onnx,model_size,True,2,9,train
30,Int8WeightOnlyConfig,int8,8,False,True,onnx_relative_median_latency,1.1322082307096357,onnx,median_latency,True,2,9,train
31,Float8WeightOnlyConfig,float8,8,False,True,onnx_relative_median_latency,,onnx,median_latency,True,2,9,train
32,Int8WeightOnlyConfig,int8,8,False,True,onnx_relative_p95_latency,1.1140050698490356,onnx,p95_latency,True,2,9,train
33,Float8WeightOnlyConfig,float8,8,False,True,onnx_relative_p95_latency,,onnx,p95_latency,True,2,9,train
34,Int8WeightOnlyConfig,int8,8,False,True,onnx_relative_p99_latency,1.1049283589082513,onnx,p99_latency,True,2,9,train
35,Float8WeightOnlyConfig,float8,8,False,True,onnx_relative_p99_latency,,onnx,p99_latency,True,2,9,train
36,Int8WeightOnlyConfig,int8,8,False,True,pt2_quantized_model_size,354081.0,pt2,model_size,False,2,9,train
37,Float8WeightOnlyConfig,float8,8,False,True,pt2_quantized_model_size,333281.0,pt2,model_size,False,2,9,train
38,Int8WeightOnlyConfig,int8,8,False,True,pt2_quantized_median_latency,0.00042455457150936127,pt2,median_latency,False,2,9,train
39,Float8WeightOnlyConfig,float8,8,False,True,pt2_quantized_median_latency,0.00035469792783260345,pt2,median_latency,False,2,9,train
40,Int8WeightOnlyConfig,int8,8,False,True,pt2_quantized_p95_latency,0.0004471225664019585,pt2,p95_latency,False,2,9,train
41,Float8WeightOnlyConfig,float8,8,False,True,pt2_quantized_p95_latency,0.000368303619325161,pt2,p95_latency,False,2,9,train
42,Int8WeightOnlyConfig,int8,8,False,True,pt2_quantized_p99_latency,0.0005605724826455116,pt2,p99_latency,False,2,9,train
43,Float8WeightOnlyConfig,float8,8,False,True,pt2_quantized_p99_latency,0.00047638639807701095,pt2,p99_latency,False,2,9,train
44,Int8WeightOnlyConfig,int8,8,False,True,pt2_relative_model_size,0.3979220633270587,pt2,model_size,True,2,9,train
45,Float8WeightOnlyConfig,float8,8,False,True,pt2_relative_model_size,0.3745466805270699,pt2,model_size,True,2,9,train
46,Int8WeightOnlyConfig,int8,8,False,True,pt2_relative_median_latency,0.9705923683235606,pt2,median_latency,True,2,9,train
47,Float8WeightOnlyConfig,float8,8,False,True,pt2_relative_median_latency,0.810890106754898,pt2,median_latency,True,2,9,train
48,Int8WeightOnlyConfig,int8,8,False,True,pt2_relative_p95_latency,0.9768002558714524,pt2,p95_latency,True,2,9,train
49,Float8WeightOnlyConfig,float8,8,False,True,pt2_relative_p95_latency,0.8046095111911207,pt2,p95_latency,True,2,9,train
50,Int8WeightOnlyConfig,int8,8,False,True,pt2_relative_p99_latency,1.003624994514254,pt2,p99_latency,True,2,9,train
51,Float8WeightOnlyConfig,float8,8,False,True,pt2_relative_p99_latency,0.8529018297515133,pt2,p99_latency,True,2,9,train
0,Int8WeightOnlyConfig,int8,8,False,True,pytorch_quantized_MAE,7.356855035388907,pytorch,MAE,False,2,9,test
1,Float8WeightOnlyConfig,float8,8,False,True,pytorch_quantized_MAE,7.406155949589899,pytorch,MAE,False,2,9,test
2,Int8WeightOnlyConfig,int8,8,False,True,pytorch_relative_MAE,1.0001598608223445,pytorch,MAE,True,2,9,test
3,Float8WeightOnlyConfig,float8,8,False,True,pytorch_relative_MAE,1.0068622894074515,pytorch,MAE,True,2,9,test
4,Int8WeightOnlyConfig,int8,8,False,True,pytorch_quantized_model_size,206337.0,pytorch,model_size,False,2,9,test
5,Float8WeightOnlyConfig,float8,8,False,True,pytorch_quantized_model_size,206337.0,pytorch,model_size,False,2,9,test
6,Int8WeightOnlyConfig,int8,8,False,True,pytorch_quantized_median_latency,0.000189315527677536,pytorch,median_latency,False,2,9,test
7,Float8WeightOnlyConfig,float8,8,False,True,pytorch_quantized_median_latency,0.00024281255900859833,pytorch,median_latency,False,2,9,test
8,Int8WeightOnlyConfig,int8,8,False,True,pytorch_quantized_p95_latency,0.00019512716680765153,pytorch,p95_latency,False,2,9,test
9,Float8WeightOnlyConfig,float8,8,False,True,pytorch_quantized_p95_latency,0.0002499999478459358,pytorch,p95_latency,False,2,9,test
10,Int8WeightOnlyConfig,int8,8,False,True,pytorch_quantized_p99_latency,0.0001984615996479988,pytorch,p99_latency,False,2,9,test
11,Float8WeightOnlyConfig,float8,8,False,True,pytorch_quantized_p99_latency,0.0002548987418413162,pytorch,p99_latency,False,2,9,test
12,Int8WeightOnlyConfig,int8,8,False,True,pytorch_relative_model_size,0.25,pytorch,model_size,True,2,9,test
13,Float8WeightOnlyConfig,float8,8,False,True,pytorch_relative_model_size,0.25,pytorch,model_size,True,2,9,test
14,Int8WeightOnlyConfig,int8,8,False,True,pytorch_relative_median_latency,1.757713060320974,pytorch,median_latency,True,2,9,test
15,Float8WeightOnlyConfig,float8,8,False,True,pytorch_relative_median_latency,2.2544099335915884,pytorch,median_latency,True,2,9,test
16,Int8WeightOnlyConfig,int8,8,False,True,pytorch_relative_p95_latency,1.7461022011687564,pytorch,p95_latency,True,2,9,test
17,Float8WeightOnlyConfig,float8,8,False,True,pytorch_relative_p95_latency,2.2371331802104826,pytorch,p95_latency,True,2,9,test
18,Int8WeightOnlyConfig,int8,8,False,True,pytorch_relative_p99_latency,1.7416653698635152,pytorch,p99_latency,True,2,9,test
19,Float8WeightOnlyConfig,float8,8,False,True,pytorch_relative_p99_latency,2.2369481666690643,pytorch,p99_latency,True,2,9,test
20,Int8WeightOnlyConfig,int8,8,False,True,onnx_quantized_model_size,47768.0,onnx,model_size,False,2,9,test
21,Float8WeightOnlyConfig,float8,8,False,True,onnx_quantized_model_size,,onnx,model_size,False,2,9,test
22,Int8WeightOnlyConfig,int8,8,False,True,onnx_quantized_median_latency,0.00036710314452648163,onnx,median_latency,False,2,9,test
23,Float8WeightOnlyConfig,float8,8,False,True,onnx_quantized_median_latency,,onnx,median_latency,False,2,9,test
24,Int8WeightOnlyConfig,int8,8,False,True,onnx_quantized_p95_latency,0.0003793349489569664,onnx,p95_latency,False,2,9,test
25,Float8WeightOnlyConfig,float8,8,False,True,onnx_quantized_p95_latency,,onnx,p95_latency,False,2,9,test
26,Int8WeightOnlyConfig,int8,8,False,True,onnx_quantized_p99_latency,0.00038272827863693236,onnx,p99_latency,False,2,9,test
27,Float8WeightOnlyConfig,float8,8,False,True,onnx_quantized_p99_latency,,onnx,p99_latency,False,2,9,test
28,Int8WeightOnlyConfig,int8,8,False,True,onnx_relative_model_size,1.6765407833777903,onnx,model_size,True,2,9,test
29,Float8WeightOnlyConfig,float8,8,False,True,onnx_relative_model_size,,onnx,model_size,True,2,9,test
30,Int8WeightOnlyConfig,int8,8,False,True,onnx_relative_median_latency,1.14324247504249,onnx,median_latency,True,2,9,test
31,Float8WeightOnlyConfig,float8,8,False,True,onnx_relative_median_latency,,onnx,median_latency,True,2,9,test
32,Int8WeightOnlyConfig,int8,8,False,True,onnx_relative_p95_latency,1.1321955444663856,onnx,p95_latency,True,2,9,test
33,Float8WeightOnlyConfig,float8,8,False,True,onnx_relative_p95_latency,,onnx,p95_latency,True,2,9,test
34,Int8WeightOnlyConfig,int8,8,False,True,onnx_relative_p99_latency,1.119091166455403,onnx,p99_latency,True,2,9,test
35,Float8WeightOnlyConfig,float8,8,False,True,onnx_relative_p99_latency,,onnx,p99_latency,True,2,9,test
36,Int8WeightOnlyConfig,int8,8,False,True,pt2_quantized_model_size,354081.0,pt2,model_size,False,2,9,test
37,Float8WeightOnlyConfig,float8,8,False,True,pt2_quantized_model_size,333281.0,pt2,model_size,False,2,9,test
38,Int8WeightOnlyConfig,int8,8,False,True,pt2_quantized_median_latency,0.00043099746108055115,pt2,median_latency,False,2,9,test
39,Float8WeightOnlyConfig,float8,8,False,True,pt2_quantized_median_latency,0.00035727769136428833,pt2,median_latency,False,2,9,test
40,Int8WeightOnlyConfig,int8,8,False,True,pt2_quantized_p95_latency,0.0004509519785642624,pt2,p95_latency,False,2,9,test
41,Float8WeightOnlyConfig,float8,8,False,True,pt2_quantized_p95_latency,0.00037452168762683866,pt2,p95_latency,False,2,9,test
42,Int8WeightOnlyConfig,int8,8,False,True,pt2_quantized_p99_latency,0.0005686362832784652,pt2,p99_latency,False,2,9,test
43,Float8WeightOnlyConfig,float8,8,False,True,pt2_quantized_p99_latency,0.0004866768419742584,pt2,p99_latency,False,2,9,test
44,Int8WeightOnlyConfig,int8,8,False,True,pt2_relative_model_size,0.3979220633270587,pt2,model_size,True,2,9,test
45,Float8WeightOnlyConfig,float8,8,False,True,pt2_relative_model_size,0.3745466805270699,pt2,model_size,True,2,9,test
46,Int8WeightOnlyConfig,int8,8,False,True,pt2_relative_median_latency,0.9975770849141201,pt2,median_latency,True,2,9,test
47,Float8WeightOnlyConfig,float8,8,False,True,pt2_relative_median_latency,0.8269469545423191,pt2,median_latency,True,2,9,test
48,Int8WeightOnlyConfig,int8,8,False,True,pt2_relative_p95_latency,1.002547125549562,pt2,p95_latency,True,2,9,test
49,Float8WeightOnlyConfig,float8,8,False,True,pt2_relative_p95_latency,0.8326288811986026,pt2,p95_latency,True,2,9,test
50,Int8WeightOnlyConfig,int8,8,False,True,pt2_relative_p99_latency,1.0351914728111762,pt2,p99_latency,True,2,9,test
51,Float8WeightOnlyConfig,float8,8,False,True,pt2_relative_p99_latency,0.8859858782168291,pt2,p99_latency,True,2,9,test
0,Int8WeightOnlyConfig,int8,8,False,True,pytorch_quantized_MAE,7.597068036284426,pytorch,MAE,False,2,10,train
1,Float8WeightOnlyConfig,float8,8,False,True,pytorch_quantized_MAE,7.639342282199753,pytorch,MAE,False,2,10,train
2,Int8WeightOnlyConfig,int8,8,False,True,pytorch_relative_MAE,1.0000581624531348,pytorch,MAE,True,2,10,train
3,Float8WeightOnlyConfig,float8,8,False,True,pytorch_relative_MAE,1.0056230335964833,pytorch,MAE,True,2,10,train
4,Int8WeightOnlyConfig,int8,8,False,True,pytorch_quantized_model_size,206337.0,pytorch,model_size,False,2,10,train
5,Float8WeightOnlyConfig,float8,8,False,True,pytorch_quantized_model_size,206337.0,pytorch,model_size,False,2,10,train
6,Int8WeightOnlyConfig,int8,8,False,True,pytorch_quantized_median_latency,0.00019493699073791504,pytorch,median_latency,False,2,10,train
7,Float8WeightOnlyConfig,float8,8,False,True,pytorch_quantized_median_latency,0.00024581514298915863,pytorch,median_latency,False,2,10,train
8,Int8WeightOnlyConfig,int8,8,False,True,pytorch_quantized_p95_latency,0.00020261388272047043,pytorch,p95_latency,False,2,10,train
9,Float8WeightOnlyConfig,float8,8,False,True,pytorch_quantized_p95_latency,0.0002522407099604607,pytorch,p95_latency,False,2,10,train
10,Int8WeightOnlyConfig,int8,8,False,True,pytorch_quantized_p99_latency,0.00020945124328136433,pytorch,p99_latency,False,2,10,train
11,Float8WeightOnlyConfig,float8,8,False,True,pytorch_quantized_p99_latency,0.00025676291435956956,pytorch,p99_latency,False,2,10,train
12,Int8WeightOnlyConfig,int8,8,False,True,pytorch_relative_model_size,0.25,pytorch,model_size,True,2,10,train
13,Float8WeightOnlyConfig,float8,8,False,True,pytorch_relative_model_size,0.25,pytorch,model_size,True,2,10,train
14,Int8WeightOnlyConfig,int8,8,False,True,pytorch_relative_median_latency,1.80323236500224,pytorch,median_latency,True,2,10,train
15,Float8WeightOnlyConfig,float8,8,False,True,pytorch_relative_median_latency,2.2738722905682485,pytorch,median_latency,True,2,10,train
16,Int8WeightOnlyConfig,int8,8,False,True,pytorch_relative_p95_latency,1.7987541712278707,pytorch,p95_latency,True,2,10,train
17,Float8WeightOnlyConfig,float8,8,False,True,pytorch_relative_p95_latency,2.239328436446858,pytorch,p95_latency,True,2,10,train
18,Int8WeightOnlyConfig,int8,8,False,True,pytorch_relative_p99_latency,1.8283886682070127,pytorch,p99_latency,True,2,10,train
19,Float8WeightOnlyConfig,float8,8,False,True,pytorch_relative_p99_latency,2.24139229577261,pytorch,p99_latency,True,2,10,train
20,Int8WeightOnlyConfig,int8,8,False,True,onnx_quantized_model_size,47768.0,onnx,model_size,False,2,10,train
21,Float8WeightOnlyConfig,float8,8,False,True,onnx_quantized_model_size,,onnx,model_size,False,2,10,train
22,Int8WeightOnlyConfig,int8,8,False,True,onnx_quantized_median_latency,0.00036851130425930023,onnx,median_latency,False,2,10,train
23,Float8WeightOnlyConfig,float8,8,False,True,onnx_quantized_median_latency,,onnx,median_latency,False,2,10,train
24,Int8WeightOnlyConfig,int8,8,False,True,onnx_quantized_p95_latency,0.0003796232864260674,onnx,p95_latency,False,2,10,train
25,Float8WeightOnlyConfig,float8,8,False,True,onnx_quantized_p95_latency,,onnx,p95_latency,False,2,10,train
26,Int8WeightOnlyConfig,int8,8,False,True,onnx_quantized_p99_latency,0.00038430139422416685,onnx,p99_latency,False,2,10,train
27,Float8WeightOnlyConfig,float8,8,False,True,onnx_quantized_p99_latency,,onnx,p99_latency,False,2,10,train
28,Int8WeightOnlyConfig,int8,8,False,True,onnx_relative_model_size,1.6765407833777903,onnx,model_size,True,2,10,train
29,Float8WeightOnlyConfig,float8,8,False,True,onnx_relative_model_size,,onnx,model_size,True,2,10,train
30,Int8WeightOnlyConfig,int8,8,False,True,onnx_relative_median_latency,1.1373032571080375,onnx,median_latency,True,2,10,train
31,Float8WeightOnlyConfig,float8,8,False,True,onnx_relative_median_latency,,onnx,median_latency,True,2,10,train
32,Int8WeightOnlyConfig,int8,8,False,True,onnx_relative_p95_latency,1.1187400165772847,onnx,p95_latency,True,2,10,train
33,Float8WeightOnlyConfig,float8,8,False,True,onnx_relative_p95_latency,,onnx,p95_latency,True,2,10,train
34,Int8WeightOnlyConfig,int8,8,False,True,onnx_relative_p99_latency,1.1020064056451377,onnx,p99_latency,True,2,10,train
35,Float8WeightOnlyConfig,float8,8,False,True,onnx_relative_p99_latency,,onnx,p99_latency,True,2,10,train
36,Int8WeightOnlyConfig,int8,8,False,True,pt2_quantized_model_size,354081.0,pt2,model_size,False,2,10,train
37,Float8WeightOnlyConfig,float8,8,False,True,pt2_quantized_model_size,333281.0,pt2,model_size,False,2,10,train
38,Int8WeightOnlyConfig,int8,8,False,True,pt2_quantized_median_latency,0.0004412643611431122,pt2,median_latency,False,2,10,train
39,Float8WeightOnlyConfig,float8,8,False,True,pt2_quantized_median_latency,0.000362372025847435,pt2,median_latency,False,2,10,train
40,Int8WeightOnlyConfig,int8,8,False,True,pt2_quantized_p95_latency,0.0004604073241353035,pt2,p95_latency,False,2,10,train
41,Float8WeightOnlyConfig,float8,8,False,True,pt2_quantized_p95_latency,0.00037863552570343016,pt2,p95_latency,False,2,10,train
42,Int8WeightOnlyConfig,int8,8,False,True,pt2_quantized_p99_latency,0.0005904172733426094,pt2,p99_latency,False,2,10,train
43,Float8WeightOnlyConfig,float8,8,False,True,pt2_quantized_p99_latency,0.0004806717485189436,pt2,p99_latency,False,2,10,train
44,Int8WeightOnlyConfig,int8,8,False,True,pt2_relative_model_size,0.3979220633270587,pt2,model_size,True,2,10,train
45,Float8WeightOnlyConfig,float8,8,False,True,pt2_relative_model_size,0.3745466805270699,pt2,model_size,True,2,10,train
46,Int8WeightOnlyConfig,int8,8,False,True,pt2_relative_median_latency,0.9032993598029458,pt2,median_latency,True,2,10,train
47,Float8WeightOnlyConfig,float8,8,False,True,pt2_relative_median_latency,0.7418011690554901,pt2,median_latency,True,2,10,train
48,Int8WeightOnlyConfig,int8,8,False,True,pt2_relative_p95_latency,0.905557997933748,pt2,p95_latency,True,2,10,train
49,Float8WeightOnlyConfig,float8,8,False,True,pt2_relative_p95_latency,0.744724096747485,pt2,p95_latency,True,2,10,train
50,Int8WeightOnlyConfig,int8,8,False,True,pt2_relative_p99_latency,0.9834639311594182,pt2,p99_latency,True,2,10,train
51,Float8WeightOnlyConfig,float8,8,False,True,pt2_relative_p99_latency,0.8006597176932492,pt2,p99_latency,True,2,10,train
0,Int8WeightOnlyConfig,int8,8,False,True,pytorch_quantized_MAE,7.5703689632613145,pytorch,MAE,False,2,10,test
1,Float8WeightOnlyConfig,float8,8,False,True,pytorch_quantized_MAE,7.6283184134051805,pytorch,MAE,False,2,10,test
2,Int8WeightOnlyConfig,int8,8,False,True,pytorch_relative_MAE,1.000286722668695,pytorch,MAE,True,2,10,test
3,Float8WeightOnlyConfig,float8,8,False,True,pytorch_relative_MAE,1.0079436896997824,pytorch,MAE,True,2,10,test
4,Int8WeightOnlyConfig,int8,8,False,True,pytorch_quantized_model_size,206337.0,pytorch,model_size,False,2,10,test
5,Float8WeightOnlyConfig,float8,8,False,True,pytorch_quantized_model_size,206337.0,pytorch,model_size,False,2,10,test
6,Int8WeightOnlyConfig,int8,8,False,True,pytorch_quantized_median_latency,0.00018886476755142212,pytorch,median_latency,False,2,10,test
7,Float8WeightOnlyConfig,float8,8,False,True,pytorch_quantized_median_latency,0.00023448653519153595,pytorch,median_latency,False,2,10,test
8,Int8WeightOnlyConfig,int8,8,False,True,pytorch_quantized_p95_latency,0.0001941472291946411,pytorch,p95_latency,False,2,10,test
9,Float8WeightOnlyConfig,float8,8,False,True,pytorch_quantized_p95_latency,0.00024201851338148117,pytorch,p95_latency,False,2,10,test
10,Int8WeightOnlyConfig,int8,8,False,True,pytorch_quantized_p99_latency,0.00019857272505760193,pytorch,p99_latency,False,2,10,test
11,Float8WeightOnlyConfig,float8,8,False,True,pytorch_quantized_p99_latency,0.0002572780102491378,pytorch,p99_latency,False,2,10,test
12,Int8WeightOnlyConfig,int8,8,False,True,pytorch_relative_model_size,0.25,pytorch,model_size,True,2,10,test
13,Float8WeightOnlyConfig,float8,8,False,True,pytorch_relative_model_size,0.25,pytorch,model_size,True,2,10,test
14,Int8WeightOnlyConfig,int8,8,False,True,pytorch_relative_median_latency,1.7520735416090683,pytorch,median_latency,True,2,10,test
15,Float8WeightOnlyConfig,float8,8,False,True,pytorch_relative_median_latency,2.175300663533315,pytorch,median_latency,True,2,10,test
16,Int8WeightOnlyConfig,int8,8,False,True,pytorch_relative_p95_latency,1.7294032735749663,pytorch,p95_latency,True,2,10,test
17,Float8WeightOnlyConfig,float8,8,False,True,pytorch_relative_p95_latency,2.15582581860114,pytorch,p95_latency,True,2,10,test
18,Int8WeightOnlyConfig,int8,8,False,True,pytorch_relative_p99_latency,1.7394003984986794,pytorch,p99_latency,True,2,10,test
19,Float8WeightOnlyConfig,float8,8,False,True,pytorch_relative_p99_latency,2.2536301167367485,pytorch,p99_latency,True,2,10,test
20,Int8WeightOnlyConfig,int8,8,False,True,onnx_quantized_model_size,47768.0,onnx,model_size,False,2,10,test
21,Float8WeightOnlyConfig,float8,8,False,True,onnx_quantized_model_size,,onnx,model_size,False,2,10,test
22,Int8WeightOnlyConfig,int8,8,False,True,onnx_quantized_median_latency,0.00036630965769290924,onnx,median_latency,False,2,10,test
23,Float8WeightOnlyConfig,float8,8,False,True,onnx_quantized_median_latency,,onnx,median_latency,False,2,10,test
24,Int8WeightOnlyConfig,int8,8,False,True,onnx_quantized_p95_latency,0.0003768701106309891,onnx,p95_latency,False,2,10,test
25,Float8WeightOnlyConfig,float8,8,False,True,onnx_quantized_p95_latency,,onnx,p95_latency,False,2,10,test
26,Int8WeightOnlyConfig,int8,8,False,True,onnx_quantized_p99_latency,0.00038274481892585754,onnx,p99_latency,False,2,10,test
27,Float8WeightOnlyConfig,float8,8,False,True,onnx_quantized_p99_latency,,onnx,p99_latency,False,2,10,test
28,Int8WeightOnlyConfig,int8,8,False,True,onnx_relative_model_size,1.6765407833777903,onnx,model_size,True,2,10,test
29,Float8WeightOnlyConfig,float8,8,False,True,onnx_relative_model_size,,onnx,model_size,True,2,10,test
30,Int8WeightOnlyConfig,int8,8,False,True,onnx_relative_median_latency,1.1386116257526633,onnx,median_latency,True,2,10,test
31,Float8WeightOnlyConfig,float8,8,False,True,onnx_relative_median_latency,,onnx,median_latency,True,2,10,test
32,Int8WeightOnlyConfig,int8,8,False,True,onnx_relative_p95_latency,1.1180728510745526,onnx,p95_latency,True,2,10,test
33,Float8WeightOnlyConfig,float8,8,False,True,onnx_relative_p95_latency,,onnx,p95_latency,True,2,10,test
34,Int8WeightOnlyConfig,int8,8,False,True,onnx_relative_p99_latency,1.1081497351673664,onnx,p99_latency,True,2,10,test
35,Float8WeightOnlyConfig,float8,8,False,True,onnx_relative_p99_latency,,onnx,p99_latency,True,2,10,test
36,Int8WeightOnlyConfig,int8,8,False,True,pt2_quantized_model_size,354081.0,pt2,model_size,False,2,10,test
37,Float8WeightOnlyConfig,float8,8,False,True,pt2_quantized_model_size,333281.0,pt2,model_size,False,2,10,test
38,Int8WeightOnlyConfig,int8,8,False,True,pt2_quantized_median_latency,0.00043205730617046356,pt2,median_latency,False,2,10,test
39,Float8WeightOnlyConfig,float8,8,False,True,pt2_quantized_median_latency,0.00035576894879341125,pt2,median_latency,False,2,10,test
40,Int8WeightOnlyConfig,int8,8,False,True,pt2_quantized_p95_latency,0.00044920258224010465,pt2,p95_latency,False,2,10,test
41,Float8WeightOnlyConfig,float8,8,False,True,pt2_quantized_p95_latency,0.0003712514415383339,pt2,p95_latency,False,2,10,test
42,Int8WeightOnlyConfig,int8,8,False,True,pt2_quantized_p99_latency,0.0005540724471211432,pt2,p99_latency,False,2,10,test
43,Float8WeightOnlyConfig,float8,8,False,True,pt2_quantized_p99_latency,0.0004825858771800994,pt2,p99_latency,False,2,10,test
44,Int8WeightOnlyConfig,int8,8,False,True,pt2_relative_model_size,0.3979220633270587,pt2,model_size,True,2,10,test
45,Float8WeightOnlyConfig,float8,8,False,True,pt2_relative_model_size,0.3745466805270699,pt2,model_size,True,2,10,test
46,Int8WeightOnlyConfig,int8,8,False,True,pt2_relative_median_latency,1.0025933722051013,pt2,median_latency,True,2,10,test
47,Float8WeightOnlyConfig,float8,8,False,True,pt2_relative_median_latency,0.8255654631978873,pt2,median_latency,True,2,10,test
48,Int8WeightOnlyConfig,int8,8,False,True,pt2_relative_p95_latency,1.003513657241155,pt2,p95_latency,True,2,10,test
49,Float8WeightOnlyConfig,float8,8,False,True,pt2_relative_p95_latency,0.8293716612142008,pt2,p95_latency,True,2,10,test
50,Int8WeightOnlyConfig,int8,8,False,True,pt2_relative_p99_latency,1.0100563748358509,pt2,p99_latency,True,2,10,test
51,Float8WeightOnlyConfig,float8,8,False,True,pt2_relative_p99_latency,0.8797386410101276,pt2,p99_latency,True,2,10,test
