,hidden_layer_1_neurons,hidden_layer_2_neurons,hidden_layer_3_neurons,total_hidden_neurons,neurons_per_layer,activation,model_ID,config_name,precision,bits_per_weight,dynamic_calibration,weight_only,metric,value,runtime,base_metric,relative,eval_run
0,128,307,32,467,"[128, 307, 32]",leaky_relu,model_1,Int8WeightOnlyConfig,int8,8.0,False,True,pytorch_quantized_MAE,8.61423242664068,pytorch,MAE,False,1.0
1,128,307,32,467,"[128, 307, 32]",leaky_relu,model_1,Float8WeightOnlyConfig,float8,8.0,False,True,pytorch_quantized_MAE,8.719822256495565,pytorch,MAE,False,1.0
2,128,307,32,467,"[128, 307, 32]",leaky_relu,model_1,Int8WeightOnlyConfig,int8,8.0,False,True,pytorch_relative_MAE,1.0026211999504397,pytorch,MAE,True,1.0
3,128,307,32,467,"[128, 307, 32]",leaky_relu,model_1,Float8WeightOnlyConfig,float8,8.0,False,True,pytorch_relative_MAE,1.0149109312542133,pytorch,MAE,True,1.0
4,128,307,32,467,"[128, 307, 32]",leaky_relu,model_1,Int8WeightOnlyConfig,int8,8.0,False,True,pytorch_quantized_model_size,59988.0,pytorch,model_size,False,1.0
5,128,307,32,467,"[128, 307, 32]",leaky_relu,model_1,Float8WeightOnlyConfig,float8,8.0,False,True,pytorch_quantized_model_size,59988.0,pytorch,model_size,False,1.0
6,128,307,32,467,"[128, 307, 32]",leaky_relu,model_1,Int8WeightOnlyConfig,int8,8.0,False,True,pytorch_quantized_median_latency,0.0004318179562687874,pytorch,median_latency,False,1.0
7,128,307,32,467,"[128, 307, 32]",leaky_relu,model_1,Float8WeightOnlyConfig,float8,8.0,False,True,pytorch_quantized_median_latency,0.000520787201821804,pytorch,median_latency,False,1.0
8,128,307,32,467,"[128, 307, 32]",leaky_relu,model_1,Int8WeightOnlyConfig,int8,8.0,False,True,pytorch_quantized_p95_latency,0.00044303936883807184,pytorch,p95_latency,False,1.0
9,128,307,32,467,"[128, 307, 32]",leaky_relu,model_1,Float8WeightOnlyConfig,float8,8.0,False,True,pytorch_quantized_p95_latency,0.0005298003554344178,pytorch,p95_latency,False,1.0
10,128,307,32,467,"[128, 307, 32]",leaky_relu,model_1,Int8WeightOnlyConfig,int8,8.0,False,True,pytorch_quantized_p99_latency,0.0004474738240242004,pytorch,p99_latency,False,1.0
11,128,307,32,467,"[128, 307, 32]",leaky_relu,model_1,Float8WeightOnlyConfig,float8,8.0,False,True,pytorch_quantized_p99_latency,0.0005386239662766456,pytorch,p99_latency,False,1.0
12,128,307,32,467,"[128, 307, 32]",leaky_relu,model_1,Int8WeightOnlyConfig,int8,8.0,False,True,pytorch_relative_model_size,0.25,pytorch,model_size,True,1.0
13,128,307,32,467,"[128, 307, 32]",leaky_relu,model_1,Float8WeightOnlyConfig,float8,8.0,False,True,pytorch_relative_model_size,0.25,pytorch,model_size,True,1.0
14,128,307,32,467,"[128, 307, 32]",leaky_relu,model_1,Int8WeightOnlyConfig,int8,8.0,False,True,pytorch_relative_median_latency,2.4195511164686296,pytorch,median_latency,True,1.0
15,128,307,32,467,"[128, 307, 32]",leaky_relu,model_1,Float8WeightOnlyConfig,float8,8.0,False,True,pytorch_relative_median_latency,2.9180612740109897,pytorch,median_latency,True,1.0
16,128,307,32,467,"[128, 307, 32]",leaky_relu,model_1,Int8WeightOnlyConfig,int8,8.0,False,True,pytorch_relative_p95_latency,2.3295508913272682,pytorch,p95_latency,True,1.0
17,128,307,32,467,"[128, 307, 32]",leaky_relu,model_1,Float8WeightOnlyConfig,float8,8.0,False,True,pytorch_relative_p95_latency,2.7857499288710903,pytorch,p95_latency,True,1.0
18,128,307,32,467,"[128, 307, 32]",leaky_relu,model_1,Int8WeightOnlyConfig,int8,8.0,False,True,pytorch_relative_p99_latency,2.2934552865553215,pytorch,p99_latency,True,1.0
19,128,307,32,467,"[128, 307, 32]",leaky_relu,model_1,Float8WeightOnlyConfig,float8,8.0,False,True,pytorch_relative_p99_latency,2.7606307153639444,pytorch,p99_latency,True,1.0
20,128,307,32,467,"[128, 307, 32]",leaky_relu,model_1,Int8WeightOnlyConfig,int8,8.0,False,True,onnx_quantized_model_size,33287.0,onnx,model_size,False,1.0
21,128,307,32,467,"[128, 307, 32]",leaky_relu,model_1,Float8WeightOnlyConfig,float8,8.0,False,True,onnx_quantized_model_size,,onnx,model_size,False,1.0
22,128,307,32,467,"[128, 307, 32]",leaky_relu,model_1,Int8WeightOnlyConfig,int8,8.0,False,True,onnx_quantized_median_latency,0.00020245183259248734,onnx,median_latency,False,1.0
23,128,307,32,467,"[128, 307, 32]",leaky_relu,model_1,Float8WeightOnlyConfig,float8,8.0,False,True,onnx_quantized_median_latency,,onnx,median_latency,False,1.0
24,128,307,32,467,"[128, 307, 32]",leaky_relu,model_1,Int8WeightOnlyConfig,int8,8.0,False,True,onnx_quantized_p95_latency,0.0002177506685256958,onnx,p95_latency,False,1.0
25,128,307,32,467,"[128, 307, 32]",leaky_relu,model_1,Float8WeightOnlyConfig,float8,8.0,False,True,onnx_quantized_p95_latency,,onnx,p95_latency,False,1.0
26,128,307,32,467,"[128, 307, 32]",leaky_relu,model_1,Int8WeightOnlyConfig,int8,8.0,False,True,onnx_quantized_p99_latency,0.00022358009591698645,onnx,p99_latency,False,1.0
27,128,307,32,467,"[128, 307, 32]",leaky_relu,model_1,Float8WeightOnlyConfig,float8,8.0,False,True,onnx_quantized_p99_latency,,onnx,p99_latency,False,1.0
28,128,307,32,467,"[128, 307, 32]",leaky_relu,model_1,Int8WeightOnlyConfig,int8,8.0,False,True,onnx_relative_model_size,2.3829193213544277,onnx,model_size,True,1.0
29,128,307,32,467,"[128, 307, 32]",leaky_relu,model_1,Float8WeightOnlyConfig,float8,8.0,False,True,onnx_relative_model_size,,onnx,model_size,True,1.0
30,128,307,32,467,"[128, 307, 32]",leaky_relu,model_1,Int8WeightOnlyConfig,int8,8.0,False,True,onnx_relative_median_latency,1.3239842374853064,onnx,median_latency,True,1.0
31,128,307,32,467,"[128, 307, 32]",leaky_relu,model_1,Float8WeightOnlyConfig,float8,8.0,False,True,onnx_relative_median_latency,,onnx,median_latency,True,1.0
32,128,307,32,467,"[128, 307, 32]",leaky_relu,model_1,Int8WeightOnlyConfig,int8,8.0,False,True,onnx_relative_p95_latency,1.326172173004528,onnx,p95_latency,True,1.0
33,128,307,32,467,"[128, 307, 32]",leaky_relu,model_1,Float8WeightOnlyConfig,float8,8.0,False,True,onnx_relative_p95_latency,,onnx,p95_latency,True,1.0
34,128,307,32,467,"[128, 307, 32]",leaky_relu,model_1,Int8WeightOnlyConfig,int8,8.0,False,True,onnx_relative_p99_latency,1.2941712957157796,onnx,p99_latency,True,1.0
35,128,307,32,467,"[128, 307, 32]",leaky_relu,model_1,Float8WeightOnlyConfig,float8,8.0,False,True,onnx_relative_p99_latency,,onnx,p99_latency,True,1.0
36,128,307,32,467,"[128, 307, 32]",leaky_relu,model_1,Int8WeightOnlyConfig,int8,8.0,False,True,pt2_quantized_model_size,204705.0,pt2,model_size,False,1.0
37,128,307,32,467,"[128, 307, 32]",leaky_relu,model_1,Float8WeightOnlyConfig,float8,8.0,False,True,pt2_quantized_model_size,183905.0,pt2,model_size,False,1.0
38,128,307,32,467,"[128, 307, 32]",leaky_relu,model_1,Int8WeightOnlyConfig,int8,8.0,False,True,pt2_quantized_median_latency,0.0008890768513083458,pt2,median_latency,False,1.0
39,128,307,32,467,"[128, 307, 32]",leaky_relu,model_1,Float8WeightOnlyConfig,float8,8.0,False,True,pt2_quantized_median_latency,0.0007162652909755707,pt2,median_latency,False,1.0
40,128,307,32,467,"[128, 307, 32]",leaky_relu,model_1,Int8WeightOnlyConfig,int8,8.0,False,True,pt2_quantized_p95_latency,0.0009023336693644524,pt2,p95_latency,False,1.0
41,128,307,32,467,"[128, 307, 32]",leaky_relu,model_1,Float8WeightOnlyConfig,float8,8.0,False,True,pt2_quantized_p95_latency,0.0007282136008143425,pt2,p95_latency,False,1.0
42,128,307,32,467,"[128, 307, 32]",leaky_relu,model_1,Int8WeightOnlyConfig,int8,8.0,False,True,pt2_quantized_p99_latency,0.0010374644212424755,pt2,p99_latency,False,1.0
43,128,307,32,467,"[128, 307, 32]",leaky_relu,model_1,Float8WeightOnlyConfig,float8,8.0,False,True,pt2_quantized_p99_latency,0.0008857388049364089,pt2,p99_latency,False,1.0
44,128,307,32,467,"[128, 307, 32]",leaky_relu,model_1,Int8WeightOnlyConfig,int8,8.0,False,True,pt2_relative_model_size,0.672590708815093,pt2,model_size,True,1.0
45,128,307,32,467,"[128, 307, 32]",leaky_relu,model_1,Float8WeightOnlyConfig,float8,8.0,False,True,pt2_relative_model_size,0.6042490134810565,pt2,model_size,True,1.0
46,128,307,32,467,"[128, 307, 32]",leaky_relu,model_1,Int8WeightOnlyConfig,int8,8.0,False,True,pt2_relative_median_latency,2.0080415138155017,pt2,median_latency,True,1.0
47,128,307,32,467,"[128, 307, 32]",leaky_relu,model_1,Float8WeightOnlyConfig,float8,8.0,False,True,pt2_relative_median_latency,1.6177346615959345,pt2,median_latency,True,1.0
48,128,307,32,467,"[128, 307, 32]",leaky_relu,model_1,Int8WeightOnlyConfig,int8,8.0,False,True,pt2_relative_p95_latency,1.9196643298782787,pt2,p95_latency,True,1.0
49,128,307,32,467,"[128, 307, 32]",leaky_relu,model_1,Float8WeightOnlyConfig,float8,8.0,False,True,pt2_relative_p95_latency,1.5492336388158108,pt2,p95_latency,True,1.0
50,128,307,32,467,"[128, 307, 32]",leaky_relu,model_1,Int8WeightOnlyConfig,int8,8.0,False,True,pt2_relative_p99_latency,1.6509374770470313,pt2,p99_latency,True,1.0
51,128,307,32,467,"[128, 307, 32]",leaky_relu,model_1,Float8WeightOnlyConfig,float8,8.0,False,True,pt2_relative_p99_latency,1.4094935286485357,pt2,p99_latency,True,1.0
52,128,307,32,467,"[128, 307, 32]",leaky_relu,model_1,Int8WeightOnlyConfig,int8,8.0,False,True,pytorch_quantized_MAE,8.456240197340497,pytorch,MAE,False,2.0
53,128,307,32,467,"[128, 307, 32]",leaky_relu,model_1,Float8WeightOnlyConfig,float8,8.0,False,True,pytorch_quantized_MAE,8.572366084675686,pytorch,MAE,False,2.0
54,128,307,32,467,"[128, 307, 32]",leaky_relu,model_1,Int8WeightOnlyConfig,int8,8.0,False,True,pytorch_relative_MAE,1.0023727814878527,pytorch,MAE,True,2.0
55,128,307,32,467,"[128, 307, 32]",leaky_relu,model_1,Float8WeightOnlyConfig,float8,8.0,False,True,pytorch_relative_MAE,1.0161379331361617,pytorch,MAE,True,2.0
56,128,307,32,467,"[128, 307, 32]",leaky_relu,model_1,Int8WeightOnlyConfig,int8,8.0,False,True,pytorch_quantized_model_size,59988.0,pytorch,model_size,False,2.0
57,128,307,32,467,"[128, 307, 32]",leaky_relu,model_1,Float8WeightOnlyConfig,float8,8.0,False,True,pytorch_quantized_model_size,59988.0,pytorch,model_size,False,2.0
58,128,307,32,467,"[128, 307, 32]",leaky_relu,model_1,Int8WeightOnlyConfig,int8,8.0,False,True,pytorch_quantized_median_latency,0.0004224814474582672,pytorch,median_latency,False,2.0
59,128,307,32,467,"[128, 307, 32]",leaky_relu,model_1,Float8WeightOnlyConfig,float8,8.0,False,True,pytorch_quantized_median_latency,0.0005029859021306038,pytorch,median_latency,False,2.0
60,128,307,32,467,"[128, 307, 32]",leaky_relu,model_1,Int8WeightOnlyConfig,int8,8.0,False,True,pytorch_quantized_p95_latency,0.0004343816079199314,pytorch,p95_latency,False,2.0
61,128,307,32,467,"[128, 307, 32]",leaky_relu,model_1,Float8WeightOnlyConfig,float8,8.0,False,True,pytorch_quantized_p95_latency,0.0005115834064781666,pytorch,p95_latency,False,2.0
62,128,307,32,467,"[128, 307, 32]",leaky_relu,model_1,Int8WeightOnlyConfig,int8,8.0,False,True,pytorch_quantized_p99_latency,0.00043995821848511694,pytorch,p99_latency,False,2.0
63,128,307,32,467,"[128, 307, 32]",leaky_relu,model_1,Float8WeightOnlyConfig,float8,8.0,False,True,pytorch_quantized_p99_latency,0.0005193936266005038,pytorch,p99_latency,False,2.0
64,128,307,32,467,"[128, 307, 32]",leaky_relu,model_1,Int8WeightOnlyConfig,int8,8.0,False,True,pytorch_relative_model_size,0.25,pytorch,model_size,True,2.0
65,128,307,32,467,"[128, 307, 32]",leaky_relu,model_1,Float8WeightOnlyConfig,float8,8.0,False,True,pytorch_relative_model_size,0.25,pytorch,model_size,True,2.0
66,128,307,32,467,"[128, 307, 32]",leaky_relu,model_1,Int8WeightOnlyConfig,int8,8.0,False,True,pytorch_relative_median_latency,2.755086423652022,pytorch,median_latency,True,2.0
67,128,307,32,467,"[128, 307, 32]",leaky_relu,model_1,Float8WeightOnlyConfig,float8,8.0,False,True,pytorch_relative_median_latency,3.2800721512990876,pytorch,median_latency,True,2.0
68,128,307,32,467,"[128, 307, 32]",leaky_relu,model_1,Int8WeightOnlyConfig,int8,8.0,False,True,pytorch_relative_p95_latency,2.6202531076671054,pytorch,p95_latency,True,2.0
69,128,307,32,467,"[128, 307, 32]",leaky_relu,model_1,Float8WeightOnlyConfig,float8,8.0,False,True,pytorch_relative_p95_latency,3.0859455976377967,pytorch,p95_latency,True,2.0
70,128,307,32,467,"[128, 307, 32]",leaky_relu,model_1,Int8WeightOnlyConfig,int8,8.0,False,True,pytorch_relative_p99_latency,1.5849700903295825,pytorch,p99_latency,True,2.0
71,128,307,32,467,"[128, 307, 32]",leaky_relu,model_1,Float8WeightOnlyConfig,float8,8.0,False,True,pytorch_relative_p99_latency,1.8711398689270269,pytorch,p99_latency,True,2.0
72,128,307,32,467,"[128, 307, 32]",leaky_relu,model_1,Int8WeightOnlyConfig,int8,8.0,False,True,onnx_quantized_model_size,33287.0,onnx,model_size,False,2.0
73,128,307,32,467,"[128, 307, 32]",leaky_relu,model_1,Float8WeightOnlyConfig,float8,8.0,False,True,onnx_quantized_model_size,,onnx,model_size,False,2.0
74,128,307,32,467,"[128, 307, 32]",leaky_relu,model_1,Int8WeightOnlyConfig,int8,8.0,False,True,onnx_quantized_median_latency,0.0002137729898095131,onnx,median_latency,False,2.0
75,128,307,32,467,"[128, 307, 32]",leaky_relu,model_1,Float8WeightOnlyConfig,float8,8.0,False,True,onnx_quantized_median_latency,,onnx,median_latency,False,2.0
76,128,307,32,467,"[128, 307, 32]",leaky_relu,model_1,Int8WeightOnlyConfig,int8,8.0,False,True,onnx_quantized_p95_latency,0.00023737149313092225,onnx,p95_latency,False,2.0
77,128,307,32,467,"[128, 307, 32]",leaky_relu,model_1,Float8WeightOnlyConfig,float8,8.0,False,True,onnx_quantized_p95_latency,,onnx,p95_latency,False,2.0
78,128,307,32,467,"[128, 307, 32]",leaky_relu,model_1,Int8WeightOnlyConfig,int8,8.0,False,True,onnx_quantized_p99_latency,0.00024927875027060505,onnx,p99_latency,False,2.0
79,128,307,32,467,"[128, 307, 32]",leaky_relu,model_1,Float8WeightOnlyConfig,float8,8.0,False,True,onnx_quantized_p99_latency,,onnx,p99_latency,False,2.0
80,128,307,32,467,"[128, 307, 32]",leaky_relu,model_1,Int8WeightOnlyConfig,int8,8.0,False,True,onnx_relative_model_size,2.3829193213544277,onnx,model_size,True,2.0
81,128,307,32,467,"[128, 307, 32]",leaky_relu,model_1,Float8WeightOnlyConfig,float8,8.0,False,True,onnx_relative_model_size,,onnx,model_size,True,2.0
82,128,307,32,467,"[128, 307, 32]",leaky_relu,model_1,Int8WeightOnlyConfig,int8,8.0,False,True,onnx_relative_median_latency,1.3387594412528068,onnx,median_latency,True,2.0
83,128,307,32,467,"[128, 307, 32]",leaky_relu,model_1,Float8WeightOnlyConfig,float8,8.0,False,True,onnx_relative_median_latency,,onnx,median_latency,True,2.0
84,128,307,32,467,"[128, 307, 32]",leaky_relu,model_1,Int8WeightOnlyConfig,int8,8.0,False,True,onnx_relative_p95_latency,1.416251493345928,onnx,p95_latency,True,2.0
85,128,307,32,467,"[128, 307, 32]",leaky_relu,model_1,Float8WeightOnlyConfig,float8,8.0,False,True,onnx_relative_p95_latency,,onnx,p95_latency,True,2.0
86,128,307,32,467,"[128, 307, 32]",leaky_relu,model_1,Int8WeightOnlyConfig,int8,8.0,False,True,onnx_relative_p99_latency,1.4438616370888155,onnx,p99_latency,True,2.0
87,128,307,32,467,"[128, 307, 32]",leaky_relu,model_1,Float8WeightOnlyConfig,float8,8.0,False,True,onnx_relative_p99_latency,,onnx,p99_latency,True,2.0
88,128,307,32,467,"[128, 307, 32]",leaky_relu,model_1,Int8WeightOnlyConfig,int8,8.0,False,True,pt2_quantized_model_size,204705.0,pt2,model_size,False,2.0
89,128,307,32,467,"[128, 307, 32]",leaky_relu,model_1,Float8WeightOnlyConfig,float8,8.0,False,True,pt2_quantized_model_size,183905.0,pt2,model_size,False,2.0
90,128,307,32,467,"[128, 307, 32]",leaky_relu,model_1,Int8WeightOnlyConfig,int8,8.0,False,True,pt2_quantized_median_latency,0.000878126360476017,pt2,median_latency,False,2.0
91,128,307,32,467,"[128, 307, 32]",leaky_relu,model_1,Float8WeightOnlyConfig,float8,8.0,False,True,pt2_quantized_median_latency,0.0007154783234000206,pt2,median_latency,False,2.0
92,128,307,32,467,"[128, 307, 32]",leaky_relu,model_1,Int8WeightOnlyConfig,int8,8.0,False,True,pt2_quantized_p95_latency,0.000896531343460083,pt2,p95_latency,False,2.0
93,128,307,32,467,"[128, 307, 32]",leaky_relu,model_1,Float8WeightOnlyConfig,float8,8.0,False,True,pt2_quantized_p95_latency,0.0007309293374419213,pt2,p95_latency,False,2.0
94,128,307,32,467,"[128, 307, 32]",leaky_relu,model_1,Int8WeightOnlyConfig,int8,8.0,False,True,pt2_quantized_p99_latency,0.0010723396576941013,pt2,p99_latency,False,2.0
95,128,307,32,467,"[128, 307, 32]",leaky_relu,model_1,Float8WeightOnlyConfig,float8,8.0,False,True,pt2_quantized_p99_latency,0.0009185769408941268,pt2,p99_latency,False,2.0
96,128,307,32,467,"[128, 307, 32]",leaky_relu,model_1,Int8WeightOnlyConfig,int8,8.0,False,True,pt2_relative_model_size,0.672590708815093,pt2,model_size,True,2.0
97,128,307,32,467,"[128, 307, 32]",leaky_relu,model_1,Float8WeightOnlyConfig,float8,8.0,False,True,pt2_relative_model_size,0.6042490134810565,pt2,model_size,True,2.0
98,128,307,32,467,"[128, 307, 32]",leaky_relu,model_1,Int8WeightOnlyConfig,int8,8.0,False,True,pt2_relative_median_latency,1.9962885096238332,pt2,median_latency,True,2.0
99,128,307,32,467,"[128, 307, 32]",leaky_relu,model_1,Float8WeightOnlyConfig,float8,8.0,False,True,pt2_relative_median_latency,1.6265326041620352,pt2,median_latency,True,2.0
100,128,307,32,467,"[128, 307, 32]",leaky_relu,model_1,Int8WeightOnlyConfig,int8,8.0,False,True,pt2_relative_p95_latency,1.9652662034296093,pt2,p95_latency,True,2.0
101,128,307,32,467,"[128, 307, 32]",leaky_relu,model_1,Float8WeightOnlyConfig,float8,8.0,False,True,pt2_relative_p95_latency,1.6022537688708944,pt2,p95_latency,True,2.0
102,128,307,32,467,"[128, 307, 32]",leaky_relu,model_1,Int8WeightOnlyConfig,int8,8.0,False,True,pt2_relative_p99_latency,1.6587193204559876,pt2,p99_latency,True,2.0
103,128,307,32,467,"[128, 307, 32]",leaky_relu,model_1,Float8WeightOnlyConfig,float8,8.0,False,True,pt2_relative_p99_latency,1.4208756602948371,pt2,p99_latency,True,2.0
104,128,307,32,467,"[128, 307, 32]",leaky_relu,model_1,Int8WeightOnlyConfig,int8,8.0,False,True,pytorch_quantized_MAE,8.56104701303247,pytorch,MAE,False,3.0
105,128,307,32,467,"[128, 307, 32]",leaky_relu,model_1,Float8WeightOnlyConfig,float8,8.0,False,True,pytorch_quantized_MAE,8.672367400979502,pytorch,MAE,False,3.0
106,128,307,32,467,"[128, 307, 32]",leaky_relu,model_1,Int8WeightOnlyConfig,int8,8.0,False,True,pytorch_relative_MAE,1.0023244182612547,pytorch,MAE,True,3.0
107,128,307,32,467,"[128, 307, 32]",leaky_relu,model_1,Float8WeightOnlyConfig,float8,8.0,False,True,pytorch_relative_MAE,1.0153577707144965,pytorch,MAE,True,3.0
108,128,307,32,467,"[128, 307, 32]",leaky_relu,model_1,Int8WeightOnlyConfig,int8,8.0,False,True,pytorch_quantized_model_size,59988.0,pytorch,model_size,False,3.0
109,128,307,32,467,"[128, 307, 32]",leaky_relu,model_1,Float8WeightOnlyConfig,float8,8.0,False,True,pytorch_quantized_model_size,59988.0,pytorch,model_size,False,3.0
110,128,307,32,467,"[128, 307, 32]",leaky_relu,model_1,Int8WeightOnlyConfig,int8,8.0,False,True,pytorch_quantized_median_latency,0.00042243581265211105,pytorch,median_latency,False,3.0
111,128,307,32,467,"[128, 307, 32]",leaky_relu,model_1,Float8WeightOnlyConfig,float8,8.0,False,True,pytorch_quantized_median_latency,0.00051933154463768,pytorch,median_latency,False,3.0
112,128,307,32,467,"[128, 307, 32]",leaky_relu,model_1,Int8WeightOnlyConfig,int8,8.0,False,True,pytorch_quantized_p95_latency,0.0004362589679658413,pytorch,p95_latency,False,3.0
113,128,307,32,467,"[128, 307, 32]",leaky_relu,model_1,Float8WeightOnlyConfig,float8,8.0,False,True,pytorch_quantized_p95_latency,0.0005281690508127212,pytorch,p95_latency,False,3.0
114,128,307,32,467,"[128, 307, 32]",leaky_relu,model_1,Int8WeightOnlyConfig,int8,8.0,False,True,pytorch_quantized_p99_latency,0.00044314537197351453,pytorch,p99_latency,False,3.0
115,128,307,32,467,"[128, 307, 32]",leaky_relu,model_1,Float8WeightOnlyConfig,float8,8.0,False,True,pytorch_quantized_p99_latency,0.0005437799915671348,pytorch,p99_latency,False,3.0
116,128,307,32,467,"[128, 307, 32]",leaky_relu,model_1,Int8WeightOnlyConfig,int8,8.0,False,True,pytorch_relative_model_size,0.25,pytorch,model_size,True,3.0
117,128,307,32,467,"[128, 307, 32]",leaky_relu,model_1,Float8WeightOnlyConfig,float8,8.0,False,True,pytorch_relative_model_size,0.25,pytorch,model_size,True,3.0
118,128,307,32,467,"[128, 307, 32]",leaky_relu,model_1,Int8WeightOnlyConfig,int8,8.0,False,True,pytorch_relative_median_latency,2.429158231847734,pytorch,median_latency,True,3.0
119,128,307,32,467,"[128, 307, 32]",leaky_relu,model_1,Float8WeightOnlyConfig,float8,8.0,False,True,pytorch_relative_median_latency,2.9863436264901515,pytorch,median_latency,True,3.0
120,128,307,32,467,"[128, 307, 32]",leaky_relu,model_1,Int8WeightOnlyConfig,int8,8.0,False,True,pytorch_relative_p95_latency,2.348221174066724,pytorch,p95_latency,True,3.0
121,128,307,32,467,"[128, 307, 32]",leaky_relu,model_1,Float8WeightOnlyConfig,float8,8.0,False,True,pytorch_relative_p95_latency,2.8429392624022034,pytorch,p95_latency,True,3.0
122,128,307,32,467,"[128, 307, 32]",leaky_relu,model_1,Int8WeightOnlyConfig,int8,8.0,False,True,pytorch_relative_p99_latency,2.3385443871736595,pytorch,p99_latency,True,3.0
123,128,307,32,467,"[128, 307, 32]",leaky_relu,model_1,Float8WeightOnlyConfig,float8,8.0,False,True,pytorch_relative_p99_latency,2.8696083216968944,pytorch,p99_latency,True,3.0
124,128,307,32,467,"[128, 307, 32]",leaky_relu,model_1,Int8WeightOnlyConfig,int8,8.0,False,True,onnx_quantized_model_size,33287.0,onnx,model_size,False,3.0
125,128,307,32,467,"[128, 307, 32]",leaky_relu,model_1,Float8WeightOnlyConfig,float8,8.0,False,True,onnx_quantized_model_size,,onnx,model_size,False,3.0
126,128,307,32,467,"[128, 307, 32]",leaky_relu,model_1,Int8WeightOnlyConfig,int8,8.0,False,True,onnx_quantized_median_latency,0.00021376460790634155,onnx,median_latency,False,3.0
127,128,307,32,467,"[128, 307, 32]",leaky_relu,model_1,Float8WeightOnlyConfig,float8,8.0,False,True,onnx_quantized_median_latency,,onnx,median_latency,False,3.0
128,128,307,32,467,"[128, 307, 32]",leaky_relu,model_1,Int8WeightOnlyConfig,int8,8.0,False,True,onnx_quantized_p95_latency,0.00022416701540350914,onnx,p95_latency,False,3.0
129,128,307,32,467,"[128, 307, 32]",leaky_relu,model_1,Float8WeightOnlyConfig,float8,8.0,False,True,onnx_quantized_p95_latency,,onnx,p95_latency,False,3.0
130,128,307,32,467,"[128, 307, 32]",leaky_relu,model_1,Int8WeightOnlyConfig,int8,8.0,False,True,onnx_quantized_p99_latency,0.00022886261343955992,onnx,p99_latency,False,3.0
131,128,307,32,467,"[128, 307, 32]",leaky_relu,model_1,Float8WeightOnlyConfig,float8,8.0,False,True,onnx_quantized_p99_latency,,onnx,p99_latency,False,3.0
132,128,307,32,467,"[128, 307, 32]",leaky_relu,model_1,Int8WeightOnlyConfig,int8,8.0,False,True,onnx_relative_model_size,2.3829193213544277,onnx,model_size,True,3.0
133,128,307,32,467,"[128, 307, 32]",leaky_relu,model_1,Float8WeightOnlyConfig,float8,8.0,False,True,onnx_relative_model_size,,onnx,model_size,True,3.0
134,128,307,32,467,"[128, 307, 32]",leaky_relu,model_1,Int8WeightOnlyConfig,int8,8.0,False,True,onnx_relative_median_latency,1.3411474614795813,onnx,median_latency,True,3.0
135,128,307,32,467,"[128, 307, 32]",leaky_relu,model_1,Float8WeightOnlyConfig,float8,8.0,False,True,onnx_relative_median_latency,,onnx,median_latency,True,3.0
136,128,307,32,467,"[128, 307, 32]",leaky_relu,model_1,Int8WeightOnlyConfig,int8,8.0,False,True,onnx_relative_p95_latency,1.3232509760932738,onnx,p95_latency,True,3.0
137,128,307,32,467,"[128, 307, 32]",leaky_relu,model_1,Float8WeightOnlyConfig,float8,8.0,False,True,onnx_relative_p95_latency,,onnx,p95_latency,True,3.0
138,128,307,32,467,"[128, 307, 32]",leaky_relu,model_1,Int8WeightOnlyConfig,int8,8.0,False,True,onnx_relative_p99_latency,1.3064810218968788,onnx,p99_latency,True,3.0
139,128,307,32,467,"[128, 307, 32]",leaky_relu,model_1,Float8WeightOnlyConfig,float8,8.0,False,True,onnx_relative_p99_latency,,onnx,p99_latency,True,3.0
140,128,307,32,467,"[128, 307, 32]",leaky_relu,model_1,Int8WeightOnlyConfig,int8,8.0,False,True,pt2_quantized_model_size,204705.0,pt2,model_size,False,3.0
141,128,307,32,467,"[128, 307, 32]",leaky_relu,model_1,Float8WeightOnlyConfig,float8,8.0,False,True,pt2_quantized_model_size,183905.0,pt2,model_size,False,3.0
142,128,307,32,467,"[128, 307, 32]",leaky_relu,model_1,Int8WeightOnlyConfig,int8,8.0,False,True,pt2_quantized_median_latency,0.000872989185154438,pt2,median_latency,False,3.0
143,128,307,32,467,"[128, 307, 32]",leaky_relu,model_1,Float8WeightOnlyConfig,float8,8.0,False,True,pt2_quantized_median_latency,0.0007093362510204315,pt2,median_latency,False,3.0
144,128,307,32,467,"[128, 307, 32]",leaky_relu,model_1,Int8WeightOnlyConfig,int8,8.0,False,True,pt2_quantized_p95_latency,0.0008858934044837952,pt2,p95_latency,False,3.0
145,128,307,32,467,"[128, 307, 32]",leaky_relu,model_1,Float8WeightOnlyConfig,float8,8.0,False,True,pt2_quantized_p95_latency,0.0007189949043095112,pt2,p95_latency,False,3.0
146,128,307,32,467,"[128, 307, 32]",leaky_relu,model_1,Int8WeightOnlyConfig,int8,8.0,False,True,pt2_quantized_p99_latency,0.001009743623435497,pt2,p99_latency,False,3.0
147,128,307,32,467,"[128, 307, 32]",leaky_relu,model_1,Float8WeightOnlyConfig,float8,8.0,False,True,pt2_quantized_p99_latency,0.0008469358459115028,pt2,p99_latency,False,3.0
148,128,307,32,467,"[128, 307, 32]",leaky_relu,model_1,Int8WeightOnlyConfig,int8,8.0,False,True,pt2_relative_model_size,0.672590708815093,pt2,model_size,True,3.0
149,128,307,32,467,"[128, 307, 32]",leaky_relu,model_1,Float8WeightOnlyConfig,float8,8.0,False,True,pt2_relative_model_size,0.6042490134810565,pt2,model_size,True,3.0
150,128,307,32,467,"[128, 307, 32]",leaky_relu,model_1,Int8WeightOnlyConfig,int8,8.0,False,True,pt2_relative_median_latency,2.0132150358887126,pt2,median_latency,True,3.0
151,128,307,32,467,"[128, 307, 32]",leaky_relu,model_1,Float8WeightOnlyConfig,float8,8.0,False,True,pt2_relative_median_latency,1.635812253278523,pt2,median_latency,True,3.0
152,128,307,32,467,"[128, 307, 32]",leaky_relu,model_1,Int8WeightOnlyConfig,int8,8.0,False,True,pt2_relative_p95_latency,1.9494366697988408,pt2,p95_latency,True,3.0
153,128,307,32,467,"[128, 307, 32]",leaky_relu,model_1,Float8WeightOnlyConfig,float8,8.0,False,True,pt2_relative_p95_latency,1.5821712011460274,pt2,p95_latency,True,3.0
154,128,307,32,467,"[128, 307, 32]",leaky_relu,model_1,Int8WeightOnlyConfig,int8,8.0,False,True,pt2_relative_p99_latency,1.6236580459854455,pt2,p99_latency,True,3.0
155,128,307,32,467,"[128, 307, 32]",leaky_relu,model_1,Float8WeightOnlyConfig,float8,8.0,False,True,pt2_relative_p99_latency,1.3618647038037426,pt2,p99_latency,True,3.0
156,570,182,100,852,"[570, 182, 100]",relu,model_10,,,,,,,,,,,
157,740,316,132,1188,"[740, 316, 132]",celu,model_11,,,,,,,,,,,
158,351,72,37,460,"[351, 72, 37]",relu,model_12,,,,,,,,,,,
159,247,230,78,555,"[247, 230, 78]",gelu,model_13,,,,,,,,,,,
160,846,64,200,1110,"[846, 64, 200]",gelu,model_14,,,,,,,,,,,
161,449,340,32,821,"[449, 340, 32]",relu,model_15,,,,,,,,,,,
162,192,168,166,526,"[192, 168, 166]",elu,model_16,,,,,,,,,,,
163,210,362,107,679,"[210, 362, 107]",gelu,model_17,,,,,,,,,,,
164,487,146,175,808,"[487, 146, 175]",leaky_relu,model_18,,,,,,,,,,,
165,878,250,32,1160,"[878, 250, 32]",relu,model_19,,,,,,,,,,,
166,528,89,152,769,"[528, 89, 152]",elu,model_2,Int8WeightOnlyConfig,int8,8.0,False,True,pytorch_quantized_MAE,9.831261951521894,pytorch,MAE,False,1.0
167,528,89,152,769,"[528, 89, 152]",elu,model_2,Float8WeightOnlyConfig,float8,8.0,False,True,pytorch_quantized_MAE,9.831364987822827,pytorch,MAE,False,1.0
168,528,89,152,769,"[528, 89, 152]",elu,model_2,Int8WeightOnlyConfig,int8,8.0,False,True,pytorch_relative_MAE,1.0008046101753358,pytorch,MAE,True,1.0
169,528,89,152,769,"[528, 89, 152]",elu,model_2,Float8WeightOnlyConfig,float8,8.0,False,True,pytorch_relative_MAE,1.0008150990836264,pytorch,MAE,True,1.0
170,528,89,152,769,"[528, 89, 152]",elu,model_2,Int8WeightOnlyConfig,int8,8.0,False,True,pytorch_quantized_model_size,104210.0,pytorch,model_size,False,1.0
171,528,89,152,769,"[528, 89, 152]",elu,model_2,Float8WeightOnlyConfig,float8,8.0,False,True,pytorch_quantized_model_size,104210.0,pytorch,model_size,False,1.0
172,528,89,152,769,"[528, 89, 152]",elu,model_2,Int8WeightOnlyConfig,int8,8.0,False,True,pytorch_quantized_median_latency,0.0004135891795158386,pytorch,median_latency,False,1.0
173,528,89,152,769,"[528, 89, 152]",elu,model_2,Float8WeightOnlyConfig,float8,8.0,False,True,pytorch_quantized_median_latency,0.0005200738087296486,pytorch,median_latency,False,1.0
174,528,89,152,769,"[528, 89, 152]",elu,model_2,Int8WeightOnlyConfig,int8,8.0,False,True,pytorch_quantized_p95_latency,0.00042541241273283956,pytorch,p95_latency,False,1.0
175,528,89,152,769,"[528, 89, 152]",elu,model_2,Float8WeightOnlyConfig,float8,8.0,False,True,pytorch_quantized_p95_latency,0.0005777124315500259,pytorch,p95_latency,False,1.0
176,528,89,152,769,"[528, 89, 152]",elu,model_2,Int8WeightOnlyConfig,int8,8.0,False,True,pytorch_quantized_p99_latency,0.0004304235242307186,pytorch,p99_latency,False,1.0
177,528,89,152,769,"[528, 89, 152]",elu,model_2,Float8WeightOnlyConfig,float8,8.0,False,True,pytorch_quantized_p99_latency,0.0005881280452013016,pytorch,p99_latency,False,1.0
178,528,89,152,769,"[528, 89, 152]",elu,model_2,Int8WeightOnlyConfig,int8,8.0,False,True,pytorch_relative_model_size,0.25,pytorch,model_size,True,1.0
179,528,89,152,769,"[528, 89, 152]",elu,model_2,Float8WeightOnlyConfig,float8,8.0,False,True,pytorch_relative_model_size,0.25,pytorch,model_size,True,1.0
180,528,89,152,769,"[528, 89, 152]",elu,model_2,Int8WeightOnlyConfig,int8,8.0,False,True,pytorch_relative_median_latency,2.6259838096420736,pytorch,median_latency,True,1.0
181,528,89,152,769,"[528, 89, 152]",elu,model_2,Float8WeightOnlyConfig,float8,8.0,False,True,pytorch_relative_median_latency,3.302082039819529,pytorch,median_latency,True,1.0
182,528,89,152,769,"[528, 89, 152]",elu,model_2,Int8WeightOnlyConfig,int8,8.0,False,True,pytorch_relative_p95_latency,2.5247445729525073,pytorch,p95_latency,True,1.0
183,528,89,152,769,"[528, 89, 152]",elu,model_2,Float8WeightOnlyConfig,float8,8.0,False,True,pytorch_relative_p95_latency,3.4286172256076495,pytorch,p95_latency,True,1.0
184,528,89,152,769,"[528, 89, 152]",elu,model_2,Int8WeightOnlyConfig,int8,8.0,False,True,pytorch_relative_p99_latency,2.4988842271591523,pytorch,p99_latency,True,1.0
185,528,89,152,769,"[528, 89, 152]",elu,model_2,Float8WeightOnlyConfig,float8,8.0,False,True,pytorch_relative_p99_latency,3.4144599748123854,pytorch,p99_latency,True,1.0
186,528,89,152,769,"[528, 89, 152]",elu,model_2,Int8WeightOnlyConfig,int8,8.0,False,True,onnx_quantized_model_size,32790.0,onnx,model_size,False,1.0
187,528,89,152,769,"[528, 89, 152]",elu,model_2,Float8WeightOnlyConfig,float8,8.0,False,True,onnx_quantized_model_size,,onnx,model_size,False,1.0
188,528,89,152,769,"[528, 89, 152]",elu,model_2,Int8WeightOnlyConfig,int8,8.0,False,True,onnx_quantized_median_latency,0.000369424931704998,onnx,median_latency,False,1.0
189,528,89,152,769,"[528, 89, 152]",elu,model_2,Float8WeightOnlyConfig,float8,8.0,False,True,onnx_quantized_median_latency,,onnx,median_latency,False,1.0
190,528,89,152,769,"[528, 89, 152]",elu,model_2,Int8WeightOnlyConfig,int8,8.0,False,True,onnx_quantized_p95_latency,0.00037895841524004936,onnx,p95_latency,False,1.0
191,528,89,152,769,"[528, 89, 152]",elu,model_2,Float8WeightOnlyConfig,float8,8.0,False,True,onnx_quantized_p95_latency,,onnx,p95_latency,False,1.0
192,528,89,152,769,"[528, 89, 152]",elu,model_2,Int8WeightOnlyConfig,int8,8.0,False,True,onnx_quantized_p99_latency,0.00038305193185806275,onnx,p99_latency,False,1.0
193,528,89,152,769,"[528, 89, 152]",elu,model_2,Float8WeightOnlyConfig,float8,8.0,False,True,onnx_quantized_p99_latency,,onnx,p99_latency,False,1.0
194,528,89,152,769,"[528, 89, 152]",elu,model_2,Int8WeightOnlyConfig,int8,8.0,False,True,onnx_relative_model_size,2.423324218461311,onnx,model_size,True,1.0
195,528,89,152,769,"[528, 89, 152]",elu,model_2,Float8WeightOnlyConfig,float8,8.0,False,True,onnx_relative_model_size,,onnx,model_size,True,1.0
196,528,89,152,769,"[528, 89, 152]",elu,model_2,Int8WeightOnlyConfig,int8,8.0,False,True,onnx_relative_median_latency,1.2993632033752842,onnx,median_latency,True,1.0
197,528,89,152,769,"[528, 89, 152]",elu,model_2,Float8WeightOnlyConfig,float8,8.0,False,True,onnx_relative_median_latency,,onnx,median_latency,True,1.0
198,528,89,152,769,"[528, 89, 152]",elu,model_2,Int8WeightOnlyConfig,int8,8.0,False,True,onnx_relative_p95_latency,1.2961174465336245,onnx,p95_latency,True,1.0
199,528,89,152,769,"[528, 89, 152]",elu,model_2,Float8WeightOnlyConfig,float8,8.0,False,True,onnx_relative_p95_latency,,onnx,p95_latency,True,1.0
200,528,89,152,769,"[528, 89, 152]",elu,model_2,Int8WeightOnlyConfig,int8,8.0,False,True,onnx_relative_p99_latency,1.287758558232488,onnx,p99_latency,True,1.0
201,528,89,152,769,"[528, 89, 152]",elu,model_2,Float8WeightOnlyConfig,float8,8.0,False,True,onnx_relative_p99_latency,,onnx,p99_latency,True,1.0
202,528,89,152,769,"[528, 89, 152]",elu,model_2,Int8WeightOnlyConfig,int8,8.0,False,True,pt2_quantized_model_size,250977.0,pt2,model_size,False,1.0
203,528,89,152,769,"[528, 89, 152]",elu,model_2,Float8WeightOnlyConfig,float8,8.0,False,True,pt2_quantized_model_size,230241.0,pt2,model_size,False,1.0
204,528,89,152,769,"[528, 89, 152]",elu,model_2,Int8WeightOnlyConfig,int8,8.0,False,True,pt2_quantized_median_latency,0.00087028369307518,pt2,median_latency,False,1.0
205,528,89,152,769,"[528, 89, 152]",elu,model_2,Float8WeightOnlyConfig,float8,8.0,False,True,pt2_quantized_median_latency,0.0007151151075959206,pt2,median_latency,False,1.0
206,528,89,152,769,"[528, 89, 152]",elu,model_2,Int8WeightOnlyConfig,int8,8.0,False,True,pt2_quantized_p95_latency,0.0008857846260070801,pt2,p95_latency,False,1.0
207,528,89,152,769,"[528, 89, 152]",elu,model_2,Float8WeightOnlyConfig,float8,8.0,False,True,pt2_quantized_p95_latency,0.0007256636396050453,pt2,p95_latency,False,1.0
208,528,89,152,769,"[528, 89, 152]",elu,model_2,Int8WeightOnlyConfig,int8,8.0,False,True,pt2_quantized_p99_latency,0.001045633815228939,pt2,p99_latency,False,1.0
209,528,89,152,769,"[528, 89, 152]",elu,model_2,Float8WeightOnlyConfig,float8,8.0,False,True,pt2_quantized_p99_latency,0.0008888626657426357,pt2,p99_latency,False,1.0
210,528,89,152,769,"[528, 89, 152]",elu,model_2,Int8WeightOnlyConfig,int8,8.0,False,True,pt2_relative_model_size,0.5216504787776879,pt2,model_size,True,1.0
211,528,89,152,769,"[528, 89, 152]",elu,model_2,Float8WeightOnlyConfig,float8,8.0,False,True,pt2_relative_model_size,0.47855113370648966,pt2,model_size,True,1.0
212,528,89,152,769,"[528, 89, 152]",elu,model_2,Int8WeightOnlyConfig,int8,8.0,False,True,pt2_relative_median_latency,1.3415894747118582,pt2,median_latency,True,1.0
213,528,89,152,769,"[528, 89, 152]",elu,model_2,Float8WeightOnlyConfig,float8,8.0,False,True,pt2_relative_median_latency,1.1023886914025487,pt2,median_latency,True,1.0
214,528,89,152,769,"[528, 89, 152]",elu,model_2,Int8WeightOnlyConfig,int8,8.0,False,True,pt2_relative_p95_latency,1.3088781086068386,pt2,p95_latency,True,1.0
215,528,89,152,769,"[528, 89, 152]",elu,model_2,Float8WeightOnlyConfig,float8,8.0,False,True,pt2_relative_p95_latency,1.072275612157006,pt2,p95_latency,True,1.0
216,528,89,152,769,"[528, 89, 152]",elu,model_2,Int8WeightOnlyConfig,int8,8.0,False,True,pt2_relative_p99_latency,1.3021190078025495,pt2,p99_latency,True,1.0
217,528,89,152,769,"[528, 89, 152]",elu,model_2,Float8WeightOnlyConfig,float8,8.0,False,True,pt2_relative_p99_latency,1.106893212071684,pt2,p99_latency,True,1.0
218,528,89,152,769,"[528, 89, 152]",elu,model_2,Int8WeightOnlyConfig,int8,8.0,False,True,pytorch_quantized_MAE,9.576343195458572,pytorch,MAE,False,2.0
219,528,89,152,769,"[528, 89, 152]",elu,model_2,Float8WeightOnlyConfig,float8,8.0,False,True,pytorch_quantized_MAE,9.576133979230363,pytorch,MAE,False,2.0
220,528,89,152,769,"[528, 89, 152]",elu,model_2,Int8WeightOnlyConfig,int8,8.0,False,True,pytorch_relative_MAE,1.0008421869002866,pytorch,MAE,True,2.0
221,528,89,152,769,"[528, 89, 152]",elu,model_2,Float8WeightOnlyConfig,float8,8.0,False,True,pytorch_relative_MAE,1.0008203213068025,pytorch,MAE,True,2.0
222,528,89,152,769,"[528, 89, 152]",elu,model_2,Int8WeightOnlyConfig,int8,8.0,False,True,pytorch_quantized_model_size,104210.0,pytorch,model_size,False,2.0
223,528,89,152,769,"[528, 89, 152]",elu,model_2,Float8WeightOnlyConfig,float8,8.0,False,True,pytorch_quantized_model_size,104210.0,pytorch,model_size,False,2.0
224,528,89,152,769,"[528, 89, 152]",elu,model_2,Int8WeightOnlyConfig,int8,8.0,False,True,pytorch_quantized_median_latency,0.0004368685185909271,pytorch,median_latency,False,2.0
225,528,89,152,769,"[528, 89, 152]",elu,model_2,Float8WeightOnlyConfig,float8,8.0,False,True,pytorch_quantized_median_latency,0.0005397936329245567,pytorch,median_latency,False,2.0
226,528,89,152,769,"[528, 89, 152]",elu,model_2,Int8WeightOnlyConfig,int8,8.0,False,True,pytorch_quantized_p95_latency,0.0004476575180888176,pytorch,p95_latency,False,2.0
227,528,89,152,769,"[528, 89, 152]",elu,model_2,Float8WeightOnlyConfig,float8,8.0,False,True,pytorch_quantized_p95_latency,0.0005465639755129814,pytorch,p95_latency,False,2.0
228,528,89,152,769,"[528, 89, 152]",elu,model_2,Int8WeightOnlyConfig,int8,8.0,False,True,pytorch_quantized_p99_latency,0.0004498565196990967,pytorch,p99_latency,False,2.0
229,528,89,152,769,"[528, 89, 152]",elu,model_2,Float8WeightOnlyConfig,float8,8.0,False,True,pytorch_quantized_p99_latency,0.0005522515438497066,pytorch,p99_latency,False,2.0
230,528,89,152,769,"[528, 89, 152]",elu,model_2,Int8WeightOnlyConfig,int8,8.0,False,True,pytorch_relative_model_size,0.25,pytorch,model_size,True,2.0
231,528,89,152,769,"[528, 89, 152]",elu,model_2,Float8WeightOnlyConfig,float8,8.0,False,True,pytorch_relative_model_size,0.25,pytorch,model_size,True,2.0
232,528,89,152,769,"[528, 89, 152]",elu,model_2,Int8WeightOnlyConfig,int8,8.0,False,True,pytorch_relative_median_latency,2.3555725175506432,pytorch,median_latency,True,2.0
233,528,89,152,769,"[528, 89, 152]",elu,model_2,Float8WeightOnlyConfig,float8,8.0,False,True,pytorch_relative_median_latency,2.9105394249214114,pytorch,median_latency,True,2.0
234,528,89,152,769,"[528, 89, 152]",elu,model_2,Int8WeightOnlyConfig,int8,8.0,False,True,pytorch_relative_p95_latency,2.279625447347029,pytorch,p95_latency,True,2.0
235,528,89,152,769,"[528, 89, 152]",elu,model_2,Float8WeightOnlyConfig,float8,8.0,False,True,pytorch_relative_p95_latency,2.7832910134111626,pytorch,p95_latency,True,2.0
236,528,89,152,769,"[528, 89, 152]",elu,model_2,Int8WeightOnlyConfig,int8,8.0,False,True,pytorch_relative_p99_latency,2.251461681923769,pytorch,p99_latency,True,2.0
237,528,89,152,769,"[528, 89, 152]",elu,model_2,Float8WeightOnlyConfig,float8,8.0,False,True,pytorch_relative_p99_latency,2.7639327992679426,pytorch,p99_latency,True,2.0
238,528,89,152,769,"[528, 89, 152]",elu,model_2,Int8WeightOnlyConfig,int8,8.0,False,True,onnx_quantized_model_size,32790.0,onnx,model_size,False,2.0
239,528,89,152,769,"[528, 89, 152]",elu,model_2,Float8WeightOnlyConfig,float8,8.0,False,True,onnx_quantized_model_size,,onnx,model_size,False,2.0
240,528,89,152,769,"[528, 89, 152]",elu,model_2,Int8WeightOnlyConfig,int8,8.0,False,True,onnx_quantized_median_latency,0.0003731958568096161,onnx,median_latency,False,2.0
241,528,89,152,769,"[528, 89, 152]",elu,model_2,Float8WeightOnlyConfig,float8,8.0,False,True,onnx_quantized_median_latency,,onnx,median_latency,False,2.0
242,528,89,152,769,"[528, 89, 152]",elu,model_2,Int8WeightOnlyConfig,int8,8.0,False,True,onnx_quantized_p95_latency,0.00038190316408872607,onnx,p95_latency,False,2.0
243,528,89,152,769,"[528, 89, 152]",elu,model_2,Float8WeightOnlyConfig,float8,8.0,False,True,onnx_quantized_p95_latency,,onnx,p95_latency,False,2.0
244,528,89,152,769,"[528, 89, 152]",elu,model_2,Int8WeightOnlyConfig,int8,8.0,False,True,onnx_quantized_p99_latency,0.0003852731548249722,onnx,p99_latency,False,2.0
245,528,89,152,769,"[528, 89, 152]",elu,model_2,Float8WeightOnlyConfig,float8,8.0,False,True,onnx_quantized_p99_latency,,onnx,p99_latency,False,2.0
246,528,89,152,769,"[528, 89, 152]",elu,model_2,Int8WeightOnlyConfig,int8,8.0,False,True,onnx_relative_model_size,2.423324218461311,onnx,model_size,True,2.0
247,528,89,152,769,"[528, 89, 152]",elu,model_2,Float8WeightOnlyConfig,float8,8.0,False,True,onnx_relative_model_size,,onnx,model_size,True,2.0
248,528,89,152,769,"[528, 89, 152]",elu,model_2,Int8WeightOnlyConfig,int8,8.0,False,True,onnx_relative_median_latency,1.3254740853204727,onnx,median_latency,True,2.0
249,528,89,152,769,"[528, 89, 152]",elu,model_2,Float8WeightOnlyConfig,float8,8.0,False,True,onnx_relative_median_latency,,onnx,median_latency,True,2.0
250,528,89,152,769,"[528, 89, 152]",elu,model_2,Int8WeightOnlyConfig,int8,8.0,False,True,onnx_relative_p95_latency,1.3186917576901236,onnx,p95_latency,True,2.0
251,528,89,152,769,"[528, 89, 152]",elu,model_2,Float8WeightOnlyConfig,float8,8.0,False,True,onnx_relative_p95_latency,,onnx,p95_latency,True,2.0
252,528,89,152,769,"[528, 89, 152]",elu,model_2,Int8WeightOnlyConfig,int8,8.0,False,True,onnx_relative_p99_latency,1.3143903158484975,onnx,p99_latency,True,2.0
253,528,89,152,769,"[528, 89, 152]",elu,model_2,Float8WeightOnlyConfig,float8,8.0,False,True,onnx_relative_p99_latency,,onnx,p99_latency,True,2.0
254,528,89,152,769,"[528, 89, 152]",elu,model_2,Int8WeightOnlyConfig,int8,8.0,False,True,pt2_quantized_model_size,250977.0,pt2,model_size,False,2.0
255,528,89,152,769,"[528, 89, 152]",elu,model_2,Float8WeightOnlyConfig,float8,8.0,False,True,pt2_quantized_model_size,230241.0,pt2,model_size,False,2.0
256,528,89,152,769,"[528, 89, 152]",elu,model_2,Int8WeightOnlyConfig,int8,8.0,False,True,pt2_quantized_median_latency,0.0009159911423921585,pt2,median_latency,False,2.0
257,528,89,152,769,"[528, 89, 152]",elu,model_2,Float8WeightOnlyConfig,float8,8.0,False,True,pt2_quantized_median_latency,0.0007405504584312439,pt2,median_latency,False,2.0
258,528,89,152,769,"[528, 89, 152]",elu,model_2,Int8WeightOnlyConfig,int8,8.0,False,True,pt2_quantized_p95_latency,0.0009290631860494614,pt2,p95_latency,False,2.0
259,528,89,152,769,"[528, 89, 152]",elu,model_2,Float8WeightOnlyConfig,float8,8.0,False,True,pt2_quantized_p95_latency,0.0007493725977838039,pt2,p95_latency,False,2.0
260,528,89,152,769,"[528, 89, 152]",elu,model_2,Int8WeightOnlyConfig,int8,8.0,False,True,pt2_quantized_p99_latency,0.0010469642467796803,pt2,p99_latency,False,2.0
261,528,89,152,769,"[528, 89, 152]",elu,model_2,Float8WeightOnlyConfig,float8,8.0,False,True,pt2_quantized_p99_latency,0.0008745625801384448,pt2,p99_latency,False,2.0
262,528,89,152,769,"[528, 89, 152]",elu,model_2,Int8WeightOnlyConfig,int8,8.0,False,True,pt2_relative_model_size,0.5216504787776879,pt2,model_size,True,2.0
263,528,89,152,769,"[528, 89, 152]",elu,model_2,Float8WeightOnlyConfig,float8,8.0,False,True,pt2_relative_model_size,0.47855113370648966,pt2,model_size,True,2.0
264,528,89,152,769,"[528, 89, 152]",elu,model_2,Int8WeightOnlyConfig,int8,8.0,False,True,pt2_relative_median_latency,1.3789198154407816,pt2,median_latency,True,2.0
265,528,89,152,769,"[528, 89, 152]",elu,model_2,Float8WeightOnlyConfig,float8,8.0,False,True,pt2_relative_median_latency,1.1148139476521415,pt2,median_latency,True,2.0
266,528,89,152,769,"[528, 89, 152]",elu,model_2,Int8WeightOnlyConfig,int8,8.0,False,True,pt2_relative_p95_latency,1.3328350659126564,pt2,p95_latency,True,2.0
267,528,89,152,769,"[528, 89, 152]",elu,model_2,Float8WeightOnlyConfig,float8,8.0,False,True,pt2_relative_p95_latency,1.0750507508615688,pt2,p95_latency,True,2.0
268,528,89,152,769,"[528, 89, 152]",elu,model_2,Int8WeightOnlyConfig,int8,8.0,False,True,pt2_relative_p99_latency,1.2784785403302192,pt2,p99_latency,True,2.0
269,528,89,152,769,"[528, 89, 152]",elu,model_2,Float8WeightOnlyConfig,float8,8.0,False,True,pt2_relative_p99_latency,1.0679538430485875,pt2,p99_latency,True,2.0
270,528,89,152,769,"[528, 89, 152]",elu,model_2,Int8WeightOnlyConfig,int8,8.0,False,True,pytorch_quantized_MAE,9.283752383988418,pytorch,MAE,False,3.0
271,528,89,152,769,"[528, 89, 152]",elu,model_2,Float8WeightOnlyConfig,float8,8.0,False,True,pytorch_quantized_MAE,9.285363216166887,pytorch,MAE,False,3.0
272,528,89,152,769,"[528, 89, 152]",elu,model_2,Int8WeightOnlyConfig,int8,8.0,False,True,pytorch_relative_MAE,1.0010178324344514,pytorch,MAE,True,3.0
273,528,89,152,769,"[528, 89, 152]",elu,model_2,Float8WeightOnlyConfig,float8,8.0,False,True,pytorch_relative_MAE,1.0011915199337527,pytorch,MAE,True,3.0
274,528,89,152,769,"[528, 89, 152]",elu,model_2,Int8WeightOnlyConfig,int8,8.0,False,True,pytorch_quantized_model_size,104210.0,pytorch,model_size,False,3.0
275,528,89,152,769,"[528, 89, 152]",elu,model_2,Float8WeightOnlyConfig,float8,8.0,False,True,pytorch_quantized_model_size,104210.0,pytorch,model_size,False,3.0
276,528,89,152,769,"[528, 89, 152]",elu,model_2,Int8WeightOnlyConfig,int8,8.0,False,True,pytorch_quantized_median_latency,0.000422552227973938,pytorch,median_latency,False,3.0
277,528,89,152,769,"[528, 89, 152]",elu,model_2,Float8WeightOnlyConfig,float8,8.0,False,True,pytorch_quantized_median_latency,0.0005242340266704559,pytorch,median_latency,False,3.0
278,528,89,152,769,"[528, 89, 152]",elu,model_2,Int8WeightOnlyConfig,int8,8.0,False,True,pytorch_quantized_p95_latency,0.0004353296943008899,pytorch,p95_latency,False,3.0
279,528,89,152,769,"[528, 89, 152]",elu,model_2,Float8WeightOnlyConfig,float8,8.0,False,True,pytorch_quantized_p95_latency,0.0005328648723661899,pytorch,p95_latency,False,3.0
280,528,89,152,769,"[528, 89, 152]",elu,model_2,Int8WeightOnlyConfig,int8,8.0,False,True,pytorch_quantized_p99_latency,0.00044753709807991975,pytorch,p99_latency,False,3.0
281,528,89,152,769,"[528, 89, 152]",elu,model_2,Float8WeightOnlyConfig,float8,8.0,False,True,pytorch_quantized_p99_latency,0.0005398555658757687,pytorch,p99_latency,False,3.0
282,528,89,152,769,"[528, 89, 152]",elu,model_2,Int8WeightOnlyConfig,int8,8.0,False,True,pytorch_relative_model_size,0.25,pytorch,model_size,True,3.0
283,528,89,152,769,"[528, 89, 152]",elu,model_2,Float8WeightOnlyConfig,float8,8.0,False,True,pytorch_relative_model_size,0.25,pytorch,model_size,True,3.0
284,528,89,152,769,"[528, 89, 152]",elu,model_2,Int8WeightOnlyConfig,int8,8.0,False,True,pytorch_relative_median_latency,2.336806431841944,pytorch,median_latency,True,3.0
285,528,89,152,769,"[528, 89, 152]",elu,model_2,Float8WeightOnlyConfig,float8,8.0,False,True,pytorch_relative_median_latency,2.89912906432357,pytorch,median_latency,True,3.0
286,528,89,152,769,"[528, 89, 152]",elu,model_2,Int8WeightOnlyConfig,int8,8.0,False,True,pytorch_relative_p95_latency,2.2473218106204476,pytorch,p95_latency,True,3.0
287,528,89,152,769,"[528, 89, 152]",elu,model_2,Float8WeightOnlyConfig,float8,8.0,False,True,pytorch_relative_p95_latency,2.750831991153633,pytorch,p95_latency,True,3.0
288,528,89,152,769,"[528, 89, 152]",elu,model_2,Int8WeightOnlyConfig,int8,8.0,False,True,pytorch_relative_p99_latency,2.215061926775719,pytorch,p99_latency,True,3.0
289,528,89,152,769,"[528, 89, 152]",elu,model_2,Float8WeightOnlyConfig,float8,8.0,False,True,pytorch_relative_p99_latency,2.6719874510064225,pytorch,p99_latency,True,3.0
290,528,89,152,769,"[528, 89, 152]",elu,model_2,Int8WeightOnlyConfig,int8,8.0,False,True,onnx_quantized_model_size,32790.0,onnx,model_size,False,3.0
291,528,89,152,769,"[528, 89, 152]",elu,model_2,Float8WeightOnlyConfig,float8,8.0,False,True,onnx_quantized_model_size,,onnx,model_size,False,3.0
292,528,89,152,769,"[528, 89, 152]",elu,model_2,Int8WeightOnlyConfig,int8,8.0,False,True,onnx_quantized_median_latency,0.00038117170333862305,onnx,median_latency,False,3.0
293,528,89,152,769,"[528, 89, 152]",elu,model_2,Float8WeightOnlyConfig,float8,8.0,False,True,onnx_quantized_median_latency,,onnx,median_latency,False,3.0
294,528,89,152,769,"[528, 89, 152]",elu,model_2,Int8WeightOnlyConfig,int8,8.0,False,True,onnx_quantized_p95_latency,0.0003942791372537613,onnx,p95_latency,False,3.0
295,528,89,152,769,"[528, 89, 152]",elu,model_2,Float8WeightOnlyConfig,float8,8.0,False,True,onnx_quantized_p95_latency,,onnx,p95_latency,False,3.0
296,528,89,152,769,"[528, 89, 152]",elu,model_2,Int8WeightOnlyConfig,int8,8.0,False,True,onnx_quantized_p99_latency,0.00039991157129406926,onnx,p99_latency,False,3.0
297,528,89,152,769,"[528, 89, 152]",elu,model_2,Float8WeightOnlyConfig,float8,8.0,False,True,onnx_quantized_p99_latency,,onnx,p99_latency,False,3.0
298,528,89,152,769,"[528, 89, 152]",elu,model_2,Int8WeightOnlyConfig,int8,8.0,False,True,onnx_relative_model_size,2.423324218461311,onnx,model_size,True,3.0
299,528,89,152,769,"[528, 89, 152]",elu,model_2,Float8WeightOnlyConfig,float8,8.0,False,True,onnx_relative_model_size,,onnx,model_size,True,3.0
300,528,89,152,769,"[528, 89, 152]",elu,model_2,Int8WeightOnlyConfig,int8,8.0,False,True,onnx_relative_median_latency,0.9475784979695407,onnx,median_latency,True,3.0
301,528,89,152,769,"[528, 89, 152]",elu,model_2,Float8WeightOnlyConfig,float8,8.0,False,True,onnx_relative_median_latency,,onnx,median_latency,True,3.0
302,528,89,152,769,"[528, 89, 152]",elu,model_2,Int8WeightOnlyConfig,int8,8.0,False,True,onnx_relative_p95_latency,0.5923283327405675,onnx,p95_latency,True,3.0
303,528,89,152,769,"[528, 89, 152]",elu,model_2,Float8WeightOnlyConfig,float8,8.0,False,True,onnx_relative_p95_latency,,onnx,p95_latency,True,3.0
304,528,89,152,769,"[528, 89, 152]",elu,model_2,Int8WeightOnlyConfig,int8,8.0,False,True,onnx_relative_p99_latency,0.0217179149728015,onnx,p99_latency,True,3.0
305,528,89,152,769,"[528, 89, 152]",elu,model_2,Float8WeightOnlyConfig,float8,8.0,False,True,onnx_relative_p99_latency,,onnx,p99_latency,True,3.0
306,528,89,152,769,"[528, 89, 152]",elu,model_2,Int8WeightOnlyConfig,int8,8.0,False,True,pt2_quantized_model_size,250977.0,pt2,model_size,False,3.0
307,528,89,152,769,"[528, 89, 152]",elu,model_2,Float8WeightOnlyConfig,float8,8.0,False,True,pt2_quantized_model_size,230241.0,pt2,model_size,False,3.0
308,528,89,152,769,"[528, 89, 152]",elu,model_2,Int8WeightOnlyConfig,int8,8.0,False,True,pt2_quantized_median_latency,0.0008877292275428772,pt2,median_latency,False,3.0
309,528,89,152,769,"[528, 89, 152]",elu,model_2,Float8WeightOnlyConfig,float8,8.0,False,True,pt2_quantized_median_latency,0.0007252693176269531,pt2,median_latency,False,3.0
310,528,89,152,769,"[528, 89, 152]",elu,model_2,Int8WeightOnlyConfig,int8,8.0,False,True,pt2_quantized_p95_latency,0.0009011710993945598,pt2,p95_latency,False,3.0
311,528,89,152,769,"[528, 89, 152]",elu,model_2,Float8WeightOnlyConfig,float8,8.0,False,True,pt2_quantized_p95_latency,0.0007360115647315979,pt2,p95_latency,False,3.0
312,528,89,152,769,"[528, 89, 152]",elu,model_2,Int8WeightOnlyConfig,int8,8.0,False,True,pt2_quantized_p99_latency,0.0010199559293687344,pt2,p99_latency,False,3.0
313,528,89,152,769,"[528, 89, 152]",elu,model_2,Float8WeightOnlyConfig,float8,8.0,False,True,pt2_quantized_p99_latency,0.0008549210615456103,pt2,p99_latency,False,3.0
314,528,89,152,769,"[528, 89, 152]",elu,model_2,Int8WeightOnlyConfig,int8,8.0,False,True,pt2_relative_model_size,0.5216504787776879,pt2,model_size,True,3.0
315,528,89,152,769,"[528, 89, 152]",elu,model_2,Float8WeightOnlyConfig,float8,8.0,False,True,pt2_relative_model_size,0.47855113370648966,pt2,model_size,True,3.0
316,528,89,152,769,"[528, 89, 152]",elu,model_2,Int8WeightOnlyConfig,int8,8.0,False,True,pt2_relative_median_latency,1.3676128985975107,pt2,median_latency,True,3.0
317,528,89,152,769,"[528, 89, 152]",elu,model_2,Float8WeightOnlyConfig,float8,8.0,False,True,pt2_relative_median_latency,1.1173313246529646,pt2,median_latency,True,3.0
318,528,89,152,769,"[528, 89, 152]",elu,model_2,Int8WeightOnlyConfig,int8,8.0,False,True,pt2_relative_p95_latency,1.2995404720610075,pt2,p95_latency,True,3.0
319,528,89,152,769,"[528, 89, 152]",elu,model_2,Float8WeightOnlyConfig,float8,8.0,False,True,pt2_relative_p95_latency,1.0613709393435478,pt2,p95_latency,True,3.0
320,528,89,152,769,"[528, 89, 152]",elu,model_2,Int8WeightOnlyConfig,int8,8.0,False,True,pt2_relative_p99_latency,1.2324110262553212,pt2,p99_latency,True,3.0
321,528,89,152,769,"[528, 89, 152]",elu,model_2,Float8WeightOnlyConfig,float8,8.0,False,True,pt2_relative_p99_latency,1.0329996742886836,pt2,p99_latency,True,3.0
322,271,64,139,474,"[271, 64, 139]",leaky_relu,model_20,,,,,,,,,,,
323,390,324,207,921,"[390, 324, 207]",celu,model_21,,,,,,,,,,,
324,758,65,71,894,"[758, 65, 71]",relu,model_22,,,,,,,,,,,
325,595,437,159,1191,"[595, 437, 159]",elu,model_23,,,,,,,,,,,
326,128,175,32,335,"[128, 175, 32]",celu,model_24,,,,,,,,,,,
327,128,260,145,533,"[128, 260, 145]",leaky_relu,model_25,,,,,,,,,,,
328,669,64,32,765,"[669, 64, 32]",elu,model_26,,,,,,,,,,,
329,723,375,222,1320,"[723, 375, 222]",relu,model_27,,,,,,,,,,,
330,426,126,57,609,"[426, 126, 57]",celu,model_28,,,,,,,,,,,
331,320,396,45,761,"[320, 396, 45]",relu,model_29,,,,,,,,,,,
332,810,418,64,1292,"[810, 418, 64]",gelu,model_3,Int8WeightOnlyConfig,int8,8.0,False,True,pytorch_quantized_MAE,8.334705062105424,pytorch,MAE,False,1.0
333,810,418,64,1292,"[810, 418, 64]",gelu,model_3,Float8WeightOnlyConfig,float8,8.0,False,True,pytorch_quantized_MAE,8.362960284314735,pytorch,MAE,False,1.0
334,810,418,64,1292,"[810, 418, 64]",gelu,model_3,Int8WeightOnlyConfig,int8,8.0,False,True,pytorch_relative_MAE,0.9998383084559015,pytorch,MAE,True,1.0
335,810,418,64,1292,"[810, 418, 64]",gelu,model_3,Float8WeightOnlyConfig,float8,8.0,False,True,pytorch_relative_MAE,1.0032278289450245,pytorch,MAE,True,1.0
336,810,418,64,1292,"[810, 418, 64]",gelu,model_3,Int8WeightOnlyConfig,int8,8.0,False,True,pytorch_quantized_model_size,432299.0,pytorch,model_size,False,1.0
337,810,418,64,1292,"[810, 418, 64]",gelu,model_3,Float8WeightOnlyConfig,float8,8.0,False,True,pytorch_quantized_model_size,432299.0,pytorch,model_size,False,1.0
338,810,418,64,1292,"[810, 418, 64]",gelu,model_3,Int8WeightOnlyConfig,int8,8.0,False,True,pytorch_quantized_median_latency,0.00047236401587724686,pytorch,median_latency,False,1.0
339,810,418,64,1292,"[810, 418, 64]",gelu,model_3,Float8WeightOnlyConfig,float8,8.0,False,True,pytorch_quantized_median_latency,0.0005933726206421852,pytorch,median_latency,False,1.0
340,810,418,64,1292,"[810, 418, 64]",gelu,model_3,Int8WeightOnlyConfig,int8,8.0,False,True,pytorch_quantized_p95_latency,0.000486100185662508,pytorch,p95_latency,False,1.0
341,810,418,64,1292,"[810, 418, 64]",gelu,model_3,Float8WeightOnlyConfig,float8,8.0,False,True,pytorch_quantized_p95_latency,0.0006001058965921402,pytorch,p95_latency,False,1.0
342,810,418,64,1292,"[810, 418, 64]",gelu,model_3,Int8WeightOnlyConfig,int8,8.0,False,True,pytorch_quantized_p99_latency,0.0004908889904618264,pytorch,p99_latency,False,1.0
343,810,418,64,1292,"[810, 418, 64]",gelu,model_3,Float8WeightOnlyConfig,float8,8.0,False,True,pytorch_quantized_p99_latency,0.0006078516505658626,pytorch,p99_latency,False,1.0
344,810,418,64,1292,"[810, 418, 64]",gelu,model_3,Int8WeightOnlyConfig,int8,8.0,False,True,pytorch_relative_model_size,0.25,pytorch,model_size,True,1.0
345,810,418,64,1292,"[810, 418, 64]",gelu,model_3,Float8WeightOnlyConfig,float8,8.0,False,True,pytorch_relative_model_size,0.25,pytorch,model_size,True,1.0
346,810,418,64,1292,"[810, 418, 64]",gelu,model_3,Int8WeightOnlyConfig,int8,8.0,False,True,pytorch_relative_median_latency,2.713342641779946,pytorch,median_latency,True,1.0
347,810,418,64,1292,"[810, 418, 64]",gelu,model_3,Float8WeightOnlyConfig,float8,8.0,False,True,pytorch_relative_median_latency,3.408437518389532,pytorch,median_latency,True,1.0
348,810,418,64,1292,"[810, 418, 64]",gelu,model_3,Int8WeightOnlyConfig,int8,8.0,False,True,pytorch_relative_p95_latency,2.619106902711708,pytorch,p95_latency,True,1.0
349,810,418,64,1292,"[810, 418, 64]",gelu,model_3,Float8WeightOnlyConfig,float8,8.0,False,True,pytorch_relative_p95_latency,3.233369462676382,pytorch,p95_latency,True,1.0
350,810,418,64,1292,"[810, 418, 64]",gelu,model_3,Int8WeightOnlyConfig,int8,8.0,False,True,pytorch_relative_p99_latency,2.597085403920737,pytorch,p99_latency,True,1.0
351,810,418,64,1292,"[810, 418, 64]",gelu,model_3,Float8WeightOnlyConfig,float8,8.0,False,True,pytorch_relative_p99_latency,3.215885220706518,pytorch,p99_latency,True,1.0
352,810,418,64,1292,"[810, 418, 64]",gelu,model_3,Int8WeightOnlyConfig,int8,8.0,False,True,onnx_quantized_model_size,48330.0,onnx,model_size,False,1.0
353,810,418,64,1292,"[810, 418, 64]",gelu,model_3,Float8WeightOnlyConfig,float8,8.0,False,True,onnx_quantized_model_size,,onnx,model_size,False,1.0
354,810,418,64,1292,"[810, 418, 64]",gelu,model_3,Int8WeightOnlyConfig,int8,8.0,False,True,onnx_quantized_median_latency,0.0007273536175489426,onnx,median_latency,False,1.0
355,810,418,64,1292,"[810, 418, 64]",gelu,model_3,Float8WeightOnlyConfig,float8,8.0,False,True,onnx_quantized_median_latency,,onnx,median_latency,False,1.0
356,810,418,64,1292,"[810, 418, 64]",gelu,model_3,Int8WeightOnlyConfig,int8,8.0,False,True,onnx_quantized_p95_latency,0.0007417441345751285,onnx,p95_latency,False,1.0
357,810,418,64,1292,"[810, 418, 64]",gelu,model_3,Float8WeightOnlyConfig,float8,8.0,False,True,onnx_quantized_p95_latency,,onnx,p95_latency,False,1.0
358,810,418,64,1292,"[810, 418, 64]",gelu,model_3,Int8WeightOnlyConfig,int8,8.0,False,True,onnx_quantized_p99_latency,0.000760243348777294,onnx,p99_latency,False,1.0
359,810,418,64,1292,"[810, 418, 64]",gelu,model_3,Float8WeightOnlyConfig,float8,8.0,False,True,onnx_quantized_p99_latency,,onnx,p99_latency,False,1.0
360,810,418,64,1292,"[810, 418, 64]",gelu,model_3,Int8WeightOnlyConfig,int8,8.0,False,True,onnx_relative_model_size,1.674172093667729,onnx,model_size,True,1.0
361,810,418,64,1292,"[810, 418, 64]",gelu,model_3,Float8WeightOnlyConfig,float8,8.0,False,True,onnx_relative_model_size,,onnx,model_size,True,1.0
362,810,418,64,1292,"[810, 418, 64]",gelu,model_3,Int8WeightOnlyConfig,int8,8.0,False,True,onnx_relative_median_latency,1.0564040411691742,onnx,median_latency,True,1.0
363,810,418,64,1292,"[810, 418, 64]",gelu,model_3,Float8WeightOnlyConfig,float8,8.0,False,True,onnx_relative_median_latency,,onnx,median_latency,True,1.0
364,810,418,64,1292,"[810, 418, 64]",gelu,model_3,Int8WeightOnlyConfig,int8,8.0,False,True,onnx_relative_p95_latency,1.0634955310556082,onnx,p95_latency,True,1.0
365,810,418,64,1292,"[810, 418, 64]",gelu,model_3,Float8WeightOnlyConfig,float8,8.0,False,True,onnx_relative_p95_latency,,onnx,p95_latency,True,1.0
366,810,418,64,1292,"[810, 418, 64]",gelu,model_3,Int8WeightOnlyConfig,int8,8.0,False,True,onnx_relative_p99_latency,1.0840117272792726,onnx,p99_latency,True,1.0
367,810,418,64,1292,"[810, 418, 64]",gelu,model_3,Float8WeightOnlyConfig,float8,8.0,False,True,onnx_relative_p99_latency,,onnx,p99_latency,True,1.0
368,810,418,64,1292,"[810, 418, 64]",gelu,model_3,Int8WeightOnlyConfig,int8,8.0,False,True,pt2_quantized_model_size,582625.0,pt2,model_size,False,1.0
369,810,418,64,1292,"[810, 418, 64]",gelu,model_3,Float8WeightOnlyConfig,float8,8.0,False,True,pt2_quantized_model_size,561889.0,pt2,model_size,False,1.0
370,810,418,64,1292,"[810, 418, 64]",gelu,model_3,Int8WeightOnlyConfig,int8,8.0,False,True,pt2_quantized_median_latency,0.0008948994800448418,pt2,median_latency,False,1.0
371,810,418,64,1292,"[810, 418, 64]",gelu,model_3,Float8WeightOnlyConfig,float8,8.0,False,True,pt2_quantized_median_latency,0.0007269531488418579,pt2,median_latency,False,1.0
372,810,418,64,1292,"[810, 418, 64]",gelu,model_3,Int8WeightOnlyConfig,int8,8.0,False,True,pt2_quantized_p95_latency,0.0009086738340556621,pt2,p95_latency,False,1.0
373,810,418,64,1292,"[810, 418, 64]",gelu,model_3,Float8WeightOnlyConfig,float8,8.0,False,True,pt2_quantized_p95_latency,0.000736386701464653,pt2,p95_latency,False,1.0
374,810,418,64,1292,"[810, 418, 64]",gelu,model_3,Int8WeightOnlyConfig,int8,8.0,False,True,pt2_quantized_p99_latency,0.0010270921140909195,pt2,p99_latency,False,1.0
375,810,418,64,1292,"[810, 418, 64]",gelu,model_3,Float8WeightOnlyConfig,float8,8.0,False,True,pt2_quantized_p99_latency,0.000862131416797638,pt2,p99_latency,False,1.0
376,810,418,64,1292,"[810, 418, 64]",gelu,model_3,Int8WeightOnlyConfig,int8,8.0,False,True,pt2_relative_model_size,0.3248643250600382,pt2,model_size,True,1.0
377,810,418,64,1292,"[810, 418, 64]",gelu,model_3,Float8WeightOnlyConfig,float8,8.0,False,True,pt2_relative_model_size,0.31330219393891406,pt2,model_size,True,1.0
378,810,418,64,1292,"[810, 418, 64]",gelu,model_3,Int8WeightOnlyConfig,int8,8.0,False,True,pt2_relative_median_latency,0.9152842179861844,pt2,median_latency,True,1.0
379,810,418,64,1292,"[810, 418, 64]",gelu,model_3,Float8WeightOnlyConfig,float8,8.0,False,True,pt2_relative_median_latency,0.7435122705814666,pt2,median_latency,True,1.0
380,810,418,64,1292,"[810, 418, 64]",gelu,model_3,Int8WeightOnlyConfig,int8,8.0,False,True,pt2_relative_p95_latency,0.905525931240136,pt2,p95_latency,True,1.0
381,810,418,64,1292,"[810, 418, 64]",gelu,model_3,Float8WeightOnlyConfig,float8,8.0,False,True,pt2_relative_p95_latency,0.7338356499388152,pt2,p95_latency,True,1.0
382,810,418,64,1292,"[810, 418, 64]",gelu,model_3,Int8WeightOnlyConfig,int8,8.0,False,True,pt2_relative_p99_latency,0.9006482733147383,pt2,p99_latency,True,1.0
383,810,418,64,1292,"[810, 418, 64]",gelu,model_3,Float8WeightOnlyConfig,float8,8.0,False,True,pt2_relative_p99_latency,0.7559956514673881,pt2,p99_latency,True,1.0
384,810,418,64,1292,"[810, 418, 64]",gelu,model_3,Int8WeightOnlyConfig,int8,8.0,False,True,pytorch_quantized_MAE,8.396515703605013,pytorch,MAE,False,2.0
385,810,418,64,1292,"[810, 418, 64]",gelu,model_3,Float8WeightOnlyConfig,float8,8.0,False,True,pytorch_quantized_MAE,8.425078340891051,pytorch,MAE,False,2.0
386,810,418,64,1292,"[810, 418, 64]",gelu,model_3,Int8WeightOnlyConfig,int8,8.0,False,True,pytorch_relative_MAE,1.0000649342336012,pytorch,MAE,True,2.0
387,810,418,64,1292,"[810, 418, 64]",gelu,model_3,Float8WeightOnlyConfig,float8,8.0,False,True,pytorch_relative_MAE,1.003466880110596,pytorch,MAE,True,2.0
388,810,418,64,1292,"[810, 418, 64]",gelu,model_3,Int8WeightOnlyConfig,int8,8.0,False,True,pytorch_quantized_model_size,432299.0,pytorch,model_size,False,2.0
389,810,418,64,1292,"[810, 418, 64]",gelu,model_3,Float8WeightOnlyConfig,float8,8.0,False,True,pytorch_quantized_model_size,432299.0,pytorch,model_size,False,2.0
390,810,418,64,1292,"[810, 418, 64]",gelu,model_3,Int8WeightOnlyConfig,int8,8.0,False,True,pytorch_quantized_median_latency,0.00046935025602579117,pytorch,median_latency,False,2.0
391,810,418,64,1292,"[810, 418, 64]",gelu,model_3,Float8WeightOnlyConfig,float8,8.0,False,True,pytorch_quantized_median_latency,0.0005156388506293297,pytorch,median_latency,False,2.0
392,810,418,64,1292,"[810, 418, 64]",gelu,model_3,Int8WeightOnlyConfig,int8,8.0,False,True,pytorch_quantized_p95_latency,0.0004800276830792427,pytorch,p95_latency,False,2.0
393,810,418,64,1292,"[810, 418, 64]",gelu,model_3,Float8WeightOnlyConfig,float8,8.0,False,True,pytorch_quantized_p95_latency,0.0005262774415314197,pytorch,p95_latency,False,2.0
394,810,418,64,1292,"[810, 418, 64]",gelu,model_3,Int8WeightOnlyConfig,int8,8.0,False,True,pytorch_quantized_p99_latency,0.00048304792493581773,pytorch,p99_latency,False,2.0
395,810,418,64,1292,"[810, 418, 64]",gelu,model_3,Float8WeightOnlyConfig,float8,8.0,False,True,pytorch_quantized_p99_latency,0.0005593627877533431,pytorch,p99_latency,False,2.0
396,810,418,64,1292,"[810, 418, 64]",gelu,model_3,Int8WeightOnlyConfig,int8,8.0,False,True,pytorch_relative_model_size,0.25,pytorch,model_size,True,2.0
397,810,418,64,1292,"[810, 418, 64]",gelu,model_3,Float8WeightOnlyConfig,float8,8.0,False,True,pytorch_relative_model_size,0.25,pytorch,model_size,True,2.0
398,810,418,64,1292,"[810, 418, 64]",gelu,model_3,Int8WeightOnlyConfig,int8,8.0,False,True,pytorch_relative_median_latency,2.7708586477823167,pytorch,median_latency,True,2.0
399,810,418,64,1292,"[810, 418, 64]",gelu,model_3,Float8WeightOnlyConfig,float8,8.0,False,True,pytorch_relative_median_latency,3.04412823910402,pytorch,median_latency,True,2.0
400,810,418,64,1292,"[810, 418, 64]",gelu,model_3,Int8WeightOnlyConfig,int8,8.0,False,True,pytorch_relative_p95_latency,2.6608197640382967,pytorch,p95_latency,True,2.0
401,810,418,64,1292,"[810, 418, 64]",gelu,model_3,Float8WeightOnlyConfig,float8,8.0,False,True,pytorch_relative_p95_latency,2.9171847107058304,pytorch,p95_latency,True,2.0
402,810,418,64,1292,"[810, 418, 64]",gelu,model_3,Int8WeightOnlyConfig,int8,8.0,False,True,pytorch_relative_p99_latency,2.616943923692645,pytorch,p99_latency,True,2.0
403,810,418,64,1292,"[810, 418, 64]",gelu,model_3,Float8WeightOnlyConfig,float8,8.0,False,True,pytorch_relative_p99_latency,3.030384715440786,pytorch,p99_latency,True,2.0
404,810,418,64,1292,"[810, 418, 64]",gelu,model_3,Int8WeightOnlyConfig,int8,8.0,False,True,onnx_quantized_model_size,48330.0,onnx,model_size,False,2.0
405,810,418,64,1292,"[810, 418, 64]",gelu,model_3,Float8WeightOnlyConfig,float8,8.0,False,True,onnx_quantized_model_size,,onnx,model_size,False,2.0
406,810,418,64,1292,"[810, 418, 64]",gelu,model_3,Int8WeightOnlyConfig,int8,8.0,False,True,onnx_quantized_median_latency,0.0007302472367882729,onnx,median_latency,False,2.0
407,810,418,64,1292,"[810, 418, 64]",gelu,model_3,Float8WeightOnlyConfig,float8,8.0,False,True,onnx_quantized_median_latency,,onnx,median_latency,False,2.0
408,810,418,64,1292,"[810, 418, 64]",gelu,model_3,Int8WeightOnlyConfig,int8,8.0,False,True,onnx_quantized_p95_latency,0.0007447856478393078,onnx,p95_latency,False,2.0
409,810,418,64,1292,"[810, 418, 64]",gelu,model_3,Float8WeightOnlyConfig,float8,8.0,False,True,onnx_quantized_p95_latency,,onnx,p95_latency,False,2.0
410,810,418,64,1292,"[810, 418, 64]",gelu,model_3,Int8WeightOnlyConfig,int8,8.0,False,True,onnx_quantized_p99_latency,0.0007511864043772221,onnx,p99_latency,False,2.0
411,810,418,64,1292,"[810, 418, 64]",gelu,model_3,Float8WeightOnlyConfig,float8,8.0,False,True,onnx_quantized_p99_latency,,onnx,p99_latency,False,2.0
412,810,418,64,1292,"[810, 418, 64]",gelu,model_3,Int8WeightOnlyConfig,int8,8.0,False,True,onnx_relative_model_size,1.674172093667729,onnx,model_size,True,2.0
413,810,418,64,1292,"[810, 418, 64]",gelu,model_3,Float8WeightOnlyConfig,float8,8.0,False,True,onnx_relative_model_size,,onnx,model_size,True,2.0
414,810,418,64,1292,"[810, 418, 64]",gelu,model_3,Int8WeightOnlyConfig,int8,8.0,False,True,onnx_relative_median_latency,1.063015173206655,onnx,median_latency,True,2.0
415,810,418,64,1292,"[810, 418, 64]",gelu,model_3,Float8WeightOnlyConfig,float8,8.0,False,True,onnx_relative_median_latency,,onnx,median_latency,True,2.0
416,810,418,64,1292,"[810, 418, 64]",gelu,model_3,Int8WeightOnlyConfig,int8,8.0,False,True,onnx_relative_p95_latency,1.0673462899620472,onnx,p95_latency,True,2.0
417,810,418,64,1292,"[810, 418, 64]",gelu,model_3,Float8WeightOnlyConfig,float8,8.0,False,True,onnx_relative_p95_latency,,onnx,p95_latency,True,2.0
418,810,418,64,1292,"[810, 418, 64]",gelu,model_3,Int8WeightOnlyConfig,int8,8.0,False,True,onnx_relative_p99_latency,1.0682112059660671,onnx,p99_latency,True,2.0
419,810,418,64,1292,"[810, 418, 64]",gelu,model_3,Float8WeightOnlyConfig,float8,8.0,False,True,onnx_relative_p99_latency,,onnx,p99_latency,True,2.0
420,810,418,64,1292,"[810, 418, 64]",gelu,model_3,Int8WeightOnlyConfig,int8,8.0,False,True,pt2_quantized_model_size,582625.0,pt2,model_size,False,2.0
421,810,418,64,1292,"[810, 418, 64]",gelu,model_3,Float8WeightOnlyConfig,float8,8.0,False,True,pt2_quantized_model_size,561889.0,pt2,model_size,False,2.0
422,810,418,64,1292,"[810, 418, 64]",gelu,model_3,Int8WeightOnlyConfig,int8,8.0,False,True,pt2_quantized_median_latency,0.0008864086121320724,pt2,median_latency,False,2.0
423,810,418,64,1292,"[810, 418, 64]",gelu,model_3,Float8WeightOnlyConfig,float8,8.0,False,True,pt2_quantized_median_latency,0.000721135176718235,pt2,median_latency,False,2.0
424,810,418,64,1292,"[810, 418, 64]",gelu,model_3,Int8WeightOnlyConfig,int8,8.0,False,True,pt2_quantized_p95_latency,0.0008997728116810321,pt2,p95_latency,False,2.0
425,810,418,64,1292,"[810, 418, 64]",gelu,model_3,Float8WeightOnlyConfig,float8,8.0,False,True,pt2_quantized_p95_latency,0.000739267375320196,pt2,p95_latency,False,2.0
426,810,418,64,1292,"[810, 418, 64]",gelu,model_3,Int8WeightOnlyConfig,int8,8.0,False,True,pt2_quantized_p99_latency,0.0010182486660778522,pt2,p99_latency,False,2.0
427,810,418,64,1292,"[810, 418, 64]",gelu,model_3,Float8WeightOnlyConfig,float8,8.0,False,True,pt2_quantized_p99_latency,0.0008596651256084441,pt2,p99_latency,False,2.0
428,810,418,64,1292,"[810, 418, 64]",gelu,model_3,Int8WeightOnlyConfig,int8,8.0,False,True,pt2_relative_model_size,0.3248643250600382,pt2,model_size,True,2.0
429,810,418,64,1292,"[810, 418, 64]",gelu,model_3,Float8WeightOnlyConfig,float8,8.0,False,True,pt2_relative_model_size,0.31330219393891406,pt2,model_size,True,2.0
430,810,418,64,1292,"[810, 418, 64]",gelu,model_3,Int8WeightOnlyConfig,int8,8.0,False,True,pt2_relative_median_latency,0.8946488797313912,pt2,median_latency,True,2.0
431,810,418,64,1292,"[810, 418, 64]",gelu,model_3,Float8WeightOnlyConfig,float8,8.0,False,True,pt2_relative_median_latency,0.7278390227212056,pt2,median_latency,True,2.0
432,810,418,64,1292,"[810, 418, 64]",gelu,model_3,Int8WeightOnlyConfig,int8,8.0,False,True,pt2_relative_p95_latency,0.8838009148455243,pt2,p95_latency,True,2.0
433,810,418,64,1292,"[810, 418, 64]",gelu,model_3,Float8WeightOnlyConfig,float8,8.0,False,True,pt2_relative_p95_latency,0.7261446157755826,pt2,p95_latency,True,2.0
434,810,418,64,1292,"[810, 418, 64]",gelu,model_3,Int8WeightOnlyConfig,int8,8.0,False,True,pt2_relative_p99_latency,0.888356643669719,pt2,p99_latency,True,2.0
435,810,418,64,1292,"[810, 418, 64]",gelu,model_3,Float8WeightOnlyConfig,float8,8.0,False,True,pt2_relative_p99_latency,0.7500026772507802,pt2,p99_latency,True,2.0
436,810,418,64,1292,"[810, 418, 64]",gelu,model_3,Int8WeightOnlyConfig,int8,8.0,False,True,pytorch_quantized_MAE,8.563809611050452,pytorch,MAE,False,3.0
437,810,418,64,1292,"[810, 418, 64]",gelu,model_3,Float8WeightOnlyConfig,float8,8.0,False,True,pytorch_quantized_MAE,8.592497562756543,pytorch,MAE,False,3.0
438,810,418,64,1292,"[810, 418, 64]",gelu,model_3,Int8WeightOnlyConfig,int8,8.0,False,True,pytorch_relative_MAE,0.9997180820451678,pytorch,MAE,True,3.0
439,810,418,64,1292,"[810, 418, 64]",gelu,model_3,Float8WeightOnlyConfig,float8,8.0,False,True,pytorch_relative_MAE,1.0030670430053006,pytorch,MAE,True,3.0
440,810,418,64,1292,"[810, 418, 64]",gelu,model_3,Int8WeightOnlyConfig,int8,8.0,False,True,pytorch_quantized_model_size,432299.0,pytorch,model_size,False,3.0
441,810,418,64,1292,"[810, 418, 64]",gelu,model_3,Float8WeightOnlyConfig,float8,8.0,False,True,pytorch_quantized_model_size,432299.0,pytorch,model_size,False,3.0
442,810,418,64,1292,"[810, 418, 64]",gelu,model_3,Int8WeightOnlyConfig,int8,8.0,False,True,pytorch_quantized_median_latency,0.00045343488454818726,pytorch,median_latency,False,3.0
443,810,418,64,1292,"[810, 418, 64]",gelu,model_3,Float8WeightOnlyConfig,float8,8.0,False,True,pytorch_quantized_median_latency,0.0005392339080572128,pytorch,median_latency,False,3.0
444,810,418,64,1292,"[810, 418, 64]",gelu,model_3,Int8WeightOnlyConfig,int8,8.0,False,True,pytorch_quantized_p95_latency,0.0005082770250737668,pytorch,p95_latency,False,3.0
445,810,418,64,1292,"[810, 418, 64]",gelu,model_3,Float8WeightOnlyConfig,float8,8.0,False,True,pytorch_quantized_p95_latency,0.0005462284199893475,pytorch,p95_latency,False,3.0
446,810,418,64,1292,"[810, 418, 64]",gelu,model_3,Int8WeightOnlyConfig,int8,8.0,False,True,pytorch_quantized_p99_latency,0.0005151447467505932,pytorch,p99_latency,False,3.0
447,810,418,64,1292,"[810, 418, 64]",gelu,model_3,Float8WeightOnlyConfig,float8,8.0,False,True,pytorch_quantized_p99_latency,0.0005502169765532017,pytorch,p99_latency,False,3.0
448,810,418,64,1292,"[810, 418, 64]",gelu,model_3,Int8WeightOnlyConfig,int8,8.0,False,True,pytorch_relative_model_size,0.25,pytorch,model_size,True,3.0
449,810,418,64,1292,"[810, 418, 64]",gelu,model_3,Float8WeightOnlyConfig,float8,8.0,False,True,pytorch_relative_model_size,0.25,pytorch,model_size,True,3.0
450,810,418,64,1292,"[810, 418, 64]",gelu,model_3,Int8WeightOnlyConfig,int8,8.0,False,True,pytorch_relative_median_latency,2.560624388601963,pytorch,median_latency,True,3.0
451,810,418,64,1292,"[810, 418, 64]",gelu,model_3,Float8WeightOnlyConfig,float8,8.0,False,True,pytorch_relative_median_latency,3.045146157001757,pytorch,median_latency,True,3.0
452,810,418,64,1292,"[810, 418, 64]",gelu,model_3,Int8WeightOnlyConfig,int8,8.0,False,True,pytorch_relative_p95_latency,2.6996688225764567,pytorch,p95_latency,True,3.0
453,810,418,64,1292,"[810, 418, 64]",gelu,model_3,Float8WeightOnlyConfig,float8,8.0,False,True,pytorch_relative_p95_latency,2.9012443268243824,pytorch,p95_latency,True,3.0
454,810,418,64,1292,"[810, 418, 64]",gelu,model_3,Int8WeightOnlyConfig,int8,8.0,False,True,pytorch_relative_p99_latency,2.7029928697170362,pytorch,p99_latency,True,3.0
455,810,418,64,1292,"[810, 418, 64]",gelu,model_3,Float8WeightOnlyConfig,float8,8.0,False,True,pytorch_relative_p99_latency,2.887018791905903,pytorch,p99_latency,True,3.0
456,810,418,64,1292,"[810, 418, 64]",gelu,model_3,Int8WeightOnlyConfig,int8,8.0,False,True,onnx_quantized_model_size,48330.0,onnx,model_size,False,3.0
457,810,418,64,1292,"[810, 418, 64]",gelu,model_3,Float8WeightOnlyConfig,float8,8.0,False,True,onnx_quantized_model_size,,onnx,model_size,False,3.0
458,810,418,64,1292,"[810, 418, 64]",gelu,model_3,Int8WeightOnlyConfig,int8,8.0,False,True,onnx_quantized_median_latency,0.0007361248135566711,onnx,median_latency,False,3.0
459,810,418,64,1292,"[810, 418, 64]",gelu,model_3,Float8WeightOnlyConfig,float8,8.0,False,True,onnx_quantized_median_latency,,onnx,median_latency,False,3.0
460,810,418,64,1292,"[810, 418, 64]",gelu,model_3,Int8WeightOnlyConfig,int8,8.0,False,True,onnx_quantized_p95_latency,0.0007532958872616291,onnx,p95_latency,False,3.0
461,810,418,64,1292,"[810, 418, 64]",gelu,model_3,Float8WeightOnlyConfig,float8,8.0,False,True,onnx_quantized_p95_latency,,onnx,p95_latency,False,3.0
462,810,418,64,1292,"[810, 418, 64]",gelu,model_3,Int8WeightOnlyConfig,int8,8.0,False,True,onnx_quantized_p99_latency,0.0007728096097707748,onnx,p99_latency,False,3.0
463,810,418,64,1292,"[810, 418, 64]",gelu,model_3,Float8WeightOnlyConfig,float8,8.0,False,True,onnx_quantized_p99_latency,,onnx,p99_latency,False,3.0
464,810,418,64,1292,"[810, 418, 64]",gelu,model_3,Int8WeightOnlyConfig,int8,8.0,False,True,onnx_relative_model_size,1.674172093667729,onnx,model_size,True,3.0
465,810,418,64,1292,"[810, 418, 64]",gelu,model_3,Float8WeightOnlyConfig,float8,8.0,False,True,onnx_relative_model_size,,onnx,model_size,True,3.0
466,810,418,64,1292,"[810, 418, 64]",gelu,model_3,Int8WeightOnlyConfig,int8,8.0,False,True,onnx_relative_median_latency,1.0753952758733756,onnx,median_latency,True,3.0
467,810,418,64,1292,"[810, 418, 64]",gelu,model_3,Float8WeightOnlyConfig,float8,8.0,False,True,onnx_relative_median_latency,,onnx,median_latency,True,3.0
468,810,418,64,1292,"[810, 418, 64]",gelu,model_3,Int8WeightOnlyConfig,int8,8.0,False,True,onnx_relative_p95_latency,1.081402824993285,onnx,p95_latency,True,3.0
469,810,418,64,1292,"[810, 418, 64]",gelu,model_3,Float8WeightOnlyConfig,float8,8.0,False,True,onnx_relative_p95_latency,,onnx,p95_latency,True,3.0
470,810,418,64,1292,"[810, 418, 64]",gelu,model_3,Int8WeightOnlyConfig,int8,8.0,False,True,onnx_relative_p99_latency,1.0994020287871789,onnx,p99_latency,True,3.0
471,810,418,64,1292,"[810, 418, 64]",gelu,model_3,Float8WeightOnlyConfig,float8,8.0,False,True,onnx_relative_p99_latency,,onnx,p99_latency,True,3.0
472,810,418,64,1292,"[810, 418, 64]",gelu,model_3,Int8WeightOnlyConfig,int8,8.0,False,True,pt2_quantized_model_size,582625.0,pt2,model_size,False,3.0
473,810,418,64,1292,"[810, 418, 64]",gelu,model_3,Float8WeightOnlyConfig,float8,8.0,False,True,pt2_quantized_model_size,561889.0,pt2,model_size,False,3.0
474,810,418,64,1292,"[810, 418, 64]",gelu,model_3,Int8WeightOnlyConfig,int8,8.0,False,True,pt2_quantized_median_latency,0.0009234324097633362,pt2,median_latency,False,3.0
475,810,418,64,1292,"[810, 418, 64]",gelu,model_3,Float8WeightOnlyConfig,float8,8.0,False,True,pt2_quantized_median_latency,0.0007481491193175316,pt2,median_latency,False,3.0
476,810,418,64,1292,"[810, 418, 64]",gelu,model_3,Int8WeightOnlyConfig,int8,8.0,False,True,pt2_quantized_p95_latency,0.0009408766403794288,pt2,p95_latency,False,3.0
477,810,418,64,1292,"[810, 418, 64]",gelu,model_3,Float8WeightOnlyConfig,float8,8.0,False,True,pt2_quantized_p95_latency,0.0007595633156597615,pt2,p95_latency,False,3.0
478,810,418,64,1292,"[810, 418, 64]",gelu,model_3,Int8WeightOnlyConfig,int8,8.0,False,True,pt2_quantized_p99_latency,0.0010543353483080864,pt2,p99_latency,False,3.0
479,810,418,64,1292,"[810, 418, 64]",gelu,model_3,Float8WeightOnlyConfig,float8,8.0,False,True,pt2_quantized_p99_latency,0.0008788439445197582,pt2,p99_latency,False,3.0
480,810,418,64,1292,"[810, 418, 64]",gelu,model_3,Int8WeightOnlyConfig,int8,8.0,False,True,pt2_relative_model_size,0.3248643250600382,pt2,model_size,True,3.0
481,810,418,64,1292,"[810, 418, 64]",gelu,model_3,Float8WeightOnlyConfig,float8,8.0,False,True,pt2_relative_model_size,0.31330219393891406,pt2,model_size,True,3.0
482,810,418,64,1292,"[810, 418, 64]",gelu,model_3,Int8WeightOnlyConfig,int8,8.0,False,True,pt2_relative_median_latency,0.949267557603069,pt2,median_latency,True,3.0
483,810,418,64,1292,"[810, 418, 64]",gelu,model_3,Float8WeightOnlyConfig,float8,8.0,False,True,pt2_relative_median_latency,0.7690803135223007,pt2,median_latency,True,3.0
484,810,418,64,1292,"[810, 418, 64]",gelu,model_3,Int8WeightOnlyConfig,int8,8.0,False,True,pt2_relative_p95_latency,0.9178542644268154,pt2,p95_latency,True,3.0
485,810,418,64,1292,"[810, 418, 64]",gelu,model_3,Float8WeightOnlyConfig,float8,8.0,False,True,pt2_relative_p95_latency,0.7409775080602863,pt2,p95_latency,True,3.0
486,810,418,64,1292,"[810, 418, 64]",gelu,model_3,Int8WeightOnlyConfig,int8,8.0,False,True,pt2_relative_p99_latency,0.9272001528095988,pt2,p99_latency,True,3.0
487,810,418,64,1292,"[810, 418, 64]",gelu,model_3,Float8WeightOnlyConfig,float8,8.0,False,True,pt2_relative_p99_latency,0.7728700749359678,pt2,p99_latency,True,3.0
488,828,224,125,1177,"[828, 224, 125]",leaky_relu,model_30,,,,,,,,,,,
489,552,286,94,932,"[552, 286, 94]",relu,model_31,,,,,,,,,,,
490,150,109,189,448,"[150, 109, 189]",relu,model_32,,,,,,,,,,,
491,157,413,128,698,"[157, 413, 128]",gelu,model_33,,,,,,,,,,,
492,545,206,42,793,"[545, 206, 42]",leaky_relu,model_34,,,,,,,,,,,
493,821,299,178,1298,"[821, 299, 178]",relu,model_35,,,,,,,,,,,
494,327,97,104,528,"[327, 97, 104]",gelu,model_36,,,,,,,,,,,
495,447,275,32,754,"[447, 275, 32]",celu,model_37,,,,,,,,,,,
496,702,64,163,929,"[702, 64, 163]",gelu,model_38,,,,,,,,,,,
497,648,386,82,1116,"[648, 386, 82]",elu,model_39,,,,,,,,,,,
498,281,203,215,699,"[281, 203, 215]",celu,model_4,Int8WeightOnlyConfig,int8,8.0,False,True,pytorch_quantized_MAE,8.9219221113318,pytorch,MAE,False,1.0
499,281,203,215,699,"[281, 203, 215]",celu,model_4,Float8WeightOnlyConfig,float8,8.0,False,True,pytorch_quantized_MAE,8.927198680974579,pytorch,MAE,False,1.0
500,281,203,215,699,"[281, 203, 215]",celu,model_4,Int8WeightOnlyConfig,int8,8.0,False,True,pytorch_relative_MAE,1.0000193369085342,pytorch,MAE,True,1.0
501,281,203,215,699,"[281, 203, 215]",celu,model_4,Float8WeightOnlyConfig,float8,8.0,False,True,pytorch_relative_MAE,1.0006107645862787,pytorch,MAE,True,1.0
502,281,203,215,699,"[281, 203, 215]",celu,model_4,Int8WeightOnlyConfig,int8,8.0,False,True,pytorch_quantized_model_size,124364.0,pytorch,model_size,False,1.0
503,281,203,215,699,"[281, 203, 215]",celu,model_4,Float8WeightOnlyConfig,float8,8.0,False,True,pytorch_quantized_model_size,124364.0,pytorch,model_size,False,1.0
504,281,203,215,699,"[281, 203, 215]",celu,model_4,Int8WeightOnlyConfig,int8,8.0,False,True,pytorch_quantized_median_latency,0.00043633952736854553,pytorch,median_latency,False,1.0
505,281,203,215,699,"[281, 203, 215]",celu,model_4,Float8WeightOnlyConfig,float8,8.0,False,True,pytorch_quantized_median_latency,0.000593983568251133,pytorch,median_latency,False,1.0
506,281,203,215,699,"[281, 203, 215]",celu,model_4,Int8WeightOnlyConfig,int8,8.0,False,True,pytorch_quantized_p95_latency,0.000447163637727499,pytorch,p95_latency,False,1.0
507,281,203,215,699,"[281, 203, 215]",celu,model_4,Float8WeightOnlyConfig,float8,8.0,False,True,pytorch_quantized_p95_latency,0.000601176917552948,pytorch,p95_latency,False,1.0
508,281,203,215,699,"[281, 203, 215]",celu,model_4,Int8WeightOnlyConfig,int8,8.0,False,True,pytorch_quantized_p99_latency,0.00045186258852481843,pytorch,p99_latency,False,1.0
509,281,203,215,699,"[281, 203, 215]",celu,model_4,Float8WeightOnlyConfig,float8,8.0,False,True,pytorch_quantized_p99_latency,0.0006129618734121322,pytorch,p99_latency,False,1.0
510,281,203,215,699,"[281, 203, 215]",celu,model_4,Int8WeightOnlyConfig,int8,8.0,False,True,pytorch_relative_model_size,0.25,pytorch,model_size,True,1.0
511,281,203,215,699,"[281, 203, 215]",celu,model_4,Float8WeightOnlyConfig,float8,8.0,False,True,pytorch_relative_model_size,0.25,pytorch,model_size,True,1.0
512,281,203,215,699,"[281, 203, 215]",celu,model_4,Int8WeightOnlyConfig,int8,8.0,False,True,pytorch_relative_median_latency,2.3230777621864447,pytorch,median_latency,True,1.0
513,281,203,215,699,"[281, 203, 215]",celu,model_4,Float8WeightOnlyConfig,float8,8.0,False,True,pytorch_relative_median_latency,3.1623768463746846,pytorch,median_latency,True,1.0
514,281,203,215,699,"[281, 203, 215]",celu,model_4,Int8WeightOnlyConfig,int8,8.0,False,True,pytorch_relative_p95_latency,2.241244858291431,pytorch,p95_latency,True,1.0
515,281,203,215,699,"[281, 203, 215]",celu,model_4,Float8WeightOnlyConfig,float8,8.0,False,True,pytorch_relative_p95_latency,3.0131803252976734,pytorch,p95_latency,True,1.0
516,281,203,215,699,"[281, 203, 215]",celu,model_4,Int8WeightOnlyConfig,int8,8.0,False,True,pytorch_relative_p99_latency,2.1962087605227585,pytorch,p99_latency,True,1.0
517,281,203,215,699,"[281, 203, 215]",celu,model_4,Float8WeightOnlyConfig,float8,8.0,False,True,pytorch_relative_p99_latency,2.979207109508752,pytorch,p99_latency,True,1.0
518,281,203,215,699,"[281, 203, 215]",celu,model_4,Int8WeightOnlyConfig,int8,8.0,False,True,onnx_quantized_model_size,32820.0,onnx,model_size,False,1.0
519,281,203,215,699,"[281, 203, 215]",celu,model_4,Float8WeightOnlyConfig,float8,8.0,False,True,onnx_quantized_model_size,,onnx,model_size,False,1.0
520,281,203,215,699,"[281, 203, 215]",celu,model_4,Int8WeightOnlyConfig,int8,8.0,False,True,onnx_quantized_median_latency,0.0006708689033985138,onnx,median_latency,False,1.0
521,281,203,215,699,"[281, 203, 215]",celu,model_4,Float8WeightOnlyConfig,float8,8.0,False,True,onnx_quantized_median_latency,,onnx,median_latency,False,1.0
522,281,203,215,699,"[281, 203, 215]",celu,model_4,Int8WeightOnlyConfig,int8,8.0,False,True,onnx_quantized_p95_latency,0.0007347592152655124,onnx,p95_latency,False,1.0
523,281,203,215,699,"[281, 203, 215]",celu,model_4,Float8WeightOnlyConfig,float8,8.0,False,True,onnx_quantized_p95_latency,,onnx,p95_latency,False,1.0
524,281,203,215,699,"[281, 203, 215]",celu,model_4,Int8WeightOnlyConfig,int8,8.0,False,True,onnx_quantized_p99_latency,0.012730246372520914,onnx,p99_latency,False,1.0
525,281,203,215,699,"[281, 203, 215]",celu,model_4,Float8WeightOnlyConfig,float8,8.0,False,True,onnx_quantized_p99_latency,,onnx,p99_latency,False,1.0
526,281,203,215,699,"[281, 203, 215]",celu,model_4,Int8WeightOnlyConfig,int8,8.0,False,True,onnx_relative_model_size,2.420175503281469,onnx,model_size,True,1.0
527,281,203,215,699,"[281, 203, 215]",celu,model_4,Float8WeightOnlyConfig,float8,8.0,False,True,onnx_relative_model_size,,onnx,model_size,True,1.0
528,281,203,215,699,"[281, 203, 215]",celu,model_4,Int8WeightOnlyConfig,int8,8.0,False,True,onnx_relative_median_latency,1.0046330775517491,onnx,median_latency,True,1.0
529,281,203,215,699,"[281, 203, 215]",celu,model_4,Float8WeightOnlyConfig,float8,8.0,False,True,onnx_relative_median_latency,,onnx,median_latency,True,1.0
530,281,203,215,699,"[281, 203, 215]",celu,model_4,Int8WeightOnlyConfig,int8,8.0,False,True,onnx_relative_p95_latency,1.0528680229160514,onnx,p95_latency,True,1.0
531,281,203,215,699,"[281, 203, 215]",celu,model_4,Float8WeightOnlyConfig,float8,8.0,False,True,onnx_relative_p95_latency,,onnx,p95_latency,True,1.0
532,281,203,215,699,"[281, 203, 215]",celu,model_4,Int8WeightOnlyConfig,int8,8.0,False,True,onnx_relative_p99_latency,17.944747027340412,onnx,p99_latency,True,1.0
533,281,203,215,699,"[281, 203, 215]",celu,model_4,Float8WeightOnlyConfig,float8,8.0,False,True,onnx_relative_p99_latency,,onnx,p99_latency,True,1.0
534,281,203,215,699,"[281, 203, 215]",celu,model_4,Int8WeightOnlyConfig,int8,8.0,False,True,pt2_quantized_model_size,270433.0,pt2,model_size,False,1.0
535,281,203,215,699,"[281, 203, 215]",celu,model_4,Float8WeightOnlyConfig,float8,8.0,False,True,pt2_quantized_model_size,249633.0,pt2,model_size,False,1.0
536,281,203,215,699,"[281, 203, 215]",celu,model_4,Int8WeightOnlyConfig,int8,8.0,False,True,pt2_quantized_median_latency,0.0008919322863221169,pt2,median_latency,False,1.0
537,281,203,215,699,"[281, 203, 215]",celu,model_4,Float8WeightOnlyConfig,float8,8.0,False,True,pt2_quantized_median_latency,0.0007390575483441353,pt2,median_latency,False,1.0
538,281,203,215,699,"[281, 203, 215]",celu,model_4,Int8WeightOnlyConfig,int8,8.0,False,True,pt2_quantized_p95_latency,0.0009099655784666538,pt2,p95_latency,False,1.0
539,281,203,215,699,"[281, 203, 215]",celu,model_4,Float8WeightOnlyConfig,float8,8.0,False,True,pt2_quantized_p95_latency,0.0007492107339203358,pt2,p95_latency,False,1.0
540,281,203,215,699,"[281, 203, 215]",celu,model_4,Int8WeightOnlyConfig,int8,8.0,False,True,pt2_quantized_p99_latency,0.0010255479998886585,pt2,p99_latency,False,1.0
541,281,203,215,699,"[281, 203, 215]",celu,model_4,Float8WeightOnlyConfig,float8,8.0,False,True,pt2_quantized_p99_latency,0.0008706308528780937,pt2,p99_latency,False,1.0
542,281,203,215,699,"[281, 203, 215]",celu,model_4,Int8WeightOnlyConfig,int8,8.0,False,True,pt2_relative_model_size,0.48156682437955084,pt2,model_size,True,1.0
543,281,203,215,699,"[281, 203, 215]",celu,model_4,Float8WeightOnlyConfig,float8,8.0,False,True,pt2_relative_model_size,0.44452774280631585,pt2,model_size,True,1.0
544,281,203,215,699,"[281, 203, 215]",celu,model_4,Int8WeightOnlyConfig,int8,8.0,False,True,pt2_relative_median_latency,1.13746414637188,pt2,median_latency,True,1.0
545,281,203,215,699,"[281, 203, 215]",celu,model_4,Float8WeightOnlyConfig,float8,8.0,False,True,pt2_relative_median_latency,0.9425059236429068,pt2,median_latency,True,1.0
546,281,203,215,699,"[281, 203, 215]",celu,model_4,Int8WeightOnlyConfig,int8,8.0,False,True,pt2_relative_p95_latency,1.1184785767899932,pt2,p95_latency,True,1.0
547,281,203,215,699,"[281, 203, 215]",celu,model_4,Float8WeightOnlyConfig,float8,8.0,False,True,pt2_relative_p95_latency,0.9208877513840065,pt2,p95_latency,True,1.0
548,281,203,215,699,"[281, 203, 215]",celu,model_4,Int8WeightOnlyConfig,int8,8.0,False,True,pt2_relative_p99_latency,1.08118888994427,pt2,p99_latency,True,1.0
549,281,203,215,699,"[281, 203, 215]",celu,model_4,Float8WeightOnlyConfig,float8,8.0,False,True,pt2_relative_p99_latency,0.9178667458536274,pt2,p99_latency,True,1.0
550,281,203,215,699,"[281, 203, 215]",celu,model_4,Int8WeightOnlyConfig,int8,8.0,False,True,pytorch_quantized_MAE,9.231791125752403,pytorch,MAE,False,2.0
551,281,203,215,699,"[281, 203, 215]",celu,model_4,Float8WeightOnlyConfig,float8,8.0,False,True,pytorch_quantized_MAE,9.239328113459015,pytorch,MAE,False,2.0
552,281,203,215,699,"[281, 203, 215]",celu,model_4,Int8WeightOnlyConfig,int8,8.0,False,True,pytorch_relative_MAE,1.0000371345840366,pytorch,MAE,True,2.0
553,281,203,215,699,"[281, 203, 215]",celu,model_4,Float8WeightOnlyConfig,float8,8.0,False,True,pytorch_relative_MAE,1.0008535815212394,pytorch,MAE,True,2.0
554,281,203,215,699,"[281, 203, 215]",celu,model_4,Int8WeightOnlyConfig,int8,8.0,False,True,pytorch_quantized_model_size,124364.0,pytorch,model_size,False,2.0
555,281,203,215,699,"[281, 203, 215]",celu,model_4,Float8WeightOnlyConfig,float8,8.0,False,True,pytorch_quantized_model_size,124364.0,pytorch,model_size,False,2.0
556,281,203,215,699,"[281, 203, 215]",celu,model_4,Int8WeightOnlyConfig,int8,8.0,False,True,pytorch_quantized_median_latency,0.0004370911046862602,pytorch,median_latency,False,2.0
557,281,203,215,699,"[281, 203, 215]",celu,model_4,Float8WeightOnlyConfig,float8,8.0,False,True,pytorch_quantized_median_latency,0.0005338359624147415,pytorch,median_latency,False,2.0
558,281,203,215,699,"[281, 203, 215]",celu,model_4,Int8WeightOnlyConfig,int8,8.0,False,True,pytorch_quantized_p95_latency,0.00044830022379755975,pytorch,p95_latency,False,2.0
559,281,203,215,699,"[281, 203, 215]",celu,model_4,Float8WeightOnlyConfig,float8,8.0,False,True,pytorch_quantized_p95_latency,0.0005395323038101197,pytorch,p95_latency,False,2.0
560,281,203,215,699,"[281, 203, 215]",celu,model_4,Int8WeightOnlyConfig,int8,8.0,False,True,pytorch_quantized_p99_latency,0.0004523991979658603,pytorch,p99_latency,False,2.0
561,281,203,215,699,"[281, 203, 215]",celu,model_4,Float8WeightOnlyConfig,float8,8.0,False,True,pytorch_quantized_p99_latency,0.0005410322546958923,pytorch,p99_latency,False,2.0
562,281,203,215,699,"[281, 203, 215]",celu,model_4,Int8WeightOnlyConfig,int8,8.0,False,True,pytorch_relative_model_size,0.25,pytorch,model_size,True,2.0
563,281,203,215,699,"[281, 203, 215]",celu,model_4,Float8WeightOnlyConfig,float8,8.0,False,True,pytorch_relative_model_size,0.25,pytorch,model_size,True,2.0
564,281,203,215,699,"[281, 203, 215]",celu,model_4,Int8WeightOnlyConfig,int8,8.0,False,True,pytorch_relative_median_latency,2.3538649039040243,pytorch,median_latency,True,2.0
565,281,203,215,699,"[281, 203, 215]",celu,model_4,Float8WeightOnlyConfig,float8,8.0,False,True,pytorch_relative_median_latency,2.874864582915379,pytorch,median_latency,True,2.0
566,281,203,215,699,"[281, 203, 215]",celu,model_4,Int8WeightOnlyConfig,int8,8.0,False,True,pytorch_relative_p95_latency,2.2701636978451876,pytorch,p95_latency,True,2.0
567,281,203,215,699,"[281, 203, 215]",celu,model_4,Float8WeightOnlyConfig,float8,8.0,False,True,pytorch_relative_p95_latency,2.7321571235208952,pytorch,p95_latency,True,2.0
568,281,203,215,699,"[281, 203, 215]",celu,model_4,Int8WeightOnlyConfig,int8,8.0,False,True,pytorch_relative_p99_latency,2.2611442221604263,pytorch,p99_latency,True,2.0
569,281,203,215,699,"[281, 203, 215]",celu,model_4,Float8WeightOnlyConfig,float8,8.0,False,True,pytorch_relative_p99_latency,2.7041426293606374,pytorch,p99_latency,True,2.0
570,281,203,215,699,"[281, 203, 215]",celu,model_4,Int8WeightOnlyConfig,int8,8.0,False,True,onnx_quantized_model_size,32820.0,onnx,model_size,False,2.0
571,281,203,215,699,"[281, 203, 215]",celu,model_4,Float8WeightOnlyConfig,float8,8.0,False,True,onnx_quantized_model_size,,onnx,model_size,False,2.0
572,281,203,215,699,"[281, 203, 215]",celu,model_4,Int8WeightOnlyConfig,int8,8.0,False,True,onnx_quantized_median_latency,0.0007138969376683235,onnx,median_latency,False,2.0
573,281,203,215,699,"[281, 203, 215]",celu,model_4,Float8WeightOnlyConfig,float8,8.0,False,True,onnx_quantized_median_latency,,onnx,median_latency,False,2.0
574,281,203,215,699,"[281, 203, 215]",celu,model_4,Int8WeightOnlyConfig,int8,8.0,False,True,onnx_quantized_p95_latency,0.0007464888505637646,onnx,p95_latency,False,2.0
575,281,203,215,699,"[281, 203, 215]",celu,model_4,Float8WeightOnlyConfig,float8,8.0,False,True,onnx_quantized_p95_latency,,onnx,p95_latency,False,2.0
576,281,203,215,699,"[281, 203, 215]",celu,model_4,Int8WeightOnlyConfig,int8,8.0,False,True,onnx_quantized_p99_latency,0.0007541855797171592,onnx,p99_latency,False,2.0
577,281,203,215,699,"[281, 203, 215]",celu,model_4,Float8WeightOnlyConfig,float8,8.0,False,True,onnx_quantized_p99_latency,,onnx,p99_latency,False,2.0
578,281,203,215,699,"[281, 203, 215]",celu,model_4,Int8WeightOnlyConfig,int8,8.0,False,True,onnx_relative_model_size,2.420175503281469,onnx,model_size,True,2.0
579,281,203,215,699,"[281, 203, 215]",celu,model_4,Float8WeightOnlyConfig,float8,8.0,False,True,onnx_relative_model_size,,onnx,model_size,True,2.0
580,281,203,215,699,"[281, 203, 215]",celu,model_4,Int8WeightOnlyConfig,int8,8.0,False,True,onnx_relative_median_latency,1.0730893661341872,onnx,median_latency,True,2.0
581,281,203,215,699,"[281, 203, 215]",celu,model_4,Float8WeightOnlyConfig,float8,8.0,False,True,onnx_relative_median_latency,,onnx,median_latency,True,2.0
582,281,203,215,699,"[281, 203, 215]",celu,model_4,Int8WeightOnlyConfig,int8,8.0,False,True,onnx_relative_p95_latency,1.0775341810896006,onnx,p95_latency,True,2.0
583,281,203,215,699,"[281, 203, 215]",celu,model_4,Float8WeightOnlyConfig,float8,8.0,False,True,onnx_relative_p95_latency,,onnx,p95_latency,True,2.0
584,281,203,215,699,"[281, 203, 215]",celu,model_4,Int8WeightOnlyConfig,int8,8.0,False,True,onnx_relative_p99_latency,1.0715073853638126,onnx,p99_latency,True,2.0
585,281,203,215,699,"[281, 203, 215]",celu,model_4,Float8WeightOnlyConfig,float8,8.0,False,True,onnx_relative_p99_latency,,onnx,p99_latency,True,2.0
586,281,203,215,699,"[281, 203, 215]",celu,model_4,Int8WeightOnlyConfig,int8,8.0,False,True,pt2_quantized_model_size,270433.0,pt2,model_size,False,2.0
587,281,203,215,699,"[281, 203, 215]",celu,model_4,Float8WeightOnlyConfig,float8,8.0,False,True,pt2_quantized_model_size,249633.0,pt2,model_size,False,2.0
588,281,203,215,699,"[281, 203, 215]",celu,model_4,Int8WeightOnlyConfig,int8,8.0,False,True,pt2_quantized_median_latency,0.000892329029738903,pt2,median_latency,False,2.0
589,281,203,215,699,"[281, 203, 215]",celu,model_4,Float8WeightOnlyConfig,float8,8.0,False,True,pt2_quantized_median_latency,0.0007246164605021477,pt2,median_latency,False,2.0
590,281,203,215,699,"[281, 203, 215]",celu,model_4,Int8WeightOnlyConfig,int8,8.0,False,True,pt2_quantized_p95_latency,0.0009092050604522228,pt2,p95_latency,False,2.0
591,281,203,215,699,"[281, 203, 215]",celu,model_4,Float8WeightOnlyConfig,float8,8.0,False,True,pt2_quantized_p95_latency,0.0007336249575018883,pt2,p95_latency,False,2.0
592,281,203,215,699,"[281, 203, 215]",celu,model_4,Int8WeightOnlyConfig,int8,8.0,False,True,pt2_quantized_p99_latency,0.001019068658351898,pt2,p99_latency,False,2.0
593,281,203,215,699,"[281, 203, 215]",celu,model_4,Float8WeightOnlyConfig,float8,8.0,False,True,pt2_quantized_p99_latency,0.0008539840951561927,pt2,p99_latency,False,2.0
594,281,203,215,699,"[281, 203, 215]",celu,model_4,Int8WeightOnlyConfig,int8,8.0,False,True,pt2_relative_model_size,0.48156682437955084,pt2,model_size,True,2.0
595,281,203,215,699,"[281, 203, 215]",celu,model_4,Float8WeightOnlyConfig,float8,8.0,False,True,pt2_relative_model_size,0.44452774280631585,pt2,model_size,True,2.0
596,281,203,215,699,"[281, 203, 215]",celu,model_4,Int8WeightOnlyConfig,int8,8.0,False,True,pt2_relative_median_latency,1.1623247198003694,pt2,median_latency,True,2.0
597,281,203,215,699,"[281, 203, 215]",celu,model_4,Float8WeightOnlyConfig,float8,8.0,False,True,pt2_relative_median_latency,0.9438666639169355,pt2,median_latency,True,2.0
598,281,203,215,699,"[281, 203, 215]",celu,model_4,Int8WeightOnlyConfig,int8,8.0,False,True,pt2_relative_p95_latency,1.1491488777908974,pt2,p95_latency,True,2.0
599,281,203,215,699,"[281, 203, 215]",celu,model_4,Float8WeightOnlyConfig,float8,8.0,False,True,pt2_relative_p95_latency,0.9272322969841084,pt2,p95_latency,True,2.0
600,281,203,215,699,"[281, 203, 215]",celu,model_4,Int8WeightOnlyConfig,int8,8.0,False,True,pt2_relative_p99_latency,1.0952971506391054,pt2,p99_latency,True,2.0
601,281,203,215,699,"[281, 203, 215]",celu,model_4,Float8WeightOnlyConfig,float8,8.0,False,True,pt2_relative_p99_latency,0.9178639127499277,pt2,p99_latency,True,2.0
602,281,203,215,699,"[281, 203, 215]",celu,model_4,Int8WeightOnlyConfig,int8,8.0,False,True,pytorch_quantized_MAE,8.891335258591544,pytorch,MAE,False,3.0
603,281,203,215,699,"[281, 203, 215]",celu,model_4,Float8WeightOnlyConfig,float8,8.0,False,True,pytorch_quantized_MAE,8.902606590895415,pytorch,MAE,False,3.0
604,281,203,215,699,"[281, 203, 215]",celu,model_4,Int8WeightOnlyConfig,int8,8.0,False,True,pytorch_relative_MAE,1.0001252318519138,pytorch,MAE,True,3.0
605,281,203,215,699,"[281, 203, 215]",celu,model_4,Float8WeightOnlyConfig,float8,8.0,False,True,pytorch_relative_MAE,1.0013930666040447,pytorch,MAE,True,3.0
606,281,203,215,699,"[281, 203, 215]",celu,model_4,Int8WeightOnlyConfig,int8,8.0,False,True,pytorch_quantized_model_size,124364.0,pytorch,model_size,False,3.0
607,281,203,215,699,"[281, 203, 215]",celu,model_4,Float8WeightOnlyConfig,float8,8.0,False,True,pytorch_quantized_model_size,124364.0,pytorch,model_size,False,3.0
608,281,203,215,699,"[281, 203, 215]",celu,model_4,Int8WeightOnlyConfig,int8,8.0,False,True,pytorch_quantized_median_latency,0.0004299366846680641,pytorch,median_latency,False,3.0
609,281,203,215,699,"[281, 203, 215]",celu,model_4,Float8WeightOnlyConfig,float8,8.0,False,True,pytorch_quantized_median_latency,0.0005937740206718445,pytorch,median_latency,False,3.0
610,281,203,215,699,"[281, 203, 215]",celu,model_4,Int8WeightOnlyConfig,int8,8.0,False,True,pytorch_quantized_p95_latency,0.00044009871780872347,pytorch,p95_latency,False,3.0
611,281,203,215,699,"[281, 203, 215]",celu,model_4,Float8WeightOnlyConfig,float8,8.0,False,True,pytorch_quantized_p95_latency,0.0006104272790253162,pytorch,p95_latency,False,3.0
612,281,203,215,699,"[281, 203, 215]",celu,model_4,Int8WeightOnlyConfig,int8,8.0,False,True,pytorch_quantized_p99_latency,0.0004442318715155125,pytorch,p99_latency,False,3.0
613,281,203,215,699,"[281, 203, 215]",celu,model_4,Float8WeightOnlyConfig,float8,8.0,False,True,pytorch_quantized_p99_latency,0.0006225176714360713,pytorch,p99_latency,False,3.0
614,281,203,215,699,"[281, 203, 215]",celu,model_4,Int8WeightOnlyConfig,int8,8.0,False,True,pytorch_relative_model_size,0.25,pytorch,model_size,True,3.0
615,281,203,215,699,"[281, 203, 215]",celu,model_4,Float8WeightOnlyConfig,float8,8.0,False,True,pytorch_relative_model_size,0.25,pytorch,model_size,True,3.0
616,281,203,215,699,"[281, 203, 215]",celu,model_4,Int8WeightOnlyConfig,int8,8.0,False,True,pytorch_relative_median_latency,2.384496980904024,pytorch,median_latency,True,3.0
617,281,203,215,699,"[281, 203, 215]",celu,model_4,Float8WeightOnlyConfig,float8,8.0,False,True,pytorch_relative_median_latency,3.2931648080330165,pytorch,median_latency,True,3.0
618,281,203,215,699,"[281, 203, 215]",celu,model_4,Int8WeightOnlyConfig,int8,8.0,False,True,pytorch_relative_p95_latency,2.3039243792038913,pytorch,p95_latency,True,3.0
619,281,203,215,699,"[281, 203, 215]",celu,model_4,Float8WeightOnlyConfig,float8,8.0,False,True,pytorch_relative_p95_latency,3.1955973352523257,pytorch,p95_latency,True,3.0
620,281,203,215,699,"[281, 203, 215]",celu,model_4,Int8WeightOnlyConfig,int8,8.0,False,True,pytorch_relative_p99_latency,2.2889921147663426,pytorch,p99_latency,True,3.0
621,281,203,215,699,"[281, 203, 215]",celu,model_4,Float8WeightOnlyConfig,float8,8.0,False,True,pytorch_relative_p99_latency,3.2076447742451397,pytorch,p99_latency,True,3.0
622,281,203,215,699,"[281, 203, 215]",celu,model_4,Int8WeightOnlyConfig,int8,8.0,False,True,onnx_quantized_model_size,32820.0,onnx,model_size,False,3.0
623,281,203,215,699,"[281, 203, 215]",celu,model_4,Float8WeightOnlyConfig,float8,8.0,False,True,onnx_quantized_model_size,,onnx,model_size,False,3.0
624,281,203,215,699,"[281, 203, 215]",celu,model_4,Int8WeightOnlyConfig,int8,8.0,False,True,onnx_quantized_median_latency,0.0007366910576820374,onnx,median_latency,False,3.0
625,281,203,215,699,"[281, 203, 215]",celu,model_4,Float8WeightOnlyConfig,float8,8.0,False,True,onnx_quantized_median_latency,,onnx,median_latency,False,3.0
626,281,203,215,699,"[281, 203, 215]",celu,model_4,Int8WeightOnlyConfig,int8,8.0,False,True,onnx_quantized_p95_latency,0.0007551342248916626,onnx,p95_latency,False,3.0
627,281,203,215,699,"[281, 203, 215]",celu,model_4,Float8WeightOnlyConfig,float8,8.0,False,True,onnx_quantized_p95_latency,,onnx,p95_latency,False,3.0
628,281,203,215,699,"[281, 203, 215]",celu,model_4,Int8WeightOnlyConfig,int8,8.0,False,True,onnx_quantized_p99_latency,0.0007654334045946597,onnx,p99_latency,False,3.0
629,281,203,215,699,"[281, 203, 215]",celu,model_4,Float8WeightOnlyConfig,float8,8.0,False,True,onnx_quantized_p99_latency,,onnx,p99_latency,False,3.0
630,281,203,215,699,"[281, 203, 215]",celu,model_4,Int8WeightOnlyConfig,int8,8.0,False,True,onnx_relative_model_size,2.420175503281469,onnx,model_size,True,3.0
631,281,203,215,699,"[281, 203, 215]",celu,model_4,Float8WeightOnlyConfig,float8,8.0,False,True,onnx_relative_model_size,,onnx,model_size,True,3.0
632,281,203,215,699,"[281, 203, 215]",celu,model_4,Int8WeightOnlyConfig,int8,8.0,False,True,onnx_relative_median_latency,1.1046922635398875,onnx,median_latency,True,3.0
633,281,203,215,699,"[281, 203, 215]",celu,model_4,Float8WeightOnlyConfig,float8,8.0,False,True,onnx_relative_median_latency,,onnx,median_latency,True,3.0
634,281,203,215,699,"[281, 203, 215]",celu,model_4,Int8WeightOnlyConfig,int8,8.0,False,True,onnx_relative_p95_latency,1.0718958292103733,onnx,p95_latency,True,3.0
635,281,203,215,699,"[281, 203, 215]",celu,model_4,Float8WeightOnlyConfig,float8,8.0,False,True,onnx_relative_p95_latency,,onnx,p95_latency,True,3.0
636,281,203,215,699,"[281, 203, 215]",celu,model_4,Int8WeightOnlyConfig,int8,8.0,False,True,onnx_relative_p99_latency,1.0657735505666308,onnx,p99_latency,True,3.0
637,281,203,215,699,"[281, 203, 215]",celu,model_4,Float8WeightOnlyConfig,float8,8.0,False,True,onnx_relative_p99_latency,,onnx,p99_latency,True,3.0
638,281,203,215,699,"[281, 203, 215]",celu,model_4,Int8WeightOnlyConfig,int8,8.0,False,True,pt2_quantized_model_size,270433.0,pt2,model_size,False,3.0
639,281,203,215,699,"[281, 203, 215]",celu,model_4,Float8WeightOnlyConfig,float8,8.0,False,True,pt2_quantized_model_size,249633.0,pt2,model_size,False,3.0
640,281,203,215,699,"[281, 203, 215]",celu,model_4,Int8WeightOnlyConfig,int8,8.0,False,True,pt2_quantized_median_latency,0.0008950019255280495,pt2,median_latency,False,3.0
641,281,203,215,699,"[281, 203, 215]",celu,model_4,Float8WeightOnlyConfig,float8,8.0,False,True,pt2_quantized_median_latency,0.0007233461365103722,pt2,median_latency,False,3.0
642,281,203,215,699,"[281, 203, 215]",celu,model_4,Int8WeightOnlyConfig,int8,8.0,False,True,pt2_quantized_p95_latency,0.0009083683602511883,pt2,p95_latency,False,3.0
643,281,203,215,699,"[281, 203, 215]",celu,model_4,Float8WeightOnlyConfig,float8,8.0,False,True,pt2_quantized_p95_latency,0.0007322724908590317,pt2,p95_latency,False,3.0
644,281,203,215,699,"[281, 203, 215]",celu,model_4,Int8WeightOnlyConfig,int8,8.0,False,True,pt2_quantized_p99_latency,0.0010339917801320553,pt2,p99_latency,False,3.0
645,281,203,215,699,"[281, 203, 215]",celu,model_4,Float8WeightOnlyConfig,float8,8.0,False,True,pt2_quantized_p99_latency,0.0008629349060356617,pt2,p99_latency,False,3.0
646,281,203,215,699,"[281, 203, 215]",celu,model_4,Int8WeightOnlyConfig,int8,8.0,False,True,pt2_relative_model_size,0.48156682437955084,pt2,model_size,True,3.0
647,281,203,215,699,"[281, 203, 215]",celu,model_4,Float8WeightOnlyConfig,float8,8.0,False,True,pt2_relative_model_size,0.44452774280631585,pt2,model_size,True,3.0
648,281,203,215,699,"[281, 203, 215]",celu,model_4,Int8WeightOnlyConfig,int8,8.0,False,True,pt2_relative_median_latency,1.162547149040567,pt2,median_latency,True,3.0
649,281,203,215,699,"[281, 203, 215]",celu,model_4,Float8WeightOnlyConfig,float8,8.0,False,True,pt2_relative_median_latency,0.9395778542861775,pt2,median_latency,True,3.0
650,281,203,215,699,"[281, 203, 215]",celu,model_4,Int8WeightOnlyConfig,int8,8.0,False,True,pt2_relative_p95_latency,1.1308534829678019,pt2,p95_latency,True,3.0
651,281,203,215,699,"[281, 203, 215]",celu,model_4,Float8WeightOnlyConfig,float8,8.0,False,True,pt2_relative_p95_latency,0.9116267507825281,pt2,p95_latency,True,3.0
652,281,203,215,699,"[281, 203, 215]",celu,model_4,Int8WeightOnlyConfig,int8,8.0,False,True,pt2_relative_p99_latency,1.1138599753161842,pt2,p99_latency,True,3.0
653,281,203,215,699,"[281, 203, 215]",celu,model_4,Float8WeightOnlyConfig,float8,8.0,False,True,pt2_relative_p99_latency,0.9295902265428053,pt2,p99_latency,True,3.0
654,128,115,197,440,"[128, 115, 197]",elu,model_40,,,,,,,,,,,
655,128,310,68,506,"[128, 310, 68]",celu,model_41,,,,,,,,,,,
656,616,78,211,905,"[616, 78, 211]",gelu,model_42,,,,,,,,,,,
657,779,421,32,1232,"[779, 421, 32]",elu,model_43,,,,,,,,,,,
658,369,192,148,709,"[369, 192, 148]",leaky_relu,model_44,,,,,,,,,,,
659,264,350,193,807,"[264, 350, 193]",gelu,model_45,,,,,,,,,,,
660,885,158,90,1133,"[885, 158, 90]",leaky_relu,model_46,,,,,,,,,,,
661,494,236,115,845,"[494, 236, 115]",leaky_relu,model_47,,,,,,,,,,,
662,203,64,55,322,"[203, 64, 55]",celu,model_48,,,,,,,,,,,
663,172,243,218,633,"[172, 243, 218]",gelu,model_49,,,,,,,,,,,
664,401,381,117,899,"[401, 381, 117]",relu,model_5,Int8WeightOnlyConfig,int8,8.0,False,True,pytorch_quantized_MAE,7.936736278228904,pytorch,MAE,False,1.0
665,401,381,117,899,"[401, 381, 117]",relu,model_5,Float8WeightOnlyConfig,float8,8.0,False,True,pytorch_quantized_MAE,8.059260299266338,pytorch,MAE,False,1.0
666,401,381,117,899,"[401, 381, 117]",relu,model_5,Int8WeightOnlyConfig,int8,8.0,False,True,pytorch_relative_MAE,0.9995122868398777,pytorch,MAE,True,1.0
667,401,381,117,899,"[401, 381, 117]",relu,model_5,Float8WeightOnlyConfig,float8,8.0,False,True,pytorch_relative_MAE,1.0149423402228877,pytorch,MAE,True,1.0
668,401,381,117,899,"[401, 381, 117]",relu,model_5,Int8WeightOnlyConfig,int8,8.0,False,True,pytorch_quantized_model_size,230856.0,pytorch,model_size,False,1.0
669,401,381,117,899,"[401, 381, 117]",relu,model_5,Float8WeightOnlyConfig,float8,8.0,False,True,pytorch_quantized_model_size,230856.0,pytorch,model_size,False,1.0
670,401,381,117,899,"[401, 381, 117]",relu,model_5,Int8WeightOnlyConfig,int8,8.0,False,True,pytorch_quantized_median_latency,0.00046916771680116653,pytorch,median_latency,False,1.0
671,401,381,117,899,"[401, 381, 117]",relu,model_5,Float8WeightOnlyConfig,float8,8.0,False,True,pytorch_quantized_median_latency,0.0005600769072771072,pytorch,median_latency,False,1.0
672,401,381,117,899,"[401, 381, 117]",relu,model_5,Int8WeightOnlyConfig,int8,8.0,False,True,pytorch_quantized_p95_latency,0.0004800190217792988,pytorch,p95_latency,False,1.0
673,401,381,117,899,"[401, 381, 117]",relu,model_5,Float8WeightOnlyConfig,float8,8.0,False,True,pytorch_quantized_p95_latency,0.0005776815116405487,pytorch,p95_latency,False,1.0
674,401,381,117,899,"[401, 381, 117]",relu,model_5,Int8WeightOnlyConfig,int8,8.0,False,True,pytorch_quantized_p99_latency,0.0004822826758027077,pytorch,p99_latency,False,1.0
675,401,381,117,899,"[401, 381, 117]",relu,model_5,Float8WeightOnlyConfig,float8,8.0,False,True,pytorch_quantized_p99_latency,0.0005852800793945789,pytorch,p99_latency,False,1.0
676,401,381,117,899,"[401, 381, 117]",relu,model_5,Int8WeightOnlyConfig,int8,8.0,False,True,pytorch_relative_model_size,0.25,pytorch,model_size,True,1.0
677,401,381,117,899,"[401, 381, 117]",relu,model_5,Float8WeightOnlyConfig,float8,8.0,False,True,pytorch_relative_model_size,0.25,pytorch,model_size,True,1.0
678,401,381,117,899,"[401, 381, 117]",relu,model_5,Int8WeightOnlyConfig,int8,8.0,False,True,pytorch_relative_median_latency,2.6816836479393573,pytorch,median_latency,True,1.0
679,401,381,117,899,"[401, 381, 117]",relu,model_5,Float8WeightOnlyConfig,float8,8.0,False,True,pytorch_relative_median_latency,3.2013052689854886,pytorch,median_latency,True,1.0
680,401,381,117,899,"[401, 381, 117]",relu,model_5,Int8WeightOnlyConfig,int8,8.0,False,True,pytorch_relative_p95_latency,2.5841423769738925,pytorch,p95_latency,True,1.0
681,401,381,117,899,"[401, 381, 117]",relu,model_5,Float8WeightOnlyConfig,float8,8.0,False,True,pytorch_relative_p95_latency,3.109900247476105,pytorch,p95_latency,True,1.0
682,401,381,117,899,"[401, 381, 117]",relu,model_5,Int8WeightOnlyConfig,int8,8.0,False,True,pytorch_relative_p99_latency,2.542738127774085,pytorch,p99_latency,True,1.0
683,401,381,117,899,"[401, 381, 117]",relu,model_5,Float8WeightOnlyConfig,float8,8.0,False,True,pytorch_relative_p99_latency,3.085771162785947,pytorch,p99_latency,True,1.0
684,401,381,117,899,"[401, 381, 117]",relu,model_5,Int8WeightOnlyConfig,int8,8.0,False,True,onnx_quantized_model_size,32745.0,onnx,model_size,False,1.0
685,401,381,117,899,"[401, 381, 117]",relu,model_5,Float8WeightOnlyConfig,float8,8.0,False,True,onnx_quantized_model_size,,onnx,model_size,False,1.0
686,401,381,117,899,"[401, 381, 117]",relu,model_5,Int8WeightOnlyConfig,int8,8.0,False,True,onnx_quantized_median_latency,0.00041810981929302216,onnx,median_latency,False,1.0
687,401,381,117,899,"[401, 381, 117]",relu,model_5,Float8WeightOnlyConfig,float8,8.0,False,True,onnx_quantized_median_latency,,onnx,median_latency,False,1.0
688,401,381,117,899,"[401, 381, 117]",relu,model_5,Int8WeightOnlyConfig,int8,8.0,False,True,onnx_quantized_p95_latency,0.0004318738356232643,onnx,p95_latency,False,1.0
689,401,381,117,899,"[401, 381, 117]",relu,model_5,Float8WeightOnlyConfig,float8,8.0,False,True,onnx_quantized_p95_latency,,onnx,p95_latency,False,1.0
690,401,381,117,899,"[401, 381, 117]",relu,model_5,Int8WeightOnlyConfig,int8,8.0,False,True,onnx_quantized_p99_latency,0.00043614324182271957,onnx,p99_latency,False,1.0
691,401,381,117,899,"[401, 381, 117]",relu,model_5,Float8WeightOnlyConfig,float8,8.0,False,True,onnx_quantized_p99_latency,,onnx,p99_latency,False,1.0
692,401,381,117,899,"[401, 381, 117]",relu,model_5,Int8WeightOnlyConfig,int8,8.0,False,True,onnx_relative_model_size,2.4269937740883485,onnx,model_size,True,1.0
693,401,381,117,899,"[401, 381, 117]",relu,model_5,Float8WeightOnlyConfig,float8,8.0,False,True,onnx_relative_model_size,,onnx,model_size,True,1.0
694,401,381,117,899,"[401, 381, 117]",relu,model_5,Int8WeightOnlyConfig,int8,8.0,False,True,onnx_relative_median_latency,1.13334275803919,onnx,median_latency,True,1.0
695,401,381,117,899,"[401, 381, 117]",relu,model_5,Float8WeightOnlyConfig,float8,8.0,False,True,onnx_relative_median_latency,,onnx,median_latency,True,1.0
696,401,381,117,899,"[401, 381, 117]",relu,model_5,Int8WeightOnlyConfig,int8,8.0,False,True,onnx_relative_p95_latency,1.115144720568739,onnx,p95_latency,True,1.0
697,401,381,117,899,"[401, 381, 117]",relu,model_5,Float8WeightOnlyConfig,float8,8.0,False,True,onnx_relative_p95_latency,,onnx,p95_latency,True,1.0
698,401,381,117,899,"[401, 381, 117]",relu,model_5,Int8WeightOnlyConfig,int8,8.0,False,True,onnx_relative_p99_latency,1.0996617738409664,onnx,p99_latency,True,1.0
699,401,381,117,899,"[401, 381, 117]",relu,model_5,Float8WeightOnlyConfig,float8,8.0,False,True,onnx_relative_p99_latency,,onnx,p99_latency,True,1.0
700,401,381,117,899,"[401, 381, 117]",relu,model_5,Int8WeightOnlyConfig,int8,8.0,False,True,pt2_quantized_model_size,378401.0,pt2,model_size,False,1.0
701,401,381,117,899,"[401, 381, 117]",relu,model_5,Float8WeightOnlyConfig,float8,8.0,False,True,pt2_quantized_model_size,357665.0,pt2,model_size,False,1.0
702,401,381,117,899,"[401, 381, 117]",relu,model_5,Int8WeightOnlyConfig,int8,8.0,False,True,pt2_quantized_median_latency,0.0008866973221302032,pt2,median_latency,False,1.0
703,401,381,117,899,"[401, 381, 117]",relu,model_5,Float8WeightOnlyConfig,float8,8.0,False,True,pt2_quantized_median_latency,0.0007268842309713364,pt2,median_latency,False,1.0
704,401,381,117,899,"[401, 381, 117]",relu,model_5,Int8WeightOnlyConfig,int8,8.0,False,True,pt2_quantized_p95_latency,0.0009007450193166733,pt2,p95_latency,False,1.0
705,401,381,117,899,"[401, 381, 117]",relu,model_5,Float8WeightOnlyConfig,float8,8.0,False,True,pt2_quantized_p95_latency,0.0007376306690275669,pt2,p95_latency,False,1.0
706,401,381,117,899,"[401, 381, 117]",relu,model_5,Int8WeightOnlyConfig,int8,8.0,False,True,pt2_quantized_p99_latency,0.0010180327855050563,pt2,p99_latency,False,1.0
707,401,381,117,899,"[401, 381, 117]",relu,model_5,Float8WeightOnlyConfig,float8,8.0,False,True,pt2_quantized_p99_latency,0.0008578559383749961,pt2,p99_latency,False,1.0
708,401,381,117,899,"[401, 381, 117]",relu,model_5,Int8WeightOnlyConfig,int8,8.0,False,True,pt2_relative_model_size,0.3831206634530785,pt2,model_size,True,1.0
709,401,381,117,899,"[401, 381, 117]",relu,model_5,Float8WeightOnlyConfig,float8,8.0,False,True,pt2_relative_model_size,0.3621260305705992,pt2,model_size,True,1.0
710,401,381,117,899,"[401, 381, 117]",relu,model_5,Int8WeightOnlyConfig,int8,8.0,False,True,pt2_relative_median_latency,1.3152238929679028,pt2,median_latency,True,1.0
711,401,381,117,899,"[401, 381, 117]",relu,model_5,Float8WeightOnlyConfig,float8,8.0,False,True,pt2_relative_median_latency,1.078175702277264,pt2,median_latency,True,1.0
712,401,381,117,899,"[401, 381, 117]",relu,model_5,Int8WeightOnlyConfig,int8,8.0,False,True,pt2_relative_p95_latency,1.3173269299002506,pt2,p95_latency,True,1.0
713,401,381,117,899,"[401, 381, 117]",relu,model_5,Float8WeightOnlyConfig,float8,8.0,False,True,pt2_relative_p95_latency,1.0787744853338272,pt2,p95_latency,True,1.0
714,401,381,117,899,"[401, 381, 117]",relu,model_5,Int8WeightOnlyConfig,int8,8.0,False,True,pt2_relative_p99_latency,1.217652637565847,pt2,p99_latency,True,1.0
715,401,381,117,899,"[401, 381, 117]",relu,model_5,Float8WeightOnlyConfig,float8,8.0,False,True,pt2_relative_p99_latency,1.0260676874916328,pt2,p99_latency,True,1.0
716,401,381,117,899,"[401, 381, 117]",relu,model_5,Int8WeightOnlyConfig,int8,8.0,False,True,pytorch_quantized_MAE,7.8739506639855605,pytorch,MAE,False,2.0
717,401,381,117,899,"[401, 381, 117]",relu,model_5,Float8WeightOnlyConfig,float8,8.0,False,True,pytorch_quantized_MAE,8.005240166736794,pytorch,MAE,False,2.0
718,401,381,117,899,"[401, 381, 117]",relu,model_5,Int8WeightOnlyConfig,int8,8.0,False,True,pytorch_relative_MAE,0.9993556307435958,pytorch,MAE,True,2.0
719,401,381,117,899,"[401, 381, 117]",relu,model_5,Float8WeightOnlyConfig,float8,8.0,False,True,pytorch_relative_MAE,1.016018791262506,pytorch,MAE,True,2.0
720,401,381,117,899,"[401, 381, 117]",relu,model_5,Int8WeightOnlyConfig,int8,8.0,False,True,pytorch_quantized_model_size,230856.0,pytorch,model_size,False,2.0
721,401,381,117,899,"[401, 381, 117]",relu,model_5,Float8WeightOnlyConfig,float8,8.0,False,True,pytorch_quantized_model_size,230856.0,pytorch,model_size,False,2.0
722,401,381,117,899,"[401, 381, 117]",relu,model_5,Int8WeightOnlyConfig,int8,8.0,False,True,pytorch_quantized_median_latency,0.0004466939717531204,pytorch,median_latency,False,2.0
723,401,381,117,899,"[401, 381, 117]",relu,model_5,Float8WeightOnlyConfig,float8,8.0,False,True,pytorch_quantized_median_latency,0.0005354396998882294,pytorch,median_latency,False,2.0
724,401,381,117,899,"[401, 381, 117]",relu,model_5,Int8WeightOnlyConfig,int8,8.0,False,True,pytorch_quantized_p95_latency,0.0004994946531951428,pytorch,p95_latency,False,2.0
725,401,381,117,899,"[401, 381, 117]",relu,model_5,Float8WeightOnlyConfig,float8,8.0,False,True,pytorch_quantized_p95_latency,0.0005438776686787605,pytorch,p95_latency,False,2.0
726,401,381,117,899,"[401, 381, 117]",relu,model_5,Int8WeightOnlyConfig,int8,8.0,False,True,pytorch_quantized_p99_latency,0.0005058524012565613,pytorch,p99_latency,False,2.0
727,401,381,117,899,"[401, 381, 117]",relu,model_5,Float8WeightOnlyConfig,float8,8.0,False,True,pytorch_quantized_p99_latency,0.0005576141364872454,pytorch,p99_latency,False,2.0
728,401,381,117,899,"[401, 381, 117]",relu,model_5,Int8WeightOnlyConfig,int8,8.0,False,True,pytorch_relative_model_size,0.25,pytorch,model_size,True,2.0
729,401,381,117,899,"[401, 381, 117]",relu,model_5,Float8WeightOnlyConfig,float8,8.0,False,True,pytorch_relative_model_size,0.25,pytorch,model_size,True,2.0
730,401,381,117,899,"[401, 381, 117]",relu,model_5,Int8WeightOnlyConfig,int8,8.0,False,True,pytorch_relative_median_latency,2.454676656635755,pytorch,median_latency,True,2.0
731,401,381,117,899,"[401, 381, 117]",relu,model_5,Float8WeightOnlyConfig,float8,8.0,False,True,pytorch_relative_median_latency,2.9423529652602918,pytorch,median_latency,True,2.0
732,401,381,117,899,"[401, 381, 117]",relu,model_5,Int8WeightOnlyConfig,int8,8.0,False,True,pytorch_relative_p95_latency,2.584799405474493,pytorch,p95_latency,True,2.0
733,401,381,117,899,"[401, 381, 117]",relu,model_5,Float8WeightOnlyConfig,float8,8.0,False,True,pytorch_relative_p95_latency,2.814473920109189,pytorch,p95_latency,True,2.0
734,401,381,117,899,"[401, 381, 117]",relu,model_5,Int8WeightOnlyConfig,int8,8.0,False,True,pytorch_relative_p99_latency,2.597594251914881,pytorch,p99_latency,True,2.0
735,401,381,117,899,"[401, 381, 117]",relu,model_5,Float8WeightOnlyConfig,float8,8.0,False,True,pytorch_relative_p99_latency,2.863395077551707,pytorch,p99_latency,True,2.0
736,401,381,117,899,"[401, 381, 117]",relu,model_5,Int8WeightOnlyConfig,int8,8.0,False,True,onnx_quantized_model_size,32745.0,onnx,model_size,False,2.0
737,401,381,117,899,"[401, 381, 117]",relu,model_5,Float8WeightOnlyConfig,float8,8.0,False,True,onnx_quantized_model_size,,onnx,model_size,False,2.0
738,401,381,117,899,"[401, 381, 117]",relu,model_5,Int8WeightOnlyConfig,int8,8.0,False,True,onnx_quantized_median_latency,0.0004210537299513817,onnx,median_latency,False,2.0
739,401,381,117,899,"[401, 381, 117]",relu,model_5,Float8WeightOnlyConfig,float8,8.0,False,True,onnx_quantized_median_latency,,onnx,median_latency,False,2.0
740,401,381,117,899,"[401, 381, 117]",relu,model_5,Int8WeightOnlyConfig,int8,8.0,False,True,onnx_quantized_p95_latency,0.0004373213276267052,onnx,p95_latency,False,2.0
741,401,381,117,899,"[401, 381, 117]",relu,model_5,Float8WeightOnlyConfig,float8,8.0,False,True,onnx_quantized_p95_latency,,onnx,p95_latency,False,2.0
742,401,381,117,899,"[401, 381, 117]",relu,model_5,Int8WeightOnlyConfig,int8,8.0,False,True,onnx_quantized_p99_latency,0.0004460849426686763,onnx,p99_latency,False,2.0
743,401,381,117,899,"[401, 381, 117]",relu,model_5,Float8WeightOnlyConfig,float8,8.0,False,True,onnx_quantized_p99_latency,,onnx,p99_latency,False,2.0
744,401,381,117,899,"[401, 381, 117]",relu,model_5,Int8WeightOnlyConfig,int8,8.0,False,True,onnx_relative_model_size,2.4269937740883485,onnx,model_size,True,2.0
745,401,381,117,899,"[401, 381, 117]",relu,model_5,Float8WeightOnlyConfig,float8,8.0,False,True,onnx_relative_model_size,,onnx,model_size,True,2.0
746,401,381,117,899,"[401, 381, 117]",relu,model_5,Int8WeightOnlyConfig,int8,8.0,False,True,onnx_relative_median_latency,1.1681885832997427,onnx,median_latency,True,2.0
747,401,381,117,899,"[401, 381, 117]",relu,model_5,Float8WeightOnlyConfig,float8,8.0,False,True,onnx_relative_median_latency,,onnx,median_latency,True,2.0
748,401,381,117,899,"[401, 381, 117]",relu,model_5,Int8WeightOnlyConfig,int8,8.0,False,True,onnx_relative_p95_latency,1.1276590584073687,onnx,p95_latency,True,2.0
749,401,381,117,899,"[401, 381, 117]",relu,model_5,Float8WeightOnlyConfig,float8,8.0,False,True,onnx_relative_p95_latency,,onnx,p95_latency,True,2.0
750,401,381,117,899,"[401, 381, 117]",relu,model_5,Int8WeightOnlyConfig,int8,8.0,False,True,onnx_relative_p99_latency,1.1249031227859152,onnx,p99_latency,True,2.0
751,401,381,117,899,"[401, 381, 117]",relu,model_5,Float8WeightOnlyConfig,float8,8.0,False,True,onnx_relative_p99_latency,,onnx,p99_latency,True,2.0
752,401,381,117,899,"[401, 381, 117]",relu,model_5,Int8WeightOnlyConfig,int8,8.0,False,True,pt2_quantized_model_size,378401.0,pt2,model_size,False,2.0
753,401,381,117,899,"[401, 381, 117]",relu,model_5,Float8WeightOnlyConfig,float8,8.0,False,True,pt2_quantized_model_size,357665.0,pt2,model_size,False,2.0
754,401,381,117,899,"[401, 381, 117]",relu,model_5,Int8WeightOnlyConfig,int8,8.0,False,True,pt2_quantized_median_latency,0.0009089615195989609,pt2,median_latency,False,2.0
755,401,381,117,899,"[401, 381, 117]",relu,model_5,Float8WeightOnlyConfig,float8,8.0,False,True,pt2_quantized_median_latency,0.0007411083206534386,pt2,median_latency,False,2.0
756,401,381,117,899,"[401, 381, 117]",relu,model_5,Int8WeightOnlyConfig,int8,8.0,False,True,pt2_quantized_p95_latency,0.000920870341360569,pt2,p95_latency,False,2.0
757,401,381,117,899,"[401, 381, 117]",relu,model_5,Float8WeightOnlyConfig,float8,8.0,False,True,pt2_quantized_p95_latency,0.0007589756511151791,pt2,p95_latency,False,2.0
758,401,381,117,899,"[401, 381, 117]",relu,model_5,Int8WeightOnlyConfig,int8,8.0,False,True,pt2_quantized_p99_latency,0.0010650399513542652,pt2,p99_latency,False,2.0
759,401,381,117,899,"[401, 381, 117]",relu,model_5,Float8WeightOnlyConfig,float8,8.0,False,True,pt2_quantized_p99_latency,0.0009046256169676781,pt2,p99_latency,False,2.0
760,401,381,117,899,"[401, 381, 117]",relu,model_5,Int8WeightOnlyConfig,int8,8.0,False,True,pt2_relative_model_size,0.3831206634530785,pt2,model_size,True,2.0
761,401,381,117,899,"[401, 381, 117]",relu,model_5,Float8WeightOnlyConfig,float8,8.0,False,True,pt2_relative_model_size,0.3621260305705992,pt2,model_size,True,2.0
762,401,381,117,899,"[401, 381, 117]",relu,model_5,Int8WeightOnlyConfig,int8,8.0,False,True,pt2_relative_median_latency,1.2820347781768122,pt2,median_latency,True,2.0
763,401,381,117,899,"[401, 381, 117]",relu,model_5,Float8WeightOnlyConfig,float8,8.0,False,True,pt2_relative_median_latency,1.0452880798442628,pt2,median_latency,True,2.0
764,401,381,117,899,"[401, 381, 117]",relu,model_5,Int8WeightOnlyConfig,int8,8.0,False,True,pt2_relative_p95_latency,1.2722003350411342,pt2,p95_latency,True,2.0
765,401,381,117,899,"[401, 381, 117]",relu,model_5,Float8WeightOnlyConfig,float8,8.0,False,True,pt2_relative_p95_latency,1.048539663260501,pt2,p95_latency,True,2.0
766,401,381,117,899,"[401, 381, 117]",relu,model_5,Int8WeightOnlyConfig,int8,8.0,False,True,pt2_relative_p99_latency,1.1496328955120567,pt2,p99_latency,True,2.0
767,401,381,117,899,"[401, 381, 117]",relu,model_5,Float8WeightOnlyConfig,float8,8.0,False,True,pt2_relative_p99_latency,0.9764773293870556,pt2,p99_latency,True,2.0
768,401,381,117,899,"[401, 381, 117]",relu,model_5,Int8WeightOnlyConfig,int8,8.0,False,True,pytorch_quantized_MAE,8.027294090751871,pytorch,MAE,False,3.0
769,401,381,117,899,"[401, 381, 117]",relu,model_5,Float8WeightOnlyConfig,float8,8.0,False,True,pytorch_quantized_MAE,8.16469647900069,pytorch,MAE,False,3.0
770,401,381,117,899,"[401, 381, 117]",relu,model_5,Int8WeightOnlyConfig,int8,8.0,False,True,pytorch_relative_MAE,0.9992449715091476,pytorch,MAE,True,3.0
771,401,381,117,899,"[401, 381, 117]",relu,model_5,Float8WeightOnlyConfig,float8,8.0,False,True,pytorch_relative_MAE,1.0163489475163503,pytorch,MAE,True,3.0
772,401,381,117,899,"[401, 381, 117]",relu,model_5,Int8WeightOnlyConfig,int8,8.0,False,True,pytorch_quantized_model_size,230856.0,pytorch,model_size,False,3.0
773,401,381,117,899,"[401, 381, 117]",relu,model_5,Float8WeightOnlyConfig,float8,8.0,False,True,pytorch_quantized_model_size,230856.0,pytorch,model_size,False,3.0
774,401,381,117,899,"[401, 381, 117]",relu,model_5,Int8WeightOnlyConfig,int8,8.0,False,True,pytorch_quantized_median_latency,0.0004970710724592209,pytorch,median_latency,False,3.0
775,401,381,117,899,"[401, 381, 117]",relu,model_5,Float8WeightOnlyConfig,float8,8.0,False,True,pytorch_quantized_median_latency,0.0005525471642613411,pytorch,median_latency,False,3.0
776,401,381,117,899,"[401, 381, 117]",relu,model_5,Int8WeightOnlyConfig,int8,8.0,False,True,pytorch_quantized_p95_latency,0.0005044827237725257,pytorch,p95_latency,False,3.0
777,401,381,117,899,"[401, 381, 117]",relu,model_5,Float8WeightOnlyConfig,float8,8.0,False,True,pytorch_quantized_p95_latency,0.0006126679480075836,pytorch,p95_latency,False,3.0
778,401,381,117,899,"[401, 381, 117]",relu,model_5,Int8WeightOnlyConfig,int8,8.0,False,True,pytorch_quantized_p99_latency,0.0005071412771940232,pytorch,p99_latency,False,3.0
779,401,381,117,899,"[401, 381, 117]",relu,model_5,Float8WeightOnlyConfig,float8,8.0,False,True,pytorch_quantized_p99_latency,0.0006183259934186935,pytorch,p99_latency,False,3.0
780,401,381,117,899,"[401, 381, 117]",relu,model_5,Int8WeightOnlyConfig,int8,8.0,False,True,pytorch_relative_model_size,0.25,pytorch,model_size,True,3.0
781,401,381,117,899,"[401, 381, 117]",relu,model_5,Float8WeightOnlyConfig,float8,8.0,False,True,pytorch_relative_model_size,0.25,pytorch,model_size,True,3.0
782,401,381,117,899,"[401, 381, 117]",relu,model_5,Int8WeightOnlyConfig,int8,8.0,False,True,pytorch_relative_median_latency,2.8544855544502563,pytorch,median_latency,True,3.0
783,401,381,117,899,"[401, 381, 117]",relu,model_5,Float8WeightOnlyConfig,float8,8.0,False,True,pytorch_relative_median_latency,3.1730631411182064,pytorch,median_latency,True,3.0
784,401,381,117,899,"[401, 381, 117]",relu,model_5,Int8WeightOnlyConfig,int8,8.0,False,True,pytorch_relative_p95_latency,2.5969943599902576,pytorch,p95_latency,True,3.0
785,401,381,117,899,"[401, 381, 117]",relu,model_5,Float8WeightOnlyConfig,float8,8.0,False,True,pytorch_relative_p95_latency,3.1539141590900805,pytorch,p95_latency,True,3.0
786,401,381,117,899,"[401, 381, 117]",relu,model_5,Int8WeightOnlyConfig,int8,8.0,False,True,pytorch_relative_p99_latency,2.0460605488567523,pytorch,p99_latency,True,3.0
787,401,381,117,899,"[401, 381, 117]",relu,model_5,Float8WeightOnlyConfig,float8,8.0,False,True,pytorch_relative_p99_latency,2.4946350817005807,pytorch,p99_latency,True,3.0
788,401,381,117,899,"[401, 381, 117]",relu,model_5,Int8WeightOnlyConfig,int8,8.0,False,True,onnx_quantized_model_size,32745.0,onnx,model_size,False,3.0
789,401,381,117,899,"[401, 381, 117]",relu,model_5,Float8WeightOnlyConfig,float8,8.0,False,True,onnx_quantized_model_size,,onnx,model_size,False,3.0
790,401,381,117,899,"[401, 381, 117]",relu,model_5,Int8WeightOnlyConfig,int8,8.0,False,True,onnx_quantized_median_latency,0.00041694752871990204,onnx,median_latency,False,3.0
791,401,381,117,899,"[401, 381, 117]",relu,model_5,Float8WeightOnlyConfig,float8,8.0,False,True,onnx_quantized_median_latency,,onnx,median_latency,False,3.0
792,401,381,117,899,"[401, 381, 117]",relu,model_5,Int8WeightOnlyConfig,int8,8.0,False,True,onnx_quantized_p95_latency,0.0006249101832509039,onnx,p95_latency,False,3.0
793,401,381,117,899,"[401, 381, 117]",relu,model_5,Float8WeightOnlyConfig,float8,8.0,False,True,onnx_quantized_p95_latency,,onnx,p95_latency,False,3.0
794,401,381,117,899,"[401, 381, 117]",relu,model_5,Int8WeightOnlyConfig,int8,8.0,False,True,onnx_quantized_p99_latency,0.0006586166284978381,onnx,p99_latency,False,3.0
795,401,381,117,899,"[401, 381, 117]",relu,model_5,Float8WeightOnlyConfig,float8,8.0,False,True,onnx_quantized_p99_latency,,onnx,p99_latency,False,3.0
796,401,381,117,899,"[401, 381, 117]",relu,model_5,Int8WeightOnlyConfig,int8,8.0,False,True,onnx_relative_model_size,2.4269937740883485,onnx,model_size,True,3.0
797,401,381,117,899,"[401, 381, 117]",relu,model_5,Float8WeightOnlyConfig,float8,8.0,False,True,onnx_relative_model_size,,onnx,model_size,True,3.0
798,401,381,117,899,"[401, 381, 117]",relu,model_5,Int8WeightOnlyConfig,int8,8.0,False,True,onnx_relative_median_latency,1.1483455599445955,onnx,median_latency,True,3.0
799,401,381,117,899,"[401, 381, 117]",relu,model_5,Float8WeightOnlyConfig,float8,8.0,False,True,onnx_relative_median_latency,,onnx,median_latency,True,3.0
800,401,381,117,899,"[401, 381, 117]",relu,model_5,Int8WeightOnlyConfig,int8,8.0,False,True,onnx_relative_p95_latency,1.6316832309162574,onnx,p95_latency,True,3.0
801,401,381,117,899,"[401, 381, 117]",relu,model_5,Float8WeightOnlyConfig,float8,8.0,False,True,onnx_relative_p95_latency,,onnx,p95_latency,True,3.0
802,401,381,117,899,"[401, 381, 117]",relu,model_5,Int8WeightOnlyConfig,int8,8.0,False,True,onnx_relative_p99_latency,1.668892582937928,onnx,p99_latency,True,3.0
803,401,381,117,899,"[401, 381, 117]",relu,model_5,Float8WeightOnlyConfig,float8,8.0,False,True,onnx_relative_p99_latency,,onnx,p99_latency,True,3.0
804,401,381,117,899,"[401, 381, 117]",relu,model_5,Int8WeightOnlyConfig,int8,8.0,False,True,pt2_quantized_model_size,378401.0,pt2,model_size,False,3.0
805,401,381,117,899,"[401, 381, 117]",relu,model_5,Float8WeightOnlyConfig,float8,8.0,False,True,pt2_quantized_model_size,357665.0,pt2,model_size,False,3.0
806,401,381,117,899,"[401, 381, 117]",relu,model_5,Int8WeightOnlyConfig,int8,8.0,False,True,pt2_quantized_median_latency,0.0009151743724942207,pt2,median_latency,False,3.0
807,401,381,117,899,"[401, 381, 117]",relu,model_5,Float8WeightOnlyConfig,float8,8.0,False,True,pt2_quantized_median_latency,0.0007498720660805702,pt2,median_latency,False,3.0
808,401,381,117,899,"[401, 381, 117]",relu,model_5,Int8WeightOnlyConfig,int8,8.0,False,True,pt2_quantized_p95_latency,0.0009315735660493374,pt2,p95_latency,False,3.0
809,401,381,117,899,"[401, 381, 117]",relu,model_5,Float8WeightOnlyConfig,float8,8.0,False,True,pt2_quantized_p95_latency,0.0007703571580350399,pt2,p95_latency,False,3.0
810,401,381,117,899,"[401, 381, 117]",relu,model_5,Int8WeightOnlyConfig,int8,8.0,False,True,pt2_quantized_p99_latency,0.0010486085340380667,pt2,p99_latency,False,3.0
811,401,381,117,899,"[401, 381, 117]",relu,model_5,Float8WeightOnlyConfig,float8,8.0,False,True,pt2_quantized_p99_latency,0.0008937553316354751,pt2,p99_latency,False,3.0
812,401,381,117,899,"[401, 381, 117]",relu,model_5,Int8WeightOnlyConfig,int8,8.0,False,True,pt2_relative_model_size,0.3831206634530785,pt2,model_size,True,3.0
813,401,381,117,899,"[401, 381, 117]",relu,model_5,Float8WeightOnlyConfig,float8,8.0,False,True,pt2_relative_model_size,0.3621260305705992,pt2,model_size,True,3.0
814,401,381,117,899,"[401, 381, 117]",relu,model_5,Int8WeightOnlyConfig,int8,8.0,False,True,pt2_relative_median_latency,1.2670896913836545,pt2,median_latency,True,3.0
815,401,381,117,899,"[401, 381, 117]",relu,model_5,Float8WeightOnlyConfig,float8,8.0,False,True,pt2_relative_median_latency,1.0382230898770641,pt2,median_latency,True,3.0
816,401,381,117,899,"[401, 381, 117]",relu,model_5,Int8WeightOnlyConfig,int8,8.0,False,True,pt2_relative_p95_latency,1.2422394921503546,pt2,p95_latency,True,3.0
817,401,381,117,899,"[401, 381, 117]",relu,model_5,Float8WeightOnlyConfig,float8,8.0,False,True,pt2_relative_p95_latency,1.0272598103338153,pt2,p95_latency,True,3.0
818,401,381,117,899,"[401, 381, 117]",relu,model_5,Int8WeightOnlyConfig,int8,8.0,False,True,pt2_relative_p99_latency,1.1812957205474235,pt2,p99_latency,True,3.0
819,401,381,117,899,"[401, 381, 117]",relu,model_5,Float8WeightOnlyConfig,float8,8.0,False,True,pt2_relative_p99_latency,1.0068479458313302,pt2,p99_latency,True,3.0
820,470,64,61,595,"[470, 64, 61]",leaky_relu,model_50,,,,,,,,,,,
821,868,357,141,1366,"[868, 357, 141]",elu,model_51,,,,,,,,,,,
822,226,151,32,409,"[226, 151, 32]",gelu,model_52,,,,,,,,,,,
823,344,442,96,882,"[344, 442, 96]",gelu,model_53,,,,,,,,,,,
824,747,171,186,1104,"[747, 171, 186]",leaky_relu,model_54,,,,,,,,,,,
825,578,332,48,958,"[578, 332, 48]",celu,model_55,,,,,,,,,,,
826,128,64,121,313,"[128, 64, 121]",gelu,model_56,,,,,,,,,,,
827,128,365,34,527,"[128, 365, 34]",gelu,model_57,,,,,,,,,,,
828,624,136,135,895,"[624, 136, 135]",elu,model_58,,,,,,,,,,,
829,685,254,111,1050,"[685, 254, 111]",elu,model_59,,,,,,,,,,,
830,692,120,52,864,"[692, 120, 52]",gelu,model_6,Int8WeightOnlyConfig,int8,8.0,False,True,pytorch_quantized_MAE,8.546217422270034,pytorch,MAE,False,1.0
831,692,120,52,864,"[692, 120, 52]",gelu,model_6,Float8WeightOnlyConfig,float8,8.0,False,True,pytorch_quantized_MAE,8.570359180698054,pytorch,MAE,False,1.0
832,692,120,52,864,"[692, 120, 52]",gelu,model_6,Int8WeightOnlyConfig,int8,8.0,False,True,pytorch_relative_MAE,0.9978551240051403,pytorch,MAE,True,1.0
833,692,120,52,864,"[692, 120, 52]",gelu,model_6,Float8WeightOnlyConfig,float8,8.0,False,True,pytorch_relative_MAE,1.0006739122666137,pytorch,MAE,True,1.0
834,692,120,52,864,"[692, 120, 52]",gelu,model_6,Int8WeightOnlyConfig,int8,8.0,False,True,pytorch_quantized_model_size,146249.0,pytorch,model_size,False,1.0
835,692,120,52,864,"[692, 120, 52]",gelu,model_6,Float8WeightOnlyConfig,float8,8.0,False,True,pytorch_quantized_model_size,146249.0,pytorch,model_size,False,1.0
836,692,120,52,864,"[692, 120, 52]",gelu,model_6,Int8WeightOnlyConfig,int8,8.0,False,True,pytorch_quantized_median_latency,0.00046586059033870697,pytorch,median_latency,False,1.0
837,692,120,52,864,"[692, 120, 52]",gelu,model_6,Float8WeightOnlyConfig,float8,8.0,False,True,pytorch_quantized_median_latency,0.000521351583302021,pytorch,median_latency,False,1.0
838,692,120,52,864,"[692, 120, 52]",gelu,model_6,Int8WeightOnlyConfig,int8,8.0,False,True,pytorch_quantized_p95_latency,0.00047680027782917025,pytorch,p95_latency,False,1.0
839,692,120,52,864,"[692, 120, 52]",gelu,model_6,Float8WeightOnlyConfig,float8,8.0,False,True,pytorch_quantized_p95_latency,0.0005743358284235,pytorch,p95_latency,False,1.0
840,692,120,52,864,"[692, 120, 52]",gelu,model_6,Int8WeightOnlyConfig,int8,8.0,False,True,pytorch_quantized_p99_latency,0.00047927206382155415,pytorch,p99_latency,False,1.0
841,692,120,52,864,"[692, 120, 52]",gelu,model_6,Float8WeightOnlyConfig,float8,8.0,False,True,pytorch_quantized_p99_latency,0.0005851998180150986,pytorch,p99_latency,False,1.0
842,692,120,52,864,"[692, 120, 52]",gelu,model_6,Int8WeightOnlyConfig,int8,8.0,False,True,pytorch_relative_model_size,0.25,pytorch,model_size,True,1.0
843,692,120,52,864,"[692, 120, 52]",gelu,model_6,Float8WeightOnlyConfig,float8,8.0,False,True,pytorch_relative_model_size,0.25,pytorch,model_size,True,1.0
844,692,120,52,864,"[692, 120, 52]",gelu,model_6,Int8WeightOnlyConfig,int8,8.0,False,True,pytorch_relative_median_latency,3.0095120058239226,pytorch,median_latency,True,1.0
845,692,120,52,864,"[692, 120, 52]",gelu,model_6,Float8WeightOnlyConfig,float8,8.0,False,True,pytorch_relative_median_latency,3.367990084892095,pytorch,median_latency,True,1.0
846,692,120,52,864,"[692, 120, 52]",gelu,model_6,Int8WeightOnlyConfig,int8,8.0,False,True,pytorch_relative_p95_latency,2.8952319984074997,pytorch,p95_latency,True,1.0
847,692,120,52,864,"[692, 120, 52]",gelu,model_6,Float8WeightOnlyConfig,float8,8.0,False,True,pytorch_relative_p95_latency,3.4874884634177237,pytorch,p95_latency,True,1.0
848,692,120,52,864,"[692, 120, 52]",gelu,model_6,Int8WeightOnlyConfig,int8,8.0,False,True,pytorch_relative_p99_latency,2.8708859508167346,pytorch,p99_latency,True,1.0
849,692,120,52,864,"[692, 120, 52]",gelu,model_6,Float8WeightOnlyConfig,float8,8.0,False,True,pytorch_relative_p99_latency,3.5054034290335374,pytorch,p99_latency,True,1.0
850,692,120,52,864,"[692, 120, 52]",gelu,model_6,Int8WeightOnlyConfig,int8,8.0,False,True,onnx_quantized_model_size,46900.0,onnx,model_size,False,1.0
851,692,120,52,864,"[692, 120, 52]",gelu,model_6,Float8WeightOnlyConfig,float8,8.0,False,True,onnx_quantized_model_size,,onnx,model_size,False,1.0
852,692,120,52,864,"[692, 120, 52]",gelu,model_6,Int8WeightOnlyConfig,int8,8.0,False,True,onnx_quantized_median_latency,0.000357234850525856,onnx,median_latency,False,1.0
853,692,120,52,864,"[692, 120, 52]",gelu,model_6,Float8WeightOnlyConfig,float8,8.0,False,True,onnx_quantized_median_latency,,onnx,median_latency,False,1.0
854,692,120,52,864,"[692, 120, 52]",gelu,model_6,Int8WeightOnlyConfig,int8,8.0,False,True,onnx_quantized_p95_latency,0.00036538178101181985,onnx,p95_latency,False,1.0
855,692,120,52,864,"[692, 120, 52]",gelu,model_6,Float8WeightOnlyConfig,float8,8.0,False,True,onnx_quantized_p95_latency,,onnx,p95_latency,False,1.0
856,692,120,52,864,"[692, 120, 52]",gelu,model_6,Int8WeightOnlyConfig,int8,8.0,False,True,onnx_quantized_p99_latency,0.0003689494915306568,onnx,p99_latency,False,1.0
857,692,120,52,864,"[692, 120, 52]",gelu,model_6,Float8WeightOnlyConfig,float8,8.0,False,True,onnx_quantized_p99_latency,,onnx,p99_latency,False,1.0
858,692,120,52,864,"[692, 120, 52]",gelu,model_6,Int8WeightOnlyConfig,int8,8.0,False,True,onnx_relative_model_size,1.631020692053556,onnx,model_size,True,1.0
859,692,120,52,864,"[692, 120, 52]",gelu,model_6,Float8WeightOnlyConfig,float8,8.0,False,True,onnx_relative_model_size,,onnx,model_size,True,1.0
860,692,120,52,864,"[692, 120, 52]",gelu,model_6,Int8WeightOnlyConfig,int8,8.0,False,True,onnx_relative_median_latency,1.0927743416910485,onnx,median_latency,True,1.0
861,692,120,52,864,"[692, 120, 52]",gelu,model_6,Float8WeightOnlyConfig,float8,8.0,False,True,onnx_relative_median_latency,,onnx,median_latency,True,1.0
862,692,120,52,864,"[692, 120, 52]",gelu,model_6,Int8WeightOnlyConfig,int8,8.0,False,True,onnx_relative_p95_latency,1.0097033782055274,onnx,p95_latency,True,1.0
863,692,120,52,864,"[692, 120, 52]",gelu,model_6,Float8WeightOnlyConfig,float8,8.0,False,True,onnx_relative_p95_latency,,onnx,p95_latency,True,1.0
864,692,120,52,864,"[692, 120, 52]",gelu,model_6,Int8WeightOnlyConfig,int8,8.0,False,True,onnx_relative_p99_latency,1.00691953204262,onnx,p99_latency,True,1.0
865,692,120,52,864,"[692, 120, 52]",gelu,model_6,Float8WeightOnlyConfig,float8,8.0,False,True,onnx_relative_p99_latency,,onnx,p99_latency,True,1.0
866,692,120,52,864,"[692, 120, 52]",gelu,model_6,Int8WeightOnlyConfig,int8,8.0,False,True,pt2_quantized_model_size,293537.0,pt2,model_size,False,1.0
867,692,120,52,864,"[692, 120, 52]",gelu,model_6,Float8WeightOnlyConfig,float8,8.0,False,True,pt2_quantized_model_size,272801.0,pt2,model_size,False,1.0
868,692,120,52,864,"[692, 120, 52]",gelu,model_6,Int8WeightOnlyConfig,int8,8.0,False,True,pt2_quantized_median_latency,0.0008814055472612381,pt2,median_latency,False,1.0
869,692,120,52,864,"[692, 120, 52]",gelu,model_6,Float8WeightOnlyConfig,float8,8.0,False,True,pt2_quantized_median_latency,0.0007220664992928505,pt2,median_latency,False,1.0
870,692,120,52,864,"[692, 120, 52]",gelu,model_6,Int8WeightOnlyConfig,int8,8.0,False,True,pt2_quantized_p95_latency,0.0008954247459769249,pt2,p95_latency,False,1.0
871,692,120,52,864,"[692, 120, 52]",gelu,model_6,Float8WeightOnlyConfig,float8,8.0,False,True,pt2_quantized_p95_latency,0.000742744281888008,pt2,p95_latency,False,1.0
872,692,120,52,864,"[692, 120, 52]",gelu,model_6,Int8WeightOnlyConfig,int8,8.0,False,True,pt2_quantized_p99_latency,0.0010221865028142928,pt2,p99_latency,False,1.0
873,692,120,52,864,"[692, 120, 52]",gelu,model_6,Float8WeightOnlyConfig,float8,8.0,False,True,pt2_quantized_p99_latency,0.0008623296581208706,pt2,p99_latency,False,1.0
874,692,120,52,864,"[692, 120, 52]",gelu,model_6,Int8WeightOnlyConfig,int8,8.0,False,True,pt2_relative_model_size,0.4521177545132915,pt2,model_size,True,1.0
875,692,120,52,864,"[692, 120, 52]",gelu,model_6,Float8WeightOnlyConfig,float8,8.0,False,True,pt2_relative_model_size,0.42017931486994975,pt2,model_size,True,1.0
876,692,120,52,864,"[692, 120, 52]",gelu,model_6,Int8WeightOnlyConfig,int8,8.0,False,True,pt2_relative_median_latency,1.3315090310000084,pt2,median_latency,True,1.0
877,692,120,52,864,"[692, 120, 52]",gelu,model_6,Float8WeightOnlyConfig,float8,8.0,False,True,pt2_relative_median_latency,1.0908010141057496,pt2,median_latency,True,1.0
878,692,120,52,864,"[692, 120, 52]",gelu,model_6,Int8WeightOnlyConfig,int8,8.0,False,True,pt2_relative_p95_latency,1.3103860347607237,pt2,p95_latency,True,1.0
879,692,120,52,864,"[692, 120, 52]",gelu,model_6,Float8WeightOnlyConfig,float8,8.0,False,True,pt2_relative_p95_latency,1.0869497841748383,pt2,p95_latency,True,1.0
880,692,120,52,864,"[692, 120, 52]",gelu,model_6,Int8WeightOnlyConfig,int8,8.0,False,True,pt2_relative_p99_latency,1.240241230223607,pt2,p99_latency,True,1.0
881,692,120,52,864,"[692, 120, 52]",gelu,model_6,Float8WeightOnlyConfig,float8,8.0,False,True,pt2_relative_p99_latency,1.046283425873442,pt2,p99_latency,True,1.0
882,692,120,52,864,"[692, 120, 52]",gelu,model_6,Int8WeightOnlyConfig,int8,8.0,False,True,pytorch_quantized_MAE,8.660501008199725,pytorch,MAE,False,2.0
883,692,120,52,864,"[692, 120, 52]",gelu,model_6,Float8WeightOnlyConfig,float8,8.0,False,True,pytorch_quantized_MAE,8.691029000484146,pytorch,MAE,False,2.0
884,692,120,52,864,"[692, 120, 52]",gelu,model_6,Int8WeightOnlyConfig,int8,8.0,False,True,pytorch_relative_MAE,0.9972344425511368,pytorch,MAE,True,2.0
885,692,120,52,864,"[692, 120, 52]",gelu,model_6,Float8WeightOnlyConfig,float8,8.0,False,True,pytorch_relative_MAE,1.000749662437277,pytorch,MAE,True,2.0
886,692,120,52,864,"[692, 120, 52]",gelu,model_6,Int8WeightOnlyConfig,int8,8.0,False,True,pytorch_quantized_model_size,146249.0,pytorch,model_size,False,2.0
887,692,120,52,864,"[692, 120, 52]",gelu,model_6,Float8WeightOnlyConfig,float8,8.0,False,True,pytorch_quantized_model_size,146249.0,pytorch,model_size,False,2.0
888,692,120,52,864,"[692, 120, 52]",gelu,model_6,Int8WeightOnlyConfig,int8,8.0,False,True,pytorch_quantized_median_latency,0.00043015461415052414,pytorch,median_latency,False,2.0
889,692,120,52,864,"[692, 120, 52]",gelu,model_6,Float8WeightOnlyConfig,float8,8.0,False,True,pytorch_quantized_median_latency,0.0005188779905438423,pytorch,median_latency,False,2.0
890,692,120,52,864,"[692, 120, 52]",gelu,model_6,Int8WeightOnlyConfig,int8,8.0,False,True,pytorch_quantized_p95_latency,0.00044130971655249597,pytorch,p95_latency,False,2.0
891,692,120,52,864,"[692, 120, 52]",gelu,model_6,Float8WeightOnlyConfig,float8,8.0,False,True,pytorch_quantized_p95_latency,0.0005266825668513775,pytorch,p95_latency,False,2.0
892,692,120,52,864,"[692, 120, 52]",gelu,model_6,Int8WeightOnlyConfig,int8,8.0,False,True,pytorch_quantized_p99_latency,0.0004428965784609318,pytorch,p99_latency,False,2.0
893,692,120,52,864,"[692, 120, 52]",gelu,model_6,Float8WeightOnlyConfig,float8,8.0,False,True,pytorch_quantized_p99_latency,0.0005318526178598404,pytorch,p99_latency,False,2.0
894,692,120,52,864,"[692, 120, 52]",gelu,model_6,Int8WeightOnlyConfig,int8,8.0,False,True,pytorch_relative_model_size,0.25,pytorch,model_size,True,2.0
895,692,120,52,864,"[692, 120, 52]",gelu,model_6,Float8WeightOnlyConfig,float8,8.0,False,True,pytorch_relative_model_size,0.25,pytorch,model_size,True,2.0
896,692,120,52,864,"[692, 120, 52]",gelu,model_6,Int8WeightOnlyConfig,int8,8.0,False,True,pytorch_relative_median_latency,2.7619807924605024,pytorch,median_latency,True,2.0
897,692,120,52,864,"[692, 120, 52]",gelu,model_6,Float8WeightOnlyConfig,float8,8.0,False,True,pytorch_relative_median_latency,3.331664932486575,pytorch,median_latency,True,2.0
898,692,120,52,864,"[692, 120, 52]",gelu,model_6,Int8WeightOnlyConfig,int8,8.0,False,True,pytorch_relative_p95_latency,2.643768641852151,pytorch,p95_latency,True,2.0
899,692,120,52,864,"[692, 120, 52]",gelu,model_6,Float8WeightOnlyConfig,float8,8.0,False,True,pytorch_relative_p95_latency,3.1552145856417706,pytorch,p95_latency,True,2.0
900,692,120,52,864,"[692, 120, 52]",gelu,model_6,Int8WeightOnlyConfig,int8,8.0,False,True,pytorch_relative_p99_latency,2.6166500827654424,pytorch,p99_latency,True,2.0
901,692,120,52,864,"[692, 120, 52]",gelu,model_6,Float8WeightOnlyConfig,float8,8.0,False,True,pytorch_relative_p99_latency,3.1422057975205804,pytorch,p99_latency,True,2.0
902,692,120,52,864,"[692, 120, 52]",gelu,model_6,Int8WeightOnlyConfig,int8,8.0,False,True,onnx_quantized_model_size,46900.0,onnx,model_size,False,2.0
903,692,120,52,864,"[692, 120, 52]",gelu,model_6,Float8WeightOnlyConfig,float8,8.0,False,True,onnx_quantized_model_size,,onnx,model_size,False,2.0
904,692,120,52,864,"[692, 120, 52]",gelu,model_6,Int8WeightOnlyConfig,int8,8.0,False,True,onnx_quantized_median_latency,0.0003868667408823967,onnx,median_latency,False,2.0
905,692,120,52,864,"[692, 120, 52]",gelu,model_6,Float8WeightOnlyConfig,float8,8.0,False,True,onnx_quantized_median_latency,,onnx,median_latency,False,2.0
906,692,120,52,864,"[692, 120, 52]",gelu,model_6,Int8WeightOnlyConfig,int8,8.0,False,True,onnx_quantized_p95_latency,0.00039686877280473707,onnx,p95_latency,False,2.0
907,692,120,52,864,"[692, 120, 52]",gelu,model_6,Float8WeightOnlyConfig,float8,8.0,False,True,onnx_quantized_p95_latency,,onnx,p95_latency,False,2.0
908,692,120,52,864,"[692, 120, 52]",gelu,model_6,Int8WeightOnlyConfig,int8,8.0,False,True,onnx_quantized_p99_latency,0.0004022959992289543,onnx,p99_latency,False,2.0
909,692,120,52,864,"[692, 120, 52]",gelu,model_6,Float8WeightOnlyConfig,float8,8.0,False,True,onnx_quantized_p99_latency,,onnx,p99_latency,False,2.0
910,692,120,52,864,"[692, 120, 52]",gelu,model_6,Int8WeightOnlyConfig,int8,8.0,False,True,onnx_relative_model_size,1.631020692053556,onnx,model_size,True,2.0
911,692,120,52,864,"[692, 120, 52]",gelu,model_6,Float8WeightOnlyConfig,float8,8.0,False,True,onnx_relative_model_size,,onnx,model_size,True,2.0
912,692,120,52,864,"[692, 120, 52]",gelu,model_6,Int8WeightOnlyConfig,int8,8.0,False,True,onnx_relative_median_latency,1.1941785252263908,onnx,median_latency,True,2.0
913,692,120,52,864,"[692, 120, 52]",gelu,model_6,Float8WeightOnlyConfig,float8,8.0,False,True,onnx_relative_median_latency,,onnx,median_latency,True,2.0
914,692,120,52,864,"[692, 120, 52]",gelu,model_6,Int8WeightOnlyConfig,int8,8.0,False,True,onnx_relative_p95_latency,1.196649316988036,onnx,p95_latency,True,2.0
915,692,120,52,864,"[692, 120, 52]",gelu,model_6,Float8WeightOnlyConfig,float8,8.0,False,True,onnx_relative_p95_latency,,onnx,p95_latency,True,2.0
916,692,120,52,864,"[692, 120, 52]",gelu,model_6,Int8WeightOnlyConfig,int8,8.0,False,True,onnx_relative_p99_latency,1.202711171484598,onnx,p99_latency,True,2.0
917,692,120,52,864,"[692, 120, 52]",gelu,model_6,Float8WeightOnlyConfig,float8,8.0,False,True,onnx_relative_p99_latency,,onnx,p99_latency,True,2.0
918,692,120,52,864,"[692, 120, 52]",gelu,model_6,Int8WeightOnlyConfig,int8,8.0,False,True,pt2_quantized_model_size,293537.0,pt2,model_size,False,2.0
919,692,120,52,864,"[692, 120, 52]",gelu,model_6,Float8WeightOnlyConfig,float8,8.0,False,True,pt2_quantized_model_size,272801.0,pt2,model_size,False,2.0
920,692,120,52,864,"[692, 120, 52]",gelu,model_6,Int8WeightOnlyConfig,int8,8.0,False,True,pt2_quantized_median_latency,0.0009089121595025063,pt2,median_latency,False,2.0
921,692,120,52,864,"[692, 120, 52]",gelu,model_6,Float8WeightOnlyConfig,float8,8.0,False,True,pt2_quantized_median_latency,0.0007254518568515778,pt2,median_latency,False,2.0
922,692,120,52,864,"[692, 120, 52]",gelu,model_6,Int8WeightOnlyConfig,int8,8.0,False,True,pt2_quantized_p95_latency,0.0009637042880058288,pt2,p95_latency,False,2.0
923,692,120,52,864,"[692, 120, 52]",gelu,model_6,Float8WeightOnlyConfig,float8,8.0,False,True,pt2_quantized_p95_latency,0.0007364324294030667,pt2,p95_latency,False,2.0
924,692,120,52,864,"[692, 120, 52]",gelu,model_6,Int8WeightOnlyConfig,int8,8.0,False,True,pt2_quantized_p99_latency,0.0010598892904818038,pt2,p99_latency,False,2.0
925,692,120,52,864,"[692, 120, 52]",gelu,model_6,Float8WeightOnlyConfig,float8,8.0,False,True,pt2_quantized_p99_latency,0.0008482411690056323,pt2,p99_latency,False,2.0
926,692,120,52,864,"[692, 120, 52]",gelu,model_6,Int8WeightOnlyConfig,int8,8.0,False,True,pt2_relative_model_size,0.4521177545132915,pt2,model_size,True,2.0
927,692,120,52,864,"[692, 120, 52]",gelu,model_6,Float8WeightOnlyConfig,float8,8.0,False,True,pt2_relative_model_size,0.42017931486994975,pt2,model_size,True,2.0
928,692,120,52,864,"[692, 120, 52]",gelu,model_6,Int8WeightOnlyConfig,int8,8.0,False,True,pt2_relative_median_latency,1.3598327409226,pt2,median_latency,True,2.0
929,692,120,52,864,"[692, 120, 52]",gelu,model_6,Float8WeightOnlyConfig,float8,8.0,False,True,pt2_relative_median_latency,1.0853559132158916,pt2,median_latency,True,2.0
930,692,120,52,864,"[692, 120, 52]",gelu,model_6,Int8WeightOnlyConfig,int8,8.0,False,True,pt2_relative_p95_latency,1.405212393881144,pt2,p95_latency,True,2.0
931,692,120,52,864,"[692, 120, 52]",gelu,model_6,Float8WeightOnlyConfig,float8,8.0,False,True,pt2_relative_p95_latency,1.0738190022943332,pt2,p95_latency,True,2.0
932,692,120,52,864,"[692, 120, 52]",gelu,model_6,Int8WeightOnlyConfig,int8,8.0,False,True,pt2_relative_p99_latency,1.244629135233616,pt2,p99_latency,True,2.0
933,692,120,52,864,"[692, 120, 52]",gelu,model_6,Float8WeightOnlyConfig,float8,8.0,False,True,pt2_relative_p99_latency,0.9960905182550825,pt2,p99_latency,True,2.0
934,692,120,52,864,"[692, 120, 52]",gelu,model_6,Int8WeightOnlyConfig,int8,8.0,False,True,pytorch_quantized_MAE,8.602904842803754,pytorch,MAE,False,3.0
935,692,120,52,864,"[692, 120, 52]",gelu,model_6,Float8WeightOnlyConfig,float8,8.0,False,True,pytorch_quantized_MAE,8.626126713721346,pytorch,MAE,False,3.0
936,692,120,52,864,"[692, 120, 52]",gelu,model_6,Int8WeightOnlyConfig,int8,8.0,False,True,pytorch_relative_MAE,0.9979229931603711,pytorch,MAE,True,3.0
937,692,120,52,864,"[692, 120, 52]",gelu,model_6,Float8WeightOnlyConfig,float8,8.0,False,True,pytorch_relative_MAE,1.0006166924812756,pytorch,MAE,True,3.0
938,692,120,52,864,"[692, 120, 52]",gelu,model_6,Int8WeightOnlyConfig,int8,8.0,False,True,pytorch_quantized_model_size,146249.0,pytorch,model_size,False,3.0
939,692,120,52,864,"[692, 120, 52]",gelu,model_6,Float8WeightOnlyConfig,float8,8.0,False,True,pytorch_quantized_model_size,146249.0,pytorch,model_size,False,3.0
940,692,120,52,864,"[692, 120, 52]",gelu,model_6,Int8WeightOnlyConfig,int8,8.0,False,True,pytorch_quantized_median_latency,0.00043038465082645416,pytorch,median_latency,False,3.0
941,692,120,52,864,"[692, 120, 52]",gelu,model_6,Float8WeightOnlyConfig,float8,8.0,False,True,pytorch_quantized_median_latency,0.000539654865860939,pytorch,median_latency,False,3.0
942,692,120,52,864,"[692, 120, 52]",gelu,model_6,Int8WeightOnlyConfig,int8,8.0,False,True,pytorch_quantized_p95_latency,0.00044195782393217085,pytorch,p95_latency,False,3.0
943,692,120,52,864,"[692, 120, 52]",gelu,model_6,Float8WeightOnlyConfig,float8,8.0,False,True,pytorch_quantized_p95_latency,0.0006006328389048576,pytorch,p95_latency,False,3.0
944,692,120,52,864,"[692, 120, 52]",gelu,model_6,Int8WeightOnlyConfig,int8,8.0,False,True,pytorch_quantized_p99_latency,0.0004461090452969074,pytorch,p99_latency,False,3.0
945,692,120,52,864,"[692, 120, 52]",gelu,model_6,Float8WeightOnlyConfig,float8,8.0,False,True,pytorch_quantized_p99_latency,0.0006041409634053708,pytorch,p99_latency,False,3.0
946,692,120,52,864,"[692, 120, 52]",gelu,model_6,Int8WeightOnlyConfig,int8,8.0,False,True,pytorch_relative_model_size,0.25,pytorch,model_size,True,3.0
947,692,120,52,864,"[692, 120, 52]",gelu,model_6,Float8WeightOnlyConfig,float8,8.0,False,True,pytorch_relative_model_size,0.25,pytorch,model_size,True,3.0
948,692,120,52,864,"[692, 120, 52]",gelu,model_6,Int8WeightOnlyConfig,int8,8.0,False,True,pytorch_relative_median_latency,2.4492887277661177,pytorch,median_latency,True,3.0
949,692,120,52,864,"[692, 120, 52]",gelu,model_6,Float8WeightOnlyConfig,float8,8.0,False,True,pytorch_relative_median_latency,3.0711378235705653,pytorch,median_latency,True,3.0
950,692,120,52,864,"[692, 120, 52]",gelu,model_6,Int8WeightOnlyConfig,int8,8.0,False,True,pytorch_relative_p95_latency,2.360907769352237,pytorch,p95_latency,True,3.0
951,692,120,52,864,"[692, 120, 52]",gelu,model_6,Float8WeightOnlyConfig,float8,8.0,False,True,pytorch_relative_p95_latency,3.208538596018161,pytorch,p95_latency,True,3.0
952,692,120,52,864,"[692, 120, 52]",gelu,model_6,Int8WeightOnlyConfig,int8,8.0,False,True,pytorch_relative_p99_latency,2.3197617813379954,pytorch,p99_latency,True,3.0
953,692,120,52,864,"[692, 120, 52]",gelu,model_6,Float8WeightOnlyConfig,float8,8.0,False,True,pytorch_relative_p99_latency,3.141525894225599,pytorch,p99_latency,True,3.0
954,692,120,52,864,"[692, 120, 52]",gelu,model_6,Int8WeightOnlyConfig,int8,8.0,False,True,onnx_quantized_model_size,46900.0,onnx,model_size,False,3.0
955,692,120,52,864,"[692, 120, 52]",gelu,model_6,Float8WeightOnlyConfig,float8,8.0,False,True,onnx_quantized_model_size,,onnx,model_size,False,3.0
956,692,120,52,864,"[692, 120, 52]",gelu,model_6,Int8WeightOnlyConfig,int8,8.0,False,True,onnx_quantized_median_latency,0.00037671811878681183,onnx,median_latency,False,3.0
957,692,120,52,864,"[692, 120, 52]",gelu,model_6,Float8WeightOnlyConfig,float8,8.0,False,True,onnx_quantized_median_latency,,onnx,median_latency,False,3.0
958,692,120,52,864,"[692, 120, 52]",gelu,model_6,Int8WeightOnlyConfig,int8,8.0,False,True,onnx_quantized_p95_latency,0.00038706492632627486,onnx,p95_latency,False,3.0
959,692,120,52,864,"[692, 120, 52]",gelu,model_6,Float8WeightOnlyConfig,float8,8.0,False,True,onnx_quantized_p95_latency,,onnx,p95_latency,False,3.0
960,692,120,52,864,"[692, 120, 52]",gelu,model_6,Int8WeightOnlyConfig,int8,8.0,False,True,onnx_quantized_p99_latency,0.00041158149018883706,onnx,p99_latency,False,3.0
961,692,120,52,864,"[692, 120, 52]",gelu,model_6,Float8WeightOnlyConfig,float8,8.0,False,True,onnx_quantized_p99_latency,,onnx,p99_latency,False,3.0
962,692,120,52,864,"[692, 120, 52]",gelu,model_6,Int8WeightOnlyConfig,int8,8.0,False,True,onnx_relative_model_size,1.631020692053556,onnx,model_size,True,3.0
963,692,120,52,864,"[692, 120, 52]",gelu,model_6,Float8WeightOnlyConfig,float8,8.0,False,True,onnx_relative_model_size,,onnx,model_size,True,3.0
964,692,120,52,864,"[692, 120, 52]",gelu,model_6,Int8WeightOnlyConfig,int8,8.0,False,True,onnx_relative_median_latency,1.0710100376245435,onnx,median_latency,True,3.0
965,692,120,52,864,"[692, 120, 52]",gelu,model_6,Float8WeightOnlyConfig,float8,8.0,False,True,onnx_relative_median_latency,,onnx,median_latency,True,3.0
966,692,120,52,864,"[692, 120, 52]",gelu,model_6,Int8WeightOnlyConfig,int8,8.0,False,True,onnx_relative_p95_latency,1.0764116176717777,onnx,p95_latency,True,3.0
967,692,120,52,864,"[692, 120, 52]",gelu,model_6,Float8WeightOnlyConfig,float8,8.0,False,True,onnx_relative_p95_latency,,onnx,p95_latency,True,3.0
968,692,120,52,864,"[692, 120, 52]",gelu,model_6,Int8WeightOnlyConfig,int8,8.0,False,True,onnx_relative_p99_latency,1.1298590619689233,onnx,p99_latency,True,3.0
969,692,120,52,864,"[692, 120, 52]",gelu,model_6,Float8WeightOnlyConfig,float8,8.0,False,True,onnx_relative_p99_latency,,onnx,p99_latency,True,3.0
970,692,120,52,864,"[692, 120, 52]",gelu,model_6,Int8WeightOnlyConfig,int8,8.0,False,True,pt2_quantized_model_size,293537.0,pt2,model_size,False,3.0
971,692,120,52,864,"[692, 120, 52]",gelu,model_6,Float8WeightOnlyConfig,float8,8.0,False,True,pt2_quantized_model_size,272801.0,pt2,model_size,False,3.0
972,692,120,52,864,"[692, 120, 52]",gelu,model_6,Int8WeightOnlyConfig,int8,8.0,False,True,pt2_quantized_median_latency,0.000909898430109024,pt2,median_latency,False,3.0
973,692,120,52,864,"[692, 120, 52]",gelu,model_6,Float8WeightOnlyConfig,float8,8.0,False,True,pt2_quantized_median_latency,0.0007394580170512199,pt2,median_latency,False,3.0
974,692,120,52,864,"[692, 120, 52]",gelu,model_6,Int8WeightOnlyConfig,int8,8.0,False,True,pt2_quantized_p95_latency,0.000921244453638792,pt2,p95_latency,False,3.0
975,692,120,52,864,"[692, 120, 52]",gelu,model_6,Float8WeightOnlyConfig,float8,8.0,False,True,pt2_quantized_p95_latency,0.0007558656856417656,pt2,p95_latency,False,3.0
976,692,120,52,864,"[692, 120, 52]",gelu,model_6,Int8WeightOnlyConfig,int8,8.0,False,True,pt2_quantized_p99_latency,0.0010548646561801434,pt2,p99_latency,False,3.0
977,692,120,52,864,"[692, 120, 52]",gelu,model_6,Float8WeightOnlyConfig,float8,8.0,False,True,pt2_quantized_p99_latency,0.0008727931603789329,pt2,p99_latency,False,3.0
978,692,120,52,864,"[692, 120, 52]",gelu,model_6,Int8WeightOnlyConfig,int8,8.0,False,True,pt2_relative_model_size,0.4521177545132915,pt2,model_size,True,3.0
979,692,120,52,864,"[692, 120, 52]",gelu,model_6,Float8WeightOnlyConfig,float8,8.0,False,True,pt2_relative_model_size,0.42017931486994975,pt2,model_size,True,3.0
980,692,120,52,864,"[692, 120, 52]",gelu,model_6,Int8WeightOnlyConfig,int8,8.0,False,True,pt2_relative_median_latency,1.358907417272521,pt2,median_latency,True,3.0
981,692,120,52,864,"[692, 120, 52]",gelu,model_6,Float8WeightOnlyConfig,float8,8.0,False,True,pt2_relative_median_latency,1.1043595096786039,pt2,median_latency,True,3.0
982,692,120,52,864,"[692, 120, 52]",gelu,model_6,Int8WeightOnlyConfig,int8,8.0,False,True,pt2_relative_p95_latency,1.344440702255697,pt2,p95_latency,True,3.0
983,692,120,52,864,"[692, 120, 52]",gelu,model_6,Float8WeightOnlyConfig,float8,8.0,False,True,pt2_relative_p95_latency,1.1030911385151683,pt2,p95_latency,True,3.0
984,692,120,52,864,"[692, 120, 52]",gelu,model_6,Int8WeightOnlyConfig,int8,8.0,False,True,pt2_relative_p99_latency,1.2507909015358731,pt2,p99_latency,True,3.0
985,692,120,52,864,"[692, 120, 52]",gelu,model_6,Float8WeightOnlyConfig,float8,8.0,False,True,pt2_relative_p99_latency,1.0349021910335752,pt2,p99_latency,True,3.0
986,409,64,171,644,"[409, 64, 171]",gelu,model_60,,,,,,,,,,,
987,302,292,156,750,"[302, 292, 156]",relu,model_61,,,,,,,,,,,
988,789,103,32,924,"[789, 103, 32]",elu,model_62,,,,,,,,,,,
989,507,406,204,1117,"[507, 406, 204]",elu,model_63,,,,,,,,,,,
990,140,214,74,428,"[140, 214, 74]",relu,model_64,,,,,,,,,,,
991,630,268,196,1094,"[630, 268, 196]",celu,model_7,,,,,,,,,,,
992,128,64,86,278,"[128, 64, 86]",leaky_relu,model_8,,,,,,,,,,,
993,128,431,182,741,"[128, 431, 182]",elu,model_9,,,,,,,,,,,
