,hidden_layer_1_neurons,hidden_layer_2_neurons,hidden_layer_3_neurons,total_hidden_neurons,neurons_per_layer,activation,model_ID,config_name,precision,bits_per_weight,dynamic_calibration,weight_only,metric,value,runtime,base_metric,relative,eval_run
0,528,446,117,1091,"[528, 446, 117]",gelu,model_1,Int8WeightOnlyConfig,int8,8.0,False,True,pytorch_quantized_MAE,8.816926190007552,pytorch,MAE,False,1.0
1,528,446,117,1091,"[528, 446, 117]",gelu,model_1,Float8WeightOnlyConfig,float8,8.0,False,True,pytorch_quantized_MAE,8.81836002095062,pytorch,MAE,False,1.0
2,528,446,117,1091,"[528, 446, 117]",gelu,model_1,Int8WeightOnlyConfig,int8,8.0,False,True,pytorch_relative_MAE,1.005634924082591,pytorch,MAE,True,1.0
3,528,446,117,1091,"[528, 446, 117]",gelu,model_1,Float8WeightOnlyConfig,float8,8.0,False,True,pytorch_relative_MAE,1.0057984629895191,pytorch,MAE,True,1.0
4,528,446,117,1091,"[528, 446, 117]",gelu,model_1,Int8WeightOnlyConfig,int8,8.0,False,True,pytorch_quantized_model_size,331647.0,pytorch,model_size,False,1.0
5,528,446,117,1091,"[528, 446, 117]",gelu,model_1,Float8WeightOnlyConfig,float8,8.0,False,True,pytorch_quantized_model_size,331647.0,pytorch,model_size,False,1.0
6,528,446,117,1091,"[528, 446, 117]",gelu,model_1,Int8WeightOnlyConfig,int8,8.0,False,True,pytorch_quantized_median_latency,0.00048113614320755005,pytorch,median_latency,False,1.0
7,528,446,117,1091,"[528, 446, 117]",gelu,model_1,Float8WeightOnlyConfig,float8,8.0,False,True,pytorch_quantized_median_latency,0.0005884487181901932,pytorch,median_latency,False,1.0
8,528,446,117,1091,"[528, 446, 117]",gelu,model_1,Int8WeightOnlyConfig,int8,8.0,False,True,pytorch_quantized_p95_latency,0.0004911646246910095,pytorch,p95_latency,False,1.0
9,528,446,117,1091,"[528, 446, 117]",gelu,model_1,Float8WeightOnlyConfig,float8,8.0,False,True,pytorch_quantized_p95_latency,0.0006340106949210166,pytorch,p95_latency,False,1.0
10,528,446,117,1091,"[528, 446, 117]",gelu,model_1,Int8WeightOnlyConfig,int8,8.0,False,True,pytorch_quantized_p99_latency,0.0004950528591871261,pytorch,p99_latency,False,1.0
11,528,446,117,1091,"[528, 446, 117]",gelu,model_1,Float8WeightOnlyConfig,float8,8.0,False,True,pytorch_quantized_p99_latency,0.0006562336906790733,pytorch,p99_latency,False,1.0
12,528,446,117,1091,"[528, 446, 117]",gelu,model_1,Int8WeightOnlyConfig,int8,8.0,False,True,pytorch_relative_model_size,0.25,pytorch,model_size,True,1.0
13,528,446,117,1091,"[528, 446, 117]",gelu,model_1,Float8WeightOnlyConfig,float8,8.0,False,True,pytorch_relative_model_size,0.25,pytorch,model_size,True,1.0
14,528,446,117,1091,"[528, 446, 117]",gelu,model_1,Int8WeightOnlyConfig,int8,8.0,False,True,pytorch_relative_median_latency,2.7777741932014925,pytorch,median_latency,True,1.0
15,528,446,117,1091,"[528, 446, 117]",gelu,model_1,Float8WeightOnlyConfig,float8,8.0,False,True,pytorch_relative_median_latency,3.3973287737522986,pytorch,median_latency,True,1.0
16,528,446,117,1091,"[528, 446, 117]",gelu,model_1,Int8WeightOnlyConfig,int8,8.0,False,True,pytorch_relative_p95_latency,2.6520659486326412,pytorch,p95_latency,True,1.0
17,528,446,117,1091,"[528, 446, 117]",gelu,model_1,Float8WeightOnlyConfig,float8,8.0,False,True,pytorch_relative_p95_latency,3.4233698653007325,pytorch,p95_latency,True,1.0
18,528,446,117,1091,"[528, 446, 117]",gelu,model_1,Int8WeightOnlyConfig,int8,8.0,False,True,pytorch_relative_p99_latency,2.6050564737122843,pytorch,p99_latency,True,1.0
19,528,446,117,1091,"[528, 446, 117]",gelu,model_1,Float8WeightOnlyConfig,float8,8.0,False,True,pytorch_relative_p99_latency,3.453218767342655,pytorch,p99_latency,True,1.0
20,528,446,117,1091,"[528, 446, 117]",gelu,model_1,Int8WeightOnlyConfig,int8,8.0,False,True,onnx_quantized_model_size,47750.0,onnx,model_size,False,1.0
21,528,446,117,1091,"[528, 446, 117]",gelu,model_1,Float8WeightOnlyConfig,float8,8.0,False,True,onnx_quantized_model_size,,onnx,model_size,False,1.0
22,528,446,117,1091,"[528, 446, 117]",gelu,model_1,Int8WeightOnlyConfig,int8,8.0,False,True,onnx_quantized_median_latency,0.0007680300623178482,onnx,median_latency,False,1.0
23,528,446,117,1091,"[528, 446, 117]",gelu,model_1,Float8WeightOnlyConfig,float8,8.0,False,True,onnx_quantized_median_latency,,onnx,median_latency,False,1.0
24,528,446,117,1091,"[528, 446, 117]",gelu,model_1,Int8WeightOnlyConfig,int8,8.0,False,True,onnx_quantized_p95_latency,0.0007863048464059829,onnx,p95_latency,False,1.0
25,528,446,117,1091,"[528, 446, 117]",gelu,model_1,Float8WeightOnlyConfig,float8,8.0,False,True,onnx_quantized_p95_latency,,onnx,p95_latency,False,1.0
26,528,446,117,1091,"[528, 446, 117]",gelu,model_1,Int8WeightOnlyConfig,int8,8.0,False,True,onnx_quantized_p99_latency,0.0008185146376490591,onnx,p99_latency,False,1.0
27,528,446,117,1091,"[528, 446, 117]",gelu,model_1,Float8WeightOnlyConfig,float8,8.0,False,True,onnx_quantized_p99_latency,,onnx,p99_latency,False,1.0
28,528,446,117,1091,"[528, 446, 117]",gelu,model_1,Int8WeightOnlyConfig,int8,8.0,False,True,onnx_relative_model_size,1.6766740405210858,onnx,model_size,True,1.0
29,528,446,117,1091,"[528, 446, 117]",gelu,model_1,Float8WeightOnlyConfig,float8,8.0,False,True,onnx_relative_model_size,,onnx,model_size,True,1.0
30,528,446,117,1091,"[528, 446, 117]",gelu,model_1,Int8WeightOnlyConfig,int8,8.0,False,True,onnx_relative_median_latency,1.088621998806651,onnx,median_latency,True,1.0
31,528,446,117,1091,"[528, 446, 117]",gelu,model_1,Float8WeightOnlyConfig,float8,8.0,False,True,onnx_relative_median_latency,,onnx,median_latency,True,1.0
32,528,446,117,1091,"[528, 446, 117]",gelu,model_1,Int8WeightOnlyConfig,int8,8.0,False,True,onnx_relative_p95_latency,1.0923312711194924,onnx,p95_latency,True,1.0
33,528,446,117,1091,"[528, 446, 117]",gelu,model_1,Float8WeightOnlyConfig,float8,8.0,False,True,onnx_relative_p95_latency,,onnx,p95_latency,True,1.0
34,528,446,117,1091,"[528, 446, 117]",gelu,model_1,Int8WeightOnlyConfig,int8,8.0,False,True,onnx_relative_p99_latency,1.1216200681042692,onnx,p99_latency,True,1.0
35,528,446,117,1091,"[528, 446, 117]",gelu,model_1,Float8WeightOnlyConfig,float8,8.0,False,True,onnx_relative_p99_latency,,onnx,p99_latency,True,1.0
36,528,446,117,1091,"[528, 446, 117]",gelu,model_1,Int8WeightOnlyConfig,int8,8.0,False,True,pt2_quantized_model_size,480673.0,pt2,model_size,False,1.0
37,528,446,117,1091,"[528, 446, 117]",gelu,model_1,Float8WeightOnlyConfig,float8,8.0,False,True,pt2_quantized_model_size,459873.0,pt2,model_size,False,1.0
38,528,446,117,1091,"[528, 446, 117]",gelu,model_1,Int8WeightOnlyConfig,int8,8.0,False,True,pt2_quantized_median_latency,0.0008978620171546936,pt2,median_latency,False,1.0
39,528,446,117,1091,"[528, 446, 117]",gelu,model_1,Float8WeightOnlyConfig,float8,8.0,False,True,pt2_quantized_median_latency,0.0007256045937538147,pt2,median_latency,False,1.0
40,528,446,117,1091,"[528, 446, 117]",gelu,model_1,Int8WeightOnlyConfig,int8,8.0,False,True,pt2_quantized_p95_latency,0.0009258177131414413,pt2,p95_latency,False,1.0
41,528,446,117,1091,"[528, 446, 117]",gelu,model_1,Float8WeightOnlyConfig,float8,8.0,False,True,pt2_quantized_p95_latency,0.0007440038025379181,pt2,p95_latency,False,1.0
42,528,446,117,1091,"[528, 446, 117]",gelu,model_1,Int8WeightOnlyConfig,int8,8.0,False,True,pt2_quantized_p99_latency,0.0010926423966884612,pt2,p99_latency,False,1.0
43,528,446,117,1091,"[528, 446, 117]",gelu,model_1,Float8WeightOnlyConfig,float8,8.0,False,True,pt2_quantized_p99_latency,0.0008651600778102874,pt2,p99_latency,False,1.0
44,528,446,117,1091,"[528, 446, 117]",gelu,model_1,Int8WeightOnlyConfig,int8,8.0,False,True,pt2_relative_model_size,0.3455888749648604,pt2,model_size,True,1.0
45,528,446,117,1091,"[528, 446, 117]",gelu,model_1,Float8WeightOnlyConfig,float8,8.0,False,True,pt2_relative_model_size,0.33063432457557473,pt2,model_size,True,1.0
46,528,446,117,1091,"[528, 446, 117]",gelu,model_1,Int8WeightOnlyConfig,int8,8.0,False,True,pt2_relative_median_latency,1.033177082328633,pt2,median_latency,True,1.0
47,528,446,117,1091,"[528, 446, 117]",gelu,model_1,Float8WeightOnlyConfig,float8,8.0,False,True,pt2_relative_median_latency,0.8349590725249005,pt2,median_latency,True,1.0
48,528,446,117,1091,"[528, 446, 117]",gelu,model_1,Int8WeightOnlyConfig,int8,8.0,False,True,pt2_relative_p95_latency,1.0016337053957822,pt2,p95_latency,True,1.0
49,528,446,117,1091,"[528, 446, 117]",gelu,model_1,Float8WeightOnlyConfig,float8,8.0,False,True,pt2_relative_p95_latency,0.8049309005289643,pt2,p95_latency,True,1.0
50,528,446,117,1091,"[528, 446, 117]",gelu,model_1,Int8WeightOnlyConfig,int8,8.0,False,True,pt2_relative_p99_latency,0.9898552846387815,pt2,p99_latency,True,1.0
51,528,446,117,1091,"[528, 446, 117]",gelu,model_1,Float8WeightOnlyConfig,float8,8.0,False,True,pt2_relative_p99_latency,0.7837726942268634,pt2,p99_latency,True,1.0
52,528,446,117,1091,"[528, 446, 117]",gelu,model_1,Int8WeightOnlyConfig,int8,8.0,False,True,pytorch_quantized_MAE,9.098640499312364,pytorch,MAE,False,2.0
53,528,446,117,1091,"[528, 446, 117]",gelu,model_1,Float8WeightOnlyConfig,float8,8.0,False,True,pytorch_quantized_MAE,9.099339970528575,pytorch,MAE,False,2.0
54,528,446,117,1091,"[528, 446, 117]",gelu,model_1,Int8WeightOnlyConfig,int8,8.0,False,True,pytorch_relative_MAE,1.0054551858401293,pytorch,MAE,True,2.0
55,528,446,117,1091,"[528, 446, 117]",gelu,model_1,Float8WeightOnlyConfig,float8,8.0,False,True,pytorch_relative_MAE,1.0055324816692963,pytorch,MAE,True,2.0
56,528,446,117,1091,"[528, 446, 117]",gelu,model_1,Int8WeightOnlyConfig,int8,8.0,False,True,pytorch_quantized_model_size,331647.0,pytorch,model_size,False,2.0
57,528,446,117,1091,"[528, 446, 117]",gelu,model_1,Float8WeightOnlyConfig,float8,8.0,False,True,pytorch_quantized_model_size,331647.0,pytorch,model_size,False,2.0
58,528,446,117,1091,"[528, 446, 117]",gelu,model_1,Int8WeightOnlyConfig,int8,8.0,False,True,pytorch_quantized_median_latency,0.0004916973412036896,pytorch,median_latency,False,2.0
59,528,446,117,1091,"[528, 446, 117]",gelu,model_1,Float8WeightOnlyConfig,float8,8.0,False,True,pytorch_quantized_median_latency,0.0005959812551736832,pytorch,median_latency,False,2.0
60,528,446,117,1091,"[528, 446, 117]",gelu,model_1,Int8WeightOnlyConfig,int8,8.0,False,True,pytorch_quantized_p95_latency,0.0005008675158023834,pytorch,p95_latency,False,2.0
61,528,446,117,1091,"[528, 446, 117]",gelu,model_1,Float8WeightOnlyConfig,float8,8.0,False,True,pytorch_quantized_p95_latency,0.0006324930116534233,pytorch,p95_latency,False,2.0
62,528,446,117,1091,"[528, 446, 117]",gelu,model_1,Int8WeightOnlyConfig,int8,8.0,False,True,pytorch_quantized_p99_latency,0.000505593940615654,pytorch,p99_latency,False,2.0
63,528,446,117,1091,"[528, 446, 117]",gelu,model_1,Float8WeightOnlyConfig,float8,8.0,False,True,pytorch_quantized_p99_latency,0.0006527450680732726,pytorch,p99_latency,False,2.0
64,528,446,117,1091,"[528, 446, 117]",gelu,model_1,Int8WeightOnlyConfig,int8,8.0,False,True,pytorch_relative_model_size,0.25,pytorch,model_size,True,2.0
65,528,446,117,1091,"[528, 446, 117]",gelu,model_1,Float8WeightOnlyConfig,float8,8.0,False,True,pytorch_relative_model_size,0.25,pytorch,model_size,True,2.0
66,528,446,117,1091,"[528, 446, 117]",gelu,model_1,Int8WeightOnlyConfig,int8,8.0,False,True,pytorch_relative_median_latency,2.7535569741728207,pytorch,median_latency,True,2.0
67,528,446,117,1091,"[528, 446, 117]",gelu,model_1,Float8WeightOnlyConfig,float8,8.0,False,True,pytorch_relative_median_latency,3.3375578921016396,pytorch,median_latency,True,2.0
68,528,446,117,1091,"[528, 446, 117]",gelu,model_1,Int8WeightOnlyConfig,int8,8.0,False,True,pytorch_relative_p95_latency,2.6414370768095825,pytorch,p95_latency,True,2.0
69,528,446,117,1091,"[528, 446, 117]",gelu,model_1,Float8WeightOnlyConfig,float8,8.0,False,True,pytorch_relative_p95_latency,3.3355936232516146,pytorch,p95_latency,True,2.0
70,528,446,117,1091,"[528, 446, 117]",gelu,model_1,Int8WeightOnlyConfig,int8,8.0,False,True,pytorch_relative_p99_latency,2.6366714367364796,pytorch,p99_latency,True,2.0
71,528,446,117,1091,"[528, 446, 117]",gelu,model_1,Float8WeightOnlyConfig,float8,8.0,False,True,pytorch_relative_p99_latency,3.4040642859834938,pytorch,p99_latency,True,2.0
72,528,446,117,1091,"[528, 446, 117]",gelu,model_1,Int8WeightOnlyConfig,int8,8.0,False,True,onnx_quantized_model_size,47750.0,onnx,model_size,False,2.0
73,528,446,117,1091,"[528, 446, 117]",gelu,model_1,Float8WeightOnlyConfig,float8,8.0,False,True,onnx_quantized_model_size,,onnx,model_size,False,2.0
74,528,446,117,1091,"[528, 446, 117]",gelu,model_1,Int8WeightOnlyConfig,int8,8.0,False,True,onnx_quantized_median_latency,0.0007818229496479034,onnx,median_latency,False,2.0
75,528,446,117,1091,"[528, 446, 117]",gelu,model_1,Float8WeightOnlyConfig,float8,8.0,False,True,onnx_quantized_median_latency,,onnx,median_latency,False,2.0
76,528,446,117,1091,"[528, 446, 117]",gelu,model_1,Int8WeightOnlyConfig,int8,8.0,False,True,onnx_quantized_p95_latency,0.0011544974520802497,onnx,p95_latency,False,2.0
77,528,446,117,1091,"[528, 446, 117]",gelu,model_1,Float8WeightOnlyConfig,float8,8.0,False,True,onnx_quantized_p95_latency,,onnx,p95_latency,False,2.0
78,528,446,117,1091,"[528, 446, 117]",gelu,model_1,Int8WeightOnlyConfig,int8,8.0,False,True,onnx_quantized_p99_latency,0.013844890482723712,onnx,p99_latency,False,2.0
79,528,446,117,1091,"[528, 446, 117]",gelu,model_1,Float8WeightOnlyConfig,float8,8.0,False,True,onnx_quantized_p99_latency,,onnx,p99_latency,False,2.0
80,528,446,117,1091,"[528, 446, 117]",gelu,model_1,Int8WeightOnlyConfig,int8,8.0,False,True,onnx_relative_model_size,1.6766740405210858,onnx,model_size,True,2.0
81,528,446,117,1091,"[528, 446, 117]",gelu,model_1,Float8WeightOnlyConfig,float8,8.0,False,True,onnx_relative_model_size,,onnx,model_size,True,2.0
82,528,446,117,1091,"[528, 446, 117]",gelu,model_1,Int8WeightOnlyConfig,int8,8.0,False,True,onnx_relative_median_latency,1.145376204419,onnx,median_latency,True,2.0
83,528,446,117,1091,"[528, 446, 117]",gelu,model_1,Float8WeightOnlyConfig,float8,8.0,False,True,onnx_relative_median_latency,,onnx,median_latency,True,2.0
84,528,446,117,1091,"[528, 446, 117]",gelu,model_1,Int8WeightOnlyConfig,int8,8.0,False,True,onnx_relative_p95_latency,1.4122150466488217,onnx,p95_latency,True,2.0
85,528,446,117,1091,"[528, 446, 117]",gelu,model_1,Float8WeightOnlyConfig,float8,8.0,False,True,onnx_relative_p95_latency,,onnx,p95_latency,True,2.0
86,528,446,117,1091,"[528, 446, 117]",gelu,model_1,Int8WeightOnlyConfig,int8,8.0,False,True,onnx_relative_p99_latency,16.632285100836647,onnx,p99_latency,True,2.0
87,528,446,117,1091,"[528, 446, 117]",gelu,model_1,Float8WeightOnlyConfig,float8,8.0,False,True,onnx_relative_p99_latency,,onnx,p99_latency,True,2.0
88,528,446,117,1091,"[528, 446, 117]",gelu,model_1,Int8WeightOnlyConfig,int8,8.0,False,True,pt2_quantized_model_size,480673.0,pt2,model_size,False,2.0
89,528,446,117,1091,"[528, 446, 117]",gelu,model_1,Float8WeightOnlyConfig,float8,8.0,False,True,pt2_quantized_model_size,459873.0,pt2,model_size,False,2.0
90,528,446,117,1091,"[528, 446, 117]",gelu,model_1,Int8WeightOnlyConfig,int8,8.0,False,True,pt2_quantized_median_latency,0.0009128004312515259,pt2,median_latency,False,2.0
91,528,446,117,1091,"[528, 446, 117]",gelu,model_1,Float8WeightOnlyConfig,float8,8.0,False,True,pt2_quantized_median_latency,0.0007682684808969498,pt2,median_latency,False,2.0
92,528,446,117,1091,"[528, 446, 117]",gelu,model_1,Int8WeightOnlyConfig,int8,8.0,False,True,pt2_quantized_p95_latency,0.0009479908272624016,pt2,p95_latency,False,2.0
93,528,446,117,1091,"[528, 446, 117]",gelu,model_1,Float8WeightOnlyConfig,float8,8.0,False,True,pt2_quantized_p95_latency,0.0008038315922021866,pt2,p95_latency,False,2.0
94,528,446,117,1091,"[528, 446, 117]",gelu,model_1,Int8WeightOnlyConfig,int8,8.0,False,True,pt2_quantized_p99_latency,0.0010998015478253362,pt2,p99_latency,False,2.0
95,528,446,117,1091,"[528, 446, 117]",gelu,model_1,Float8WeightOnlyConfig,float8,8.0,False,True,pt2_quantized_p99_latency,0.0009152026474475857,pt2,p99_latency,False,2.0
96,528,446,117,1091,"[528, 446, 117]",gelu,model_1,Int8WeightOnlyConfig,int8,8.0,False,True,pt2_relative_model_size,0.3455888749648604,pt2,model_size,True,2.0
97,528,446,117,1091,"[528, 446, 117]",gelu,model_1,Float8WeightOnlyConfig,float8,8.0,False,True,pt2_relative_model_size,0.33063432457557473,pt2,model_size,True,2.0
98,528,446,117,1091,"[528, 446, 117]",gelu,model_1,Int8WeightOnlyConfig,int8,8.0,False,True,pt2_relative_median_latency,1.0627331239916031,pt2,median_latency,True,2.0
99,528,446,117,1091,"[528, 446, 117]",gelu,model_1,Float8WeightOnlyConfig,float8,8.0,False,True,pt2_relative_median_latency,0.894460973959508,pt2,median_latency,True,2.0
100,528,446,117,1091,"[528, 446, 117]",gelu,model_1,Int8WeightOnlyConfig,int8,8.0,False,True,pt2_relative_p95_latency,1.0864616014521202,pt2,p95_latency,True,2.0
101,528,446,117,1091,"[528, 446, 117]",gelu,model_1,Float8WeightOnlyConfig,float8,8.0,False,True,pt2_relative_p95_latency,0.9212453684639492,pt2,p95_latency,True,2.0
102,528,446,117,1091,"[528, 446, 117]",gelu,model_1,Int8WeightOnlyConfig,int8,8.0,False,True,pt2_relative_p99_latency,0.9836797364607799,pt2,p99_latency,True,2.0
103,528,446,117,1091,"[528, 446, 117]",gelu,model_1,Float8WeightOnlyConfig,float8,8.0,False,True,pt2_relative_p99_latency,0.8185715876010242,pt2,p99_latency,True,2.0
104,528,446,117,1091,"[528, 446, 117]",gelu,model_1,Int8WeightOnlyConfig,int8,8.0,False,True,pytorch_quantized_MAE,8.756411494114213,pytorch,MAE,False,3.0
105,528,446,117,1091,"[528, 446, 117]",gelu,model_1,Float8WeightOnlyConfig,float8,8.0,False,True,pytorch_quantized_MAE,8.756948605642382,pytorch,MAE,False,3.0
106,528,446,117,1091,"[528, 446, 117]",gelu,model_1,Int8WeightOnlyConfig,int8,8.0,False,True,pytorch_relative_MAE,1.0058464669350673,pytorch,MAE,True,3.0
107,528,446,117,1091,"[528, 446, 117]",gelu,model_1,Float8WeightOnlyConfig,float8,8.0,False,True,pytorch_relative_MAE,1.005908164781648,pytorch,MAE,True,3.0
108,528,446,117,1091,"[528, 446, 117]",gelu,model_1,Int8WeightOnlyConfig,int8,8.0,False,True,pytorch_quantized_model_size,331647.0,pytorch,model_size,False,3.0
109,528,446,117,1091,"[528, 446, 117]",gelu,model_1,Float8WeightOnlyConfig,float8,8.0,False,True,pytorch_quantized_model_size,331647.0,pytorch,model_size,False,3.0
110,528,446,117,1091,"[528, 446, 117]",gelu,model_1,Int8WeightOnlyConfig,int8,8.0,False,True,pytorch_quantized_median_latency,0.0004915278404951096,pytorch,median_latency,False,3.0
111,528,446,117,1091,"[528, 446, 117]",gelu,model_1,Float8WeightOnlyConfig,float8,8.0,False,True,pytorch_quantized_median_latency,0.0005300864577293396,pytorch,median_latency,False,3.0
112,528,446,117,1091,"[528, 446, 117]",gelu,model_1,Int8WeightOnlyConfig,int8,8.0,False,True,pytorch_quantized_p95_latency,0.0005017425864934921,pytorch,p95_latency,False,3.0
113,528,446,117,1091,"[528, 446, 117]",gelu,model_1,Float8WeightOnlyConfig,float8,8.0,False,True,pytorch_quantized_p95_latency,0.0005449339747428894,pytorch,p95_latency,False,3.0
114,528,446,117,1091,"[528, 446, 117]",gelu,model_1,Int8WeightOnlyConfig,int8,8.0,False,True,pytorch_quantized_p99_latency,0.0005065302923321724,pytorch,p99_latency,False,3.0
115,528,446,117,1091,"[528, 446, 117]",gelu,model_1,Float8WeightOnlyConfig,float8,8.0,False,True,pytorch_quantized_p99_latency,0.0005566777288913727,pytorch,p99_latency,False,3.0
116,528,446,117,1091,"[528, 446, 117]",gelu,model_1,Int8WeightOnlyConfig,int8,8.0,False,True,pytorch_relative_model_size,0.25,pytorch,model_size,True,3.0
117,528,446,117,1091,"[528, 446, 117]",gelu,model_1,Float8WeightOnlyConfig,float8,8.0,False,True,pytorch_relative_model_size,0.25,pytorch,model_size,True,3.0
118,528,446,117,1091,"[528, 446, 117]",gelu,model_1,Int8WeightOnlyConfig,int8,8.0,False,True,pytorch_relative_median_latency,2.774895371090875,pytorch,median_latency,True,3.0
119,528,446,117,1091,"[528, 446, 117]",gelu,model_1,Float8WeightOnlyConfig,float8,8.0,False,True,pytorch_relative_median_latency,2.9925760794128164,pytorch,median_latency,True,3.0
120,528,446,117,1091,"[528, 446, 117]",gelu,model_1,Int8WeightOnlyConfig,int8,8.0,False,True,pytorch_relative_p95_latency,2.6426928152025155,pytorch,p95_latency,True,3.0
121,528,446,117,1091,"[528, 446, 117]",gelu,model_1,Float8WeightOnlyConfig,float8,8.0,False,True,pytorch_relative_p95_latency,2.8701831149655894,pytorch,p95_latency,True,3.0
122,528,446,117,1091,"[528, 446, 117]",gelu,model_1,Int8WeightOnlyConfig,int8,8.0,False,True,pytorch_relative_p99_latency,2.5929360823617738,pytorch,p99_latency,True,3.0
123,528,446,117,1091,"[528, 446, 117]",gelu,model_1,Float8WeightOnlyConfig,float8,8.0,False,True,pytorch_relative_p99_latency,2.8496415541976576,pytorch,p99_latency,True,3.0
124,528,446,117,1091,"[528, 446, 117]",gelu,model_1,Int8WeightOnlyConfig,int8,8.0,False,True,onnx_quantized_model_size,47750.0,onnx,model_size,False,3.0
125,528,446,117,1091,"[528, 446, 117]",gelu,model_1,Float8WeightOnlyConfig,float8,8.0,False,True,onnx_quantized_model_size,,onnx,model_size,False,3.0
126,528,446,117,1091,"[528, 446, 117]",gelu,model_1,Int8WeightOnlyConfig,int8,8.0,False,True,onnx_quantized_median_latency,0.0007641687989234924,onnx,median_latency,False,3.0
127,528,446,117,1091,"[528, 446, 117]",gelu,model_1,Float8WeightOnlyConfig,float8,8.0,False,True,onnx_quantized_median_latency,,onnx,median_latency,False,3.0
128,528,446,117,1091,"[528, 446, 117]",gelu,model_1,Int8WeightOnlyConfig,int8,8.0,False,True,onnx_quantized_p95_latency,0.0007836729288101197,onnx,p95_latency,False,3.0
129,528,446,117,1091,"[528, 446, 117]",gelu,model_1,Float8WeightOnlyConfig,float8,8.0,False,True,onnx_quantized_p95_latency,,onnx,p95_latency,False,3.0
130,528,446,117,1091,"[528, 446, 117]",gelu,model_1,Int8WeightOnlyConfig,int8,8.0,False,True,onnx_quantized_p99_latency,0.0007923809811472893,onnx,p99_latency,False,3.0
131,528,446,117,1091,"[528, 446, 117]",gelu,model_1,Float8WeightOnlyConfig,float8,8.0,False,True,onnx_quantized_p99_latency,,onnx,p99_latency,False,3.0
132,528,446,117,1091,"[528, 446, 117]",gelu,model_1,Int8WeightOnlyConfig,int8,8.0,False,True,onnx_relative_model_size,1.6766740405210858,onnx,model_size,True,3.0
133,528,446,117,1091,"[528, 446, 117]",gelu,model_1,Float8WeightOnlyConfig,float8,8.0,False,True,onnx_relative_model_size,,onnx,model_size,True,3.0
134,528,446,117,1091,"[528, 446, 117]",gelu,model_1,Int8WeightOnlyConfig,int8,8.0,False,True,onnx_relative_median_latency,1.0716030163485675,onnx,median_latency,True,3.0
135,528,446,117,1091,"[528, 446, 117]",gelu,model_1,Float8WeightOnlyConfig,float8,8.0,False,True,onnx_relative_median_latency,,onnx,median_latency,True,3.0
136,528,446,117,1091,"[528, 446, 117]",gelu,model_1,Int8WeightOnlyConfig,int8,8.0,False,True,onnx_relative_p95_latency,0.7408383301435802,onnx,p95_latency,True,3.0
137,528,446,117,1091,"[528, 446, 117]",gelu,model_1,Float8WeightOnlyConfig,float8,8.0,False,True,onnx_relative_p95_latency,,onnx,p95_latency,True,3.0
138,528,446,117,1091,"[528, 446, 117]",gelu,model_1,Int8WeightOnlyConfig,int8,8.0,False,True,onnx_relative_p99_latency,0.7412841332415321,onnx,p99_latency,True,3.0
139,528,446,117,1091,"[528, 446, 117]",gelu,model_1,Float8WeightOnlyConfig,float8,8.0,False,True,onnx_relative_p99_latency,,onnx,p99_latency,True,3.0
140,528,446,117,1091,"[528, 446, 117]",gelu,model_1,Int8WeightOnlyConfig,int8,8.0,False,True,pt2_quantized_model_size,480673.0,pt2,model_size,False,3.0
141,528,446,117,1091,"[528, 446, 117]",gelu,model_1,Float8WeightOnlyConfig,float8,8.0,False,True,pt2_quantized_model_size,459873.0,pt2,model_size,False,3.0
142,528,446,117,1091,"[528, 446, 117]",gelu,model_1,Int8WeightOnlyConfig,int8,8.0,False,True,pt2_quantized_median_latency,0.0009051207453012466,pt2,median_latency,False,3.0
143,528,446,117,1091,"[528, 446, 117]",gelu,model_1,Float8WeightOnlyConfig,float8,8.0,False,True,pt2_quantized_median_latency,0.00072527676820755,pt2,median_latency,False,3.0
144,528,446,117,1091,"[528, 446, 117]",gelu,model_1,Int8WeightOnlyConfig,int8,8.0,False,True,pt2_quantized_p95_latency,0.0009573781862854956,pt2,p95_latency,False,3.0
145,528,446,117,1091,"[528, 446, 117]",gelu,model_1,Float8WeightOnlyConfig,float8,8.0,False,True,pt2_quantized_p95_latency,0.0007868237793445587,pt2,p95_latency,False,3.0
146,528,446,117,1091,"[528, 446, 117]",gelu,model_1,Int8WeightOnlyConfig,int8,8.0,False,True,pt2_quantized_p99_latency,0.0011237917840480804,pt2,p99_latency,False,3.0
147,528,446,117,1091,"[528, 446, 117]",gelu,model_1,Float8WeightOnlyConfig,float8,8.0,False,True,pt2_quantized_p99_latency,0.0008811761066317556,pt2,p99_latency,False,3.0
148,528,446,117,1091,"[528, 446, 117]",gelu,model_1,Int8WeightOnlyConfig,int8,8.0,False,True,pt2_relative_model_size,0.3455888749648604,pt2,model_size,True,3.0
149,528,446,117,1091,"[528, 446, 117]",gelu,model_1,Float8WeightOnlyConfig,float8,8.0,False,True,pt2_relative_model_size,0.33063432457557473,pt2,model_size,True,3.0
150,528,446,117,1091,"[528, 446, 117]",gelu,model_1,Int8WeightOnlyConfig,int8,8.0,False,True,pt2_relative_median_latency,1.082427288056686,pt2,median_latency,True,3.0
151,528,446,117,1091,"[528, 446, 117]",gelu,model_1,Float8WeightOnlyConfig,float8,8.0,False,True,pt2_relative_median_latency,0.867353189479851,pt2,median_latency,True,3.0
152,528,446,117,1091,"[528, 446, 117]",gelu,model_1,Int8WeightOnlyConfig,int8,8.0,False,True,pt2_relative_p95_latency,1.131259399402268,pt2,p95_latency,True,3.0
153,528,446,117,1091,"[528, 446, 117]",gelu,model_1,Float8WeightOnlyConfig,float8,8.0,False,True,pt2_relative_p95_latency,0.9297285114780279,pt2,p95_latency,True,3.0
154,528,446,117,1091,"[528, 446, 117]",gelu,model_1,Int8WeightOnlyConfig,int8,8.0,False,True,pt2_relative_p99_latency,1.1208814515262449,pt2,p99_latency,True,3.0
155,528,446,117,1091,"[528, 446, 117]",gelu,model_1,Float8WeightOnlyConfig,float8,8.0,False,True,pt2_relative_p99_latency,0.8788940864951098,pt2,p99_latency,True,3.0
156,281,106,211,598,"[281, 106, 211]",celu,model_10,,,,,,,,,,,
157,191,413,50,654,"[191, 413, 50]",leaky_relu,model_11,,,,,,,,,,,
158,702,130,149,981,"[702, 130, 149]",celu,model_12,,,,,,,,,,,
159,840,380,182,1402,"[840, 380, 182]",gelu,model_13,,,,,,,,,,,
160,128,211,81,420,"[128, 211, 81]",gelu,model_14,,,,,,,,,,,
161,419,308,131,858,"[419, 308, 131]",celu,model_15,,,,,,,,,,,
162,480,64,32,576,"[480, 64, 32]",elu,model_16,,,,,,,,,,,
163,453,292,221,966,"[453, 292, 221]",relu,model_17,,,,,,,,,,,
164,446,64,91,601,"[446, 64, 91]",celu,model_18,,,,,,,,,,,
165,128,365,142,635,"[128, 365, 142]",gelu,model_19,,,,,,,,,,,
166,364,167,32,563,"[364, 167, 32]",leaky_relu,model_2,Int8WeightOnlyConfig,int8,8.0,False,True,pytorch_quantized_MAE,8.572998857901888,pytorch,MAE,False,1.0
167,364,167,32,563,"[364, 167, 32]",leaky_relu,model_2,Float8WeightOnlyConfig,float8,8.0,False,True,pytorch_quantized_MAE,8.651335212944367,pytorch,MAE,False,1.0
168,364,167,32,563,"[364, 167, 32]",leaky_relu,model_2,Int8WeightOnlyConfig,int8,8.0,False,True,pytorch_relative_MAE,0.9996615507560322,pytorch,MAE,True,1.0
169,364,167,32,563,"[364, 167, 32]",leaky_relu,model_2,Float8WeightOnlyConfig,float8,8.0,False,True,pytorch_relative_MAE,1.00879602557171,pytorch,MAE,True,1.0
170,364,167,32,563,"[364, 167, 32]",leaky_relu,model_2,Int8WeightOnlyConfig,int8,8.0,False,True,pytorch_quantized_model_size,96212.0,pytorch,model_size,False,1.0
171,364,167,32,563,"[364, 167, 32]",leaky_relu,model_2,Float8WeightOnlyConfig,float8,8.0,False,True,pytorch_quantized_model_size,96212.0,pytorch,model_size,False,1.0
172,364,167,32,563,"[364, 167, 32]",leaky_relu,model_2,Int8WeightOnlyConfig,int8,8.0,False,True,pytorch_quantized_median_latency,0.0004192553460597992,pytorch,median_latency,False,1.0
173,364,167,32,563,"[364, 167, 32]",leaky_relu,model_2,Float8WeightOnlyConfig,float8,8.0,False,True,pytorch_quantized_median_latency,0.0005170032382011414,pytorch,median_latency,False,1.0
174,364,167,32,563,"[364, 167, 32]",leaky_relu,model_2,Int8WeightOnlyConfig,int8,8.0,False,True,pytorch_quantized_p95_latency,0.0004312695935368538,pytorch,p95_latency,False,1.0
175,364,167,32,563,"[364, 167, 32]",leaky_relu,model_2,Float8WeightOnlyConfig,float8,8.0,False,True,pytorch_quantized_p95_latency,0.0005265377461910248,pytorch,p95_latency,False,1.0
176,364,167,32,563,"[364, 167, 32]",leaky_relu,model_2,Int8WeightOnlyConfig,int8,8.0,False,True,pytorch_quantized_p99_latency,0.00043453816324472426,pytorch,p99_latency,False,1.0
177,364,167,32,563,"[364, 167, 32]",leaky_relu,model_2,Float8WeightOnlyConfig,float8,8.0,False,True,pytorch_quantized_p99_latency,0.0005415808781981469,pytorch,p99_latency,False,1.0
178,364,167,32,563,"[364, 167, 32]",leaky_relu,model_2,Int8WeightOnlyConfig,int8,8.0,False,True,pytorch_relative_model_size,0.25,pytorch,model_size,True,1.0
179,364,167,32,563,"[364, 167, 32]",leaky_relu,model_2,Float8WeightOnlyConfig,float8,8.0,False,True,pytorch_relative_model_size,0.25,pytorch,model_size,True,1.0
180,364,167,32,563,"[364, 167, 32]",leaky_relu,model_2,Int8WeightOnlyConfig,int8,8.0,False,True,pytorch_relative_median_latency,2.7025670580889947,pytorch,median_latency,True,1.0
181,364,167,32,563,"[364, 167, 32]",leaky_relu,model_2,Float8WeightOnlyConfig,float8,8.0,False,True,pytorch_relative_median_latency,3.3326609514204066,pytorch,median_latency,True,1.0
182,364,167,32,563,"[364, 167, 32]",leaky_relu,model_2,Int8WeightOnlyConfig,int8,8.0,False,True,pytorch_relative_p95_latency,2.5660257958981023,pytorch,p95_latency,True,1.0
183,364,167,32,563,"[364, 167, 32]",leaky_relu,model_2,Float8WeightOnlyConfig,float8,8.0,False,True,pytorch_relative_p95_latency,3.1328650558453046,pytorch,p95_latency,True,1.0
184,364,167,32,563,"[364, 167, 32]",leaky_relu,model_2,Int8WeightOnlyConfig,int8,8.0,False,True,pytorch_relative_p99_latency,2.510996397499884,pytorch,p99_latency,True,1.0
185,364,167,32,563,"[364, 167, 32]",leaky_relu,model_2,Float8WeightOnlyConfig,float8,8.0,False,True,pytorch_relative_p99_latency,3.1295470666048133,pytorch,p99_latency,True,1.0
186,364,167,32,563,"[364, 167, 32]",leaky_relu,model_2,Int8WeightOnlyConfig,int8,8.0,False,True,onnx_quantized_model_size,32026.0,onnx,model_size,False,1.0
187,364,167,32,563,"[364, 167, 32]",leaky_relu,model_2,Float8WeightOnlyConfig,float8,8.0,False,True,onnx_quantized_model_size,,onnx,model_size,False,1.0
188,364,167,32,563,"[364, 167, 32]",leaky_relu,model_2,Int8WeightOnlyConfig,int8,8.0,False,True,onnx_quantized_median_latency,0.00027156248688697815,onnx,median_latency,False,1.0
189,364,167,32,563,"[364, 167, 32]",leaky_relu,model_2,Float8WeightOnlyConfig,float8,8.0,False,True,onnx_quantized_median_latency,,onnx,median_latency,False,1.0
190,364,167,32,563,"[364, 167, 32]",leaky_relu,model_2,Int8WeightOnlyConfig,int8,8.0,False,True,onnx_quantized_p95_latency,0.00030658282339572905,onnx,p95_latency,False,1.0
191,364,167,32,563,"[364, 167, 32]",leaky_relu,model_2,Float8WeightOnlyConfig,float8,8.0,False,True,onnx_quantized_p95_latency,,onnx,p95_latency,False,1.0
192,364,167,32,563,"[364, 167, 32]",leaky_relu,model_2,Int8WeightOnlyConfig,int8,8.0,False,True,onnx_quantized_p99_latency,0.00031830258667469024,onnx,p99_latency,False,1.0
193,364,167,32,563,"[364, 167, 32]",leaky_relu,model_2,Float8WeightOnlyConfig,float8,8.0,False,True,onnx_quantized_p99_latency,,onnx,p99_latency,False,1.0
194,364,167,32,563,"[364, 167, 32]",leaky_relu,model_2,Int8WeightOnlyConfig,int8,8.0,False,True,onnx_relative_model_size,2.2923198053110014,onnx,model_size,True,1.0
195,364,167,32,563,"[364, 167, 32]",leaky_relu,model_2,Float8WeightOnlyConfig,float8,8.0,False,True,onnx_relative_model_size,,onnx,model_size,True,1.0
196,364,167,32,563,"[364, 167, 32]",leaky_relu,model_2,Int8WeightOnlyConfig,int8,8.0,False,True,onnx_relative_median_latency,1.2895276844153547,onnx,median_latency,True,1.0
197,364,167,32,563,"[364, 167, 32]",leaky_relu,model_2,Float8WeightOnlyConfig,float8,8.0,False,True,onnx_relative_median_latency,,onnx,median_latency,True,1.0
198,364,167,32,563,"[364, 167, 32]",leaky_relu,model_2,Int8WeightOnlyConfig,int8,8.0,False,True,onnx_relative_p95_latency,1.3430866233483285,onnx,p95_latency,True,1.0
199,364,167,32,563,"[364, 167, 32]",leaky_relu,model_2,Float8WeightOnlyConfig,float8,8.0,False,True,onnx_relative_p95_latency,,onnx,p95_latency,True,1.0
200,364,167,32,563,"[364, 167, 32]",leaky_relu,model_2,Int8WeightOnlyConfig,int8,8.0,False,True,onnx_relative_p99_latency,1.3422371032057718,onnx,p99_latency,True,1.0
201,364,167,32,563,"[364, 167, 32]",leaky_relu,model_2,Float8WeightOnlyConfig,float8,8.0,False,True,onnx_relative_p99_latency,,onnx,p99_latency,True,1.0
202,364,167,32,563,"[364, 167, 32]",leaky_relu,model_2,Int8WeightOnlyConfig,int8,8.0,False,True,pt2_quantized_model_size,241569.0,pt2,model_size,False,1.0
203,364,167,32,563,"[364, 167, 32]",leaky_relu,model_2,Float8WeightOnlyConfig,float8,8.0,False,True,pt2_quantized_model_size,220769.0,pt2,model_size,False,1.0
204,364,167,32,563,"[364, 167, 32]",leaky_relu,model_2,Int8WeightOnlyConfig,int8,8.0,False,True,pt2_quantized_median_latency,0.0008822456002235413,pt2,median_latency,False,1.0
205,364,167,32,563,"[364, 167, 32]",leaky_relu,model_2,Float8WeightOnlyConfig,float8,8.0,False,True,pt2_quantized_median_latency,0.0007127523422241211,pt2,median_latency,False,1.0
206,364,167,32,563,"[364, 167, 32]",leaky_relu,model_2,Int8WeightOnlyConfig,int8,8.0,False,True,pt2_quantized_p95_latency,0.0008983783423900604,pt2,p95_latency,False,1.0
207,364,167,32,563,"[364, 167, 32]",leaky_relu,model_2,Float8WeightOnlyConfig,float8,8.0,False,True,pt2_quantized_p95_latency,0.0007317526265978813,pt2,p95_latency,False,1.0
208,364,167,32,563,"[364, 167, 32]",leaky_relu,model_2,Int8WeightOnlyConfig,int8,8.0,False,True,pt2_quantized_p99_latency,0.0010251868143677711,pt2,p99_latency,False,1.0
209,364,167,32,563,"[364, 167, 32]",leaky_relu,model_2,Float8WeightOnlyConfig,float8,8.0,False,True,pt2_quantized_p99_latency,0.0008769970014691348,pt2,p99_latency,False,1.0
210,364,167,32,563,"[364, 167, 32]",leaky_relu,model_2,Int8WeightOnlyConfig,int8,8.0,False,True,pt2_relative_model_size,0.5377173905784988,pt2,model_size,True,1.0
211,364,167,32,563,"[364, 167, 32]",leaky_relu,model_2,Float8WeightOnlyConfig,float8,8.0,False,True,pt2_relative_model_size,0.4914178996503053,pt2,model_size,True,1.0
212,364,167,32,563,"[364, 167, 32]",leaky_relu,model_2,Int8WeightOnlyConfig,int8,8.0,False,True,pt2_relative_median_latency,1.612311588578898,pt2,median_latency,True,1.0
213,364,167,32,563,"[364, 167, 32]",leaky_relu,model_2,Float8WeightOnlyConfig,float8,8.0,False,True,pt2_relative_median_latency,1.3025611698868511,pt2,median_latency,True,1.0
214,364,167,32,563,"[364, 167, 32]",leaky_relu,model_2,Int8WeightOnlyConfig,int8,8.0,False,True,pt2_relative_p95_latency,1.58564379058108,pt2,p95_latency,True,1.0
215,364,167,32,563,"[364, 167, 32]",leaky_relu,model_2,Float8WeightOnlyConfig,float8,8.0,False,True,pt2_relative_p95_latency,1.2915482863483192,pt2,p95_latency,True,1.0
216,364,167,32,563,"[364, 167, 32]",leaky_relu,model_2,Int8WeightOnlyConfig,int8,8.0,False,True,pt2_relative_p99_latency,1.336730819878179,pt2,p99_latency,True,1.0
217,364,167,32,563,"[364, 167, 32]",leaky_relu,model_2,Float8WeightOnlyConfig,float8,8.0,False,True,pt2_relative_p99_latency,1.1435076069794166,pt2,p99_latency,True,1.0
218,364,167,32,563,"[364, 167, 32]",leaky_relu,model_2,Int8WeightOnlyConfig,int8,8.0,False,True,pytorch_quantized_MAE,8.231216832588892,pytorch,MAE,False,2.0
219,364,167,32,563,"[364, 167, 32]",leaky_relu,model_2,Float8WeightOnlyConfig,float8,8.0,False,True,pytorch_quantized_MAE,8.305705776555518,pytorch,MAE,False,2.0
220,364,167,32,563,"[364, 167, 32]",leaky_relu,model_2,Int8WeightOnlyConfig,int8,8.0,False,True,pytorch_relative_MAE,0.9996676699160372,pytorch,MAE,True,2.0
221,364,167,32,563,"[364, 167, 32]",leaky_relu,model_2,Float8WeightOnlyConfig,float8,8.0,False,True,pytorch_relative_MAE,1.0087142289563489,pytorch,MAE,True,2.0
222,364,167,32,563,"[364, 167, 32]",leaky_relu,model_2,Int8WeightOnlyConfig,int8,8.0,False,True,pytorch_quantized_model_size,96212.0,pytorch,model_size,False,2.0
223,364,167,32,563,"[364, 167, 32]",leaky_relu,model_2,Float8WeightOnlyConfig,float8,8.0,False,True,pytorch_quantized_model_size,96212.0,pytorch,model_size,False,2.0
224,364,167,32,563,"[364, 167, 32]",leaky_relu,model_2,Int8WeightOnlyConfig,int8,8.0,False,True,pytorch_quantized_median_latency,0.000431843101978302,pytorch,median_latency,False,2.0
225,364,167,32,563,"[364, 167, 32]",leaky_relu,model_2,Float8WeightOnlyConfig,float8,8.0,False,True,pytorch_quantized_median_latency,0.0005811974406242371,pytorch,median_latency,False,2.0
226,364,167,32,563,"[364, 167, 32]",leaky_relu,model_2,Int8WeightOnlyConfig,int8,8.0,False,True,pytorch_quantized_p95_latency,0.0004437735304236412,pytorch,p95_latency,False,2.0
227,364,167,32,563,"[364, 167, 32]",leaky_relu,model_2,Float8WeightOnlyConfig,float8,8.0,False,True,pytorch_quantized_p95_latency,0.0005881274119019508,pytorch,p95_latency,False,2.0
228,364,167,32,563,"[364, 167, 32]",leaky_relu,model_2,Int8WeightOnlyConfig,int8,8.0,False,True,pytorch_quantized_p99_latency,0.00044776201248168944,pytorch,p99_latency,False,2.0
229,364,167,32,563,"[364, 167, 32]",leaky_relu,model_2,Float8WeightOnlyConfig,float8,8.0,False,True,pytorch_quantized_p99_latency,0.0006002449989318847,pytorch,p99_latency,False,2.0
230,364,167,32,563,"[364, 167, 32]",leaky_relu,model_2,Int8WeightOnlyConfig,int8,8.0,False,True,pytorch_relative_model_size,0.25,pytorch,model_size,True,2.0
231,364,167,32,563,"[364, 167, 32]",leaky_relu,model_2,Float8WeightOnlyConfig,float8,8.0,False,True,pytorch_relative_model_size,0.25,pytorch,model_size,True,2.0
232,364,167,32,563,"[364, 167, 32]",leaky_relu,model_2,Int8WeightOnlyConfig,int8,8.0,False,True,pytorch_relative_median_latency,2.693793135500662,pytorch,median_latency,True,2.0
233,364,167,32,563,"[364, 167, 32]",leaky_relu,model_2,Float8WeightOnlyConfig,float8,8.0,False,True,pytorch_relative_median_latency,3.6254502358654985,pytorch,median_latency,True,2.0
234,364,167,32,563,"[364, 167, 32]",leaky_relu,model_2,Int8WeightOnlyConfig,int8,8.0,False,True,pytorch_relative_p95_latency,2.585667587706827,pytorch,p95_latency,True,2.0
235,364,167,32,563,"[364, 167, 32]",leaky_relu,model_2,Float8WeightOnlyConfig,float8,8.0,False,True,pytorch_relative_p95_latency,3.4267523458306837,pytorch,p95_latency,True,2.0
236,364,167,32,563,"[364, 167, 32]",leaky_relu,model_2,Int8WeightOnlyConfig,int8,8.0,False,True,pytorch_relative_p99_latency,2.550629470411305,pytorch,p99_latency,True,2.0
237,364,167,32,563,"[364, 167, 32]",leaky_relu,model_2,Float8WeightOnlyConfig,float8,8.0,False,True,pytorch_relative_p99_latency,3.419232853759061,pytorch,p99_latency,True,2.0
238,364,167,32,563,"[364, 167, 32]",leaky_relu,model_2,Int8WeightOnlyConfig,int8,8.0,False,True,onnx_quantized_model_size,32026.0,onnx,model_size,False,2.0
239,364,167,32,563,"[364, 167, 32]",leaky_relu,model_2,Float8WeightOnlyConfig,float8,8.0,False,True,onnx_quantized_model_size,,onnx,model_size,False,2.0
240,364,167,32,563,"[364, 167, 32]",leaky_relu,model_2,Int8WeightOnlyConfig,int8,8.0,False,True,onnx_quantized_median_latency,0.00031075626611709595,onnx,median_latency,False,2.0
241,364,167,32,563,"[364, 167, 32]",leaky_relu,model_2,Float8WeightOnlyConfig,float8,8.0,False,True,onnx_quantized_median_latency,,onnx,median_latency,False,2.0
242,364,167,32,563,"[364, 167, 32]",leaky_relu,model_2,Int8WeightOnlyConfig,int8,8.0,False,True,onnx_quantized_p95_latency,0.00033817626535892487,onnx,p95_latency,False,2.0
243,364,167,32,563,"[364, 167, 32]",leaky_relu,model_2,Float8WeightOnlyConfig,float8,8.0,False,True,onnx_quantized_p95_latency,,onnx,p95_latency,False,2.0
244,364,167,32,563,"[364, 167, 32]",leaky_relu,model_2,Int8WeightOnlyConfig,int8,8.0,False,True,onnx_quantized_p99_latency,0.013302740454673768,onnx,p99_latency,False,2.0
245,364,167,32,563,"[364, 167, 32]",leaky_relu,model_2,Float8WeightOnlyConfig,float8,8.0,False,True,onnx_quantized_p99_latency,,onnx,p99_latency,False,2.0
246,364,167,32,563,"[364, 167, 32]",leaky_relu,model_2,Int8WeightOnlyConfig,int8,8.0,False,True,onnx_relative_model_size,2.2923198053110014,onnx,model_size,True,2.0
247,364,167,32,563,"[364, 167, 32]",leaky_relu,model_2,Float8WeightOnlyConfig,float8,8.0,False,True,onnx_relative_model_size,,onnx,model_size,True,2.0
248,364,167,32,563,"[364, 167, 32]",leaky_relu,model_2,Int8WeightOnlyConfig,int8,8.0,False,True,onnx_relative_median_latency,1.2211682037768994,onnx,median_latency,True,2.0
249,364,167,32,563,"[364, 167, 32]",leaky_relu,model_2,Float8WeightOnlyConfig,float8,8.0,False,True,onnx_relative_median_latency,,onnx,median_latency,True,2.0
250,364,167,32,563,"[364, 167, 32]",leaky_relu,model_2,Int8WeightOnlyConfig,int8,8.0,False,True,onnx_relative_p95_latency,1.23358203326976,onnx,p95_latency,True,2.0
251,364,167,32,563,"[364, 167, 32]",leaky_relu,model_2,Float8WeightOnlyConfig,float8,8.0,False,True,onnx_relative_p95_latency,,onnx,p95_latency,True,2.0
252,364,167,32,563,"[364, 167, 32]",leaky_relu,model_2,Int8WeightOnlyConfig,int8,8.0,False,True,onnx_relative_p99_latency,1.0044072691856403,onnx,p99_latency,True,2.0
253,364,167,32,563,"[364, 167, 32]",leaky_relu,model_2,Float8WeightOnlyConfig,float8,8.0,False,True,onnx_relative_p99_latency,,onnx,p99_latency,True,2.0
254,364,167,32,563,"[364, 167, 32]",leaky_relu,model_2,Int8WeightOnlyConfig,int8,8.0,False,True,pt2_quantized_model_size,241569.0,pt2,model_size,False,2.0
255,364,167,32,563,"[364, 167, 32]",leaky_relu,model_2,Float8WeightOnlyConfig,float8,8.0,False,True,pt2_quantized_model_size,220769.0,pt2,model_size,False,2.0
256,364,167,32,563,"[364, 167, 32]",leaky_relu,model_2,Int8WeightOnlyConfig,int8,8.0,False,True,pt2_quantized_median_latency,0.0008985064923763275,pt2,median_latency,False,2.0
257,364,167,32,563,"[364, 167, 32]",leaky_relu,model_2,Float8WeightOnlyConfig,float8,8.0,False,True,pt2_quantized_median_latency,0.0007368363440036774,pt2,median_latency,False,2.0
258,364,167,32,563,"[364, 167, 32]",leaky_relu,model_2,Int8WeightOnlyConfig,int8,8.0,False,True,pt2_quantized_p95_latency,0.0009187480434775352,pt2,p95_latency,False,2.0
259,364,167,32,563,"[364, 167, 32]",leaky_relu,model_2,Float8WeightOnlyConfig,float8,8.0,False,True,pt2_quantized_p95_latency,0.0007496060803532601,pt2,p95_latency,False,2.0
260,364,167,32,563,"[364, 167, 32]",leaky_relu,model_2,Int8WeightOnlyConfig,int8,8.0,False,True,pt2_quantized_p99_latency,0.001048495732247829,pt2,p99_latency,False,2.0
261,364,167,32,563,"[364, 167, 32]",leaky_relu,model_2,Float8WeightOnlyConfig,float8,8.0,False,True,pt2_quantized_p99_latency,0.0009490630030632018,pt2,p99_latency,False,2.0
262,364,167,32,563,"[364, 167, 32]",leaky_relu,model_2,Int8WeightOnlyConfig,int8,8.0,False,True,pt2_relative_model_size,0.5377173905784988,pt2,model_size,True,2.0
263,364,167,32,563,"[364, 167, 32]",leaky_relu,model_2,Float8WeightOnlyConfig,float8,8.0,False,True,pt2_relative_model_size,0.4914178996503053,pt2,model_size,True,2.0
264,364,167,32,563,"[364, 167, 32]",leaky_relu,model_2,Int8WeightOnlyConfig,int8,8.0,False,True,pt2_relative_median_latency,1.7341266132221302,pt2,median_latency,True,2.0
265,364,167,32,563,"[364, 167, 32]",leaky_relu,model_2,Float8WeightOnlyConfig,float8,8.0,False,True,pt2_relative_median_latency,1.4221015925513176,pt2,median_latency,True,2.0
266,364,167,32,563,"[364, 167, 32]",leaky_relu,model_2,Int8WeightOnlyConfig,int8,8.0,False,True,pt2_relative_p95_latency,1.6995702224416729,pt2,p95_latency,True,2.0
267,364,167,32,563,"[364, 167, 32]",leaky_relu,model_2,Float8WeightOnlyConfig,float8,8.0,False,True,pt2_relative_p95_latency,1.3866785151535097,pt2,p95_latency,True,2.0
268,364,167,32,563,"[364, 167, 32]",leaky_relu,model_2,Int8WeightOnlyConfig,int8,8.0,False,True,pt2_relative_p99_latency,1.503938834332028,pt2,p99_latency,True,2.0
269,364,167,32,563,"[364, 167, 32]",leaky_relu,model_2,Float8WeightOnlyConfig,float8,8.0,False,True,pt2_relative_p99_latency,1.3613147508712533,pt2,p99_latency,True,2.0
270,364,167,32,563,"[364, 167, 32]",leaky_relu,model_2,Int8WeightOnlyConfig,int8,8.0,False,True,pytorch_quantized_MAE,8.645381471736187,pytorch,MAE,False,3.0
271,364,167,32,563,"[364, 167, 32]",leaky_relu,model_2,Float8WeightOnlyConfig,float8,8.0,False,True,pytorch_quantized_MAE,8.724188215196525,pytorch,MAE,False,3.0
272,364,167,32,563,"[364, 167, 32]",leaky_relu,model_2,Int8WeightOnlyConfig,int8,8.0,False,True,pytorch_relative_MAE,0.9996282774502688,pytorch,MAE,True,3.0
273,364,167,32,563,"[364, 167, 32]",leaky_relu,model_2,Float8WeightOnlyConfig,float8,8.0,False,True,pytorch_relative_MAE,1.008740362263908,pytorch,MAE,True,3.0
274,364,167,32,563,"[364, 167, 32]",leaky_relu,model_2,Int8WeightOnlyConfig,int8,8.0,False,True,pytorch_quantized_model_size,96212.0,pytorch,model_size,False,3.0
275,364,167,32,563,"[364, 167, 32]",leaky_relu,model_2,Float8WeightOnlyConfig,float8,8.0,False,True,pytorch_quantized_model_size,96212.0,pytorch,model_size,False,3.0
276,364,167,32,563,"[364, 167, 32]",leaky_relu,model_2,Int8WeightOnlyConfig,int8,8.0,False,True,pytorch_quantized_median_latency,0.0004259943962097168,pytorch,median_latency,False,3.0
277,364,167,32,563,"[364, 167, 32]",leaky_relu,model_2,Float8WeightOnlyConfig,float8,8.0,False,True,pytorch_quantized_median_latency,0.0005181543529033661,pytorch,median_latency,False,3.0
278,364,167,32,563,"[364, 167, 32]",leaky_relu,model_2,Int8WeightOnlyConfig,int8,8.0,False,True,pytorch_quantized_p95_latency,0.0004382116720080376,pytorch,p95_latency,False,3.0
279,364,167,32,563,"[364, 167, 32]",leaky_relu,model_2,Float8WeightOnlyConfig,float8,8.0,False,True,pytorch_quantized_p95_latency,0.0005279051139950753,pytorch,p95_latency,False,3.0
280,364,167,32,563,"[364, 167, 32]",leaky_relu,model_2,Int8WeightOnlyConfig,int8,8.0,False,True,pytorch_quantized_p99_latency,0.00044800858944654465,pytorch,p99_latency,False,3.0
281,364,167,32,563,"[364, 167, 32]",leaky_relu,model_2,Float8WeightOnlyConfig,float8,8.0,False,True,pytorch_quantized_p99_latency,0.0005436116456985473,pytorch,p99_latency,False,3.0
282,364,167,32,563,"[364, 167, 32]",leaky_relu,model_2,Int8WeightOnlyConfig,int8,8.0,False,True,pytorch_relative_model_size,0.25,pytorch,model_size,True,3.0
283,364,167,32,563,"[364, 167, 32]",leaky_relu,model_2,Float8WeightOnlyConfig,float8,8.0,False,True,pytorch_relative_model_size,0.25,pytorch,model_size,True,3.0
284,364,167,32,563,"[364, 167, 32]",leaky_relu,model_2,Int8WeightOnlyConfig,int8,8.0,False,True,pytorch_relative_median_latency,2.3095115473557715,pytorch,median_latency,True,3.0
285,364,167,32,563,"[364, 167, 32]",leaky_relu,model_2,Float8WeightOnlyConfig,float8,8.0,False,True,pytorch_relative_median_latency,2.8091530592666647,pytorch,median_latency,True,3.0
286,364,167,32,563,"[364, 167, 32]",leaky_relu,model_2,Int8WeightOnlyConfig,int8,8.0,False,True,pytorch_relative_p95_latency,2.2124543192414974,pytorch,p95_latency,True,3.0
287,364,167,32,563,"[364, 167, 32]",leaky_relu,model_2,Float8WeightOnlyConfig,float8,8.0,False,True,pytorch_relative_p95_latency,2.6653008676287766,pytorch,p95_latency,True,3.0
288,364,167,32,563,"[364, 167, 32]",leaky_relu,model_2,Int8WeightOnlyConfig,int8,8.0,False,True,pytorch_relative_p99_latency,1.5030804293719702,pytorch,p99_latency,True,3.0
289,364,167,32,563,"[364, 167, 32]",leaky_relu,model_2,Float8WeightOnlyConfig,float8,8.0,False,True,pytorch_relative_p99_latency,1.8238311609998035,pytorch,p99_latency,True,3.0
290,364,167,32,563,"[364, 167, 32]",leaky_relu,model_2,Int8WeightOnlyConfig,int8,8.0,False,True,onnx_quantized_model_size,32026.0,onnx,model_size,False,3.0
291,364,167,32,563,"[364, 167, 32]",leaky_relu,model_2,Float8WeightOnlyConfig,float8,8.0,False,True,onnx_quantized_model_size,,onnx,model_size,False,3.0
292,364,167,32,563,"[364, 167, 32]",leaky_relu,model_2,Int8WeightOnlyConfig,int8,8.0,False,True,onnx_quantized_median_latency,0.00023545511066913605,onnx,median_latency,False,3.0
293,364,167,32,563,"[364, 167, 32]",leaky_relu,model_2,Float8WeightOnlyConfig,float8,8.0,False,True,onnx_quantized_median_latency,,onnx,median_latency,False,3.0
294,364,167,32,563,"[364, 167, 32]",leaky_relu,model_2,Int8WeightOnlyConfig,int8,8.0,False,True,onnx_quantized_p95_latency,0.00024311132729053496,onnx,p95_latency,False,3.0
295,364,167,32,563,"[364, 167, 32]",leaky_relu,model_2,Float8WeightOnlyConfig,float8,8.0,False,True,onnx_quantized_p95_latency,,onnx,p95_latency,False,3.0
296,364,167,32,563,"[364, 167, 32]",leaky_relu,model_2,Int8WeightOnlyConfig,int8,8.0,False,True,onnx_quantized_p99_latency,0.0002478276565670967,onnx,p99_latency,False,3.0
297,364,167,32,563,"[364, 167, 32]",leaky_relu,model_2,Float8WeightOnlyConfig,float8,8.0,False,True,onnx_quantized_p99_latency,,onnx,p99_latency,False,3.0
298,364,167,32,563,"[364, 167, 32]",leaky_relu,model_2,Int8WeightOnlyConfig,int8,8.0,False,True,onnx_relative_model_size,2.2923198053110014,onnx,model_size,True,3.0
299,364,167,32,563,"[364, 167, 32]",leaky_relu,model_2,Float8WeightOnlyConfig,float8,8.0,False,True,onnx_relative_model_size,,onnx,model_size,True,3.0
300,364,167,32,563,"[364, 167, 32]",leaky_relu,model_2,Int8WeightOnlyConfig,int8,8.0,False,True,onnx_relative_median_latency,1.0368702528011549,onnx,median_latency,True,3.0
301,364,167,32,563,"[364, 167, 32]",leaky_relu,model_2,Float8WeightOnlyConfig,float8,8.0,False,True,onnx_relative_median_latency,,onnx,median_latency,True,3.0
302,364,167,32,563,"[364, 167, 32]",leaky_relu,model_2,Int8WeightOnlyConfig,int8,8.0,False,True,onnx_relative_p95_latency,1.0106235201018372,onnx,p95_latency,True,3.0
303,364,167,32,563,"[364, 167, 32]",leaky_relu,model_2,Float8WeightOnlyConfig,float8,8.0,False,True,onnx_relative_p95_latency,,onnx,p95_latency,True,3.0
304,364,167,32,563,"[364, 167, 32]",leaky_relu,model_2,Int8WeightOnlyConfig,int8,8.0,False,True,onnx_relative_p99_latency,0.9905145407874596,onnx,p99_latency,True,3.0
305,364,167,32,563,"[364, 167, 32]",leaky_relu,model_2,Float8WeightOnlyConfig,float8,8.0,False,True,onnx_relative_p99_latency,,onnx,p99_latency,True,3.0
306,364,167,32,563,"[364, 167, 32]",leaky_relu,model_2,Int8WeightOnlyConfig,int8,8.0,False,True,pt2_quantized_model_size,241569.0,pt2,model_size,False,3.0
307,364,167,32,563,"[364, 167, 32]",leaky_relu,model_2,Float8WeightOnlyConfig,float8,8.0,False,True,pt2_quantized_model_size,220769.0,pt2,model_size,False,3.0
308,364,167,32,563,"[364, 167, 32]",leaky_relu,model_2,Int8WeightOnlyConfig,int8,8.0,False,True,pt2_quantized_median_latency,0.0008987709879875183,pt2,median_latency,False,3.0
309,364,167,32,563,"[364, 167, 32]",leaky_relu,model_2,Float8WeightOnlyConfig,float8,8.0,False,True,pt2_quantized_median_latency,0.0007233656942844391,pt2,median_latency,False,3.0
310,364,167,32,563,"[364, 167, 32]",leaky_relu,model_2,Int8WeightOnlyConfig,int8,8.0,False,True,pt2_quantized_p95_latency,0.0009396027773618697,pt2,p95_latency,False,3.0
311,364,167,32,563,"[364, 167, 32]",leaky_relu,model_2,Float8WeightOnlyConfig,float8,8.0,False,True,pt2_quantized_p95_latency,0.0007389476522803307,pt2,p95_latency,False,3.0
312,364,167,32,563,"[364, 167, 32]",leaky_relu,model_2,Int8WeightOnlyConfig,int8,8.0,False,True,pt2_quantized_p99_latency,0.0016247070953249927,pt2,p99_latency,False,3.0
313,364,167,32,563,"[364, 167, 32]",leaky_relu,model_2,Float8WeightOnlyConfig,float8,8.0,False,True,pt2_quantized_p99_latency,0.000917009525001049,pt2,p99_latency,False,3.0
314,364,167,32,563,"[364, 167, 32]",leaky_relu,model_2,Int8WeightOnlyConfig,int8,8.0,False,True,pt2_relative_model_size,0.5377173905784988,pt2,model_size,True,3.0
315,364,167,32,563,"[364, 167, 32]",leaky_relu,model_2,Float8WeightOnlyConfig,float8,8.0,False,True,pt2_relative_model_size,0.4914178996503053,pt2,model_size,True,3.0
316,364,167,32,563,"[364, 167, 32]",leaky_relu,model_2,Int8WeightOnlyConfig,int8,8.0,False,True,pt2_relative_median_latency,1.7426622220456573,pt2,median_latency,True,3.0
317,364,167,32,563,"[364, 167, 32]",leaky_relu,model_2,Float8WeightOnlyConfig,float8,8.0,False,True,pt2_relative_median_latency,1.4025620374951695,pt2,median_latency,True,3.0
318,364,167,32,563,"[364, 167, 32]",leaky_relu,model_2,Int8WeightOnlyConfig,int8,8.0,False,True,pt2_relative_p95_latency,1.779287974979339,pt2,p95_latency,True,3.0
319,364,167,32,563,"[364, 167, 32]",leaky_relu,model_2,Float8WeightOnlyConfig,float8,8.0,False,True,pt2_relative_p95_latency,1.3993154378844885,pt2,p95_latency,True,3.0
320,364,167,32,563,"[364, 167, 32]",leaky_relu,model_2,Int8WeightOnlyConfig,int8,8.0,False,True,pt2_relative_p99_latency,2.3528862211549844,pt2,p99_latency,True,3.0
321,364,167,32,563,"[364, 167, 32]",leaky_relu,model_2,Float8WeightOnlyConfig,float8,8.0,False,True,pt2_relative_p99_latency,1.3280049568634729,pt2,p99_latency,True,3.0
322,810,199,43,1052,"[810, 199, 43]",celu,model_20,,,,,,,,,,,
323,676,397,77,1150,"[676, 397, 77]",elu,model_21,,,,,,,,,,,
324,217,118,172,507,"[217, 118, 172]",celu,model_22,,,,,,,,,,,
325,311,260,32,603,"[311, 260, 32]",relu,model_23,,,,,,,,,,,
326,582,93,139,814,"[582, 93, 139]",gelu,model_24,,,,,,,,,,,
327,651,346,32,1029,"[651, 346, 32]",celu,model_25,,,,,,,,,,,
328,249,175,125,549,"[249, 175, 125]",celu,model_26,,,,,,,,,,,
329,128,314,62,504,"[128, 314, 62]",relu,model_27,,,,,,,,,,,
330,781,64,187,1032,"[781, 64, 187]",relu,model_28,,,,,,,,,,,
331,870,227,155,1252,"[870, 227, 155]",celu,model_29,,,,,,,,,,,
332,128,239,196,563,"[128, 239, 196]",relu,model_3,Int8WeightOnlyConfig,int8,8.0,False,True,pytorch_quantized_MAE,8.397037348204476,pytorch,MAE,False,1.0
333,128,239,196,563,"[128, 239, 196]",relu,model_3,Float8WeightOnlyConfig,float8,8.0,False,True,pytorch_quantized_MAE,8.401416091344768,pytorch,MAE,False,1.0
334,128,239,196,563,"[128, 239, 196]",relu,model_3,Int8WeightOnlyConfig,int8,8.0,False,True,pytorch_relative_MAE,0.9952027926048573,pytorch,MAE,True,1.0
335,128,239,196,563,"[128, 239, 196]",relu,model_3,Float8WeightOnlyConfig,float8,8.0,False,True,pytorch_relative_MAE,0.9957217539028262,pytorch,MAE,True,1.0
336,128,239,196,563,"[128, 239, 196]",relu,model_3,Int8WeightOnlyConfig,int8,8.0,False,True,pytorch_quantized_model_size,88564.0,pytorch,model_size,False,1.0
337,128,239,196,563,"[128, 239, 196]",relu,model_3,Float8WeightOnlyConfig,float8,8.0,False,True,pytorch_quantized_model_size,88564.0,pytorch,model_size,False,1.0
338,128,239,196,563,"[128, 239, 196]",relu,model_3,Int8WeightOnlyConfig,int8,8.0,False,True,pytorch_quantized_median_latency,0.00041138380765914917,pytorch,median_latency,False,1.0
339,128,239,196,563,"[128, 239, 196]",relu,model_3,Float8WeightOnlyConfig,float8,8.0,False,True,pytorch_quantized_median_latency,0.0005663558840751648,pytorch,median_latency,False,1.0
340,128,239,196,563,"[128, 239, 196]",relu,model_3,Int8WeightOnlyConfig,int8,8.0,False,True,pytorch_quantized_p95_latency,0.0004234218969941139,pytorch,p95_latency,False,1.0
341,128,239,196,563,"[128, 239, 196]",relu,model_3,Float8WeightOnlyConfig,float8,8.0,False,True,pytorch_quantized_p95_latency,0.0006206654012203217,pytorch,p95_latency,False,1.0
342,128,239,196,563,"[128, 239, 196]",relu,model_3,Int8WeightOnlyConfig,int8,8.0,False,True,pytorch_quantized_p99_latency,0.00042636305093765256,pytorch,p99_latency,False,1.0
343,128,239,196,563,"[128, 239, 196]",relu,model_3,Float8WeightOnlyConfig,float8,8.0,False,True,pytorch_quantized_p99_latency,0.000632815845310688,pytorch,p99_latency,False,1.0
344,128,239,196,563,"[128, 239, 196]",relu,model_3,Int8WeightOnlyConfig,int8,8.0,False,True,pytorch_relative_model_size,0.25,pytorch,model_size,True,1.0
345,128,239,196,563,"[128, 239, 196]",relu,model_3,Float8WeightOnlyConfig,float8,8.0,False,True,pytorch_relative_model_size,0.25,pytorch,model_size,True,1.0
346,128,239,196,563,"[128, 239, 196]",relu,model_3,Int8WeightOnlyConfig,int8,8.0,False,True,pytorch_relative_median_latency,2.72976714292777,pytorch,median_latency,True,1.0
347,128,239,196,563,"[128, 239, 196]",relu,model_3,Float8WeightOnlyConfig,float8,8.0,False,True,pytorch_relative_median_latency,3.758095614772334,pytorch,median_latency,True,1.0
348,128,239,196,563,"[128, 239, 196]",relu,model_3,Int8WeightOnlyConfig,int8,8.0,False,True,pytorch_relative_p95_latency,2.608774837097104,pytorch,p95_latency,True,1.0
349,128,239,196,563,"[128, 239, 196]",relu,model_3,Float8WeightOnlyConfig,float8,8.0,False,True,pytorch_relative_p95_latency,3.8240258533036187,pytorch,p95_latency,True,1.0
350,128,239,196,563,"[128, 239, 196]",relu,model_3,Int8WeightOnlyConfig,int8,8.0,False,True,pytorch_relative_p99_latency,2.580558870633351,pytorch,p99_latency,True,1.0
351,128,239,196,563,"[128, 239, 196]",relu,model_3,Float8WeightOnlyConfig,float8,8.0,False,True,pytorch_relative_p99_latency,3.8301127161524047,pytorch,p99_latency,True,1.0
352,128,239,196,563,"[128, 239, 196]",relu,model_3,Int8WeightOnlyConfig,int8,8.0,False,True,onnx_quantized_model_size,32755.0,onnx,model_size,False,1.0
353,128,239,196,563,"[128, 239, 196]",relu,model_3,Float8WeightOnlyConfig,float8,8.0,False,True,onnx_quantized_model_size,,onnx,model_size,False,1.0
354,128,239,196,563,"[128, 239, 196]",relu,model_3,Int8WeightOnlyConfig,int8,8.0,False,True,onnx_quantized_median_latency,0.00027724169194698334,onnx,median_latency,False,1.0
355,128,239,196,563,"[128, 239, 196]",relu,model_3,Float8WeightOnlyConfig,float8,8.0,False,True,onnx_quantized_median_latency,,onnx,median_latency,False,1.0
356,128,239,196,563,"[128, 239, 196]",relu,model_3,Int8WeightOnlyConfig,int8,8.0,False,True,onnx_quantized_p95_latency,0.0002935688942670822,onnx,p95_latency,False,1.0
357,128,239,196,563,"[128, 239, 196]",relu,model_3,Float8WeightOnlyConfig,float8,8.0,False,True,onnx_quantized_p95_latency,,onnx,p95_latency,False,1.0
358,128,239,196,563,"[128, 239, 196]",relu,model_3,Int8WeightOnlyConfig,int8,8.0,False,True,onnx_quantized_p99_latency,0.0002976592630147934,onnx,p99_latency,False,1.0
359,128,239,196,563,"[128, 239, 196]",relu,model_3,Float8WeightOnlyConfig,float8,8.0,False,True,onnx_quantized_p99_latency,,onnx,p99_latency,False,1.0
360,128,239,196,563,"[128, 239, 196]",relu,model_3,Int8WeightOnlyConfig,int8,8.0,False,True,onnx_relative_model_size,2.426835593094762,onnx,model_size,True,1.0
361,128,239,196,563,"[128, 239, 196]",relu,model_3,Float8WeightOnlyConfig,float8,8.0,False,True,onnx_relative_model_size,,onnx,model_size,True,1.0
362,128,239,196,563,"[128, 239, 196]",relu,model_3,Int8WeightOnlyConfig,int8,8.0,False,True,onnx_relative_median_latency,1.2356730729318002,onnx,median_latency,True,1.0
363,128,239,196,563,"[128, 239, 196]",relu,model_3,Float8WeightOnlyConfig,float8,8.0,False,True,onnx_relative_median_latency,,onnx,median_latency,True,1.0
364,128,239,196,563,"[128, 239, 196]",relu,model_3,Int8WeightOnlyConfig,int8,8.0,False,True,onnx_relative_p95_latency,1.1692665849114976,onnx,p95_latency,True,1.0
365,128,239,196,563,"[128, 239, 196]",relu,model_3,Float8WeightOnlyConfig,float8,8.0,False,True,onnx_relative_p95_latency,,onnx,p95_latency,True,1.0
366,128,239,196,563,"[128, 239, 196]",relu,model_3,Int8WeightOnlyConfig,int8,8.0,False,True,onnx_relative_p99_latency,1.15297121074798,onnx,p99_latency,True,1.0
367,128,239,196,563,"[128, 239, 196]",relu,model_3,Float8WeightOnlyConfig,float8,8.0,False,True,onnx_relative_p99_latency,,onnx,p99_latency,True,1.0
368,128,239,196,563,"[128, 239, 196]",relu,model_3,Int8WeightOnlyConfig,int8,8.0,False,True,pt2_quantized_model_size,233697.0,pt2,model_size,False,1.0
369,128,239,196,563,"[128, 239, 196]",relu,model_3,Float8WeightOnlyConfig,float8,8.0,False,True,pt2_quantized_model_size,212961.0,pt2,model_size,False,1.0
370,128,239,196,563,"[128, 239, 196]",relu,model_3,Int8WeightOnlyConfig,int8,8.0,False,True,pt2_quantized_median_latency,0.0008765533566474915,pt2,median_latency,False,1.0
371,128,239,196,563,"[128, 239, 196]",relu,model_3,Float8WeightOnlyConfig,float8,8.0,False,True,pt2_quantized_median_latency,0.0007279235869646072,pt2,median_latency,False,1.0
372,128,239,196,563,"[128, 239, 196]",relu,model_3,Int8WeightOnlyConfig,int8,8.0,False,True,pt2_quantized_p95_latency,0.0008944472298026085,pt2,p95_latency,False,1.0
373,128,239,196,563,"[128, 239, 196]",relu,model_3,Float8WeightOnlyConfig,float8,8.0,False,True,pt2_quantized_p95_latency,0.0007810406386852264,pt2,p95_latency,False,1.0
374,128,239,196,563,"[128, 239, 196]",relu,model_3,Int8WeightOnlyConfig,int8,8.0,False,True,pt2_quantized_p99_latency,0.001074659004807472,pt2,p99_latency,False,1.0
375,128,239,196,563,"[128, 239, 196]",relu,model_3,Float8WeightOnlyConfig,float8,8.0,False,True,pt2_quantized_p99_latency,0.000883282832801342,pt2,p99_latency,False,1.0
376,128,239,196,563,"[128, 239, 196]",relu,model_3,Int8WeightOnlyConfig,int8,8.0,False,True,pt2_relative_model_size,0.5583770778130069,pt2,model_size,True,1.0
377,128,239,196,563,"[128, 239, 196]",relu,model_3,Float8WeightOnlyConfig,float8,8.0,False,True,pt2_relative_model_size,0.5088321239388429,pt2,model_size,True,1.0
378,128,239,196,563,"[128, 239, 196]",relu,model_3,Int8WeightOnlyConfig,int8,8.0,False,True,pt2_relative_median_latency,1.6860411374604551,pt2,median_latency,True,1.0
379,128,239,196,563,"[128, 239, 196]",relu,model_3,Float8WeightOnlyConfig,float8,8.0,False,True,pt2_relative_median_latency,1.400153342911294,pt2,median_latency,True,1.0
380,128,239,196,563,"[128, 239, 196]",relu,model_3,Int8WeightOnlyConfig,int8,8.0,False,True,pt2_relative_p95_latency,1.6822885301288055,pt2,p95_latency,True,1.0
381,128,239,196,563,"[128, 239, 196]",relu,model_3,Float8WeightOnlyConfig,float8,8.0,False,True,pt2_relative_p95_latency,1.4689918692180417,pt2,p95_latency,True,1.0
382,128,239,196,563,"[128, 239, 196]",relu,model_3,Int8WeightOnlyConfig,int8,8.0,False,True,pt2_relative_p99_latency,1.4630395554838769,pt2,p99_latency,True,1.0
383,128,239,196,563,"[128, 239, 196]",relu,model_3,Float8WeightOnlyConfig,float8,8.0,False,True,pt2_relative_p99_latency,1.2025002510444973,pt2,p99_latency,True,1.0
384,128,239,196,563,"[128, 239, 196]",relu,model_3,Int8WeightOnlyConfig,int8,8.0,False,True,pytorch_quantized_MAE,8.431725614158365,pytorch,MAE,False,2.0
385,128,239,196,563,"[128, 239, 196]",relu,model_3,Float8WeightOnlyConfig,float8,8.0,False,True,pytorch_quantized_MAE,8.425300156744942,pytorch,MAE,False,2.0
386,128,239,196,563,"[128, 239, 196]",relu,model_3,Int8WeightOnlyConfig,int8,8.0,False,True,pytorch_relative_MAE,0.9955132142301717,pytorch,MAE,True,2.0
387,128,239,196,563,"[128, 239, 196]",relu,model_3,Float8WeightOnlyConfig,float8,8.0,False,True,pytorch_relative_MAE,0.9947545761938729,pytorch,MAE,True,2.0
388,128,239,196,563,"[128, 239, 196]",relu,model_3,Int8WeightOnlyConfig,int8,8.0,False,True,pytorch_quantized_model_size,88564.0,pytorch,model_size,False,2.0
389,128,239,196,563,"[128, 239, 196]",relu,model_3,Float8WeightOnlyConfig,float8,8.0,False,True,pytorch_quantized_model_size,88564.0,pytorch,model_size,False,2.0
390,128,239,196,563,"[128, 239, 196]",relu,model_3,Int8WeightOnlyConfig,int8,8.0,False,True,pytorch_quantized_median_latency,0.0004728585481643677,pytorch,median_latency,False,2.0
391,128,239,196,563,"[128, 239, 196]",relu,model_3,Float8WeightOnlyConfig,float8,8.0,False,True,pytorch_quantized_median_latency,0.0005239732563495636,pytorch,median_latency,False,2.0
392,128,239,196,563,"[128, 239, 196]",relu,model_3,Int8WeightOnlyConfig,int8,8.0,False,True,pytorch_quantized_p95_latency,0.000482780858874321,pytorch,p95_latency,False,2.0
393,128,239,196,563,"[128, 239, 196]",relu,model_3,Float8WeightOnlyConfig,float8,8.0,False,True,pytorch_quantized_p95_latency,0.0005480527877807617,pytorch,p95_latency,False,2.0
394,128,239,196,563,"[128, 239, 196]",relu,model_3,Int8WeightOnlyConfig,int8,8.0,False,True,pytorch_quantized_p99_latency,0.0004851503297686577,pytorch,p99_latency,False,2.0
395,128,239,196,563,"[128, 239, 196]",relu,model_3,Float8WeightOnlyConfig,float8,8.0,False,True,pytorch_quantized_p99_latency,0.0005701429024338722,pytorch,p99_latency,False,2.0
396,128,239,196,563,"[128, 239, 196]",relu,model_3,Int8WeightOnlyConfig,int8,8.0,False,True,pytorch_relative_model_size,0.25,pytorch,model_size,True,2.0
397,128,239,196,563,"[128, 239, 196]",relu,model_3,Float8WeightOnlyConfig,float8,8.0,False,True,pytorch_relative_model_size,0.25,pytorch,model_size,True,2.0
398,128,239,196,563,"[128, 239, 196]",relu,model_3,Int8WeightOnlyConfig,int8,8.0,False,True,pytorch_relative_median_latency,3.064324944172853,pytorch,median_latency,True,2.0
399,128,239,196,563,"[128, 239, 196]",relu,model_3,Float8WeightOnlyConfig,float8,8.0,False,True,pytorch_relative_median_latency,3.3955700404369606,pytorch,median_latency,True,2.0
400,128,239,196,563,"[128, 239, 196]",relu,model_3,Int8WeightOnlyConfig,int8,8.0,False,True,pytorch_relative_p95_latency,2.9264831077800637,pytorch,p95_latency,True,2.0
401,128,239,196,563,"[128, 239, 196]",relu,model_3,Float8WeightOnlyConfig,float8,8.0,False,True,pytorch_relative_p95_latency,3.32214336200453,pytorch,p95_latency,True,2.0
402,128,239,196,563,"[128, 239, 196]",relu,model_3,Int8WeightOnlyConfig,int8,8.0,False,True,pytorch_relative_p99_latency,2.8906523811584894,pytorch,p99_latency,True,2.0
403,128,239,196,563,"[128, 239, 196]",relu,model_3,Float8WeightOnlyConfig,float8,8.0,False,True,pytorch_relative_p99_latency,3.397060328304773,pytorch,p99_latency,True,2.0
404,128,239,196,563,"[128, 239, 196]",relu,model_3,Int8WeightOnlyConfig,int8,8.0,False,True,onnx_quantized_model_size,32755.0,onnx,model_size,False,2.0
405,128,239,196,563,"[128, 239, 196]",relu,model_3,Float8WeightOnlyConfig,float8,8.0,False,True,onnx_quantized_model_size,,onnx,model_size,False,2.0
406,128,239,196,563,"[128, 239, 196]",relu,model_3,Int8WeightOnlyConfig,int8,8.0,False,True,onnx_quantized_median_latency,0.00025167688727378845,onnx,median_latency,False,2.0
407,128,239,196,563,"[128, 239, 196]",relu,model_3,Float8WeightOnlyConfig,float8,8.0,False,True,onnx_quantized_median_latency,,onnx,median_latency,False,2.0
408,128,239,196,563,"[128, 239, 196]",relu,model_3,Int8WeightOnlyConfig,int8,8.0,False,True,onnx_quantized_p95_latency,0.0003005234524607658,onnx,p95_latency,False,2.0
409,128,239,196,563,"[128, 239, 196]",relu,model_3,Float8WeightOnlyConfig,float8,8.0,False,True,onnx_quantized_p95_latency,,onnx,p95_latency,False,2.0
410,128,239,196,563,"[128, 239, 196]",relu,model_3,Int8WeightOnlyConfig,int8,8.0,False,True,onnx_quantized_p99_latency,0.00030980885028839103,onnx,p99_latency,False,2.0
411,128,239,196,563,"[128, 239, 196]",relu,model_3,Float8WeightOnlyConfig,float8,8.0,False,True,onnx_quantized_p99_latency,,onnx,p99_latency,False,2.0
412,128,239,196,563,"[128, 239, 196]",relu,model_3,Int8WeightOnlyConfig,int8,8.0,False,True,onnx_relative_model_size,2.426835593094762,onnx,model_size,True,2.0
413,128,239,196,563,"[128, 239, 196]",relu,model_3,Float8WeightOnlyConfig,float8,8.0,False,True,onnx_relative_model_size,,onnx,model_size,True,2.0
414,128,239,196,563,"[128, 239, 196]",relu,model_3,Int8WeightOnlyConfig,int8,8.0,False,True,onnx_relative_median_latency,1.0468988494169604,onnx,median_latency,True,2.0
415,128,239,196,563,"[128, 239, 196]",relu,model_3,Float8WeightOnlyConfig,float8,8.0,False,True,onnx_relative_median_latency,,onnx,median_latency,True,2.0
416,128,239,196,563,"[128, 239, 196]",relu,model_3,Int8WeightOnlyConfig,int8,8.0,False,True,onnx_relative_p95_latency,1.1998877027022001,onnx,p95_latency,True,2.0
417,128,239,196,563,"[128, 239, 196]",relu,model_3,Float8WeightOnlyConfig,float8,8.0,False,True,onnx_relative_p95_latency,,onnx,p95_latency,True,2.0
418,128,239,196,563,"[128, 239, 196]",relu,model_3,Int8WeightOnlyConfig,int8,8.0,False,True,onnx_relative_p99_latency,1.2190681020817347,onnx,p99_latency,True,2.0
419,128,239,196,563,"[128, 239, 196]",relu,model_3,Float8WeightOnlyConfig,float8,8.0,False,True,onnx_relative_p99_latency,,onnx,p99_latency,True,2.0
420,128,239,196,563,"[128, 239, 196]",relu,model_3,Int8WeightOnlyConfig,int8,8.0,False,True,pt2_quantized_model_size,233697.0,pt2,model_size,False,2.0
421,128,239,196,563,"[128, 239, 196]",relu,model_3,Float8WeightOnlyConfig,float8,8.0,False,True,pt2_quantized_model_size,212961.0,pt2,model_size,False,2.0
422,128,239,196,563,"[128, 239, 196]",relu,model_3,Int8WeightOnlyConfig,int8,8.0,False,True,pt2_quantized_median_latency,0.0008920654654502869,pt2,median_latency,False,2.0
423,128,239,196,563,"[128, 239, 196]",relu,model_3,Float8WeightOnlyConfig,float8,8.0,False,True,pt2_quantized_median_latency,0.0007303692400455475,pt2,median_latency,False,2.0
424,128,239,196,563,"[128, 239, 196]",relu,model_3,Int8WeightOnlyConfig,int8,8.0,False,True,pt2_quantized_p95_latency,0.0009361628443002699,pt2,p95_latency,False,2.0
425,128,239,196,563,"[128, 239, 196]",relu,model_3,Float8WeightOnlyConfig,float8,8.0,False,True,pt2_quantized_p95_latency,0.0007405413314700126,pt2,p95_latency,False,2.0
426,128,239,196,563,"[128, 239, 196]",relu,model_3,Int8WeightOnlyConfig,int8,8.0,False,True,pt2_quantized_p99_latency,0.0010662168264389002,pt2,p99_latency,False,2.0
427,128,239,196,563,"[128, 239, 196]",relu,model_3,Float8WeightOnlyConfig,float8,8.0,False,True,pt2_quantized_p99_latency,0.0008685813471674919,pt2,p99_latency,False,2.0
428,128,239,196,563,"[128, 239, 196]",relu,model_3,Int8WeightOnlyConfig,int8,8.0,False,True,pt2_relative_model_size,0.5583770778130069,pt2,model_size,True,2.0
429,128,239,196,563,"[128, 239, 196]",relu,model_3,Float8WeightOnlyConfig,float8,8.0,False,True,pt2_relative_model_size,0.5088321239388429,pt2,model_size,True,2.0
430,128,239,196,563,"[128, 239, 196]",relu,model_3,Int8WeightOnlyConfig,int8,8.0,False,True,pt2_relative_median_latency,1.724410582864056,pt2,median_latency,True,2.0
431,128,239,196,563,"[128, 239, 196]",relu,model_3,Float8WeightOnlyConfig,float8,8.0,False,True,pt2_relative_median_latency,1.4118430717382224,pt2,median_latency,True,2.0
432,128,239,196,563,"[128, 239, 196]",relu,model_3,Int8WeightOnlyConfig,int8,8.0,False,True,pt2_relative_p95_latency,1.7647329806900593,pt2,p95_latency,True,2.0
433,128,239,196,563,"[128, 239, 196]",relu,model_3,Float8WeightOnlyConfig,float8,8.0,False,True,pt2_relative_p95_latency,1.3959726335711011,pt2,p95_latency,True,2.0
434,128,239,196,563,"[128, 239, 196]",relu,model_3,Int8WeightOnlyConfig,int8,8.0,False,True,pt2_relative_p99_latency,1.5072017083947615,pt2,p99_latency,True,2.0
435,128,239,196,563,"[128, 239, 196]",relu,model_3,Float8WeightOnlyConfig,float8,8.0,False,True,pt2_relative_p99_latency,1.227824639293185,pt2,p99_latency,True,2.0
436,128,239,196,563,"[128, 239, 196]",relu,model_3,Int8WeightOnlyConfig,int8,8.0,False,True,pytorch_quantized_MAE,8.294461588532098,pytorch,MAE,False,3.0
437,128,239,196,563,"[128, 239, 196]",relu,model_3,Float8WeightOnlyConfig,float8,8.0,False,True,pytorch_quantized_MAE,8.300840067392459,pytorch,MAE,False,3.0
438,128,239,196,563,"[128, 239, 196]",relu,model_3,Int8WeightOnlyConfig,int8,8.0,False,True,pytorch_relative_MAE,0.9956012902966225,pytorch,MAE,True,3.0
439,128,239,196,563,"[128, 239, 196]",relu,model_3,Float8WeightOnlyConfig,float8,8.0,False,True,pytorch_relative_MAE,0.9963669122379291,pytorch,MAE,True,3.0
440,128,239,196,563,"[128, 239, 196]",relu,model_3,Int8WeightOnlyConfig,int8,8.0,False,True,pytorch_quantized_model_size,88564.0,pytorch,model_size,False,3.0
441,128,239,196,563,"[128, 239, 196]",relu,model_3,Float8WeightOnlyConfig,float8,8.0,False,True,pytorch_quantized_model_size,88564.0,pytorch,model_size,False,3.0
442,128,239,196,563,"[128, 239, 196]",relu,model_3,Int8WeightOnlyConfig,int8,8.0,False,True,pytorch_quantized_median_latency,0.00040864571928977966,pytorch,median_latency,False,3.0
443,128,239,196,563,"[128, 239, 196]",relu,model_3,Float8WeightOnlyConfig,float8,8.0,False,True,pytorch_quantized_median_latency,0.0004982277750968933,pytorch,median_latency,False,3.0
444,128,239,196,563,"[128, 239, 196]",relu,model_3,Int8WeightOnlyConfig,int8,8.0,False,True,pytorch_quantized_p95_latency,0.0004213105887174606,pytorch,p95_latency,False,3.0
445,128,239,196,563,"[128, 239, 196]",relu,model_3,Float8WeightOnlyConfig,float8,8.0,False,True,pytorch_quantized_p95_latency,0.0005061989650130272,pytorch,p95_latency,False,3.0
446,128,239,196,563,"[128, 239, 196]",relu,model_3,Int8WeightOnlyConfig,int8,8.0,False,True,pytorch_quantized_p99_latency,0.000423809140920639,pytorch,p99_latency,False,3.0
447,128,239,196,563,"[128, 239, 196]",relu,model_3,Float8WeightOnlyConfig,float8,8.0,False,True,pytorch_quantized_p99_latency,0.0005194554477930069,pytorch,p99_latency,False,3.0
448,128,239,196,563,"[128, 239, 196]",relu,model_3,Int8WeightOnlyConfig,int8,8.0,False,True,pytorch_relative_model_size,0.25,pytorch,model_size,True,3.0
449,128,239,196,563,"[128, 239, 196]",relu,model_3,Float8WeightOnlyConfig,float8,8.0,False,True,pytorch_relative_model_size,0.25,pytorch,model_size,True,3.0
450,128,239,196,563,"[128, 239, 196]",relu,model_3,Int8WeightOnlyConfig,int8,8.0,False,True,pytorch_relative_median_latency,2.655313895646491,pytorch,median_latency,True,3.0
451,128,239,196,563,"[128, 239, 196]",relu,model_3,Float8WeightOnlyConfig,float8,8.0,False,True,pytorch_relative_median_latency,3.237403628529586,pytorch,median_latency,True,3.0
452,128,239,196,563,"[128, 239, 196]",relu,model_3,Int8WeightOnlyConfig,int8,8.0,False,True,pytorch_relative_p95_latency,2.535721492535975,pytorch,p95_latency,True,3.0
453,128,239,196,563,"[128, 239, 196]",relu,model_3,Float8WeightOnlyConfig,float8,8.0,False,True,pytorch_relative_p95_latency,3.0466350228472265,pytorch,p95_latency,True,3.0
454,128,239,196,563,"[128, 239, 196]",relu,model_3,Int8WeightOnlyConfig,int8,8.0,False,True,pytorch_relative_p99_latency,2.523994670932287,pytorch,p99_latency,True,3.0
455,128,239,196,563,"[128, 239, 196]",relu,model_3,Float8WeightOnlyConfig,float8,8.0,False,True,pytorch_relative_p99_latency,3.0936161007952556,pytorch,p99_latency,True,3.0
456,128,239,196,563,"[128, 239, 196]",relu,model_3,Int8WeightOnlyConfig,int8,8.0,False,True,onnx_quantized_model_size,32755.0,onnx,model_size,False,3.0
457,128,239,196,563,"[128, 239, 196]",relu,model_3,Float8WeightOnlyConfig,float8,8.0,False,True,onnx_quantized_model_size,,onnx,model_size,False,3.0
458,128,239,196,563,"[128, 239, 196]",relu,model_3,Int8WeightOnlyConfig,int8,8.0,False,True,onnx_quantized_median_latency,0.0002799704670906067,onnx,median_latency,False,3.0
459,128,239,196,563,"[128, 239, 196]",relu,model_3,Float8WeightOnlyConfig,float8,8.0,False,True,onnx_quantized_median_latency,,onnx,median_latency,False,3.0
460,128,239,196,563,"[128, 239, 196]",relu,model_3,Int8WeightOnlyConfig,int8,8.0,False,True,onnx_quantized_p95_latency,0.0002949075773358345,onnx,p95_latency,False,3.0
461,128,239,196,563,"[128, 239, 196]",relu,model_3,Float8WeightOnlyConfig,float8,8.0,False,True,onnx_quantized_p95_latency,,onnx,p95_latency,False,3.0
462,128,239,196,563,"[128, 239, 196]",relu,model_3,Int8WeightOnlyConfig,int8,8.0,False,True,onnx_quantized_p99_latency,0.00030011378228664396,onnx,p99_latency,False,3.0
463,128,239,196,563,"[128, 239, 196]",relu,model_3,Float8WeightOnlyConfig,float8,8.0,False,True,onnx_quantized_p99_latency,,onnx,p99_latency,False,3.0
464,128,239,196,563,"[128, 239, 196]",relu,model_3,Int8WeightOnlyConfig,int8,8.0,False,True,onnx_relative_model_size,2.426835593094762,onnx,model_size,True,3.0
465,128,239,196,563,"[128, 239, 196]",relu,model_3,Float8WeightOnlyConfig,float8,8.0,False,True,onnx_relative_model_size,,onnx,model_size,True,3.0
466,128,239,196,563,"[128, 239, 196]",relu,model_3,Int8WeightOnlyConfig,int8,8.0,False,True,onnx_relative_median_latency,1.1265777244790887,onnx,median_latency,True,3.0
467,128,239,196,563,"[128, 239, 196]",relu,model_3,Float8WeightOnlyConfig,float8,8.0,False,True,onnx_relative_median_latency,,onnx,median_latency,True,3.0
468,128,239,196,563,"[128, 239, 196]",relu,model_3,Int8WeightOnlyConfig,int8,8.0,False,True,onnx_relative_p95_latency,1.1333256980061057,onnx,p95_latency,True,3.0
469,128,239,196,563,"[128, 239, 196]",relu,model_3,Float8WeightOnlyConfig,float8,8.0,False,True,onnx_relative_p95_latency,,onnx,p95_latency,True,3.0
470,128,239,196,563,"[128, 239, 196]",relu,model_3,Int8WeightOnlyConfig,int8,8.0,False,True,onnx_relative_p99_latency,1.1342438782913322,onnx,p99_latency,True,3.0
471,128,239,196,563,"[128, 239, 196]",relu,model_3,Float8WeightOnlyConfig,float8,8.0,False,True,onnx_relative_p99_latency,,onnx,p99_latency,True,3.0
472,128,239,196,563,"[128, 239, 196]",relu,model_3,Int8WeightOnlyConfig,int8,8.0,False,True,pt2_quantized_model_size,233697.0,pt2,model_size,False,3.0
473,128,239,196,563,"[128, 239, 196]",relu,model_3,Float8WeightOnlyConfig,float8,8.0,False,True,pt2_quantized_model_size,212961.0,pt2,model_size,False,3.0
474,128,239,196,563,"[128, 239, 196]",relu,model_3,Int8WeightOnlyConfig,int8,8.0,False,True,pt2_quantized_median_latency,0.000973796471953392,pt2,median_latency,False,3.0
475,128,239,196,563,"[128, 239, 196]",relu,model_3,Float8WeightOnlyConfig,float8,8.0,False,True,pt2_quantized_median_latency,0.0007043164223432541,pt2,median_latency,False,3.0
476,128,239,196,563,"[128, 239, 196]",relu,model_3,Int8WeightOnlyConfig,int8,8.0,False,True,pt2_quantized_p95_latency,0.0009855519980192184,pt2,p95_latency,False,3.0
477,128,239,196,563,"[128, 239, 196]",relu,model_3,Float8WeightOnlyConfig,float8,8.0,False,True,pt2_quantized_p95_latency,0.0007165540009737015,pt2,p95_latency,False,3.0
478,128,239,196,563,"[128, 239, 196]",relu,model_3,Int8WeightOnlyConfig,int8,8.0,False,True,pt2_quantized_p99_latency,0.0011191947758197784,pt2,p99_latency,False,3.0
479,128,239,196,563,"[128, 239, 196]",relu,model_3,Float8WeightOnlyConfig,float8,8.0,False,True,pt2_quantized_p99_latency,0.0008426499739289284,pt2,p99_latency,False,3.0
480,128,239,196,563,"[128, 239, 196]",relu,model_3,Int8WeightOnlyConfig,int8,8.0,False,True,pt2_relative_model_size,0.5583770778130069,pt2,model_size,True,3.0
481,128,239,196,563,"[128, 239, 196]",relu,model_3,Float8WeightOnlyConfig,float8,8.0,False,True,pt2_relative_model_size,0.5088321239388429,pt2,model_size,True,3.0
482,128,239,196,563,"[128, 239, 196]",relu,model_3,Int8WeightOnlyConfig,int8,8.0,False,True,pt2_relative_median_latency,1.8740809779004535,pt2,median_latency,True,3.0
483,128,239,196,563,"[128, 239, 196]",relu,model_3,Float8WeightOnlyConfig,float8,8.0,False,True,pt2_relative_median_latency,1.3554639470901368,pt2,median_latency,True,3.0
484,128,239,196,563,"[128, 239, 196]",relu,model_3,Int8WeightOnlyConfig,int8,8.0,False,True,pt2_relative_p95_latency,1.84475661789983,pt2,p95_latency,True,3.0
485,128,239,196,563,"[128, 239, 196]",relu,model_3,Float8WeightOnlyConfig,float8,8.0,False,True,pt2_relative_p95_latency,1.3412460611267114,pt2,p95_latency,True,3.0
486,128,239,196,563,"[128, 239, 196]",relu,model_3,Int8WeightOnlyConfig,int8,8.0,False,True,pt2_relative_p99_latency,1.6292091503129744,pt2,p99_latency,True,3.0
487,128,239,196,563,"[128, 239, 196]",relu,model_3,Float8WeightOnlyConfig,float8,8.0,False,True,pt2_relative_p99_latency,1.226643545606638,pt2,p99_latency,True,3.0
488,128,64,32,224,"[128, 64, 32]",relu,model_30,,,,,,,,,,,
489,338,433,206,977,"[338, 433, 206]",relu,model_31,,,,,,,,,,,
490,554,151,105,810,"[554, 151, 105]",gelu,model_32,,,,,,,,,,,
491,539,248,53,840,"[539, 248, 53]",relu,model_33,,,,,,,,,,,
492,353,78,154,585,"[353, 78, 154]",elu,model_34,,,,,,,,,,,
493,128,441,89,658,"[128, 441, 89]",celu,model_35,,,,,,,,,,,
494,885,158,215,1258,"[885, 158, 215]",celu,model_36,,,,,,,,,,,
495,769,352,126,1247,"[769, 352, 126]",celu,model_37,,,,,,,,,,,
496,131,183,32,346,"[131, 183, 32]",leaky_relu,model_38,,,,,,,,,,,
497,236,336,177,749,"[236, 336, 177]",relu,model_39,,,,,,,,,,,
498,841,72,67,980,"[841, 72, 67]",elu,model_4,Int8WeightOnlyConfig,int8,8.0,False,True,pytorch_quantized_MAE,9.811334791210387,pytorch,MAE,False,1.0
499,841,72,67,980,"[841, 72, 67]",elu,model_4,Float8WeightOnlyConfig,float8,8.0,False,True,pytorch_quantized_MAE,9.858767476265765,pytorch,MAE,False,1.0
500,841,72,67,980,"[841, 72, 67]",elu,model_4,Int8WeightOnlyConfig,int8,8.0,False,True,pytorch_relative_MAE,1.0008610520343895,pytorch,MAE,True,1.0
501,841,72,67,980,"[841, 72, 67]",elu,model_4,Float8WeightOnlyConfig,float8,8.0,False,True,pytorch_relative_MAE,1.005699693062914,pytorch,MAE,True,1.0
502,841,72,67,980,"[841, 72, 67]",elu,model_4,Int8WeightOnlyConfig,int8,8.0,False,True,pytorch_quantized_model_size,134545.0,pytorch,model_size,False,1.0
503,841,72,67,980,"[841, 72, 67]",elu,model_4,Float8WeightOnlyConfig,float8,8.0,False,True,pytorch_quantized_model_size,134545.0,pytorch,model_size,False,1.0
504,841,72,67,980,"[841, 72, 67]",elu,model_4,Int8WeightOnlyConfig,int8,8.0,False,True,pytorch_quantized_median_latency,0.00043493136763572693,pytorch,median_latency,False,1.0
505,841,72,67,980,"[841, 72, 67]",elu,model_4,Float8WeightOnlyConfig,float8,8.0,False,True,pytorch_quantized_median_latency,0.000526702031493187,pytorch,median_latency,False,1.0
506,841,72,67,980,"[841, 72, 67]",elu,model_4,Int8WeightOnlyConfig,int8,8.0,False,True,pytorch_quantized_p95_latency,0.0004460521042346954,pytorch,p95_latency,False,1.0
507,841,72,67,980,"[841, 72, 67]",elu,model_4,Float8WeightOnlyConfig,float8,8.0,False,True,pytorch_quantized_p95_latency,0.0005353899672627449,pytorch,p95_latency,False,1.0
508,841,72,67,980,"[841, 72, 67]",elu,model_4,Int8WeightOnlyConfig,int8,8.0,False,True,pytorch_quantized_p99_latency,0.00044923119246959687,pytorch,p99_latency,False,1.0
509,841,72,67,980,"[841, 72, 67]",elu,model_4,Float8WeightOnlyConfig,float8,8.0,False,True,pytorch_quantized_p99_latency,0.0005743061006069183,pytorch,p99_latency,False,1.0
510,841,72,67,980,"[841, 72, 67]",elu,model_4,Int8WeightOnlyConfig,int8,8.0,False,True,pytorch_relative_model_size,0.25,pytorch,model_size,True,1.0
511,841,72,67,980,"[841, 72, 67]",elu,model_4,Float8WeightOnlyConfig,float8,8.0,False,True,pytorch_relative_model_size,0.25,pytorch,model_size,True,1.0
512,841,72,67,980,"[841, 72, 67]",elu,model_4,Int8WeightOnlyConfig,int8,8.0,False,True,pytorch_relative_median_latency,2.7212148051463734,pytorch,median_latency,True,1.0
513,841,72,67,980,"[841, 72, 67]",elu,model_4,Float8WeightOnlyConfig,float8,8.0,False,True,pytorch_relative_median_latency,3.295392038038411,pytorch,median_latency,True,1.0
514,841,72,67,980,"[841, 72, 67]",elu,model_4,Int8WeightOnlyConfig,int8,8.0,False,True,pytorch_relative_p95_latency,2.594607361949896,pytorch,p95_latency,True,1.0
515,841,72,67,980,"[841, 72, 67]",elu,model_4,Float8WeightOnlyConfig,float8,8.0,False,True,pytorch_relative_p95_latency,3.1142701432995072,pytorch,p95_latency,True,1.0
516,841,72,67,980,"[841, 72, 67]",elu,model_4,Int8WeightOnlyConfig,int8,8.0,False,True,pytorch_relative_p99_latency,2.5785136513732203,pytorch,p99_latency,True,1.0
517,841,72,67,980,"[841, 72, 67]",elu,model_4,Float8WeightOnlyConfig,float8,8.0,False,True,pytorch_relative_p99_latency,3.296423189896998,pytorch,p99_latency,True,1.0
518,841,72,67,980,"[841, 72, 67]",elu,model_4,Int8WeightOnlyConfig,int8,8.0,False,True,onnx_quantized_model_size,31513.0,onnx,model_size,False,1.0
519,841,72,67,980,"[841, 72, 67]",elu,model_4,Float8WeightOnlyConfig,float8,8.0,False,True,onnx_quantized_model_size,,onnx,model_size,False,1.0
520,841,72,67,980,"[841, 72, 67]",elu,model_4,Int8WeightOnlyConfig,int8,8.0,False,True,onnx_quantized_median_latency,0.00039835646748542786,onnx,median_latency,False,1.0
521,841,72,67,980,"[841, 72, 67]",elu,model_4,Float8WeightOnlyConfig,float8,8.0,False,True,onnx_quantized_median_latency,,onnx,median_latency,False,1.0
522,841,72,67,980,"[841, 72, 67]",elu,model_4,Int8WeightOnlyConfig,int8,8.0,False,True,onnx_quantized_p95_latency,0.0004105709493160248,onnx,p95_latency,False,1.0
523,841,72,67,980,"[841, 72, 67]",elu,model_4,Float8WeightOnlyConfig,float8,8.0,False,True,onnx_quantized_p95_latency,,onnx,p95_latency,False,1.0
524,841,72,67,980,"[841, 72, 67]",elu,model_4,Int8WeightOnlyConfig,int8,8.0,False,True,onnx_quantized_p99_latency,0.00041784897446632384,onnx,p99_latency,False,1.0
525,841,72,67,980,"[841, 72, 67]",elu,model_4,Float8WeightOnlyConfig,float8,8.0,False,True,onnx_quantized_p99_latency,,onnx,p99_latency,False,1.0
526,841,72,67,980,"[841, 72, 67]",elu,model_4,Int8WeightOnlyConfig,int8,8.0,False,True,onnx_relative_model_size,2.3304984469752994,onnx,model_size,True,1.0
527,841,72,67,980,"[841, 72, 67]",elu,model_4,Float8WeightOnlyConfig,float8,8.0,False,True,onnx_relative_model_size,,onnx,model_size,True,1.0
528,841,72,67,980,"[841, 72, 67]",elu,model_4,Int8WeightOnlyConfig,int8,8.0,False,True,onnx_relative_median_latency,1.148360145192122,onnx,median_latency,True,1.0
529,841,72,67,980,"[841, 72, 67]",elu,model_4,Float8WeightOnlyConfig,float8,8.0,False,True,onnx_relative_median_latency,,onnx,median_latency,True,1.0
530,841,72,67,980,"[841, 72, 67]",elu,model_4,Int8WeightOnlyConfig,int8,8.0,False,True,onnx_relative_p95_latency,0.9496080916558032,onnx,p95_latency,True,1.0
531,841,72,67,980,"[841, 72, 67]",elu,model_4,Float8WeightOnlyConfig,float8,8.0,False,True,onnx_relative_p95_latency,,onnx,p95_latency,True,1.0
532,841,72,67,980,"[841, 72, 67]",elu,model_4,Int8WeightOnlyConfig,int8,8.0,False,True,onnx_relative_p99_latency,0.9381705080067217,onnx,p99_latency,True,1.0
533,841,72,67,980,"[841, 72, 67]",elu,model_4,Float8WeightOnlyConfig,float8,8.0,False,True,onnx_relative_p99_latency,,onnx,p99_latency,True,1.0
534,841,72,67,980,"[841, 72, 67]",elu,model_4,Int8WeightOnlyConfig,int8,8.0,False,True,pt2_quantized_model_size,282785.0,pt2,model_size,False,1.0
535,841,72,67,980,"[841, 72, 67]",elu,model_4,Float8WeightOnlyConfig,float8,8.0,False,True,pt2_quantized_model_size,262049.0,pt2,model_size,False,1.0
536,841,72,67,980,"[841, 72, 67]",elu,model_4,Int8WeightOnlyConfig,int8,8.0,False,True,pt2_quantized_median_latency,0.0009029675275087357,pt2,median_latency,False,1.0
537,841,72,67,980,"[841, 72, 67]",elu,model_4,Float8WeightOnlyConfig,float8,8.0,False,True,pt2_quantized_median_latency,0.0007337965071201324,pt2,median_latency,False,1.0
538,841,72,67,980,"[841, 72, 67]",elu,model_4,Int8WeightOnlyConfig,int8,8.0,False,True,pt2_quantized_p95_latency,0.000934772752225399,pt2,p95_latency,False,1.0
539,841,72,67,980,"[841, 72, 67]",elu,model_4,Float8WeightOnlyConfig,float8,8.0,False,True,pt2_quantized_p95_latency,0.0007447654381394387,pt2,p95_latency,False,1.0
540,841,72,67,980,"[841, 72, 67]",elu,model_4,Int8WeightOnlyConfig,int8,8.0,False,True,pt2_quantized_p99_latency,0.0011056587845087017,pt2,p99_latency,False,1.0
541,841,72,67,980,"[841, 72, 67]",elu,model_4,Float8WeightOnlyConfig,float8,8.0,False,True,pt2_quantized_p99_latency,0.0008718461170792579,pt2,p99_latency,False,1.0
542,841,72,67,980,"[841, 72, 67]",elu,model_4,Int8WeightOnlyConfig,int8,8.0,False,True,pt2_relative_model_size,0.4694298316237855,pt2,model_size,True,1.0
543,841,72,67,980,"[841, 72, 67]",elu,model_4,Float8WeightOnlyConfig,float8,8.0,False,True,pt2_relative_model_size,0.4350075780086686,pt2,model_size,True,1.0
544,841,72,67,980,"[841, 72, 67]",elu,model_4,Int8WeightOnlyConfig,int8,8.0,False,True,pt2_relative_median_latency,1.382091824516188,pt2,median_latency,True,1.0
545,841,72,67,980,"[841, 72, 67]",elu,model_4,Float8WeightOnlyConfig,float8,8.0,False,True,pt2_relative_median_latency,1.1231568383719737,pt2,median_latency,True,1.0
546,841,72,67,980,"[841, 72, 67]",elu,model_4,Int8WeightOnlyConfig,int8,8.0,False,True,pt2_relative_p95_latency,1.4011082063216955,pt2,p95_latency,True,1.0
547,841,72,67,980,"[841, 72, 67]",elu,model_4,Float8WeightOnlyConfig,float8,8.0,False,True,pt2_relative_p95_latency,1.1163108516778046,pt2,p95_latency,True,1.0
548,841,72,67,980,"[841, 72, 67]",elu,model_4,Int8WeightOnlyConfig,int8,8.0,False,True,pt2_relative_p99_latency,1.3276977674487824,pt2,p99_latency,True,1.0
549,841,72,67,980,"[841, 72, 67]",elu,model_4,Float8WeightOnlyConfig,float8,8.0,False,True,pt2_relative_p99_latency,1.0469307162601487,pt2,p99_latency,True,1.0
550,841,72,67,980,"[841, 72, 67]",elu,model_4,Int8WeightOnlyConfig,int8,8.0,False,True,pytorch_quantized_MAE,9.656290102767585,pytorch,MAE,False,2.0
551,841,72,67,980,"[841, 72, 67]",elu,model_4,Float8WeightOnlyConfig,float8,8.0,False,True,pytorch_quantized_MAE,9.702490676492312,pytorch,MAE,False,2.0
552,841,72,67,980,"[841, 72, 67]",elu,model_4,Int8WeightOnlyConfig,int8,8.0,False,True,pytorch_relative_MAE,1.0008824573517001,pytorch,MAE,True,2.0
553,841,72,67,980,"[841, 72, 67]",elu,model_4,Float8WeightOnlyConfig,float8,8.0,False,True,pytorch_relative_MAE,1.0056711850378546,pytorch,MAE,True,2.0
554,841,72,67,980,"[841, 72, 67]",elu,model_4,Int8WeightOnlyConfig,int8,8.0,False,True,pytorch_quantized_model_size,134545.0,pytorch,model_size,False,2.0
555,841,72,67,980,"[841, 72, 67]",elu,model_4,Float8WeightOnlyConfig,float8,8.0,False,True,pytorch_quantized_model_size,134545.0,pytorch,model_size,False,2.0
556,841,72,67,980,"[841, 72, 67]",elu,model_4,Int8WeightOnlyConfig,int8,8.0,False,True,pytorch_quantized_median_latency,0.0004588514566421509,pytorch,median_latency,False,2.0
557,841,72,67,980,"[841, 72, 67]",elu,model_4,Float8WeightOnlyConfig,float8,8.0,False,True,pytorch_quantized_median_latency,0.0005110614001750946,pytorch,median_latency,False,2.0
558,841,72,67,980,"[841, 72, 67]",elu,model_4,Int8WeightOnlyConfig,int8,8.0,False,True,pytorch_quantized_p95_latency,0.00046979878097772596,pytorch,p95_latency,False,2.0
559,841,72,67,980,"[841, 72, 67]",elu,model_4,Float8WeightOnlyConfig,float8,8.0,False,True,pytorch_quantized_p95_latency,0.0005206214264035225,pytorch,p95_latency,False,2.0
560,841,72,67,980,"[841, 72, 67]",elu,model_4,Int8WeightOnlyConfig,int8,8.0,False,True,pytorch_quantized_p99_latency,0.00047301344573497773,pytorch,p99_latency,False,2.0
561,841,72,67,980,"[841, 72, 67]",elu,model_4,Float8WeightOnlyConfig,float8,8.0,False,True,pytorch_quantized_p99_latency,0.0005340410023927688,pytorch,p99_latency,False,2.0
562,841,72,67,980,"[841, 72, 67]",elu,model_4,Int8WeightOnlyConfig,int8,8.0,False,True,pytorch_relative_model_size,0.25,pytorch,model_size,True,2.0
563,841,72,67,980,"[841, 72, 67]",elu,model_4,Float8WeightOnlyConfig,float8,8.0,False,True,pytorch_relative_model_size,0.25,pytorch,model_size,True,2.0
564,841,72,67,980,"[841, 72, 67]",elu,model_4,Int8WeightOnlyConfig,int8,8.0,False,True,pytorch_relative_median_latency,2.8641986791926333,pytorch,median_latency,True,2.0
565,841,72,67,980,"[841, 72, 67]",elu,model_4,Float8WeightOnlyConfig,float8,8.0,False,True,pytorch_relative_median_latency,3.1900985954794905,pytorch,median_latency,True,2.0
566,841,72,67,980,"[841, 72, 67]",elu,model_4,Int8WeightOnlyConfig,int8,8.0,False,True,pytorch_relative_p95_latency,2.7030004843985096,pytorch,p95_latency,True,2.0
567,841,72,67,980,"[841, 72, 67]",elu,model_4,Float8WeightOnlyConfig,float8,8.0,False,True,pytorch_relative_p95_latency,2.995410002614894,pytorch,p95_latency,True,2.0
568,841,72,67,980,"[841, 72, 67]",elu,model_4,Int8WeightOnlyConfig,int8,8.0,False,True,pytorch_relative_p99_latency,2.620085337634194,pytorch,p99_latency,True,2.0
569,841,72,67,980,"[841, 72, 67]",elu,model_4,Float8WeightOnlyConfig,float8,8.0,False,True,pytorch_relative_p99_latency,2.958125213313133,pytorch,p99_latency,True,2.0
570,841,72,67,980,"[841, 72, 67]",elu,model_4,Int8WeightOnlyConfig,int8,8.0,False,True,onnx_quantized_model_size,31513.0,onnx,model_size,False,2.0
571,841,72,67,980,"[841, 72, 67]",elu,model_4,Float8WeightOnlyConfig,float8,8.0,False,True,onnx_quantized_model_size,,onnx,model_size,False,2.0
572,841,72,67,980,"[841, 72, 67]",elu,model_4,Int8WeightOnlyConfig,int8,8.0,False,True,onnx_quantized_median_latency,0.0004092622548341751,onnx,median_latency,False,2.0
573,841,72,67,980,"[841, 72, 67]",elu,model_4,Float8WeightOnlyConfig,float8,8.0,False,True,onnx_quantized_median_latency,,onnx,median_latency,False,2.0
574,841,72,67,980,"[841, 72, 67]",elu,model_4,Int8WeightOnlyConfig,int8,8.0,False,True,onnx_quantized_p95_latency,0.0005460314452648163,onnx,p95_latency,False,2.0
575,841,72,67,980,"[841, 72, 67]",elu,model_4,Float8WeightOnlyConfig,float8,8.0,False,True,onnx_quantized_p95_latency,,onnx,p95_latency,False,2.0
576,841,72,67,980,"[841, 72, 67]",elu,model_4,Int8WeightOnlyConfig,int8,8.0,False,True,onnx_quantized_p99_latency,0.0005689666792750358,onnx,p99_latency,False,2.0
577,841,72,67,980,"[841, 72, 67]",elu,model_4,Float8WeightOnlyConfig,float8,8.0,False,True,onnx_quantized_p99_latency,,onnx,p99_latency,False,2.0
578,841,72,67,980,"[841, 72, 67]",elu,model_4,Int8WeightOnlyConfig,int8,8.0,False,True,onnx_relative_model_size,2.3304984469752994,onnx,model_size,True,2.0
579,841,72,67,980,"[841, 72, 67]",elu,model_4,Float8WeightOnlyConfig,float8,8.0,False,True,onnx_relative_model_size,,onnx,model_size,True,2.0
580,841,72,67,980,"[841, 72, 67]",elu,model_4,Int8WeightOnlyConfig,int8,8.0,False,True,onnx_relative_median_latency,1.179279511373029,onnx,median_latency,True,2.0
581,841,72,67,980,"[841, 72, 67]",elu,model_4,Float8WeightOnlyConfig,float8,8.0,False,True,onnx_relative_median_latency,,onnx,median_latency,True,2.0
582,841,72,67,980,"[841, 72, 67]",elu,model_4,Int8WeightOnlyConfig,int8,8.0,False,True,onnx_relative_p95_latency,1.5328573945935828,onnx,p95_latency,True,2.0
583,841,72,67,980,"[841, 72, 67]",elu,model_4,Float8WeightOnlyConfig,float8,8.0,False,True,onnx_relative_p95_latency,,onnx,p95_latency,True,2.0
584,841,72,67,980,"[841, 72, 67]",elu,model_4,Int8WeightOnlyConfig,int8,8.0,False,True,onnx_relative_p99_latency,1.574421444754993,onnx,p99_latency,True,2.0
585,841,72,67,980,"[841, 72, 67]",elu,model_4,Float8WeightOnlyConfig,float8,8.0,False,True,onnx_relative_p99_latency,,onnx,p99_latency,True,2.0
586,841,72,67,980,"[841, 72, 67]",elu,model_4,Int8WeightOnlyConfig,int8,8.0,False,True,pt2_quantized_model_size,282785.0,pt2,model_size,False,2.0
587,841,72,67,980,"[841, 72, 67]",elu,model_4,Float8WeightOnlyConfig,float8,8.0,False,True,pt2_quantized_model_size,262049.0,pt2,model_size,False,2.0
588,841,72,67,980,"[841, 72, 67]",elu,model_4,Int8WeightOnlyConfig,int8,8.0,False,True,pt2_quantized_median_latency,0.000868307426571846,pt2,median_latency,False,2.0
589,841,72,67,980,"[841, 72, 67]",elu,model_4,Float8WeightOnlyConfig,float8,8.0,False,True,pt2_quantized_median_latency,0.0007125772535800934,pt2,median_latency,False,2.0
590,841,72,67,980,"[841, 72, 67]",elu,model_4,Int8WeightOnlyConfig,int8,8.0,False,True,pt2_quantized_p95_latency,0.0009161746129393578,pt2,p95_latency,False,2.0
591,841,72,67,980,"[841, 72, 67]",elu,model_4,Float8WeightOnlyConfig,float8,8.0,False,True,pt2_quantized_p95_latency,0.000741705670952797,pt2,p95_latency,False,2.0
592,841,72,67,980,"[841, 72, 67]",elu,model_4,Int8WeightOnlyConfig,int8,8.0,False,True,pt2_quantized_p99_latency,0.001023726649582386,pt2,p99_latency,False,2.0
593,841,72,67,980,"[841, 72, 67]",elu,model_4,Float8WeightOnlyConfig,float8,8.0,False,True,pt2_quantized_p99_latency,0.0009169907867908478,pt2,p99_latency,False,2.0
594,841,72,67,980,"[841, 72, 67]",elu,model_4,Int8WeightOnlyConfig,int8,8.0,False,True,pt2_relative_model_size,0.4694298316237855,pt2,model_size,True,2.0
595,841,72,67,980,"[841, 72, 67]",elu,model_4,Float8WeightOnlyConfig,float8,8.0,False,True,pt2_relative_model_size,0.4350075780086686,pt2,model_size,True,2.0
596,841,72,67,980,"[841, 72, 67]",elu,model_4,Int8WeightOnlyConfig,int8,8.0,False,True,pt2_relative_median_latency,1.4636940795257591,pt2,median_latency,True,2.0
597,841,72,67,980,"[841, 72, 67]",elu,model_4,Float8WeightOnlyConfig,float8,8.0,False,True,pt2_relative_median_latency,1.2011818341664364,pt2,median_latency,True,2.0
598,841,72,67,980,"[841, 72, 67]",elu,model_4,Int8WeightOnlyConfig,int8,8.0,False,True,pt2_relative_p95_latency,1.5151988895405863,pt2,p95_latency,True,2.0
599,841,72,67,980,"[841, 72, 67]",elu,model_4,Float8WeightOnlyConfig,float8,8.0,False,True,pt2_relative_p95_latency,1.2266565708342987,pt2,p95_latency,True,2.0
600,841,72,67,980,"[841, 72, 67]",elu,model_4,Int8WeightOnlyConfig,int8,8.0,False,True,pt2_relative_p99_latency,1.2992590610360382,pt2,p99_latency,True,2.0
601,841,72,67,980,"[841, 72, 67]",elu,model_4,Float8WeightOnlyConfig,float8,8.0,False,True,pt2_relative_p99_latency,1.163795617815158,pt2,p99_latency,True,2.0
602,841,72,67,980,"[841, 72, 67]",elu,model_4,Int8WeightOnlyConfig,int8,8.0,False,True,pytorch_quantized_MAE,9.439547462499265,pytorch,MAE,False,3.0
603,841,72,67,980,"[841, 72, 67]",elu,model_4,Float8WeightOnlyConfig,float8,8.0,False,True,pytorch_quantized_MAE,9.484221995830087,pytorch,MAE,False,3.0
604,841,72,67,980,"[841, 72, 67]",elu,model_4,Int8WeightOnlyConfig,int8,8.0,False,True,pytorch_relative_MAE,1.0007414215956365,pytorch,MAE,True,3.0
605,841,72,67,980,"[841, 72, 67]",elu,model_4,Float8WeightOnlyConfig,float8,8.0,False,True,pytorch_relative_MAE,1.0054776291492529,pytorch,MAE,True,3.0
606,841,72,67,980,"[841, 72, 67]",elu,model_4,Int8WeightOnlyConfig,int8,8.0,False,True,pytorch_quantized_model_size,134545.0,pytorch,model_size,False,3.0
607,841,72,67,980,"[841, 72, 67]",elu,model_4,Float8WeightOnlyConfig,float8,8.0,False,True,pytorch_quantized_model_size,134545.0,pytorch,model_size,False,3.0
608,841,72,67,980,"[841, 72, 67]",elu,model_4,Int8WeightOnlyConfig,int8,8.0,False,True,pytorch_quantized_median_latency,0.00042933598160743713,pytorch,median_latency,False,3.0
609,841,72,67,980,"[841, 72, 67]",elu,model_4,Float8WeightOnlyConfig,float8,8.0,False,True,pytorch_quantized_median_latency,0.0005302149802446365,pytorch,median_latency,False,3.0
610,841,72,67,980,"[841, 72, 67]",elu,model_4,Int8WeightOnlyConfig,int8,8.0,False,True,pytorch_quantized_p95_latency,0.0004416858777403831,pytorch,p95_latency,False,3.0
611,841,72,67,980,"[841, 72, 67]",elu,model_4,Float8WeightOnlyConfig,float8,8.0,False,True,pytorch_quantized_p95_latency,0.0005964310839772224,pytorch,p95_latency,False,3.0
612,841,72,67,980,"[841, 72, 67]",elu,model_4,Int8WeightOnlyConfig,int8,8.0,False,True,pytorch_quantized_p99_latency,0.0004460826516151428,pytorch,p99_latency,False,3.0
613,841,72,67,980,"[841, 72, 67]",elu,model_4,Float8WeightOnlyConfig,float8,8.0,False,True,pytorch_quantized_p99_latency,0.0006060234457254408,pytorch,p99_latency,False,3.0
614,841,72,67,980,"[841, 72, 67]",elu,model_4,Int8WeightOnlyConfig,int8,8.0,False,True,pytorch_relative_model_size,0.25,pytorch,model_size,True,3.0
615,841,72,67,980,"[841, 72, 67]",elu,model_4,Float8WeightOnlyConfig,float8,8.0,False,True,pytorch_relative_model_size,0.25,pytorch,model_size,True,3.0
616,841,72,67,980,"[841, 72, 67]",elu,model_4,Int8WeightOnlyConfig,int8,8.0,False,True,pytorch_relative_median_latency,2.67663008767346,pytorch,median_latency,True,3.0
617,841,72,67,980,"[841, 72, 67]",elu,model_4,Float8WeightOnlyConfig,float8,8.0,False,True,pytorch_relative_median_latency,3.3055449108749926,pytorch,median_latency,True,3.0
618,841,72,67,980,"[841, 72, 67]",elu,model_4,Int8WeightOnlyConfig,int8,8.0,False,True,pytorch_relative_p95_latency,2.5545406361566023,pytorch,p95_latency,True,3.0
619,841,72,67,980,"[841, 72, 67]",elu,model_4,Float8WeightOnlyConfig,float8,8.0,False,True,pytorch_relative_p95_latency,3.4495271809036674,pytorch,p95_latency,True,3.0
620,841,72,67,980,"[841, 72, 67]",elu,model_4,Int8WeightOnlyConfig,int8,8.0,False,True,pytorch_relative_p99_latency,2.533173430961502,pytorch,p99_latency,True,3.0
621,841,72,67,980,"[841, 72, 67]",elu,model_4,Float8WeightOnlyConfig,float8,8.0,False,True,pytorch_relative_p99_latency,3.4414306086395086,pytorch,p99_latency,True,3.0
622,841,72,67,980,"[841, 72, 67]",elu,model_4,Int8WeightOnlyConfig,int8,8.0,False,True,onnx_quantized_model_size,31513.0,onnx,model_size,False,3.0
623,841,72,67,980,"[841, 72, 67]",elu,model_4,Float8WeightOnlyConfig,float8,8.0,False,True,onnx_quantized_model_size,,onnx,model_size,False,3.0
624,841,72,67,980,"[841, 72, 67]",elu,model_4,Int8WeightOnlyConfig,int8,8.0,False,True,onnx_quantized_median_latency,0.0003985743969678879,onnx,median_latency,False,3.0
625,841,72,67,980,"[841, 72, 67]",elu,model_4,Float8WeightOnlyConfig,float8,8.0,False,True,onnx_quantized_median_latency,,onnx,median_latency,False,3.0
626,841,72,67,980,"[841, 72, 67]",elu,model_4,Int8WeightOnlyConfig,int8,8.0,False,True,onnx_quantized_p95_latency,0.0004152173176407814,onnx,p95_latency,False,3.0
627,841,72,67,980,"[841, 72, 67]",elu,model_4,Float8WeightOnlyConfig,float8,8.0,False,True,onnx_quantized_p95_latency,,onnx,p95_latency,False,3.0
628,841,72,67,980,"[841, 72, 67]",elu,model_4,Int8WeightOnlyConfig,int8,8.0,False,True,onnx_quantized_p99_latency,0.0009607033059000968,onnx,p99_latency,False,3.0
629,841,72,67,980,"[841, 72, 67]",elu,model_4,Float8WeightOnlyConfig,float8,8.0,False,True,onnx_quantized_p99_latency,,onnx,p99_latency,False,3.0
630,841,72,67,980,"[841, 72, 67]",elu,model_4,Int8WeightOnlyConfig,int8,8.0,False,True,onnx_relative_model_size,2.3304984469752994,onnx,model_size,True,3.0
631,841,72,67,980,"[841, 72, 67]",elu,model_4,Float8WeightOnlyConfig,float8,8.0,False,True,onnx_relative_model_size,,onnx,model_size,True,3.0
632,841,72,67,980,"[841, 72, 67]",elu,model_4,Int8WeightOnlyConfig,int8,8.0,False,True,onnx_relative_median_latency,1.1130744622747015,onnx,median_latency,True,3.0
633,841,72,67,980,"[841, 72, 67]",elu,model_4,Float8WeightOnlyConfig,float8,8.0,False,True,onnx_relative_median_latency,,onnx,median_latency,True,3.0
634,841,72,67,980,"[841, 72, 67]",elu,model_4,Int8WeightOnlyConfig,int8,8.0,False,True,onnx_relative_p95_latency,0.9429627862393604,onnx,p95_latency,True,3.0
635,841,72,67,980,"[841, 72, 67]",elu,model_4,Float8WeightOnlyConfig,float8,8.0,False,True,onnx_relative_p95_latency,,onnx,p95_latency,True,3.0
636,841,72,67,980,"[841, 72, 67]",elu,model_4,Int8WeightOnlyConfig,int8,8.0,False,True,onnx_relative_p99_latency,1.987375015932952,onnx,p99_latency,True,3.0
637,841,72,67,980,"[841, 72, 67]",elu,model_4,Float8WeightOnlyConfig,float8,8.0,False,True,onnx_relative_p99_latency,,onnx,p99_latency,True,3.0
638,841,72,67,980,"[841, 72, 67]",elu,model_4,Int8WeightOnlyConfig,int8,8.0,False,True,pt2_quantized_model_size,282785.0,pt2,model_size,False,3.0
639,841,72,67,980,"[841, 72, 67]",elu,model_4,Float8WeightOnlyConfig,float8,8.0,False,True,pt2_quantized_model_size,262049.0,pt2,model_size,False,3.0
640,841,72,67,980,"[841, 72, 67]",elu,model_4,Int8WeightOnlyConfig,int8,8.0,False,True,pt2_quantized_median_latency,0.0009046979248523712,pt2,median_latency,False,3.0
641,841,72,67,980,"[841, 72, 67]",elu,model_4,Float8WeightOnlyConfig,float8,8.0,False,True,pt2_quantized_median_latency,0.0007317308336496353,pt2,median_latency,False,3.0
642,841,72,67,980,"[841, 72, 67]",elu,model_4,Int8WeightOnlyConfig,int8,8.0,False,True,pt2_quantized_p95_latency,0.0009212447330355644,pt2,p95_latency,False,3.0
643,841,72,67,980,"[841, 72, 67]",elu,model_4,Float8WeightOnlyConfig,float8,8.0,False,True,pt2_quantized_p95_latency,0.0007440876215696335,pt2,p95_latency,False,3.0
644,841,72,67,980,"[841, 72, 67]",elu,model_4,Int8WeightOnlyConfig,int8,8.0,False,True,pt2_quantized_p99_latency,0.0010908039659261704,pt2,p99_latency,False,3.0
645,841,72,67,980,"[841, 72, 67]",elu,model_4,Float8WeightOnlyConfig,float8,8.0,False,True,pt2_quantized_p99_latency,0.0008631478622555731,pt2,p99_latency,False,3.0
646,841,72,67,980,"[841, 72, 67]",elu,model_4,Int8WeightOnlyConfig,int8,8.0,False,True,pt2_relative_model_size,0.4694298316237855,pt2,model_size,True,3.0
647,841,72,67,980,"[841, 72, 67]",elu,model_4,Float8WeightOnlyConfig,float8,8.0,False,True,pt2_relative_model_size,0.4350075780086686,pt2,model_size,True,3.0
648,841,72,67,980,"[841, 72, 67]",elu,model_4,Int8WeightOnlyConfig,int8,8.0,False,True,pt2_relative_median_latency,1.4908972592017338,pt2,median_latency,True,3.0
649,841,72,67,980,"[841, 72, 67]",elu,model_4,Float8WeightOnlyConfig,float8,8.0,False,True,pt2_relative_median_latency,1.2058560812324843,pt2,median_latency,True,3.0
650,841,72,67,980,"[841, 72, 67]",elu,model_4,Int8WeightOnlyConfig,int8,8.0,False,True,pt2_relative_p95_latency,1.4828304614500867,pt2,p95_latency,True,3.0
651,841,72,67,980,"[841, 72, 67]",elu,model_4,Float8WeightOnlyConfig,float8,8.0,False,True,pt2_relative_p95_latency,1.197679348044427,pt2,p95_latency,True,3.0
652,841,72,67,980,"[841, 72, 67]",elu,model_4,Int8WeightOnlyConfig,int8,8.0,False,True,pt2_relative_p99_latency,1.3325820230002359,pt2,p99_latency,True,3.0
653,841,72,67,980,"[841, 72, 67]",elu,model_4,Float8WeightOnlyConfig,float8,8.0,False,True,pt2_relative_p99_latency,1.0544656605242957,pt2,p99_latency,True,3.0
654,664,64,78,806,"[664, 64, 78]",celu,model_40,,,,,,,,,,,
655,569,418,192,1179,"[569, 418, 192]",celu,model_41,,,,,,,,,,,
656,324,139,64,527,"[324, 139, 64]",leaky_relu,model_42,,,,,,,,,,,
657,204,267,112,583,"[204, 267, 112]",leaky_relu,model_43,,,,,,,,,,,
658,688,100,32,820,"[688, 100, 32]",gelu,model_44,,,,,,,,,,,
659,795,298,104,1197,"[795, 298, 104]",celu,model_45,,,,,,,,,,,
660,128,64,201,393,"[128, 64, 201]",gelu,model_46,,,,,,,,,,,
661,431,387,39,857,"[431, 387, 39]",gelu,model_47,,,,,,,,,,,
662,468,219,167,854,"[468, 219, 167]",relu,model_48,,,,,,,,,,,
663,495,375,58,928,"[495, 375, 58]",leaky_relu,model_49,,,,,,,,,,,
664,755,326,36,1117,"[755, 326, 36]",celu,model_5,Int8WeightOnlyConfig,int8,8.0,False,True,pytorch_quantized_MAE,9.076045641894623,pytorch,MAE,False,1.0
665,755,326,36,1117,"[755, 326, 36]",celu,model_5,Float8WeightOnlyConfig,float8,8.0,False,True,pytorch_quantized_MAE,9.064237434911146,pytorch,MAE,False,1.0
666,755,326,36,1117,"[755, 326, 36]",celu,model_5,Int8WeightOnlyConfig,int8,8.0,False,True,pytorch_relative_MAE,1.0007034323581607,pytorch,MAE,True,1.0
667,755,326,36,1117,"[755, 326, 36]",celu,model_5,Float8WeightOnlyConfig,float8,8.0,False,True,pytorch_relative_MAE,0.9994014872463141,pytorch,MAE,True,1.0
668,755,326,36,1117,"[755, 326, 36]",celu,model_5,Int8WeightOnlyConfig,int8,8.0,False,True,pytorch_quantized_model_size,320175.0,pytorch,model_size,False,1.0
669,755,326,36,1117,"[755, 326, 36]",celu,model_5,Float8WeightOnlyConfig,float8,8.0,False,True,pytorch_quantized_model_size,320175.0,pytorch,model_size,False,1.0
670,755,326,36,1117,"[755, 326, 36]",celu,model_5,Int8WeightOnlyConfig,int8,8.0,False,True,pytorch_quantized_median_latency,0.00046953558921813965,pytorch,median_latency,False,1.0
671,755,326,36,1117,"[755, 326, 36]",celu,model_5,Float8WeightOnlyConfig,float8,8.0,False,True,pytorch_quantized_median_latency,0.0005794558674097061,pytorch,median_latency,False,1.0
672,755,326,36,1117,"[755, 326, 36]",celu,model_5,Int8WeightOnlyConfig,int8,8.0,False,True,pytorch_quantized_p95_latency,0.0004789719358086586,pytorch,p95_latency,False,1.0
673,755,326,36,1117,"[755, 326, 36]",celu,model_5,Float8WeightOnlyConfig,float8,8.0,False,True,pytorch_quantized_p95_latency,0.000587300956249237,pytorch,p95_latency,False,1.0
674,755,326,36,1117,"[755, 326, 36]",celu,model_5,Int8WeightOnlyConfig,int8,8.0,False,True,pytorch_quantized_p99_latency,0.00048487581312656403,pytorch,p99_latency,False,1.0
675,755,326,36,1117,"[755, 326, 36]",celu,model_5,Float8WeightOnlyConfig,float8,8.0,False,True,pytorch_quantized_p99_latency,0.0005924572423100471,pytorch,p99_latency,False,1.0
676,755,326,36,1117,"[755, 326, 36]",celu,model_5,Int8WeightOnlyConfig,int8,8.0,False,True,pytorch_relative_model_size,0.25,pytorch,model_size,True,1.0
677,755,326,36,1117,"[755, 326, 36]",celu,model_5,Float8WeightOnlyConfig,float8,8.0,False,True,pytorch_relative_model_size,0.25,pytorch,model_size,True,1.0
678,755,326,36,1117,"[755, 326, 36]",celu,model_5,Int8WeightOnlyConfig,int8,8.0,False,True,pytorch_relative_median_latency,3.0013454142804417,pytorch,median_latency,True,1.0
679,755,326,36,1117,"[755, 326, 36]",celu,model_5,Float8WeightOnlyConfig,float8,8.0,False,True,pytorch_relative_median_latency,3.7039731393396753,pytorch,median_latency,True,1.0
680,755,326,36,1117,"[755, 326, 36]",celu,model_5,Int8WeightOnlyConfig,int8,8.0,False,True,pytorch_relative_p95_latency,2.832236327630225,pytorch,p95_latency,True,1.0
681,755,326,36,1117,"[755, 326, 36]",celu,model_5,Float8WeightOnlyConfig,float8,8.0,False,True,pytorch_relative_p95_latency,3.4728028495714405,pytorch,p95_latency,True,1.0
682,755,326,36,1117,"[755, 326, 36]",celu,model_5,Int8WeightOnlyConfig,int8,8.0,False,True,pytorch_relative_p99_latency,2.8061955503735043,pytorch,p99_latency,True,1.0
683,755,326,36,1117,"[755, 326, 36]",celu,model_5,Float8WeightOnlyConfig,float8,8.0,False,True,pytorch_relative_p99_latency,3.428817920276519,pytorch,p99_latency,True,1.0
684,755,326,36,1117,"[755, 326, 36]",celu,model_5,Int8WeightOnlyConfig,int8,8.0,False,True,onnx_quantized_model_size,33052.0,onnx,model_size,False,1.0
685,755,326,36,1117,"[755, 326, 36]",celu,model_5,Float8WeightOnlyConfig,float8,8.0,False,True,onnx_quantized_model_size,,onnx,model_size,False,1.0
686,755,326,36,1117,"[755, 326, 36]",celu,model_5,Int8WeightOnlyConfig,int8,8.0,False,True,onnx_quantized_median_latency,0.0007595289498567581,onnx,median_latency,False,1.0
687,755,326,36,1117,"[755, 326, 36]",celu,model_5,Float8WeightOnlyConfig,float8,8.0,False,True,onnx_quantized_median_latency,,onnx,median_latency,False,1.0
688,755,326,36,1117,"[755, 326, 36]",celu,model_5,Int8WeightOnlyConfig,int8,8.0,False,True,onnx_quantized_p95_latency,0.0007739534601569175,onnx,p95_latency,False,1.0
689,755,326,36,1117,"[755, 326, 36]",celu,model_5,Float8WeightOnlyConfig,float8,8.0,False,True,onnx_quantized_p95_latency,,onnx,p95_latency,False,1.0
690,755,326,36,1117,"[755, 326, 36]",celu,model_5,Int8WeightOnlyConfig,int8,8.0,False,True,onnx_quantized_p99_latency,0.0007842390984296798,onnx,p99_latency,False,1.0
691,755,326,36,1117,"[755, 326, 36]",celu,model_5,Float8WeightOnlyConfig,float8,8.0,False,True,onnx_quantized_p99_latency,,onnx,p99_latency,False,1.0
692,755,326,36,1117,"[755, 326, 36]",celu,model_5,Int8WeightOnlyConfig,int8,8.0,False,True,onnx_relative_model_size,2.4095647736385506,onnx,model_size,True,1.0
693,755,326,36,1117,"[755, 326, 36]",celu,model_5,Float8WeightOnlyConfig,float8,8.0,False,True,onnx_relative_model_size,,onnx,model_size,True,1.0
694,755,326,36,1117,"[755, 326, 36]",celu,model_5,Int8WeightOnlyConfig,int8,8.0,False,True,onnx_relative_median_latency,1.049790309168471,onnx,median_latency,True,1.0
695,755,326,36,1117,"[755, 326, 36]",celu,model_5,Float8WeightOnlyConfig,float8,8.0,False,True,onnx_relative_median_latency,,onnx,median_latency,True,1.0
696,755,326,36,1117,"[755, 326, 36]",celu,model_5,Int8WeightOnlyConfig,int8,8.0,False,True,onnx_relative_p95_latency,1.0403518606938915,onnx,p95_latency,True,1.0
697,755,326,36,1117,"[755, 326, 36]",celu,model_5,Float8WeightOnlyConfig,float8,8.0,False,True,onnx_relative_p95_latency,,onnx,p95_latency,True,1.0
698,755,326,36,1117,"[755, 326, 36]",celu,model_5,Int8WeightOnlyConfig,int8,8.0,False,True,onnx_relative_p99_latency,1.0388977213866553,onnx,p99_latency,True,1.0
699,755,326,36,1117,"[755, 326, 36]",celu,model_5,Float8WeightOnlyConfig,float8,8.0,False,True,onnx_relative_p99_latency,,onnx,p99_latency,True,1.0
700,755,326,36,1117,"[755, 326, 36]",celu,model_5,Int8WeightOnlyConfig,int8,8.0,False,True,pt2_quantized_model_size,469217.0,pt2,model_size,False,1.0
701,755,326,36,1117,"[755, 326, 36]",celu,model_5,Float8WeightOnlyConfig,float8,8.0,False,True,pt2_quantized_model_size,448481.0,pt2,model_size,False,1.0
702,755,326,36,1117,"[755, 326, 36]",celu,model_5,Int8WeightOnlyConfig,int8,8.0,False,True,pt2_quantized_median_latency,0.0008718632161617279,pt2,median_latency,False,1.0
703,755,326,36,1117,"[755, 326, 36]",celu,model_5,Float8WeightOnlyConfig,float8,8.0,False,True,pt2_quantized_median_latency,0.0007080715149641037,pt2,median_latency,False,1.0
704,755,326,36,1117,"[755, 326, 36]",celu,model_5,Int8WeightOnlyConfig,int8,8.0,False,True,pt2_quantized_p95_latency,0.0008885303512215614,pt2,p95_latency,False,1.0
705,755,326,36,1117,"[755, 326, 36]",celu,model_5,Float8WeightOnlyConfig,float8,8.0,False,True,pt2_quantized_p95_latency,0.0007200255990028381,pt2,p95_latency,False,1.0
706,755,326,36,1117,"[755, 326, 36]",celu,model_5,Int8WeightOnlyConfig,int8,8.0,False,True,pt2_quantized_p99_latency,0.001043912060558796,pt2,p99_latency,False,1.0
707,755,326,36,1117,"[755, 326, 36]",celu,model_5,Float8WeightOnlyConfig,float8,8.0,False,True,pt2_quantized_p99_latency,0.0008857445791363716,pt2,p99_latency,False,1.0
708,755,326,36,1117,"[755, 326, 36]",celu,model_5,Int8WeightOnlyConfig,int8,8.0,False,True,pt2_relative_model_size,0.34889524227338803,pt2,model_size,True,1.0
709,755,326,36,1117,"[755, 326, 36]",celu,model_5,Float8WeightOnlyConfig,float8,8.0,False,True,pt2_relative_model_size,0.3334765943050046,pt2,model_size,True,1.0
710,755,326,36,1117,"[755, 326, 36]",celu,model_5,Int8WeightOnlyConfig,int8,8.0,False,True,pt2_relative_median_latency,1.0136385291697345,pt2,median_latency,True,1.0
711,755,326,36,1117,"[755, 326, 36]",celu,model_5,Float8WeightOnlyConfig,float8,8.0,False,True,pt2_relative_median_latency,0.8232123522023475,pt2,median_latency,True,1.0
712,755,326,36,1117,"[755, 326, 36]",celu,model_5,Int8WeightOnlyConfig,int8,8.0,False,True,pt2_relative_p95_latency,1.016035009330184,pt2,p95_latency,True,1.0
713,755,326,36,1117,"[755, 326, 36]",celu,model_5,Float8WeightOnlyConfig,float8,8.0,False,True,pt2_relative_p95_latency,0.8233497203500677,pt2,p95_latency,True,1.0
714,755,326,36,1117,"[755, 326, 36]",celu,model_5,Int8WeightOnlyConfig,int8,8.0,False,True,pt2_relative_p99_latency,0.9756002294874526,pt2,p99_latency,True,1.0
715,755,326,36,1117,"[755, 326, 36]",celu,model_5,Float8WeightOnlyConfig,float8,8.0,False,True,pt2_relative_p99_latency,0.8277829592371502,pt2,p99_latency,True,1.0
716,755,326,36,1117,"[755, 326, 36]",celu,model_5,Int8WeightOnlyConfig,int8,8.0,False,True,pytorch_quantized_MAE,9.278300252144671,pytorch,MAE,False,2.0
717,755,326,36,1117,"[755, 326, 36]",celu,model_5,Float8WeightOnlyConfig,float8,8.0,False,True,pytorch_quantized_MAE,9.273700606452891,pytorch,MAE,False,2.0
718,755,326,36,1117,"[755, 326, 36]",celu,model_5,Int8WeightOnlyConfig,int8,8.0,False,True,pytorch_relative_MAE,1.000587154932244,pytorch,MAE,True,2.0
719,755,326,36,1117,"[755, 326, 36]",celu,model_5,Float8WeightOnlyConfig,float8,8.0,False,True,pytorch_relative_MAE,1.0000911215779267,pytorch,MAE,True,2.0
720,755,326,36,1117,"[755, 326, 36]",celu,model_5,Int8WeightOnlyConfig,int8,8.0,False,True,pytorch_quantized_model_size,320175.0,pytorch,model_size,False,2.0
721,755,326,36,1117,"[755, 326, 36]",celu,model_5,Float8WeightOnlyConfig,float8,8.0,False,True,pytorch_quantized_model_size,320175.0,pytorch,model_size,False,2.0
722,755,326,36,1117,"[755, 326, 36]",celu,model_5,Int8WeightOnlyConfig,int8,8.0,False,True,pytorch_quantized_median_latency,0.0004979092627763748,pytorch,median_latency,False,2.0
723,755,326,36,1117,"[755, 326, 36]",celu,model_5,Float8WeightOnlyConfig,float8,8.0,False,True,pytorch_quantized_median_latency,0.0005440115928649902,pytorch,median_latency,False,2.0
724,755,326,36,1117,"[755, 326, 36]",celu,model_5,Int8WeightOnlyConfig,int8,8.0,False,True,pytorch_quantized_p95_latency,0.000507964938879013,pytorch,p95_latency,False,2.0
725,755,326,36,1117,"[755, 326, 36]",celu,model_5,Float8WeightOnlyConfig,float8,8.0,False,True,pytorch_quantized_p95_latency,0.0005511596798896789,pytorch,p95_latency,False,2.0
726,755,326,36,1117,"[755, 326, 36]",celu,model_5,Int8WeightOnlyConfig,int8,8.0,False,True,pytorch_quantized_p99_latency,0.0005150130391120911,pytorch,p99_latency,False,2.0
727,755,326,36,1117,"[755, 326, 36]",celu,model_5,Float8WeightOnlyConfig,float8,8.0,False,True,pytorch_quantized_p99_latency,0.0005560813099145889,pytorch,p99_latency,False,2.0
728,755,326,36,1117,"[755, 326, 36]",celu,model_5,Int8WeightOnlyConfig,int8,8.0,False,True,pytorch_relative_model_size,0.25,pytorch,model_size,True,2.0
729,755,326,36,1117,"[755, 326, 36]",celu,model_5,Float8WeightOnlyConfig,float8,8.0,False,True,pytorch_relative_model_size,0.25,pytorch,model_size,True,2.0
730,755,326,36,1117,"[755, 326, 36]",celu,model_5,Int8WeightOnlyConfig,int8,8.0,False,True,pytorch_relative_median_latency,2.966650389541207,pytorch,median_latency,True,2.0
731,755,326,36,1117,"[755, 326, 36]",celu,model_5,Float8WeightOnlyConfig,float8,8.0,False,True,pytorch_relative_median_latency,3.2413379797127826,pytorch,median_latency,True,2.0
732,755,326,36,1117,"[755, 326, 36]",celu,model_5,Int8WeightOnlyConfig,int8,8.0,False,True,pytorch_relative_p95_latency,2.813542395298788,pytorch,p95_latency,True,2.0
733,755,326,36,1117,"[755, 326, 36]",celu,model_5,Float8WeightOnlyConfig,float8,8.0,False,True,pytorch_relative_p95_latency,3.0527916540284457,pytorch,p95_latency,True,2.0
734,755,326,36,1117,"[755, 326, 36]",celu,model_5,Int8WeightOnlyConfig,int8,8.0,False,True,pytorch_relative_p99_latency,2.8136602211603297,pytorch,p99_latency,True,2.0
735,755,326,36,1117,"[755, 326, 36]",celu,model_5,Float8WeightOnlyConfig,float8,8.0,False,True,pytorch_relative_p99_latency,3.038027666512871,pytorch,p99_latency,True,2.0
736,755,326,36,1117,"[755, 326, 36]",celu,model_5,Int8WeightOnlyConfig,int8,8.0,False,True,onnx_quantized_model_size,33052.0,onnx,model_size,False,2.0
737,755,326,36,1117,"[755, 326, 36]",celu,model_5,Float8WeightOnlyConfig,float8,8.0,False,True,onnx_quantized_model_size,,onnx,model_size,False,2.0
738,755,326,36,1117,"[755, 326, 36]",celu,model_5,Int8WeightOnlyConfig,int8,8.0,False,True,onnx_quantized_median_latency,0.0007611177861690521,onnx,median_latency,False,2.0
739,755,326,36,1117,"[755, 326, 36]",celu,model_5,Float8WeightOnlyConfig,float8,8.0,False,True,onnx_quantized_median_latency,,onnx,median_latency,False,2.0
740,755,326,36,1117,"[755, 326, 36]",celu,model_5,Int8WeightOnlyConfig,int8,8.0,False,True,onnx_quantized_p95_latency,0.000781325064599514,onnx,p95_latency,False,2.0
741,755,326,36,1117,"[755, 326, 36]",celu,model_5,Float8WeightOnlyConfig,float8,8.0,False,True,onnx_quantized_p95_latency,,onnx,p95_latency,False,2.0
742,755,326,36,1117,"[755, 326, 36]",celu,model_5,Int8WeightOnlyConfig,int8,8.0,False,True,onnx_quantized_p99_latency,0.0007910627126693726,onnx,p99_latency,False,2.0
743,755,326,36,1117,"[755, 326, 36]",celu,model_5,Float8WeightOnlyConfig,float8,8.0,False,True,onnx_quantized_p99_latency,,onnx,p99_latency,False,2.0
744,755,326,36,1117,"[755, 326, 36]",celu,model_5,Int8WeightOnlyConfig,int8,8.0,False,True,onnx_relative_model_size,2.4095647736385506,onnx,model_size,True,2.0
745,755,326,36,1117,"[755, 326, 36]",celu,model_5,Float8WeightOnlyConfig,float8,8.0,False,True,onnx_relative_model_size,,onnx,model_size,True,2.0
746,755,326,36,1117,"[755, 326, 36]",celu,model_5,Int8WeightOnlyConfig,int8,8.0,False,True,onnx_relative_median_latency,1.0459116679678002,onnx,median_latency,True,2.0
747,755,326,36,1117,"[755, 326, 36]",celu,model_5,Float8WeightOnlyConfig,float8,8.0,False,True,onnx_relative_median_latency,,onnx,median_latency,True,2.0
748,755,326,36,1117,"[755, 326, 36]",celu,model_5,Int8WeightOnlyConfig,int8,8.0,False,True,onnx_relative_p95_latency,1.0490260756832026,onnx,p95_latency,True,2.0
749,755,326,36,1117,"[755, 326, 36]",celu,model_5,Float8WeightOnlyConfig,float8,8.0,False,True,onnx_relative_p95_latency,,onnx,p95_latency,True,2.0
750,755,326,36,1117,"[755, 326, 36]",celu,model_5,Int8WeightOnlyConfig,int8,8.0,False,True,onnx_relative_p99_latency,1.049174094368478,onnx,p99_latency,True,2.0
751,755,326,36,1117,"[755, 326, 36]",celu,model_5,Float8WeightOnlyConfig,float8,8.0,False,True,onnx_relative_p99_latency,,onnx,p99_latency,True,2.0
752,755,326,36,1117,"[755, 326, 36]",celu,model_5,Int8WeightOnlyConfig,int8,8.0,False,True,pt2_quantized_model_size,469217.0,pt2,model_size,False,2.0
753,755,326,36,1117,"[755, 326, 36]",celu,model_5,Float8WeightOnlyConfig,float8,8.0,False,True,pt2_quantized_model_size,448481.0,pt2,model_size,False,2.0
754,755,326,36,1117,"[755, 326, 36]",celu,model_5,Int8WeightOnlyConfig,int8,8.0,False,True,pt2_quantized_median_latency,0.0009086374193429947,pt2,median_latency,False,2.0
755,755,326,36,1117,"[755, 326, 36]",celu,model_5,Float8WeightOnlyConfig,float8,8.0,False,True,pt2_quantized_median_latency,0.0007486399263143539,pt2,median_latency,False,2.0
756,755,326,36,1117,"[755, 326, 36]",celu,model_5,Int8WeightOnlyConfig,int8,8.0,False,True,pt2_quantized_p95_latency,0.0009253708645701409,pt2,p95_latency,False,2.0
757,755,326,36,1117,"[755, 326, 36]",celu,model_5,Float8WeightOnlyConfig,float8,8.0,False,True,pt2_quantized_p95_latency,0.0007602367550134659,pt2,p95_latency,False,2.0
758,755,326,36,1117,"[755, 326, 36]",celu,model_5,Int8WeightOnlyConfig,int8,8.0,False,True,pt2_quantized_p99_latency,0.0010846012085676193,pt2,p99_latency,False,2.0
759,755,326,36,1117,"[755, 326, 36]",celu,model_5,Float8WeightOnlyConfig,float8,8.0,False,True,pt2_quantized_p99_latency,0.0009362964704632758,pt2,p99_latency,False,2.0
760,755,326,36,1117,"[755, 326, 36]",celu,model_5,Int8WeightOnlyConfig,int8,8.0,False,True,pt2_relative_model_size,0.34889524227338803,pt2,model_size,True,2.0
761,755,326,36,1117,"[755, 326, 36]",celu,model_5,Float8WeightOnlyConfig,float8,8.0,False,True,pt2_relative_model_size,0.3334765943050046,pt2,model_size,True,2.0
762,755,326,36,1117,"[755, 326, 36]",celu,model_5,Int8WeightOnlyConfig,int8,8.0,False,True,pt2_relative_median_latency,1.0429230519258397,pt2,median_latency,True,2.0
763,755,326,36,1117,"[755, 326, 36]",celu,model_5,Float8WeightOnlyConfig,float8,8.0,False,True,pt2_relative_median_latency,0.8592798624888828,pt2,median_latency,True,2.0
764,755,326,36,1117,"[755, 326, 36]",celu,model_5,Int8WeightOnlyConfig,int8,8.0,False,True,pt2_relative_p95_latency,1.0399062334965115,pt2,p95_latency,True,2.0
765,755,326,36,1117,"[755, 326, 36]",celu,model_5,Float8WeightOnlyConfig,float8,8.0,False,True,pt2_relative_p95_latency,0.8543330795690292,pt2,p95_latency,True,2.0
766,755,326,36,1117,"[755, 326, 36]",celu,model_5,Int8WeightOnlyConfig,int8,8.0,False,True,pt2_relative_p99_latency,0.9971271054131479,pt2,p99_latency,True,2.0
767,755,326,36,1117,"[755, 326, 36]",celu,model_5,Float8WeightOnlyConfig,float8,8.0,False,True,pt2_relative_p99_latency,0.8607832833180802,pt2,p99_latency,True,2.0
768,755,326,36,1117,"[755, 326, 36]",celu,model_5,Int8WeightOnlyConfig,int8,8.0,False,True,pytorch_quantized_MAE,9.210557515959861,pytorch,MAE,False,3.0
769,755,326,36,1117,"[755, 326, 36]",celu,model_5,Float8WeightOnlyConfig,float8,8.0,False,True,pytorch_quantized_MAE,9.216045663139221,pytorch,MAE,False,3.0
770,755,326,36,1117,"[755, 326, 36]",celu,model_5,Int8WeightOnlyConfig,int8,8.0,False,True,pytorch_relative_MAE,1.000365406996399,pytorch,MAE,True,3.0
771,755,326,36,1117,"[755, 326, 36]",celu,model_5,Float8WeightOnlyConfig,float8,8.0,False,True,pytorch_relative_MAE,1.0009614786866547,pytorch,MAE,True,3.0
772,755,326,36,1117,"[755, 326, 36]",celu,model_5,Int8WeightOnlyConfig,int8,8.0,False,True,pytorch_quantized_model_size,320175.0,pytorch,model_size,False,3.0
773,755,326,36,1117,"[755, 326, 36]",celu,model_5,Float8WeightOnlyConfig,float8,8.0,False,True,pytorch_quantized_model_size,320175.0,pytorch,model_size,False,3.0
774,755,326,36,1117,"[755, 326, 36]",celu,model_5,Int8WeightOnlyConfig,int8,8.0,False,True,pytorch_quantized_median_latency,0.00042704492807388306,pytorch,median_latency,False,3.0
775,755,326,36,1117,"[755, 326, 36]",celu,model_5,Float8WeightOnlyConfig,float8,8.0,False,True,pytorch_quantized_median_latency,0.0005163159221410751,pytorch,median_latency,False,3.0
776,755,326,36,1117,"[755, 326, 36]",celu,model_5,Int8WeightOnlyConfig,int8,8.0,False,True,pytorch_quantized_p95_latency,0.00043735522776842115,pytorch,p95_latency,False,3.0
777,755,326,36,1117,"[755, 326, 36]",celu,model_5,Float8WeightOnlyConfig,float8,8.0,False,True,pytorch_quantized_p95_latency,0.0005256468430161476,pytorch,p95_latency,False,3.0
778,755,326,36,1117,"[755, 326, 36]",celu,model_5,Int8WeightOnlyConfig,int8,8.0,False,True,pytorch_quantized_p99_latency,0.0004408154636621475,pytorch,p99_latency,False,3.0
779,755,326,36,1117,"[755, 326, 36]",celu,model_5,Float8WeightOnlyConfig,float8,8.0,False,True,pytorch_quantized_p99_latency,0.0005574819818139076,pytorch,p99_latency,False,3.0
780,755,326,36,1117,"[755, 326, 36]",celu,model_5,Int8WeightOnlyConfig,int8,8.0,False,True,pytorch_relative_model_size,0.25,pytorch,model_size,True,3.0
781,755,326,36,1117,"[755, 326, 36]",celu,model_5,Float8WeightOnlyConfig,float8,8.0,False,True,pytorch_relative_model_size,0.25,pytorch,model_size,True,3.0
782,755,326,36,1117,"[755, 326, 36]",celu,model_5,Int8WeightOnlyConfig,int8,8.0,False,True,pytorch_relative_median_latency,2.670222801970627,pytorch,median_latency,True,3.0
783,755,326,36,1117,"[755, 326, 36]",celu,model_5,Float8WeightOnlyConfig,float8,8.0,False,True,pytorch_relative_median_latency,3.22841569513516,pytorch,median_latency,True,3.0
784,755,326,36,1117,"[755, 326, 36]",celu,model_5,Int8WeightOnlyConfig,int8,8.0,False,True,pytorch_relative_p95_latency,2.5601155306767964,pytorch,p95_latency,True,3.0
785,755,326,36,1117,"[755, 326, 36]",celu,model_5,Float8WeightOnlyConfig,float8,8.0,False,True,pytorch_relative_p95_latency,3.0769419479065245,pytorch,p95_latency,True,3.0
786,755,326,36,1117,"[755, 326, 36]",celu,model_5,Int8WeightOnlyConfig,int8,8.0,False,True,pytorch_relative_p99_latency,2.5366769393824025,pytorch,p99_latency,True,3.0
787,755,326,36,1117,"[755, 326, 36]",celu,model_5,Float8WeightOnlyConfig,float8,8.0,False,True,pytorch_relative_p99_latency,3.208035570350096,pytorch,p99_latency,True,3.0
788,755,326,36,1117,"[755, 326, 36]",celu,model_5,Int8WeightOnlyConfig,int8,8.0,False,True,onnx_quantized_model_size,33052.0,onnx,model_size,False,3.0
789,755,326,36,1117,"[755, 326, 36]",celu,model_5,Float8WeightOnlyConfig,float8,8.0,False,True,onnx_quantized_model_size,,onnx,model_size,False,3.0
790,755,326,36,1117,"[755, 326, 36]",celu,model_5,Int8WeightOnlyConfig,int8,8.0,False,True,onnx_quantized_median_latency,0.0007630288600921631,onnx,median_latency,False,3.0
791,755,326,36,1117,"[755, 326, 36]",celu,model_5,Float8WeightOnlyConfig,float8,8.0,False,True,onnx_quantized_median_latency,,onnx,median_latency,False,3.0
792,755,326,36,1117,"[755, 326, 36]",celu,model_5,Int8WeightOnlyConfig,int8,8.0,False,True,onnx_quantized_p95_latency,0.0007768977433443069,onnx,p95_latency,False,3.0
793,755,326,36,1117,"[755, 326, 36]",celu,model_5,Float8WeightOnlyConfig,float8,8.0,False,True,onnx_quantized_p95_latency,,onnx,p95_latency,False,3.0
794,755,326,36,1117,"[755, 326, 36]",celu,model_5,Int8WeightOnlyConfig,int8,8.0,False,True,onnx_quantized_p99_latency,0.001044919118285179,onnx,p99_latency,False,3.0
795,755,326,36,1117,"[755, 326, 36]",celu,model_5,Float8WeightOnlyConfig,float8,8.0,False,True,onnx_quantized_p99_latency,,onnx,p99_latency,False,3.0
796,755,326,36,1117,"[755, 326, 36]",celu,model_5,Int8WeightOnlyConfig,int8,8.0,False,True,onnx_relative_model_size,2.4095647736385506,onnx,model_size,True,3.0
797,755,326,36,1117,"[755, 326, 36]",celu,model_5,Float8WeightOnlyConfig,float8,8.0,False,True,onnx_relative_model_size,,onnx,model_size,True,3.0
798,755,326,36,1117,"[755, 326, 36]",celu,model_5,Int8WeightOnlyConfig,int8,8.0,False,True,onnx_relative_median_latency,1.0411929615876332,onnx,median_latency,True,3.0
799,755,326,36,1117,"[755, 326, 36]",celu,model_5,Float8WeightOnlyConfig,float8,8.0,False,True,onnx_relative_median_latency,,onnx,median_latency,True,3.0
800,755,326,36,1117,"[755, 326, 36]",celu,model_5,Int8WeightOnlyConfig,int8,8.0,False,True,onnx_relative_p95_latency,0.5680402795709468,onnx,p95_latency,True,3.0
801,755,326,36,1117,"[755, 326, 36]",celu,model_5,Float8WeightOnlyConfig,float8,8.0,False,True,onnx_relative_p95_latency,,onnx,p95_latency,True,3.0
802,755,326,36,1117,"[755, 326, 36]",celu,model_5,Int8WeightOnlyConfig,int8,8.0,False,True,onnx_relative_p99_latency,0.4052167382439015,onnx,p99_latency,True,3.0
803,755,326,36,1117,"[755, 326, 36]",celu,model_5,Float8WeightOnlyConfig,float8,8.0,False,True,onnx_relative_p99_latency,,onnx,p99_latency,True,3.0
804,755,326,36,1117,"[755, 326, 36]",celu,model_5,Int8WeightOnlyConfig,int8,8.0,False,True,pt2_quantized_model_size,469217.0,pt2,model_size,False,3.0
805,755,326,36,1117,"[755, 326, 36]",celu,model_5,Float8WeightOnlyConfig,float8,8.0,False,True,pt2_quantized_model_size,448481.0,pt2,model_size,False,3.0
806,755,326,36,1117,"[755, 326, 36]",celu,model_5,Int8WeightOnlyConfig,int8,8.0,False,True,pt2_quantized_median_latency,0.0009017884731292725,pt2,median_latency,False,3.0
807,755,326,36,1117,"[755, 326, 36]",celu,model_5,Float8WeightOnlyConfig,float8,8.0,False,True,pt2_quantized_median_latency,0.0007256623357534409,pt2,median_latency,False,3.0
808,755,326,36,1117,"[755, 326, 36]",celu,model_5,Int8WeightOnlyConfig,int8,8.0,False,True,pt2_quantized_p95_latency,0.000921843945980072,pt2,p95_latency,False,3.0
809,755,326,36,1117,"[755, 326, 36]",celu,model_5,Float8WeightOnlyConfig,float8,8.0,False,True,pt2_quantized_p95_latency,0.0007409464567899704,pt2,p95_latency,False,3.0
810,755,326,36,1117,"[755, 326, 36]",celu,model_5,Int8WeightOnlyConfig,int8,8.0,False,True,pt2_quantized_p99_latency,0.0010510186478495597,pt2,p99_latency,False,3.0
811,755,326,36,1117,"[755, 326, 36]",celu,model_5,Float8WeightOnlyConfig,float8,8.0,False,True,pt2_quantized_p99_latency,0.0009067336469888687,pt2,p99_latency,False,3.0
812,755,326,36,1117,"[755, 326, 36]",celu,model_5,Int8WeightOnlyConfig,int8,8.0,False,True,pt2_relative_model_size,0.34889524227338803,pt2,model_size,True,3.0
813,755,326,36,1117,"[755, 326, 36]",celu,model_5,Float8WeightOnlyConfig,float8,8.0,False,True,pt2_relative_model_size,0.3334765943050046,pt2,model_size,True,3.0
814,755,326,36,1117,"[755, 326, 36]",celu,model_5,Int8WeightOnlyConfig,int8,8.0,False,True,pt2_relative_median_latency,1.0496301371050967,pt2,median_latency,True,3.0
815,755,326,36,1117,"[755, 326, 36]",celu,model_5,Float8WeightOnlyConfig,float8,8.0,False,True,pt2_relative_median_latency,0.8446293999809215,pt2,median_latency,True,3.0
816,755,326,36,1117,"[755, 326, 36]",celu,model_5,Int8WeightOnlyConfig,int8,8.0,False,True,pt2_relative_p95_latency,1.0626411607068285,pt2,p95_latency,True,3.0
817,755,326,36,1117,"[755, 326, 36]",celu,model_5,Float8WeightOnlyConfig,float8,8.0,False,True,pt2_relative_p95_latency,0.8541144152417385,pt2,p95_latency,True,3.0
818,755,326,36,1117,"[755, 326, 36]",celu,model_5,Int8WeightOnlyConfig,int8,8.0,False,True,pt2_relative_p99_latency,1.0143183823980928,pt2,p99_latency,True,3.0
819,755,326,36,1117,"[755, 326, 36]",celu,model_5,Float8WeightOnlyConfig,float8,8.0,False,True,pt2_relative_p99_latency,0.8750716345152028,pt2,p99_latency,True,3.0
820,404,203,184,791,"[404, 203, 184]",celu,model_50,,,,,,,,,,,
821,128,286,32,446,"[128, 286, 32]",celu,model_51,,,,,,,,,,,
822,825,64,122,1011,"[825, 64, 122]",gelu,model_52,,,,,,,,,,,
823,715,255,209,1179,"[715, 255, 209]",celu,model_53,,,,,,,,,,,
824,178,85,110,373,"[178, 85, 110]",leaky_relu,model_54,,,,,,,,,,,
825,295,405,158,858,"[295, 405, 158]",gelu,model_55,,,,,,,,,,,
826,598,123,34,755,"[598, 123, 34]",celu,model_56,,,,,,,,,,,
827,635,320,144,1099,"[635, 320, 144]",celu,model_57,,,,,,,,,,,
828,265,64,48,377,"[265, 64, 48]",gelu,model_58,,,,,,,,,,,
829,158,337,223,718,"[158, 337, 223]",gelu,model_59,,,,,,,,,,,
830,145,64,163,372,"[145, 64, 163]",relu,model_6,Int8WeightOnlyConfig,int8,8.0,False,True,pytorch_quantized_MAE,8.03677849038412,pytorch,MAE,False,1.0
831,145,64,163,372,"[145, 64, 163]",relu,model_6,Float8WeightOnlyConfig,float8,8.0,False,True,pytorch_quantized_MAE,8.083364779166422,pytorch,MAE,False,1.0
832,145,64,163,372,"[145, 64, 163]",relu,model_6,Int8WeightOnlyConfig,int8,8.0,False,True,pytorch_relative_MAE,1.001185134456105,pytorch,MAE,True,1.0
833,145,64,163,372,"[145, 64, 163]",relu,model_6,Float8WeightOnlyConfig,float8,8.0,False,True,pytorch_relative_MAE,1.0069886414028404,pytorch,MAE,True,1.0
834,145,64,163,372,"[145, 64, 163]",relu,model_6,Int8WeightOnlyConfig,int8,8.0,False,True,pytorch_quantized_model_size,31993.0,pytorch,model_size,False,1.0
835,145,64,163,372,"[145, 64, 163]",relu,model_6,Float8WeightOnlyConfig,float8,8.0,False,True,pytorch_quantized_model_size,31993.0,pytorch,model_size,False,1.0
836,145,64,163,372,"[145, 64, 163]",relu,model_6,Int8WeightOnlyConfig,int8,8.0,False,True,pytorch_quantized_median_latency,0.0004153922200202942,pytorch,median_latency,False,1.0
837,145,64,163,372,"[145, 64, 163]",relu,model_6,Float8WeightOnlyConfig,float8,8.0,False,True,pytorch_quantized_median_latency,0.0004992242902517319,pytorch,median_latency,False,1.0
838,145,64,163,372,"[145, 64, 163]",relu,model_6,Int8WeightOnlyConfig,int8,8.0,False,True,pytorch_quantized_p95_latency,0.00042784586548805237,pytorch,p95_latency,False,1.0
839,145,64,163,372,"[145, 64, 163]",relu,model_6,Float8WeightOnlyConfig,float8,8.0,False,True,pytorch_quantized_p95_latency,0.0005104996263980866,pytorch,p95_latency,False,1.0
840,145,64,163,372,"[145, 64, 163]",relu,model_6,Int8WeightOnlyConfig,int8,8.0,False,True,pytorch_quantized_p99_latency,0.00043009813874959944,pytorch,p99_latency,False,1.0
841,145,64,163,372,"[145, 64, 163]",relu,model_6,Float8WeightOnlyConfig,float8,8.0,False,True,pytorch_quantized_p99_latency,0.0005584528297185882,pytorch,p99_latency,False,1.0
842,145,64,163,372,"[145, 64, 163]",relu,model_6,Int8WeightOnlyConfig,int8,8.0,False,True,pytorch_relative_model_size,0.25,pytorch,model_size,True,1.0
843,145,64,163,372,"[145, 64, 163]",relu,model_6,Float8WeightOnlyConfig,float8,8.0,False,True,pytorch_relative_model_size,0.25,pytorch,model_size,True,1.0
844,145,64,163,372,"[145, 64, 163]",relu,model_6,Int8WeightOnlyConfig,int8,8.0,False,True,pytorch_relative_median_latency,2.8386029224581235,pytorch,median_latency,True,1.0
845,145,64,163,372,"[145, 64, 163]",relu,model_6,Float8WeightOnlyConfig,float8,8.0,False,True,pytorch_relative_median_latency,3.4114734483987577,pytorch,median_latency,True,1.0
846,145,64,163,372,"[145, 64, 163]",relu,model_6,Int8WeightOnlyConfig,int8,8.0,False,True,pytorch_relative_p95_latency,2.7170912084714365,pytorch,p95_latency,True,1.0
847,145,64,163,372,"[145, 64, 163]",relu,model_6,Float8WeightOnlyConfig,float8,8.0,False,True,pytorch_relative_p95_latency,3.2419947432048475,pytorch,p95_latency,True,1.0
848,145,64,163,372,"[145, 64, 163]",relu,model_6,Int8WeightOnlyConfig,int8,8.0,False,True,pytorch_relative_p99_latency,2.688297572364648,pytorch,p99_latency,True,1.0
849,145,64,163,372,"[145, 64, 163]",relu,model_6,Float8WeightOnlyConfig,float8,8.0,False,True,pytorch_relative_p99_latency,3.4905693634882002,pytorch,p99_latency,True,1.0
850,145,64,163,372,"[145, 64, 163]",relu,model_6,Int8WeightOnlyConfig,int8,8.0,False,True,onnx_quantized_model_size,33124.0,onnx,model_size,False,1.0
851,145,64,163,372,"[145, 64, 163]",relu,model_6,Float8WeightOnlyConfig,float8,8.0,False,True,onnx_quantized_model_size,,onnx,model_size,False,1.0
852,145,64,163,372,"[145, 64, 163]",relu,model_6,Int8WeightOnlyConfig,int8,8.0,False,True,onnx_quantized_median_latency,0.00018634647130966187,onnx,median_latency,False,1.0
853,145,64,163,372,"[145, 64, 163]",relu,model_6,Float8WeightOnlyConfig,float8,8.0,False,True,onnx_quantized_median_latency,,onnx,median_latency,False,1.0
854,145,64,163,372,"[145, 64, 163]",relu,model_6,Int8WeightOnlyConfig,int8,8.0,False,True,onnx_quantized_p95_latency,0.00020624753087759018,onnx,p95_latency,False,1.0
855,145,64,163,372,"[145, 64, 163]",relu,model_6,Float8WeightOnlyConfig,float8,8.0,False,True,onnx_quantized_p95_latency,,onnx,p95_latency,False,1.0
856,145,64,163,372,"[145, 64, 163]",relu,model_6,Int8WeightOnlyConfig,int8,8.0,False,True,onnx_quantized_p99_latency,0.00021303921937942504,onnx,p99_latency,False,1.0
857,145,64,163,372,"[145, 64, 163]",relu,model_6,Float8WeightOnlyConfig,float8,8.0,False,True,onnx_quantized_p99_latency,,onnx,p99_latency,False,1.0
858,145,64,163,372,"[145, 64, 163]",relu,model_6,Int8WeightOnlyConfig,int8,8.0,False,True,onnx_relative_model_size,2.4215220410848746,onnx,model_size,True,1.0
859,145,64,163,372,"[145, 64, 163]",relu,model_6,Float8WeightOnlyConfig,float8,8.0,False,True,onnx_relative_model_size,,onnx,model_size,True,1.0
860,145,64,163,372,"[145, 64, 163]",relu,model_6,Int8WeightOnlyConfig,int8,8.0,False,True,onnx_relative_median_latency,1.3486290474778249,onnx,median_latency,True,1.0
861,145,64,163,372,"[145, 64, 163]",relu,model_6,Float8WeightOnlyConfig,float8,8.0,False,True,onnx_relative_median_latency,,onnx,median_latency,True,1.0
862,145,64,163,372,"[145, 64, 163]",relu,model_6,Int8WeightOnlyConfig,int8,8.0,False,True,onnx_relative_p95_latency,1.354497814029843,onnx,p95_latency,True,1.0
863,145,64,163,372,"[145, 64, 163]",relu,model_6,Float8WeightOnlyConfig,float8,8.0,False,True,onnx_relative_p95_latency,,onnx,p95_latency,True,1.0
864,145,64,163,372,"[145, 64, 163]",relu,model_6,Int8WeightOnlyConfig,int8,8.0,False,True,onnx_relative_p99_latency,1.359295633170958,onnx,p99_latency,True,1.0
865,145,64,163,372,"[145, 64, 163]",relu,model_6,Float8WeightOnlyConfig,float8,8.0,False,True,onnx_relative_p99_latency,,onnx,p99_latency,True,1.0
866,145,64,163,372,"[145, 64, 163]",relu,model_6,Int8WeightOnlyConfig,int8,8.0,False,True,pt2_quantized_model_size,175841.0,pt2,model_size,False,1.0
867,145,64,163,372,"[145, 64, 163]",relu,model_6,Float8WeightOnlyConfig,float8,8.0,False,True,pt2_quantized_model_size,155105.0,pt2,model_size,False,1.0
868,145,64,163,372,"[145, 64, 163]",relu,model_6,Int8WeightOnlyConfig,int8,8.0,False,True,pt2_quantized_median_latency,0.0008655693382024765,pt2,median_latency,False,1.0
869,145,64,163,372,"[145, 64, 163]",relu,model_6,Float8WeightOnlyConfig,float8,8.0,False,True,pt2_quantized_median_latency,0.0007114335894584656,pt2,median_latency,False,1.0
870,145,64,163,372,"[145, 64, 163]",relu,model_6,Int8WeightOnlyConfig,int8,8.0,False,True,pt2_quantized_p95_latency,0.0008813245221972466,pt2,p95_latency,False,1.0
871,145,64,163,372,"[145, 64, 163]",relu,model_6,Float8WeightOnlyConfig,float8,8.0,False,True,pt2_quantized_p95_latency,0.0007229369133710861,pt2,p95_latency,False,1.0
872,145,64,163,372,"[145, 64, 163]",relu,model_6,Int8WeightOnlyConfig,int8,8.0,False,True,pt2_quantized_p99_latency,0.00109247338026762,pt2,p99_latency,False,1.0
873,145,64,163,372,"[145, 64, 163]",relu,model_6,Float8WeightOnlyConfig,float8,8.0,False,True,pt2_quantized_p99_latency,0.0009086752310395241,pt2,p99_latency,False,1.0
874,145,64,163,372,"[145, 64, 163]",relu,model_6,Int8WeightOnlyConfig,int8,8.0,False,True,pt2_relative_model_size,0.9147665496163351,pt2,model_size,True,1.0
875,145,64,163,372,"[145, 64, 163]",relu,model_6,Float8WeightOnlyConfig,float8,8.0,False,True,pt2_relative_model_size,0.806892963974509,pt2,model_size,True,1.0
876,145,64,163,372,"[145, 64, 163]",relu,model_6,Int8WeightOnlyConfig,int8,8.0,False,True,pt2_relative_median_latency,2.101987551792144,pt2,median_latency,True,1.0
877,145,64,163,372,"[145, 64, 163]",relu,model_6,Float8WeightOnlyConfig,float8,8.0,False,True,pt2_relative_median_latency,1.7276773598219617,pt2,median_latency,True,1.0
878,145,64,163,372,"[145, 64, 163]",relu,model_6,Int8WeightOnlyConfig,int8,8.0,False,True,pt2_relative_p95_latency,1.4920145456104914,pt2,p95_latency,True,1.0
879,145,64,163,372,"[145, 64, 163]",relu,model_6,Float8WeightOnlyConfig,float8,8.0,False,True,pt2_relative_p95_latency,1.2238765212378906,pt2,p95_latency,True,1.0
880,145,64,163,372,"[145, 64, 163]",relu,model_6,Int8WeightOnlyConfig,int8,8.0,False,True,pt2_relative_p99_latency,1.7920428904423207,pt2,p99_latency,True,1.0
881,145,64,163,372,"[145, 64, 163]",relu,model_6,Float8WeightOnlyConfig,float8,8.0,False,True,pt2_relative_p99_latency,1.4905488929226922,pt2,p99_latency,True,1.0
882,145,64,163,372,"[145, 64, 163]",relu,model_6,Int8WeightOnlyConfig,int8,8.0,False,True,pytorch_quantized_MAE,7.896516073232312,pytorch,MAE,False,2.0
883,145,64,163,372,"[145, 64, 163]",relu,model_6,Float8WeightOnlyConfig,float8,8.0,False,True,pytorch_quantized_MAE,7.929198590742454,pytorch,MAE,False,2.0
884,145,64,163,372,"[145, 64, 163]",relu,model_6,Int8WeightOnlyConfig,int8,8.0,False,True,pytorch_relative_MAE,1.0011593353653667,pytorch,MAE,True,2.0
885,145,64,163,372,"[145, 64, 163]",relu,model_6,Float8WeightOnlyConfig,float8,8.0,False,True,pytorch_relative_MAE,1.0053029864647973,pytorch,MAE,True,2.0
886,145,64,163,372,"[145, 64, 163]",relu,model_6,Int8WeightOnlyConfig,int8,8.0,False,True,pytorch_quantized_model_size,31993.0,pytorch,model_size,False,2.0
887,145,64,163,372,"[145, 64, 163]",relu,model_6,Float8WeightOnlyConfig,float8,8.0,False,True,pytorch_quantized_model_size,31993.0,pytorch,model_size,False,2.0
888,145,64,163,372,"[145, 64, 163]",relu,model_6,Int8WeightOnlyConfig,int8,8.0,False,True,pytorch_quantized_median_latency,0.0004104822874069214,pytorch,median_latency,False,2.0
889,145,64,163,372,"[145, 64, 163]",relu,model_6,Float8WeightOnlyConfig,float8,8.0,False,True,pytorch_quantized_median_latency,0.0005079656839370728,pytorch,median_latency,False,2.0
890,145,64,163,372,"[145, 64, 163]",relu,model_6,Int8WeightOnlyConfig,int8,8.0,False,True,pytorch_quantized_p95_latency,0.0004234923049807549,pytorch,p95_latency,False,2.0
891,145,64,163,372,"[145, 64, 163]",relu,model_6,Float8WeightOnlyConfig,float8,8.0,False,True,pytorch_quantized_p95_latency,0.0005189018324017525,pytorch,p95_latency,False,2.0
892,145,64,163,372,"[145, 64, 163]",relu,model_6,Int8WeightOnlyConfig,int8,8.0,False,True,pytorch_quantized_p99_latency,0.0004292314499616623,pytorch,p99_latency,False,2.0
893,145,64,163,372,"[145, 64, 163]",relu,model_6,Float8WeightOnlyConfig,float8,8.0,False,True,pytorch_quantized_p99_latency,0.0005240977928042412,pytorch,p99_latency,False,2.0
894,145,64,163,372,"[145, 64, 163]",relu,model_6,Int8WeightOnlyConfig,int8,8.0,False,True,pytorch_relative_model_size,0.25,pytorch,model_size,True,2.0
895,145,64,163,372,"[145, 64, 163]",relu,model_6,Float8WeightOnlyConfig,float8,8.0,False,True,pytorch_relative_model_size,0.25,pytorch,model_size,True,2.0
896,145,64,163,372,"[145, 64, 163]",relu,model_6,Int8WeightOnlyConfig,int8,8.0,False,True,pytorch_relative_median_latency,2.750951828134167,pytorch,median_latency,True,2.0
897,145,64,163,372,"[145, 64, 163]",relu,model_6,Float8WeightOnlyConfig,float8,8.0,False,True,pytorch_relative_median_latency,3.404261693442684,pytorch,median_latency,True,2.0
898,145,64,163,372,"[145, 64, 163]",relu,model_6,Int8WeightOnlyConfig,int8,8.0,False,True,pytorch_relative_p95_latency,2.6525720045780528,pytorch,p95_latency,True,2.0
899,145,64,163,372,"[145, 64, 163]",relu,model_6,Float8WeightOnlyConfig,float8,8.0,False,True,pytorch_relative_p95_latency,3.2501758770225857,pytorch,p95_latency,True,2.0
900,145,64,163,372,"[145, 64, 163]",relu,model_6,Int8WeightOnlyConfig,int8,8.0,False,True,pytorch_relative_p99_latency,2.6386237131604466,pytorch,p99_latency,True,2.0
901,145,64,163,372,"[145, 64, 163]",relu,model_6,Float8WeightOnlyConfig,float8,8.0,False,True,pytorch_relative_p99_latency,3.221797620448915,pytorch,p99_latency,True,2.0
902,145,64,163,372,"[145, 64, 163]",relu,model_6,Int8WeightOnlyConfig,int8,8.0,False,True,onnx_quantized_model_size,33124.0,onnx,model_size,False,2.0
903,145,64,163,372,"[145, 64, 163]",relu,model_6,Float8WeightOnlyConfig,float8,8.0,False,True,onnx_quantized_model_size,,onnx,model_size,False,2.0
904,145,64,163,372,"[145, 64, 163]",relu,model_6,Int8WeightOnlyConfig,int8,8.0,False,True,onnx_quantized_median_latency,0.00017614662647247314,onnx,median_latency,False,2.0
905,145,64,163,372,"[145, 64, 163]",relu,model_6,Float8WeightOnlyConfig,float8,8.0,False,True,onnx_quantized_median_latency,,onnx,median_latency,False,2.0
906,145,64,163,372,"[145, 64, 163]",relu,model_6,Int8WeightOnlyConfig,int8,8.0,False,True,onnx_quantized_p95_latency,0.00019336026161909103,onnx,p95_latency,False,2.0
907,145,64,163,372,"[145, 64, 163]",relu,model_6,Float8WeightOnlyConfig,float8,8.0,False,True,onnx_quantized_p95_latency,,onnx,p95_latency,False,2.0
908,145,64,163,372,"[145, 64, 163]",relu,model_6,Int8WeightOnlyConfig,int8,8.0,False,True,onnx_quantized_p99_latency,0.00020177476108074188,onnx,p99_latency,False,2.0
909,145,64,163,372,"[145, 64, 163]",relu,model_6,Float8WeightOnlyConfig,float8,8.0,False,True,onnx_quantized_p99_latency,,onnx,p99_latency,False,2.0
910,145,64,163,372,"[145, 64, 163]",relu,model_6,Int8WeightOnlyConfig,int8,8.0,False,True,onnx_relative_model_size,2.4215220410848746,onnx,model_size,True,2.0
911,145,64,163,372,"[145, 64, 163]",relu,model_6,Float8WeightOnlyConfig,float8,8.0,False,True,onnx_relative_model_size,,onnx,model_size,True,2.0
912,145,64,163,372,"[145, 64, 163]",relu,model_6,Int8WeightOnlyConfig,int8,8.0,False,True,onnx_relative_median_latency,1.8185804119151554,onnx,median_latency,True,2.0
913,145,64,163,372,"[145, 64, 163]",relu,model_6,Float8WeightOnlyConfig,float8,8.0,False,True,onnx_relative_median_latency,,onnx,median_latency,True,2.0
914,145,64,163,372,"[145, 64, 163]",relu,model_6,Int8WeightOnlyConfig,int8,8.0,False,True,onnx_relative_p95_latency,1.8699293166556188,onnx,p95_latency,True,2.0
915,145,64,163,372,"[145, 64, 163]",relu,model_6,Float8WeightOnlyConfig,float8,8.0,False,True,onnx_relative_p95_latency,,onnx,p95_latency,True,2.0
916,145,64,163,372,"[145, 64, 163]",relu,model_6,Int8WeightOnlyConfig,int8,8.0,False,True,onnx_relative_p99_latency,1.5186678083977803,onnx,p99_latency,True,2.0
917,145,64,163,372,"[145, 64, 163]",relu,model_6,Float8WeightOnlyConfig,float8,8.0,False,True,onnx_relative_p99_latency,,onnx,p99_latency,True,2.0
918,145,64,163,372,"[145, 64, 163]",relu,model_6,Int8WeightOnlyConfig,int8,8.0,False,True,pt2_quantized_model_size,175841.0,pt2,model_size,False,2.0
919,145,64,163,372,"[145, 64, 163]",relu,model_6,Float8WeightOnlyConfig,float8,8.0,False,True,pt2_quantized_model_size,155105.0,pt2,model_size,False,2.0
920,145,64,163,372,"[145, 64, 163]",relu,model_6,Int8WeightOnlyConfig,int8,8.0,False,True,pt2_quantized_median_latency,0.0008699260652065277,pt2,median_latency,False,2.0
921,145,64,163,372,"[145, 64, 163]",relu,model_6,Float8WeightOnlyConfig,float8,8.0,False,True,pt2_quantized_median_latency,0.000717703253030777,pt2,median_latency,False,2.0
922,145,64,163,372,"[145, 64, 163]",relu,model_6,Int8WeightOnlyConfig,int8,8.0,False,True,pt2_quantized_p95_latency,0.0008812827989459037,pt2,p95_latency,False,2.0
923,145,64,163,372,"[145, 64, 163]",relu,model_6,Float8WeightOnlyConfig,float8,8.0,False,True,pt2_quantized_p95_latency,0.0007306497544050216,pt2,p95_latency,False,2.0
924,145,64,163,372,"[145, 64, 163]",relu,model_6,Int8WeightOnlyConfig,int8,8.0,False,True,pt2_quantized_p99_latency,0.0010571727901697158,pt2,p99_latency,False,2.0
925,145,64,163,372,"[145, 64, 163]",relu,model_6,Float8WeightOnlyConfig,float8,8.0,False,True,pt2_quantized_p99_latency,0.0009037778899073601,pt2,p99_latency,False,2.0
926,145,64,163,372,"[145, 64, 163]",relu,model_6,Int8WeightOnlyConfig,int8,8.0,False,True,pt2_relative_model_size,0.9147665496163351,pt2,model_size,True,2.0
927,145,64,163,372,"[145, 64, 163]",relu,model_6,Float8WeightOnlyConfig,float8,8.0,False,True,pt2_relative_model_size,0.806892963974509,pt2,model_size,True,2.0
928,145,64,163,372,"[145, 64, 163]",relu,model_6,Int8WeightOnlyConfig,int8,8.0,False,True,pt2_relative_median_latency,2.1557556762844627,pt2,median_latency,True,2.0
929,145,64,163,372,"[145, 64, 163]",relu,model_6,Float8WeightOnlyConfig,float8,8.0,False,True,pt2_relative_median_latency,1.7785337438321325,pt2,median_latency,True,2.0
930,145,64,163,372,"[145, 64, 163]",relu,model_6,Int8WeightOnlyConfig,int8,8.0,False,True,pt2_relative_p95_latency,2.0848089904077702,pt2,p95_latency,True,2.0
931,145,64,163,372,"[145, 64, 163]",relu,model_6,Float8WeightOnlyConfig,float8,8.0,False,True,pt2_relative_p95_latency,1.7284635291245731,pt2,p95_latency,True,2.0
932,145,64,163,372,"[145, 64, 163]",relu,model_6,Int8WeightOnlyConfig,int8,8.0,False,True,pt2_relative_p99_latency,1.769977771014001,pt2,p99_latency,True,2.0
933,145,64,163,372,"[145, 64, 163]",relu,model_6,Float8WeightOnlyConfig,float8,8.0,False,True,pt2_relative_p99_latency,1.5131554557066873,pt2,p99_latency,True,2.0
934,145,64,163,372,"[145, 64, 163]",relu,model_6,Int8WeightOnlyConfig,int8,8.0,False,True,pytorch_quantized_MAE,7.836367789238888,pytorch,MAE,False,3.0
935,145,64,163,372,"[145, 64, 163]",relu,model_6,Float8WeightOnlyConfig,float8,8.0,False,True,pytorch_quantized_MAE,7.8800144895336475,pytorch,MAE,False,3.0
936,145,64,163,372,"[145, 64, 163]",relu,model_6,Int8WeightOnlyConfig,int8,8.0,False,True,pytorch_relative_MAE,1.0012219440155279,pytorch,MAE,True,3.0
937,145,64,163,372,"[145, 64, 163]",relu,model_6,Float8WeightOnlyConfig,float8,8.0,False,True,pytorch_relative_MAE,1.0067985115394504,pytorch,MAE,True,3.0
938,145,64,163,372,"[145, 64, 163]",relu,model_6,Int8WeightOnlyConfig,int8,8.0,False,True,pytorch_quantized_model_size,31993.0,pytorch,model_size,False,3.0
939,145,64,163,372,"[145, 64, 163]",relu,model_6,Float8WeightOnlyConfig,float8,8.0,False,True,pytorch_quantized_model_size,31993.0,pytorch,model_size,False,3.0
940,145,64,163,372,"[145, 64, 163]",relu,model_6,Int8WeightOnlyConfig,int8,8.0,False,True,pytorch_quantized_median_latency,0.0004227980971336365,pytorch,median_latency,False,3.0
941,145,64,163,372,"[145, 64, 163]",relu,model_6,Float8WeightOnlyConfig,float8,8.0,False,True,pytorch_quantized_median_latency,0.0005644839257001877,pytorch,median_latency,False,3.0
942,145,64,163,372,"[145, 64, 163]",relu,model_6,Int8WeightOnlyConfig,int8,8.0,False,True,pytorch_quantized_p95_latency,0.0004713186994194984,pytorch,p95_latency,False,3.0
943,145,64,163,372,"[145, 64, 163]",relu,model_6,Float8WeightOnlyConfig,float8,8.0,False,True,pytorch_quantized_p95_latency,0.0005713040009140968,pytorch,p95_latency,False,3.0
944,145,64,163,372,"[145, 64, 163]",relu,model_6,Int8WeightOnlyConfig,int8,8.0,False,True,pytorch_quantized_p99_latency,0.0004755539074540138,pytorch,p99_latency,False,3.0
945,145,64,163,372,"[145, 64, 163]",relu,model_6,Float8WeightOnlyConfig,float8,8.0,False,True,pytorch_quantized_p99_latency,0.0005749989300966263,pytorch,p99_latency,False,3.0
946,145,64,163,372,"[145, 64, 163]",relu,model_6,Int8WeightOnlyConfig,int8,8.0,False,True,pytorch_relative_model_size,0.25,pytorch,model_size,True,3.0
947,145,64,163,372,"[145, 64, 163]",relu,model_6,Float8WeightOnlyConfig,float8,8.0,False,True,pytorch_relative_model_size,0.25,pytorch,model_size,True,3.0
948,145,64,163,372,"[145, 64, 163]",relu,model_6,Int8WeightOnlyConfig,int8,8.0,False,True,pytorch_relative_median_latency,2.9029568242275423,pytorch,median_latency,True,3.0
949,145,64,163,372,"[145, 64, 163]",relu,model_6,Float8WeightOnlyConfig,float8,8.0,False,True,pytorch_relative_median_latency,3.875780130959689,pytorch,median_latency,True,3.0
950,145,64,163,372,"[145, 64, 163]",relu,model_6,Int8WeightOnlyConfig,int8,8.0,False,True,pytorch_relative_p95_latency,2.992406557252974,pytorch,p95_latency,True,3.0
951,145,64,163,372,"[145, 64, 163]",relu,model_6,Float8WeightOnlyConfig,float8,8.0,False,True,pytorch_relative_p95_latency,3.627214113562237,pytorch,p95_latency,True,3.0
952,145,64,163,372,"[145, 64, 163]",relu,model_6,Int8WeightOnlyConfig,int8,8.0,False,True,pytorch_relative_p99_latency,2.964688868627124,pytorch,p99_latency,True,3.0
953,145,64,163,372,"[145, 64, 163]",relu,model_6,Float8WeightOnlyConfig,float8,8.0,False,True,pytorch_relative_p99_latency,3.5846470837689797,pytorch,p99_latency,True,3.0
954,145,64,163,372,"[145, 64, 163]",relu,model_6,Int8WeightOnlyConfig,int8,8.0,False,True,onnx_quantized_model_size,33124.0,onnx,model_size,False,3.0
955,145,64,163,372,"[145, 64, 163]",relu,model_6,Float8WeightOnlyConfig,float8,8.0,False,True,onnx_quantized_model_size,,onnx,model_size,False,3.0
956,145,64,163,372,"[145, 64, 163]",relu,model_6,Int8WeightOnlyConfig,int8,8.0,False,True,onnx_quantized_median_latency,0.00017276965081691742,onnx,median_latency,False,3.0
957,145,64,163,372,"[145, 64, 163]",relu,model_6,Float8WeightOnlyConfig,float8,8.0,False,True,onnx_quantized_median_latency,,onnx,median_latency,False,3.0
958,145,64,163,372,"[145, 64, 163]",relu,model_6,Int8WeightOnlyConfig,int8,8.0,False,True,onnx_quantized_p95_latency,0.0001849168911576271,onnx,p95_latency,False,3.0
959,145,64,163,372,"[145, 64, 163]",relu,model_6,Float8WeightOnlyConfig,float8,8.0,False,True,onnx_quantized_p95_latency,,onnx,p95_latency,False,3.0
960,145,64,163,372,"[145, 64, 163]",relu,model_6,Int8WeightOnlyConfig,int8,8.0,False,True,onnx_quantized_p99_latency,0.0001943046227097511,onnx,p99_latency,False,3.0
961,145,64,163,372,"[145, 64, 163]",relu,model_6,Float8WeightOnlyConfig,float8,8.0,False,True,onnx_quantized_p99_latency,,onnx,p99_latency,False,3.0
962,145,64,163,372,"[145, 64, 163]",relu,model_6,Int8WeightOnlyConfig,int8,8.0,False,True,onnx_relative_model_size,2.4215220410848746,onnx,model_size,True,3.0
963,145,64,163,372,"[145, 64, 163]",relu,model_6,Float8WeightOnlyConfig,float8,8.0,False,True,onnx_relative_model_size,,onnx,model_size,True,3.0
964,145,64,163,372,"[145, 64, 163]",relu,model_6,Int8WeightOnlyConfig,int8,8.0,False,True,onnx_relative_median_latency,1.2595393932810082,onnx,median_latency,True,3.0
965,145,64,163,372,"[145, 64, 163]",relu,model_6,Float8WeightOnlyConfig,float8,8.0,False,True,onnx_relative_median_latency,,onnx,median_latency,True,3.0
966,145,64,163,372,"[145, 64, 163]",relu,model_6,Int8WeightOnlyConfig,int8,8.0,False,True,onnx_relative_p95_latency,1.1722880142077627,onnx,p95_latency,True,3.0
967,145,64,163,372,"[145, 64, 163]",relu,model_6,Float8WeightOnlyConfig,float8,8.0,False,True,onnx_relative_p95_latency,,onnx,p95_latency,True,3.0
968,145,64,163,372,"[145, 64, 163]",relu,model_6,Int8WeightOnlyConfig,int8,8.0,False,True,onnx_relative_p99_latency,1.176059486796057,onnx,p99_latency,True,3.0
969,145,64,163,372,"[145, 64, 163]",relu,model_6,Float8WeightOnlyConfig,float8,8.0,False,True,onnx_relative_p99_latency,,onnx,p99_latency,True,3.0
970,145,64,163,372,"[145, 64, 163]",relu,model_6,Int8WeightOnlyConfig,int8,8.0,False,True,pt2_quantized_model_size,175841.0,pt2,model_size,False,3.0
971,145,64,163,372,"[145, 64, 163]",relu,model_6,Float8WeightOnlyConfig,float8,8.0,False,True,pt2_quantized_model_size,155105.0,pt2,model_size,False,3.0
972,145,64,163,372,"[145, 64, 163]",relu,model_6,Int8WeightOnlyConfig,int8,8.0,False,True,pt2_quantized_median_latency,0.0008615422993898392,pt2,median_latency,False,3.0
973,145,64,163,372,"[145, 64, 163]",relu,model_6,Float8WeightOnlyConfig,float8,8.0,False,True,pt2_quantized_median_latency,0.0007126480340957642,pt2,median_latency,False,3.0
974,145,64,163,372,"[145, 64, 163]",relu,model_6,Int8WeightOnlyConfig,int8,8.0,False,True,pt2_quantized_p95_latency,0.0008737374097108841,pt2,p95_latency,False,3.0
975,145,64,163,372,"[145, 64, 163]",relu,model_6,Float8WeightOnlyConfig,float8,8.0,False,True,pt2_quantized_p95_latency,0.0007235625758767127,pt2,p95_latency,False,3.0
976,145,64,163,372,"[145, 64, 163]",relu,model_6,Int8WeightOnlyConfig,int8,8.0,False,True,pt2_quantized_p99_latency,0.0010281711816787719,pt2,p99_latency,False,3.0
977,145,64,163,372,"[145, 64, 163]",relu,model_6,Float8WeightOnlyConfig,float8,8.0,False,True,pt2_quantized_p99_latency,0.000863424465060234,pt2,p99_latency,False,3.0
978,145,64,163,372,"[145, 64, 163]",relu,model_6,Int8WeightOnlyConfig,int8,8.0,False,True,pt2_relative_model_size,0.9147665496163351,pt2,model_size,True,3.0
979,145,64,163,372,"[145, 64, 163]",relu,model_6,Float8WeightOnlyConfig,float8,8.0,False,True,pt2_relative_model_size,0.806892963974509,pt2,model_size,True,3.0
980,145,64,163,372,"[145, 64, 163]",relu,model_6,Int8WeightOnlyConfig,int8,8.0,False,True,pt2_relative_median_latency,2.083415537207951,pt2,median_latency,True,3.0
981,145,64,163,372,"[145, 64, 163]",relu,model_6,Float8WeightOnlyConfig,float8,8.0,False,True,pt2_relative_median_latency,1.7233535577386503,pt2,median_latency,True,3.0
982,145,64,163,372,"[145, 64, 163]",relu,model_6,Int8WeightOnlyConfig,int8,8.0,False,True,pt2_relative_p95_latency,2.0265311280222402,pt2,p95_latency,True,3.0
983,145,64,163,372,"[145, 64, 163]",relu,model_6,Float8WeightOnlyConfig,float8,8.0,False,True,pt2_relative_p95_latency,1.6782182687717493,pt2,p95_latency,True,3.0
984,145,64,163,372,"[145, 64, 163]",relu,model_6,Int8WeightOnlyConfig,int8,8.0,False,True,pt2_relative_p99_latency,1.703077357963502,pt2,p99_latency,True,3.0
985,145,64,163,372,"[145, 64, 163]",relu,model_6,Float8WeightOnlyConfig,float8,8.0,False,True,pt2_relative_p99_latency,1.4301885551342464,pt2,p99_latency,True,3.0
986,742,171,95,1008,"[742, 171, 95]",gelu,model_60,,,,,,,,,,,
987,855,425,32,1312,"[855, 425, 32]",gelu,model_61,,,,,,,,,,,
988,128,146,136,410,"[128, 146, 136]",gelu,model_62,,,,,,,,,,,
989,379,232,72,683,"[379, 232, 72]",leaky_relu,model_63,,,,,,,,,,,
990,513,65,169,747,"[513, 65, 169]",relu,model_64,,,,,,,,,,,
991,279,359,101,739,"[279, 359, 101]",leaky_relu,model_7,Int8WeightOnlyConfig,int8,8.0,False,True,pytorch_quantized_MAE,8.341630783152826,pytorch,MAE,False,1.0
992,279,359,101,739,"[279, 359, 101]",leaky_relu,model_7,Float8WeightOnlyConfig,float8,8.0,False,True,pytorch_quantized_MAE,8.453903675527922,pytorch,MAE,False,1.0
993,279,359,101,739,"[279, 359, 101]",leaky_relu,model_7,Int8WeightOnlyConfig,int8,8.0,False,True,pytorch_relative_MAE,1.0015351300859747,pytorch,MAE,True,1.0
994,279,359,101,739,"[279, 359, 101]",leaky_relu,model_7,Float8WeightOnlyConfig,float8,8.0,False,True,pytorch_relative_MAE,1.0150151376280394,pytorch,MAE,True,1.0
995,279,359,101,739,"[279, 359, 101]",leaky_relu,model_7,Int8WeightOnlyConfig,int8,8.0,False,True,pytorch_quantized_model_size,159860.0,pytorch,model_size,False,1.0
996,279,359,101,739,"[279, 359, 101]",leaky_relu,model_7,Float8WeightOnlyConfig,float8,8.0,False,True,pytorch_quantized_model_size,159860.0,pytorch,model_size,False,1.0
997,279,359,101,739,"[279, 359, 101]",leaky_relu,model_7,Int8WeightOnlyConfig,int8,8.0,False,True,pytorch_quantized_median_latency,0.00043906085193157196,pytorch,median_latency,False,1.0
998,279,359,101,739,"[279, 359, 101]",leaky_relu,model_7,Float8WeightOnlyConfig,float8,8.0,False,True,pytorch_quantized_median_latency,0.0005346201360225677,pytorch,median_latency,False,1.0
999,279,359,101,739,"[279, 359, 101]",leaky_relu,model_7,Int8WeightOnlyConfig,int8,8.0,False,True,pytorch_quantized_p95_latency,0.00045232195407152176,pytorch,p95_latency,False,1.0
1000,279,359,101,739,"[279, 359, 101]",leaky_relu,model_7,Float8WeightOnlyConfig,float8,8.0,False,True,pytorch_quantized_p95_latency,0.0005456073209643364,pytorch,p95_latency,False,1.0
1001,279,359,101,739,"[279, 359, 101]",leaky_relu,model_7,Int8WeightOnlyConfig,int8,8.0,False,True,pytorch_quantized_p99_latency,0.0005021839588880538,pytorch,p99_latency,False,1.0
1002,279,359,101,739,"[279, 359, 101]",leaky_relu,model_7,Float8WeightOnlyConfig,float8,8.0,False,True,pytorch_quantized_p99_latency,0.0005743647366762161,pytorch,p99_latency,False,1.0
1003,279,359,101,739,"[279, 359, 101]",leaky_relu,model_7,Int8WeightOnlyConfig,int8,8.0,False,True,pytorch_relative_model_size,0.25,pytorch,model_size,True,1.0
1004,279,359,101,739,"[279, 359, 101]",leaky_relu,model_7,Float8WeightOnlyConfig,float8,8.0,False,True,pytorch_relative_model_size,0.25,pytorch,model_size,True,1.0
1005,279,359,101,739,"[279, 359, 101]",leaky_relu,model_7,Int8WeightOnlyConfig,int8,8.0,False,True,pytorch_relative_median_latency,2.426590487955528,pytorch,median_latency,True,1.0
1006,279,359,101,739,"[279, 359, 101]",leaky_relu,model_7,Float8WeightOnlyConfig,float8,8.0,False,True,pytorch_relative_median_latency,2.9547251389746756,pytorch,median_latency,True,1.0
1007,279,359,101,739,"[279, 359, 101]",leaky_relu,model_7,Int8WeightOnlyConfig,int8,8.0,False,True,pytorch_relative_p95_latency,2.3397843847043984,pytorch,p95_latency,True,1.0
1008,279,359,101,739,"[279, 359, 101]",leaky_relu,model_7,Float8WeightOnlyConfig,float8,8.0,False,True,pytorch_relative_p95_latency,2.8223336901549043,pytorch,p95_latency,True,1.0
1009,279,359,101,739,"[279, 359, 101]",leaky_relu,model_7,Int8WeightOnlyConfig,int8,8.0,False,True,pytorch_relative_p99_latency,2.559486948141161,pytorch,p99_latency,True,1.0
1010,279,359,101,739,"[279, 359, 101]",leaky_relu,model_7,Float8WeightOnlyConfig,float8,8.0,False,True,pytorch_relative_p99_latency,2.9273715756480736,pytorch,p99_latency,True,1.0
1011,279,359,101,739,"[279, 359, 101]",leaky_relu,model_7,Int8WeightOnlyConfig,int8,8.0,False,True,onnx_quantized_model_size,33096.0,onnx,model_size,False,1.0
1012,279,359,101,739,"[279, 359, 101]",leaky_relu,model_7,Float8WeightOnlyConfig,float8,8.0,False,True,onnx_quantized_model_size,,onnx,model_size,False,1.0
1013,279,359,101,739,"[279, 359, 101]",leaky_relu,model_7,Int8WeightOnlyConfig,int8,8.0,False,True,onnx_quantized_median_latency,0.0003549717366695404,onnx,median_latency,False,1.0
1014,279,359,101,739,"[279, 359, 101]",leaky_relu,model_7,Float8WeightOnlyConfig,float8,8.0,False,True,onnx_quantized_median_latency,,onnx,median_latency,False,1.0
1015,279,359,101,739,"[279, 359, 101]",leaky_relu,model_7,Int8WeightOnlyConfig,int8,8.0,False,True,onnx_quantized_p95_latency,0.0004914546385407447,onnx,p95_latency,False,1.0
1016,279,359,101,739,"[279, 359, 101]",leaky_relu,model_7,Float8WeightOnlyConfig,float8,8.0,False,True,onnx_quantized_p95_latency,,onnx,p95_latency,False,1.0
1017,279,359,101,739,"[279, 359, 101]",leaky_relu,model_7,Int8WeightOnlyConfig,int8,8.0,False,True,onnx_quantized_p99_latency,0.0005009714141488075,onnx,p99_latency,False,1.0
1018,279,359,101,739,"[279, 359, 101]",leaky_relu,model_7,Float8WeightOnlyConfig,float8,8.0,False,True,onnx_quantized_p99_latency,,onnx,p99_latency,False,1.0
1019,279,359,101,739,"[279, 359, 101]",leaky_relu,model_7,Int8WeightOnlyConfig,int8,8.0,False,True,onnx_relative_model_size,2.391156708330323,onnx,model_size,True,1.0
1020,279,359,101,739,"[279, 359, 101]",leaky_relu,model_7,Float8WeightOnlyConfig,float8,8.0,False,True,onnx_relative_model_size,,onnx,model_size,True,1.0
1021,279,359,101,739,"[279, 359, 101]",leaky_relu,model_7,Int8WeightOnlyConfig,int8,8.0,False,True,onnx_relative_median_latency,1.275211616313694,onnx,median_latency,True,1.0
1022,279,359,101,739,"[279, 359, 101]",leaky_relu,model_7,Float8WeightOnlyConfig,float8,8.0,False,True,onnx_relative_median_latency,,onnx,median_latency,True,1.0
1023,279,359,101,739,"[279, 359, 101]",leaky_relu,model_7,Int8WeightOnlyConfig,int8,8.0,False,True,onnx_relative_p95_latency,1.6954493960009276,onnx,p95_latency,True,1.0
1024,279,359,101,739,"[279, 359, 101]",leaky_relu,model_7,Float8WeightOnlyConfig,float8,8.0,False,True,onnx_relative_p95_latency,,onnx,p95_latency,True,1.0
1025,279,359,101,739,"[279, 359, 101]",leaky_relu,model_7,Int8WeightOnlyConfig,int8,8.0,False,True,onnx_relative_p99_latency,1.686997591033723,onnx,p99_latency,True,1.0
1026,279,359,101,739,"[279, 359, 101]",leaky_relu,model_7,Float8WeightOnlyConfig,float8,8.0,False,True,onnx_relative_p99_latency,,onnx,p99_latency,True,1.0
1027,279,359,101,739,"[279, 359, 101]",leaky_relu,model_7,Int8WeightOnlyConfig,int8,8.0,False,True,pt2_quantized_model_size,306465.0,pt2,model_size,False,1.0
1028,279,359,101,739,"[279, 359, 101]",leaky_relu,model_7,Float8WeightOnlyConfig,float8,8.0,False,True,pt2_quantized_model_size,285729.0,pt2,model_size,False,1.0
1029,279,359,101,739,"[279, 359, 101]",leaky_relu,model_7,Int8WeightOnlyConfig,int8,8.0,False,True,pt2_quantized_median_latency,0.0009058583527803421,pt2,median_latency,False,1.0
1030,279,359,101,739,"[279, 359, 101]",leaky_relu,model_7,Float8WeightOnlyConfig,float8,8.0,False,True,pt2_quantized_median_latency,0.0007311217486858368,pt2,median_latency,False,1.0
1031,279,359,101,739,"[279, 359, 101]",leaky_relu,model_7,Int8WeightOnlyConfig,int8,8.0,False,True,pt2_quantized_p95_latency,0.0009204007685184479,pt2,p95_latency,False,1.0
1032,279,359,101,739,"[279, 359, 101]",leaky_relu,model_7,Float8WeightOnlyConfig,float8,8.0,False,True,pt2_quantized_p95_latency,0.0007421998307108879,pt2,p95_latency,False,1.0
1033,279,359,101,739,"[279, 359, 101]",leaky_relu,model_7,Int8WeightOnlyConfig,int8,8.0,False,True,pt2_quantized_p99_latency,0.0010843795165419578,pt2,p99_latency,False,1.0
1034,279,359,101,739,"[279, 359, 101]",leaky_relu,model_7,Float8WeightOnlyConfig,float8,8.0,False,True,pt2_quantized_p99_latency,0.0008670965582132339,pt2,p99_latency,False,1.0
1035,279,359,101,739,"[279, 359, 101]",leaky_relu,model_7,Int8WeightOnlyConfig,int8,8.0,False,True,pt2_relative_model_size,0.43545753839639545,pt2,model_size,True,1.0
1036,279,359,101,739,"[279, 359, 101]",leaky_relu,model_7,Float8WeightOnlyConfig,float8,8.0,False,True,pt2_relative_model_size,0.40599365992352693,pt2,model_size,True,1.0
1037,279,359,101,739,"[279, 359, 101]",leaky_relu,model_7,Int8WeightOnlyConfig,int8,8.0,False,True,pt2_relative_median_latency,1.4933459025253022,pt2,median_latency,True,1.0
1038,279,359,101,739,"[279, 359, 101]",leaky_relu,model_7,Float8WeightOnlyConfig,float8,8.0,False,True,pt2_relative_median_latency,1.2052852019259113,pt2,median_latency,True,1.0
1039,279,359,101,739,"[279, 359, 101]",leaky_relu,model_7,Int8WeightOnlyConfig,int8,8.0,False,True,pt2_relative_p95_latency,1.486764826234938,pt2,p95_latency,True,1.0
1040,279,359,101,739,"[279, 359, 101]",leaky_relu,model_7,Float8WeightOnlyConfig,float8,8.0,False,True,pt2_relative_p95_latency,1.1989088232887066,pt2,p95_latency,True,1.0
1041,279,359,101,739,"[279, 359, 101]",leaky_relu,model_7,Int8WeightOnlyConfig,int8,8.0,False,True,pt2_relative_p99_latency,1.3446416968490438,pt2,p99_latency,True,1.0
1042,279,359,101,739,"[279, 359, 101]",leaky_relu,model_7,Float8WeightOnlyConfig,float8,8.0,False,True,pt2_relative_p99_latency,1.0752086050886736,pt2,p99_latency,True,1.0
1043,279,359,101,739,"[279, 359, 101]",leaky_relu,model_7,Int8WeightOnlyConfig,int8,8.0,False,True,pytorch_quantized_MAE,8.413573931660837,pytorch,MAE,False,2.0
1044,279,359,101,739,"[279, 359, 101]",leaky_relu,model_7,Float8WeightOnlyConfig,float8,8.0,False,True,pytorch_quantized_MAE,8.523690052337503,pytorch,MAE,False,2.0
1045,279,359,101,739,"[279, 359, 101]",leaky_relu,model_7,Int8WeightOnlyConfig,int8,8.0,False,True,pytorch_relative_MAE,1.0015660044130974,pytorch,MAE,True,2.0
1046,279,359,101,739,"[279, 359, 101]",leaky_relu,model_7,Float8WeightOnlyConfig,float8,8.0,False,True,pytorch_relative_MAE,1.014674412790253,pytorch,MAE,True,2.0
1047,279,359,101,739,"[279, 359, 101]",leaky_relu,model_7,Int8WeightOnlyConfig,int8,8.0,False,True,pytorch_quantized_model_size,159860.0,pytorch,model_size,False,2.0
1048,279,359,101,739,"[279, 359, 101]",leaky_relu,model_7,Float8WeightOnlyConfig,float8,8.0,False,True,pytorch_quantized_model_size,159860.0,pytorch,model_size,False,2.0
1049,279,359,101,739,"[279, 359, 101]",leaky_relu,model_7,Int8WeightOnlyConfig,int8,8.0,False,True,pytorch_quantized_median_latency,0.0004346407949924469,pytorch,median_latency,False,2.0
1050,279,359,101,739,"[279, 359, 101]",leaky_relu,model_7,Float8WeightOnlyConfig,float8,8.0,False,True,pytorch_quantized_median_latency,0.0005249623209238052,pytorch,median_latency,False,2.0
1051,279,359,101,739,"[279, 359, 101]",leaky_relu,model_7,Int8WeightOnlyConfig,int8,8.0,False,True,pytorch_quantized_p95_latency,0.00044650435447692873,pytorch,p95_latency,False,2.0
1052,279,359,101,739,"[279, 359, 101]",leaky_relu,model_7,Float8WeightOnlyConfig,float8,8.0,False,True,pytorch_quantized_p95_latency,0.0005326986312866211,pytorch,p95_latency,False,2.0
1053,279,359,101,739,"[279, 359, 101]",leaky_relu,model_7,Int8WeightOnlyConfig,int8,8.0,False,True,pytorch_quantized_p99_latency,0.00046653479337692254,pytorch,p99_latency,False,2.0
1054,279,359,101,739,"[279, 359, 101]",leaky_relu,model_7,Float8WeightOnlyConfig,float8,8.0,False,True,pytorch_quantized_p99_latency,0.000539889931678772,pytorch,p99_latency,False,2.0
1055,279,359,101,739,"[279, 359, 101]",leaky_relu,model_7,Int8WeightOnlyConfig,int8,8.0,False,True,pytorch_relative_model_size,0.25,pytorch,model_size,True,2.0
1056,279,359,101,739,"[279, 359, 101]",leaky_relu,model_7,Float8WeightOnlyConfig,float8,8.0,False,True,pytorch_relative_model_size,0.25,pytorch,model_size,True,2.0
1057,279,359,101,739,"[279, 359, 101]",leaky_relu,model_7,Int8WeightOnlyConfig,int8,8.0,False,True,pytorch_relative_median_latency,2.414465311190439,pytorch,median_latency,True,2.0
1058,279,359,101,739,"[279, 359, 101]",leaky_relu,model_7,Float8WeightOnlyConfig,float8,8.0,False,True,pytorch_relative_median_latency,2.916208805421905,pytorch,median_latency,True,2.0
1059,279,359,101,739,"[279, 359, 101]",leaky_relu,model_7,Int8WeightOnlyConfig,int8,8.0,False,True,pytorch_relative_p95_latency,2.3075609462614013,pytorch,p95_latency,True,2.0
1060,279,359,101,739,"[279, 359, 101]",leaky_relu,model_7,Float8WeightOnlyConfig,float8,8.0,False,True,pytorch_relative_p95_latency,2.7530180733039735,pytorch,p95_latency,True,2.0
1061,279,359,101,739,"[279, 359, 101]",leaky_relu,model_7,Int8WeightOnlyConfig,int8,8.0,False,True,pytorch_relative_p99_latency,2.359680174251709,pytorch,p99_latency,True,2.0
1062,279,359,101,739,"[279, 359, 101]",leaky_relu,model_7,Float8WeightOnlyConfig,float8,8.0,False,True,pytorch_relative_p99_latency,2.730702160152169,pytorch,p99_latency,True,2.0
1063,279,359,101,739,"[279, 359, 101]",leaky_relu,model_7,Int8WeightOnlyConfig,int8,8.0,False,True,onnx_quantized_model_size,33096.0,onnx,model_size,False,2.0
1064,279,359,101,739,"[279, 359, 101]",leaky_relu,model_7,Float8WeightOnlyConfig,float8,8.0,False,True,onnx_quantized_model_size,,onnx,model_size,False,2.0
1065,279,359,101,739,"[279, 359, 101]",leaky_relu,model_7,Int8WeightOnlyConfig,int8,8.0,False,True,onnx_quantized_median_latency,0.00036496110260486603,onnx,median_latency,False,2.0
1066,279,359,101,739,"[279, 359, 101]",leaky_relu,model_7,Float8WeightOnlyConfig,float8,8.0,False,True,onnx_quantized_median_latency,,onnx,median_latency,False,2.0
1067,279,359,101,739,"[279, 359, 101]",leaky_relu,model_7,Int8WeightOnlyConfig,int8,8.0,False,True,onnx_quantized_p95_latency,0.00038233064115047457,onnx,p95_latency,False,2.0
1068,279,359,101,739,"[279, 359, 101]",leaky_relu,model_7,Float8WeightOnlyConfig,float8,8.0,False,True,onnx_quantized_p95_latency,,onnx,p95_latency,False,2.0
1069,279,359,101,739,"[279, 359, 101]",leaky_relu,model_7,Int8WeightOnlyConfig,int8,8.0,False,True,onnx_quantized_p99_latency,0.0004085824266076088,onnx,p99_latency,False,2.0
1070,279,359,101,739,"[279, 359, 101]",leaky_relu,model_7,Float8WeightOnlyConfig,float8,8.0,False,True,onnx_quantized_p99_latency,,onnx,p99_latency,False,2.0
1071,279,359,101,739,"[279, 359, 101]",leaky_relu,model_7,Int8WeightOnlyConfig,int8,8.0,False,True,onnx_relative_model_size,2.391156708330323,onnx,model_size,True,2.0
1072,279,359,101,739,"[279, 359, 101]",leaky_relu,model_7,Float8WeightOnlyConfig,float8,8.0,False,True,onnx_relative_model_size,,onnx,model_size,True,2.0
1073,279,359,101,739,"[279, 359, 101]",leaky_relu,model_7,Int8WeightOnlyConfig,int8,8.0,False,True,onnx_relative_median_latency,1.3197165738302272,onnx,median_latency,True,2.0
1074,279,359,101,739,"[279, 359, 101]",leaky_relu,model_7,Float8WeightOnlyConfig,float8,8.0,False,True,onnx_relative_median_latency,,onnx,median_latency,True,2.0
1075,279,359,101,739,"[279, 359, 101]",leaky_relu,model_7,Int8WeightOnlyConfig,int8,8.0,False,True,onnx_relative_p95_latency,0.892519241832032,onnx,p95_latency,True,2.0
1076,279,359,101,739,"[279, 359, 101]",leaky_relu,model_7,Float8WeightOnlyConfig,float8,8.0,False,True,onnx_relative_p95_latency,,onnx,p95_latency,True,2.0
1077,279,359,101,739,"[279, 359, 101]",leaky_relu,model_7,Int8WeightOnlyConfig,int8,8.0,False,True,onnx_relative_p99_latency,0.9489005859792375,onnx,p99_latency,True,2.0
1078,279,359,101,739,"[279, 359, 101]",leaky_relu,model_7,Float8WeightOnlyConfig,float8,8.0,False,True,onnx_relative_p99_latency,,onnx,p99_latency,True,2.0
1079,279,359,101,739,"[279, 359, 101]",leaky_relu,model_7,Int8WeightOnlyConfig,int8,8.0,False,True,pt2_quantized_model_size,306465.0,pt2,model_size,False,2.0
1080,279,359,101,739,"[279, 359, 101]",leaky_relu,model_7,Float8WeightOnlyConfig,float8,8.0,False,True,pt2_quantized_model_size,285729.0,pt2,model_size,False,2.0
1081,279,359,101,739,"[279, 359, 101]",leaky_relu,model_7,Int8WeightOnlyConfig,int8,8.0,False,True,pt2_quantized_median_latency,0.000881807878613472,pt2,median_latency,False,2.0
1082,279,359,101,739,"[279, 359, 101]",leaky_relu,model_7,Float8WeightOnlyConfig,float8,8.0,False,True,pt2_quantized_median_latency,0.0007126312702894211,pt2,median_latency,False,2.0
1083,279,359,101,739,"[279, 359, 101]",leaky_relu,model_7,Int8WeightOnlyConfig,int8,8.0,False,True,pt2_quantized_p95_latency,0.0008960489183664321,pt2,p95_latency,False,2.0
1084,279,359,101,739,"[279, 359, 101]",leaky_relu,model_7,Float8WeightOnlyConfig,float8,8.0,False,True,pt2_quantized_p95_latency,0.0007307227700948715,pt2,p95_latency,False,2.0
1085,279,359,101,739,"[279, 359, 101]",leaky_relu,model_7,Int8WeightOnlyConfig,int8,8.0,False,True,pt2_quantized_p99_latency,0.001022159792482853,pt2,p99_latency,False,2.0
1086,279,359,101,739,"[279, 359, 101]",leaky_relu,model_7,Float8WeightOnlyConfig,float8,8.0,False,True,pt2_quantized_p99_latency,0.0008888897672295567,pt2,p99_latency,False,2.0
1087,279,359,101,739,"[279, 359, 101]",leaky_relu,model_7,Int8WeightOnlyConfig,int8,8.0,False,True,pt2_relative_model_size,0.43545753839639545,pt2,model_size,True,2.0
1088,279,359,101,739,"[279, 359, 101]",leaky_relu,model_7,Float8WeightOnlyConfig,float8,8.0,False,True,pt2_relative_model_size,0.40599365992352693,pt2,model_size,True,2.0
1089,279,359,101,739,"[279, 359, 101]",leaky_relu,model_7,Int8WeightOnlyConfig,int8,8.0,False,True,pt2_relative_median_latency,1.4310107699794756,pt2,median_latency,True,2.0
1090,279,359,101,739,"[279, 359, 101]",leaky_relu,model_7,Float8WeightOnlyConfig,float8,8.0,False,True,pt2_relative_median_latency,1.1564684865503723,pt2,median_latency,True,2.0
1091,279,359,101,739,"[279, 359, 101]",leaky_relu,model_7,Int8WeightOnlyConfig,int8,8.0,False,True,pt2_relative_p95_latency,1.3718498256608618,pt2,p95_latency,True,2.0
1092,279,359,101,739,"[279, 359, 101]",leaky_relu,model_7,Float8WeightOnlyConfig,float8,8.0,False,True,pt2_relative_p95_latency,1.1187356897752883,pt2,p95_latency,True,2.0
1093,279,359,101,739,"[279, 359, 101]",leaky_relu,model_7,Int8WeightOnlyConfig,int8,8.0,False,True,pt2_relative_p99_latency,1.3408385432734318,pt2,p99_latency,True,2.0
1094,279,359,101,739,"[279, 359, 101]",leaky_relu,model_7,Float8WeightOnlyConfig,float8,8.0,False,True,pt2_relative_p99_latency,1.1660189232523863,pt2,p99_latency,True,2.0
1095,279,359,101,739,"[279, 359, 101]",leaky_relu,model_7,Int8WeightOnlyConfig,int8,8.0,False,True,pytorch_quantized_MAE,8.353604604697743,pytorch,MAE,False,3.0
1096,279,359,101,739,"[279, 359, 101]",leaky_relu,model_7,Float8WeightOnlyConfig,float8,8.0,False,True,pytorch_quantized_MAE,8.461706425262193,pytorch,MAE,False,3.0
1097,279,359,101,739,"[279, 359, 101]",leaky_relu,model_7,Int8WeightOnlyConfig,int8,8.0,False,True,pytorch_relative_MAE,1.001131396874224,pytorch,MAE,True,3.0
1098,279,359,101,739,"[279, 359, 101]",leaky_relu,model_7,Float8WeightOnlyConfig,float8,8.0,False,True,pytorch_relative_MAE,1.0140867774252107,pytorch,MAE,True,3.0
1099,279,359,101,739,"[279, 359, 101]",leaky_relu,model_7,Int8WeightOnlyConfig,int8,8.0,False,True,pytorch_quantized_model_size,159860.0,pytorch,model_size,False,3.0
1100,279,359,101,739,"[279, 359, 101]",leaky_relu,model_7,Float8WeightOnlyConfig,float8,8.0,False,True,pytorch_quantized_model_size,159860.0,pytorch,model_size,False,3.0
1101,279,359,101,739,"[279, 359, 101]",leaky_relu,model_7,Int8WeightOnlyConfig,int8,8.0,False,True,pytorch_quantized_median_latency,0.0004934594035148621,pytorch,median_latency,False,3.0
1102,279,359,101,739,"[279, 359, 101]",leaky_relu,model_7,Float8WeightOnlyConfig,float8,8.0,False,True,pytorch_quantized_median_latency,0.0005402024835348129,pytorch,median_latency,False,3.0
1103,279,359,101,739,"[279, 359, 101]",leaky_relu,model_7,Int8WeightOnlyConfig,int8,8.0,False,True,pytorch_quantized_p95_latency,0.0005016552284359932,pytorch,p95_latency,False,3.0
1104,279,359,101,739,"[279, 359, 101]",leaky_relu,model_7,Float8WeightOnlyConfig,float8,8.0,False,True,pytorch_quantized_p95_latency,0.0006092388182878494,pytorch,p95_latency,False,3.0
1105,279,359,101,739,"[279, 359, 101]",leaky_relu,model_7,Int8WeightOnlyConfig,int8,8.0,False,True,pytorch_quantized_p99_latency,0.0005055922642350196,pytorch,p99_latency,False,3.0
1106,279,359,101,739,"[279, 359, 101]",leaky_relu,model_7,Float8WeightOnlyConfig,float8,8.0,False,True,pytorch_quantized_p99_latency,0.0006282860785722732,pytorch,p99_latency,False,3.0
1107,279,359,101,739,"[279, 359, 101]",leaky_relu,model_7,Int8WeightOnlyConfig,int8,8.0,False,True,pytorch_relative_model_size,0.25,pytorch,model_size,True,3.0
1108,279,359,101,739,"[279, 359, 101]",leaky_relu,model_7,Float8WeightOnlyConfig,float8,8.0,False,True,pytorch_relative_model_size,0.25,pytorch,model_size,True,3.0
1109,279,359,101,739,"[279, 359, 101]",leaky_relu,model_7,Int8WeightOnlyConfig,int8,8.0,False,True,pytorch_relative_median_latency,2.9839832398459145,pytorch,median_latency,True,3.0
1110,279,359,101,739,"[279, 359, 101]",leaky_relu,model_7,Float8WeightOnlyConfig,float8,8.0,False,True,pytorch_relative_median_latency,3.26664188686896,pytorch,median_latency,True,3.0
1111,279,359,101,739,"[279, 359, 101]",leaky_relu,model_7,Int8WeightOnlyConfig,int8,8.0,False,True,pytorch_relative_p95_latency,2.8304736862018083,pytorch,p95_latency,True,3.0
1112,279,359,101,739,"[279, 359, 101]",leaky_relu,model_7,Float8WeightOnlyConfig,float8,8.0,False,True,pytorch_relative_p95_latency,3.4374892277166116,pytorch,p95_latency,True,3.0
1113,279,359,101,739,"[279, 359, 101]",leaky_relu,model_7,Int8WeightOnlyConfig,int8,8.0,False,True,pytorch_relative_p99_latency,2.8016202547323656,pytorch,p99_latency,True,3.0
1114,279,359,101,739,"[279, 359, 101]",leaky_relu,model_7,Float8WeightOnlyConfig,float8,8.0,False,True,pytorch_relative_p99_latency,3.4814990813946283,pytorch,p99_latency,True,3.0
1115,279,359,101,739,"[279, 359, 101]",leaky_relu,model_7,Int8WeightOnlyConfig,int8,8.0,False,True,onnx_quantized_model_size,33096.0,onnx,model_size,False,3.0
1116,279,359,101,739,"[279, 359, 101]",leaky_relu,model_7,Float8WeightOnlyConfig,float8,8.0,False,True,onnx_quantized_model_size,,onnx,model_size,False,3.0
1117,279,359,101,739,"[279, 359, 101]",leaky_relu,model_7,Int8WeightOnlyConfig,int8,8.0,False,True,onnx_quantized_median_latency,0.00042500533163547516,onnx,median_latency,False,3.0
1118,279,359,101,739,"[279, 359, 101]",leaky_relu,model_7,Float8WeightOnlyConfig,float8,8.0,False,True,onnx_quantized_median_latency,,onnx,median_latency,False,3.0
1119,279,359,101,739,"[279, 359, 101]",leaky_relu,model_7,Int8WeightOnlyConfig,int8,8.0,False,True,onnx_quantized_p95_latency,0.000501570850610733,onnx,p95_latency,False,3.0
1120,279,359,101,739,"[279, 359, 101]",leaky_relu,model_7,Float8WeightOnlyConfig,float8,8.0,False,True,onnx_quantized_p95_latency,,onnx,p95_latency,False,3.0
1121,279,359,101,739,"[279, 359, 101]",leaky_relu,model_7,Int8WeightOnlyConfig,int8,8.0,False,True,onnx_quantized_p99_latency,0.0005350526794791221,onnx,p99_latency,False,3.0
1122,279,359,101,739,"[279, 359, 101]",leaky_relu,model_7,Float8WeightOnlyConfig,float8,8.0,False,True,onnx_quantized_p99_latency,,onnx,p99_latency,False,3.0
1123,279,359,101,739,"[279, 359, 101]",leaky_relu,model_7,Int8WeightOnlyConfig,int8,8.0,False,True,onnx_relative_model_size,2.391156708330323,onnx,model_size,True,3.0
1124,279,359,101,739,"[279, 359, 101]",leaky_relu,model_7,Float8WeightOnlyConfig,float8,8.0,False,True,onnx_relative_model_size,,onnx,model_size,True,3.0
1125,279,359,101,739,"[279, 359, 101]",leaky_relu,model_7,Int8WeightOnlyConfig,int8,8.0,False,True,onnx_relative_median_latency,1.4948636643561892,onnx,median_latency,True,3.0
1126,279,359,101,739,"[279, 359, 101]",leaky_relu,model_7,Float8WeightOnlyConfig,float8,8.0,False,True,onnx_relative_median_latency,,onnx,median_latency,True,3.0
1127,279,359,101,739,"[279, 359, 101]",leaky_relu,model_7,Int8WeightOnlyConfig,int8,8.0,False,True,onnx_relative_p95_latency,1.6713473870805164,onnx,p95_latency,True,3.0
1128,279,359,101,739,"[279, 359, 101]",leaky_relu,model_7,Float8WeightOnlyConfig,float8,8.0,False,True,onnx_relative_p95_latency,,onnx,p95_latency,True,3.0
1129,279,359,101,739,"[279, 359, 101]",leaky_relu,model_7,Int8WeightOnlyConfig,int8,8.0,False,True,onnx_relative_p99_latency,1.7208693302756524,onnx,p99_latency,True,3.0
1130,279,359,101,739,"[279, 359, 101]",leaky_relu,model_7,Float8WeightOnlyConfig,float8,8.0,False,True,onnx_relative_p99_latency,,onnx,p99_latency,True,3.0
1131,279,359,101,739,"[279, 359, 101]",leaky_relu,model_7,Int8WeightOnlyConfig,int8,8.0,False,True,pt2_quantized_model_size,306465.0,pt2,model_size,False,3.0
1132,279,359,101,739,"[279, 359, 101]",leaky_relu,model_7,Float8WeightOnlyConfig,float8,8.0,False,True,pt2_quantized_model_size,285729.0,pt2,model_size,False,3.0
1133,279,359,101,739,"[279, 359, 101]",leaky_relu,model_7,Int8WeightOnlyConfig,int8,8.0,False,True,pt2_quantized_median_latency,0.0009127035737037659,pt2,median_latency,False,3.0
1134,279,359,101,739,"[279, 359, 101]",leaky_relu,model_7,Float8WeightOnlyConfig,float8,8.0,False,True,pt2_quantized_median_latency,0.0007250569760799408,pt2,median_latency,False,3.0
1135,279,359,101,739,"[279, 359, 101]",leaky_relu,model_7,Int8WeightOnlyConfig,int8,8.0,False,True,pt2_quantized_p95_latency,0.0009588576853275299,pt2,p95_latency,False,3.0
1136,279,359,101,739,"[279, 359, 101]",leaky_relu,model_7,Float8WeightOnlyConfig,float8,8.0,False,True,pt2_quantized_p95_latency,0.0007393497973680497,pt2,p95_latency,False,3.0
1137,279,359,101,739,"[279, 359, 101]",leaky_relu,model_7,Int8WeightOnlyConfig,int8,8.0,False,True,pt2_quantized_p99_latency,0.0010806972533464433,pt2,p99_latency,False,3.0
1138,279,359,101,739,"[279, 359, 101]",leaky_relu,model_7,Float8WeightOnlyConfig,float8,8.0,False,True,pt2_quantized_p99_latency,0.0008611229807138443,pt2,p99_latency,False,3.0
1139,279,359,101,739,"[279, 359, 101]",leaky_relu,model_7,Int8WeightOnlyConfig,int8,8.0,False,True,pt2_relative_model_size,0.43545753839639545,pt2,model_size,True,3.0
1140,279,359,101,739,"[279, 359, 101]",leaky_relu,model_7,Float8WeightOnlyConfig,float8,8.0,False,True,pt2_relative_model_size,0.40599365992352693,pt2,model_size,True,3.0
1141,279,359,101,739,"[279, 359, 101]",leaky_relu,model_7,Int8WeightOnlyConfig,int8,8.0,False,True,pt2_relative_median_latency,1.4360396109243623,pt2,median_latency,True,3.0
1142,279,359,101,739,"[279, 359, 101]",leaky_relu,model_7,Float8WeightOnlyConfig,float8,8.0,False,True,pt2_relative_median_latency,1.1407981384389498,pt2,median_latency,True,3.0
1143,279,359,101,739,"[279, 359, 101]",leaky_relu,model_7,Int8WeightOnlyConfig,int8,8.0,False,True,pt2_relative_p95_latency,1.4301202613529311,pt2,p95_latency,True,3.0
1144,279,359,101,739,"[279, 359, 101]",leaky_relu,model_7,Float8WeightOnlyConfig,float8,8.0,False,True,pt2_relative_p95_latency,1.1027279038620372,pt2,p95_latency,True,3.0
1145,279,359,101,739,"[279, 359, 101]",leaky_relu,model_7,Int8WeightOnlyConfig,int8,8.0,False,True,pt2_relative_p99_latency,1.2873153201094438,pt2,p99_latency,True,3.0
1146,279,359,101,739,"[279, 359, 101]",leaky_relu,model_7,Float8WeightOnlyConfig,float8,8.0,False,True,pt2_relative_p99_latency,1.0257607319150583,pt2,p99_latency,True,3.0
1147,621,191,196,1008,"[621, 191, 196]",gelu,model_8,Int8WeightOnlyConfig,int8,8.0,False,True,pytorch_quantized_MAE,8.311030318797588,pytorch,MAE,False,1.0
1148,621,191,196,1008,"[621, 191, 196]",gelu,model_8,Float8WeightOnlyConfig,float8,8.0,False,True,pytorch_quantized_MAE,8.302286347239397,pytorch,MAE,False,1.0
1149,621,191,196,1008,"[621, 191, 196]",gelu,model_8,Int8WeightOnlyConfig,int8,8.0,False,True,pytorch_relative_MAE,1.0007056549776225,pytorch,MAE,True,1.0
1150,621,191,196,1008,"[621, 191, 196]",gelu,model_8,Float8WeightOnlyConfig,float8,8.0,False,True,pytorch_relative_MAE,0.9996528201966622,pytorch,MAE,True,1.0
1151,621,191,196,1008,"[621, 191, 196]",gelu,model_8,Int8WeightOnlyConfig,int8,8.0,False,True,pytorch_quantized_model_size,207553.0,pytorch,model_size,False,1.0
1152,621,191,196,1008,"[621, 191, 196]",gelu,model_8,Float8WeightOnlyConfig,float8,8.0,False,True,pytorch_quantized_model_size,207553.0,pytorch,model_size,False,1.0
1153,621,191,196,1008,"[621, 191, 196]",gelu,model_8,Int8WeightOnlyConfig,int8,8.0,False,True,pytorch_quantized_median_latency,0.00042852945625782013,pytorch,median_latency,False,1.0
1154,621,191,196,1008,"[621, 191, 196]",gelu,model_8,Float8WeightOnlyConfig,float8,8.0,False,True,pytorch_quantized_median_latency,0.0005857553333044052,pytorch,median_latency,False,1.0
1155,621,191,196,1008,"[621, 191, 196]",gelu,model_8,Int8WeightOnlyConfig,int8,8.0,False,True,pytorch_quantized_p95_latency,0.0004402449354529381,pytorch,p95_latency,False,1.0
1156,621,191,196,1008,"[621, 191, 196]",gelu,model_8,Float8WeightOnlyConfig,float8,8.0,False,True,pytorch_quantized_p95_latency,0.0005920467898249626,pytorch,p95_latency,False,1.0
1157,621,191,196,1008,"[621, 191, 196]",gelu,model_8,Int8WeightOnlyConfig,int8,8.0,False,True,pytorch_quantized_p99_latency,0.00044239785522222515,pytorch,p99_latency,False,1.0
1158,621,191,196,1008,"[621, 191, 196]",gelu,model_8,Float8WeightOnlyConfig,float8,8.0,False,True,pytorch_quantized_p99_latency,0.0005967859923839569,pytorch,p99_latency,False,1.0
1159,621,191,196,1008,"[621, 191, 196]",gelu,model_8,Int8WeightOnlyConfig,int8,8.0,False,True,pytorch_relative_model_size,0.25,pytorch,model_size,True,1.0
1160,621,191,196,1008,"[621, 191, 196]",gelu,model_8,Float8WeightOnlyConfig,float8,8.0,False,True,pytorch_relative_model_size,0.25,pytorch,model_size,True,1.0
1161,621,191,196,1008,"[621, 191, 196]",gelu,model_8,Int8WeightOnlyConfig,int8,8.0,False,True,pytorch_relative_median_latency,2.4008619790036105,pytorch,median_latency,True,1.0
1162,621,191,196,1008,"[621, 191, 196]",gelu,model_8,Float8WeightOnlyConfig,float8,8.0,False,True,pytorch_relative_median_latency,3.2817293845094233,pytorch,median_latency,True,1.0
1163,621,191,196,1008,"[621, 191, 196]",gelu,model_8,Int8WeightOnlyConfig,int8,8.0,False,True,pytorch_relative_p95_latency,2.317784659679292,pytorch,p95_latency,True,1.0
1164,621,191,196,1008,"[621, 191, 196]",gelu,model_8,Float8WeightOnlyConfig,float8,8.0,False,True,pytorch_relative_p95_latency,3.1169852433551952,pytorch,p95_latency,True,1.0
1165,621,191,196,1008,"[621, 191, 196]",gelu,model_8,Int8WeightOnlyConfig,int8,8.0,False,True,pytorch_relative_p99_latency,2.2828025612388676,pytorch,p99_latency,True,1.0
1166,621,191,196,1008,"[621, 191, 196]",gelu,model_8,Float8WeightOnlyConfig,float8,8.0,False,True,pytorch_relative_p99_latency,3.079455688683761,pytorch,p99_latency,True,1.0
1167,621,191,196,1008,"[621, 191, 196]",gelu,model_8,Int8WeightOnlyConfig,int8,8.0,False,True,onnx_quantized_model_size,47766.0,onnx,model_size,False,1.0
1168,621,191,196,1008,"[621, 191, 196]",gelu,model_8,Float8WeightOnlyConfig,float8,8.0,False,True,onnx_quantized_model_size,,onnx,model_size,False,1.0
1169,621,191,196,1008,"[621, 191, 196]",gelu,model_8,Int8WeightOnlyConfig,int8,8.0,False,True,onnx_quantized_median_latency,0.000719824805855751,onnx,median_latency,False,1.0
1170,621,191,196,1008,"[621, 191, 196]",gelu,model_8,Float8WeightOnlyConfig,float8,8.0,False,True,onnx_quantized_median_latency,,onnx,median_latency,False,1.0
1171,621,191,196,1008,"[621, 191, 196]",gelu,model_8,Int8WeightOnlyConfig,int8,8.0,False,True,onnx_quantized_p95_latency,0.0007328689098358154,onnx,p95_latency,False,1.0
1172,621,191,196,1008,"[621, 191, 196]",gelu,model_8,Float8WeightOnlyConfig,float8,8.0,False,True,onnx_quantized_p95_latency,,onnx,p95_latency,False,1.0
1173,621,191,196,1008,"[621, 191, 196]",gelu,model_8,Int8WeightOnlyConfig,int8,8.0,False,True,onnx_quantized_p99_latency,0.0008165072277188301,onnx,p99_latency,False,1.0
1174,621,191,196,1008,"[621, 191, 196]",gelu,model_8,Float8WeightOnlyConfig,float8,8.0,False,True,onnx_quantized_p99_latency,,onnx,p99_latency,False,1.0
1175,621,191,196,1008,"[621, 191, 196]",gelu,model_8,Int8WeightOnlyConfig,int8,8.0,False,True,onnx_relative_model_size,1.676529430346425,onnx,model_size,True,1.0
1176,621,191,196,1008,"[621, 191, 196]",gelu,model_8,Float8WeightOnlyConfig,float8,8.0,False,True,onnx_relative_model_size,,onnx,model_size,True,1.0
1177,621,191,196,1008,"[621, 191, 196]",gelu,model_8,Int8WeightOnlyConfig,int8,8.0,False,True,onnx_relative_median_latency,1.1511341465230924,onnx,median_latency,True,1.0
1178,621,191,196,1008,"[621, 191, 196]",gelu,model_8,Float8WeightOnlyConfig,float8,8.0,False,True,onnx_relative_median_latency,,onnx,median_latency,True,1.0
1179,621,191,196,1008,"[621, 191, 196]",gelu,model_8,Int8WeightOnlyConfig,int8,8.0,False,True,onnx_relative_p95_latency,1.1501527959584927,onnx,p95_latency,True,1.0
1180,621,191,196,1008,"[621, 191, 196]",gelu,model_8,Float8WeightOnlyConfig,float8,8.0,False,True,onnx_relative_p95_latency,,onnx,p95_latency,True,1.0
1181,621,191,196,1008,"[621, 191, 196]",gelu,model_8,Int8WeightOnlyConfig,int8,8.0,False,True,onnx_relative_p99_latency,1.160841911585568,onnx,p99_latency,True,1.0
1182,621,191,196,1008,"[621, 191, 196]",gelu,model_8,Float8WeightOnlyConfig,float8,8.0,False,True,onnx_relative_p99_latency,,onnx,p99_latency,True,1.0
1183,621,191,196,1008,"[621, 191, 196]",gelu,model_8,Int8WeightOnlyConfig,int8,8.0,False,True,pt2_quantized_model_size,355937.0,pt2,model_size,False,1.0
1184,621,191,196,1008,"[621, 191, 196]",gelu,model_8,Float8WeightOnlyConfig,float8,8.0,False,True,pt2_quantized_model_size,335137.0,pt2,model_size,False,1.0
1185,621,191,196,1008,"[621, 191, 196]",gelu,model_8,Int8WeightOnlyConfig,int8,8.0,False,True,pt2_quantized_median_latency,0.0008992217481136322,pt2,median_latency,False,1.0
1186,621,191,196,1008,"[621, 191, 196]",gelu,model_8,Float8WeightOnlyConfig,float8,8.0,False,True,pt2_quantized_median_latency,0.0007225312292575836,pt2,median_latency,False,1.0
1187,621,191,196,1008,"[621, 191, 196]",gelu,model_8,Int8WeightOnlyConfig,int8,8.0,False,True,pt2_quantized_p95_latency,0.0009188108146190643,pt2,p95_latency,False,1.0
1188,621,191,196,1008,"[621, 191, 196]",gelu,model_8,Float8WeightOnlyConfig,float8,8.0,False,True,pt2_quantized_p95_latency,0.000734570249915123,pt2,p95_latency,False,1.0
1189,621,191,196,1008,"[621, 191, 196]",gelu,model_8,Int8WeightOnlyConfig,int8,8.0,False,True,pt2_quantized_p99_latency,0.0011731554567813872,pt2,p99_latency,False,1.0
1190,621,191,196,1008,"[621, 191, 196]",gelu,model_8,Float8WeightOnlyConfig,float8,8.0,False,True,pt2_quantized_p99_latency,0.0008657971769571304,pt2,p99_latency,False,1.0
1191,621,191,196,1008,"[621, 191, 196]",gelu,model_8,Int8WeightOnlyConfig,int8,8.0,False,True,pt2_relative_model_size,0.39789013829129594,pt2,model_size,True,1.0
1192,621,191,196,1008,"[621, 191, 196]",gelu,model_8,Float8WeightOnlyConfig,float8,8.0,False,True,pt2_relative_model_size,0.37463850983890423,pt2,model_size,True,1.0
1193,621,191,196,1008,"[621, 191, 196]",gelu,model_8,Int8WeightOnlyConfig,int8,8.0,False,True,pt2_relative_median_latency,0.9947292942446695,pt2,median_latency,True,1.0
1194,621,191,196,1008,"[621, 191, 196]",gelu,model_8,Float8WeightOnlyConfig,float8,8.0,False,True,pt2_relative_median_latency,0.7992722387518442,pt2,median_latency,True,1.0
1195,621,191,196,1008,"[621, 191, 196]",gelu,model_8,Int8WeightOnlyConfig,int8,8.0,False,True,pt2_relative_p95_latency,0.997582502120417,pt2,p95_latency,True,1.0
1196,621,191,196,1008,"[621, 191, 196]",gelu,model_8,Float8WeightOnlyConfig,float8,8.0,False,True,pt2_relative_p95_latency,0.797546585471311,pt2,p95_latency,True,1.0
1197,621,191,196,1008,"[621, 191, 196]",gelu,model_8,Int8WeightOnlyConfig,int8,8.0,False,True,pt2_relative_p99_latency,1.0823445356703691,pt2,p99_latency,True,1.0
1198,621,191,196,1008,"[621, 191, 196]",gelu,model_8,Float8WeightOnlyConfig,float8,8.0,False,True,pt2_relative_p99_latency,0.7987780630960359,pt2,p99_latency,True,1.0
1199,621,191,196,1008,"[621, 191, 196]",gelu,model_8,Int8WeightOnlyConfig,int8,8.0,False,True,pytorch_quantized_MAE,8.132839342836826,pytorch,MAE,False,2.0
1200,621,191,196,1008,"[621, 191, 196]",gelu,model_8,Float8WeightOnlyConfig,float8,8.0,False,True,pytorch_quantized_MAE,8.126616656499882,pytorch,MAE,False,2.0
1201,621,191,196,1008,"[621, 191, 196]",gelu,model_8,Int8WeightOnlyConfig,int8,8.0,False,True,pytorch_relative_MAE,1.0009649465313337,pytorch,MAE,True,2.0
1202,621,191,196,1008,"[621, 191, 196]",gelu,model_8,Float8WeightOnlyConfig,float8,8.0,False,True,pytorch_relative_MAE,1.0001990773638791,pytorch,MAE,True,2.0
1203,621,191,196,1008,"[621, 191, 196]",gelu,model_8,Int8WeightOnlyConfig,int8,8.0,False,True,pytorch_quantized_model_size,207553.0,pytorch,model_size,False,2.0
1204,621,191,196,1008,"[621, 191, 196]",gelu,model_8,Float8WeightOnlyConfig,float8,8.0,False,True,pytorch_quantized_model_size,207553.0,pytorch,model_size,False,2.0
1205,621,191,196,1008,"[621, 191, 196]",gelu,model_8,Int8WeightOnlyConfig,int8,8.0,False,True,pytorch_quantized_median_latency,0.00042907893657684326,pytorch,median_latency,False,2.0
1206,621,191,196,1008,"[621, 191, 196]",gelu,model_8,Float8WeightOnlyConfig,float8,8.0,False,True,pytorch_quantized_median_latency,0.0005229506641626358,pytorch,median_latency,False,2.0
1207,621,191,196,1008,"[621, 191, 196]",gelu,model_8,Int8WeightOnlyConfig,int8,8.0,False,True,pytorch_quantized_p95_latency,0.00044093430042266844,pytorch,p95_latency,False,2.0
1208,621,191,196,1008,"[621, 191, 196]",gelu,model_8,Float8WeightOnlyConfig,float8,8.0,False,True,pytorch_quantized_p95_latency,0.0005318339914083481,pytorch,p95_latency,False,2.0
1209,621,191,196,1008,"[621, 191, 196]",gelu,model_8,Int8WeightOnlyConfig,int8,8.0,False,True,pytorch_quantized_p99_latency,0.00044849168509244916,pytorch,p99_latency,False,2.0
1210,621,191,196,1008,"[621, 191, 196]",gelu,model_8,Float8WeightOnlyConfig,float8,8.0,False,True,pytorch_quantized_p99_latency,0.0005375367775559425,pytorch,p99_latency,False,2.0
1211,621,191,196,1008,"[621, 191, 196]",gelu,model_8,Int8WeightOnlyConfig,int8,8.0,False,True,pytorch_relative_model_size,0.25,pytorch,model_size,True,2.0
1212,621,191,196,1008,"[621, 191, 196]",gelu,model_8,Float8WeightOnlyConfig,float8,8.0,False,True,pytorch_relative_model_size,0.25,pytorch,model_size,True,2.0
1213,621,191,196,1008,"[621, 191, 196]",gelu,model_8,Int8WeightOnlyConfig,int8,8.0,False,True,pytorch_relative_median_latency,2.464270432178006,pytorch,median_latency,True,2.0
1214,621,191,196,1008,"[621, 191, 196]",gelu,model_8,Float8WeightOnlyConfig,float8,8.0,False,True,pytorch_relative_median_latency,3.0033910997004707,pytorch,median_latency,True,2.0
1215,621,191,196,1008,"[621, 191, 196]",gelu,model_8,Int8WeightOnlyConfig,int8,8.0,False,True,pytorch_relative_p95_latency,2.3672266949597454,pytorch,p95_latency,True,2.0
1216,621,191,196,1008,"[621, 191, 196]",gelu,model_8,Float8WeightOnlyConfig,float8,8.0,False,True,pytorch_relative_p95_latency,2.8552363028732746,pytorch,p95_latency,True,2.0
1217,621,191,196,1008,"[621, 191, 196]",gelu,model_8,Int8WeightOnlyConfig,int8,8.0,False,True,pytorch_relative_p99_latency,2.383661087944809,pytorch,p99_latency,True,2.0
1218,621,191,196,1008,"[621, 191, 196]",gelu,model_8,Float8WeightOnlyConfig,float8,8.0,False,True,pytorch_relative_p99_latency,2.856921415912593,pytorch,p99_latency,True,2.0
1219,621,191,196,1008,"[621, 191, 196]",gelu,model_8,Int8WeightOnlyConfig,int8,8.0,False,True,onnx_quantized_model_size,47766.0,onnx,model_size,False,2.0
1220,621,191,196,1008,"[621, 191, 196]",gelu,model_8,Float8WeightOnlyConfig,float8,8.0,False,True,onnx_quantized_model_size,,onnx,model_size,False,2.0
1221,621,191,196,1008,"[621, 191, 196]",gelu,model_8,Int8WeightOnlyConfig,int8,8.0,False,True,onnx_quantized_median_latency,0.0007214751094579697,onnx,median_latency,False,2.0
1222,621,191,196,1008,"[621, 191, 196]",gelu,model_8,Float8WeightOnlyConfig,float8,8.0,False,True,onnx_quantized_median_latency,,onnx,median_latency,False,2.0
1223,621,191,196,1008,"[621, 191, 196]",gelu,model_8,Int8WeightOnlyConfig,int8,8.0,False,True,onnx_quantized_p95_latency,0.0007503708824515342,onnx,p95_latency,False,2.0
1224,621,191,196,1008,"[621, 191, 196]",gelu,model_8,Float8WeightOnlyConfig,float8,8.0,False,True,onnx_quantized_p95_latency,,onnx,p95_latency,False,2.0
1225,621,191,196,1008,"[621, 191, 196]",gelu,model_8,Int8WeightOnlyConfig,int8,8.0,False,True,onnx_quantized_p99_latency,0.0007556859403848648,onnx,p99_latency,False,2.0
1226,621,191,196,1008,"[621, 191, 196]",gelu,model_8,Float8WeightOnlyConfig,float8,8.0,False,True,onnx_quantized_p99_latency,,onnx,p99_latency,False,2.0
1227,621,191,196,1008,"[621, 191, 196]",gelu,model_8,Int8WeightOnlyConfig,int8,8.0,False,True,onnx_relative_model_size,1.676529430346425,onnx,model_size,True,2.0
1228,621,191,196,1008,"[621, 191, 196]",gelu,model_8,Float8WeightOnlyConfig,float8,8.0,False,True,onnx_relative_model_size,,onnx,model_size,True,2.0
1229,621,191,196,1008,"[621, 191, 196]",gelu,model_8,Int8WeightOnlyConfig,int8,8.0,False,True,onnx_relative_median_latency,1.1497389378823544,onnx,median_latency,True,2.0
1230,621,191,196,1008,"[621, 191, 196]",gelu,model_8,Float8WeightOnlyConfig,float8,8.0,False,True,onnx_relative_median_latency,,onnx,median_latency,True,2.0
1231,621,191,196,1008,"[621, 191, 196]",gelu,model_8,Int8WeightOnlyConfig,int8,8.0,False,True,onnx_relative_p95_latency,1.1357319501831369,onnx,p95_latency,True,2.0
1232,621,191,196,1008,"[621, 191, 196]",gelu,model_8,Float8WeightOnlyConfig,float8,8.0,False,True,onnx_relative_p95_latency,,onnx,p95_latency,True,2.0
1233,621,191,196,1008,"[621, 191, 196]",gelu,model_8,Int8WeightOnlyConfig,int8,8.0,False,True,onnx_relative_p99_latency,1.1201937142596496,onnx,p99_latency,True,2.0
1234,621,191,196,1008,"[621, 191, 196]",gelu,model_8,Float8WeightOnlyConfig,float8,8.0,False,True,onnx_relative_p99_latency,,onnx,p99_latency,True,2.0
1235,621,191,196,1008,"[621, 191, 196]",gelu,model_8,Int8WeightOnlyConfig,int8,8.0,False,True,pt2_quantized_model_size,355937.0,pt2,model_size,False,2.0
1236,621,191,196,1008,"[621, 191, 196]",gelu,model_8,Float8WeightOnlyConfig,float8,8.0,False,True,pt2_quantized_model_size,335137.0,pt2,model_size,False,2.0
1237,621,191,196,1008,"[621, 191, 196]",gelu,model_8,Int8WeightOnlyConfig,int8,8.0,False,True,pt2_quantized_median_latency,0.0008922107517719269,pt2,median_latency,False,2.0
1238,621,191,196,1008,"[621, 191, 196]",gelu,model_8,Float8WeightOnlyConfig,float8,8.0,False,True,pt2_quantized_median_latency,0.0007257275283336639,pt2,median_latency,False,2.0
1239,621,191,196,1008,"[621, 191, 196]",gelu,model_8,Int8WeightOnlyConfig,int8,8.0,False,True,pt2_quantized_p95_latency,0.0009014911949634552,pt2,p95_latency,False,2.0
1240,621,191,196,1008,"[621, 191, 196]",gelu,model_8,Float8WeightOnlyConfig,float8,8.0,False,True,pt2_quantized_p95_latency,0.0007412740960717201,pt2,p95_latency,False,2.0
1241,621,191,196,1008,"[621, 191, 196]",gelu,model_8,Int8WeightOnlyConfig,int8,8.0,False,True,pt2_quantized_p99_latency,0.0010192970559000968,pt2,p99_latency,False,2.0
1242,621,191,196,1008,"[621, 191, 196]",gelu,model_8,Float8WeightOnlyConfig,float8,8.0,False,True,pt2_quantized_p99_latency,0.0008568105101585388,pt2,p99_latency,False,2.0
1243,621,191,196,1008,"[621, 191, 196]",gelu,model_8,Int8WeightOnlyConfig,int8,8.0,False,True,pt2_relative_model_size,0.39789013829129594,pt2,model_size,True,2.0
1244,621,191,196,1008,"[621, 191, 196]",gelu,model_8,Float8WeightOnlyConfig,float8,8.0,False,True,pt2_relative_model_size,0.37463850983890423,pt2,model_size,True,2.0
1245,621,191,196,1008,"[621, 191, 196]",gelu,model_8,Int8WeightOnlyConfig,int8,8.0,False,True,pt2_relative_median_latency,0.9701522464297939,pt2,median_latency,True,2.0
1246,621,191,196,1008,"[621, 191, 196]",gelu,model_8,Float8WeightOnlyConfig,float8,8.0,False,True,pt2_relative_median_latency,0.7891254286171439,pt2,median_latency,True,2.0
1247,621,191,196,1008,"[621, 191, 196]",gelu,model_8,Int8WeightOnlyConfig,int8,8.0,False,True,pt2_relative_p95_latency,0.9619326724801869,pt2,p95_latency,True,2.0
1248,621,191,196,1008,"[621, 191, 196]",gelu,model_8,Float8WeightOnlyConfig,float8,8.0,False,True,pt2_relative_p95_latency,0.7909736404064496,pt2,p95_latency,True,2.0
1249,621,191,196,1008,"[621, 191, 196]",gelu,model_8,Int8WeightOnlyConfig,int8,8.0,False,True,pt2_relative_p99_latency,0.9531800133354049,pt2,p99_latency,True,2.0
1250,621,191,196,1008,"[621, 191, 196]",gelu,model_8,Float8WeightOnlyConfig,float8,8.0,False,True,pt2_relative_p99_latency,0.8012332114288742,pt2,p99_latency,True,2.0
1251,621,191,196,1008,"[621, 191, 196]",gelu,model_8,Int8WeightOnlyConfig,int8,8.0,False,True,pytorch_quantized_MAE,8.260443586060603,pytorch,MAE,False,3.0
1252,621,191,196,1008,"[621, 191, 196]",gelu,model_8,Float8WeightOnlyConfig,float8,8.0,False,True,pytorch_quantized_MAE,8.25165594824058,pytorch,MAE,False,3.0
1253,621,191,196,1008,"[621, 191, 196]",gelu,model_8,Int8WeightOnlyConfig,int8,8.0,False,True,pytorch_relative_MAE,1.0010743291443602,pytorch,MAE,True,3.0
1254,621,191,196,1008,"[621, 191, 196]",gelu,model_8,Float8WeightOnlyConfig,float8,8.0,False,True,pytorch_relative_MAE,1.0000093647094856,pytorch,MAE,True,3.0
1255,621,191,196,1008,"[621, 191, 196]",gelu,model_8,Int8WeightOnlyConfig,int8,8.0,False,True,pytorch_quantized_model_size,207553.0,pytorch,model_size,False,3.0
1256,621,191,196,1008,"[621, 191, 196]",gelu,model_8,Float8WeightOnlyConfig,float8,8.0,False,True,pytorch_quantized_model_size,207553.0,pytorch,model_size,False,3.0
1257,621,191,196,1008,"[621, 191, 196]",gelu,model_8,Int8WeightOnlyConfig,int8,8.0,False,True,pytorch_quantized_median_latency,0.0004756525158882141,pytorch,median_latency,False,3.0
1258,621,191,196,1008,"[621, 191, 196]",gelu,model_8,Float8WeightOnlyConfig,float8,8.0,False,True,pytorch_quantized_median_latency,0.0005213674157857895,pytorch,median_latency,False,3.0
1259,621,191,196,1008,"[621, 191, 196]",gelu,model_8,Int8WeightOnlyConfig,int8,8.0,False,True,pytorch_quantized_p95_latency,0.00048583857715129853,pytorch,p95_latency,False,3.0
1260,621,191,196,1008,"[621, 191, 196]",gelu,model_8,Float8WeightOnlyConfig,float8,8.0,False,True,pytorch_quantized_p95_latency,0.0005285661667585373,pytorch,p95_latency,False,3.0
1261,621,191,196,1008,"[621, 191, 196]",gelu,model_8,Int8WeightOnlyConfig,int8,8.0,False,True,pytorch_quantized_p99_latency,0.0004917699471116066,pytorch,p99_latency,False,3.0
1262,621,191,196,1008,"[621, 191, 196]",gelu,model_8,Float8WeightOnlyConfig,float8,8.0,False,True,pytorch_quantized_p99_latency,0.0005357841774821281,pytorch,p99_latency,False,3.0
1263,621,191,196,1008,"[621, 191, 196]",gelu,model_8,Int8WeightOnlyConfig,int8,8.0,False,True,pytorch_relative_model_size,0.25,pytorch,model_size,True,3.0
1264,621,191,196,1008,"[621, 191, 196]",gelu,model_8,Float8WeightOnlyConfig,float8,8.0,False,True,pytorch_relative_model_size,0.25,pytorch,model_size,True,3.0
1265,621,191,196,1008,"[621, 191, 196]",gelu,model_8,Int8WeightOnlyConfig,int8,8.0,False,True,pytorch_relative_median_latency,2.730260555323903,pytorch,median_latency,True,3.0
1266,621,191,196,1008,"[621, 191, 196]",gelu,model_8,Float8WeightOnlyConfig,float8,8.0,False,True,pytorch_relative_median_latency,2.9926655333525782,pytorch,median_latency,True,3.0
1267,621,191,196,1008,"[621, 191, 196]",gelu,model_8,Int8WeightOnlyConfig,int8,8.0,False,True,pytorch_relative_p95_latency,2.5892484176586907,pytorch,p95_latency,True,3.0
1268,621,191,196,1008,"[621, 191, 196]",gelu,model_8,Float8WeightOnlyConfig,float8,8.0,False,True,pytorch_relative_p95_latency,2.8169626194201123,pytorch,p95_latency,True,3.0
1269,621,191,196,1008,"[621, 191, 196]",gelu,model_8,Int8WeightOnlyConfig,int8,8.0,False,True,pytorch_relative_p99_latency,2.578444419052307,pytorch,p99_latency,True,3.0
1270,621,191,196,1008,"[621, 191, 196]",gelu,model_8,Float8WeightOnlyConfig,float8,8.0,False,True,pytorch_relative_p99_latency,2.80921949452067,pytorch,p99_latency,True,3.0
1271,621,191,196,1008,"[621, 191, 196]",gelu,model_8,Int8WeightOnlyConfig,int8,8.0,False,True,onnx_quantized_model_size,47766.0,onnx,model_size,False,3.0
1272,621,191,196,1008,"[621, 191, 196]",gelu,model_8,Float8WeightOnlyConfig,float8,8.0,False,True,onnx_quantized_model_size,,onnx,model_size,False,3.0
1273,621,191,196,1008,"[621, 191, 196]",gelu,model_8,Int8WeightOnlyConfig,int8,8.0,False,True,onnx_quantized_median_latency,0.0007256288081407547,onnx,median_latency,False,3.0
1274,621,191,196,1008,"[621, 191, 196]",gelu,model_8,Float8WeightOnlyConfig,float8,8.0,False,True,onnx_quantized_median_latency,,onnx,median_latency,False,3.0
1275,621,191,196,1008,"[621, 191, 196]",gelu,model_8,Int8WeightOnlyConfig,int8,8.0,False,True,onnx_quantized_p95_latency,0.0007548971101641655,onnx,p95_latency,False,3.0
1276,621,191,196,1008,"[621, 191, 196]",gelu,model_8,Float8WeightOnlyConfig,float8,8.0,False,True,onnx_quantized_p95_latency,,onnx,p95_latency,False,3.0
1277,621,191,196,1008,"[621, 191, 196]",gelu,model_8,Int8WeightOnlyConfig,int8,8.0,False,True,onnx_quantized_p99_latency,0.0007645802944898605,onnx,p99_latency,False,3.0
1278,621,191,196,1008,"[621, 191, 196]",gelu,model_8,Float8WeightOnlyConfig,float8,8.0,False,True,onnx_quantized_p99_latency,,onnx,p99_latency,False,3.0
1279,621,191,196,1008,"[621, 191, 196]",gelu,model_8,Int8WeightOnlyConfig,int8,8.0,False,True,onnx_relative_model_size,1.676529430346425,onnx,model_size,True,3.0
1280,621,191,196,1008,"[621, 191, 196]",gelu,model_8,Float8WeightOnlyConfig,float8,8.0,False,True,onnx_relative_model_size,,onnx,model_size,True,3.0
1281,621,191,196,1008,"[621, 191, 196]",gelu,model_8,Int8WeightOnlyConfig,int8,8.0,False,True,onnx_relative_median_latency,1.169806618221128,onnx,median_latency,True,3.0
1282,621,191,196,1008,"[621, 191, 196]",gelu,model_8,Float8WeightOnlyConfig,float8,8.0,False,True,onnx_relative_median_latency,,onnx,median_latency,True,3.0
1283,621,191,196,1008,"[621, 191, 196]",gelu,model_8,Int8WeightOnlyConfig,int8,8.0,False,True,onnx_relative_p95_latency,1.1402709928893837,onnx,p95_latency,True,3.0
1284,621,191,196,1008,"[621, 191, 196]",gelu,model_8,Float8WeightOnlyConfig,float8,8.0,False,True,onnx_relative_p95_latency,,onnx,p95_latency,True,3.0
1285,621,191,196,1008,"[621, 191, 196]",gelu,model_8,Int8WeightOnlyConfig,int8,8.0,False,True,onnx_relative_p99_latency,1.1326106141556807,onnx,p99_latency,True,3.0
1286,621,191,196,1008,"[621, 191, 196]",gelu,model_8,Float8WeightOnlyConfig,float8,8.0,False,True,onnx_relative_p99_latency,,onnx,p99_latency,True,3.0
1287,621,191,196,1008,"[621, 191, 196]",gelu,model_8,Int8WeightOnlyConfig,int8,8.0,False,True,pt2_quantized_model_size,355937.0,pt2,model_size,False,3.0
1288,621,191,196,1008,"[621, 191, 196]",gelu,model_8,Float8WeightOnlyConfig,float8,8.0,False,True,pt2_quantized_model_size,335137.0,pt2,model_size,False,3.0
1289,621,191,196,1008,"[621, 191, 196]",gelu,model_8,Int8WeightOnlyConfig,int8,8.0,False,True,pt2_quantized_median_latency,0.0008905176073312759,pt2,median_latency,False,3.0
1290,621,191,196,1008,"[621, 191, 196]",gelu,model_8,Float8WeightOnlyConfig,float8,8.0,False,True,pt2_quantized_median_latency,0.0007213763892650604,pt2,median_latency,False,3.0
1291,621,191,196,1008,"[621, 191, 196]",gelu,model_8,Int8WeightOnlyConfig,int8,8.0,False,True,pt2_quantized_p95_latency,0.000903146155178547,pt2,p95_latency,False,3.0
1292,621,191,196,1008,"[621, 191, 196]",gelu,model_8,Float8WeightOnlyConfig,float8,8.0,False,True,pt2_quantized_p95_latency,0.0007317343726754189,pt2,p95_latency,False,3.0
1293,621,191,196,1008,"[621, 191, 196]",gelu,model_8,Int8WeightOnlyConfig,int8,8.0,False,True,pt2_quantized_p99_latency,0.0010288017988204956,pt2,p99_latency,False,3.0
1294,621,191,196,1008,"[621, 191, 196]",gelu,model_8,Float8WeightOnlyConfig,float8,8.0,False,True,pt2_quantized_p99_latency,0.0008540433272719383,pt2,p99_latency,False,3.0
1295,621,191,196,1008,"[621, 191, 196]",gelu,model_8,Int8WeightOnlyConfig,int8,8.0,False,True,pt2_relative_model_size,0.39789013829129594,pt2,model_size,True,3.0
1296,621,191,196,1008,"[621, 191, 196]",gelu,model_8,Float8WeightOnlyConfig,float8,8.0,False,True,pt2_relative_model_size,0.37463850983890423,pt2,model_size,True,3.0
1297,621,191,196,1008,"[621, 191, 196]",gelu,model_8,Int8WeightOnlyConfig,int8,8.0,False,True,pt2_relative_median_latency,1.0087967691022188,pt2,median_latency,True,3.0
1298,621,191,196,1008,"[621, 191, 196]",gelu,model_8,Float8WeightOnlyConfig,float8,8.0,False,True,pt2_relative_median_latency,0.8171900979903951,pt2,median_latency,True,3.0
1299,621,191,196,1008,"[621, 191, 196]",gelu,model_8,Int8WeightOnlyConfig,int8,8.0,False,True,pt2_relative_p95_latency,0.7474812144188537,pt2,p95_latency,True,3.0
1300,621,191,196,1008,"[621, 191, 196]",gelu,model_8,Float8WeightOnlyConfig,float8,8.0,False,True,pt2_relative_p95_latency,0.6056137142180601,pt2,p95_latency,True,3.0
1301,621,191,196,1008,"[621, 191, 196]",gelu,model_8,Int8WeightOnlyConfig,int8,8.0,False,True,pt2_relative_p99_latency,0.8406887862928037,pt2,p99_latency,True,3.0
1302,621,191,196,1008,"[621, 191, 196]",gelu,model_8,Float8WeightOnlyConfig,float8,8.0,False,True,pt2_relative_p99_latency,0.6978843243362046,pt2,p99_latency,True,3.0
1303,612,276,87,975,"[612, 276, 87]",leaky_relu,model_9,Int8WeightOnlyConfig,int8,8.0,False,True,pytorch_quantized_MAE,8.822693545753285,pytorch,MAE,False,1.0
1304,612,276,87,975,"[612, 276, 87]",leaky_relu,model_9,Float8WeightOnlyConfig,float8,8.0,False,True,pytorch_quantized_MAE,8.918283600686074,pytorch,MAE,False,1.0
1305,612,276,87,975,"[612, 276, 87]",leaky_relu,model_9,Int8WeightOnlyConfig,int8,8.0,False,True,pytorch_relative_MAE,0.9977765960219155,pytorch,MAE,True,1.0
1306,612,276,87,975,"[612, 276, 87]",leaky_relu,model_9,Float8WeightOnlyConfig,float8,8.0,False,True,pytorch_relative_MAE,1.0085870723384476,pytorch,MAE,True,1.0
1307,612,276,87,975,"[612, 276, 87]",leaky_relu,model_9,Int8WeightOnlyConfig,int8,8.0,False,True,pytorch_quantized_model_size,243559.0,pytorch,model_size,False,1.0
1308,612,276,87,975,"[612, 276, 87]",leaky_relu,model_9,Float8WeightOnlyConfig,float8,8.0,False,True,pytorch_quantized_model_size,243559.0,pytorch,model_size,False,1.0
1309,612,276,87,975,"[612, 276, 87]",leaky_relu,model_9,Int8WeightOnlyConfig,int8,8.0,False,True,pytorch_quantized_median_latency,0.0004314333200454712,pytorch,median_latency,False,1.0
1310,612,276,87,975,"[612, 276, 87]",leaky_relu,model_9,Float8WeightOnlyConfig,float8,8.0,False,True,pytorch_quantized_median_latency,0.0005266182124614716,pytorch,median_latency,False,1.0
1311,612,276,87,975,"[612, 276, 87]",leaky_relu,model_9,Int8WeightOnlyConfig,int8,8.0,False,True,pytorch_quantized_p95_latency,0.0004785474389791489,pytorch,p95_latency,False,1.0
1312,612,276,87,975,"[612, 276, 87]",leaky_relu,model_9,Float8WeightOnlyConfig,float8,8.0,False,True,pytorch_quantized_p95_latency,0.0005345907062292099,pytorch,p95_latency,False,1.0
1313,612,276,87,975,"[612, 276, 87]",leaky_relu,model_9,Int8WeightOnlyConfig,int8,8.0,False,True,pytorch_quantized_p99_latency,0.0004879882186651229,pytorch,p99_latency,False,1.0
1314,612,276,87,975,"[612, 276, 87]",leaky_relu,model_9,Float8WeightOnlyConfig,float8,8.0,False,True,pytorch_quantized_p99_latency,0.0005423967540264129,pytorch,p99_latency,False,1.0
1315,612,276,87,975,"[612, 276, 87]",leaky_relu,model_9,Int8WeightOnlyConfig,int8,8.0,False,True,pytorch_relative_model_size,0.25,pytorch,model_size,True,1.0
1316,612,276,87,975,"[612, 276, 87]",leaky_relu,model_9,Float8WeightOnlyConfig,float8,8.0,False,True,pytorch_relative_model_size,0.25,pytorch,model_size,True,1.0
1317,612,276,87,975,"[612, 276, 87]",leaky_relu,model_9,Int8WeightOnlyConfig,int8,8.0,False,True,pytorch_relative_median_latency,2.402140545922177,pytorch,median_latency,True,1.0
1318,612,276,87,975,"[612, 276, 87]",leaky_relu,model_9,Float8WeightOnlyConfig,float8,8.0,False,True,pytorch_relative_median_latency,2.932112337177466,pytorch,median_latency,True,1.0
1319,612,276,87,975,"[612, 276, 87]",leaky_relu,model_9,Int8WeightOnlyConfig,int8,8.0,False,True,pytorch_relative_p95_latency,2.4977683063530596,pytorch,p95_latency,True,1.0
1320,612,276,87,975,"[612, 276, 87]",leaky_relu,model_9,Float8WeightOnlyConfig,float8,8.0,False,True,pytorch_relative_p95_latency,2.7902849626333497,pytorch,p95_latency,True,1.0
1321,612,276,87,975,"[612, 276, 87]",leaky_relu,model_9,Int8WeightOnlyConfig,int8,8.0,False,True,pytorch_relative_p99_latency,2.4426710455480616,pytorch,p99_latency,True,1.0
1322,612,276,87,975,"[612, 276, 87]",leaky_relu,model_9,Float8WeightOnlyConfig,float8,8.0,False,True,pytorch_relative_p99_latency,2.7150180999938653,pytorch,p99_latency,True,1.0
1323,612,276,87,975,"[612, 276, 87]",leaky_relu,model_9,Int8WeightOnlyConfig,int8,8.0,False,True,onnx_quantized_model_size,33095.0,onnx,model_size,False,1.0
1324,612,276,87,975,"[612, 276, 87]",leaky_relu,model_9,Float8WeightOnlyConfig,float8,8.0,False,True,onnx_quantized_model_size,,onnx,model_size,False,1.0
1325,612,276,87,975,"[612, 276, 87]",leaky_relu,model_9,Int8WeightOnlyConfig,int8,8.0,False,True,onnx_quantized_median_latency,0.00047046318650245667,onnx,median_latency,False,1.0
1326,612,276,87,975,"[612, 276, 87]",leaky_relu,model_9,Float8WeightOnlyConfig,float8,8.0,False,True,onnx_quantized_median_latency,,onnx,median_latency,False,1.0
1327,612,276,87,975,"[612, 276, 87]",leaky_relu,model_9,Int8WeightOnlyConfig,int8,8.0,False,True,onnx_quantized_p95_latency,0.0006875859573483468,onnx,p95_latency,False,1.0
1328,612,276,87,975,"[612, 276, 87]",leaky_relu,model_9,Float8WeightOnlyConfig,float8,8.0,False,True,onnx_quantized_p95_latency,,onnx,p95_latency,False,1.0
1329,612,276,87,975,"[612, 276, 87]",leaky_relu,model_9,Int8WeightOnlyConfig,int8,8.0,False,True,onnx_quantized_p99_latency,0.0007057542726397513,onnx,p99_latency,False,1.0
1330,612,276,87,975,"[612, 276, 87]",leaky_relu,model_9,Float8WeightOnlyConfig,float8,8.0,False,True,onnx_quantized_p99_latency,,onnx,p99_latency,False,1.0
1331,612,276,87,975,"[612, 276, 87]",leaky_relu,model_9,Int8WeightOnlyConfig,int8,8.0,False,True,onnx_relative_model_size,2.3909117179598325,onnx,model_size,True,1.0
1332,612,276,87,975,"[612, 276, 87]",leaky_relu,model_9,Float8WeightOnlyConfig,float8,8.0,False,True,onnx_relative_model_size,,onnx,model_size,True,1.0
1333,612,276,87,975,"[612, 276, 87]",leaky_relu,model_9,Int8WeightOnlyConfig,int8,8.0,False,True,onnx_relative_median_latency,1.2808994462137655,onnx,median_latency,True,1.0
1334,612,276,87,975,"[612, 276, 87]",leaky_relu,model_9,Float8WeightOnlyConfig,float8,8.0,False,True,onnx_relative_median_latency,,onnx,median_latency,True,1.0
1335,612,276,87,975,"[612, 276, 87]",leaky_relu,model_9,Int8WeightOnlyConfig,int8,8.0,False,True,onnx_relative_p95_latency,1.3401467628918546,onnx,p95_latency,True,1.0
1336,612,276,87,975,"[612, 276, 87]",leaky_relu,model_9,Float8WeightOnlyConfig,float8,8.0,False,True,onnx_relative_p95_latency,,onnx,p95_latency,True,1.0
1337,612,276,87,975,"[612, 276, 87]",leaky_relu,model_9,Int8WeightOnlyConfig,int8,8.0,False,True,onnx_relative_p99_latency,1.157454940999264,onnx,p99_latency,True,1.0
1338,612,276,87,975,"[612, 276, 87]",leaky_relu,model_9,Float8WeightOnlyConfig,float8,8.0,False,True,onnx_relative_p99_latency,,onnx,p99_latency,True,1.0
1339,612,276,87,975,"[612, 276, 87]",leaky_relu,model_9,Int8WeightOnlyConfig,int8,8.0,False,True,pt2_quantized_model_size,391841.0,pt2,model_size,False,1.0
1340,612,276,87,975,"[612, 276, 87]",leaky_relu,model_9,Float8WeightOnlyConfig,float8,8.0,False,True,pt2_quantized_model_size,371041.0,pt2,model_size,False,1.0
1341,612,276,87,975,"[612, 276, 87]",leaky_relu,model_9,Int8WeightOnlyConfig,int8,8.0,False,True,pt2_quantized_median_latency,0.0008825100958347321,pt2,median_latency,False,1.0
1342,612,276,87,975,"[612, 276, 87]",leaky_relu,model_9,Float8WeightOnlyConfig,float8,8.0,False,True,pt2_quantized_median_latency,0.0007191263139247894,pt2,median_latency,False,1.0
1343,612,276,87,975,"[612, 276, 87]",leaky_relu,model_9,Int8WeightOnlyConfig,int8,8.0,False,True,pt2_quantized_p95_latency,0.0009001698344945908,pt2,p95_latency,False,1.0
1344,612,276,87,975,"[612, 276, 87]",leaky_relu,model_9,Float8WeightOnlyConfig,float8,8.0,False,True,pt2_quantized_p95_latency,0.0007283847779035568,pt2,p95_latency,False,1.0
1345,612,276,87,975,"[612, 276, 87]",leaky_relu,model_9,Int8WeightOnlyConfig,int8,8.0,False,True,pt2_quantized_p99_latency,0.001039767898619175,pt2,p99_latency,False,1.0
1346,612,276,87,975,"[612, 276, 87]",leaky_relu,model_9,Float8WeightOnlyConfig,float8,8.0,False,True,pt2_quantized_p99_latency,0.0008544257655739784,pt2,p99_latency,False,1.0
1347,612,276,87,975,"[612, 276, 87]",leaky_relu,model_9,Int8WeightOnlyConfig,int8,8.0,False,True,pt2_relative_model_size,0.37729223415860985,pt2,model_size,True,1.0
1348,612,276,87,975,"[612, 276, 87]",leaky_relu,model_9,Float8WeightOnlyConfig,float8,8.0,False,True,pt2_relative_model_size,0.357264522738674,pt2,model_size,True,1.0
1349,612,276,87,975,"[612, 276, 87]",leaky_relu,model_9,Int8WeightOnlyConfig,int8,8.0,False,True,pt2_relative_median_latency,1.1896450855586105,pt2,median_latency,True,1.0
1350,612,276,87,975,"[612, 276, 87]",leaky_relu,model_9,Float8WeightOnlyConfig,float8,8.0,False,True,pt2_relative_median_latency,0.96939977150892,pt2,median_latency,True,1.0
1351,612,276,87,975,"[612, 276, 87]",leaky_relu,model_9,Int8WeightOnlyConfig,int8,8.0,False,True,pt2_relative_p95_latency,1.1698285300427653,pt2,p95_latency,True,1.0
1352,612,276,87,975,"[612, 276, 87]",leaky_relu,model_9,Float8WeightOnlyConfig,float8,8.0,False,True,pt2_relative_p95_latency,0.9465828129186928,pt2,p95_latency,True,1.0
1353,612,276,87,975,"[612, 276, 87]",leaky_relu,model_9,Int8WeightOnlyConfig,int8,8.0,False,True,pt2_relative_p99_latency,1.139440193943258,pt2,p99_latency,True,1.0
1354,612,276,87,975,"[612, 276, 87]",leaky_relu,model_9,Float8WeightOnlyConfig,float8,8.0,False,True,pt2_relative_p99_latency,0.9363311382556049,pt2,p99_latency,True,1.0
1355,612,276,87,975,"[612, 276, 87]",leaky_relu,model_9,Int8WeightOnlyConfig,int8,8.0,False,True,pytorch_quantized_MAE,8.693255319532536,pytorch,MAE,False,2.0
1356,612,276,87,975,"[612, 276, 87]",leaky_relu,model_9,Float8WeightOnlyConfig,float8,8.0,False,True,pytorch_quantized_MAE,8.782639698161343,pytorch,MAE,False,2.0
1357,612,276,87,975,"[612, 276, 87]",leaky_relu,model_9,Int8WeightOnlyConfig,int8,8.0,False,True,pytorch_relative_MAE,0.9977475091897825,pytorch,MAE,True,2.0
1358,612,276,87,975,"[612, 276, 87]",leaky_relu,model_9,Float8WeightOnlyConfig,float8,8.0,False,True,pytorch_relative_MAE,1.0080063866596511,pytorch,MAE,True,2.0
1359,612,276,87,975,"[612, 276, 87]",leaky_relu,model_9,Int8WeightOnlyConfig,int8,8.0,False,True,pytorch_quantized_model_size,243559.0,pytorch,model_size,False,2.0
1360,612,276,87,975,"[612, 276, 87]",leaky_relu,model_9,Float8WeightOnlyConfig,float8,8.0,False,True,pytorch_quantized_model_size,243559.0,pytorch,model_size,False,2.0
1361,612,276,87,975,"[612, 276, 87]",leaky_relu,model_9,Int8WeightOnlyConfig,int8,8.0,False,True,pytorch_quantized_median_latency,0.00047055259346961975,pytorch,median_latency,False,2.0
1362,612,276,87,975,"[612, 276, 87]",leaky_relu,model_9,Float8WeightOnlyConfig,float8,8.0,False,True,pytorch_quantized_median_latency,0.0005235448479652405,pytorch,median_latency,False,2.0
1363,612,276,87,975,"[612, 276, 87]",leaky_relu,model_9,Int8WeightOnlyConfig,int8,8.0,False,True,pytorch_quantized_p95_latency,0.0004814263433218002,pytorch,p95_latency,False,2.0
1364,612,276,87,975,"[612, 276, 87]",leaky_relu,model_9,Float8WeightOnlyConfig,float8,8.0,False,True,pytorch_quantized_p95_latency,0.0005322881042957306,pytorch,p95_latency,False,2.0
1365,612,276,87,975,"[612, 276, 87]",leaky_relu,model_9,Int8WeightOnlyConfig,int8,8.0,False,True,pytorch_quantized_p99_latency,0.0004856038093566894,pytorch,p99_latency,False,2.0
1366,612,276,87,975,"[612, 276, 87]",leaky_relu,model_9,Float8WeightOnlyConfig,float8,8.0,False,True,pytorch_quantized_p99_latency,0.000556141324341297,pytorch,p99_latency,False,2.0
1367,612,276,87,975,"[612, 276, 87]",leaky_relu,model_9,Int8WeightOnlyConfig,int8,8.0,False,True,pytorch_relative_model_size,0.25,pytorch,model_size,True,2.0
1368,612,276,87,975,"[612, 276, 87]",leaky_relu,model_9,Float8WeightOnlyConfig,float8,8.0,False,True,pytorch_relative_model_size,0.25,pytorch,model_size,True,2.0
1369,612,276,87,975,"[612, 276, 87]",leaky_relu,model_9,Int8WeightOnlyConfig,int8,8.0,False,True,pytorch_relative_median_latency,2.5593264983587956,pytorch,median_latency,True,2.0
1370,612,276,87,975,"[612, 276, 87]",leaky_relu,model_9,Float8WeightOnlyConfig,float8,8.0,False,True,pytorch_relative_median_latency,2.8475503505288327,pytorch,median_latency,True,2.0
1371,612,276,87,975,"[612, 276, 87]",leaky_relu,model_9,Int8WeightOnlyConfig,int8,8.0,False,True,pytorch_relative_p95_latency,2.4593512683371026,pytorch,p95_latency,True,2.0
1372,612,276,87,975,"[612, 276, 87]",leaky_relu,model_9,Float8WeightOnlyConfig,float8,8.0,False,True,pytorch_relative_p95_latency,2.7191769677327886,pytorch,p95_latency,True,2.0
1373,612,276,87,975,"[612, 276, 87]",leaky_relu,model_9,Int8WeightOnlyConfig,int8,8.0,False,True,pytorch_relative_p99_latency,2.4580391130464,pytorch,p99_latency,True,2.0
1374,612,276,87,975,"[612, 276, 87]",leaky_relu,model_9,Float8WeightOnlyConfig,float8,8.0,False,True,pytorch_relative_p99_latency,2.815087322777199,pytorch,p99_latency,True,2.0
1375,612,276,87,975,"[612, 276, 87]",leaky_relu,model_9,Int8WeightOnlyConfig,int8,8.0,False,True,onnx_quantized_model_size,33095.0,onnx,model_size,False,2.0
1376,612,276,87,975,"[612, 276, 87]",leaky_relu,model_9,Float8WeightOnlyConfig,float8,8.0,False,True,onnx_quantized_model_size,,onnx,model_size,False,2.0
1377,612,276,87,975,"[612, 276, 87]",leaky_relu,model_9,Int8WeightOnlyConfig,int8,8.0,False,True,onnx_quantized_median_latency,0.00046507641673088074,onnx,median_latency,False,2.0
1378,612,276,87,975,"[612, 276, 87]",leaky_relu,model_9,Float8WeightOnlyConfig,float8,8.0,False,True,onnx_quantized_median_latency,,onnx,median_latency,False,2.0
1379,612,276,87,975,"[612, 276, 87]",leaky_relu,model_9,Int8WeightOnlyConfig,int8,8.0,False,True,onnx_quantized_p95_latency,0.0004770355299115181,onnx,p95_latency,False,2.0
1380,612,276,87,975,"[612, 276, 87]",leaky_relu,model_9,Float8WeightOnlyConfig,float8,8.0,False,True,onnx_quantized_p95_latency,,onnx,p95_latency,False,2.0
1381,612,276,87,975,"[612, 276, 87]",leaky_relu,model_9,Int8WeightOnlyConfig,int8,8.0,False,True,onnx_quantized_p99_latency,0.0004852439463138579,onnx,p99_latency,False,2.0
1382,612,276,87,975,"[612, 276, 87]",leaky_relu,model_9,Float8WeightOnlyConfig,float8,8.0,False,True,onnx_quantized_p99_latency,,onnx,p99_latency,False,2.0
1383,612,276,87,975,"[612, 276, 87]",leaky_relu,model_9,Int8WeightOnlyConfig,int8,8.0,False,True,onnx_relative_model_size,2.3909117179598325,onnx,model_size,True,2.0
1384,612,276,87,975,"[612, 276, 87]",leaky_relu,model_9,Float8WeightOnlyConfig,float8,8.0,False,True,onnx_relative_model_size,,onnx,model_size,True,2.0
1385,612,276,87,975,"[612, 276, 87]",leaky_relu,model_9,Int8WeightOnlyConfig,int8,8.0,False,True,onnx_relative_median_latency,1.1966107705800317,onnx,median_latency,True,2.0
1386,612,276,87,975,"[612, 276, 87]",leaky_relu,model_9,Float8WeightOnlyConfig,float8,8.0,False,True,onnx_relative_median_latency,,onnx,median_latency,True,2.0
1387,612,276,87,975,"[612, 276, 87]",leaky_relu,model_9,Int8WeightOnlyConfig,int8,8.0,False,True,onnx_relative_p95_latency,0.9953475194284106,onnx,p95_latency,True,2.0
1388,612,276,87,975,"[612, 276, 87]",leaky_relu,model_9,Float8WeightOnlyConfig,float8,8.0,False,True,onnx_relative_p95_latency,,onnx,p95_latency,True,2.0
1389,612,276,87,975,"[612, 276, 87]",leaky_relu,model_9,Int8WeightOnlyConfig,int8,8.0,False,True,onnx_relative_p99_latency,0.795957221311323,onnx,p99_latency,True,2.0
1390,612,276,87,975,"[612, 276, 87]",leaky_relu,model_9,Float8WeightOnlyConfig,float8,8.0,False,True,onnx_relative_p99_latency,,onnx,p99_latency,True,2.0
1391,612,276,87,975,"[612, 276, 87]",leaky_relu,model_9,Int8WeightOnlyConfig,int8,8.0,False,True,pt2_quantized_model_size,391841.0,pt2,model_size,False,2.0
1392,612,276,87,975,"[612, 276, 87]",leaky_relu,model_9,Float8WeightOnlyConfig,float8,8.0,False,True,pt2_quantized_model_size,371041.0,pt2,model_size,False,2.0
1393,612,276,87,975,"[612, 276, 87]",leaky_relu,model_9,Int8WeightOnlyConfig,int8,8.0,False,True,pt2_quantized_median_latency,0.0008947532624006271,pt2,median_latency,False,2.0
1394,612,276,87,975,"[612, 276, 87]",leaky_relu,model_9,Float8WeightOnlyConfig,float8,8.0,False,True,pt2_quantized_median_latency,0.0007268059998750687,pt2,median_latency,False,2.0
1395,612,276,87,975,"[612, 276, 87]",leaky_relu,model_9,Int8WeightOnlyConfig,int8,8.0,False,True,pt2_quantized_p95_latency,0.0009448613971471786,pt2,p95_latency,False,2.0
1396,612,276,87,975,"[612, 276, 87]",leaky_relu,model_9,Float8WeightOnlyConfig,float8,8.0,False,True,pt2_quantized_p95_latency,0.000737767294049263,pt2,p95_latency,False,2.0
1397,612,276,87,975,"[612, 276, 87]",leaky_relu,model_9,Int8WeightOnlyConfig,int8,8.0,False,True,pt2_quantized_p99_latency,0.0011178500205278395,pt2,p99_latency,False,2.0
1398,612,276,87,975,"[612, 276, 87]",leaky_relu,model_9,Float8WeightOnlyConfig,float8,8.0,False,True,pt2_quantized_p99_latency,0.0008738880231976508,pt2,p99_latency,False,2.0
1399,612,276,87,975,"[612, 276, 87]",leaky_relu,model_9,Int8WeightOnlyConfig,int8,8.0,False,True,pt2_relative_model_size,0.37729223415860985,pt2,model_size,True,2.0
1400,612,276,87,975,"[612, 276, 87]",leaky_relu,model_9,Float8WeightOnlyConfig,float8,8.0,False,True,pt2_relative_model_size,0.357264522738674,pt2,model_size,True,2.0
1401,612,276,87,975,"[612, 276, 87]",leaky_relu,model_9,Int8WeightOnlyConfig,int8,8.0,False,True,pt2_relative_median_latency,1.1900700118420595,pt2,median_latency,True,2.0
1402,612,276,87,975,"[612, 276, 87]",leaky_relu,model_9,Float8WeightOnlyConfig,float8,8.0,False,True,pt2_relative_median_latency,0.9666911105275414,pt2,median_latency,True,2.0
1403,612,276,87,975,"[612, 276, 87]",leaky_relu,model_9,Int8WeightOnlyConfig,int8,8.0,False,True,pt2_relative_p95_latency,1.2406950670452166,pt2,p95_latency,True,2.0
1404,612,276,87,975,"[612, 276, 87]",leaky_relu,model_9,Float8WeightOnlyConfig,float8,8.0,False,True,pt2_relative_p95_latency,0.9687603336509656,pt2,p95_latency,True,2.0
1405,612,276,87,975,"[612, 276, 87]",leaky_relu,model_9,Int8WeightOnlyConfig,int8,8.0,False,True,pt2_relative_p99_latency,1.193499186722183,pt2,p99_latency,True,2.0
1406,612,276,87,975,"[612, 276, 87]",leaky_relu,model_9,Float8WeightOnlyConfig,float8,8.0,False,True,pt2_relative_p99_latency,0.9330273523456785,pt2,p99_latency,True,2.0
1407,612,276,87,975,"[612, 276, 87]",leaky_relu,model_9,Int8WeightOnlyConfig,int8,8.0,False,True,pytorch_quantized_MAE,8.719451014320466,pytorch,MAE,False,3.0
1408,612,276,87,975,"[612, 276, 87]",leaky_relu,model_9,Float8WeightOnlyConfig,float8,8.0,False,True,pytorch_quantized_MAE,8.812986852981409,pytorch,MAE,False,3.0
1409,612,276,87,975,"[612, 276, 87]",leaky_relu,model_9,Int8WeightOnlyConfig,int8,8.0,False,True,pytorch_relative_MAE,0.9979238996055705,pytorch,MAE,True,3.0
1410,612,276,87,975,"[612, 276, 87]",leaky_relu,model_9,Float8WeightOnlyConfig,float8,8.0,False,True,pytorch_relative_MAE,1.0086288910913996,pytorch,MAE,True,3.0
1411,612,276,87,975,"[612, 276, 87]",leaky_relu,model_9,Int8WeightOnlyConfig,int8,8.0,False,True,pytorch_quantized_model_size,243559.0,pytorch,model_size,False,3.0
1412,612,276,87,975,"[612, 276, 87]",leaky_relu,model_9,Float8WeightOnlyConfig,float8,8.0,False,True,pytorch_quantized_model_size,243559.0,pytorch,model_size,False,3.0
1413,612,276,87,975,"[612, 276, 87]",leaky_relu,model_9,Int8WeightOnlyConfig,int8,8.0,False,True,pytorch_quantized_median_latency,0.00047964975237846375,pytorch,median_latency,False,3.0
1414,612,276,87,975,"[612, 276, 87]",leaky_relu,model_9,Float8WeightOnlyConfig,float8,8.0,False,True,pytorch_quantized_median_latency,0.0005172081291675568,pytorch,median_latency,False,3.0
1415,612,276,87,975,"[612, 276, 87]",leaky_relu,model_9,Int8WeightOnlyConfig,int8,8.0,False,True,pytorch_quantized_p95_latency,0.0004900610074400902,pytorch,p95_latency,False,3.0
1416,612,276,87,975,"[612, 276, 87]",leaky_relu,model_9,Float8WeightOnlyConfig,float8,8.0,False,True,pytorch_quantized_p95_latency,0.0005259457975625992,pytorch,p95_latency,False,3.0
1417,612,276,87,975,"[612, 276, 87]",leaky_relu,model_9,Int8WeightOnlyConfig,int8,8.0,False,True,pytorch_quantized_p99_latency,0.0004939204081892967,pytorch,p99_latency,False,3.0
1418,612,276,87,975,"[612, 276, 87]",leaky_relu,model_9,Float8WeightOnlyConfig,float8,8.0,False,True,pytorch_quantized_p99_latency,0.0005359333008527755,pytorch,p99_latency,False,3.0
1419,612,276,87,975,"[612, 276, 87]",leaky_relu,model_9,Int8WeightOnlyConfig,int8,8.0,False,True,pytorch_relative_model_size,0.25,pytorch,model_size,True,3.0
1420,612,276,87,975,"[612, 276, 87]",leaky_relu,model_9,Float8WeightOnlyConfig,float8,8.0,False,True,pytorch_relative_model_size,0.25,pytorch,model_size,True,3.0
1421,612,276,87,975,"[612, 276, 87]",leaky_relu,model_9,Int8WeightOnlyConfig,int8,8.0,False,True,pytorch_relative_median_latency,2.6540035247920684,pytorch,median_latency,True,3.0
1422,612,276,87,975,"[612, 276, 87]",leaky_relu,model_9,Float8WeightOnlyConfig,float8,8.0,False,True,pytorch_relative_median_latency,2.861821967081328,pytorch,median_latency,True,3.0
1423,612,276,87,975,"[612, 276, 87]",leaky_relu,model_9,Int8WeightOnlyConfig,int8,8.0,False,True,pytorch_relative_p95_latency,2.5209480545736946,pytorch,p95_latency,True,3.0
1424,612,276,87,975,"[612, 276, 87]",leaky_relu,model_9,Float8WeightOnlyConfig,float8,8.0,False,True,pytorch_relative_p95_latency,2.7055448506352207,pytorch,p95_latency,True,3.0
1425,612,276,87,975,"[612, 276, 87]",leaky_relu,model_9,Int8WeightOnlyConfig,int8,8.0,False,True,pytorch_relative_p99_latency,2.5152286334352687,pytorch,p99_latency,True,3.0
1426,612,276,87,975,"[612, 276, 87]",leaky_relu,model_9,Float8WeightOnlyConfig,float8,8.0,False,True,pytorch_relative_p99_latency,2.7291740968106657,pytorch,p99_latency,True,3.0
1427,612,276,87,975,"[612, 276, 87]",leaky_relu,model_9,Int8WeightOnlyConfig,int8,8.0,False,True,onnx_quantized_model_size,33095.0,onnx,model_size,False,3.0
1428,612,276,87,975,"[612, 276, 87]",leaky_relu,model_9,Float8WeightOnlyConfig,float8,8.0,False,True,onnx_quantized_model_size,,onnx,model_size,False,3.0
1429,612,276,87,975,"[612, 276, 87]",leaky_relu,model_9,Int8WeightOnlyConfig,int8,8.0,False,True,onnx_quantized_median_latency,0.0004703979939222336,onnx,median_latency,False,3.0
1430,612,276,87,975,"[612, 276, 87]",leaky_relu,model_9,Float8WeightOnlyConfig,float8,8.0,False,True,onnx_quantized_median_latency,,onnx,median_latency,False,3.0
1431,612,276,87,975,"[612, 276, 87]",leaky_relu,model_9,Int8WeightOnlyConfig,int8,8.0,False,True,onnx_quantized_p95_latency,0.0004900448024272918,onnx,p95_latency,False,3.0
1432,612,276,87,975,"[612, 276, 87]",leaky_relu,model_9,Float8WeightOnlyConfig,float8,8.0,False,True,onnx_quantized_p95_latency,,onnx,p95_latency,False,3.0
1433,612,276,87,975,"[612, 276, 87]",leaky_relu,model_9,Int8WeightOnlyConfig,int8,8.0,False,True,onnx_quantized_p99_latency,0.0004973762109875679,onnx,p99_latency,False,3.0
1434,612,276,87,975,"[612, 276, 87]",leaky_relu,model_9,Float8WeightOnlyConfig,float8,8.0,False,True,onnx_quantized_p99_latency,,onnx,p99_latency,False,3.0
1435,612,276,87,975,"[612, 276, 87]",leaky_relu,model_9,Int8WeightOnlyConfig,int8,8.0,False,True,onnx_relative_model_size,2.3909117179598325,onnx,model_size,True,3.0
1436,612,276,87,975,"[612, 276, 87]",leaky_relu,model_9,Float8WeightOnlyConfig,float8,8.0,False,True,onnx_relative_model_size,,onnx,model_size,True,3.0
1437,612,276,87,975,"[612, 276, 87]",leaky_relu,model_9,Int8WeightOnlyConfig,int8,8.0,False,True,onnx_relative_median_latency,1.2440970870916732,onnx,median_latency,True,3.0
1438,612,276,87,975,"[612, 276, 87]",leaky_relu,model_9,Float8WeightOnlyConfig,float8,8.0,False,True,onnx_relative_median_latency,,onnx,median_latency,True,3.0
1439,612,276,87,975,"[612, 276, 87]",leaky_relu,model_9,Int8WeightOnlyConfig,int8,8.0,False,True,onnx_relative_p95_latency,1.2672546047361624,onnx,p95_latency,True,3.0
1440,612,276,87,975,"[612, 276, 87]",leaky_relu,model_9,Float8WeightOnlyConfig,float8,8.0,False,True,onnx_relative_p95_latency,,onnx,p95_latency,True,3.0
1441,612,276,87,975,"[612, 276, 87]",leaky_relu,model_9,Int8WeightOnlyConfig,int8,8.0,False,True,onnx_relative_p99_latency,1.2298462266304329,onnx,p99_latency,True,3.0
1442,612,276,87,975,"[612, 276, 87]",leaky_relu,model_9,Float8WeightOnlyConfig,float8,8.0,False,True,onnx_relative_p99_latency,,onnx,p99_latency,True,3.0
1443,612,276,87,975,"[612, 276, 87]",leaky_relu,model_9,Int8WeightOnlyConfig,int8,8.0,False,True,pt2_quantized_model_size,391841.0,pt2,model_size,False,3.0
1444,612,276,87,975,"[612, 276, 87]",leaky_relu,model_9,Float8WeightOnlyConfig,float8,8.0,False,True,pt2_quantized_model_size,371041.0,pt2,model_size,False,3.0
1445,612,276,87,975,"[612, 276, 87]",leaky_relu,model_9,Int8WeightOnlyConfig,int8,8.0,False,True,pt2_quantized_median_latency,0.0008842255920171738,pt2,median_latency,False,3.0
1446,612,276,87,975,"[612, 276, 87]",leaky_relu,model_9,Float8WeightOnlyConfig,float8,8.0,False,True,pt2_quantized_median_latency,0.000707799568772316,pt2,median_latency,False,3.0
1447,612,276,87,975,"[612, 276, 87]",leaky_relu,model_9,Int8WeightOnlyConfig,int8,8.0,False,True,pt2_quantized_p95_latency,0.0009039303287863731,pt2,p95_latency,False,3.0
1448,612,276,87,975,"[612, 276, 87]",leaky_relu,model_9,Float8WeightOnlyConfig,float8,8.0,False,True,pt2_quantized_p95_latency,0.0007189815863966942,pt2,p95_latency,False,3.0
1449,612,276,87,975,"[612, 276, 87]",leaky_relu,model_9,Int8WeightOnlyConfig,int8,8.0,False,True,pt2_quantized_p99_latency,0.0010665841773152347,pt2,p99_latency,False,3.0
1450,612,276,87,975,"[612, 276, 87]",leaky_relu,model_9,Float8WeightOnlyConfig,float8,8.0,False,True,pt2_quantized_p99_latency,0.0008854555711150169,pt2,p99_latency,False,3.0
1451,612,276,87,975,"[612, 276, 87]",leaky_relu,model_9,Int8WeightOnlyConfig,int8,8.0,False,True,pt2_relative_model_size,0.37729223415860985,pt2,model_size,True,3.0
1452,612,276,87,975,"[612, 276, 87]",leaky_relu,model_9,Float8WeightOnlyConfig,float8,8.0,False,True,pt2_relative_model_size,0.357264522738674,pt2,model_size,True,3.0
1453,612,276,87,975,"[612, 276, 87]",leaky_relu,model_9,Int8WeightOnlyConfig,int8,8.0,False,True,pt2_relative_median_latency,1.2030954589460132,pt2,median_latency,True,3.0
1454,612,276,87,975,"[612, 276, 87]",leaky_relu,model_9,Float8WeightOnlyConfig,float8,8.0,False,True,pt2_relative_median_latency,0.9630465966171454,pt2,median_latency,True,3.0
1455,612,276,87,975,"[612, 276, 87]",leaky_relu,model_9,Int8WeightOnlyConfig,int8,8.0,False,True,pt2_relative_p95_latency,1.1876157988902882,pt2,p95_latency,True,3.0
1456,612,276,87,975,"[612, 276, 87]",leaky_relu,model_9,Float8WeightOnlyConfig,float8,8.0,False,True,pt2_relative_p95_latency,0.9446235665776779,pt2,p95_latency,True,3.0
1457,612,276,87,975,"[612, 276, 87]",leaky_relu,model_9,Int8WeightOnlyConfig,int8,8.0,False,True,pt2_relative_p99_latency,1.1155309239948368,pt2,p99_latency,True,3.0
1458,612,276,87,975,"[612, 276, 87]",leaky_relu,model_9,Float8WeightOnlyConfig,float8,8.0,False,True,pt2_relative_p99_latency,0.9260901224773888,pt2,p99_latency,True,3.0
